observation_id,symbol,timestamp,direction,forward_return_1,mfe_1,mae_1,complete_1,forward_return_3,mfe_3,mae_3,complete_3,forward_return_5,mfe_5,mae_5,complete_5,forward_return_10,mfe_10,mae_10,complete_10,forward_return_20,mfe_20,mae_20,complete_20,path_horizon,path_complete,target_3_stop_2_target_hit,target_3_stop_2_stop_hit,target_3_stop_2_target_before_stop,target_3_stop_2_stop_before_target,target_3_stop_2_neither,target_3_stop_2_bars_to_target,target_3_stop_2_bars_to_stop,target_3_stop_2_path_status,target_5_stop_3_target_hit,target_5_stop_3_stop_hit,target_5_stop_3_target_before_stop,target_5_stop_3_stop_before_target,target_5_stop_3_neither,target_5_stop_3_bars_to_target,target_5_stop_3_bars_to_stop,target_5_stop_3_path_status,label_end_1,label_end_3,label_end_5,label_end_10,label_end_20
TSLA|2021-09-23T00:00:00|Long,TSLA,2021-09-23,Long,0.027533059916662994,0.028077050608323884,-0.012048215457243994,True,0.03173933005930629,0.06018792946853346,-0.012048215457243994,True,0.028979409442101645,0.06018792946853346,-0.012048215457243994,True,0.053035994678415355,0.0707631911213138,-0.012048215457243994,True,0.18624276939125473,0.19420413025965222,-0.012048215457243994,True,20,True,True,False,True,False,False,2,,TARGET_BEFORE_STOP,True,False,True,False,False,2,,TARGET_BEFORE_STOP,2021-09-24,2021-09-28,2021-09-30,2021-10-07,2021-10-21
TSLA|2021-09-24T00:00:00|Long,TSLA,2021-09-24,Long,0.02191406322043732,0.031779872420376165,-0.006559984602296121,True,0.00893608297735593,0.031779872420376165,-0.010601940980828006,True,0.001071833409707068,0.031779872420376165,-0.013946484466809572,True,0.014333791575810384,0.04207176673046131,-0.013946484466809572,True,0.17470518078824337,0.17511849753215847,-0.013946484466809572,True,20,True,True,False,True,False,False,1,,TARGET_BEFORE_STOP,True,False,True,False,False,13,,TARGET_BEFORE_STOP,2021-09-27,2021-09-29,2021-10-01,2021-10-08,2021-10-22
TSLA|2021-09-27T00:00:00|Long,TSLA,2021-09-27,Long,-0.01743835612317879,0.005408293287112675,-0.03181872661463836,True,-0.020066725576201705,0.005408293287112675,-0.03181872661463836,True,-0.012421674729128362,0.019725438992882927,-0.035091549258297494,True,0.0007328984763810276,0.019725438992882927,-0.035091549258297494,True,0.29506157157034174,0.3205367061240234,-0.035091549258297494,True,20,True,True,True,False,True,False,12,1,STOP_BEFORE_TARGET,True,True,False,True,False,14,1,STOP_BEFORE_TARGET,2021-09-28,2021-09-30,2021-10-04,2021-10-11,2021-10-25
TSLA|2021-09-28T00:00:00|Long,TSLA,2021-09-28,Long,0.004822778775393388,0.02049998887322757,-0.008848197739581454,True,-0.0030094092461004918,0.02049998887322757,-0.017966499349054366,True,0.0038967251848545104,0.03782337255648138,-0.017966499349054366,True,0.036215818879224315,0.044703956621365615,-0.017966499349054366,True,0.309776641525656,0.40817428034214887,-0.017966499349054366,True,20,True,True,False,True,False,False,4,,TARGET_BEFORE_STOP,True,False,True,False,False,12,,TARGET_BEFORE_STOP,2021-09-29,2021-10-01,2021-10-05,2021-10-12,2021-10-26
TSLA|2021-09-29T00:00:00|Long,TSLA,2021-09-29,Long,-0.0074618094773734045,0.01000880127687065,-0.008076176334419927,True,0.00028157992704236356,0.03284220310103514,-0.022679897993775233,True,0.001842983392643216,0.03284220310103514,-0.022679897993775233,True,0.038102580165031874,0.043644654334567434,-0.022679897993775233,True,0.32835875462225217,0.4014155631088814,-0.022679897993775233,True,20,True,True,True,False,True,False,3,2,STOP_BEFORE_TARGET,True,False,True,False,False,12,,TARGET_BEFORE_STOP,2021-09-30,2021-10-04,2021-10-06,2021-10-13,2021-10-27
TSLA|2021-09-30T00:00:00|Long,TSLA,2021-09-30,Long,-0.0003352887910832436,0.006834460604157266,-0.015332496685481423,True,0.006589369220252772,0.040607014383180706,-0.015332496685481423,True,0.023379073493178026,0.040607014383180706,-0.015332496685481423,True,0.055243196529997096,0.05773188938775564,-0.015332496685481423,True,0.388868766314338,0.4119512745106142,-0.015332496685481423,True,20,True,True,False,True,False,False,2,,TARGET_BEFORE_STOP,True,False,True,False,False,9,,TARGET_BEFORE_STOP,2021-10-01,2021-10-05,2021-10-07,2021-10-14,2021-10-28
TSLA|2021-10-01T00:00:00|Long,TSLA,2021-10-01,Long,0.008139621398127295,0.040956035273818525,0.0011609134723831183,True,0.009713290983020872,0.040956035273818525,-0.0025799914260103973,True,0.013247758775643659,0.040956035273818525,-0.0025799914260103973,True,0.08747193671781539,0.08770411941229206,-0.0025799914260103973,True,0.43701140954736184,0.4385722063379025,-0.0025799914260103973,True,20,True,True,False,True,False,False,1,,TARGET_BEFORE_STOP,True,False,True,False,False,8,,TARGET_BEFORE_STOP,2021-10-04,2021-10-06,2021-10-08,2021-10-15,2021-10-29
TSLA|2021-10-04T00:00:00|Long,TSLA,2021-10-04,Long,-0.001202850103416031,0.020191083071161575,-0.009379021019653266,True,0.015456881549019696,0.030030837384225073,-0.010633063711225965,True,0.013320030289143192,0.030030837384225073,-0.010633063711225965,True,0.11334179592502314,0.1199313480449351,-0.010633063711225965,True,0.5464409319534529,0.5479251655734647,-0.010633063711225965,True,20,True,True,False,True,False,False,3,,TARGET_BEFORE_STOP,True,False,True,False,False,9,,TARGET_BEFORE_STOP,2021-10-05,2021-10-07,2021-10-11,2021-10-18,2021-11-01
TSLA|2021-10-05T00:00:00|Long,TSLA,2021-10-05,Long,0.0027671424905384434,0.0077762181267830854,-0.009441570401744093,True,0.006277295521388115,0.03127130217669838,-0.009441570401744093,True,0.03219364391134816,0.040648834100935005,-0.009441570401744093,True,0.10720099778046865,0.12472619445834932,-0.009441570401744093,True,0.501428433365501,0.5497893298291228,-0.009441570401744093,True,20,True,True,False,True,False,False,2,,TARGET_BEFORE_STOP,True,False,True,False,False,7,,TARGET_BEFORE_STOP,2021-10-06,2021-10-08,2021-10-12,2021-10-19,2021-11-02
TSLA|2021-10-06T00:00:00|Long,TSLA,2021-10-06,Long,0.013874260399496352,0.028425502271010927,0.0008049389237094751,True,0.011740739488804053,0.028425502271010927,-0.002350604119411237,True,0.03619289387005442,0.041724772878447336,-0.002350604119411237,True,0.10610035396493234,0.12162250516596051,-0.002350604119411237,True,0.550763376144497,0.5527180607264544,-0.002350604119411237,True,20,True,True,False,True,False,False,4,,TARGET_BEFORE_STOP,True,False,True,False,False,7,,TARGET_BEFORE_STOP,2021-10-07,2021-10-11,2021-10-13,2021-10-20,2021-11-03
TSLA|2021-10-07T00:00:00|Long,TSLA,2021-10-07,Long,-0.010231834522373306,0.0034902884497582942,-0.016002836991358627,True,0.015259326528338057,0.023575799651559537,-0.016002836991358627,True,0.031136187813626925,0.03356802653519053,-0.016002836991358627,True,0.12649783614805976,0.13405822431012737,-0.016002836991358627,True,0.5497661720159044,0.5668778720903591,-0.016002836991358627,True,20,True,True,False,True,False,False,5,,TARGET_BEFORE_STOP,True,False,True,False,False,6,,TARGET_BEFORE_STOP,2021-10-08,2021-10-12,2021-10-14,2021-10-21,2021-11-04
TSLA|2021-10-08T00:00:00|Long,TSLA,2021-10-08,Long,0.008211528565575943,0.020051179273734565,1.2821043294808376e-05,True,0.03257838756731779,0.038090969964375,1.2821043294808376e-05,True,0.07325373019513037,0.07348287720529223,1.2821043294808376e-05,True,0.15810514304496293,0.1585126191118631,1.2821043294808376e-05,True,0.5558315058490182,0.5830756400760171,1.2821043294808376e-05,True,20,True,True,False,True,False,False,2,,TARGET_BEFORE_STOP,True,False,True,False,False,5,,TARGET_BEFORE_STOP,2021-10-11,2021-10-13,2021-10-15,2021-10-22,2021-11-05
TSLA|2021-10-11T00:00:00|Long,TSLA,2021-10-11,Long,0.01740026730336086,0.025734277893068702,0.00584640842755868,True,0.03331060911802486,0.03574757600984135,0.00584640842755868,True,0.09870698559796498,0.10520991845524974,0.00584640842755868,True,0.2941131180378671,0.3195695955779456,0.00584640842755868,True,0.46846977554124547,0.5701820453574105,0.00584640842755868,True,20,True,True,False,True,False,False,3,,TARGET_BEFORE_STOP,True,False,True,False,False,4,,TARGET_BEFORE_STOP,2021-10-12,2021-10-14,2021-10-18,2021-10-25,2021-11-08
TSLA|2021-10-12T00:00:00|Long,TSLA,2021-10-12,Long,0.006652379022320076,0.012026551338310432,7.442665060408693e-05,True,0.046306443950312026,0.046529837530598694,7.442665060408693e-05,True,0.07266790908040366,0.08964650295303356,7.442665060408693e-05,True,0.26399985182846963,0.35895848595057767,7.442665060408693e-05,True,0.2702923694729831,0.5433277303132702,7.442665060408693e-05,True,20,True,True,False,True,False,False,3,,TARGET_BEFORE_STOP,True,False,True,False,False,4,,TARGET_BEFORE_STOP,2021-10-13,2021-10-15,2021-10-19,2021-10-26,2021-11-09
TSLA|2021-10-13T00:00:00|Long,TSLA,2021-10-13,Long,0.008926471099504285,0.01130593027146154,0.002798799343865177,True,0.07277961918720033,0.07912909536754964,0.002798799343865177,True,0.0674656818324455,0.08244566412421239,0.002798799343865177,True,0.2796025941974607,0.3499779211473417,0.002798799343865177,True,0.31670127492957567,0.5331287766012924,0.002798799343865177,True,20,True,True,False,True,False,False,2,,TARGET_BEFORE_STOP,True,False,True,False,False,3,,TARGET_BEFORE_STOP,2021-10-14,2021-10-18,2021-10-20,2021-10-27,2021-11-10
TSLA|2021-10-14T00:00:00|Long,TSLA,2021-10-14,Long,0.030195999501915205,0.030415953392151085,0.004924684812004809,True,0.05615156545972089,0.07286873239096248,0.004924684812004809,True,0.09248210804882429,0.09981420273371588,0.004924684812004809,True,0.3161598870112752,0.33803399932223765,0.004924684812004809,True,0.2996259776956014,0.5195644286451568,0.004924684812004809,True,20,True,True,False,True,False,False,1,,TARGET_BEFORE_STOP,True,False,True,False,False,2,,TARGET_BEFORE_STOP,2021-10-15,2021-10-19,2021-10-21,2021-10-28,2021-11-11
TSLA|2021-10-15T00:00:00|Long,TSLA,2021-10-15,Long,0.03212224493643445,0.03823108173033063,0.010011472463047788,True,0.027009700986171392,0.04142195554018757,0.010011472463047788,True,0.07905997478751403,0.07943963903226448,0.010011472463047788,True,0.3214239016452407,0.3228591541219634,0.010011472463047788,True,0.22584006144131674,0.4750245869522345,0.010011472463047788,True,20,True,True,False,True,False,False,1,,TARGET_BEFORE_STOP,True,False,True,False,False,4,,TARGET_BEFORE_STOP,2021-10-18,2021-10-20,2021-10-22,2021-10-29,2021-11-12
TSLA|2021-10-18T00:00:00|Long,TSLA,2021-10-18,Long,-0.006711860640270406,0.009010280176962704,-0.008734604513799704,True,0.027456243853853257,0.034351923342805124,-0.01679106794016194,True,0.17785099667274196,0.20102048396440964,-0.01679106794016194,True,0.38900824312320736,0.39034137695995397,-0.01679106794016194,True,0.16466875464676578,0.4291181051359638,-0.01679106794016194,True,20,True,True,False,True,False,False,3,,TARGET_BEFORE_STOP,True,False,True,False,False,5,,TARGET_BEFORE_STOP,2021-10-19,2021-10-21,2021-10-25,2021-11-01,2021-11-15
TSLA|2021-10-19T00:00:00|Long,TSLA,2021-10-19,Long,0.0017703140411262641,0.0060397454146037255,-0.007972027512747948,True,0.05254142076176249,0.05291175452718733,-0.01014731466177432,True,0.1783701564374145,0.2668958159805588,-0.01014731466177432,True,0.35605769537357146,0.39973621134363246,-0.01014731466177432,True,0.22037094180770556,0.4387749621747914,-0.01014731466177432,True,20,True,True,False,True,False,False,2,,TARGET_BEFORE_STOP,True,False,True,False,False,3,,TARGET_BEFORE_STOP,2021-10-20,2021-10-22,2021-10-26,2021-11-02,2021-11-16
TSLA|2021-10-20T00:00:00|Long,TSLA,2021-10-20,Long,0.03257101073349511,0.03950101751694146,-0.011896568041455668,True,0.18371444176149665,0.20699926878361663,-0.011896568041455668,True,0.19872949170680076,0.26465697597877513,-0.011896568041455668,True,0.4020096554400543,0.4037768410077569,-0.011896568041455668,True,0.25780775723827554,0.43623237982646423,-0.011896568041455668,True,20,True,True,False,True,False,False,1,,TARGET_BEFORE_STOP,True,False,True,False,False,2,,TARGET_BEFORE_STOP,2021-10-21,2021-10-25,2021-10-27,2021-11-03,2021-11-17
TSLA|2021-10-21T00:00:00|Long,TSLA,2021-10-21,Long,0.01753910755951127,0.017897125858588492,-0.0034004569853711697,True,0.13918340286152464,0.22476513753801375,-0.0034004569853711697,True,0.20474273886456595,0.22476513753801375,-0.0034004569853711697,True,0.37573825912987635,0.39092843484558526,-0.0034004569853711697,True,0.22637581025193998,0.39092843484558526,-0.0034004569853711697,True,20,True,True,False,True,False,False,2,,TARGET_BEFORE_STOP,True,False,True,False,False,2,,TARGET_BEFORE_STOP,2021-10-22,2021-10-26,2021-10-28,2021-11-04,2021-11-18
TSLA|2021-10-22T00:00:00|Long,TSLA,2021-10-22,Long,0.12661598362581983,0.14877762783119497,0.037947466674906005,True,0.14090675736863778,0.20365411848937987,0.037947466674906005,True,0.22460653950717835,0.225936634692115,0.037947466674906005,True,0.34342854376618015,0.3669532939934066,0.037947466674906005,True,0.24995604425907825,0.3669532939934066,0.037947466674906005,True,20,True,True,False,True,False,False,1,,TARGET_BEFORE_STOP,True,False,True,False,False,1,,TARGET_BEFORE_STOP,2021-10-25,2021-10-27,2021-10-29,2021-11-05,2021-11-19
TSLA|2021-10-25T00:00:00|Long,TSLA,2021-10-25,Long,-0.006274050392506725,0.06838011885436424,-0.02285191515180529,True,0.050914294576014596,0.06838011885436424,-0.02285191515180529,True,0.1792733096520307,0.18040514537701835,-0.02285191515180529,True,0.13473061595089741,0.21332673587152784,-0.02285191515180529,True,0.12880781876049419,0.21332673587152784,-0.04513782310917325,True,20,True,True,True,,,False,1,1,AMBIGUOUS,True,True,True,False,False,1,12,TARGET_BEFORE_STOP,2021-10-26,2021-10-28,2021-11-01,2021-11-08,2021-11-22
TSLA|2021-10-26T00:00:00|Long,TSLA,2021-10-26,Long,0.019078438805710585,0.05150085342725186,0.012126514892928153,True,0.09384058983972543,0.09502865478523814,0.012126514892928153,True,0.15079093607849203,0.18785782523165517,0.012126514892928153,True,0.0049782582137261056,0.2209872715417902,-0.006784897227797515,True,0.08896049800920913,0.2209872715417902,-0.03910914546612898,True,20,True,True,True,True,False,False,1,11,TARGET_BEFORE_STOP,True,True,True,False,False,1,11,TARGET_BEFORE_STOP,2021-10-27,2021-10-29,2021-11-02,2021-11-09,2021-11-23
TSLA|2021-10-27T00:00:00|Long,TSLA,2021-10-27,Long,0.03775074872979922,0.04156631336482364,0.015743901461151122,True,0.16450196401809802,0.16561962259131136,0.015743901461151122,True,0.16957968010265168,0.1710538955782268,0.015743901461151122,True,0.028992345670713737,0.19812884371560524,-0.04870600807201775,True,0.07528952164654124,0.19812884371560524,-0.05709823901291777,True,20,True,True,True,True,False,False,1,9,TARGET_BEFORE_STOP,True,True,True,False,False,2,10,TARGET_BEFORE_STOP,2021-10-28,2021-11-01,2021-11-03,2021-11-10,2021-11-24
TSLA|2021-10-28T00:00:00|Long,TSLA,2021-10-28,Long,0.03431629436179362,0.03543970753855641,-0.0035560583260209055,True,0.0881675334101939,0.12321732749219683,-0.0035560583260209055,True,0.14193529850735476,0.15454394533765248,-0.0035560583260209055,True,-0.012562234633376357,0.15454394533765248,-0.08331167855830457,True,0.004530969473440116,0.15454394533765248,-0.09139862135374177,True,20,True,True,True,True,False,False,1,8,TARGET_BEFORE_STOP,True,True,True,False,False,2,8,TARGET_BEFORE_STOP,2021-10-29,2021-11-02,2021-11-04,2021-11-11,2021-11-26
TSLA|2021-10-29T00:00:00|Long,TSLA,2021-10-29,Long,0.0849102277797451,0.08595149628311516,0.004183072261486398,True,0.08964089057303548,0.09101434591860147,0.004183072261486398,True,0.09702871936876933,0.11623876722356319,0.004183072261486398,True,-0.07233397253138618,0.11623876722356319,-0.11372534065382622,True,0.020637333576816408,0.11623876722356319,-0.12154397682877605,True,20,True,True,True,True,False,False,1,7,TARGET_BEFORE_STOP,True,True,True,False,False,1,7,TARGET_BEFORE_STOP,2021-11-01,2021-11-03,2021-11-05,2021-11-12,2021-11-29
TSLA|2021-11-01T00:00:00|Long,TSLA,2021-11-01,Long,-0.03027499529203259,0.0,-0.05178764135454317,True,0.017640371286292478,0.028876619135512538,-0.05178764135454317,True,-0.03777130656359584,0.028876619135512538,-0.06254400226164236,True,-0.1615105522858602,0.028876619135512538,-0.19029611789265466,True,-0.05281362221390973,0.028876619135512538,-0.19029611789265466,True,20,True,False,True,False,True,False,,1,STOP_BEFORE_TARGET,False,True,False,True,False,,1,STOP_BEFORE_TARGET,2021-11-02,2021-11-04,2021-11-08,2021-11-15,2021-11-30
TSLA|2021-11-02T00:00:00|Long,TSLA,2021-11-02,Long,0.03571673801973452,0.03702222380191489,-0.016535814735381682,True,0.042738957915815945,0.06099833884902117,-0.016535814735381682,True,-0.12670648794093442,0.06099833884902117,-0.13692828850673344,True,-0.10005972019390119,0.06099833884902117,-0.1650170118577199,True,-0.06569963437492798,0.06099833884902117,-0.1650170118577199,True,20,True,True,True,True,False,False,1,4,TARGET_BEFORE_STOP,True,True,True,False,False,2,4,TARGET_BEFORE_STOP,2021-11-03,2021-11-05,2021-11-09,2021-11-16,2021-12-01
TSLA|2021-11-03T00:00:00|Long,TSLA,2021-11-03,Long,0.013222297879683653,0.02440976369429393,0.002586776208748587,True,-0.04194881083868052,0.02440976369429393,-0.06661395617693222,True,-0.12020329766638804,0.02440976369429393,-0.18663601282429165,True,-0.10285371262761922,0.02440976369429393,-0.1938114375376926,True,-0.10648675409477992,0.02440976369429393,-0.1938114375376926,True,20,True,False,True,False,True,False,,3,STOP_BEFORE_TARGET,False,True,False,True,False,,3,STOP_BEFORE_TARGET,2021-11-04,2021-11-08,2021-11-10,2021-11-17,2021-12-02
TSLA|2021-11-04T00:00:00|Long,TSLA,2021-11-04,Long,-0.006358169933862068,0.00809817136457136,-0.0178143393536514,True,-0.16782531531989564,0.00809817136457136,-0.17756582471936477,True,-0.13529447188704813,0.00809817136457136,-0.19725020967482476,True,-0.10856894317412136,0.00809817136457136,-0.20433199688817028,True,-0.17476075631665178,0.00809817136457136,-0.20433199688817028,True,20,True,False,True,False,True,False,,2,STOP_BEFORE_TARGET,False,True,False,True,False,,2,STOP_BEFORE_TARGET,2021-11-05,2021-11-09,2021-11-11,2021-11-18,2021-12-03
TSLA|2021-11-05T00:00:00|Long,TSLA,2021-11-05,Long,-0.04840070953386311,-0.020530424358365273,-0.07289974994909532,True,-0.12612819944619924,-0.020530424358365273,-0.19211353021264888,True,-0.15438309764361224,-0.020530424358365273,-0.19211353021264888,True,-0.0695775744388013,-0.020530424358365273,-0.1992406327550953,True,-0.17435705423283332,-0.016480001246583664,-0.2222340338024953,True,20,True,False,True,False,True,False,,1,STOP_BEFORE_TARGET,False,True,False,True,False,,1,STOP_BEFORE_TARGET,2021-11-08,2021-11-10,2021-11-12,2021-11-19,2021-12-06
TSLA|2021-11-08T00:00:00|Long,TSLA,2021-11-08,Long,-0.11990303254359846,0.009940321542233788,-0.13020446677582187,True,-0.0854988417154986,0.009940321542233788,-0.15102241260435223,True,-0.12859650368599462,0.009940321542233788,-0.15851201732963027,True,-0.005219562341181705,0.03354427499798063,-0.15851201732963027,True,-0.09561109918861044,0.03354427499798063,-0.18267492001121677,True,20,True,True,True,False,True,False,10,1,STOP_BEFORE_TARGET,False,True,False,True,False,,1,STOP_BEFORE_TARGET,2021-11-09,2021-11-11,2021-11-15,2021-11-22,2021-12-07
TSLA|2021-11-09T00:00:00|Long,TSLA,2021-11-09,Long,0.043429451929624774,0.05334639789848228,-0.03535903566477794,True,0.009692245943837996,0.07959944715922185,-0.03535903566477794,True,0.030512957418182385,0.07959944715922185,-0.04386901240850427,True,0.08356622554676485,0.1743527284102142,-0.04386901240850427,True,0.044416271466254376,0.1743527284102142,-0.07132383111038043,True,20,True,True,True,,,False,1,1,AMBIGUOUS,True,True,,,False,1,1,AMBIGUOUS,2021-11-10,2021-11-12,2021-11-16,2021-11-23,2021-12-08
TSLA|2021-11-10T00:00:00|Long,TSLA,2021-11-10,Long,-0.004157528824601631,0.03466453353670196,-0.01242569350584688,True,-0.05108855981322369,0.03466453353670196,-0.08366494177127859,True,0.019719993258385804,0.048401086956708195,-0.08366494177127859,True,0.044992731161328736,0.12547400903671213,-0.08366494177127859,True,-0.06006834885830625,0.12547400903671213,-0.10997704044848533,True,20,True,True,True,True,False,False,1,2,TARGET_BEFORE_STOP,True,True,False,True,False,7,2,STOP_BEFORE_TARGET,2021-11-11,2021-11-15,2021-11-17,2021-11-24,2021-12-09
TSLA|2021-11-11T00:00:00|Long,TSLA,2021-11-11,Long,-0.02829310201599211,-0.008471927319776862,-0.04166389399782122,True,-0.00825568067119098,-0.005933181335125104,-0.07983934733455778,True,0.030907086683312768,0.05277804201228187,-0.07983934733455778,True,0.017310664738926507,0.13017273475824842,-0.07983934733455778,True,-0.043704291316603805,0.13017273475824842,-0.10626129602504741,True,20,True,True,True,False,True,False,4,1,STOP_BEFORE_TARGET,True,True,False,True,False,4,1,STOP_BEFORE_TARGET,2021-11-12,2021-11-16,2021-11-18,2021-11-26,2021-12-10
TSLA|2021-11-12T00:00:00|Long,TSLA,2021-11-12,Long,-0.01938224449936754,-0.0013933748428156534,-0.05304711268954476,True,0.05379225993032066,0.0834316852092658,-0.05304711268954476,True,0.10028834921403851,0.10189469920449712,-0.05304711268954476,True,0.10022066493250792,0.16307987223617348,-0.05304711268954476,True,-0.06484295917805061,0.16307987223617348,-0.08023838687449403,True,20,True,True,True,False,True,False,3,1,STOP_BEFORE_TARGET,True,True,False,True,False,3,1,STOP_BEFORE_TARGET,2021-11-15,2021-11-17,2021-11-19,2021-11-29,2021-12-13
TSLA|2021-11-15T00:00:00|Long,TSLA,2021-11-15,Long,0.04079376842602822,0.043231133368826,-0.011061873149153412,True,0.08189343839385965,0.10484608210682866,-0.011061873149153412,True,0.14158417067029383,0.18606854272426365,-0.011061873149153412,True,0.12963422541366043,0.18606854272426365,-0.011061873149153412,True,-0.05415487200604285,0.18606854272426365,-0.08228814714641108,True,20,True,True,True,True,False,False,1,14,TARGET_BEFORE_STOP,True,True,True,False,False,2,14,TARGET_BEFORE_STOP,2021-11-16,2021-11-18,2021-11-22,2021-11-30,2021-12-14
TSLA|2021-11-16T00:00:00|Long,TSLA,2021-11-16,Long,0.032501208284666294,0.06154179206670851,0.000730092121289605,True,0.07805788030759864,0.0796317752479414,0.000730092121289605,True,0.051482388209363794,0.13958074952536625,0.000730092121289605,True,0.0381804066225111,0.13958074952536625,0.000730092121289605,True,-0.07465419795591566,0.13958074952536625,-0.11991695820585002,True,20,True,True,True,True,False,False,1,12,TARGET_BEFORE_STOP,True,True,True,False,False,1,12,TARGET_BEFORE_STOP,2021-11-17,2021-11-19,2021-11-23,2021-12-01,2021-12-15
TSLA|2021-11-17T00:00:00|Long,TSLA,2021-11-17,Long,0.006767610267700563,0.021110908689973007,-0.0128465216122583,True,0.0623134651148185,0.10370887741487045,-0.0128465216122583,True,0.02478399763663286,0.10370887741487045,-0.024802324829655942,True,-0.004049553030867958,0.10370887741487045,-0.029715021396157115,True,-0.14884160790685552,0.10370887741487045,-0.15349721935287686,True,20,True,True,True,True,False,False,2,4,TARGET_BEFORE_STOP,True,True,True,False,False,3,11,TARGET_BEFORE_STOP,2021-11-18,2021-11-22,2021-11-24,2021-12-02,2021-12-16
TSLA|2021-11-18T00:00:00|Long,TSLA,2021-11-18,Long,0.03710391800920432,0.038618022807268115,-0.0033564660466675056,True,0.01153799294937552,0.09628961654953616,-0.030719242366409216,True,-0.013188794722645003,0.09628961654953616,-0.03135771828114531,True,-0.07425342951166614,0.09628961654953616,-0.08771595220298822,True,-0.1494098774044409,0.09628961654953616,-0.17087138601630858,True,20,True,True,True,True,False,False,1,3,TARGET_BEFORE_STOP,True,True,True,False,False,2,3,TARGET_BEFORE_STOP,2021-11-19,2021-11-23,2021-11-26,2021-12-03,2021-12-17
TSLA|2021-11-19T00:00:00|Long,TSLA,2021-11-19,Long,0.017422122080461122,0.0570682431264391,-0.004071909149049757,True,-0.01852142160612713,0.0570682431264391,-0.0660123205606693,True,-6.151503974283212e-05,0.0570682431264391,-0.0660123205606693,True,-0.11261495522405607,0.0570682431264391,-0.16407220545185897,True,-0.20853775610365666,0.0570682431264391,-0.2142982691970604,True,20,True,True,True,True,False,False,1,2,TARGET_BEFORE_STOP,True,True,True,False,False,1,2,TARGET_BEFORE_STOP,2021-11-22,2021-11-24,2021-11-29,2021-12-06,2021-12-20
TSLA|2021-11-22T00:00:00|Long,TSLA,2021-11-22,Long,-0.041352932727292124,0.020425835334543452,-0.08140063730081382,True,-0.06478681524093066,0.020425835334543452,-0.0820057288222914,True,-0.010467861734292372,0.020425835334543452,-0.0820057288222914,True,-0.09086581664207438,0.020425835334543452,-0.17838645690266108,True,-0.18873339529863042,0.020425835334543452,-0.23403667506719827,True,20,True,False,True,False,True,False,,1,STOP_BEFORE_TARGET,False,True,False,True,False,,1,STOP_BEFORE_TARGET,2021-11-23,2021-11-26,2021-11-30,2021-12-07,2021-12-21
TSLA|2021-11-23T00:00:00|Long,TSLA,2021-11-23,Long,0.006284772484400847,0.021406084831343986,-0.04240642618419932,True,0.025211240456463502,0.030332854118502617,-0.04240642618419932,True,-0.012650693664499224,0.05753673670797976,-0.04240642618419932,True,-0.03613065187663578,0.05753673670797976,-0.14294470702885564,True,-0.09031313242633365,0.05753673670797976,-0.20099549554569607,True,20,True,True,True,False,True,False,3,1,STOP_BEFORE_TARGET,True,True,False,True,False,4,1,STOP_BEFORE_TARGET,2021-11-24,2021-11-29,2021-12-01,2021-12-08,2021-12-22
TSLA|2021-11-24T00:00:00|Long,TSLA,2021-11-24,Long,-0.030537595031082,-0.00646956248949937,-0.03136197982295863,True,0.025770618069556495,0.04659500942435324,-0.03136197982295863,True,-0.028136222593245996,0.05093186901461699,-0.053180981707829256,True,-0.10053761800130212,0.05093186901461699,-0.14829746369392638,True,-0.04390683738134238,0.05093186901461699,-0.20598569480321738,True,20,True,True,True,False,True,False,3,1,STOP_BEFORE_TARGET,True,True,False,True,False,4,1,STOP_BEFORE_TARGET,2021-11-26,2021-11-30,2021-12-02,2021-12-09,2021-12-23
TSLA|2021-11-26T00:00:00|Long,TSLA,2021-11-26,Long,0.050900227900227524,0.05615017518158738,0.016886635122359772,True,0.012089577347130342,0.08403571260539078,0.008170627644605633,True,-0.061880767529243985,0.08403571260539078,-0.07552321769532044,True,-0.05997671917770431,0.08403571260539078,-0.12146924734705922,True,0.011109839921499054,0.08403571260539078,-0.18097462972559564,True,20,True,True,True,True,False,False,1,4,TARGET_BEFORE_STOP,True,True,True,False,False,1,5,TARGET_BEFORE_STOP,2021-11-29,2021-12-01,2021-12-03,2021-12-10,2021-12-27
TSLA|2021-11-29T00:00:00|Long,TSLA,2021-11-29,Long,0.006833823403773698,0.027273774791019223,-0.016702038648476525,True,-0.04607784079878485,0.031530571433379784,-0.07066024755851197,True,-0.11256036433959904,0.031530571433379784,-0.16402078015692612,True,-0.15002774386234985,0.031530571433379784,-0.16402078015692612,True,-0.04267409444733827,0.031530571433379784,-0.22064402639737313,True,20,True,True,True,,,False,2,2,AMBIGUOUS,False,True,False,True,False,,2,STOP_BEFORE_TARGET,2021-11-30,2021-12-02,2021-12-06,2021-12-13,2021-12-28
TSLA|2021-11-30T00:00:00|Long,TSLA,2021-11-30,Long,-0.04346763456194869,0.024529120352864586,-0.047171459117492986,True,-0.1133774829988119,0.024529120352864586,-0.12627105034680564,True,-0.08124845247440948,0.024529120352864586,-0.16969493831970872,True,-0.16269788333688429,0.024529120352864586,-0.18760264853206599,True,-0.05116359528822845,0.024529120352864586,-0.22593385771657837,True,20,True,False,True,False,True,False,,1,STOP_BEFORE_TARGET,False,True,False,True,False,,1,STOP_BEFORE_TARGET,2021-12-01,2021-12-03,2021-12-07,2021-12-14,2021-12-29
TSLA|2021-12-01T00:00:00|Long,TSLA,2021-12-01,Long,-0.00949773919092467,0.016438356164383494,-0.035022808754280876,True,-0.0785296714469178,0.016438356164383494,-0.13196344244970037,True,-0.02378080185145548,0.016438356164383494,-0.13196344244970037,True,-0.10868496829516272,0.016438356164383494,-0.1522831328927654,True,-0.022520551289597623,0.021917808219177992,-0.19075802319670376,True,20,True,False,True,False,True,False,,1,STOP_BEFORE_TARGET,False,True,False,True,False,,1,STOP_BEFORE_TARGET,2021-12-02,2021-12-06,2021-12-08,2021-12-15,2021-12-30
TSLA|2021-12-02T00:00:00|Long,TSLA,2021-12-02,Long,-0.06419876077133224,0.005513591774401139,-0.07780750188828578,True,-0.030287613689658044,0.005513591774401139,-0.12364000376813034,True,-0.07449747288786335,0.005513591774401139,-0.12364000376813034,True,-0.14538078206261917,0.005513591774401139,-0.1500553233113222,True,-0.02564996027593791,0.03171678516356091,-0.18299835465061898,True,20,True,True,True,False,True,False,17,1,STOP_BEFORE_TARGET,False,True,False,True,False,,1,STOP_BEFORE_TARGET,2021-12-03,2021-12-07,2021-12-09,2021-12-16,2021-12-31
TSLA|2021-12-03T00:00:00|Long,TSLA,2021-12-03,Long,-0.005872086315763081,0.0065716059608995625,-0.06351908985052468,True,0.05319371083580737,0.056563221647422335,-0.06351908985052468,True,0.002029644298545019,0.056563221647422335,-0.06351908985052468,True,-0.08118468951295121,0.056563221647422335,-0.10436760943513546,True,0.18208419690860134,0.18335514878480663,-0.12694960094005336,True,20,True,True,True,False,True,False,2,1,STOP_BEFORE_TARGET,True,True,False,True,False,3,1,STOP_BEFORE_TARGET,2021-12-06,2021-12-08,2021-12-10,2021-12-17,2022-01-03
TSLA|2021-12-06T00:00:00|Long,TSLA,2021-12-06,Long,0.04235837141187604,0.04822549151262856,0.017641011588700906,True,-0.005163468552991213,0.06280409905381323,-0.0065906426593400624,True,-0.04221963727692746,0.06280409905381323,-0.057075713088009516,True,-0.10809603051606553,0.06280409905381323,-0.1145875903269008,True,0.13932463969048414,0.1972130680477775,-0.12179269182330588,True,20,True,True,True,True,False,False,1,4,TARGET_BEFORE_STOP,True,True,True,False,False,2,5,TARGET_BEFORE_STOP,2021-12-07,2021-12-09,2021-12-13,2021-12-20,2022-01-04
TSLA|2021-12-07T00:00:00|Long,TSLA,2021-12-07,Long,0.016363195584229162,0.019614873543197353,-0.017827429955740492,True,-0.033011647457349746,0.019614873543197353,-0.06581411857591213,True,-0.08865229243078487,0.019614873543197353,-0.11575947419527388,True,-0.10764921223738166,0.019614873543197353,-0.15748044793158722,True,0.03458042647425574,0.14856185826583856,-0.15748044793158722,True,20,True,True,True,False,True,False,13,2,STOP_BEFORE_TARGET,True,True,False,True,False,13,2,STOP_BEFORE_TARGET,2021-12-08,2021-12-10,2021-12-14,2021-12-21,2022-01-05
TSLA|2021-12-08T00:00:00|Long,TSLA,2021-12-08,Long,-0.06095644581905246,-0.006052641450838836,-0.06230358035110628,True,-0.0959344098190682,-0.006052641450838836,-0.10995731889994886,True,-0.08697244082551625,-0.006052641450838836,-0.13163266127630147,True,-0.056213511359387125,-0.006052641450838836,-0.17104480393535604,True,-0.003985219461567602,0.13007029697254868,-0.17104480393535604,True,20,True,True,True,False,True,False,12,1,STOP_BEFORE_TARGET,True,True,False,True,False,17,1,STOP_BEFORE_TARGET,2021-12-09,2021-12-13,2021-12-15,2021-12-22,2022-01-06
TSLA|2021-12-09T00:00:00|Long,TSLA,2021-12-09,Long,0.013179927022311633,0.017114925129328107,-0.021189468644830733,True,-0.04511858760346088,0.017114925129328107,-0.07352063853789981,True,-0.07658899581391132,0.017114925129328107,-0.08163980995192255,True,0.06296069936145665,0.06891810262388232,-0.11723456023541401,True,0.02307232839175377,0.20342692513151706,-0.11723456023541401,True,20,True,True,True,False,True,False,10,1,STOP_BEFORE_TARGET,True,True,False,True,False,10,2,STOP_BEFORE_TARGET,2021-12-10,2021-12-14,2021-12-16,2021-12-23,2022-01-07
TSLA|2021-12-10T00:00:00|Long,TSLA,2021-12-10,Long,-0.04977243020772948,-0.011828588095075254,-0.06451135508449246,True,-0.04035285920559417,-0.011828588095075254,-0.08729344980681775,True,-0.08304578041675514,-0.011828588095075254,-0.10618174256527324,True,0.07562212612119534,0.09829601716855652,-0.1287179934969771,True,0.04040191994008291,0.18777217455179196,-0.1287179934969771,True,20,True,True,True,False,True,False,9,1,STOP_BEFORE_TARGET,True,True,False,True,False,9,1,STOP_BEFORE_TARGET,2021-12-13,2021-12-15,2021-12-17,2021-12-27,2022-01-10
TSLA|2021-12-13T00:00:00|Long,TSLA,2021-12-13,Long,-0.008174578197676419,0.0,-0.037675493999776766,True,-0.04086256488628881,0.02956306188442448,-0.04610879315908056,True,-0.06878027134722664,0.02956306188442448,-0.07555798371583178,True,0.1263025335707264,0.15789367980026858,-0.08308069119327488,True,0.10139588058630289,0.24998706868866272,-0.08308069119327488,True,20,True,True,True,False,True,False,7,1,STOP_BEFORE_TARGET,True,True,False,True,False,7,1,STOP_BEFORE_TARGET,2021-12-14,2021-12-16,2021-12-20,2021-12-28,2022-01-11
TSLA|2021-12-14T00:00:00|Long,TSLA,2021-12-14,Long,0.018236618133556703,0.02111612939891505,-0.03156984321578382,True,-0.02706284024476846,0.038048671926078415,-0.05161132567647786,True,-0.020844864862025192,0.038048671926078415,-0.07552348563468025,True,0.13320674321611814,0.16743698472274415,-0.07552348563468025,True,0.15410375964051726,0.2602894029649023,-0.07552348563468025,True,20,True,True,True,False,True,False,2,1,STOP_BEFORE_TARGET,True,True,False,True,False,6,1,STOP_BEFORE_TARGET,2021-12-15,2021-12-17,2021-12-21,2021-12-29,2022-01-12
TSLA|2021-12-15T00:00:00|Long,TSLA,2021-12-15,Long,-0.050277132790258694,0.01945721990320637,-0.05547186586485908,True,-0.07792080850901373,0.01945721990320637,-0.08463199315073444,True,0.03368893869308809,0.04064598622961424,-0.09208086028186713,True,0.09667111396153216,0.14652818797920864,-0.09208086028186713,True,0.05693709990410323,0.23771761938303881,-0.09208086028186713,True,20,True,True,True,False,True,False,5,1,STOP_BEFORE_TARGET,True,True,False,True,False,6,1,STOP_BEFORE_TARGET,2021-12-16,2021-12-20,2021-12-22,2021-12-30,2022-01-13
TSLA|2021-12-16T00:00:00|Long,TSLA,2021-12-16,Long,0.006095449446181567,0.03640014388946833,-0.0192896632879771,True,0.012525337208840526,0.03640014388946833,-0.04401676418977529,True,0.1511241414091331,0.15757566000206635,-0.04401676418977529,True,0.14009844299505803,0.20722394665264376,-0.04401676418977529,True,0.13236310005552898,0.3032408317380184,-0.04401676418977529,True,20,True,True,True,True,False,False,1,2,TARGET_BEFORE_STOP,True,True,False,True,False,4,2,STOP_BEFORE_TARGET,2021-12-17,2021-12-21,2021-12-23,2021-12-31,2022-01-14
TSLA|2021-12-17T00:00:00|Long,TSLA,2021-12-17,Long,-0.03498927121736173,-0.011666624616108678,-0.042012925196180606,True,0.08181696894145785,0.08909793306617986,-0.04980860778521745,True,0.17303798068573695,0.19776537771725544,-0.04980860778521745,True,0.2865308004956926,0.2879140511465028,-0.04980860778521745,True,0.10502161218697825,0.2953451210373772,-0.04980860778521745,True,20,True,True,True,False,True,False,3,1,STOP_BEFORE_TARGET,True,True,False,True,False,3,1,STOP_BEFORE_TARGET,2021-12-20,2021-12-22,2021-12-27,2022-01-03,2022-01-18
TSLA|2021-12-20T00:00:00|Long,TSLA,2021-12-20,Long,0.04288056302579579,0.043958413977168265,-0.01535665472502079,True,0.1856345205292711,0.19227945384137635,-0.01535665472502079,True,0.20949170095460268,0.2434161822102201,-0.01535665472502079,True,0.2774072979512694,0.34231162659865544,-0.01535665472502079,True,0.10635148724610866,0.34231162659865544,-0.01535665472502079,True,20,True,True,False,True,False,False,1,,TARGET_BEFORE_STOP,True,False,True,False,False,2,,TARGET_BEFORE_STOP,2021-12-21,2021-12-23,2021-12-28,2022-01-04,2022-01-19
TSLA|2021-12-21T00:00:00|Long,TSLA,2021-12-21,Long,0.07494705523716627,0.08218178270942578,0.019733008169735333,True,0.16558878185587123,0.19015915132300942,0.019733008169735333,True,0.15733115473722714,0.19229011096207782,0.019733008169735333,True,0.15938758687964882,0.28711922936227285,0.019733008169735333,True,0.06152176563833689,0.28711922936227285,0.019733008169735333,True,20,True,True,False,True,False,False,1,,TARGET_BEFORE_STOP,True,False,True,False,False,1,,TARGET_BEFORE_STOP,2021-12-22,2021-12-27,2021-12-29,2022-01-05,2022-01-20
TSLA|2021-12-22T00:00:00|Long,TSLA,2021-12-22,Long,0.05761886305530961,0.06354632779502545,-0.011210620106027913,True,0.07890012941543634,0.10916170722382423,-0.011210620106027913,True,0.06092952426101572,0.10916170722382423,-0.011210620106027913,True,0.055339096847049296,0.19737918541327137,-0.011210620106027913,True,-0.06439881261949787,0.19737918541327137,-0.06776891363359538,True,20,True,True,True,True,False,False,1,12,TARGET_BEFORE_STOP,True,True,True,False,False,1,20,TARGET_BEFORE_STOP,2021-12-23,2021-12-28,2021-12-30,2022-01-06,2022-01-21
TSLA|2021-12-23T00:00:00|Long,TSLA,2021-12-23,Long,0.025248391499066658,0.046860414681558105,0.0034864689430720297,True,0.01798500748853349,0.04873480037942479,-0.0026804273204693585,True,-0.00957820101016904,0.04873480037942479,-0.012980324741934113,True,-0.03752572507493901,0.132146208090705,-0.05342080752602962,True,-0.12839735089109472,0.132146208090705,-0.20199622720351862,True,20,True,True,True,True,False,False,1,9,TARGET_BEFORE_STOP,True,True,True,False,False,6,9,TARGET_BEFORE_STOP,2021-12-27,2021-12-29,2021-12-31,2022-01-07,2022-01-24
TSLA|2021-12-27T00:00:00|Long,TSLA,2021-12-27,Long,-0.005000275342793459,0.022908018266692753,-0.014187267580135221,True,-0.02157340078143788,0.022908018266692753,-0.03728727258484621,True,0.09675118937206939,0.09793039300706297,-0.03728727258484621,True,-0.03274403280278371,0.10426528583511141,-0.10415565086265988,True,-0.16046584653012008,0.10426528583511141,-0.2216483542786345,True,20,True,True,True,False,True,False,5,2,STOP_BEFORE_TARGET,True,True,False,True,False,5,3,STOP_BEFORE_TARGET,2021-12-28,2021-12-30,2022-01-03,2022-01-10,2022-01-25
TSLA|2021-12-28T00:00:00|Long,TSLA,2021-12-28,Long,-0.0020947102761840197,0.01426773247023827,-0.022352520124703568,True,-0.029114235475748762,0.01426773247023827,-0.032449252438915166,True,0.05615218107165498,0.10981466473827273,-0.032449252438915166,True,-0.022113643752058154,0.10981466473827273,-0.09965367131536351,True,-0.138781957600285,0.10981466473827273,-0.2177368230031218,True,20,True,True,True,False,True,False,4,1,STOP_BEFORE_TARGET,True,True,False,True,False,4,2,STOP_BEFORE_TARGET,2021-12-29,2021-12-31,2022-01-04,2022-01-11,2022-01-26
TSLA|2021-12-29T00:00:00|Long,TSLA,2021-12-29,Long,-0.014592268383646134,0.00861726364034121,-0.0304182596037067,True,0.10457657480880744,0.10576419213237664,-0.0304182596037067,True,0.0017768744356394528,0.11214428480024297,-0.0304182596037067,True,0.018440603666981303,0.11214428480024297,-0.09776374776626373,True,-0.23668968823654501,0.11214428480024297,-0.23678173068632058,True,20,True,True,True,False,True,False,3,1,STOP_BEFORE_TARGET,True,True,False,True,False,3,1,STOP_BEFORE_TARGET,2021-12-30,2022-01-03,2022-01-05,2022-01-12,2022-01-27
TSLA|2021-12-30T00:00:00|Long,TSLA,2021-12-30,Long,-0.012668840823859995,0.01089370964779901,-0.014714950439942198,True,0.07404186497147758,0.12861331316733682,-0.014714950439942198,True,-0.005269367367130573,0.12861331316733682,-0.04656466826054684,True,-0.03623147683164274,0.12861331316733682,-0.08440311224896968,True,-0.20926994319631553,0.12861331316733682,-0.26003888301113154,True,20,True,True,True,True,False,False,2,5,TARGET_BEFORE_STOP,True,True,True,False,False,2,5,TARGET_BEFORE_STOP,2021-12-31,2022-01-04,2022-01-06,2022-01-13,2022-01-28
TSLA|2021-12-31T00:00:00|Long,TSLA,2021-12-31,Long,0.1353166841897706,0.1365373526274607,0.0750013688120168,True,0.029656092045157623,0.1430950017915844,0.02292812108199227,True,-0.028217799823544554,0.1430950017915844,-0.044266600917485244,True,-0.006784802651960686,0.1430950017915844,-0.07265472254007155,True,-0.11360931817914044,0.1430950017915844,-0.25054414609347986,True,20,True,True,True,True,False,False,1,4,TARGET_BEFORE_STOP,True,True,True,False,False,1,4,TARGET_BEFORE_STOP,2022-01-03,2022-01-05,2022-01-07,2022-01-14,2022-01-31
TSLA|2022-01-03T00:00:00|Long,TSLA,2022-01-03,Long,-0.041832696836128,0.006851231652043044,-0.06395337524114264,True,-0.11258732203177202,0.006851231652043044,-0.14942741959299333,True,-0.11807164964096739,0.006851231652043044,-0.18318360826192115,True,-0.14108421519234526,0.006851231652043044,-0.18318360826192115,True,-0.2238160575856306,0.006851231652043044,-0.3398706595760316,True,20,True,False,True,False,True,False,,1,STOP_BEFORE_TARGET,False,True,False,True,False,,1,STOP_BEFORE_TARGET,2022-01-04,2022-01-06,2022-01-10,2022-01-18,2022-02-01
TSLA|2022-01-04T00:00:00|Long,TSLA,2022-01-04,Long,-0.05347121367683638,0.01804996707704354,-0.059656014834603144,True,-0.1066727681118469,0.01804996707704354,-0.12142590009324195,True,-0.07410468512624613,0.01804996707704354,-0.1475221612750215,True,-0.13390859045466807,0.01804996707704354,-0.1475221612750215,True,-0.2121886932978927,0.01804996707704354,-0.31105002409890325,True,20,True,False,True,False,True,False,,1,STOP_BEFORE_TARGET,False,True,False,True,False,,1,STOP_BEFORE_TARGET,2022-01-05,2022-01-07,2022-01-11,2022-01-19,2022-02-02
TSLA|2022-01-05T00:00:00|Long,TSLA,2022-01-05,Long,-0.02152337383085412,-0.00011030551345825312,-0.06214390502720535,True,-0.02757048867277645,-0.00011030551345825312,-0.09936406473545356,True,0.016634172395654012,0.024556144412550385,-0.09936406473545356,True,-0.08441165176238086,0.02525457772087769,-0.09936406473545356,True,-0.18102783872206474,0.02525457772087769,-0.2721299279471934,True,20,True,False,True,False,True,False,,1,STOP_BEFORE_TARGET,False,True,False,True,False,,1,STOP_BEFORE_TARGET,2022-01-06,2022-01-10,2022-01-12,2022-01-20,2022-02-03
TSLA|2022-01-06T00:00:00|Long,TSLA,2022-01-06,Long,-0.035446567451716815,0.015243741209213235,-0.05137598680168465,True,-0.00028178671523104715,0.015243741209213235,-0.0795529385401419,True,-0.0311261244489488,0.04780691771337775,-0.0795529385401419,True,-0.11345918086828999,0.04780691771337775,-0.11665256299936633,True,-0.13278852848604006,0.04780691771337775,-0.2561191012783761,True,20,True,True,True,False,True,False,4,1,STOP_BEFORE_TARGET,False,True,False,True,False,,1,STOP_BEFORE_TARGET,2022-01-07,2022-01-11,2022-01-13,2022-01-21,2022-02-04
TSLA|2022-01-07T00:00:00|Long,TSLA,2022-01-07,Long,0.03034195341380186,0.03129620718004644,-0.04572724496132796,True,0.07717919591282696,0.08557295610593152,-0.04572724496132796,True,0.02205535064100994,0.08631298418081901,-0.04572724496132796,True,-0.09441460222220599,0.08631298418081901,-0.17088301102009762,True,-0.11647975928271215,0.08631298418081901,-0.22878207300932807,True,20,True,True,True,,,False,1,1,AMBIGUOUS,True,True,False,True,False,3,1,STOP_BEFORE_TARGET,2022-01-10,2022-01-12,2022-01-14,2022-01-24,2022-02-07
TSLA|2022-01-10T00:00:00|Long,TSLA,2022-01-10,Long,0.005935024657598653,0.016756143980026117,-0.018239856882444783,True,-0.025101120554528622,0.05432277175705602,-0.02984540244544409,True,-0.02609346387607281,0.05432277175705602,-0.04228252980837022,True,-0.13204551644941653,0.05432277175705602,-0.19529920505244558,True,-0.1286432212109686,0.05432277175705602,-0.2514932305382517,True,20,True,True,True,True,False,False,2,3,TARGET_BEFORE_STOP,True,True,True,False,False,2,4,TARGET_BEFORE_STOP,2022-01-11,2022-01-13,2022-01-18,2022-01-25,2022-02-08
TSLA|2022-01-11T00:00:00|Long,TSLA,2022-01-11,Long,0.039289748931841784,0.0473882611912555,0.007694506990572725,True,-0.013895132033256985,0.04810225900616949,-0.04793307051057427,True,-0.06459035310765804,0.04810225900616949,-0.06520104874503763,True,-0.11930661789358865,0.04810225900616949,-0.20004694615195517,True,-0.12438932586598794,0.04810225900616949,-0.2559094264398182,True,20,True,True,True,True,False,False,1,2,TARGET_BEFORE_STOP,False,True,False,True,False,,2,STOP_BEFORE_TARGET,2022-01-12,2022-01-14,2022-01-19,2022-01-26,2022-02-09
TSLA|2022-01-12T00:00:00|Long,TSLA,2022-01-12,Long,-0.06749107331435766,0.008479358218807631,-0.07202906726149216,True,-0.06844026817465254,0.008479358218807631,-0.08392541111086838,True,-0.09939251197894006,0.008479358218807631,-0.10144450756409573,True,-0.2505107229473258,0.008479358218807631,-0.2506010988116071,True,-0.18230549822922892,0.008479358218807631,-0.2840393409778734,True,20,True,False,True,False,True,False,,1,STOP_BEFORE_TARGET,False,True,False,True,False,,1,STOP_BEFORE_TARGET,2022-01-13,2022-01-18,2022-01-20,2022-01-27,2022-02-10
TSLA|2022-01-13T00:00:00|Long,TSLA,2022-01-13,Long,0.017497758575059086,0.019814622486528766,-0.01762378603164927,True,-0.03481135731038232,0.038029761295122144,-0.035441494593333345,True,-0.08497809518552035,0.038029761295122144,-0.08827406818227401,True,-0.17954359600354508,0.038029761295122144,-0.23222112032018782,True,-0.1663112455719543,0.038029761295122144,-0.23222112032018782,True,20,True,True,True,True,False,False,2,3,TARGET_BEFORE_STOP,False,True,False,True,False,,3,STOP_BEFORE_TARGET,2022-01-14,2022-01-19,2022-01-21,2022-01-28,2022-02-11
TSLA|2022-01-14T00:00:00|Long,TSLA,2022-01-14,Long,-0.01819724123253097,0.02017891690377449,-0.031964213130225905,True,-0.050818872802572135,0.02017891690377449,-0.05298154134400512,True,-0.11395660009036557,0.02017891690377449,-0.1887748658035996,True,-0.10755424988704299,0.02017891690377449,-0.24542450024161455,True,-0.16563289935749714,0.02017891690377449,-0.24542450024161455,True,20,True,False,True,False,True,False,,1,STOP_BEFORE_TARGET,False,True,False,True,False,,1,STOP_BEFORE_TARGET,2022-01-18,2022-01-20,2022-01-24,2022-01-31,2022-02-14
TSLA|2022-01-18T00:00:00|Long,TSLA,2022-01-18,Long,-0.0338278969185718,0.02344473577763595,-0.034458676267779875,True,-0.08404575122577751,0.02344473577763595,-0.08734508259078311,True,-0.10879078088440064,0.02344473577763595,-0.17373919868101373,True,-0.09632125041433759,0.02344473577763595,-0.23143880680712203,True,-0.10488012660363433,0.02344473577763595,-0.23143880680712203,True,20,True,False,True,False,True,False,,1,STOP_BEFORE_TARGET,False,True,False,True,False,,1,STOP_BEFORE_TARGET,2022-01-19,2022-01-21,2022-01-25,2022-02-01,2022-02-15
TSLA|2022-01-19T00:00:00|Long,TSLA,2022-01-19,Long,0.0006227038828787723,0.046211028019559786,-0.0016571720876018547,True,-0.06593681946359742,0.046211028019559786,-0.14480991669726395,True,-0.058494441411536924,0.046211028019559786,-0.14480991669726395,True,-0.09038318817215718,0.046211028019559786,-0.20452972017956894,True,-0.07257571456695833,0.046211028019559786,-0.20452972017956894,True,20,True,True,True,True,False,False,1,2,TARGET_BEFORE_STOP,False,True,False,True,False,,2,STOP_BEFORE_TARGET,2022-01-20,2022-01-24,2022-01-26,2022-02-02,2022-02-16
TSLA|2022-01-20T00:00:00|Long,TSLA,2022-01-20,Long,-0.05256606712507206,0.0083110295283233,-0.05597879051730281,True,-0.0781615385145551,0.0083110295283233,-0.14534211548048714,True,-0.16779586332381446,0.0083110295283233,-0.16789621321595216,True,-0.10552360910408776,0.0083110295283233,-0.20502475435182654,True,-0.12036896045506651,0.0083110295283233,-0.20502475435182654,True,20,True,False,True,False,True,False,,1,STOP_BEFORE_TARGET,False,True,False,True,False,,1,STOP_BEFORE_TARGET,2022-01-21,2022-01-25,2022-01-27,2022-02-03,2022-02-17
TSLA|2022-01-21T00:00:00|Long,TSLA,2022-01-21,Long,-0.014726129872195681,-0.011007472910759097,-0.0979235017199479,True,-0.006875718059477731,0.04639266802167441,-0.0979235017199479,True,-0.10334780000397681,0.04639266802167441,-0.16091748663057515,True,-0.021803110697916184,0.04639266802167441,-0.16091748663057515,True,-0.09208600855197013,0.04639266802167441,-0.16091748663057515,True,20,True,True,True,False,True,False,3,1,STOP_BEFORE_TARGET,False,True,False,True,False,,1,STOP_BEFORE_TARGET,2022-01-24,2022-01-26,2022-01-28,2022-02-04,2022-02-18
TSLA|2022-01-24T00:00:00|Long,TSLA,2022-01-24,Long,-0.012473124842489969,0.022860225554435454,-0.028806427986391103,True,-0.1084946170929939,0.0620322935042843,-0.1086021177230343,True,0.007225774949596753,0.0620322935042843,-0.14837636639994956,True,-0.0243656281502016,0.0620322935042843,-0.14837636639994956,True,-0.11663444272933465,0.0620322935042843,-0.14837636639994956,True,20,True,True,True,False,True,False,2,1,STOP_BEFORE_TARGET,True,True,True,False,False,2,3,TARGET_BEFORE_STOP,2022-01-25,2022-01-27,2022-01-31,2022-02-07,2022-02-22
TSLA|2022-01-25T00:00:00|Long,TSLA,2022-01-25,Long,0.02069905258271132,0.07544647160604168,-0.013501735604194764,True,-0.07845164228201174,0.07544647160604168,-0.13761979038371297,True,0.01399169824840607,0.07544647160604168,-0.13761979038371297,True,0.003919900528112974,0.07544647160604168,-0.13761979038371297,True,-0.16807493128809736,0.07544647160604168,-0.17186409203841113,True,20,True,True,True,True,False,False,1,2,TARGET_BEFORE_STOP,True,True,True,False,False,1,2,TARGET_BEFORE_STOP,2022-01-26,2022-01-28,2022-02-01,2022-02-08,2022-02-23
TSLA|2022-01-26T00:00:00|Long,TSLA,2022-01-26,Long,-0.11554175561970448,-0.0021548943614411176,-0.11564840648277075,True,-0.000736105819533317,0.0006187117376599272,-0.15510824916102783,True,-0.03386995060170328,0.006710019135625966,-0.15510824916102783,True,-0.00577125714314175,0.011051744518052908,-0.15510824916102783,True,-0.14576330911453705,0.011051744518052908,-0.25326166564622365,True,20,True,False,True,False,True,False,,1,STOP_BEFORE_TARGET,False,True,False,True,False,,1,STOP_BEFORE_TARGET,2022-01-27,2022-01-31,2022-02-02,2022-02-09,2022-02-24
TSLA|2022-01-27T00:00:00|Long,TSLA,2022-01-27,Long,0.020805692766870276,0.034254039566991246,-0.0447352871576725,True,0.12320584082368535,0.13822221176872795,-0.0447352871576725,True,0.07482809983190108,0.13822221176872795,-0.0447352871576725,True,0.09100226888676799,0.14313112116045268,-0.0447352871576725,True,-0.023193837709280185,0.14313112116045268,-0.15571103656002883,True,20,True,True,True,,,False,1,1,AMBIGUOUS,True,True,False,True,False,2,1,STOP_BEFORE_TARGET,2022-01-28,2022-02-01,2022-02-03,2022-02-10,2022-02-25
TSLA|2022-01-28T00:00:00|Long,TSLA,2022-01-28,Long,0.10677611383930952,0.10827669813905705,0.018550259459809038,True,0.07007735170236584,0.11502337793944206,0.018550259459809038,True,0.09094349995061868,0.11502337793944206,0.018550259459809038,True,0.01612803601402324,0.1198322357137549,0.005139760843295482,True,0.028451606210419866,0.1198322357137549,-0.1729190291332081,True,20,True,True,True,True,False,False,1,16,TARGET_BEFORE_STOP,True,True,True,False,False,1,16,TARGET_BEFORE_STOP,2022-01-31,2022-02-02,2022-02-04,2022-02-11,2022-02-28
TSLA|2022-01-31T00:00:00|Long,TSLA,2022-01-31,Long,-0.0058395266373975074,0.0074516101287398495,-0.03386284291226682,True,-0.04865913826738655,0.0074516101287398495,-0.05999659873253915,True,-0.031364768342409866,0.011796533834792289,-0.05999659873253915,True,-0.0650780727714857,0.011796533834792289,-0.09183099610222567,True,-0.07723760394390644,0.011796533834792289,-0.2527115822930798,True,20,True,False,True,False,True,False,,1,STOP_BEFORE_TARGET,False,True,False,True,False,,1,STOP_BEFORE_TARGET,2022-02-01,2022-02-03,2022-02-07,2022-02-14,2022-03-01
TSLA|2022-02-01T00:00:00|Long,TSLA,2022-02-01,Long,-0.02747919159891432,0.0002684891551911761,-0.04492882382972496,True,-0.008515363114623642,0.006174562387746496,-0.05447518136781604,True,-0.009932820690436883,0.017739651640482412,-0.05447518136781604,True,-0.009471149114904986,0.017739651640482412,-0.08649656848051357,True,-0.05515166392983384,0.017739651640482412,-0.24832213940338388,True,20,True,False,True,False,True,False,,1,STOP_BEFORE_TARGET,False,True,False,True,False,,1,STOP_BEFORE_TARGET,2022-02-02,2022-02-04,2022-02-08,2022-02-15,2022-03-02
TSLA|2022-02-02T00:00:00|Long,TSLA,2022-02-02,Long,-0.016032495024879134,0.03460466212747759,-0.02775877856360276,True,0.0018549927407613964,0.04649653030431389,-0.02775877856360276,True,0.029083758937072046,0.04649653030431389,-0.02775877856360276,True,0.019576895868289146,0.04649653030431389,-0.06068495025687859,True,-0.07328353528661202,0.04649653030431389,-0.22708300521359104,True,20,True,True,True,,,False,1,1,AMBIGUOUS,False,True,False,True,False,,7,STOP_BEFORE_TARGET,2022-02-03,2022-02-07,2022-02-09,2022-02-16,2022-03-03
TSLA|2022-02-03T00:00:00|Long,TSLA,2022-02-03,Long,0.03611110968421327,0.050901077450590027,-0.011187918170260325,True,0.03462985270133179,0.06354785601458857,-0.011187918170260325,True,0.015048144961409493,0.06354785601458857,-0.011187918170260325,True,-0.01659669444836842,0.06354785601458857,-0.045380010016823125,True,-0.05930606531482363,0.06354785601458857,-0.21448930896762508,True,20,True,True,True,True,False,False,1,6,TARGET_BEFORE_STOP,True,True,True,False,False,1,6,TARGET_BEFORE_STOP,2022-02-04,2022-02-08,2022-02-10,2022-02-17,2022-03-04
TSLA|2022-02-04T00:00:00|Long,TSLA,2022-02-04,Long,-0.01730718642133755,0.026480505878117233,-0.022321704349091864,True,0.009400783352339959,0.026480505878117233,-0.030888585625729492,True,-0.06857867885915458,0.026480505878117233,-0.07865094673666151,True,-0.07184943912896602,0.026480505878117233,-0.09282807527170978,True,-0.12860118529115727,0.026480505878117233,-0.24186635613647323,True,20,True,False,True,False,True,False,,1,STOP_BEFORE_TARGET,False,True,False,True,False,,2,STOP_BEFORE_TARGET,2022-02-07,2022-02-09,2022-02-11,2022-02-18,2022-03-07
TSLA|2022-02-07T00:00:00|Long,TSLA,2022-02-07,Long,0.0161571905234128,0.020885272817754652,-0.013820594815314391,True,-0.003074898199619591,0.04290569706773728,-0.013820594815314391,True,-0.034804953740308786,0.04290569706773728,-0.06242414665873974,True,-0.09457314875468337,0.04290569706773728,-0.11708950805261287,True,-0.09141006190157341,0.04290569706773728,-0.22851410594665977,True,20,True,True,True,True,False,False,2,4,TARGET_BEFORE_STOP,False,True,False,True,False,,4,STOP_BEFORE_TARGET,2022-02-08,2022-02-10,2022-02-14,2022-02-22,2022-03-08
TSLA|2022-02-08T00:00:00|Long,TSLA,2022-02-08,Long,0.010845920427172029,0.02632319762511015,-0.00216926352381297,True,-0.06724518327873763,0.02632319762511015,-0.07733187140237241,True,0.0004663032824236968,0.02632319762511015,-0.07733187140237241,True,-0.17132326167230294,0.02632319762511015,-0.17509762728485878,True,-0.0683622854778998,0.02632319762511015,-0.2407809527422079,True,20,True,False,True,False,True,False,,2,STOP_BEFORE_TARGET,False,True,False,True,False,,3,STOP_BEFORE_TARGET,2022-02-09,2022-02-11,2022-02-15,2022-02-23,2022-03-09
TSLA|2022-02-09T00:00:00|Long,TSLA,2022-02-09,Long,-0.029452771017468238,0.012671704359314973,-0.03787552462321675,True,-0.06034327364887271,0.012671704359314973,-0.08723168392694447,True,-0.009238182010181784,0.012671704359314973,-0.08723168392694447,True,-0.14080467194011748,0.012671704359314973,-0.2489270304054303,True,-0.1005364970763537,0.012671704359314973,-0.2489270304054303,True,20,True,False,True,False,True,False,,1,STOP_BEFORE_TARGET,False,True,False,True,False,,1,STOP_BEFORE_TARGET,2022-02-10,2022-02-14,2022-02-16,2022-02-24,2022-03-10
TSLA|2022-02-10T00:00:00|Long,TSLA,2022-02-10,Long,-0.04925102969626416,0.012614044921416712,-0.05953230423422928,True,0.019766706767483377,0.02039686246027106,-0.05953230423422928,True,-0.03117570291306826,0.02418882889623153,-0.05953230423422928,True,-0.10467082411530737,0.02418882889623153,-0.22613454846298087,True,-0.12072299282861365,0.02418882889623153,-0.22613454846298087,True,20,True,False,True,False,True,False,,1,STOP_BEFORE_TARGET,False,True,False,True,False,,1,STOP_BEFORE_TARGET,2022-02-11,2022-02-15,2022-02-17,2022-02-25,2022-03-11
TSLA|2022-02-11T00:00:00|Long,TSLA,2022-02-11,Long,0.01832566437213501,0.045209380578662195,-0.007965088173270574,True,0.07370932197426461,0.07724421575658802,-0.007965088173270574,True,-0.003511579771230955,0.07724421575658802,-0.026034830706745615,True,0.012127969861690513,0.07724421575658802,-0.18604650048709248,True,-0.10887206707877461,0.07724421575658802,-0.18604650048709248,True,20,True,True,True,True,False,False,1,5,TARGET_BEFORE_STOP,True,True,True,False,False,2,6,TARGET_BEFORE_STOP,2022-02-14,2022-02-16,2022-02-18,2022-02-28,2022-03-14
TSLA|2022-02-14T00:00:00|Long,TSLA,2022-02-14,Long,0.053290764282768466,0.053941635866306736,0.02011962614086782,True,0.0006736614976423638,0.05785826032458896,-0.0018955354244647449,True,-0.06192343738810857,0.05785826032458896,-0.08525173707756983,True,-0.013005932172824863,0.05785826032458896,-0.20069430832349344,True,-0.08434965373443581,0.05785826032458896,-0.20069430832349344,True,20,True,True,True,True,False,False,1,4,TARGET_BEFORE_STOP,True,True,True,False,False,1,4,TARGET_BEFORE_STOP,2022-02-15,2022-02-17,2022-02-22,2022-03-01,2022-03-15
TSLA|2022-02-15T00:00:00|Long,TSLA,2022-02-15,Long,0.0010407532409399955,0.004336405669455035,-0.02300445788974026,True,-0.07095384349695466,0.004336405669455035,-0.09195272244909503,True,-0.17170949625300047,0.004336405669455035,-0.17548210268679287,True,-0.04611729862700176,0.004336405669455035,-0.24113481406932435,True,-0.0891124367828755,0.004336405669455035,-0.24113481406932435,True,20,True,False,True,False,True,False,,1,STOP_BEFORE_TARGET,False,True,False,True,False,,2,STOP_BEFORE_TARGET,2022-02-16,2022-02-18,2022-02-23,2022-03-02,2022-03-16
TSLA|2022-02-16T00:00:00|Long,TSLA,2022-02-16,Long,-0.05094269900666093,-0.0052957198285404905,-0.053379372610087295,True,-0.11031093862796915,-0.0052957198285404905,-0.1324359270152008,True,-0.1327932582190886,-0.0052957198285404905,-0.24192378434764394,True,-0.0910774180262488,-0.0052957198285404905,-0.24192378434764394,True,-0.05608682077450644,-0.0052957198285404905,-0.24192378434764394,True,20,True,False,True,False,True,False,,1,STOP_BEFORE_TARGET,False,True,False,True,False,,1,STOP_BEFORE_TARGET,2022-02-17,2022-02-22,2022-02-24,2022-03-03,2022-03-17
TSLA|2022-02-17T00:00:00|Long,TSLA,2022-02-17,Long,-0.022103035296720752,0.012004288723484136,-0.044206070593441615,True,-0.1281565895977248,0.012004288723484136,-0.13212756601778985,True,-0.07586011356571543,0.012004288723484136,-0.20123240729626235,True,-0.04343016809618894,0.015439070237510677,-0.20123240729626235,True,0.033137419781011035,0.03594454245519696,-0.20123240729626235,True,20,True,True,True,False,True,False,20,1,STOP_BEFORE_TARGET,False,True,False,True,False,,1,STOP_BEFORE_TARGET,2022-02-18,2022-02-23,2022-02-25,2022-03-04,2022-03-18
TSLA|2022-02-18T00:00:00|Long,TSLA,2022-02-18,Long,-0.04136624223452856,-0.00029175770073142093,-0.06520576289297153,True,-0.06559078477266245,-0.00029175770073142093,-0.18317816545620869,True,0.01569466269295039,0.02319778191501798,-0.18317816545620869,True,-0.06114497857861756,0.03839065554889287,-0.18317816545620869,True,0.074890922040868,0.10020066220772006,-0.18317816545620869,True,20,True,True,True,False,True,False,6,1,STOP_BEFORE_TARGET,True,True,False,True,False,19,1,STOP_BEFORE_TARGET,2022-02-22,2022-02-24,2022-02-28,2022-03-07,2022-03-21
TSLA|2022-02-22T00:00:00|Long,TSLA,2022-02-22,Long,-0.06997917599526948,0.01676139586582326,-0.07421513249643552,True,-0.014192997936767537,0.01676139586582326,-0.14793128457340876,True,0.052146602063143366,0.0831985073938255,-0.14793128457340876,True,0.0034934758658411447,0.0831985073938255,-0.14793128457340876,True,0.2099132336850955,0.21463613489711353,-0.14793128457340876,True,20,True,True,True,False,True,False,4,1,STOP_BEFORE_TARGET,True,True,False,True,False,4,1,STOP_BEFORE_TARGET,2022-02-23,2022-02-25,2022-03-01,2022-03-08,2022-03-22
TSLA|2022-02-23T00:00:00|Long,TSLA,2022-02-23,Long,0.04807345500262783,0.050311586542644005,-0.08381759479585882,True,0.13924669942101908,0.14766251976848443,-0.08381759479585882,True,0.1516281993549944,0.16470349849748733,-0.08381759479585882,True,0.12424745553034655,0.16470349849748733,-0.08381759479585882,True,0.30766723616517644,0.36210147586309693,-0.08381759479585882,True,20,True,True,True,,,False,1,1,AMBIGUOUS,True,True,,,False,1,1,AMBIGUOUS,2022-02-24,2022-02-28,2022-03-02,2022-03-09,2022-03-23
TSLA|2022-02-24T00:00:00|Long,TSLA,2022-02-24,Long,0.011364031324829549,0.02338992406600826,-0.02294048940930271,True,0.07942348429276747,0.11128040972525843,-0.02294048940930271,True,0.04810368529558651,0.11128040972525843,-0.02294048940930271,True,0.04686731124887733,0.11128040972525843,-0.02322768855904689,True,0.2661812482736039,0.29962405722763186,-0.05585874832390947,True,20,True,True,True,False,True,False,2,1,STOP_BEFORE_TARGET,True,True,True,False,False,2,12,TARGET_BEFORE_STOP,2022-02-25,2022-03-01,2022-03-03,2022-03-10,2022-03-24
TSLA|2022-02-25T00:00:00|Long,TSLA,2022-02-25,Long,0.07477746853358713,0.08271704307286742,0.005976300992319716,True,0.08645830742691007,0.0987936838820973,0.005976300992319716,True,0.0350920309203997,0.0987936838820973,0.005976300992319716,True,-0.017928789930747868,0.0987936838820973,-0.03420303551685855,True,0.24790401020129016,0.28502103789987276,-0.06646744156076123,True,20,True,True,True,True,False,False,1,7,TARGET_BEFORE_STOP,True,True,True,False,False,1,7,TARGET_BEFORE_STOP,2022-02-28,2022-03-02,2022-03-04,2022-03-11,2022-03-25
TSLA|2022-02-28T00:00:00|Long,TSLA,2022-02-28,Long,-0.006962143345558558,0.02234529105013494,-0.01912853932882086,True,-0.0357754372191732,0.02234529105013494,-0.04346133129534557,True,-0.07565230388022315,0.02234529105013494,-0.07566376861349411,True,-0.11955013648817547,0.02234529105013494,-0.13141781832015997,True,0.2543684578051011,0.2613075665030786,-0.13141781832015997,True,20,True,True,True,False,True,False,14,2,STOP_BEFORE_TARGET,True,True,False,True,False,15,2,STOP_BEFORE_TARGET,2022-03-01,2022-03-03,2022-03-07,2022-03-14,2022-03-28
TSLA|2022-03-01T00:00:00|Long,TSLA,2022-03-01,Long,0.01795529711451649,0.02557941368837202,-0.02325386800971274,True,-0.0301722498934196,0.02557941368837202,-0.04536243972577714,True,-0.0462417747696936,0.02557941368837202,-0.0950981466917693,True,-0.07228384028555612,0.02557941368837202,-0.1253282280636252,True,0.27210579135652413,0.2896907975395142,-0.1253282280636252,True,20,True,True,True,False,True,False,13,1,STOP_BEFORE_TARGET,True,True,False,True,False,13,2,STOP_BEFORE_TARGET,2022-03-02,2022-03-04,2022-03-08,2022-03-15,2022-03-29
TSLA|2022-03-02T00:00:00|Long,TSLA,2022-03-02,Long,-0.04614210448825773,0.007444167959923975,-0.05374536521362283,True,-0.08559024300405427,0.007444167959923975,-0.08560158447654165,True,-0.02377568024123,0.007444167959923975,-0.1110593403529071,True,-0.04507382102011859,0.007444167959923975,-0.14075620568436686,True,0.24332588160439172,0.2669424690801805,-0.14075620568436686,True,20,True,True,True,False,True,False,12,1,STOP_BEFORE_TARGET,True,True,False,True,False,13,1,STOP_BEFORE_TARGET,2022-03-03,2022-03-07,2022-03-09,2022-03-16,2022-03-30
TSLA|2022-03-03T00:00:00|Long,TSLA,2022-03-03,Long,-0.0011915196265851469,0.01949268512978497,-0.016835627996729663,True,-0.017741239636380857,0.03199126022590115,-0.0680575546631309,True,-0.0011796295195360962,0.03199126022590115,-0.0680575546631309,True,0.03849678503504572,0.04254782086517439,-0.09919098184467923,True,0.2839424104301329,0.3282297866816619,-0.09919098184467923,True,20,True,True,True,,,False,2,2,AMBIGUOUS,True,True,False,True,False,11,2,STOP_BEFORE_TARGET,2022-03-04,2022-03-08,2022-03-10,2022-03-17,2022-03-31
TSLA|2022-03-04T00:00:00|Long,TSLA,2022-03-04,Long,-0.04021280504200253,0.03322236495236863,-0.04022470933324829,True,0.024669295512781186,0.03322236495236863,-0.06694580227387248,True,-0.0512232915212395,0.03322236495236863,-0.06694580227387248,True,0.08004390826837127,0.08297847988098339,-0.0981163697983981,True,0.2938124333660028,0.32981428650374456,-0.0981163697983981,True,20,True,True,True,,,False,1,1,AMBIGUOUS,True,True,False,True,False,10,1,STOP_BEFORE_TARGET,2022-03-07,2022-03-09,2022-03-11,2022-03-18,2022-04-01
TSLA|2022-03-07T00:00:00|Long,TSLA,2022-03-07,Long,0.02463394210323222,0.056439352087280126,-0.027853046354759825,True,0.04191002916538045,0.06957668835987141,-0.027853046354759825,True,-0.047490606394353985,0.06957668835987141,-0.06032958666314525,True,0.14489553500340624,0.17185362713624097,-0.06032958666314525,True,0.4236621117119068,0.4292053659930368,-0.06032958666314525,True,20,True,True,True,,,False,1,1,AMBIGUOUS,True,True,True,False,False,1,5,TARGET_BEFORE_STOP,2022-03-08,2022-03-10,2022-03-14,2022-03-21,2022-04-04
TSLA|2022-03-08T00:00:00|Long,TSLA,2022-03-08,Long,0.04193357517885765,0.0438622462226721,0.009231012523979398,True,-0.035237698405911844,0.0438622462226721,-0.03715426458741411,True,-0.02730468249390372,0.0438622462226721,-0.08292086107549368,True,0.20570114583071897,0.21040760514072399,-0.08292086107549368,True,0.3237021199945007,0.3984353188342995,-0.08292086107549368,True,20,True,True,True,True,False,False,1,3,TARGET_BEFORE_STOP,True,True,False,True,False,7,3,STOP_BEFORE_TARGET,2022-03-09,2022-03-11,2022-03-15,2022-03-22,2022-04-05
TSLA|2022-03-09T00:00:00|Long,TSLA,2022-03-09,Long,-0.024063755330148706,-0.0052620679298116535,-0.056591051841228146,True,-0.10780353908974649,-0.0052620679298116535,-0.11982955461716349,True,-0.021816851258275927,-0.0052620679298116535,-0.11982955461716349,True,0.16314893997096425,0.21156731924338357,-0.11982955461716349,True,0.21745812808301812,0.34215400304596666,-0.11982955461716349,True,20,True,True,True,False,True,False,7,1,STOP_BEFORE_TARGET,True,True,False,True,False,7,1,STOP_BEFORE_TARGET,2022-03-10,2022-03-14,2022-03-16,2022-03-23,2022-04-06
TSLA|2022-03-10T00:00:00|Long,TSLA,2022-03-10,Long,-0.0512345859010529,0.0065609337920691235,-0.05311937317335469,True,-0.04343310867254424,0.0065609337920691235,-0.0981271059559955,True,0.03972327330037961,0.0437790934957365,-0.0981271059559955,True,0.20949544862862557,0.2414410529995672,-0.0981271059559955,True,0.2611953884853673,0.3752476254225017,-0.0981271059559955,True,20,True,True,True,False,True,False,5,1,STOP_BEFORE_TARGET,True,True,False,True,False,6,1,STOP_BEFORE_TARGET,2022-03-11,2022-03-15,2022-03-17,2022-03-24,2022-04-07
TSLA|2022-03-11T00:00:00|Long,TSLA,2022-03-11,Long,-0.036436802368687404,0.006726567605308098,-0.0494247780938315,True,0.05642795501455389,0.05865337652720748,-0.0494247780938315,True,0.13835415500458548,0.1414471605414913,-0.0494247780938315,True,0.27068587023673407,0.3084805100938226,-0.0494247780938315,True,0.2893568263622146,0.44951281421718936,-0.0494247780938315,True,20,True,True,True,False,True,False,3,1,STOP_BEFORE_TARGET,True,True,False,True,False,3,1,STOP_BEFORE_TARGET,2022-03-14,2022-03-16,2022-03-18,2022-03-25,2022-04-08
TSLA|2022-03-14T00:00:00|Long,TSLA,2022-03-14,Long,0.046348355546253384,0.051150283772024796,-0.012787541077296738,True,0.13730962999492036,0.14174612140004705,-0.012787541077296738,True,0.2019782090226936,0.23028038883720137,-0.012787541077296738,True,0.42469038816343097,0.43257170995760985,-0.012787541077296738,True,0.2734449402948629,0.5043256298917045,-0.012787541077296738,True,20,True,True,False,True,False,False,1,,TARGET_BEFORE_STOP,True,False,True,False,False,1,,TARGET_BEFORE_STOP,2022-03-15,2022-03-17,2022-03-21,2022-03-28,2022-04-11
TSLA|2022-03-15T00:00:00|Long,TSLA,2022-03-15,Long,0.047812040425278646,0.050019312056923004,0.00046147995319434365,True,0.12907007450926078,0.13213785440592907,0.00046147995319434365,True,0.23954657139918045,0.24438514646508303,0.00046147995319434365,True,0.3712230600231059,0.39017821780369566,0.00046147995319434365,True,0.23077982234277683,0.4376910155378999,0.00046147995319434365,True,20,True,True,False,True,False,False,1,,TARGET_BEFORE_STOP,True,False,True,False,False,1,,TARGET_BEFORE_STOP,2022-03-16,2022-03-18,2022-03-22,2022-03-29,2022-04-12
TSLA|2022-03-16T00:00:00|Long,TSLA,2022-03-16,Long,0.037335010469022656,0.04138151437333182,-0.017269093108924882,True,0.09631893123569335,0.1221332224540923,-0.017269093108924882,True,0.1890911650514211,0.23858944084435585,-0.017269093108924882,True,0.30201256282721145,0.3267438855154403,-0.017269093108924882,True,0.21677403734677836,0.37208865719311635,-0.017269093108924882,True,20,True,True,False,True,False,False,1,,TARGET_BEFORE_STOP,True,False,True,False,False,2,,TARGET_BEFORE_STOP,2022-03-17,2022-03-21,2022-03-23,2022-03-30,2022-04-13
TSLA|2022-03-17T00:00:00|Long,TSLA,2022-03-17,Long,0.03876779427650434,0.04159021515943584,-0.004830152656520981,True,0.14040845377553146,0.14486004279743825,-0.004830152656520981,True,0.1632859239452633,0.1940110266637367,-0.004830152656520981,True,0.23634702478814518,0.27899268040279845,-0.004830152656520981,True,0.13010561967421674,0.3227054358964878,-0.004830152656520981,True,20,True,True,False,True,False,False,1,,TARGET_BEFORE_STOP,True,False,True,False,False,2,,TARGET_BEFORE_STOP,2022-03-18,2022-03-22,2022-03-24,2022-03-31,2022-04-14
TSLA|2022-03-18T00:00:00|Long,TSLA,2022-03-18,Long,0.017417963888751054,0.04137442661356405,0.0018776911103577376,True,0.10351347363956886,0.14944940846511168,0.0018776911103577376,True,0.11624828235604379,0.14944940846511168,0.0018776911103577376,True,0.19792577270341316,0.2312594666968948,0.0018776911103577376,True,0.10923472332091544,0.2733408209076642,0.0018776911103577376,True,20,True,True,False,True,False,False,1,,TARGET_BEFORE_STOP,True,False,True,False,False,2,,TARGET_BEFORE_STOP,2022-03-21,2022-03-23,2022-03-25,2022-04-01,2022-04-18
TSLA|2022-03-21T00:00:00|Long,TSLA,2022-03-21,Long,0.07905243778179138,0.08326452334656254,0.0006404596361346826,True,0.10069905910873933,0.1297710963070804,0.0006404596361346826,True,0.1852880339002323,0.19184499286589185,0.0006404596361346826,True,0.2434864738184792,0.24832818567048087,0.0006404596361346826,True,0.11614701709204289,0.2515415159771024,0.0006404596361346826,True,20,True,True,False,True,False,False,1,,TARGET_BEFORE_STOP,True,False,True,False,False,1,,TARGET_BEFORE_STOP,2022-03-22,2022-03-24,2022-03-28,2022-04-04,2022-04-19
TSLA|2022-03-22T00:00:00|Long,TSLA,2022-03-22,Long,0.005161136057840299,0.047002959957674895,-0.017686428700904977,True,0.01676093533778289,0.047002959957674895,-0.017686428700904977,True,0.10622956140751616,0.12152157077445236,-0.017686428700904977,True,0.09786917311294419,0.1598523594922756,-0.017686428700904977,True,-0.01688159579814219,0.1598523594922756,-0.021006433505217692,True,20,True,True,True,True,False,False,1,16,TARGET_BEFORE_STOP,True,False,True,False,False,4,,TARGET_BEFORE_STOP,2022-03-23,2022-03-25,2022-03-29,2022-04-05,2022-04-20
TSLA|2022-03-23T00:00:00|Long,TSLA,2022-03-23,Long,0.014823128420135223,0.02540258148441299,-0.010319211695906882,True,0.09281251826958559,0.0988579069299893,-0.010319211695906882,True,0.0949644578100175,0.11576296629709337,-0.010319211695906882,True,0.04669151666286986,0.15389694038621649,-0.010319211695906882,True,0.009678596412004525,0.15389694038621649,-0.026033208631289884,True,20,True,True,True,True,False,False,3,13,TARGET_BEFORE_STOP,True,False,True,False,False,3,,TARGET_BEFORE_STOP,2022-03-24,2022-03-28,2022-03-30,2022-04-06,2022-04-21
TSLA|2022-03-24T00:00:00|Long,TSLA,2022-03-24,Long,-0.003234937980317265,0.007771851362247784,-0.016372076560018267,True,0.08447417584749406,0.09946544875667174,-0.016372076560018267,True,0.0628057980750738,0.09946544875667174,-0.016372076560018267,True,0.04274504704863613,0.13704241465465006,-0.016372076560018267,True,-0.00874822004368514,0.13704241465465006,-0.04025956435879585,True,20,True,True,True,True,False,False,2,12,TARGET_BEFORE_STOP,True,True,True,False,False,2,12,TARGET_BEFORE_STOP,2022-03-25,2022-03-29,2022-03-31,2022-04-07,2022-04-22
TSLA|2022-03-25T00:00:00|Long,TSLA,2022-03-25,Long,0.0803450783611821,0.0863214977166169,0.042507739006950374,True,0.08247246732550129,0.10303369434808807,0.042507739006950374,True,0.07317143653289593,0.10303369434808807,0.042507739006950374,True,0.014693604897016765,0.14073261391278313,0.010785238797690111,True,-0.012487131851371958,0.14073261391278313,-0.03714478746221084,True,20,True,True,True,True,False,False,1,11,TARGET_BEFORE_STOP,True,True,True,False,False,1,11,TARGET_BEFORE_STOP,2022-03-28,2022-03-30,2022-04-01,2022-04-08,2022-04-25
TSLA|2022-03-28T00:00:00|Long,TSLA,2022-03-28,Long,0.007079858095940583,0.02100126750364173,-0.017154482834029428,True,-0.013042139548830378,0.02100126750364173,-0.017154482834029428,True,0.04910067279321373,0.05318551269163918,-0.023080288758728584,True,-0.10616022198587194,0.05589652487999963,-0.10734169369209823,True,-0.19729990531455988,0.05589652487999963,-0.19860053041287618,True,20,True,True,True,False,True,False,5,4,STOP_BEFORE_TARGET,True,True,True,False,False,5,7,TARGET_BEFORE_STOP,2022-03-29,2022-03-31,2022-04-04,2022-04-11,2022-04-26
TSLA|2022-03-29T00:00:00|Long,TSLA,2022-03-29,Long,-0.00507475414515135,0.013077843509665898,-0.014160086932506033,True,-0.0136235446477867,0.013077843509665898,-0.02994811842597278,True,-0.007557552777684551,0.048473481414230246,-0.02994811842597278,True,-0.10242187560495264,0.048473481414230246,-0.11361715842909681,True,-0.1983139050461702,0.048473481414230246,-0.20423443767179617,True,20,True,True,True,False,True,False,4,2,STOP_BEFORE_TARGET,False,True,False,True,False,,6,STOP_BEFORE_TARGET,2022-03-30,2022-04-01,2022-04-05,2022-04-12,2022-04-27
TSLA|2022-03-30T00:00:00|Long,TSLA,2022-03-30,Long,-0.014981813142339484,0.008363845611554455,-0.015859354967425632,True,0.047038869596247146,0.05111568153684143,-0.02500023432358478,True,-0.04408630874073838,0.053821365758361495,-0.06059465635107297,True,-0.06546674580108869,0.053821365758361495,-0.1105037388001695,True,-0.19788116245921927,0.053821365758361495,-0.2488962522285847,True,20,True,True,True,False,True,False,3,2,STOP_BEFORE_TARGET,True,True,True,False,False,3,5,TARGET_BEFORE_STOP,2022-03-31,2022-04-04,2022-04-06,2022-04-13,2022-04-28
TSLA|2022-03-31T00:00:00|Long,TSLA,2022-03-31,Long,0.006486599368272561,0.0159149334433053,-0.010170798179072627,True,0.01267626407083755,0.06984965335532767,-0.010170798179072627,True,-0.018875274356586313,0.06984965335532767,-0.05202303839182565,True,-0.08593170281793117,0.06984965335532767,-0.09697478374745316,True,-0.19194510982164714,0.06984965335532767,-0.23747220326201635,True,20,True,True,True,True,False,False,2,4,TARGET_BEFORE_STOP,True,True,True,False,False,2,4,TARGET_BEFORE_STOP,2022-04-01,2022-04-05,2022-04-07,2022-04-14,2022-04-29
TSLA|2022-04-01T00:00:00|Long,TSLA,2022-04-01,Long,0.05611341298759176,0.06022555810246222,-0.011119378826778825,True,-0.035801534868821205,0.06295469212091387,-0.0524529580812747,True,-0.054490670963815435,0.06295469212091387,-0.05813255516449212,True,-0.07403718277330695,0.06295469212091387,-0.10279459575583405,True,-0.16748261001138298,0.06295469212091387,-0.2423865382643059,True,20,True,True,True,True,False,False,1,3,TARGET_BEFORE_STOP,True,True,True,False,False,1,3,TARGET_BEFORE_STOP,2022-04-04,2022-04-06,2022-04-08,2022-04-18,2022-05-02
TSLA|2022-04-04T00:00:00|Long,TSLA,2022-04-04,Long,-0.047308971544201106,0.006477788321965328,-0.05076614717382244,True,-0.07699157462304884,0.006477788321965328,-0.10817585189918066,True,-0.1479942762458688,0.006477788321965328,-0.14912045196652746,True,-0.1024051804402859,0.006477788321965328,-0.15046490915582456,True,-0.20620717045432835,0.006477788321965328,-0.2826400532187965,True,20,True,False,True,False,True,False,,1,STOP_BEFORE_TARGET,False,True,False,True,False,,1,STOP_BEFORE_TARGET,2022-04-05,2022-04-07,2022-04-11,2022-04-19,2022-05-03
TSLA|2022-04-05T00:00:00|Long,TSLA,2022-04-05,Long,-0.041694894294368345,-0.011234728661150939,-0.05824454092711684,True,-0.06026979893147921,-0.011234728661150939,-0.06388942326205971,True,-0.09558672454284667,-0.011234728661150939,-0.10686726061370688,True,-0.10452135074137947,-0.011234728661150939,-0.10827848119744266,True,-0.1270457601760615,0.0008797371762114814,-0.24701721192445736,True,20,True,False,True,False,True,False,,1,STOP_BEFORE_TARGET,False,True,False,True,False,,1,STOP_BEFORE_TARGET,2022-04-06,2022-04-08,2022-04-12,2022-04-20,2022-05-04
TSLA|2022-04-06T00:00:00|Long,TSLA,2022-04-06,Long,0.010996816105212748,0.02948096771911679,-0.023160190669493375,True,-0.0667744190232461,0.02948096771911679,-0.0680079506321215,True,-0.022366493184322045,0.02948096771911679,-0.06948057200848012,True,-0.035361823098435274,0.04442701099795432,-0.06948057200848012,True,-0.16493271868615667,0.04442701099795432,-0.2142556858015522,True,20,True,True,True,False,True,False,10,1,STOP_BEFORE_TARGET,False,True,False,True,False,,3,STOP_BEFORE_TARGET,2022-04-07,2022-04-11,2022-04-13,2022-04-21,2022-05-05
TSLA|2022-04-07T00:00:00|Long,TSLA,2022-04-07,Long,-0.03004944796541842,-0.008342325433822517,-0.03293425177598497,True,-0.06650211433067899,-0.008342325433822517,-0.0781454159684637,True,-0.06834648715775649,-0.008342325433822517,-0.0796020193453485,True,-0.04938241350372907,0.033066567926028245,-0.0796020193453485,True,-0.1812326860031248,0.033066567926028245,-0.22280238505056116,True,20,True,True,True,False,True,False,9,1,STOP_BEFORE_TARGET,False,True,False,True,False,,1,STOP_BEFORE_TARGET,2022-04-08,2022-04-12,2022-04-14,2022-04-22,2022-05-06
TSLA|2022-04-08T00:00:00|Long,TSLA,2022-04-08,Long,-0.048328086073804455,-0.016596874320657373,-0.04958599992768553,True,-0.003042383840494045,0.000731357721149406,-0.051087729447638286,True,-0.02067299730338623,0.000731357721149406,-0.051087729447638286,True,-0.02678713713894676,0.06507137478199665,-0.051087729447638286,True,-0.2324547130925263,0.06507137478199665,-0.23826656078406694,True,20,True,True,True,False,True,False,8,1,STOP_BEFORE_TARGET,True,True,False,True,False,8,1,STOP_BEFORE_TARGET,2022-04-11,2022-04-13,2022-04-18,2022-04-25,2022-05-09
TSLA|2022-04-11T00:00:00|Long,TSLA,2022-04-11,Long,0.011291813566499442,0.04637628734160759,0.0006865071420945057,True,0.00929373818805268,0.051550795055572474,-0.0028997844041112053,True,0.05350796894263454,0.0604654439622363,-0.0028997844041112053,True,-0.10196422845621822,0.11915814599168195,-0.10341932715545699,True,-0.18022810649172338,0.11915814599168195,-0.2066541285458826,True,20,True,True,True,True,False,False,1,10,TARGET_BEFORE_STOP,True,True,True,False,False,2,10,TARGET_BEFORE_STOP,2022-04-12,2022-04-14,2022-04-19,2022-04-26,2022-05-10
TSLA|2022-04-12T00:00:00|Long,TSLA,2022-04-12,Long,0.03588835603591267,0.039809460483114956,-0.014033138388178434,True,0.017569275164316167,0.039809460483114956,-0.014033138388178434,True,-0.009878919782570272,0.048624570807428436,-0.014033138388178434,True,-0.1068341872812989,0.10666192584390943,-0.1134303068442799,True,-0.25629463885672576,0.10666192584390943,-0.2631845861541878,True,20,True,True,True,True,False,False,1,9,TARGET_BEFORE_STOP,True,True,True,False,False,6,9,TARGET_BEFORE_STOP,2022-04-13,2022-04-18,2022-04-20,2022-04-27,2022-05-11
TSLA|2022-04-13T00:00:00|Long,TSLA,2022-04-13,Long,-0.03655231880843268,-0.009448637401230253,-0.039300861905074425,True,0.005653529186468775,0.0122949685623015,-0.047888749420502696,True,-0.013292639648206594,0.06832161921273983,-0.047888749420502696,True,-0.14169042788278008,0.06832161921273983,-0.1962792716078713,True,-0.2879290305808888,0.06832161921273983,-0.3348787638442422,True,20,True,True,True,False,True,False,5,1,STOP_BEFORE_TARGET,True,True,False,True,False,5,1,STOP_BEFORE_TARGET,2022-04-14,2022-04-19,2022-04-21,2022-04-28,2022-05-12
TSLA|2022-04-14T00:00:00|Long,TSLA,2022-04-14,Long,0.019583733431163042,0.030375616226564484,-0.011766524361810027,True,-0.007918800069933285,0.05070050852197916,-0.011766524361810027,True,0.0203552859433469,0.108852758762642,-0.011766524361810027,True,-0.1159797438884369,0.108852758762642,-0.1657868464656974,True,-0.21869038325460577,0.108852758762642,-0.3096446759484096,True,20,True,True,True,True,False,False,1,7,TARGET_BEFORE_STOP,True,True,True,False,False,2,7,TARGET_BEFORE_STOP,2022-04-18,2022-04-20,2022-04-22,2022-04-29,2022-05-13
TSLA|2022-04-18T00:00:00|Long,TSLA,2022-04-18,Long,0.023758093445249484,0.03051909722617885,-0.0089217172120033,True,0.004470840806689358,0.08755438362189794,-0.028915928447220796,True,-0.006243205608264746,0.08755438362189794,-0.028915928447220796,True,-0.10091704061935225,0.08755438362189794,-0.18181006014389867,True,-0.2787242838682623,0.08755438362189794,-0.322904729238504,True,20,True,True,True,True,False,False,1,2,TARGET_BEFORE_STOP,True,True,True,False,False,3,6,TARGET_BEFORE_STOP,2022-04-19,2022-04-21,2022-04-25,2022-05-02,2022-05-16
TSLA|2022-04-19T00:00:00|Long,TSLA,2022-04-19,Long,-0.04955503671370076,0.005689777687544417,-0.051451629276215605,True,-0.02246757386817977,0.06231578591184084,-0.051451629276215605,True,-0.1475757203383039,0.06231578591184084,-0.14895691416135504,True,-0.11564459570406072,0.06231578591184084,-0.20079758578254592,True,-0.2592423602911451,0.06231578591184084,-0.3386179068114912,True,20,True,True,True,False,True,False,2,1,STOP_BEFORE_TARGET,True,True,False,True,False,2,1,STOP_BEFORE_TARGET,2022-04-20,2022-04-22,2022-04-26,2022-05-03,2022-05-17
TSLA|2022-04-20T00:00:00|Long,TSLA,2022-04-20,Long,0.03231684066245499,0.11770363034881282,0.01966847267518168,True,0.021305778821263166,0.11770363034881282,-0.001944324470681491,True,-0.09792263737828644,0.11770363034881282,-0.10458456963563478,True,-0.025153485740090242,0.11770363034881282,-0.15912815040431416,True,-0.2736287467337729,0.11770363034881282,-0.3041342542321591,True,20,True,True,True,True,False,False,1,4,TARGET_BEFORE_STOP,True,True,True,False,False,1,4,TARGET_BEFORE_STOP,2022-04-21,2022-04-25,2022-04-27,2022-05-04,2022-05-18
TSLA|2022-04-21T00:00:00|Long,TSLA,2022-04-21,Long,-0.003697576672395231,0.025843104112984516,-0.014651359414399434,True,-0.13120797548283947,0.025843104112984516,-0.13261569016953922,True,-0.1301275265533598,0.025843104112984516,-0.18545177558463133,True,-0.13432072116812277,0.025843104112984516,-0.18545177558463133,True,-0.2967545328939296,0.025843104112984516,-0.3259184405813895,True,20,True,False,True,False,True,False,,2,STOP_BEFORE_TARGET,False,True,False,True,False,,2,STOP_BEFORE_TARGET,2022-04-22,2022-04-26,2022-04-28,2022-05-05,2022-05-19
TSLA|2022-04-22T00:00:00|Long,TSLA,2022-04-22,Long,-0.006994645387893739,0.0035520694170230183,-0.02960048738247445,True,-0.12291923737905852,0.0035520694170230183,-0.12939656722560555,True,-0.13361525314757217,0.0035520694170230183,-0.18242874317738322,True,-0.1386995931617061,0.0035520694170230183,-0.18242874317738322,True,-0.33943583183045534,0.0035520694170230183,-0.37018058038085133,True,20,True,False,True,False,True,False,,1,STOP_BEFORE_TARGET,False,True,False,True,False,,2,STOP_BEFORE_TARGET,2022-04-25,2022-04-27,2022-04-29,2022-05-06,2022-05-20
TSLA|2022-04-25T00:00:00|Long,TSLA,2022-04-25,Long,-0.12184121881948873,0.0019839391470906076,-0.12326411058027487,True,-0.12074912118476766,0.0019839391470906076,-0.1766698406757521,True,-0.09526861657236374,0.0019839391470906076,-0.1766698406757521,True,-0.21132846040377795,0.0019839391470906076,-0.21730027593697487,True,-0.32376108151148886,0.0019839391470906076,-0.365744185875843,True,20,True,False,True,False,True,False,,1,STOP_BEFORE_TARGET,False,True,False,True,False,,1,STOP_BEFORE_TARGET,2022-04-26,2022-04-28,2022-05-02,2022-05-09,2022-05-23
TSLA|2022-04-26T00:00:00|Long,TSLA,2022-04-26,Long,0.005807678470473254,0.047442954256854186,0.0010725130379227732,True,-0.006458164365783059,0.06615547062085203,-0.062435886346836944,True,0.03745919185562818,0.06615547062085203,-0.062435886346836944,True,-0.08715006741988063,0.09023065663662755,-0.1165765367115561,True,-0.28326602836105963,0.09023065663662755,-0.2919262551442393,True,20,True,True,True,True,False,False,1,2,TARGET_BEFORE_STOP,True,True,False,True,False,3,2,STOP_BEFORE_TARGET,2022-04-27,2022-04-29,2022-05-03,2022-05-10,2022-05-24
TSLA|2022-04-27T00:00:00|Long,TSLA,2022-04-27,Long,-0.004537702888526063,0.020975360494534856,-0.06784951664028649,True,0.024310584061384866,0.05999933530249968,-0.06784951664028649,True,0.08066841565196436,0.08393550772503122,-0.06784951664028649,True,-0.1673378553535152,0.08393550772503122,-0.1750519294922126,True,-0.25264601534620357,0.08393550772503122,-0.2960147749791243,True,20,True,True,True,False,True,False,2,1,STOP_BEFORE_TARGET,True,True,False,True,False,2,1,STOP_BEFORE_TARGET,2022-04-28,2022-05-02,2022-05-04,2022-05-11,2022-05-25
TSLA|2022-04-28T00:00:00|Long,TSLA,2022-04-28,Long,-0.007692220213591394,0.06483122301898558,-0.008558283581552306,True,0.03617058725272826,0.06483122301898558,-0.03359503728266644,True,-0.004820470520406905,0.08887650579060558,-0.03359503728266644,True,-0.17037978772318396,0.08887650579060558,-0.22508002035316732,True,-0.1934792449964,0.08887650579060558,-0.29280573753157224,True,20,True,True,True,True,False,False,1,2,TARGET_BEFORE_STOP,True,True,True,False,False,1,2,TARGET_BEFORE_STOP,2022-04-29,2022-05-03,2022-05-05,2022-05-12,2022-05-26
TSLA|2022-04-29T00:00:00|Long,TSLA,2022-04-29,Long,0.03695628471433299,0.04088383360734871,-0.026103611799406234,True,0.09400988600487792,0.09731731220023598,-0.026103611799406234,True,-0.005868455132209238,0.09731731220023598,-0.03175379383559351,True,-0.11618584377008523,0.09731731220023598,-0.21907295757206302,True,-0.12762410050403628,0.09731731220023598,-0.2873236742932226,True,20,True,True,True,,,False,1,1,AMBIGUOUS,True,True,True,False,False,2,5,TARGET_BEFORE_STOP,2022-05-02,2022-05-04,2022-05-06,2022-05-13,2022-05-27
TSLA|2022-05-02T00:00:00|Long,TSLA,2022-05-02,Long,0.006988279761963367,0.023412389925366872,-0.01589260262572023,True,-0.0328483217208434,0.05820980920380037,-0.050103051828676914,True,-0.1282809969426656,0.05820980920380037,-0.13488164730429253,True,-0.19776511321201806,0.05820980920380037,-0.24690456681780804,True,-0.16023218423134145,0.05820980920380037,-0.31272288310291707,True,20,True,True,True,True,False,False,2,3,TARGET_BEFORE_STOP,True,True,True,False,False,2,3,TARGET_BEFORE_STOP,2022-05-03,2022-05-05,2022-05-09,2022-05-16,2022-05-31
TSLA|2022-05-03T00:00:00|Long,TSLA,2022-05-03,Long,0.04769864576468552,0.05086606316207076,-0.026362454166996008,True,-0.0479516806987107,0.05086606316207076,-0.07274125038325274,True,-0.12011003445121471,0.05086606316207076,-0.1484740120637149,True,-0.16237562849678822,0.05086606316207076,-0.2521308854158538,True,-0.18573554576956908,0.05086606316207076,-0.31749243689356066,True,20,True,True,True,,,False,1,1,AMBIGUOUS,True,True,True,False,False,1,2,TARGET_BEFORE_STOP,2022-05-04,2022-05-06,2022-05-10,2022-05-17,2022-06-01
TSLA|2022-05-04T00:00:00|Long,TSLA,2022-05-04,Long,-0.08328615317548016,-0.007369138612212334,-0.09964103356116605,True,-0.17374192839681035,-0.007369138612212334,-0.17999834889469646,True,-0.229493401873745,-0.007369138612212334,-0.23663164523032876,True,-0.2548865460962556,-0.007369138612212334,-0.2861791722196054,True,-0.1864541898526989,-0.007369138612212334,-0.34856500400618884,True,20,True,False,True,False,True,False,,1,STOP_BEFORE_TARGET,False,True,False,True,False,,1,STOP_BEFORE_TARGET,2022-05-05,2022-05-09,2022-05-11,2022-05-18,2022-06-02
TSLA|2022-05-05T00:00:00|Long,TSLA,2022-05-05,Long,-0.008737180698190294,0.016856028161944092,-0.03454782311685656,True,-0.08386770897786733,0.016856028161944092,-0.1133999877968822,True,-0.16636125673661373,0.016856028161944092,-0.22132644744807017,True,-0.18763740301718945,0.016856028161944092,-0.22132644744807017,True,-0.19435918220659631,0.016856028161944092,-0.28938021581066964,True,20,True,False,True,False,True,False,,1,STOP_BEFORE_TARGET,False,True,False,True,False,,1,STOP_BEFORE_TARGET,2022-05-06,2022-05-10,2022-05-12,2022-05-19,2022-06-03
TSLA|2022-05-06T00:00:00|Long,TSLA,2022-05-06,Long,-0.09072948807249681,-0.023127047681457125,-0.09761447820385938,True,-0.15208219683420965,-0.023127047681457125,-0.15993760474388397,True,-0.11096860290510857,-0.023127047681457125,-0.2144630693397902,True,-0.2330618180079842,-0.023127047681457125,-0.2687575500734728,True,-0.17421587641771108,-0.023127047681457125,-0.2831166766752623,True,20,True,False,True,False,True,False,,1,STOP_BEFORE_TARGET,False,True,False,True,False,,1,STOP_BEFORE_TARGET,2022-05-09,2022-05-11,2022-05-13,2022-05-20,2022-06-06
TSLA|2022-05-09T00:00:00|Long,TSLA,2022-05-09,Long,0.016427173986372612,0.04859549581614786,-0.016338192975966948,True,-0.07509747200878414,0.04859549581614786,-0.13608005499375386,True,-0.07970930543633259,0.04859549581614786,-0.13608005499375386,True,-0.14255950096192538,0.04859549581614786,-0.1957921868857112,True,-0.08950460258638138,0.04859549581614786,-0.2115841062468159,True,20,True,True,True,True,False,False,1,2,TARGET_BEFORE_STOP,False,True,False,True,False,,2,STOP_BEFORE_TARGET,2022-05-10,2022-05-12,2022-05-16,2022-05-23,2022-06-07
TSLA|2022-05-10T00:00:00|Long,TSLA,2022-05-10,Long,-0.08254582843646041,0.012161944116714674,-0.09104544565071859,True,-0.03806057512842487,0.012161944116714674,-0.15004245545895956,True,-0.048035090409529246,0.012161944116714674,-0.15004245545895956,True,-0.21483921282315066,0.012161944116714674,-0.22432623415501618,True,-0.09304531519459136,0.012161944116714674,-0.22432623415501618,True,20,True,False,True,False,True,False,,1,STOP_BEFORE_TARGET,False,True,False,True,False,,1,STOP_BEFORE_TARGET,2022-05-11,2022-05-13,2022-05-17,2022-05-24,2022-06-08
TSLA|2022-05-11T00:00:00|Long,TSLA,2022-05-11,Long,-0.008174386751047313,0.03495911153935505,-0.07356948075942615,True,-0.013119918176304535,0.0726839512986861,-0.07356948075942615,True,-0.032956426699346286,0.0726839512986861,-0.07356948075942615,True,-0.10245230978875208,0.0726839512986861,-0.15453677155005074,True,-0.020272506583470906,0.07987732682236248,-0.15453677155005074,True,20,True,True,True,,,False,1,1,AMBIGUOUS,True,True,False,True,False,2,1,STOP_BEFORE_TARGET,2022-05-12,2022-05-16,2022-05-18,2022-05-25,2022-06-09
TSLA|2022-05-12T00:00:00|Long,TSLA,2022-05-12,Long,0.05712909369145702,0.08152475290980177,0.03237634108875942,True,0.0461675403685613,0.08152475290980177,-0.0122390157628528,True,-0.025522021921974836,0.08152475290980177,-0.04655223790782392,True,-0.027843411878577196,0.08152475290980177,-0.14756866816492042,True,-0.0430082794229637,0.0887774144942437,-0.14756866816492042,True,20,True,True,True,True,False,False,1,4,TARGET_BEFORE_STOP,True,True,True,False,False,1,4,TARGET_BEFORE_STOP,2022-05-13,2022-05-17,2022-05-19,2022-05-26,2022-06-10
TSLA|2022-05-13T00:00:00|Long,TSLA,2022-05-13,Long,-0.05875856161837267,0.00022091429013282315,-0.06561933624594407,True,-0.07767772328611489,0.00022091429013282315,-0.08937226199221382,True,-0.13733284955046854,0.00022091429013282315,-0.1774841110043749,True,-0.01294192523770299,0.00022091429013282315,-0.19363553900648056,True,-0.1590197448838475,0.029937990536493375,-0.19363553900648056,True,20,True,False,True,False,True,False,,1,STOP_BEFORE_TARGET,False,True,False,True,False,,1,STOP_BEFORE_TARGET,2022-05-16,2022-05-18,2022-05-20,2022-05-27,2022-06-13
TSLA|2022-05-16T00:00:00|Long,TSLA,2022-05-16,Long,0.05141017778952928,0.055372234661754005,0.006184678766014251,True,-0.02063864089872003,0.055372234661754005,-0.0417742451642128,True,-0.06829385095042351,0.055372234661754005,-0.12613718918935313,True,0.04678546096512015,0.07514118966862204,-0.14329689693647107,True,-0.08517746091658651,0.09423358188242448,-0.14329689693647107,True,20,True,True,True,True,False,False,1,2,TARGET_BEFORE_STOP,True,True,True,False,False,1,2,TARGET_BEFORE_STOP,2022-05-17,2022-05-19,2022-05-23,2022-05-31,2022-06-14
TSLA|2022-05-17T00:00:00|Long,TSLA,2022-05-17,Long,-0.06801379812405906,-0.0014574196411699658,-0.07983087008096834,True,-0.12829397995771508,-0.0014574196411699658,-0.16886593903071734,True,-0.17522087288425314,-0.0014574196411699658,-0.18518659875953436,True,-0.027888297030874143,0.02257065071310671,-0.18518659875953436,True,-0.08220741134671639,0.04072949358634381,-0.18518659875953436,True,20,True,True,True,False,True,False,11,1,STOP_BEFORE_TARGET,False,True,False,True,False,,1,STOP_BEFORE_TARGET,2022-05-18,2022-05-20,2022-05-24,2022-06-01,2022-06-15
TSLA|2022-05-18T00:00:00|Long,TSLA,2022-05-18,Long,-0.0005494634476534976,0.03407956746650154,-0.022118612390684467,True,-0.04918220233720594,0.03407956746650154,-0.10821205368025721,True,-0.07186427272579532,0.03407956746650154,-0.12572375041564454,True,0.09184152545499047,0.11667907903735042,-0.12572375041564454,True,-0.09933641325223286,0.11667907903735042,-0.12572375041564454,True,20,True,True,True,,,False,1,1,AMBIGUOUS,True,True,False,True,False,7,2,STOP_BEFORE_TARGET,2022-05-19,2022-05-23,2022-05-25,2022-06-02,2022-06-16
TSLA|2022-05-19T00:00:00|Long,TSLA,2022-05-19,Long,-0.06416505716141863,0.017140811469399386,-0.10772177941290717,True,-0.11454422760395921,0.017140811469399386,-0.12524310347542145,True,-0.0023821882164858366,0.017140811469399386,-0.12524310347542145,True,-0.008274358290709327,0.11729299069605736,-0.12524310347542145,True,-0.08336387586242855,0.11729299069605736,-0.12524310347542145,True,20,True,True,True,False,True,False,6,1,STOP_BEFORE_TARGET,True,True,False,True,False,6,1,STOP_BEFORE_TARGET,2022-05-20,2022-05-24,2022-05-26,2022-06-03,2022-06-17
TSLA|2022-05-20T00:00:00|Long,TSLA,2022-05-20,Long,0.01656871415985961,0.02419038610803459,-0.038921564240294027,True,-0.00768186590510167,0.02419038610803459,-0.0652658321655959,True,0.14419341718059653,0.1444494311119464,-0.0652658321655959,True,0.07672840259097402,0.1938996286108703,-0.0652658321655959,True,0.07111009309240224,0.1938996286108703,-0.0652658321655959,True,20,True,True,True,False,True,False,4,1,STOP_BEFORE_TARGET,True,True,False,True,False,4,1,STOP_BEFORE_TARGET,2022-05-23,2022-05-25,2022-05-27,2022-06-06,2022-06-21
TSLA|2022-05-23T00:00:00|Long,TSLA,2022-05-23,Long,-0.06925464690507588,-0.03108608148112224,-0.08050075236978682,True,0.04864429306236029,0.06485410605344821,-0.08050075236978682,True,0.12351459956868882,0.1539487968018265,-0.08050075236978682,True,0.06187589510300029,0.17444065706622247,-0.08050075236978682,True,0.0494295928046522,0.17444065706622247,-0.08050075236978682,True,20,True,True,True,False,True,False,3,1,STOP_BEFORE_TARGET,True,True,False,True,False,3,1,STOP_BEFORE_TARGET,2022-05-24,2022-05-26,2022-05-31,2022-06-07,2022-06-22
TSLA|2022-05-24T00:00:00|Long,TSLA,2022-05-24,Long,0.04877737911795821,0.06552471093721812,-0.0081985867596438,True,0.2092938061332723,0.2095643863138752,-0.0081985867596438,True,0.17863276483317558,0.23981150479527402,-0.0081985867596438,True,0.1551196896453344,0.2618281178207984,-0.0081985867596438,True,0.12265983305355888,0.2618281178207984,-0.0081985867596438,True,20,True,True,False,True,False,False,1,,TARGET_BEFORE_STOP,True,False,True,False,False,1,,TARGET_BEFORE_STOP,2022-05-25,2022-05-27,2022-06-01,2022-06-08,2022-06-23
TSLA|2022-05-25T00:00:00|Long,TSLA,2022-05-25,Long,0.07427138936829314,0.09087734282509663,-0.007802063216132971,True,0.15097139977706608,0.1821493574146109,-0.007802063216132971,True,0.17638131295900572,0.20314200415155792,-0.007802063216132971,True,0.09156037512161519,0.20314200415155792,-0.007802063216132971,True,0.11888277873380693,0.20314200415155792,-0.049666106297613366,True,20,True,True,True,True,False,False,1,12,TARGET_BEFORE_STOP,True,True,True,False,False,1,13,TARGET_BEFORE_STOP,2022-05-26,2022-05-31,2022-06-02,2022-06-09,2022-06-24
TSLA|2022-05-26T00:00:00|Long,TSLA,2022-05-26,Long,0.07333306253742577,0.07357322142390621,0.018085975717110125,True,0.04611923807863061,0.10041966035207683,0.018085975717110125,True,-0.005906239849196027,0.11996094847042782,-0.010568996102220618,True,-0.015599202566420778,0.11996094847042782,-0.0338971364497026,True,0.038192507172102985,0.11996094847042782,-0.11536888805982792,True,20,True,True,True,True,False,False,1,7,TARGET_BEFORE_STOP,True,True,True,False,False,1,10,TARGET_BEFORE_STOP,2022-05-27,2022-06-01,2022-06-03,2022-06-10,2022-06-27
TSLA|2022-05-27T00:00:00|Long,TSLA,2022-05-27,Long,-0.001803563389055185,0.02523596706377118,-0.033437362585180264,True,0.020233547869937363,0.043442140711449584,-0.04400829654826932,True,-0.05896294592907436,0.043442140711449584,-0.07816963957235856,True,-0.147993135744645,0.043442140711449584,-0.15215304032915744,True,-0.08114480506673016,0.043442140711449584,-0.1758093150984753,True,20,True,True,True,False,True,False,3,1,STOP_BEFORE_TARGET,False,True,False,True,False,,1,STOP_BEFORE_TARGET,2022-05-31,2022-06-02,2022-06-06,2022-06-13,2022-06-28
TSLA|2022-05-31T00:00:00|Long,TSLA,2022-05-31,Long,-0.02359349020027357,0.0180940595523833,-0.03605621004317561,True,-0.07215202298996848,0.04532745503893221,-0.07650405609799593,True,-0.05486239741731114,0.04532745503893221,-0.0896525823206118,True,-0.12606491664494346,0.04532745503893221,-0.16227941756202835,True,-0.09599604985184529,0.04532745503893221,-0.17432014914839877,True,20,True,True,True,False,True,False,2,1,STOP_BEFORE_TARGET,False,True,False,True,False,,1,STOP_BEFORE_TARGET,2022-06-01,2022-06-03,2022-06-07,2022-06-14,2022-06-29
TSLA|2022-06-01T00:00:00|Long,TSLA,2022-06-01,Long,0.04677398003874078,0.07058632295819334,-0.019139056546925826,True,-0.034482737300330024,0.07058632295819334,-0.05418907531513184,True,-0.01994944981117097,0.07058632295819334,-0.06765531718329876,True,-0.05587744098742464,0.07058632295819334,-0.1420370777640565,True,-0.09042775743155729,0.07058632295819334,-0.15436875669647177,True,20,True,True,True,True,False,False,1,2,TARGET_BEFORE_STOP,True,True,True,False,False,1,2,TARGET_BEFORE_STOP,2022-06-02,2022-06-06,2022-06-08,2022-06-15,2022-06-30
TSLA|2022-06-02T00:00:00|Long,TSLA,2022-06-02,Long,-0.09219359988526965,-0.0407871550219272,-0.09645162879395996,True,-0.07527743135405784,-0.0407871550219272,-0.10931614599152017,True,-0.07210326864512706,-0.010787156203252768,-0.10931614599152017,True,-0.17509678304967935,-0.010787156203252768,-0.19215488784672352,True,-0.12027099135777664,-0.010787156203252768,-0.19215488784672352,True,20,True,False,True,False,True,False,,1,STOP_BEFORE_TARGET,False,True,False,True,False,,1,STOP_BEFORE_TARGET,2022-06-03,2022-06-07,2022-06-09,2022-06-16,2022-07-01
TSLA|2022-06-03T00:00:00|Long,TSLA,2022-06-03,Long,0.0160472016783606,0.04413335064925605,-0.0007106381793712258,True,0.031341082642496465,0.06586598308678537,-0.018861451190569478,True,-0.009750551814905584,0.08967379352219651,-0.028157199775864616,True,-0.07571601904161573,0.08967379352219651,-0.11011300201102403,True,-0.0061829165236324535,0.08967379352219651,-0.11011300201102403,True,20,True,True,True,True,False,False,1,5,TARGET_BEFORE_STOP,True,True,True,False,False,3,6,TARGET_BEFORE_STOP,2022-06-06,2022-06-08,2022-06-10,2022-06-17,2022-07-05
TSLA|2022-06-06T00:00:00|Long,TSLA,2022-06-06,Long,0.0025460558898939833,0.00720444356841532,-0.034357314120117666,True,0.005987352136454627,0.07246375141057992,-0.034357314120117666,True,-0.09460859105433317,0.07246375141057992,-0.09902914449217781,True,-0.0052179449200489,0.07246375141057992,-0.12416766020415837,True,-0.027474657589774742,0.07246375141057992,-0.12416766020415837,True,20,True,True,True,False,True,False,2,1,STOP_BEFORE_TARGET,True,True,False,True,False,3,1,STOP_BEFORE_TARGET,2022-06-07,2022-06-09,2022-06-13,2022-06-21,2022-07-06
TSLA|2022-06-07T00:00:00|Long,TSLA,2022-06-07,Long,0.012474516432601446,0.04636784471217692,0.001213936644196334,True,-0.027865419042562012,0.06974013324367889,-0.04593534984146641,True,-0.07533561148457524,0.06974013324367889,-0.11365225534481838,True,-0.011721051730947174,0.06974013324367889,-0.12639191521388693,True,0.023679269826530014,0.06974013324367889,-0.12639191521388693,True,20,True,True,True,True,False,False,1,3,TARGET_BEFORE_STOP,True,True,True,False,False,2,3,TARGET_BEFORE_STOP,2022-06-08,2022-06-10,2022-06-14,2022-06-22,2022-07-07
TSLA|2022-06-08T00:00:00|Long,TSLA,2022-06-08,Long,-0.008930555308462429,0.05656005744505044,-0.010501689044471352,True,-0.10803474915800126,0.05656005744505044,-0.11238974967721227,True,-0.036659324531098214,0.05656005744505044,-0.12457278650510684,True,-0.02810085992192024,0.05656005744505044,-0.137155483316041,True,0.036783354764193144,0.05656005744505044,-0.137155483316041,True,20,True,True,True,True,False,False,1,2,TARGET_BEFORE_STOP,True,True,True,False,False,1,2,TARGET_BEFORE_STOP,2022-06-09,2022-06-13,2022-06-15,2022-06-23,2022-07-08
TSLA|2022-06-09T00:00:00|Long,TSLA,2022-06-09,Long,-0.031190911234383223,-0.0008621580840433296,-0.04919902814974153,True,-0.07849871694784838,-0.0008621580840433296,-0.11668428667240083,True,-0.11099674233593404,-0.0008621580840433296,-0.12938036652667417,True,0.025030593116892375,0.029730767840128403,-0.12938036652667417,True,-0.02237454275830497,0.06371675433383395,-0.12938036652667417,True,20,True,True,True,False,True,False,11,1,STOP_BEFORE_TARGET,True,True,False,True,False,11,1,STOP_BEFORE_TARGET,2022-06-10,2022-06-14,2022-06-16,2022-06-24,2022-07-11
TSLA|2022-06-10T00:00:00|Long,TSLA,2022-06-10,Long,-0.07102153990705962,-0.024099662109442366,-0.07555725659806467,True,0.003315696880795471,0.01478419848318846,-0.08824584371617195,True,-0.06661500023818245,0.01478419848318846,-0.10135067520619212,True,0.054644114347289774,0.08543259682938098,-0.10135067520619212,True,0.0036171537360971673,0.09796322791432654,-0.10135067520619212,True,20,True,True,True,False,True,False,6,1,STOP_BEFORE_TARGET,True,True,False,True,False,7,1,STOP_BEFORE_TARGET,2022-06-13,2022-06-15,2022-06-17,2022-06-27,2022-07-12
TSLA|2022-06-13T00:00:00|Long,TSLA,2022-06-13,Long,0.023887157055640484,0.049103095529531515,-0.01854112290977028,True,-0.012221648690478037,0.09236569207607181,-0.032647834801356135,True,0.09873149364028122,0.1290461984770963,-0.032647834801356135,True,0.0784598498937441,0.16841524691626097,-0.032647834801356135,True,0.0987469125123297,0.18190386007925308,-0.032647834801356135,True,20,True,True,True,True,False,False,1,3,TARGET_BEFORE_STOP,True,True,True,False,False,2,3,TARGET_BEFORE_STOP,2022-06-14,2022-06-16,2022-06-21,2022-06-28,2022-07-13
TSLA|2022-06-14T00:00:00|Long,TSLA,2022-06-14,Long,0.05482367080362738,0.06688093951422625,-0.012404389065757138,True,-0.01869711120568751,0.06688093951422625,-0.05521603769264227,True,0.06879745834676632,0.11744908746030647,-0.05521603769264227,True,0.03440629328858513,0.1411562679194407,-0.05521603769264227,True,0.07887790253924232,0.1543301934541459,-0.05521603769264227,True,20,True,True,True,True,False,False,1,2,TARGET_BEFORE_STOP,True,True,True,False,False,1,2,TARGET_BEFORE_STOP,2022-06-15,2022-06-17,2022-06-22,2022-06-29,2022-07-14
TSLA|2022-06-15T00:00:00|Long,TSLA,2022-06-15,Long,-0.08540769912654234,-0.03361943453678251,-0.10432047700677305,True,0.017324750515524512,0.04539339122854069,-0.10432047700677305,True,0.00888415160608913,0.05937050749815587,-0.10432047700677305,True,-0.03659516035743027,0.08184552499664699,-0.10432047700677305,True,0.030329037121948677,0.09433474561175559,-0.10432047700677305,True,20,True,True,True,False,True,False,3,1,STOP_BEFORE_TARGET,True,True,False,True,False,4,1,STOP_BEFORE_TARGET,2022-06-16,2022-06-21,2022-06-23,2022-06-30,2022-07-15
TSLA|2022-06-16T00:00:00|Long,TSLA,2022-06-16,Long,0.017174980283869212,0.036930994330260924,0.0004536106332346801,True,0.10786796414821942,0.15829808154565872,0.0004536106332346801,True,0.1530110652352954,0.15829808154565872,0.0004536106332346801,True,0.06646330207632656,0.1828718916215002,0.0004536106332346801,True,0.128797064698839,0.19652739758102022,0.0004536106332346801,True,20,True,True,False,True,False,False,1,,TARGET_BEFORE_STOP,True,False,True,False,False,2,,TARGET_BEFORE_STOP,2022-06-17,2022-06-22,2022-06-24,2022-07-01,2022-07-18
TSLA|2022-06-17T00:00:00|Long,TSLA,2022-06-17,Long,0.0935443480214786,0.12371593619212962,0.034938798358363776,True,0.08447136594112337,0.13874024036887467,0.034938798358363776,True,0.12991328831769877,0.16289912212684277,0.034938798358363776,True,0.07522915462181312,0.16289912212684277,-0.0027372336636940497,True,0.13272746356133358,0.17632405512677662,-0.0027372336636940497,True,20,True,True,False,True,False,False,1,,TARGET_BEFORE_STOP,True,False,True,False,False,1,,TARGET_BEFORE_STOP,2022-06-21,2022-06-23,2022-06-27,2022-07-05,2022-07-19
TSLA|2022-06-21T00:00:00|Long,TSLA,2022-06-21,Long,-0.004007805884153504,0.04132972972625004,-0.0135422369722491,True,0.036576611894800104,0.04132972972625004,-0.035437529591517136,True,-0.018450043403574035,0.06342200408318677,-0.035437529591517136,True,-0.02237345613149111,0.06342200408318677,-0.0880454293960482,True,0.04414225557607976,0.07569853683123973,-0.0880454293960482,True,20,True,True,True,True,False,False,1,2,TARGET_BEFORE_STOP,True,True,False,True,False,4,2,STOP_BEFORE_TARGET,2022-06-22,2022-06-24,2022-06-28,2022-07-06,2022-07-20
TSLA|2022-06-22T00:00:00|Long,TSLA,2022-06-22,Long,-0.004306310889948484,0.013681398143351009,-0.03155619481060712,True,0.037415616264965035,0.06770114300664631,-0.03155619481060712,True,-0.032177439036370825,0.06770114300664631,-0.058509611059233024,True,0.03582017164230811,0.06770114300664631,-0.0843757852806225,True,0.1508767738939889,0.15748450638100286,-0.0843757852806225,True,20,True,True,True,False,True,False,2,1,STOP_BEFORE_TARGET,True,True,False,True,False,3,1,STOP_BEFORE_TARGET,2022-06-23,2022-06-27,2022-06-29,2022-07-07,2022-07-21
TSLA|2022-06-23T00:00:00|Long,TSLA,2022-06-23,Long,0.04524889345059324,0.04678035471376929,0.0043249354063874534,True,-0.010238129795837159,0.07231888148347587,-0.011599392634393801,True,-0.045078824849333454,0.07231888148347587,-0.06894405833534778,True,0.0667602346894769,0.0846981230398296,-0.08041576969543696,True,0.15813731520618424,0.19448110511875338,-0.08041576969543696,True,20,True,True,True,True,False,False,1,4,TARGET_BEFORE_STOP,True,True,True,False,False,2,4,TARGET_BEFORE_STOP,2022-06-24,2022-06-28,2022-06-30,2022-07-08,2022-07-22
TSLA|2022-06-24T00:00:00|Long,TSLA,2022-06-24,Long,-0.0032016505127857586,0.025898126467772453,-0.012779463630541943,True,-0.07006997365399648,0.025898126467772453,-0.09537117907184367,True,-0.0750623873165579,0.025898126467772453,-0.10924953138095683,True,-0.046247532701486294,0.03774146984170046,-0.12022463160059793,True,0.09249506540297259,0.1427719393947524,-0.12022463160059793,True,20,True,True,True,False,True,False,9,2,STOP_BEFORE_TARGET,True,True,False,True,False,18,2,STOP_BEFORE_TARGET,2022-06-27,2022-06-29,2022-07-01,2022-07-11,2022-07-25
TSLA|2022-06-27T00:00:00|Long,TSLA,2022-06-27,Long,-0.0500435578248114,0.02061899023972047,-0.05135007451524909,True,-0.08348305848884785,0.02061899023972047,-0.10638849966267061,True,-0.048396752442219304,0.02061899023972047,-0.1173988511798928,True,-0.04838310849795313,0.04107462695493891,-0.1173988511798928,True,0.0569164922702694,0.1464424474444923,-0.1173988511798928,True,20,True,True,True,False,True,False,8,1,STOP_BEFORE_TARGET,True,True,False,True,False,17,1,STOP_BEFORE_TARGET,2022-06-28,2022-06-30,2022-07-05,2022-07-12,2022-07-26
TSLA|2022-06-28T00:00:00|Long,TSLA,2022-06-28,Long,-0.01793718238090891,-0.00640406132704574,-0.04465679824216229,True,-0.023209475660264656,-0.00640406132704574,-0.05931318462227786,True,-0.003997160512870579,0.008166345571669842,-0.07090355974727935,True,0.018811143150655463,0.09591827660130381,-0.07090355974727935,True,0.181191755623622,0.2068368575083237,-0.07090355974727935,True,20,True,True,True,False,True,False,6,1,STOP_BEFORE_TARGET,True,True,False,True,False,6,1,STOP_BEFORE_TARGET,2022-06-29,2022-07-01,2022-07-06,2022-07-13,2022-07-27
TSLA|2022-06-29T00:00:00|Long,TSLA,2022-06-29,Long,-0.017579227799377373,0.004230642578050725,-0.04213172670734122,True,0.02003002339805593,0.020380156135293204,-0.053933797732798716,True,0.07025834426816413,0.07384708795811168,-0.053933797732798716,True,0.04299240012285033,0.11593500633517873,-0.053933797732798716,True,0.2293754087414046,0.23987912373455855,-0.053933797732798716,True,20,True,True,True,False,True,False,5,1,STOP_BEFORE_TARGET,True,True,False,True,False,5,1,STOP_BEFORE_TARGET,2022-06-30,2022-07-05,2022-07-07,2022-07-14,2022-07-28
TSLA|2022-06-30T00:00:00|Long,TSLA,2022-06-30,Long,0.012429131666979787,0.02564522097759747,-0.010483795755635628,True,0.03234241609931665,0.04494971274720472,-0.037005090855303346,True,0.11711862973523912,0.1359033093686366,-0.037005090855303346,True,0.06946632892586302,0.1359033093686366,-0.037005090855303346,True,0.32376526434081954,0.32897752470178276,-0.037005090855303346,True,20,True,True,True,,,False,2,2,AMBIGUOUS,True,True,False,True,False,4,2,STOP_BEFORE_TARGET,2022-07-01,2022-07-06,2022-07-08,2022-07-15,2022-07-29
TSLA|2022-07-01T00:00:00|Long,TSLA,2022-07-01,Long,0.025535704813974602,0.02588772741647105,-0.04882734107116116,True,0.07603513646163229,0.07964325063969002,-0.04882734107116116,True,0.031153295335750952,0.12195834141828255,-0.04882734107116116,True,0.0584490460207614,0.12195834141828255,-0.04882734107116116,True,0.3080714089565346,0.3723140903710438,-0.04882734107116116,True,20,True,True,True,False,True,False,2,1,STOP_BEFORE_TARGET,True,True,False,True,False,3,1,STOP_BEFORE_TARGET,2022-07-05,2022-07-07,2022-07-11,2022-07-18,2022-08-01
TSLA|2022-07-05T00:00:00|Long,TSLA,2022-07-05,Long,-0.005720802000385383,0.006421654421553846,-0.025228854012342428,True,0.07592965078432301,0.09402172557395105,-0.025228854012342428,True,1.4337849625123411e-05,0.09402172557395105,-0.025228854012342428,True,0.053475399818138536,0.09402172557395105,-0.03446792862003045,True,0.2897025367584165,0.338143649147713,-0.03446792862003045,True,20,True,True,True,False,True,False,2,1,STOP_BEFORE_TARGET,True,True,True,False,False,2,6,TARGET_BEFORE_STOP,2022-07-06,2022-07-08,2022-07-12,2022-07-19,2022-08-02
TSLA|2022-07-06T00:00:00|Long,TSLA,2022-07-06,Long,0.055279044880592876,0.05881756063590693,0.0020569734025615016,True,0.011262948350931445,0.1003164179387519,0.0020569734025615016,True,0.02289983799169759,0.1003164179387519,-0.02891252947610823,True,0.06803795592984363,0.1003164179387519,-0.02891252947610823,True,0.32651033695145726,0.34584295018936095,-0.02891252947610823,True,20,True,True,True,True,False,False,1,5,TARGET_BEFORE_STOP,True,False,True,False,False,1,,TARGET_BEFORE_STOP,2022-07-07,2022-07-11,2022-07-13,2022-07-20,2022-08-03
TSLA|2022-07-07T00:00:00|Long,TSLA,2022-07-07,Long,0.02543516968760029,0.04267816486705178,-0.013835303666601906,True,-0.04691735981498513,0.04267816486705178,-0.06613690717162046,True,-0.02547603977239543,0.04267816486705178,-0.07978133818266764,True,0.11107777720649792,0.11745700467079545,-0.07978133818266764,True,0.2620803235063762,0.28241752728873726,-0.07978133818266764,True,20,True,True,True,True,False,False,1,2,TARGET_BEFORE_STOP,True,True,False,True,False,10,2,STOP_BEFORE_TARGET,2022-07-08,2022-07-12,2022-07-14,2022-07-21,2022-08-04
TSLA|2022-07-08T00:00:00|Long,TSLA,2022-07-08,Long,-0.06548005948146851,0.00917200690810649,-0.06833803232391134,True,-0.0547262734037296,0.00917200690810649,-0.10260668931642192,True,-0.04265643732095836,0.00917200690810649,-0.10260668931642192,True,0.08565849901904743,0.11972781350108619,-0.10260668931642192,True,0.14917123777216856,0.25060809810085494,-0.10260668931642192,True,20,True,True,True,False,True,False,9,1,STOP_BEFORE_TARGET,True,True,False,True,False,9,1,STOP_BEFORE_TARGET,2022-07-11,2022-07-13,2022-07-15,2022-07-22,2022-08-05
TSLA|2022-07-11T00:00:00|Long,TSLA,2022-07-11,Long,-0.005433611636988744,0.023171098960308667,-0.025489706454485228,True,0.01694096044875848,0.03292886246026083,-0.03972802315416957,True,0.02647108903058193,0.06901550827992708,-0.03972802315416957,True,0.14547023767859257,0.19818504127347936,-0.03972802315416957,True,0.23930700273637218,0.33823586194098487,-0.03972802315416957,True,20,True,True,True,False,True,False,2,1,STOP_BEFORE_TARGET,True,True,False,True,False,5,2,STOP_BEFORE_TARGET,2022-07-12,2022-07-14,2022-07-18,2022-07-25,2022-08-08
TSLA|2022-07-12T00:00:00|Long,TSLA,2022-07-12,Long,0.017033448479672808,0.038572059689641724,-0.03448177207519265,True,0.030019556808364545,0.04527965476524365,-0.03448177207519265,True,0.05346029546283626,0.0748558575757361,-0.03448177207519265,True,0.11065335400049081,0.20473108210062319,-0.03448177207519265,True,0.21565767624368926,0.3455470420065474,-0.03448177207519265,True,20,True,True,True,,,False,1,1,AMBIGUOUS,True,True,False,True,False,4,1,STOP_BEFORE_TARGET,2022-07-13,2022-07-15,2022-07-19,2022-07-26,2022-08-09
TSLA|2022-07-13T00:00:00|Long,TSLA,2022-07-13,Long,0.005371861218914864,0.006806202880746737,-0.032512087653325805,True,0.014793571507519365,0.05685398959345922,-0.032512087653325805,True,0.044127602978965896,0.05747273530989072,-0.032512087653325805,True,0.1593824464569631,0.18455404185725932,-0.032512087653325805,True,0.2418016675364425,0.32301159221258424,-0.032512087653325805,True,20,True,True,True,False,True,False,3,1,STOP_BEFORE_TARGET,True,True,False,True,False,3,1,STOP_BEFORE_TARGET,2022-07-14,2022-07-18,2022-07-20,2022-07-27,2022-08-10
TSLA|2022-07-14T00:00:00|Long,TSLA,2022-07-14,Long,0.0073572315408600986,0.0222815792673412,-0.005972556334146395,True,0.030282230818941436,0.05120705120205704,-0.005972556334146395,True,0.14012361168318588,0.1466696051370644,-0.005972556334146395,True,0.17870025572247794,0.188771005031789,-0.005972556334146395,True,0.2027442769457981,0.3159425315609712,-0.005972556334146395,True,20,True,True,False,True,False,False,2,,TARGET_BEFORE_STOP,True,False,True,False,False,2,,TARGET_BEFORE_STOP,2022-07-15,2022-07-19,2022-07-21,2022-07-28,2022-08-11
TSLA|2022-07-15T00:00:00|Long,TSLA,2022-07-15,Long,0.001999426810217919,0.04352956259034757,-0.0019300185997478403,True,0.030963625584908838,0.044140507388001904,-0.012871409404265899,True,0.13403227570771747,0.1696196194891899,-0.012871409404265899,True,0.237781151717386,0.24265485388078023,-0.012871409404265899,True,0.24977783969995815,0.3063315478939852,-0.012871409404265899,True,20,True,True,False,True,False,False,1,,TARGET_BEFORE_STOP,True,False,True,False,False,4,,TARGET_BEFORE_STOP,2022-07-18,2022-07-20,2022-07-22,2022-07-29,2022-08-12
TSLA|2022-07-18T00:00:00|Long,TSLA,2022-07-18,Long,0.020716718219316865,0.02740980887015132,-0.014841162396493468,True,0.12953829200430889,0.13602351008908253,-0.014841162396493468,True,0.11593034613414743,0.16728571713117346,-0.014841162396493468,True,0.2358378647269117,0.29653297485623686,-0.014841162396493468,True,0.2859043877540792,0.30372484548477563,-0.014841162396493468,True,20,True,True,False,True,False,False,2,,TARGET_BEFORE_STOP,True,False,True,False,False,3,,TARGET_BEFORE_STOP,2022-07-19,2022-07-21,2022-07-25,2022-08-01,2022-08-15
TSLA|2022-07-19T00:00:00|Long,TSLA,2022-07-19,Long,0.008023464466653252,0.020907145050908404,-0.00833568764358128,True,0.10879871511213612,0.14359419836637177,-0.00833568764358128,True,0.054290663619673385,0.14359419836637177,-0.00833568764358128,True,0.2242360258066376,0.27021822187657807,-0.00833568764358128,True,0.24857787438908607,0.28158130598530096,-0.00833568764358128,True,20,True,True,False,True,False,False,2,,TARGET_BEFORE_STOP,True,False,True,False,False,2,,TARGET_BEFORE_STOP,2022-07-20,2022-07-22,2022-07-26,2022-08-02,2022-08-16
TSLA|2022-07-20T00:00:00|Long,TSLA,2022-07-20,Long,0.09780470722853529,0.10410772766729792,0.02976431798453283,True,0.08457906703756324,0.13449164496527777,0.02976431798453283,True,0.11038386797664135,0.13449164496527777,0.02976431798453283,True,0.24200673729482314,0.26010779178503785,0.02976431798453283,True,0.2282693882181186,0.2713804302793561,0.02976431798453283,True,20,True,True,False,True,False,False,1,,TARGET_BEFORE_STOP,True,False,True,False,False,1,,TARGET_BEFORE_STOP,2022-07-21,2022-07-25,2022-07-27,2022-08-03,2022-08-17
TSLA|2022-07-21T00:00:00|Long,TSLA,2022-07-21,Long,0.0019752262198982073,0.03341845548226918,-0.003655954364704117,True,-0.04728143008804386,0.03341845548226918,-0.056838240810918705,True,0.033835492611490325,0.04266852545644961,-0.056838240810918705,True,0.13590636893083485,0.15421040146534692,-0.056838240810918705,True,0.11469475757484537,0.15811165857452147,-0.056838240810918705,True,20,True,True,True,True,False,False,1,3,TARGET_BEFORE_STOP,True,True,False,True,False,6,3,STOP_BEFORE_TARGET,2022-07-22,2022-07-26,2022-07-28,2022-08-04,2022-08-18
TSLA|2022-07-22T00:00:00|Long,TSLA,2022-07-22,Long,-0.013994935471540293,0.006991246369468351,-0.01779052939903847,True,0.009464547740298812,0.01352951001415792,-0.05869752613814572,True,0.09148670477206822,0.09578437977461829,-0.05869752613814572,True,0.058501581123814095,0.1519350691132142,-0.05869752613814572,True,0.08971131739393123,0.15582863554787818,-0.05869752613814572,True,20,True,True,True,False,True,False,4,2,STOP_BEFORE_TARGET,True,True,False,True,False,5,2,STOP_BEFORE_TARGET,2022-07-25,2022-07-27,2022-07-29,2022-08-05,2022-08-19
TSLA|2022-07-25T00:00:00|Long,TSLA,2022-07-25,Long,-0.0356637312112531,-0.004184732122687773,-0.045337080178166844,True,0.04644235241313033,0.05538309756579762,-0.045337080178166844,True,0.10745071948993301,0.16184041355962808,-0.045337080178166844,True,0.08191986310176769,0.1682851443203366,-0.045337080178166844,True,0.08001991354501925,0.17223397437682908,-0.045337080178166844,True,20,True,True,True,False,True,False,3,1,STOP_BEFORE_TARGET,True,True,False,True,False,3,1,STOP_BEFORE_TARGET,2022-07-26,2022-07-28,2022-08-01,2022-08-08,2022-08-22
TSLA|2022-07-26T00:00:00|Long,TSLA,2022-07-26,Long,0.061655036992220635,0.06593016253564477,0.011318949853837301,True,0.14791783478207154,0.1524377045724734,0.011318949853837301,True,0.16119403125841458,0.2048083756291319,0.011318949853837301,True,0.09454283991038315,0.2114914497489131,0.011318949853837301,True,0.14522659120307124,0.21558631808924056,0.011318949853837301,True,20,True,True,False,True,False,False,1,,TARGET_BEFORE_STOP,True,False,True,False,False,1,,TARGET_BEFORE_STOP,2022-07-27,2022-07-29,2022-08-02,2022-08-09,2022-08-23
TSLA|2022-07-27T00:00:00|Long,TSLA,2022-07-27,Long,0.02212352234272652,0.03085648876628455,-0.007350336501763088,True,0.08171408354766996,0.13483978660571294,-0.007350336501763088,True,0.11853816784822979,0.13483978660571294,-0.007350336501763088,True,0.07108889851778422,0.1411347448425384,-0.007350336501763088,True,0.08105913605118409,0.14499180593832395,-0.007350336501763088,True,20,True,True,False,True,False,False,1,,TARGET_BEFORE_STOP,True,False,True,False,False,2,,TARGET_BEFORE_STOP,2022-07-28,2022-08-01,2022-08-03,2022-08-10,2022-08-24
TSLA|2022-07-28T00:00:00|Long,TSLA,2022-07-28,Long,0.05784976985791013,0.06201500109022384,-0.006407931050479432,True,0.0700842878360668,0.11027655836022499,-0.006407931050479432,True,0.09873028837645292,0.11643526432797069,-0.006407931050479432,True,0.020398757959531055,0.11643526432797069,-0.006407931050479432,True,0.054005032956051746,0.12020884062425341,-0.006407931050479432,True,20,True,True,False,True,False,False,1,,TARGET_BEFORE_STOP,True,False,True,False,False,1,,TARGET_BEFORE_STOP,2022-07-29,2022-08-02,2022-08-04,2022-08-11,2022-08-25
TSLA|2022-07-29T00:00:00|Long,TSLA,2022-07-29,Long,0.00042631152414229767,0.04955976736598111,-0.007235382603552609,True,0.03448316942437479,0.04955976736598111,-0.01508779234202362,True,-0.030220362285715785,0.05538167719025888,-0.03905993327931945,True,0.009692091340967046,0.05538167719025888,-0.05989117194177962,True,-0.03048964410125443,0.058948890989236835,-0.05989117194177962,True,20,True,True,True,True,False,False,1,5,TARGET_BEFORE_STOP,True,True,True,False,False,4,5,TARGET_BEFORE_STOP,2022-08-01,2022-08-03,2022-08-05,2022-08-12,2022-08-26
TSLA|2022-08-01T00:00:00|Long,TSLA,2022-08-01,Long,0.011134400598203698,0.03551126652035963,-0.015507492843256254,True,0.03820232124257861,0.054931947543835014,-0.015507492843256254,True,-0.023053717821344133,0.054931947543835014,-0.03946941853548891,True,0.04051220993963556,0.054931947543835014,-0.06029178038513272,True,-0.041902598478497755,0.058497641246496146,-0.06029178038513272,True,20,True,True,True,True,False,False,1,4,TARGET_BEFORE_STOP,True,True,True,False,False,3,4,TARGET_BEFORE_STOP,2022-08-02,2022-08-04,2022-08-08,2022-08-15,2022-08-29
TSLA|2022-08-02T00:00:00|Long,TSLA,2022-08-02,Long,0.02265568716125621,0.029819412395843736,0.0018740816908340285,True,-0.0413080742980646,0.04331525751642906,-0.05004658045829968,True,-0.05739884080854252,0.04331525751642906,-0.07063965081306656,True,0.019883297067989636,0.04684168654559806,-0.07063965081306656,True,-0.0761399622970379,0.04684168654559806,-0.09294050209429316,True,20,True,True,True,True,False,False,2,3,TARGET_BEFORE_STOP,False,True,False,True,False,,3,STOP_BEFORE_TARGET,2022-08-03,2022-08-05,2022-08-09,2022-08-16,2022-08-30
TSLA|2022-08-03T00:00:00|Long,TSLA,2022-08-03,Long,0.004023022853486102,0.02020188281798041,-0.0077966605822785695,True,-0.05521636840060151,0.02020188281798041,-0.07109163771568783,True,-0.04242078696494134,0.02020188281798041,-0.09122849375951447,True,-0.011060607534726818,0.02365018812096853,-0.09122849375951447,True,-0.10340607264691926,0.02365018812096853,-0.11576791060734615,True,20,True,False,True,False,True,False,,2,STOP_BEFORE_TARGET,False,True,False,True,False,,2,STOP_BEFORE_TARGET,2022-08-04,2022-08-08,2022-08-10,2022-08-17,2022-08-31
TSLA|2022-08-04T00:00:00|Long,TSLA,2022-08-04,Long,-0.0663030068235908,-0.013046783852980859,-0.07481368341105776,True,-0.08197425626875188,-0.011124265410182299,-0.09486985302616946,True,-0.07129277425551728,-0.011124265410182299,-0.09486985302616946,True,-0.018673732216111127,0.01954852112026373,-0.09486985302616946,True,-0.10197643755542829,0.01954852112026373,-0.13764986828726578,True,20,True,False,True,False,True,False,,1,STOP_BEFORE_TARGET,False,True,False,True,False,,1,STOP_BEFORE_TARGET,2022-08-05,2022-08-09,2022-08-11,2022-08-18,2022-09-01
TSLA|2022-08-05T00:00:00|Long,TSLA,2022-08-05,Long,0.007819434052879659,0.05909705377297203,0.0031809572524119645,True,0.02146873449538833,0.05909705377297203,-0.030595414156144085,True,0.04115620917835949,0.05909705377297203,-0.030595414156144085,True,0.029484827256452073,0.0919479537486676,-0.030595414156144085,True,-0.062324395793388665,0.0919479537486676,-0.07641329251897355,True,20,True,True,True,True,False,False,1,2,TARGET_BEFORE_STOP,True,True,True,False,False,1,2,TARGET_BEFORE_STOP,2022-08-08,2022-08-10,2022-08-12,2022-08-19,2022-09-02
TSLA|2022-08-08T00:00:00|Long,TSLA,2022-08-08,Long,-0.024412625864385085,0.006794659264577119,-0.038116796433008804,True,-0.013061398450201489,0.02690322333877515,-0.038116796433008804,True,0.06506593957164508,0.07819616518182149,-0.038116796433008804,True,-0.0017560908358790206,0.08347578628988184,-0.038116796433008804,True,-0.05510344459445149,0.08347578628988184,-0.08499092952603204,True,20,True,True,True,False,True,False,4,1,STOP_BEFORE_TARGET,True,True,False,True,False,5,1,STOP_BEFORE_TARGET,2022-08-09,2022-08-11,2022-08-15,2022-08-22,2022-09-06
TSLA|2022-08-09T00:00:00|Long,TSLA,2022-08-09,Long,0.03890581776676605,0.05003529088510694,0.00012935862357243977,True,0.05892936943756566,0.05938821018395957,0.00012935862357243977,True,0.08198816341667037,0.11058815951760104,0.00012935862357243977,True,0.04630586345696441,0.11058815951760104,0.00012935862357243977,True,0.0012941247812023882,0.11058815951760104,-0.06209418578763404,True,20,True,True,True,True,False,False,1,15,TARGET_BEFORE_STOP,True,True,True,False,False,1,15,TARGET_BEFORE_STOP,2022-08-10,2022-08-12,2022-08-16,2022-08-23,2022-09-07
TSLA|2022-08-10T00:00:00|Long,TSLA,2022-08-10,Long,-0.026249292544206493,0.013181304940895089,-0.028955741855847705,True,0.05083407469965984,0.06378884864090217,-0.03167359547410764,True,0.032749436290307576,0.06899792120225445,-0.03167359547410764,True,0.00930850608870748,0.06899792120225445,-0.03167359547410764,True,-0.017314536686047433,0.06899792120225445,-0.09721767057913866,True,20,True,True,True,False,True,False,3,1,STOP_BEFORE_TARGET,True,True,False,True,False,3,2,STOP_BEFORE_TARGET,2022-08-11,2022-08-15,2022-08-17,2022-08-24,2022-09-08
TSLA|2022-08-11T00:00:00|Long,TSLA,2022-08-11,Long,0.046750143628413676,0.04720370703977261,-0.005570525277536098,True,0.06954372798460695,0.0978147825898088,-0.005570525277536098,True,0.05665837476092106,0.0978147825898088,-0.005570525277536098,True,0.032934453060019964,0.0978147825898088,-0.005570525277536098,True,0.04552903593712809,0.0978147825898088,-0.07288146492890124,True,20,True,True,True,True,False,False,1,12,TARGET_BEFORE_STOP,True,True,True,False,False,2,13,TARGET_BEFORE_STOP,2022-08-12,2022-08-16,2022-08-18,2022-08-25,2022-09-09
TSLA|2022-08-12T00:00:00|Long,TSLA,2022-08-12,Long,0.03096359891583922,0.043673407902021566,0.003999640742304411,True,0.013220927310023445,0.04878398084989666,1.1086944736060644e-05,True,-0.011210019994135068,0.04878398084989666,-0.02509748628448305,True,-0.03979602869708154,0.04878398084989666,-0.04577321420597691,True,0.014631919029092888,0.04878398084989666,-0.1142886000881056,True,20,True,True,True,True,False,False,1,5,TARGET_BEFORE_STOP,False,True,False,True,False,,6,STOP_BEFORE_TARGET,2022-08-15,2022-08-17,2022-08-19,2022-08-26,2022-09-12
TSLA|2022-08-15T00:00:00|Long,TSLA,2022-08-15,Long,-0.008912075793144236,0.01728517083706671,-0.020809116361632296,True,-0.020852230875161526,0.01728517083706671,-0.03002289508926681,True,-0.06273980598271589,0.01728517083706671,-0.07443212660710086,True,-0.07920599838315645,0.01728517083706671,-0.09252552191746521,True,-0.055573522676754195,0.01728517083706671,-0.1408897454349426,True,20,True,False,True,False,True,False,,1,STOP_BEFORE_TARGET,False,True,False,True,False,,2,STOP_BEFORE_TARGET,2022-08-16,2022-08-18,2022-08-22,2022-08-29,2022-09-13
TSLA|2022-08-16T00:00:00|Long,TSLA,2022-08-16,Long,-0.008372333511224461,0.01009042187884357,-0.021300652324078073,True,-0.032282620608877655,0.01009042187884357,-0.045874124119864246,True,-0.032978456850239035,0.01009042187884357,-0.06610922120395202,True,-0.0941512226360407,0.01009042187884357,-0.1106242248369339,True,-0.01289566726962521,0.01009042187884357,-0.13316444123503668,True,20,True,False,True,False,True,False,,1,STOP_BEFORE_TARGET,False,True,False,True,False,,3,STOP_BEFORE_TARGET,2022-08-17,2022-08-19,2022-08-23,2022-08-30,2022-09-14
TSLA|2022-08-17T00:00:00|Long,TSLA,2022-08-17,Long,-0.0037062197211366055,0.008234716474040837,-0.007050541175941505,True,-0.046327294768798155,0.008234716474040837,-0.05822436146539389,True,-0.022697596704386758,0.008234716474040837,-0.05822436146539389,True,-0.09337828568239104,0.008234716474040837,-0.10587838230571456,True,-0.0008114351419580279,0.016853215769769614,-0.12584573014757117,True,20,True,False,True,False,True,False,,2,STOP_BEFORE_TARGET,False,True,False,True,False,,2,STOP_BEFORE_TARGET,2022-08-18,2022-08-22,2022-08-24,2022-08-31,2022-09-15
TSLA|2022-08-18T00:00:00|Long,TSLA,2022-08-18,Long,-0.020481852686155544,-0.008287416403377379,-0.034239096920694045,True,-0.021186174258225443,-0.008287416403377379,-0.05472094960684948,True,-0.022451837100395777,0.002564375394732421,-0.05472094960684948,True,-0.08488787885749571,0.002564375394732421,-0.12124014201702382,True,0.001584874679125603,0.0206359167324639,-0.12259387024603086,True,20,True,False,True,False,True,False,,1,STOP_BEFORE_TARGET,False,True,False,True,False,,1,STOP_BEFORE_TARGET,2022-08-19,2022-08-23,2022-08-25,2022-09-01,2022-09-16
TSLA|2022-08-19T00:00:00|Long,TSLA,2022-08-19,Long,-0.022764022407583906,-0.014382009249295336,-0.03495504091944457,True,0.0014495164318133469,0.02352812772697277,-0.03495504091944457,True,-0.02891009140563594,0.02352812772697277,-0.03495504091944457,True,-0.08917977285251477,0.02352812772697277,-0.10286515835074639,True,0.041809049175444146,0.044404517849852,-0.10424719321423459,True,20,True,True,True,False,True,False,17,1,STOP_BEFORE_TARGET,False,True,False,True,False,,1,STOP_BEFORE_TARGET,2022-08-22,2022-08-24,2022-08-26,2022-09-02,2022-09-19
TSLA|2022-08-22T00:00:00|Long,TSLA,2022-08-22,Long,0.0225584954757323,0.030744809408118856,-0.006864086704253092,True,0.021236268247598833,0.04737049310096553,-0.006864086704253092,True,-0.01756843244335715,0.04737049310096553,-0.03177955932074927,True,-0.05344120136254349,0.04737049310096553,-0.08338126376333177,True,0.06490450405689341,0.08077123079449433,-0.08338126376333177,True,20,True,True,True,True,False,False,1,5,TARGET_BEFORE_STOP,True,True,False,True,False,14,5,STOP_BEFORE_TARGET,2022-08-23,2022-08-25,2022-08-29,2022-09-06,2022-09-20
TSLA|2022-08-23T00:00:00|Long,TSLA,2022-08-23,Long,0.002170125887066332,0.024264624209776597,0.0001573987230836238,True,-0.028211327705067957,0.024264624209776597,-0.03030270275946001,True,-0.06325894828211498,0.024264624209776597,-0.0802937313410711,True,-0.043019675458039086,0.024264624209776597,-0.10360263956320359,True,0.014662169736765263,0.05851392752226303,-0.10360263956320359,True,20,True,True,True,False,True,False,13,3,STOP_BEFORE_TARGET,True,True,False,True,False,19,3,STOP_BEFORE_TARGET,2022-08-24,2022-08-26,2022-08-30,2022-09-07,2022-09-21
TSLA|2022-08-24T00:00:00|Long,TSLA,2022-08-24,Long,-0.003455684406709514,0.019735366190377635,-0.018501295907332405,True,-0.04132214596337602,0.019735366190377635,-0.055189669227254656,True,-0.07232222978236647,0.019735366190377635,-0.08511263793154455,True,-0.026377507584796844,0.019735366190377635,-0.10554372228631914,True,-0.028632710936241645,0.05622179326621235,-0.10554372228631914,True,20,True,True,True,False,True,False,15,2,STOP_BEFORE_TARGET,True,True,False,True,False,18,2,STOP_BEFORE_TARGET,2022-08-25,2022-08-29,2022-08-31,2022-09-08,2022-09-22
TSLA|2022-08-25T00:00:00|Long,TSLA,2022-08-25,Long,-0.026953121859416895,0.02002902195117473,-0.02904720468391775,True,-0.06204611971070406,0.02002902195117473,-0.07910295824760027,True,-0.06387004152501508,0.02002902195117473,-0.10105722527635075,True,0.012193012673550774,0.02002902195117473,-0.10244204525799916,True,-0.07005106981080067,0.05988441932699495,-0.10244204525799916,True,20,True,True,True,False,True,False,11,1,STOP_BEFORE_TARGET,True,True,False,True,False,17,2,STOP_BEFORE_TARGET,2022-08-26,2022-08-30,2022-09-01,2022-09-09,2022-09-23
TSLA|2022-08-26T00:00:00|Long,TSLA,2022-08-26,Long,-0.01135058160727187,-0.0012149193237002143,-0.025651651306183965,True,-0.043319834582839056,0.001353794485734472,-0.05651011484689883,True,-0.062063956090449124,0.001353794485734472,-0.07615676601166532,True,0.05668373528211945,0.06039777193817075,-0.07757994511306143,True,-0.04193129482391822,0.08924291638687709,-0.07757994511306143,True,20,True,True,True,False,True,False,9,1,STOP_BEFORE_TARGET,True,True,False,True,False,10,2,STOP_BEFORE_TARGET,2022-08-29,2022-08-31,2022-09-02,2022-09-12,2022-09-26
TSLA|2022-08-29T00:00:00|Long,TSLA,2022-08-29,Long,-0.0249982267189629,0.012850233719512216,-0.04272878700505367,True,-0.026894190945616292,0.012850233719512216,-0.06555021749747292,True,-0.036514267358492725,0.012850233719512216,-0.06698973597077551,True,0.025665323258954098,0.07257208896363454,-0.06698973597077551,True,-0.006600677039771408,0.1017484015291148,-0.06698973597077551,True,20,True,True,True,False,True,False,8,1,STOP_BEFORE_TARGET,True,True,False,True,False,8,1,STOP_BEFORE_TARGET,2022-08-30,2022-09-01,2022-09-06,2022-09-13,2022-09-27
TSLA|2022-08-30T00:00:00|Long,TSLA,2022-08-30,Long,-0.007526203685978228,0.012783534882678138,-0.02120999059966322,True,-0.026971625576916236,0.016744665797917557,-0.04159170976894333,True,0.02160604874416383,0.022110132736623322,-0.04306813628708017,True,0.0897010156627589,0.1019084859523538,-0.04306813628708017,True,0.03640613938477366,0.12999630536214823,-0.04306813628708017,True,20,True,True,True,False,True,False,6,1,STOP_BEFORE_TARGET,True,True,False,True,False,7,2,STOP_BEFORE_TARGET,2022-08-31,2022-09-02,2022-09-07,2022-09-14,2022-09-28
TSLA|2022-08-31T00:00:00|Long,TSLA,2022-08-31,Long,0.005623955563764049,0.007147786094144015,-0.03432383425082064,True,-0.004317593654345364,0.024454922209569796,-0.035811456920174844,True,0.04952659605801579,0.050397356361089996,-0.035811456920174844,True,0.1021008531767913,0.12158489004990258,-0.035811456920174844,True,-0.026849513043023743,0.1385653803242719,-0.035811456920174844,True,20,True,True,True,False,True,False,5,1,STOP_BEFORE_TARGET,True,True,False,True,False,5,1,STOP_BEFORE_TARGET,2022-09-01,2022-09-06,2022-09-08,2022-09-15,2022-09-29
TSLA|2022-09-01T00:00:00|Long,TSLA,2022-09-01,Long,-0.02507581222110289,0.018725654397571345,-0.029152897182431303,True,0.023596509086841078,0.024101575218352655,-0.04120368479160763,True,0.08125266530565645,0.08186607786694955,-0.04120368479160763,True,0.0944941625608251,0.11531242254579088,-0.04120368479160763,True,-0.042971581414138926,0.13219794936764329,-0.053001884280947986,True,20,True,True,True,False,True,False,4,1,STOP_BEFORE_TARGET,True,True,False,True,False,5,2,STOP_BEFORE_TARGET,2022-09-02,2022-09-07,2022-09-09,2022-09-16,2022-09-30
TSLA|2022-09-02T00:00:00|Long,TSLA,2022-09-02,Long,0.015580556255471167,0.021390766300578345,-0.016542694060394325,True,0.07050079165453038,0.07138895360991415,-0.016542694060394325,True,0.1266053182875868,0.13056511563215856,-0.016542694060394325,True,0.1438141338145189,0.1466637287148611,-0.016542694060394325,True,-0.10291994536855276,0.1613189656798364,-0.10806409041723619,True,20,True,True,True,True,False,False,2,19,TARGET_BEFORE_STOP,True,True,True,False,False,2,20,TARGET_BEFORE_STOP,2022-09-06,2022-09-08,2022-09-12,2022-09-19,2022-10-03
TSLA|2022-09-06T00:00:00|Long,TSLA,2022-09-06,Long,0.03381677109982606,0.03432688014439189,-0.007834794507903808,True,0.09204860437301465,0.09266814164950832,-0.007834794507903808,True,0.06453607823228924,0.11322052068488286,-0.007834794507903808,True,0.12502731535514977,0.14178985219960194,-0.007834794507903808,True,-0.09102838628388288,0.14350255971984582,-0.12174774902012242,True,20,True,True,True,True,False,False,1,17,TARGET_BEFORE_STOP,True,True,True,False,False,2,17,TARGET_BEFORE_STOP,2022-09-07,2022-09-09,2022-09-13,2022-09-20,2022-10-04
TSLA|2022-09-07T00:00:00|Long,TSLA,2022-09-07,Long,0.01959815762903916,0.020444087216803464,-0.013887917771857605,True,0.0730348971771726,0.07680640496921232,-0.013887917771857605,True,0.06665481963649555,0.07860411291309788,-0.013887917771857605,True,0.060274849665705066,0.10609790021430077,-0.013887917771857605,True,-0.15118086994348923,0.10609790021430077,-0.17775821559629967,True,20,True,True,True,True,False,False,2,12,TARGET_BEFORE_STOP,True,True,True,False,False,2,12,TARGET_BEFORE_STOP,2022-09-08,2022-09-12,2022-09-14,2022-09-21,2022-10-05
TSLA|2022-09-08T00:00:00|Long,TSLA,2022-09-08,Long,0.03602289482946186,0.03661064779217571,0.006879589874823733,True,0.009921852382957841,0.05610862172721509,0.00394103606572882,True,0.0500933061784643,0.06865790182215026,0.00394103606572882,True,-0.0023163016148594062,0.08483709188569644,-0.011892423166940835,True,-0.176761402048769,0.08483709188569644,-0.19356289705766916,True,20,True,True,True,True,False,False,1,11,TARGET_BEFORE_STOP,True,True,True,False,False,2,11,TARGET_BEFORE_STOP,2022-09-09,2022-09-13,2022-09-15,2022-09-22,2022-10-06
TSLA|2022-09-09T00:00:00|Long,TSLA,2022-09-09,Long,0.01581694096302666,0.019387338830054945,0.0024025668656568744,True,0.009777071367427448,0.021089186728111775,-0.030966360805196436,True,0.012246441262112828,0.03150027586799631,-0.030966360805196436,True,-0.08125335924530497,0.04711690957782322,-0.08962889084364689,True,-0.25563930600614226,0.04711690957782322,-0.25914305359497036,True,20,True,True,True,False,True,False,4,2,STOP_BEFORE_TARGET,False,True,False,True,False,,2,STOP_BEFORE_TARGET,2022-09-12,2022-09-14,2022-09-16,2022-09-23,2022-10-07
TSLA|2022-09-12T00:00:00|Long,TSLA,2022-09-12,Long,-0.04037188096320543,-0.023060308854879086,-0.04605485484803118,True,-0.002200950654295375,0.015439135017871752,-0.04605485484803118,True,0.015274928360083706,0.017804292329955063,-0.04605485484803118,True,-0.09332501941057025,0.030812607422281202,-0.11204918981858569,True,-0.26759083871207046,0.030812607422281202,-0.2827015604143662,True,20,True,True,True,False,True,False,7,1,STOP_BEFORE_TARGET,False,True,False,True,False,,1,STOP_BEFORE_TARGET,2022-09-13,2022-09-15,2022-09-19,2022-09-26,2022-10-10
TSLA|2022-09-13T00:00:00|Long,TSLA,2022-09-13,Long,0.03587437200418364,0.047478844642307116,-0.001677301975781531,True,0.03840756181551441,0.05815900438296473,-0.001677301975781531,True,0.056824036648254195,0.07257036708008635,-0.001677301975781531,True,-0.03145860503132092,0.07417924399395104,-0.07469279758842917,True,-0.2588916017481715,0.07417924399395104,-0.2640263019670064,True,20,True,True,True,True,False,False,1,7,TARGET_BEFORE_STOP,True,True,True,False,False,2,8,TARGET_BEFORE_STOP,2022-09-14,2022-09-16,2022-09-20,2022-09-27,2022-10-11
TSLA|2022-09-14T00:00:00|Long,TSLA,2022-09-14,Long,0.003767273730617582,0.021512871619427498,-0.006245610595643991,True,0.02134768277772192,0.023892175857741504,-0.023165062580148832,True,-0.0059812882793373046,0.03697829874452441,-0.023165062580148832,True,-0.048907797195702596,0.03697829874452441,-0.106738010497055,True,-0.28211223684247677,0.03697829874452441,-0.30104753727438816,True,20,True,True,True,False,True,False,4,2,STOP_BEFORE_TARGET,False,True,False,True,False,,6,STOP_BEFORE_TARGET,2022-09-15,2022-09-19,2022-09-21,2022-09-28,2022-10-12
TSLA|2022-09-15T00:00:00|Long,TSLA,2022-09-15,Long,-0.0013168523341049454,-0.00013171537422840274,-0.026831255626285966,True,0.016395097897376587,0.03153905044367278,-0.026831255626285966,True,-0.0499094770769033,0.033086379565329116,-0.05902878247170784,True,-0.11700414335776754,0.033086379565329116,-0.12500411924511312,True,-0.2700576091499486,0.033086379565329116,-0.32108641573431074,True,20,True,True,True,False,True,False,3,1,STOP_BEFORE_TARGET,False,True,False,True,False,,5,STOP_BEFORE_TARGET,2022-09-16,2022-09-20,2022-09-22,2022-09-29,2022-10-13
TSLA|2022-09-16T00:00:00|Long,TSLA,2022-09-16,Long,0.018856110452001085,0.021394396254471593,-0.01829575803157546,True,-0.008406191723222545,0.03444859561297364,-0.01829575803157546,True,-0.09236861370521421,0.03444859561297364,-0.10064281577393075,True,-0.1255975122364571,0.03444859561297364,-0.1347618396581226,True,-0.3242459160419039,0.03444859561297364,-0.32698203542332716,True,20,True,True,True,True,False,False,2,4,TARGET_BEFORE_STOP,False,True,False,True,False,,4,STOP_BEFORE_TARGET,2022-09-19,2022-09-21,2022-09-23,2022-09-30,2022-10-14
TSLA|2022-09-19T00:00:00|Long,TSLA,2022-09-19,Long,-0.0011000625419275156,0.013783217870047437,-0.011292007212760802,True,-0.0662633400232987,0.01530391288918631,-0.07522567524842494,True,-0.10696604903468798,0.01530391288918631,-0.1254085121399865,True,-0.2157116894160377,0.01530391288918631,-0.22020905039157324,True,-0.2902902225856733,0.01530391288918631,-0.339437671647179,True,20,True,False,True,False,True,False,,2,STOP_BEFORE_TARGET,False,True,False,True,False,,3,STOP_BEFORE_TARGET,2022-09-20,2022-09-22,2022-09-26,2022-10-03,2022-10-17
TSLA|2022-09-20T00:00:00|Long,TSLA,2022-09-20,Long,-0.025685948599634356,0.016422040702953167,-0.02623653618136379,True,-0.10818522082565407,0.016422040702953167,-0.11631523461999815,True,-0.08353580030178531,0.016422040702953167,-0.1244453472631003,True,-0.1920448496584528,0.016422040702953167,-0.21935028688380775,True,-0.2867878255892745,0.016422040702953167,-0.3387102115215147,True,20,True,False,True,False,True,False,,1,STOP_BEFORE_TARGET,False,True,False,True,False,,2,STOP_BEFORE_TARGET,2022-09-21,2022-09-23,2022-09-27,2022-10-04,2022-10-18
TSLA|2022-09-21T00:00:00|Long,TSLA,2022-09-21,Long,-0.040591728559117746,0.0016290584170182143,-0.04980046900487323,True,-0.08241349412688781,0.0016290584170182143,-0.10136300356288686,True,-0.043184809712544237,0.0016290584170182143,-0.10136300356288686,True,-0.19943481605346425,0.0016290584170182143,-0.2245012841123737,True,-0.26183509874689215,0.0016290584170182143,-0.32127655602623784,True,20,True,False,True,False,True,False,,1,STOP_BEFORE_TARGET,False,True,False,True,False,,1,STOP_BEFORE_TARGET,2022-09-22,2022-09-26,2022-09-28,2022-10-05,2022-10-19
TSLA|2022-09-22T00:00:00|Long,TSLA,2022-09-22,Long,-0.04594757245188685,-0.014172342734645293,-0.054644960718624014,True,-0.019577927052846222,0.00027726910447056774,-0.06334245473254052,True,-0.07061923539078918,0.0014207133556678464,-0.07903946030023523,True,-0.1748501060168347,0.0014207133556678464,-0.19169060870931653,True,-0.2817491894743065,0.0014207133556678464,-0.30004503772372004,True,20,True,False,True,False,True,False,,1,STOP_BEFORE_TARGET,False,True,False,True,False,,1,STOP_BEFORE_TARGET,2022-09-23,2022-09-27,2022-09-29,2022-10-06,2022-10-20
TSLA|2022-09-23T00:00:00|Long,TSLA,2022-09-23,Long,0.0024698479153155706,0.031816402836041036,-0.018232627241836163,True,0.04532746738449611,0.049649562686287396,-0.018232627241836163,True,-0.036610565735163525,0.049649562686287396,-0.046707536333632005,True,-0.18980852721005836,0.049649562686287396,-0.19362214397163913,True,-0.22115275160875958,0.049649562686287396,-0.2663349077417645,True,20,True,True,True,True,False,False,1,4,TARGET_BEFORE_STOP,False,True,False,True,False,,4,STOP_BEFORE_TARGET,2022-09-26,2022-09-28,2022-09-30,2022-10-07,2022-10-21
TSLA|2022-09-26T00:00:00|Long,TSLA,2022-09-26,Long,0.02510775852537339,0.045867914981995384,0.005434585511133294,True,-0.02825991099804781,0.047063475144997424,-0.03706391299002154,True,-0.12177100351425918,0.047063475144997424,-0.12680705054323738,True,-0.1922031853004369,0.047063475144997424,-0.2088692696479637,True,-0.2346292071820737,0.047063475144997424,-0.28049712216406897,True,20,True,True,True,True,False,False,1,3,TARGET_BEFORE_STOP,False,True,False,True,False,,3,STOP_BEFORE_TARGET,2022-09-27,2022-09-29,2022-10-03,2022-10-10,2022-10-24
TSLA|2022-09-27T00:00:00|Long,TSLA,2022-09-27,Long,0.017212112374233923,0.021417959660365415,-0.018979271473992365,True,-0.06252209757815941,0.021417959660365415,-0.07234749785846295,True,-0.11839965968381394,0.021417959660365415,-0.14819399014903722,True,-0.2348201098046051,0.021417959660365415,-0.24012158710388032,True,-0.2138969525349953,0.021417959660365415,-0.2981197617010114,True,20,True,False,True,False,True,False,,2,STOP_BEFORE_TARGET,False,True,False,True,False,,2,STOP_BEFORE_TARGET,2022-09-28,2022-09-30,2022-10-04,2022-10-11,2022-10-25
TSLA|2022-09-28T00:00:00|Long,TSLA,2022-09-28,Long,-0.06810050474193607,-0.01445399290294791,-0.07654354944640829,True,-0.157777714628779,-0.01445399290294791,-0.1626072876159559,True,-0.16330217990579532,-0.01445399290294791,-0.18949999565261555,True,-0.24519645830253933,-0.01445399290294791,-0.2651054643653381,True,-0.21948507246029514,-0.01445399290294791,-0.3099961849050754,True,20,True,False,True,False,True,False,,1,STOP_BEFORE_TARGET,False,True,False,True,False,,1,STOP_BEFORE_TARGET,2022-09-29,2022-10-03,2022-10-05,2022-10-12,2022-10-26
TSLA|2022-09-29T00:00:00|Long,TSLA,2022-09-29,Long,-0.011036096899372572,0.02744124418785243,-0.021401105168508905,True,-0.06998243768564316,0.02744124418785243,-0.1014130636993732,True,-0.11215088002157314,0.02744124418785243,-0.13027101262358898,True,-0.17333429669103695,0.02744124418785243,-0.23112483579776544,True,-0.1607695331678558,0.02744124418785243,-0.25957271293097217,True,20,True,False,True,False,True,False,,1,STOP_BEFORE_TARGET,False,True,False,True,False,,2,STOP_BEFORE_TARGET,2022-09-30,2022-10-04,2022-10-06,2022-10-13,2022-10-27
TSLA|2022-09-30T00:00:00|Long,TSLA,2022-09-30,Long,-0.08614516909902215,-0.03803957149063386,-0.09138550610052432,True,-0.09213950025035345,-0.029217719132893505,-0.12056548813398327,True,-0.15901976503593307,-0.029217719132893505,-0.162978306230119,True,-0.22718188315489518,-0.029217719132893505,-0.23031101352644912,True,-0.13847312244124055,-0.029217719132893505,-0.25131009863189213,True,20,True,False,True,False,True,False,,1,STOP_BEFORE_TARGET,False,True,False,True,False,,1,STOP_BEFORE_TARGET,2022-10-03,2022-10-05,2022-10-07,2022-10-14,2022-10-28
TSLA|2022-10-03T00:00:00|Long,TSLA,2022-10-03,Long,0.029042940273044104,0.06229375612098398,-0.0016089084136486909,True,-0.017615466671568325,0.06229375612098398,-0.0376649746448523,True,-0.08019796894433473,0.06229375612098398,-0.09917489229145349,True,-0.09509071111120626,0.06229375612098398,-0.15775573926253972,True,-0.06130363442458442,0.06229375612098398,-0.18073431791133865,True,20,True,True,True,True,False,False,1,2,TARGET_BEFORE_STOP,True,True,True,False,False,1,2,TARGET_BEFORE_STOP,2022-10-04,2022-10-06,2022-10-10,2022-10-17,2022-10-31
TSLA|2022-10-04T00:00:00|Long,TSLA,2022-10-04,Long,-0.034597517632881325,-0.01110489193934161,-0.06482520049182439,True,-0.10571678503483761,-0.01110489193934161,-0.10992622634930538,True,-0.13205581349825357,-0.01110489193934161,-0.1380692836125843,True,-0.11726266722945078,-0.01110489193934161,-0.1815266129574915,True,-0.08667412967278998,-0.01110489193934161,-0.20385666134468694,True,20,True,False,True,False,True,False,,1,STOP_BEFORE_TARGET,False,True,False,True,False,,1,STOP_BEFORE_TARGET,2022-10-05,2022-10-07,2022-10-11,2022-10-18,2022-11-01
TSLA|2022-10-05T00:00:00|Long,TSLA,2022-10-05,Long,-0.011129075632041241,0.015655513934979437,-0.022673441760862167,True,-0.07412479143596729,0.015655513934979437,-0.09322701372803122,True,-0.09787796314268327,0.015655513934979437,-0.12167270191773727,True,-0.07794528658592681,0.015655513934979437,-0.15219465249804143,True,-0.10726299610866341,0.015655513934979437,-0.1753249518240213,True,20,True,False,True,False,True,False,,1,STOP_BEFORE_TARGET,False,True,False,True,False,,2,STOP_BEFORE_TARGET,2022-10-06,2022-10-10,2022-10-12,2022-10-19,2022-11-02
TSLA|2022-10-06T00:00:00|Long,TSLA,2022-10-06,Long,-0.06324275500689214,-0.014949806767717844,-0.06765212396598042,True,-0.09083275706250027,-0.014949806767717844,-0.09713183726760988,True,-0.06891195282251383,-0.014949806767717844,-0.13400244827531405,True,-0.1295511085161124,-0.014949806767717844,-0.151723865711894,True,-0.09583003761096309,-0.0030655985023280152,-0.16604379009012382,True,20,True,False,True,False,True,False,,1,STOP_BEFORE_TARGET,False,True,False,True,False,,1,STOP_BEFORE_TARGET,2022-10-07,2022-10-11,2022-10-13,2022-10-20,2022-11-03
TSLA|2022-10-07T00:00:00|Long,TSLA,2022-10-07,Long,-0.0004931214719139376,0.0175729503753852,-0.021114477783745644,True,-0.026135301204258887,0.0175729503753852,-0.05182235369087984,True,-0.08105079677868343,0.0175729503753852,-0.08477160999338129,True,-0.03868742815913084,0.03025955878590736,-0.09445468522173295,True,-0.06993322988886608,0.0642398623829239,-0.10974138244747489,True,20,True,True,True,False,True,False,7,1,STOP_BEFORE_TARGET,True,True,False,True,False,17,2,STOP_BEFORE_TARGET,2022-10-10,2022-10-12,2022-10-14,2022-10-21,2022-11-04
TSLA|2022-10-10T00:00:00|Long,TSLA,2022-10-10,Long,-0.02897383620084637,0.012513424839071252,-0.03570150015326545,True,-0.005561560171441049,0.012513424839071252,-0.07508075434643813,True,-0.016191247316315382,0.014800805945452522,-0.08432006855778651,True,-0.052520660034313105,0.030767852546556673,-0.1093021602176909,True,-0.1160746506256849,0.06476492082792484,-0.11795838831988181,True,20,True,True,True,False,True,False,6,1,STOP_BEFORE_TARGET,True,True,False,True,False,16,1,STOP_BEFORE_TARGET,2022-10-11,2022-10-13,2022-10-17,2022-10-24,2022-11-07
TSLA|2022-10-11T00:00:00|Long,TSLA,2022-10-11,Long,0.003418039229395209,0.012933039500035992,-0.023048524217847866,True,-0.05316394691379189,0.0450808060361938,-0.05699767361612296,True,0.017043891184324478,0.06152428325274251,-0.05699767361612296,True,0.027344102396976044,0.06152428325274251,-0.08272519012521651,True,-0.1163972145415344,0.09653576857498547,-0.1374133949191686,True,20,True,True,True,False,True,False,3,1,STOP_BEFORE_TARGET,True,True,False,True,False,5,2,STOP_BEFORE_TARGET,2022-10-12,2022-10-14,2022-10-18,2022-10-25,2022-11-08
TSLA|2022-10-12T00:00:00|Long,TSLA,2022-10-12,Long,0.020622332969329804,0.02646842135244265,-0.05072732458942841,True,0.009712762644990658,0.04152084692317737,-0.06020991300088274,True,0.022095321633196052,0.05790831114414852,-0.06020991300088274,True,0.034063679383939505,0.06149880442150857,-0.08584979139977189,True,-0.1825170693826056,0.0928005334816413,-0.18468058074708082,True,20,True,True,True,False,True,False,2,1,STOP_BEFORE_TARGET,True,True,False,True,False,4,1,STOP_BEFORE_TARGET,2022-10-13,2022-10-17,2022-10-19,2022-10-26,2022-11-09
TSLA|2022-10-13T00:00:00|Long,TSLA,2022-10-13,Long,-0.07545550981161053,0.02047624599105813,-0.07919897826950795,True,-0.006900589801882129,0.03653259092062133,-0.07919897826950795,True,-0.06512719809627132,0.03653259092062133,-0.0889410116910182,True,0.015199328426094283,0.05452821699137589,-0.10432078637681663,True,-0.13981598335434864,0.07071979338559164,-0.20115463583783844,True,20,True,True,True,False,True,False,3,1,STOP_BEFORE_TARGET,True,True,False,True,False,10,1,STOP_BEFORE_TARGET,2022-10-14,2022-10-18,2022-10-20,2022-10-27,2022-11-10
TSLA|2022-10-14T00:00:00|Long,TSLA,2022-10-14,Long,0.07005219876844393,0.0822966713747908,0.021757116618189798,True,0.08317472723584718,0.1211278655821233,0.021757116618189798,True,0.04609979362412053,0.1211278655821233,-0.014586103775990011,True,0.1147860780953125,0.14059218153633712,-0.031221078997858087,True,-0.044002166109321506,0.1581052126192617,-0.1359578985762111,True,20,True,True,True,True,False,False,1,6,TARGET_BEFORE_STOP,True,True,True,False,False,1,6,TARGET_BEFORE_STOP,2022-10-17,2022-10-19,2022-10-21,2022-10-28,2022-11-11
TSLA|2022-10-17T00:00:00|Long,TSLA,2022-10-17,Long,0.003829479437051919,0.047731939500207377,-0.009573768156288964,True,-0.055026245672966545,0.047731939500207377,-0.07909735865394873,True,-0.03692731195864696,0.047731939500207377,-0.09464330607690041,True,0.03733752885674502,0.06592200160803352,-0.09464330607690041,True,-0.12947348240268985,0.08228852195449954,-0.19252340921476407,True,20,True,True,True,True,False,False,1,3,TARGET_BEFORE_STOP,True,True,False,True,False,7,3,STOP_BEFORE_TARGET,2022-10-18,2022-10-20,2022-10-24,2022-10-31,2022-11-14
TSLA|2022-10-18T00:00:00|Long,TSLA,2022-10-18,Long,0.008401793106927569,0.012443754048752087,-0.010945109384567497,True,-0.026113810510221103,0.012443754048752087,-0.08261048294527684,True,0.010127597542183953,0.018892790844200036,-0.09809712459249142,True,0.03465191333944828,0.07815973143311905,-0.09809712459249142,True,-0.11703530581193611,0.07815973143311905,-0.19560382781538832,True,20,True,True,True,False,True,False,6,2,STOP_BEFORE_TARGET,True,True,False,True,False,7,2,STOP_BEFORE_TARGET,2022-10-19,2022-10-21,2022-10-25,2022-11-01,2022-11-15
TSLA|2022-10-19T00:00:00|Long,TSLA,2022-10-19,Long,-0.0664744863679374,-0.02922892465598148,-0.09025398077862568,True,-0.048594819007349854,-0.02922892465598148,-0.10561159096245898,True,0.011709629715963343,0.03855167121335623,-0.10561159096245898,True,-0.03179606274575886,0.06917672975497635,-0.10561159096245898,True,-0.15816968194522485,0.06917672975497635,-0.20230588870113575,True,20,True,True,True,False,True,False,5,1,STOP_BEFORE_TARGET,True,True,False,True,False,6,1,STOP_BEFORE_TARGET,2022-10-20,2022-10-24,2022-10-26,2022-11-02,2022-11-16
TSLA|2022-10-20T00:00:00|Long,TSLA,2022-10-20,Long,0.03454266549727758,0.03560403766052911,-0.016788864087385558,True,0.07304129428217943,0.08235240942081523,-0.0419239796052826,True,0.08592241250231325,0.12799111798309548,-0.0419239796052826,True,0.03873986311552846,0.1453106681521068,-0.0419239796052826,True,-0.11631609780171259,0.1453106681521068,-0.145503685062361,True,20,True,True,True,True,False,False,1,2,TARGET_BEFORE_STOP,True,True,False,True,False,3,2,STOP_BEFORE_TARGET,2022-10-21,2022-10-25,2022-10-27,2022-11-03,2022-11-17
TSLA|2022-10-21T00:00:00|Long,TSLA,2022-10-21,Long,-0.014875967194030837,-0.004383521874203988,-0.07391347660447123,True,0.04756573788525875,0.07535909101906002,-0.07391347660447123,True,0.06565939969573509,0.0903282731610684,-0.07391347660447123,True,-0.032503269638824106,0.10706953550493337,-0.07391347660447123,True,-0.15971833431292048,0.10706953550493337,-0.17669277633962688,True,20,True,True,True,False,True,False,2,1,STOP_BEFORE_TARGET,True,True,False,True,False,3,1,STOP_BEFORE_TARGET,2022-10-24,2022-10-26,2022-10-28,2022-11-04,2022-11-18
TSLA|2022-10-24T00:00:00|Long,TSLA,2022-10-24,Long,0.05287573097725584,0.062011863211908214,-0.00591715976331364,True,0.06551477556397933,0.10679288785133134,-0.00591715976331364,True,0.07711239425388317,0.10679288785133134,-0.00591715976331364,True,-0.0670769144092086,0.1237869533561391,-0.0690650714219675,True,-0.20534913553994083,0.1237869533561391,-0.2069112743851701,True,20,True,True,True,True,False,False,1,9,TARGET_BEFORE_STOP,True,True,True,False,False,1,9,TARGET_BEFORE_STOP,2022-10-25,2022-10-27,2022-10-31,2022-11-07,2022-11-21
TSLA|2022-10-25T00:00:00|Long,TSLA,2022-10-25,Long,0.009981122376490958,0.036777304207856965,-0.01897311957307768,True,0.02742561889098738,0.051209421290422164,-0.02729067581782396,True,0.024278433592880955,0.06735003979345677,-0.02729067581782396,True,-0.13991545442577258,0.06735003979345677,-0.16037226176870645,True,-0.2360848616991288,0.06735003979345677,-0.2528099819730598,True,20,True,True,True,True,False,False,1,3,TARGET_BEFORE_STOP,True,True,True,False,False,2,6,TARGET_BEFORE_STOP,2022-10-26,2022-10-28,2022-11-01,2022-11-08,2022-11-22
TSLA|2022-10-26T00:00:00|Long,TSLA,2022-10-26,Long,0.00200319154854367,0.04082086090571746,-0.007968274977725565,True,0.012909517024411121,0.04082086090571746,-0.03690346024152824,True,-0.043002153171099566,0.0568019700031388,-0.043714352261889244,True,-0.20944623922539907,0.0568019700031388,-0.21153848113236196,True,-0.18447294584223473,0.0568019700031388,-0.26019407544093687,True,20,True,True,True,True,False,False,1,2,TARGET_BEFORE_STOP,True,True,False,True,False,4,2,STOP_BEFORE_TARGET,2022-10-27,2022-10-31,2022-11-02,2022-11-09,2022-11-23
TSLA|2022-10-27T00:00:00|Long,TSLA,2022-10-27,Long,0.015238384603380561,0.016748875266769492,-0.03882887012559677,True,0.01212853094648425,0.054689225460356594,-0.03882887012559677,True,-0.04344928223560751,0.054689225460356594,-0.06641786481616985,True,-0.1526944585560056,0.054689225460356594,-0.2131147629888165,True,-0.18761382742281496,0.054689225460356594,-0.2616730856757734,True,20,True,True,True,False,True,False,3,1,STOP_BEFORE_TARGET,True,True,False,True,False,3,1,STOP_BEFORE_TARGET,2022-10-28,2022-11-01,2022-11-03,2022-11-10,2022-11-25
TSLA|2022-10-28T00:00:00|Long,TSLA,2022-10-28,Long,-0.004288512900427199,0.00582006741724439,-0.02879398611952344,True,-0.059250867721752365,0.0388586970855993,-0.05995097449721687,True,-0.0921144873892975,0.0388586970855993,-0.11132505673802862,True,-0.1424383093085756,0.0388586970855993,-0.22492564411993443,True,-0.19954492058011442,0.0388586970855993,-0.27275512281515435,True,20,True,True,True,False,True,False,2,1,STOP_BEFORE_TARGET,False,True,False,True,False,,3,STOP_BEFORE_TARGET,2022-10-31,2022-11-02,2022-11-04,2022-11-11,2022-11-28
TSLA|2022-10-31T00:00:00|Long,TSLA,2022-10-31,Long,0.0012306146011606955,0.04333304430554574,-0.001142632128449561,True,-0.0537487742304702,0.04333304430554574,-0.07647004662869872,True,-0.13386653930667258,0.04333304430554574,-0.13571236061869651,True,-0.1608068797465354,0.04333304430554574,-0.22158741169312546,True,-0.2052825561805306,0.04333304430554574,-0.2696228911617248,True,20,True,True,True,True,False,False,1,2,TARGET_BEFORE_STOP,False,True,False,True,False,,2,STOP_BEFORE_TARGET,2022-11-01,2022-11-03,2022-11-07,2022-11-14,2022-11-29
TSLA|2022-11-01T00:00:00|Long,TSLA,2022-11-01,Long,-0.05636033352596026,0.00021941792363122659,-0.05706259144087922,True,-0.08932492954648541,0.00021941792363122659,-0.10859452505396372,True,-0.16030200640143089,0.00021941792363122659,-0.18027392680121623,True,-0.14660700588838405,0.00021941792363122659,-0.22254416020133938,True,-0.14537797081554082,0.00021941792363122659,-0.2705205991636399,True,20,True,False,True,False,True,False,,1,STOP_BEFORE_TARGET,False,True,False,True,False,,1,STOP_BEFORE_TARGET,2022-11-02,2022-11-04,2022-11-08,2022-11-15,2022-11-30
TSLA|2022-11-02T00:00:00|Long,TSLA,2022-11-02,Long,0.0015350350619269815,0.028932930246152955,-0.022513705619497393,True,-0.08326353266454822,0.041027107170459765,-0.08521719429489638,True,-0.17392315625978383,0.041027107170459765,-0.17610941186516027,True,-0.1305237608905545,0.041027107170459765,-0.17610941186516027,True,-0.09433435288090386,0.041027107170459765,-0.2269513175912804,True,20,True,True,True,False,True,False,2,1,STOP_BEFORE_TARGET,False,True,False,True,False,,2,STOP_BEFORE_TARGET,2022-11-03,2022-11-07,2022-11-09,2022-11-16,2022-12-01
TSLA|2022-11-03T00:00:00|Long,TSLA,2022-11-03,Long,-0.03641259777431871,0.03943154330701071,-0.05680180143149571,True,-0.11151360725969972,0.03943154330701071,-0.13264594251282513,True,-0.1142074061433157,0.03943154330701071,-0.1773721744203418,True,-0.14927313991029123,0.03943154330701071,-0.1773721744203418,True,-0.09497931902895962,0.03943154330701071,-0.22813615565538314,True,20,True,True,True,,,False,1,1,AMBIGUOUS,False,True,False,True,False,,1,STOP_BEFORE_TARGET,2022-11-04,2022-11-08,2022-11-10,2022-11-17,2022-12-02
TSLA|2022-11-04T00:00:00|Long,TSLA,2022-11-04,Long,-0.05007952633400592,0.006892527437063256,-0.05210390656475805,True,-0.14402084497520506,0.006892527437063256,-0.14628623861253942,True,-0.05542970035348138,0.006892527437063256,-0.14628623861253942,True,-0.13148888330258823,0.006892527437063256,-0.1490335855160725,True,-0.12059576866655086,0.006892527437063256,-0.1989685185155221,True,20,True,False,True,False,True,False,,1,STOP_BEFORE_TARGET,False,True,False,True,False,,1,STOP_BEFORE_TARGET,2022-11-07,2022-11-09,2022-11-11,2022-11-18,2022-12-05
TSLA|2022-11-07T00:00:00|Long,TSLA,2022-11-07,Long,-0.02932818513088775,-0.009539298078676262,-0.05241527164136117,True,-0.0322711617173802,-0.006038169425360396,-0.10127870168672792,True,-0.03110414464105493,-0.002841473276795514,-0.10127870168672792,True,-0.1482139559695521,0.018977092847655586,-0.14988841217002236,True,-0.08757861957821544,0.018977092847655586,-0.15673837579993866,True,20,True,False,True,False,True,False,,1,STOP_BEFORE_TARGET,False,True,False,True,False,,1,STOP_BEFORE_TARGET,2022-11-08,2022-11-10,2022-11-14,2022-11-21,2022-12-06
TSLA|2022-11-08T00:00:00|Long,TSLA,2022-11-08,Long,-0.07166757185130745,0.02399370760411723,-0.07412445221307074,True,0.024411908491615675,0.0272869897408774,-0.07412445221307074,True,0.016309435794119365,0.049764788921018654,-0.07412445221307074,True,-0.11181389988719026,0.049764788921018654,-0.13125980245571578,True,-0.09022482744527272,0.049764788921018654,-0.13125980245571578,True,20,True,True,True,False,True,False,5,1,STOP_BEFORE_TARGET,False,True,False,True,False,,1,STOP_BEFORE_TARGET,2022-11-09,2022-11-11,2022-11-15,2022-11-22,2022-12-07
TSLA|2022-11-09T00:00:00|Long,TSLA,2022-11-09,Long,0.07393437216942544,0.0755110306810014,0.013739526390685874,True,0.07522946610648185,0.1065938866204672,0.013739526390685874,True,0.052536753327608654,0.1308069793645903,0.013739526390685874,True,0.03158962062073423,0.1308069793645903,-0.06419277060400541,True,-0.023368399020564312,0.1308069793645903,-0.06419277060400541,True,20,True,True,True,True,False,False,1,8,TARGET_BEFORE_STOP,True,True,True,False,False,1,8,TARGET_BEFORE_STOP,2022-11-10,2022-11-14,2022-11-16,2022-11-23,2022-12-08
TSLA|2022-11-10T00:00:00|Long,TSLA,2022-11-10,Long,0.027527264924482875,0.03041108963210415,-0.04262796157076565,True,0.019400151659817233,0.052957246428641636,-0.04262796157076565,True,-0.03958684460693174,0.052957246428641636,-0.05148913203316807,True,-0.04121225125861805,0.052957246428641636,-0.12861786190379954,True,-0.06118916785995965,0.052957246428641636,-0.12861786190379954,True,20,True,True,True,,,False,1,1,AMBIGUOUS,True,True,False,True,False,3,1,STOP_BEFORE_TARGET,2022-11-11,2022-11-15,2022-11-17,2022-11-25,2022-12-09
TSLA|2022-11-11T00:00:00|Long,TSLA,2022-11-11,Long,-0.02561618738169713,-0.0012247052695262273,-0.04914019912653422,True,-0.046180553122340484,0.02474871701436343,-0.052610080595869024,True,-0.08052252222790623,0.02474871701436343,-0.09909679056987064,True,-0.06659184043715338,0.02474871701436343,-0.1519620278297512,True,-0.14364440333284278,0.02474871701436343,-0.1519620278297512,True,20,True,False,True,False,True,False,,1,STOP_BEFORE_TARGET,False,True,False,True,False,,1,STOP_BEFORE_TARGET,2022-11-14,2022-11-16,2022-11-18,2022-11-28,2022-12-12
TSLA|2022-11-14T00:00:00|Long,TSLA,2022-11-14,Long,0.018172303095892017,0.05168897896684377,0.0058130433521421665,True,-0.04074364442857614,0.05168897896684377,-0.052631595770498585,True,-0.12086934904382651,0.05168897896684377,-0.1225975597603951,True,-0.052998142335297205,0.05168897896684377,-0.1296674255174104,True,-0.15710919339858187,0.05168897896684377,-0.1782665296159156,True,20,True,True,True,True,False,False,1,2,TARGET_BEFORE_STOP,True,True,True,False,False,1,3,TARGET_BEFORE_STOP,2022-11-15,2022-11-17,2022-11-21,2022-11-29,2022-12-13
TSLA|2022-11-15T00:00:00|Long,TSLA,2022-11-15,Long,-0.03857627852399581,-0.009515434945735257,-0.04505706506191687,True,-0.07319203714410905,-0.009515434945735257,-0.09191438784840944,True,-0.12606724996230823,-0.009515434945735257,-0.1452010903889014,True,0.0014401747862047287,0.0017487724570142138,-0.1452010903889014,True,-0.19349858796159858,0.02314576711439753,-0.20116243688247604,True,20,True,False,True,False,True,False,,1,STOP_BEFORE_TARGET,False,True,False,True,False,,1,STOP_BEFORE_TARGET,2022-11-16,2022-11-18,2022-11-22,2022-11-30,2022-12-14
TSLA|2022-11-16T00:00:00|Long,TSLA,2022-11-16,Long,-0.020062058831236462,-0.004065881202015786,-0.03220631463424173,True,-0.10191527518922672,-0.004065881202015786,-0.10368074616230272,True,-0.019901568891204757,-0.004065881202015786,-0.11090303836191195,True,0.041622078191253964,0.06419858825995672,-0.11090303836191195,True,-0.1564840588836447,0.06419858825995672,-0.1799700391567699,True,20,True,True,True,False,True,False,9,1,STOP_BEFORE_TARGET,True,True,False,True,False,10,1,STOP_BEFORE_TARGET,2022-11-17,2022-11-21,2022-11-23,2022-12-01,2022-12-15
TSLA|2022-11-17T00:00:00|Long,TSLA,2022-11-17,Long,-0.016269016527425406,0.011028030205021855,-0.03614126321648814,True,-0.07239173794501919,0.011028030205021855,-0.09270074737827816,True,-0.0016924035687756467,0.01108259430905556,-0.09270074737827816,True,0.06382050858909816,0.08598569720720928,-0.09270074737827816,True,-0.17983295720199943,0.08598569720720928,-0.18087025830646852,True,20,True,True,True,False,True,False,8,1,STOP_BEFORE_TARGET,True,True,False,True,False,8,1,STOP_BEFORE_TARGET,2022-11-18,2022-11-22,2022-11-25,2022-12-02,2022-12-16
TSLA|2022-11-18T00:00:00|Long,TSLA,2022-11-18,Long,-0.06837231343190053,-0.018979955172914842,-0.070203723757576,True,0.01670455888813649,0.019035421662179086,-0.07769576452807081,True,0.015150650372108165,0.04611797239581028,-0.07769576452807081,True,0.012542285788418539,0.10394580983276058,-0.07769576452807081,True,-0.16826686782513445,0.10394580983276058,-0.19074307481828157,True,20,True,True,True,False,True,False,5,1,STOP_BEFORE_TARGET,True,True,False,True,False,7,1,STOP_BEFORE_TARGET,2022-11-21,2022-11-23,2022-11-28,2022-12-05,2022-12-19
TSLA|2022-11-21T00:00:00|Long,TSLA,2022-11-21,Long,0.012152311933396831,0.018168839819341365,-0.010007700748477899,True,0.08929532334053958,0.10323465976726132,-0.010007700748477899,True,0.07720263948789663,0.12289274726201671,-0.010007700748477899,True,0.0711861116019521,0.18496457946568867,-0.010007700748477899,True,-0.17912666313261216,0.18496457946568867,-0.1799606381949853,True,20,True,True,True,True,False,False,2,15,TARGET_BEFORE_STOP,True,True,True,False,False,2,15,TARGET_BEFORE_STOP,2022-11-22,2022-11-25,2022-11-29,2022-12-06,2022-12-20
TSLA|2022-11-22T00:00:00|Long,TSLA,2022-11-22,Long,0.07821783885404354,0.08068972491073811,0.015243342252179604,True,0.07656991481624709,0.109410840663976,0.015243342252179604,True,0.1459007283375222,0.1462538420877464,0.015243342252179604,True,0.02430692446006022,0.17073741322804348,0.013595418214383148,True,-0.19033603461161352,0.17073741322804348,-0.20022366864351693,True,20,True,True,True,True,False,False,1,14,TARGET_BEFORE_STOP,True,True,True,False,False,1,14,TARGET_BEFORE_STOP,2022-11-23,2022-11-28,2022-11-30,2022-12-07,2022-12-21
TSLA|2022-11-23T00:00:00|Long,TSLA,2022-11-23,Long,-0.0018558752377418886,0.010917030749542311,-0.014028341202187655,True,-0.012936654785300372,0.028930148144353796,-0.0242903767596645,True,0.06277292680986779,0.08580786835462861,-0.0242903767596645,True,-0.05327508007324555,0.08580786835462861,-0.07718340406765012,True,-0.3157751061014751,0.08580786835462861,-0.3326418986198375,True,20,True,True,True,False,True,False,4,2,STOP_BEFORE_TARGET,True,True,True,False,False,4,8,TARGET_BEFORE_STOP,2022-11-25,2022-11-29,2022-12-01,2022-12-08,2022-12-22
TSLA|2022-11-25T00:00:00|Long,TSLA,2022-11-25,Long,0.0003281065208000644,0.030843264633179546,-0.02110904843851924,True,0.06474896805409047,0.06507707457489054,-0.02247621457198501,True,0.06562397440635626,0.0878267390626084,-0.02247621457198501,True,-0.02083559852278638,0.0878267390626084,-0.07546758725634939,True,-0.3265339543102491,0.0878267390626084,-0.3381822364698409,True,20,True,True,True,,,False,1,1,AMBIGUOUS,True,True,True,False,False,3,7,TARGET_BEFORE_STOP,2022-11-28,2022-11-30,2022-12-02,2022-12-09,2022-12-23
TSLA|2022-11-28T00:00:00|Long,TSLA,2022-11-28,Long,-0.011425739989130657,0.018915409733776256,-0.022796841300500637,True,0.06439973156142753,0.08746993308638884,-0.022796841300500637,True,-0.0025694359578389836,0.08746993308638884,-0.022796841300500637,True,-0.08254969929958222,0.08746993308638884,-0.08418977722851773,True,-0.4035644021089695,0.08746993308638884,-0.40542311816677645,True,20,True,True,True,False,True,False,2,1,STOP_BEFORE_TARGET,True,True,True,False,False,2,6,TARGET_BEFORE_STOP,2022-11-29,2022-12-01,2022-12-05,2022-12-12,2022-12-27
TSLA|2022-11-29T00:00:00|Long,TSLA,2022-11-29,Long,0.07670184691003823,0.07703363675677966,-0.0011059942831225245,True,0.07758667608931824,0.1000386891263303,-0.0011059942831225245,True,-0.005585325978039624,0.1000386891263303,-0.030415306886622306,True,-0.10993753625787128,0.1000386891263303,-0.13227892455198453,True,-0.3767074161190629,0.1000386891263303,-0.4014267722847469,True,20,True,True,True,True,False,False,1,5,TARGET_BEFORE_STOP,True,True,True,False,False,1,5,TARGET_BEFORE_STOP,2022-11-30,2022-12-02,2022-12-06,2022-12-13,2022-12-28
TSLA|2022-11-30T00:00:00|Long,TSLA,2022-11-30,Long,0.0,0.021674377436302406,-0.014894678695117292,True,-0.06291730966619613,0.021674377436302406,-0.0726758814497872,True,-0.10611198760111695,0.021674377436302406,-0.11545966142729325,True,-0.19465842059853478,0.021674377436302406,-0.20231124811018675,True,-0.3743194576052917,0.021674377436302406,-0.4440677988683104,True,20,True,False,True,False,True,False,,3,STOP_BEFORE_TARGET,False,True,False,True,False,,3,STOP_BEFORE_TARGET,2022-12-01,2022-12-05,2022-12-07,2022-12-14,2022-12-29
TSLA|2022-12-01T00:00:00|Long,TSLA,2022-12-01,Long,0.0008217959148295595,0.00796098138702006,-0.018438605003393893,True,-0.0764252175513852,0.00796098138702006,-0.09948636579761583,True,-0.10919360472556949,0.00796098138702006,-0.13168977807670135,True,-0.19019003266415402,0.00796098138702006,-0.21273753887092328,True,-0.3673343490707852,0.00796098138702006,-0.4440677988683104,True,20,True,False,True,False,True,False,,2,STOP_BEFORE_TARGET,False,True,False,True,False,,2,STOP_BEFORE_TARGET,2022-12-02,2022-12-06,2022-12-08,2022-12-15,2022-12-30
TSLA|2022-12-02T00:00:00|Long,TSLA,2022-12-02,Long,-0.06368676805520912,-0.01842346467538658,-0.07343732686939941,True,-0.1068459779277694,-0.01842346467538658,-0.11618597618153625,True,-0.08113516118789277,-0.01842346467538658,-0.13240276593936973,True,-0.22903625548095996,-0.01842346467538658,-0.230011327023663,True,-0.4452427479445543,-0.01842346467538658,-0.46299908107416043,True,20,True,False,True,False,True,False,,1,STOP_BEFORE_TARGET,False,True,False,True,False,,1,STOP_BEFORE_TARGET,2022-12-05,2022-12-07,2022-12-09,2022-12-16,2023-01-03
TSLA|2022-12-05T00:00:00|Long,TSLA,2022-12-05,Long,-0.01441485156488942,0.006577127806598915,-0.03902436413417598,True,-0.04938336342856675,0.006577127806598915,-0.07338996773700657,True,-0.08018629689631462,0.006577127806598915,-0.08183059975614371,True,-0.17856948411074547,0.006577127806598915,-0.2007672800039274,True,-0.37714441605671234,0.006577127806598915,-0.4264730000552812,True,20,True,False,True,False,True,False,,1,STOP_BEFORE_TARGET,False,True,False,True,False,,1,STOP_BEFORE_TARGET,2022-12-06,2022-12-08,2022-12-12,2022-12-19,2023-01-04
TSLA|2022-12-06T00:00:00|Long,TSLA,2022-12-06,Long,-0.032143331123685615,-0.0024469048130607574,-0.042264518929824524,True,-0.004282083422856298,0.01490375134369315,-0.05983766726371276,True,-0.10493832503272893,0.01490375134369315,-0.12740519813683593,True,-0.2336781368087596,0.01490375134369315,-0.23445668971692413,True,-0.3863864317447969,0.01490375134369315,-0.4180847785142139,True,20,True,False,True,False,True,False,,1,STOP_BEFORE_TARGET,False,True,False,True,False,,1,STOP_BEFORE_TARGET,2022-12-07,2022-12-09,2022-12-13,2022-12-20,2023-01-05
TSLA|2022-12-07T00:00:00|Long,TSLA,2022-12-07,Long,-0.003447430865732959,0.006665155750737339,-0.02861408825356382,True,-0.03573883131383493,0.04860955550577617,-0.03746259058372059,True,-0.09905763559776382,0.04860955550577617,-0.10761891777797161,True,-0.20954945626753207,0.04860955550577617,-0.21920245557446882,True,-0.3503792121347883,0.04860955550577617,-0.41501952720021285,True,20,True,True,True,False,True,False,2,1,STOP_BEFORE_TARGET,False,True,False,True,False,,3,STOP_BEFORE_TARGET,2022-12-08,2022-12-12,2022-12-14,2022-12-21,2023-01-06
TSLA|2022-12-08T00:00:00|Long,TSLA,2022-12-08,Long,0.0323454827685834,0.05223707005916656,-0.00046126516333344636,True,-0.07201340704191694,0.05223707005916656,-0.09530672593758327,True,-0.09092483885191693,0.05223707005916656,-0.11623618184000017,True,-0.27727169793791684,0.05223707005916656,-0.2950876359821667,True,-0.309444217267417,0.05223707005916656,-0.41299587104775026,True,20,True,True,True,True,False,False,1,2,TARGET_BEFORE_STOP,True,True,True,False,False,1,2,TARGET_BEFORE_STOP,2022-12-09,2022-12-13,2022-12-15,2022-12-22,2023-01-09
TSLA|2022-12-09T00:00:00|Long,TSLA,2022-12-09,Long,-0.0627198857086465,-0.00938289810631654,-0.06439541235843438,True,-0.1242669624170194,-0.00938289810631654,-0.1325886908044428,True,-0.16096066368615347,-0.00938289810631654,-0.1620218334050466,True,-0.3122032983697852,-0.00938289810631654,-0.3240994438403708,True,-0.33621895309454286,-0.00938289810631654,-0.43138790380716363,True,20,True,False,True,False,True,False,,1,STOP_BEFORE_TARGET,False,True,False,True,False,,1,STOP_BEFORE_TARGET,2022-12-12,2022-12-14,2022-12-16,2022-12-23,2023-01-10
TSLA|2022-12-12T00:00:00|Long,TSLA,2022-12-12,Long,-0.04093677795344208,0.043081846096997944,-0.0650101488854774,True,-0.060481520154293644,0.043081846096997944,-0.08664049523506101,True,-0.10695990599233407,0.043081846096997944,-0.1310928318427328,True,-0.3498987384540744,0.043081846096997944,-0.35192469676090343,True,-0.26576095910513775,0.043081846096997944,-0.39333814137010137,True,20,True,True,True,,,False,1,1,AMBIGUOUS,False,True,False,True,False,,1,STOP_BEFORE_TARGET,2022-12-13,2022-12-15,2022-12-19,2022-12-27,2023-01-11
TSLA|2022-12-13T00:00:00|Long,TSLA,2022-12-13,Long,-0.025784367661833008,0.00416277217551464,-0.03504193536246003,True,-0.06660454441729768,0.00416277217551464,-0.06778505044406913,True,-0.14383345346647558,0.00416277217551464,-0.14470328504338115,True,-0.29972040247557385,0.00416277217551464,-0.32749301077292337,True,-0.2323081708517969,0.00416277217551464,-0.3674433085492167,True,20,True,False,True,False,True,False,,1,STOP_BEFORE_TARGET,False,True,False,True,False,,1,STOP_BEFORE_TARGET,2022-12-14,2022-12-16,2022-12-20,2022-12-28,2023-01-12
TSLA|2022-12-14T00:00:00|Long,TSLA,2022-12-14,Long,0.005548438139381551,0.026339219028332472,-0.022449006402755156,True,-0.0441964783143709,0.026721953825620703,-0.0700254815933562,True,-0.12264027648769538,0.026721953825620703,-0.13335461259657777,True,-0.2230867517610131,0.026721953825620703,-0.3096939046101881,True,-0.21938776056352416,0.026721953825620703,-0.35070155881956533,True,20,True,False,True,False,True,False,,1,STOP_BEFORE_TARGET,False,True,False,True,False,,2,STOP_BEFORE_TARGET,2022-12-15,2022-12-19,2022-12-21,2022-12-29,2023-01-13
TSLA|2022-12-15T00:00:00|Long,TSLA,2022-12-15,Long,-0.047187179094365206,0.021056683977768165,-0.04839224311169754,True,-0.12602267614601326,0.021056683977768165,-0.12691060277298272,True,-0.20498509589752734,0.021056683977768165,-0.22458296723497517,True,-0.2187480070039265,0.021056683977768165,-0.31350289135039466,True,-0.1660429566805035,0.021056683977768165,-0.3542842725887324,True,20,True,False,True,False,True,False,,1,STOP_BEFORE_TARGET,False,True,False,True,False,,1,STOP_BEFORE_TARGET,2022-12-16,2022-12-20,2022-12-22,2022-12-30,2023-01-17
TSLA|2022-12-16T00:00:00|Long,TSLA,2022-12-16,Long,-0.00239632976495896,0.03341545906428256,-0.02935491265884327,True,-0.08427071000042352,0.03341545906428256,-0.09545361609340663,True,-0.18025690588964083,0.03341545906428256,-0.19443519879644178,True,-0.28043665347515556,0.03341545906428256,-0.30346799996302865,True,-0.14278105277420394,0.03341545906428256,-0.3223057947546045,True,20,True,True,True,,,False,1,1,AMBIGUOUS,False,True,False,True,False,,2,STOP_BEFORE_TARGET,2022-12-19,2022-12-21,2022-12-23,2023-01-03,2023-01-18
TSLA|2022-12-19T00:00:00|Long,TSLA,2022-12-19,Long,-0.08053641461716088,-0.009341388817619478,-0.08147055349892285,True,-0.16360844359735616,-0.009341388817619478,-0.1842262886534961,True,-0.27203575079312714,-0.009341388817619478,-0.2743043592469059,True,-0.24174282316623696,-0.009341388817619478,-0.30179487022851026,True,-0.15146458722769984,-0.009341388817619478,-0.32067791502237863,True,20,True,False,True,False,True,False,,1,STOP_BEFORE_TARGET,False,True,False,True,False,,1,STOP_BEFORE_TARGET,2022-12-20,2022-12-22,2022-12-27,2023-01-04,2023-01-19
TSLA|2022-12-20T00:00:00|Long,TSLA,2022-12-20,Long,-0.0016690545895901021,0.025108790845081108,-0.013860693902829402,True,-0.1063135065416243,0.025108790845081108,-0.12177072595846616,True,-0.18207549645598575,0.025108790845081108,-0.21451382099669125,True,-0.19927435490370182,0.025108790845081108,-0.24063862792263102,True,-0.031785230666267594,0.025108790845081108,-0.26117565091523387,True,20,True,False,True,False,True,False,,2,STOP_BEFORE_TARGET,False,True,False,True,False,,2,STOP_BEFORE_TARGET,2022-12-21,2022-12-23,2022-12-28,2023-01-05,2023-01-20
TSLA|2022-12-21T00:00:00|Long,TSLA,2022-12-21,Long,-0.08882756559936855,-0.006832902459552037,-0.1112888302165046,True,-0.20694924281715588,-0.006832902459552037,-0.20942068513589718,True,-0.11448721953089402,-0.006832902459552037,-0.2132006098634972,True,-0.17816390536245974,-0.006832902459552037,-0.2599404511286202,True,0.04492252923427209,0.056771077580795026,-0.2599404511286202,True,20,True,True,True,False,True,False,20,1,STOP_BEFORE_TARGET,True,True,False,True,False,20,1,STOP_BEFORE_TARGET,2022-12-22,2022-12-27,2022-12-29,2023-01-06,2023-01-23
TSLA|2022-12-22T00:00:00|Long,TSLA,2022-12-22,Long,-0.017550833466474902,0.026086930058810465,-0.03454329384733601,True,-0.10083765092552444,0.026086930058810465,-0.13649781267355965,True,-0.017311513325573125,0.026086930058810465,-0.13649781267355965,True,-0.0445153721498186,0.026086930058810465,-0.18779418589611907,True,0.14790587268618904,0.16872757705095132,-0.18779418589611907,True,20,True,True,True,False,True,False,15,1,STOP_BEFORE_TARGET,True,True,False,True,False,15,1,STOP_BEFORE_TARGET,2022-12-23,2022-12-28,2022-12-30,2023-01-09,2023-01-24
TSLA|2022-12-23T00:00:00|Long,TSLA,2022-12-23,Long,-0.1140885333144338,-0.028258248589646207,-0.11684936428217996,True,-0.010799852331103699,0.003410460119702474,-0.12107189181785083,True,-0.12220871185775162,0.010799852331103699,-0.15030452218338586,True,-0.034916792517085016,0.010799852331103699,-0.17328464232946628,True,0.17279732753743038,0.18960615659606228,-0.17328464232946628,True,20,True,True,True,False,True,False,14,1,STOP_BEFORE_TARGET,True,True,False,True,False,14,1,STOP_BEFORE_TARGET,2022-12-27,2022-12-29,2023-01-03,2023-01-10,2023-01-25
TSLA|2022-12-27T00:00:00|Long,TSLA,2022-12-27,Long,0.03308891531476843,0.06571950750893962,-0.007882682148300457,True,0.12905593059558584,0.14097163242821398,-0.007882682148300457,True,0.04161320787373102,0.14097163242821398,-0.04087991885289155,True,0.12942257510600563,0.1544454510521187,-0.0668194410401991,True,0.46901930810271786,0.4795600405735543,-0.0668194410401991,True,20,True,True,True,True,False,False,1,4,TARGET_BEFORE_STOP,True,True,True,False,False,1,4,TARGET_BEFORE_STOP,2022-12-28,2022-12-30,2023-01-04,2023-01-11,2023-01-26
TSLA|2022-12-28T00:00:00|Long,TSLA,2022-12-28,Long,0.0808269069678893,0.09635347971400776,0.042498455810805025,True,-0.040901434192156416,0.1044273300334222,-0.071599678470195,True,-0.021027440030460753,0.1044273300334222,-0.071599678470195,True,0.09626473748783693,0.11746959428015402,-0.09670838092820577,True,0.5783869695815882,0.60305202859923,-0.09670838092820577,True,20,True,True,True,True,False,False,1,3,TARGET_BEFORE_STOP,True,True,True,False,False,1,3,TARGET_BEFORE_STOP,2022-12-29,2023-01-03,2023-01-05,2023-01-12,2023-01-27
TSLA|2022-12-29T00:00:00|Long,TSLA,2022-12-29,Long,0.011164017515666869,0.021835525108956144,-0.01699228123468932,True,-0.06714825419198656,0.021835525108956144,-0.1410277487129702,True,-0.07190939220304937,0.021835525108956144,-0.164258760354279,True,0.004761138011062815,0.033902456606174525,-0.164258760354279,True,0.36808409193576996,0.4831718365490836,-0.164258760354279,True,20,True,True,True,False,True,False,8,2,STOP_BEFORE_TARGET,True,True,False,True,False,11,2,STOP_BEFORE_TARGET,2022-12-30,2023-01-04,2023-01-06,2023-01-13,2023-01-30
TSLA|2022-12-30T00:00:00|Long,TSLA,2022-12-30,Long,-0.12242248574195735,-0.035557698023758855,-0.15051145372296548,True,-0.10423773287444649,-0.035557698023758855,-0.15051145372296548,True,-0.027683095093855914,0.0027601586056851257,-0.1734859773797558,True,0.06746229231531431,0.06916704515309546,-0.1734859773797558,True,0.4062347847991097,0.4667964947893366,-0.1734859773797558,True,20,True,True,True,False,True,False,10,1,STOP_BEFORE_TARGET,True,True,False,True,False,10,1,STOP_BEFORE_TARGET,2023-01-03,2023-01-05,2023-01-09,2023-01-17,2023-01-31
TSLA|2023-01-03T00:00:00|Long,TSLA,2023-01-03,Long,0.05124885285593783,0.060036983861042614,-0.005365419419441908,True,0.045883433436495924,0.060036983861042614,-0.05818687330539751,True,0.0994449597755871,0.14264568350236217,-0.05818687330539751,True,0.19130435334951956,0.26438477895540524,-0.05818687330539751,True,0.6781684201923328,0.7003700291688484,-0.05818687330539751,True,20,True,True,True,True,False,False,1,3,TARGET_BEFORE_STOP,True,True,True,False,False,1,3,TARGET_BEFORE_STOP,2023-01-04,2023-01-06,2023-01-10,2023-01-18,2023-02-01
TSLA|2023-01-04T00:00:00|Long,TSLA,2023-01-04,Long,-0.029039097760312105,-0.01663146251143499,-0.05702213800019895,True,0.05394224996780794,0.08694119417883361,-0.10410068545048135,True,0.08430131892386594,0.10832451271303922,-0.10410068545048135,True,0.11906017997153673,0.20274545415240075,-0.10410068545048135,True,0.6567230313590675,0.7313446062718134,-0.10410068545048135,True,20,True,True,True,False,True,False,3,1,STOP_BEFORE_TARGET,True,True,False,True,False,3,1,STOP_BEFORE_TARGET,2023-01-05,2023-01-09,2023-01-11,2023-01-19,2023-02-02
TSLA|2023-01-05T00:00:00|Long,TSLA,2023-01-05,Long,0.024651090365942707,0.03670475970794507,-0.07730649866233219,True,0.0771252711498247,0.11944898262290216,-0.07730649866233219,True,0.11981150679233243,0.14147182461878605,-0.07730649866233219,True,0.20917167479666698,0.23871666858888152,-0.07730649866233219,True,0.7217690958206073,0.80351646370015,-0.07730649866233219,True,20,True,True,True,,,False,1,1,AMBIGUOUS,True,True,False,True,False,2,1,STOP_BEFORE_TARGET,2023-01-06,2023-01-10,2023-01-12,2023-01-20,2023-02-03
TSLA|2023-01-06T00:00:00|Long,TSLA,2023-01-06,Long,0.059349011404278285,0.09251724137931028,0.035821715365409235,True,0.08986382346986965,0.11401025710236867,0.01645144746609084,True,0.08261103988123364,0.11401025710236867,0.01645144746609084,True,0.27144881570956203,0.285865982859842,0.01645144746609084,True,0.7226251433969904,0.7601274040083676,0.01645144746609084,True,20,True,True,False,True,False,False,1,,TARGET_BEFORE_STOP,True,False,True,False,False,1,,TARGET_BEFORE_STOP,2023-01-09,2023-01-11,2023-01-13,2023-01-23,2023-02-06
TSLA|2023-01-09T00:00:00|Long,TSLA,2023-01-09,Long,-0.007681374256751861,0.0249645618850165,-0.04049426909958809,True,0.031643992834216705,0.051598901881855896,-0.04049426909958809,True,0.09785429722458083,0.0996075865371282,-0.04049426909958809,True,0.2013860183904277,0.22317779165172102,-0.04049426909958809,True,0.6432328886600771,0.6615179558955118,-0.04049426909958809,True,20,True,True,True,False,True,False,2,1,STOP_BEFORE_TARGET,True,True,False,True,False,2,1,STOP_BEFORE_TARGET,2023-01-10,2023-01-12,2023-01-17,2023-01-24,2023-02-07
TSLA|2023-01-10T00:00:00|Long,TSLA,2023-01-10,Long,0.036769060182475055,0.059739154945526396,0.013967216520165415,True,0.029869609569501243,0.059739154945526396,-0.027345393704045096,True,0.08355069779271385,0.15002098805699626,-0.027345393704045096,True,0.21522923458202703,0.23264620850541728,-0.027345393704045096,True,0.6936474200288909,0.7080353605911243,-0.027345393704045096,True,20,True,True,True,True,False,False,1,3,TARGET_BEFORE_STOP,True,False,True,False,False,1,,TARGET_BEFORE_STOP,2023-01-11,2023-01-13,2023-01-18,2023-01-25,2023-02-08
TSLA|2023-01-11T00:00:00|Long,TSLA,2023-01-11,Long,0.0027592625752506095,0.007385132476057432,-0.050478827780258584,True,0.06711576197478109,0.06881996139855806,-0.06184063196796774,True,0.032056459252643776,0.109235443286269,-0.06184063196796774,True,0.3006817293029922,0.31001458018021766,-0.06184063196796774,True,0.6825191143512612,0.7367310329489287,-0.06184063196796774,True,20,True,True,True,False,True,False,3,1,STOP_BEFORE_TARGET,True,True,False,True,False,3,1,STOP_BEFORE_TARGET,2023-01-12,2023-01-17,2023-01-19,2023-01-26,2023-02-09
TSLA|2023-01-12T00:00:00|Long,TSLA,2023-01-12,Long,-0.009388119582672827,-0.007526710290964189,-0.06442213695170984,True,0.042246692488220106,0.10618319339935112,-0.06442213695170984,True,0.07979929431186505,0.10618319339935112,-0.06442213695170984,True,0.43978631767228626,0.46228549891400306,-0.06442213695170984,True,0.5934768798961869,0.7319521222758072,-0.06442213695170984,True,20,True,True,True,False,True,False,2,1,STOP_BEFORE_TARGET,True,True,False,True,False,2,1,STOP_BEFORE_TARGET,2023-01-13,2023-01-18,2023-01-20,2023-01-27,2023-02-10
TSLA|2023-01-13T00:00:00|Long,TSLA,2023-01-13,Long,0.07426473736900463,0.0759803538106738,0.021405188599066705,True,0.03897056032354618,0.116666592907543,0.015604542556406864,True,0.1744280899343542,0.18774512312465097,0.015604542556406864,True,0.36160132013456403,0.47614371260918875,0.015604542556406864,True,0.5901960536209299,0.7483659912761864,0.015604542556406864,True,20,True,True,False,True,False,False,1,,TARGET_BEFORE_STOP,True,False,True,False,False,1,,TARGET_BEFORE_STOP,2023-01-17,2023-01-19,2023-01-23,2023-01-30,2023-02-13
TSLA|2023-01-17T00:00:00|Long,TSLA,2023-01-17,Long,-0.020609982513142944,0.03947058305421547,-0.03407105612423522,True,0.014677865960554648,0.03947058305421547,-0.05460497098346828,True,0.09430369897679425,0.11415312099607666,-0.05460497098346828,True,0.31736249132416794,0.3740967763909211,-0.05460497098346828,True,0.5913757035387648,0.6275001221376137,-0.05460497098346828,True,20,True,True,True,,,False,1,1,AMBIGUOUS,True,True,False,True,False,4,1,STOP_BEFORE_TARGET,2023-01-18,2023-01-20,2023-01-24,2023-01-31,2023-02-14
TSLA|2023-01-18T00:00:00|Long,TSLA,2023-01-18,Long,-0.012501946153228194,0.009395921147203223,-0.034710368559358495,True,0.1162447690837356,0.12890205203344274,-0.034710368559358495,True,0.1215250352914301,0.13759901684012021,-0.034710368559358495,True,0.4086815140681108,0.4273179010787791,-0.034710368559358495,True,0.6636124205928013,0.6668737823953053,-0.034710368559358495,True,20,True,True,True,False,True,False,2,1,STOP_BEFORE_TARGET,True,True,False,True,False,3,1,STOP_BEFORE_TARGET,2023-01-19,2023-01-23,2023-01-25,2023-02-01,2023-02-15
TSLA|2023-01-19T00:00:00|Long,TSLA,2023-01-19,Long,0.0491468120625187,0.04985449735925873,0.001415430587147215,True,0.13147756122863674,0.1520012747454378,0.001415430587147215,True,0.26028156467803254,0.2693245301026024,0.001415430587147215,True,0.4804592827181162,0.547141643728088,0.001415430587147215,True,0.5887394526633769,0.7114885352702169,0.001415430587147215,True,20,True,True,False,True,False,False,1,,TARGET_BEFORE_STOP,True,False,True,False,False,2,,TARGET_BEFORE_STOP,2023-01-20,2023-01-24,2023-01-26,2023-02-02,2023-02-16
TSLA|2023-01-20T00:00:00|Long,TSLA,2023-01-20,Long,0.07742468874848996,0.08964178442517001,0.006370904775754083,True,0.08252132107582821,0.09803629148976545,0.006370904775754083,True,0.3333832734071509,0.35421972084718645,0.006370904775754083,True,0.42392443662736157,0.49153052564138777,0.006370904775754083,True,0.5613101515322891,0.6313146221219508,0.006370904775754083,True,20,True,True,False,True,False,False,1,,TARGET_BEFORE_STOP,True,False,True,False,False,1,,TARGET_BEFORE_STOP,2023-01-23,2023-01-25,2023-01-27,2023-02-03,2023-02-17
TSLA|2023-01-23T00:00:00|Long,TSLA,2023-01-23,Long,0.0009739087975544347,0.019130434782608674,-0.018434740149456563,True,0.1149217688519022,0.12292172639266297,-0.039512992527173885,True,0.15937393851902182,0.25690429687499994,-0.039512992527173885,True,0.3548521356997283,0.3843478260869566,-0.039512992527173885,True,0.3730086616847825,0.5140869140625,-0.039512992527173885,True,20,True,True,True,False,True,False,3,2,STOP_BEFORE_TARGET,True,True,False,True,False,3,2,STOP_BEFORE_TARGET,2023-01-24,2023-01-26,2023-01-30,2023-02-06,2023-02-21
TSLA|2023-01-24T00:00:00|Long,TSLA,2023-01-24,Long,0.003752820129427681,0.017513408041908818,-0.040447509139737936,True,0.2363610720070839,0.25568137773429944,-0.040447509139737936,True,0.20383627740264432,0.25568137773429944,-0.040447509139737936,True,0.36778093261116807,0.38300090933433006,-0.040447509139737936,True,0.39592745473874524,0.5126137662082879,-0.040447509139737936,True,20,True,True,True,False,True,False,2,1,STOP_BEFORE_TARGET,True,True,False,True,False,2,1,STOP_BEFORE_TARGET,2023-01-25,2023-01-27,2023-01-31,2023-02-07,2023-02-22
TSLA|2023-01-25T00:00:00|Long,TSLA,2023-01-25,Long,0.10967259156647335,0.11763488440592451,0.07152255317386635,True,0.153915475411194,0.2509866498530855,0.07152255317386635,True,0.256041077765208,0.27265808266855873,0.07152255317386635,True,0.393685546588594,0.40552523917727834,0.07152255317386635,True,0.3990861841129405,0.5069584223068442,0.07152255317386635,True,20,True,True,False,True,False,False,1,,TARGET_BEFORE_STOP,True,False,True,False,False,1,,TARGET_BEFORE_STOP,2023-01-26,2023-01-30,2023-02-01,2023-02-08,2023-02-23
TSLA|2023-01-26T00:00:00|Long,TSLA,2023-01-26,Long,0.11000180416824756,0.1273475251714793,0.005615485571176304,True,0.08080112686730234,0.1273475251714793,0.005615485571176304,True,0.1747051803430395,0.2276158654461793,0.005615485571176304,True,0.2935671167249252,0.3352467354789448,0.005615485571176304,True,0.22842702710679497,0.35802076554809825,0.005615485571176304,True,20,True,True,False,True,False,False,1,,TARGET_BEFORE_STOP,True,False,True,False,False,1,,TARGET_BEFORE_STOP,2023-01-27,2023-01-31,2023-02-02,2023-02-09,2023-02-24
TSLA|2023-01-27T00:00:00|Long,TSLA,2023-01-27,Long,-0.06318150994943417,0.010511582013120746,-0.06408091224060275,True,0.019730241068290244,0.03322093234892565,-0.08499154376579376,True,0.06790332909220753,0.11860599678150185,-0.08499154376579376,True,0.10674539710335162,0.202923031714781,-0.08499154376579376,True,0.16711642499339985,0.22344014257318934,-0.08499154376579376,True,20,True,True,True,False,True,False,3,1,STOP_BEFORE_TARGET,True,True,False,True,False,4,1,STOP_BEFORE_TARGET,2023-01-30,2023-02-01,2023-02-03,2023-02-10,2023-02-27
TSLA|2023-01-30T00:00:00|Long,TSLA,2023-01-30,Long,0.03936155894904236,0.045841829003784085,-0.023280960023731367,True,0.1296651874205177,0.18054719594808022,-0.023280960023731367,True,0.16860668563104797,0.19404773567302658,-0.023280960023731367,True,0.16788668614376379,0.2840513338393351,-0.023280960023731367,True,0.23430938553756886,0.30595217277057896,-0.023280960023731367,True,20,True,True,True,,,False,1,1,AMBIGUOUS,True,False,True,False,False,2,,TARGET_BEFORE_STOP,2023-01-31,2023-02-02,2023-02-06,2023-02-13,2023-02-28
TSLA|2023-01-31T00:00:00|Long,TSLA,2023-01-31,Long,0.047280928205116535,0.061136105895748694,-0.018993237049629186,True,0.09675553855632235,0.14882807180245927,-0.018993237049629186,True,0.13618517591299484,0.14882807180245927,-0.018993237049629186,True,0.20800137700836485,0.2354231525915893,-0.018993237049629186,True,0.17059232677240055,0.2564945870146491,-0.018993237049629186,True,20,True,True,False,True,False,False,1,,TARGET_BEFORE_STOP,True,False,True,False,False,1,,TARGET_BEFORE_STOP,2023-02-01,2023-02-03,2023-02-07,2023-02-14,2023-03-01
TSLA|2023-02-01T00:00:00|Long,TSLA,2023-02-01,Long,0.03781489703913388,0.08455981493976816,0.0066148333830435835,True,0.07359015806863645,0.09696265907503876,0.0066148333830435835,True,0.10958596120780362,0.11901215975996404,0.0066148333830435835,True,0.18097128696498554,0.18328647444344237,0.0066148333830435835,True,0.0523123865431967,0.19976842237363535,0.0066148333830435835,True,20,True,True,False,True,False,False,1,,TARGET_BEFORE_STOP,True,False,True,False,False,1,,TARGET_BEFORE_STOP,2023-02-02,2023-02-06,2023-02-08,2023-02-15,2023-03-02
TSLA|2023-02-02T00:00:00|Long,TSLA,2023-02-02,Long,0.009082654784473565,0.05699259299963044,-0.024326773926379608,True,0.04536034998848715,0.05699259299963044,-0.024326773926379608,True,0.10118448302677563,0.13666540151719064,-0.024326773926379608,True,0.0731395798650123,0.1560524191708481,-0.024326773926379608,True,0.05056561745170374,0.1560524191708481,-0.024326773926379608,True,20,True,True,True,,,False,1,1,AMBIGUOUS,True,False,True,False,False,1,,TARGET_BEFORE_STOP,2023-02-03,2023-02-07,2023-02-09,2023-02-16,2023-03-03
TSLA|2023-02-03T00:00:00|Long,TSLA,2023-02-03,Long,0.025160537355481072,0.04310981485204368,-0.00031580987442381137,True,0.05953257086506114,0.06853355387550208,-0.002263357645285624,True,0.036372269804760826,0.12643438684412533,-0.002263357645285624,True,0.09648385221222333,0.1456469038383832,-0.01247497194697511,True,0.020160026935401643,0.1456469038383832,-0.02089694341501469,True,20,True,True,True,True,False,False,1,18,TARGET_BEFORE_STOP,True,False,True,False,False,3,,TARGET_BEFORE_STOP,2023-02-06,2023-02-08,2023-02-10,2023-02-17,2023-03-06
TSLA|2023-02-06T00:00:00|Long,TSLA,2023-02-06,Long,0.010525791279409002,0.014068625849483096,-0.026750829749562666,True,0.06448969589050768,0.09878828319893351,-0.026750829749562666,True,-0.0006161178916200827,0.09878828319893351,-0.03671182017944352,True,0.013401112569141782,0.11752926697091803,-0.03671182017944352,True,-0.03619833637200731,0.11752926697091803,-0.044927091018648,True,20,True,True,True,False,True,False,2,1,STOP_BEFORE_TARGET,True,True,True,False,False,3,5,TARGET_BEFORE_STOP,2023-02-07,2023-02-09,2023-02-13,2023-02-21,2023-03-07
TSLA|2023-02-07T00:00:00|Long,TSLA,2023-02-07,Long,0.022763049555982517,0.03145166667441979,-0.012702606732443611,True,0.00040649271910520035,0.0873431362971715,-0.019917678052804533,True,0.0632081835055287,0.0873431362971715,-0.046745577269280636,True,0.020578238412670258,0.10588891111431575,-0.046745577269280636,True,-0.07525022987810648,0.10588891111431575,-0.08541231526406134,True,20,True,True,True,True,False,False,1,4,TARGET_BEFORE_STOP,True,True,True,False,False,2,4,TARGET_BEFORE_STOP,2023-02-08,2023-02-10,2023-02-14,2023-02-22,2023-03-08
TSLA|2023-02-08T00:00:00|Long,TSLA,2023-02-08,Long,0.029956849516678652,0.06314276485567749,0.017288544400621664,True,-0.03303688269804572,0.06314276485567749,-0.06796161325483874,True,0.06433510178830826,0.06642163456665795,-0.06796161325483874,True,0.003875076079798756,0.0812757770183632,-0.06796161325483874,True,-0.14094091143845233,0.0812757770183632,-0.14297779193815285,True,20,True,True,True,True,False,False,1,2,TARGET_BEFORE_STOP,True,True,True,False,False,1,2,TARGET_BEFORE_STOP,2023-02-09,2023-02-13,2023-02-15,2023-02-23,2023-03-09
TSLA|2023-02-09T00:00:00|Long,TSLA,2023-02-09,Long,-0.05030873801899527,-0.005402326531008805,-0.0696025826007417,True,0.009309244682607964,0.012058652863591535,-0.09507045156063287,True,-0.025467942560067347,0.049826288864204926,-0.09507045156063287,True,-0.05035694613438624,0.049826288864204926,-0.09507045156063287,True,-0.1634188871594483,0.049826288864204926,-0.18753619288663126,True,20,True,True,True,False,True,False,4,1,STOP_BEFORE_TARGET,False,True,False,True,False,,1,STOP_BEFORE_TARGET,2023-02-10,2023-02-14,2023-02-16,2023-02-24,2023-03-10
TSLA|2023-02-10T00:00:00|Long,TSLA,2023-02-10,Long,-0.011427700782035255,-0.0029965784941824447,-0.047132910803314165,True,0.0881203014744274,0.09025346298718717,-0.047132910803314165,True,0.058001920891598724,0.10543955798258486,-0.047132910803314165,True,0.05454825296590826,0.10543955798258486,-0.047132910803314165,True,-0.1138199183888442,0.10543955798258486,-0.16750467687427395,True,20,True,True,True,False,True,False,2,1,STOP_BEFORE_TARGET,True,True,False,True,False,2,1,STOP_BEFORE_TARGET,2023-02-13,2023-02-15,2023-02-17,2023-02-27,2023-03-13
TSLA|2023-02-13T00:00:00|Long,TSLA,2023-02-13,Long,0.0750616556523096,0.07799017664494312,-0.026715972896364182,True,0.03801887546079552,0.11821822122374948,-0.026715972896364182,True,0.014025872051478538,0.11821822122374948,-0.026715972896364182,True,0.05687426715439803,0.11821822122374948,-0.026715972896364182,True,-0.058466938545509106,0.11821822122374948,-0.1578811951495176,True,20,True,True,True,,,False,1,1,AMBIGUOUS,True,True,True,False,False,1,12,TARGET_BEFORE_STOP,2023-02-14,2023-02-16,2023-02-21,2023-02-28,2023-03-14
TSLA|2023-02-14T00:00:00|Long,TSLA,2023-02-14,Long,0.02384709913101113,0.025854258839232314,-0.01500597079879784,True,-0.004492245837066866,0.04014334000709385,-0.056152927120669105,True,-0.04009557653356477,0.04014334000709385,-0.08348865577396958,True,-0.030967721517510483,0.04014334000709385,-0.08348865577396958,True,-0.13763442318641728,0.04014334000709385,-0.21667859659684885,True,20,True,True,True,,,False,2,2,AMBIGUOUS,False,True,False,True,False,,2,STOP_BEFORE_TARGET,2023-02-15,2023-02-17,2023-02-22,2023-03-01,2023-03-15
TSLA|2023-02-15T00:00:00|Long,TSLA,2023-02-15,Long,-0.05694553722096751,0.015916674364672367,-0.057879055439387095,True,-0.07874351168514537,0.015916674364672367,-0.07944363254324138,True,-0.056805441826473624,0.015916674364672367,-0.1048357269323531,True,-0.10894329256084911,0.015916674364672367,-0.13176815843215095,True,-0.14054331515274499,0.015916674364672367,-0.23492345285932426,True,20,True,False,True,False,True,False,,1,STOP_BEFORE_TARGET,False,True,False,True,False,,1,STOP_BEFORE_TARGET,2023-02-16,2023-02-21,2023-02-23,2023-03-02,2023-03-16
TSLA|2023-02-16T00:00:00|Long,TSLA,2023-02-16,Long,0.031033480898909227,0.03167694203102456,-0.02247076537813575,True,-0.00584039158083971,0.03796284736988653,-0.05078199786071835,True,-0.02553944058002733,0.03796284736988653,-0.05078199786071835,True,-0.02103543922604012,0.04548605596314381,-0.07934072120362279,True,-0.10844381870618547,0.04548605596314381,-0.18872495986486715,True,20,True,True,True,,,False,1,1,AMBIGUOUS,False,True,False,True,False,,3,STOP_BEFORE_TARGET,2023-02-17,2023-02-22,2023-02-24,2023-03-03,2023-03-17
TSLA|2023-02-17T00:00:00|Long,TSLA,2023-02-17,Long,-0.05251789433835996,0.006720796753308278,-0.05323794569567508,True,-0.02995530847058747,0.006720796753308278,-0.07935288259339202,True,-0.003264330487018463,0.006720796753308278,-0.07935288259339202,True,-0.0696077968889679,0.014017561342076101,-0.10705200572759466,True,-0.12030146345493975,0.014017561342076101,-0.21314384531157937,True,20,True,False,True,False,True,False,,1,STOP_BEFORE_TARGET,False,True,False,True,False,,1,STOP_BEFORE_TARGET,2023-02-21,2023-02-23,2023-02-27,2023-03-06,2023-03-20
TSLA|2023-02-21T00:00:00|Long,TSLA,2023-02-21,Long,0.017682553475729224,0.023407865887788315,-0.028322422233286182,True,-0.0024825973881392738,0.039367707679414776,-0.028322422233286182,True,0.04225572175612524,0.0702234430422024,-0.028322422233286182,True,-0.04894355090592539,0.0702234430422024,-0.05755687739469528,True,0.001064025531046342,0.0702234430422024,-0.16952927133230866,True,20,True,True,True,False,True,False,2,1,STOP_BEFORE_TARGET,True,True,True,False,False,4,7,TARGET_BEFORE_STOP,2023-02-22,2023-02-24,2023-02-28,2023-03-07,2023-03-21
TSLA|2023-02-22T00:00:00|Long,TSLA,2023-02-22,Long,0.006024129792842503,0.02130836784970258,-0.022553015859462344,True,0.033705089375131836,0.042616735699405384,-0.04012743967988597,True,0.009509129026712415,0.05162797513529971,-0.04012743967988597,True,-0.09389624889496084,0.05162797513529971,-0.10385343297303817,True,-0.04834216212467124,0.05162797513529971,-0.18395896064902195,True,20,True,True,True,False,True,False,3,1,STOP_BEFORE_TARGET,True,True,False,True,False,4,2,STOP_BEFORE_TARGET,2023-02-23,2023-02-27,2023-03-01,2023-03-08,2023-03-22
TSLA|2023-02-23T00:00:00|Long,TSLA,2023-02-23,Long,-0.025684180003413215,-0.021774677071267123,-0.0458752112459091,True,0.018013555984130347,0.045330766918928456,-0.0458752112459091,True,-0.05527793845136175,0.045330766918928456,-0.07947746936839928,True,-0.14425698074283044,0.045330766918928456,-0.14628599864379743,True,-0.04874551267626481,0.045330766918928456,-0.18884546087476572,True,20,True,True,True,False,True,False,2,1,STOP_BEFORE_TARGET,False,True,False,True,False,,1,STOP_BEFORE_TARGET,2023-02-24,2023-02-28,2023-03-02,2023-03-09,2023-03-23
TSLA|2023-02-24T00:00:00|Long,TSLA,2023-02-24,Long,0.0546017865369246,0.06369358479850162,0.02224700078929054,True,0.02991669668615815,0.07288698948005412,0.00832994386923458,True,0.004622045818527765,0.07288698948005412,-0.05521134755378865,True,-0.1190573032307587,0.07288698948005412,-0.14445348301537475,True,-0.032862662841532386,0.07288698948005412,-0.16746241569999776,True,20,True,True,True,True,False,False,1,4,TARGET_BEFORE_STOP,True,True,True,False,False,1,4,TARGET_BEFORE_STOP,2023-02-27,2023-03-01,2023-03-03,2023-03-10,2023-03-24
TSLA|2023-02-27T00:00:00|Long,TSLA,2023-02-27,Long,-0.009247209573726933,0.017338490391879624,-0.01868711068519402,True,-0.08057607567736003,0.017338490391879624,-0.1041275820813038,True,-0.06656074266346446,0.017338490391879624,-0.1041275820813038,True,-0.15965904915324491,0.017338490391879624,-0.21056687469317803,True,-0.07619326182238284,0.017338490391879624,-0.21056687469317803,True,20,True,False,True,False,True,False,,2,STOP_BEFORE_TARGET,False,True,False,True,False,,2,STOP_BEFORE_TARGET,2023-02-28,2023-03-02,2023-03-06,2023-03-13,2023-03-27
TSLA|2023-02-28T00:00:00|Long,TSLA,2023-02-28,Long,-0.014291975817664837,0.0072431587465140446,-0.034952127785437326,True,-0.03850086611853909,0.0072431587465140446,-0.09576594022687979,True,-0.08750182009880125,0.0072431587465140446,-0.09576594022687979,True,-0.1091342738530856,0.0072431587465140446,-0.2031986859535697,True,-0.080307246771128,0.0072431587465140446,-0.2031986859535697,True,20,True,False,True,False,True,False,,1,STOP_BEFORE_TARGET,False,True,False,True,False,,1,STOP_BEFORE_TARGET,2023-03-01,2023-03-03,2023-03-07,2023-03-14,2023-03-28
TSLA|2023-03-01T00:00:00|Long,TSLA,2023-03-01,Long,-0.05853928157947319,-0.044483918145707624,-0.0826552715514306,True,-0.04418802843160019,-0.011293625766485627,-0.0826552715514306,True,-0.1024313450452583,-0.011293625766485627,-0.11229473685794777,True,-0.11007548875043416,-0.011293625766485627,-0.1916457059306247,True,-0.04384277359733635,-0.010405881372455683,-0.1916457059306247,True,20,True,False,True,False,True,False,,1,STOP_BEFORE_TARGET,False,True,False,True,False,,1,STOP_BEFORE_TARGET,2023-03-02,2023-03-06,2023-03-08,2023-03-15,2023-03-29
TSLA|2023-03-02T00:00:00|Long,TSLA,2023-03-02,Long,0.03609219282314147,0.0501833532600815,0.010371980354288546,True,-0.016710252931422143,0.0501833532600815,-0.025143991338059113,True,-0.09418541803248415,0.0501833532600815,-0.09633315860460645,True,-0.03546353708813055,0.0501833532600815,-0.1413828763609617,True,0.022943976023318102,0.05112629689719839,-0.1413828763609617,True,20,True,True,True,True,False,False,1,3,TARGET_BEFORE_STOP,True,True,True,False,False,1,4,TARGET_BEFORE_STOP,2023-03-03,2023-03-07,2023-03-09,2023-03-16,2023-03-30
TSLA|2023-03-03T00:00:00|Long,TSLA,2023-03-03,Long,-0.020122331071529054,0.004095317482573524,-0.027756663232365364,True,-0.07983211396994294,0.004095317482573524,-0.08994384898126229,True,-0.12311032747496309,0.004095317482573524,-0.14838966500326134,True,-0.08928656151867354,0.004095317482573524,-0.1712927386321863,True,0.04889030666857486,0.0505586750565965,-0.1712927386321863,True,20,True,True,True,False,True,False,20,1,STOP_BEFORE_TARGET,True,True,False,True,False,20,2,STOP_BEFORE_TARGET,2023-03-06,2023-03-08,2023-03-10,2023-03-17,2023-03-31
TSLA|2023-03-06T00:00:00|Long,TSLA,2023-03-06,Long,-0.03147407730028162,0.002012276944230118,-0.039781185450699974,True,-0.10778597416437641,0.002012276944230118,-0.10990146700413772,True,-0.09973686638745627,0.002012276944230118,-0.15427477567272985,True,-0.05448634070283809,0.002012276944230118,-0.15427477567272985,True,0.004953339486921671,0.07213247976700754,-0.15427477567272985,True,20,True,True,True,False,True,False,12,1,STOP_BEFORE_TARGET,True,True,False,True,False,19,1,STOP_BEFORE_TARGET,2023-03-07,2023-03-09,2023-03-13,2023-03-20,2023-04-03
TSLA|2023-03-07T00:00:00|Long,TSLA,2023-03-07,Long,-0.03041929843714275,-0.0064461492226765005,-0.04107403142134991,True,-0.07602154260328375,-0.0064461492226765005,-0.10265837506380182,True,-0.023706845921190323,-0.0064461492226765005,-0.12679133876989823,True,0.05258108126453087,0.05481856543651498,-0.12679133876989823,True,0.025944248804012915,0.10697344762697836,-0.12679133876989823,True,20,True,True,True,False,True,False,10,1,STOP_BEFORE_TARGET,True,True,False,True,False,10,1,STOP_BEFORE_TARGET,2023-03-08,2023-03-10,2023-03-14,2023-03-21,2023-04-04
TSLA|2023-03-08T00:00:00|Long,TSLA,2023-03-08,Long,-0.04989011995084991,0.01747248722956729,-0.052142887325077214,True,-0.041318704793741445,0.01747248722956729,-0.09939558427412432,True,-0.008516500284383555,0.01747248722956729,-0.09939558427412432,True,0.05027469173892518,0.10252749264895256,-0.09939558427412432,True,0.019340682815719434,0.14170325981391652,-0.09939558427412432,True,20,True,True,True,False,True,False,9,1,STOP_BEFORE_TARGET,True,True,False,True,False,9,1,STOP_BEFORE_TARGET,2023-03-09,2023-03-13,2023-03-15,2023-03-22,2023-04-05
TSLA|2023-03-09T00:00:00|Long,TSLA,2023-03-09,Long,0.0030071956856769777,0.03105479513098852,-0.025907909871488943,True,0.05979641711416339,0.062919297929801,-0.052104988446929346,True,0.06482770548560168,0.07454313859669792,-0.052104988446929346,True,0.1116123250990404,0.16042103739824065,-0.052104988446929346,True,0.07020587276312296,0.2016539179182677,-0.052104988446929346,True,20,True,True,True,,,False,1,1,AMBIGUOUS,True,True,False,True,False,3,2,STOP_BEFORE_TARGET,2023-03-10,2023-03-14,2023-03-16,2023-03-23,2023-04-06
TSLA|2023-03-10T00:00:00|Long,TSLA,2023-03-10,Long,0.005996271168666301,0.02254383998541698,-0.054946947907916543,True,0.04041740318358311,0.05973247500299994,-0.054946947907916543,True,0.03857243050758341,0.07368541627883318,-0.054946947907916543,True,0.09784364034725002,0.15694188674783338,-0.054946947907916543,True,0.06382606036441629,0.19805114368774945,-0.054946947907916543,True,20,True,True,True,False,True,False,2,1,STOP_BEFORE_TARGET,True,True,False,True,False,2,1,STOP_BEFORE_TARGET,2023-03-13,2023-03-15,2023-03-17,2023-03-24,2023-04-10
TSLA|2023-03-13T00:00:00|Long,TSLA,2023-03-13,Long,0.050320947926932424,0.05341590756783665,0.015245321682968882,True,0.05530725235884626,0.06493582134623144,0.008883557368824402,True,0.05026366624948708,0.06854657844297196,0.008883557368824402,True,0.09932371764907955,0.15004589967695758,0.008883557368824402,True,0.0705524865888727,0.19091012364884108,0.008883557368824402,True,20,True,True,False,True,False,False,1,,TARGET_BEFORE_STOP,True,False,True,False,False,1,,TARGET_BEFORE_STOP,2023-03-14,2023-03-16,2023-03-20,2023-03-27,2023-04-11
TSLA|2023-03-14T00:00:00|Long,TSLA,2023-03-14,Long,-0.015333393227232373,-0.005020180053050272,-0.03945212236306905,True,-0.017079502989435502,0.016151952431477268,-0.03945212236306905,True,0.07814038935641565,0.08043220525478212,-0.03945212236306905,True,0.032358442171344315,0.09494712254083582,-0.03945212236306905,True,-0.014842307662525145,0.13385353876774153,-0.03945212236306905,True,20,True,True,True,False,True,False,5,1,STOP_BEFORE_TARGET,True,True,False,True,False,5,1,STOP_BEFORE_TARGET,2023-03-15,2023-03-17,2023-03-21,2023-03-28,2023-04-12
TSLA|2023-03-15T00:00:00|Long,TSLA,2023-03-15,Long,0.020393505108375454,0.02970352286505684,-0.008922142629979368,True,0.015516780820788334,0.03319482180363886,-0.022720924987893132,True,0.05929618802549075,0.11199782241982503,-0.022720924987893132,True,0.07442509371957695,0.11199782241982503,-0.022720924987893132,True,0.03020225569638213,0.15151009587288855,-0.02405096376441307,True,20,True,True,True,True,False,False,2,3,TARGET_BEFORE_STOP,True,False,True,False,False,4,,TARGET_BEFORE_STOP,2023-03-16,2023-03-20,2023-03-22,2023-03-29,2023-04-13
TSLA|2023-03-16T00:00:00|Long,TSLA,2023-03-16,Long,-0.02172378153438792,0.011350655963001666,-0.036930445182389415,True,0.07304619883544938,0.075327185952202,-0.04225274845481253,True,0.04393632826458349,0.08977352056128618,-0.04225274845481253,True,0.06055500787924628,0.08977352056128618,-0.04225274845481253,True,0.004724895965441345,0.12849610479497064,-0.043556205179949736,True,20,True,True,True,False,True,False,3,1,STOP_BEFORE_TARGET,True,True,False,True,False,3,1,STOP_BEFORE_TARGET,2023-03-17,2023-03-21,2023-03-23,2023-03-30,2023-04-14
TSLA|2023-03-17T00:00:00|Long,TSLA,2023-03-17,Long,0.017320796272765726,0.03503024142312583,-0.020984836933502726,True,0.061177975434138165,0.11397323168149098,-0.020984836933502726,True,0.057069885641677365,0.11397323168149098,-0.020984836933502726,True,0.15172376111817032,0.15355569673866998,-0.020984836933502726,True,0.03836111817026677,0.15355569673866998,-0.022317238458280375,True,20,True,True,True,,,False,1,1,AMBIGUOUS,True,False,True,False,False,2,,TARGET_BEFORE_STOP,2023-03-20,2023-03-22,2023-03-24,2023-03-31,2023-04-17
TSLA|2023-03-20T00:00:00|Long,TSLA,2023-03-20,Long,0.07819919143822474,0.08049113233287852,0.026139117523235056,True,0.048949529171640416,0.09500684126662695,0.026139117523235056,True,0.04671212855985685,0.09500684126662695,0.0212823677843621,True,0.06286496192338853,0.13391537946047927,0.011896276539051787,True,0.0057844341533084265,0.13391537946047927,-0.03896316174432979,True,20,True,True,True,True,False,False,1,14,TARGET_BEFORE_STOP,True,True,True,False,False,1,14,TARGET_BEFORE_STOP,2023-03-21,2023-03-23,2023-03-27,2023-04-03,2023-04-18
TSLA|2023-03-21T00:00:00|Long,TSLA,2023-03-21,Long,-0.03254381959196684,0.015588631453138158,-0.03355605234016368,True,-0.036289088483135945,0.015588631453138158,-0.05278878346953719,True,-0.042463808644067624,0.015588631453138158,-0.061494124115165194,True,-0.025306204846963,0.051675227049589934,-0.061494124115165194,True,-0.08599051187220741,0.051675227049589934,-0.10866484979113189,True,20,True,True,True,False,True,False,8,1,STOP_BEFORE_TARGET,True,True,False,True,False,8,1,STOP_BEFORE_TARGET,2023-03-22,2023-03-24,2023-03-28,2023-04-04,2023-04-19
TSLA|2023-03-22T00:00:00|Long,TSLA,2023-03-22,Long,0.0055977366381618765,0.042689008227373204,-0.013078734396161473,True,0.0034528050388888953,0.042689008227373204,-0.02092597503385829,True,0.014282035435515317,0.042689008227373204,-0.029924150684518147,True,-0.02945325557829892,0.08705205294780027,-0.03866073568200279,True,-0.14731880357040505,0.08705205294780027,-0.16003137491312902,True,20,True,True,True,True,False,False,1,2,TARGET_BEFORE_STOP,True,True,True,False,False,7,10,TARGET_BEFORE_STOP,2023-03-23,2023-03-27,2023-03-29,2023-04-05,2023-04-20
TSLA|2023-03-23T00:00:00|Long,TSLA,2023-03-23,Long,-0.009416281069083654,0.0007283289395452197,-0.02637606540433568,True,-0.01576318156307721,0.026896255000067537,-0.03532415202269057,True,0.015919246379986873,0.026896255000067537,-0.03532415202269057,True,-0.03724900435250966,0.08100089463402171,-0.06492558343712518,True,-0.14119237965505393,0.08100089463402171,-0.16470712444621205,True,20,True,True,True,False,True,False,6,1,STOP_BEFORE_TARGET,True,True,False,True,False,6,3,STOP_BEFORE_TARGET,2023-03-24,2023-03-28,2023-03-30,2023-04-06,2023-04-21
TSLA|2023-03-24T00:00:00|Long,TSLA,2023-03-24,Long,0.007352522816861606,0.0366577154209049,-0.002468364117765409,True,0.018223838842316153,0.0366577154209049,-0.026154145741026147,True,0.08954363071182847,0.09127666241141918,-0.026154145741026147,True,-0.03098581504017639,0.09127666241141918,-0.07510111221432347,True,-0.1463158451474551,0.09127666241141918,-0.16700804810753678,True,20,True,True,True,True,False,False,1,2,TARGET_BEFORE_STOP,True,True,True,False,False,5,8,TARGET_BEFORE_STOP,2023-03-27,2023-03-29,2023-03-31,2023-04-10,2023-04-24
TSLA|2023-03-27T00:00:00|Long,TSLA,2023-03-27,Long,-0.013659325116185062,0.0028153305447851107,-0.03326210814878694,True,0.018090825634065943,0.02877850134362614,-0.03326210814878694,True,0.015431973054287562,0.08331158923380677,-0.03326210814878694,True,-0.026171755051127787,0.08331158923380677,-0.08185181767413441,True,-0.16234815591473983,0.08331158923380677,-0.17308793791158006,True,20,True,True,True,False,True,False,4,1,STOP_BEFORE_TARGET,True,True,False,True,False,4,1,STOP_BEFORE_TARGET,2023-03-28,2023-03-30,2023-04-03,2023-04-11,2023-04-25
TSLA|2023-03-28T00:00:00|Long,TSLA,2023-03-28,Long,0.024789906342217005,0.03224267015174753,0.0013214228911351267,True,0.09656960746707166,0.09831381470850786,0.0013214228911351267,True,0.01791849117766331,0.09831381470850786,0.0013214228911351267,True,-0.045721280425229716,0.09831381470850786,-0.0691368553425844,True,-0.18732492195184747,0.09831381470850786,-0.1905491970323474,True,20,True,True,True,True,False,False,1,6,TARGET_BEFORE_STOP,True,True,True,False,False,3,7,TARGET_BEFORE_STOP,2023-03-29,2023-03-31,2023-04-04,2023-04-12,2023-04-26
TSLA|2023-03-29T00:00:00|Long,TSLA,2023-03-29,Long,0.007220929756684091,0.017794495880725236,0.0027851932769404897,True,0.004590465067227489,0.07174534791108544,-0.008665194410252708,True,-0.04311945739533385,0.07174534791108544,-0.05219728760628739,True,-0.041159535719794915,0.07174534791108544,-0.09165465145929674,True,-0.17376728694518861,0.07174534791108544,-0.21410155106358197,True,20,True,True,True,True,False,False,2,5,TARGET_BEFORE_STOP,True,True,True,False,False,2,5,TARGET_BEFORE_STOP,2023-03-30,2023-04-03,2023-04-05,2023-04-13,2023-04-27
TSLA|2023-03-30T00:00:00|Long,TSLA,2023-03-30,Long,0.06237201971890638,0.06406183216425854,0.009832026735699051,True,-0.013826285155264073,0.06406183216425854,-0.02539938286605503,True,-0.052335115140253796,0.06406183216425854,-0.07957800790287761,True,-0.05264235376668147,0.06406183216425854,-0.09816672618177869,True,-0.15859279708263951,0.06406183216425854,-0.21973578415783246,True,20,True,True,True,True,False,False,1,3,TARGET_BEFORE_STOP,True,True,True,False,False,1,4,TARGET_BEFORE_STOP,2023-03-31,2023-04-04,2023-04-06,2023-04-14,2023-04-28
TSLA|2023-03-31T00:00:00|Long,TSLA,2023-03-31,Long,-0.061168427796826186,-0.022992403924096183,-0.07355639290358207,True,-0.10575533467357068,-0.022992403924096183,-0.11423894456784989,True,-0.11062378995622202,-0.022992403924096183,-0.15111349218625136,True,-0.0984286742837045,-0.022992403924096183,-0.15111349218625136,True,-0.2199460301076066,-0.022992403924096183,-0.26554521263783093,True,20,True,False,True,False,True,False,,1,STOP_BEFORE_TARGET,False,True,False,True,False,,1,STOP_BEFORE_TARGET,2023-04-03,2023-04-05,2023-04-10,2023-04-17,2023-05-01
TSLA|2023-04-03T00:00:00|Long,TSLA,2023-04-03,Long,-0.011244043709844997,0.020383021685154157,-0.022847444938272732,True,-0.04985370694084912,0.020383021685154157,-0.07716793371463726,True,-0.04097145767458632,0.020383021685154157,-0.09580532552644072,True,-0.05370440254873554,0.020383021685154157,-0.09580532552644072,True,-0.17692666200110352,0.020383021685154157,-0.21769270537141172,True,20,True,False,True,False,True,False,,1,STOP_BEFORE_TARGET,False,True,False,True,False,,2,STOP_BEFORE_TARGET,2023-04-04,2023-04-06,2023-04-11,2023-04-18,2023-05-02
TSLA|2023-04-04T00:00:00|Long,TSLA,2023-04-04,Long,-0.036660076287605925,-0.009866077148240282,-0.045799186002481784,True,-0.04190470063084928,-0.009866077148240282,-0.08552290509973004,True,-0.06251951620337115,-0.0051926471621766,-0.08552290509973004,True,-0.06225986799856076,-0.0051926471621766,-0.08552290509973004,True,-0.16600893611346812,-0.0051926471621766,-0.20879637725386646,True,20,True,False,True,False,True,False,,1,STOP_BEFORE_TARGET,False,True,False,True,False,,1,STOP_BEFORE_TARGET,2023-04-05,2023-04-10,2023-04-12,2023-04-19,2023-05-03
TSLA|2023-04-05T00:00:00|Long,TSLA,2023-04-05,Long,-0.002479553165553039,0.004689494917808457,-0.031155663250245325,True,0.006845563736656235,0.019782223396003218,-0.05072231266386518,True,0.00204824070327958,0.03266492787318942,-0.05072231266386518,True,-0.12144242270611727,0.03266492787318942,-0.1345407834144402,True,-0.1310910239550317,0.03266492787318942,-0.17868697925744015,True,20,True,True,True,False,True,False,4,1,STOP_BEFORE_TARGET,False,True,False,True,False,,1,STOP_BEFORE_TARGET,2023-04-06,2023-04-11,2023-04-13,2023-04-20,2023-05-04
TSLA|2023-04-06T00:00:00|Long,TSLA,2023-04-06,Long,-0.0029720256079851515,0.00021619229141722762,-0.04836267732797539,True,-0.024424534378532092,0.03523184025978687,-0.04836267732797539,True,-0.000324205983925574,0.03523184025978687,-0.04836267732797539,True,-0.10796496266683997,0.03523184025978687,-0.13238949704537206,True,-0.08105479410941141,0.03523184025978687,-0.17664542782162274,True,20,True,True,True,False,True,False,3,1,STOP_BEFORE_TARGET,False,True,False,True,False,,1,STOP_BEFORE_TARGET,2023-04-10,2023-04-12,2023-04-14,2023-04-21,2023-05-05
TSLA|2023-04-10T00:00:00|Long,TSLA,2023-04-10,Long,0.012357047570192181,0.025364522648646748,0.006178523785096202,True,0.0075334639370818746,0.03831774719367198,-0.022762978013565416,True,0.013711987722178076,0.03831774719367198,-0.022762978013565416,True,-0.11901789663900575,0.03831774719367198,-0.14037176666614015,True,-0.06893936154895863,0.03831774719367198,-0.17419110263134108,True,20,True,True,True,,,False,2,2,AMBIGUOUS,False,True,False,True,False,,7,STOP_BEFORE_TARGET,2023-04-11,2023-04-13,2023-04-17,2023-04-24,2023-05-08
TSLA|2023-04-11T00:00:00|Long,TSLA,2023-04-11,Long,-0.03346003653646468,0.025643817747690312,-0.03469134300793475,True,-0.009582918520644856,0.025643817747690312,-0.03469134300793475,True,-0.013276919624597316,0.025643817747690312,-0.03469134300793475,True,-0.13983615855253972,0.025643817747690312,-0.15086457352463167,True,-0.09443760385293631,0.025643817747690312,-0.18427110341087327,True,20,True,False,True,False,True,False,,1,STOP_BEFORE_TARGET,False,True,False,True,False,,1,STOP_BEFORE_TARGET,2023-04-12,2023-04-14,2023-04-18,2023-04-25,2023-05-09
TSLA|2023-04-12T00:00:00|Long,TSLA,2023-04-12,Long,0.029688716127604264,0.03301211330179532,0.0022156262886277034,True,0.03600310314456667,0.05068134206015973,0.0022156262886277034,True,0.00027696385076603214,0.05068134206015973,-0.01600753017126877,True,-0.1483881371573671,0.05068134206015973,-0.15176689329471105,True,-0.06646726734381525,0.05068134206015973,-0.15603189994750621,True,20,True,True,True,True,False,False,1,6,TARGET_BEFORE_STOP,True,True,True,False,False,3,6,TARGET_BEFORE_STOP,2023-04-13,2023-04-17,2023-04-19,2023-04-26,2023-05-10
TSLA|2023-04-13T00:00:00|Long,TSLA,2023-04-13,Long,-0.004841279860318459,0.002044136069332625,-0.0209252260213334,True,-0.008552966057524425,0.020387351637204842,-0.0209252260213334,True,-0.12323824182628751,0.020387351637204842,-0.13630982877815923,True,-0.13830011995263625,0.020387351637204842,-0.18036578741346032,True,-0.07434100333066795,0.020387351637204842,-0.18036578741346032,True,20,True,False,True,False,True,False,,1,STOP_BEFORE_TARGET,False,True,False,True,False,,4,STOP_BEFORE_TARGET,2023-04-14,2023-04-18,2023-04-20,2023-04-27,2023-05-11
TSLA|2023-04-14T00:00:00|Long,TSLA,2023-04-14,Long,0.011026990735853115,0.025351364548141797,-0.012486473289695987,True,-0.023837857633023596,0.025351364548141797,-0.03972976272170603,True,-0.10767566577808274,0.025351364548141797,-0.13210812130489868,True,-0.1118378510346284,0.025351364548141797,-0.17637840477195943,True,-0.09200002309438349,0.025351364548141797,-0.17637840477195943,True,20,True,False,True,False,True,False,,3,STOP_BEFORE_TARGET,False,True,False,True,False,,3,STOP_BEFORE_TARGET,2023-04-17,2023-04-19,2023-04-21,2023-04-28,2023-05-12
TSLA|2023-04-17T00:00:00|Long,TSLA,2023-04-17,Long,-0.014595786064655836,0.0034752415451546614,-0.01849867183102949,True,-0.12858206082256007,0.0034752415451546614,-0.14157397710675756,True,-0.1309345119410389,0.0034752415451546614,-0.15199953858151183,True,-0.13478396257484893,0.0034752415451546614,-0.1853614168810802,True,-0.11061798505823162,0.0034752415451546614,-0.1853614168810802,True,20,True,False,True,False,True,False,,2,STOP_BEFORE_TARGET,False,True,False,True,False,,2,STOP_BEFORE_TARGET,2023-04-18,2023-04-20,2023-04-24,2023-05-01,2023-05-15
TSLA|2023-04-18T00:00:00|Long,TSLA,2023-04-18,Long,-0.020183393575926356,-0.0043947564935333805,-0.03613479328484126,True,-0.10433506582531249,-0.0043947564935333805,-0.1288589892821721,True,-0.12826216538868473,-0.0043947564935333805,-0.13943897394970084,True,-0.13021539969566864,-0.0043947564935333805,-0.17329500767451445,True,-0.09652212859737697,-0.0043947564935333805,-0.17329500767451445,True,20,True,False,True,False,True,False,,1,STOP_BEFORE_TARGET,False,True,False,True,False,,1,STOP_BEFORE_TARGET,2023-04-19,2023-04-21,2023-04-25,2023-05-02,2023-05-16
TSLA|2023-04-19T00:00:00|Long,TSLA,2023-04-19,Long,-0.09745828230593856,-0.06030234016546987,-0.11091422108354221,True,-0.09989475415005444,-0.06030234016546987,-0.12171214448896528,True,-0.1486239375500733,-0.06030234016546987,-0.15200175815321582,True,-0.110637333920511,-0.06030234016546987,-0.15626558388041856,True,-0.03726671390450109,-0.017775023645673627,-0.15626558388041856,True,20,True,False,True,False,True,False,,1,STOP_BEFORE_TARGET,False,True,False,True,False,,1,STOP_BEFORE_TARGET,2023-04-20,2023-04-24,2023-04-26,2023-05-03,2023-05-17
TSLA|2023-04-20T00:00:00|Long,TSLA,2023-04-20,Long,0.012822849668400638,0.01846735631260632,-0.010246015784172391,True,-0.014234046542909384,0.01846735631260632,-0.026872843335146723,True,-0.017178986179463895,0.01846735631260632,-0.06515743308212829,True,-0.010982320906768428,0.01846735631260632,-0.06515743308212829,True,0.08528126528020374,0.08828761828744125,-0.06515743308212829,True,20,True,True,True,False,True,False,11,2,STOP_BEFORE_TARGET,True,True,False,True,False,12,4,STOP_BEFORE_TARGET,2023-04-21,2023-04-25,2023-04-27,2023-05-04,2023-05-18
TSLA|2023-04-21T00:00:00|Long,TSLA,2023-04-21,Long,-0.015325895028073244,0.003452823231811175,-0.03919312544789422,True,-0.06863340020222419,0.003452823231811175,-0.07232858195401415,True,-0.004664430966320077,0.003452823231811175,-0.07699301292033423,True,0.030167165448881317,0.03458923789522261,-0.07699301292033423,True,0.09122847947388801,0.10219284546926821,-0.07699301292033423,True,20,True,True,True,False,True,False,10,1,STOP_BEFORE_TARGET,True,True,False,True,False,11,1,STOP_BEFORE_TARGET,2023-04-24,2023-04-26,2023-04-28,2023-05-05,2023-05-19
TSLA|2023-04-24T00:00:00|Long,TSLA,2023-04-24,Long,-0.011565701922588656,0.005659785614721802,-0.02337744066696723,True,-0.01451861314084446,0.005659785614721802,-0.06262693167301192,True,-0.004429413763061385,0.015072266393388434,-0.06262693167301192,True,0.056843986840362515,0.06920947270864009,-0.06262693167301192,True,0.16191935755946485,0.16468781156489465,-0.06262693167301192,True,20,True,True,True,False,True,False,9,1,STOP_BEFORE_TARGET,True,True,False,True,False,9,2,STOP_BEFORE_TARGET,2023-04-25,2023-04-27,2023-05-01,2023-05-08,2023-05-22
TSLA|2023-04-25T00:00:00|Long,TSLA,2023-04-25,Long,-0.04306963495243776,0.0,-0.046866240524749636,True,0.022655128095669497,0.02694966005104238,-0.05165869886318364,True,-0.0022406212389012303,0.02999942353363627,-0.05165869886318364,True,0.052778961997760776,0.08172032758104741,-0.05165869886318364,True,0.15622086506233002,0.2009709896863805,-0.05165869886318364,True,20,True,True,True,False,True,False,8,1,STOP_BEFORE_TARGET,True,True,False,True,False,8,1,STOP_BEFORE_TARGET,2023-04-26,2023-04-28,2023-05-02,2023-05-09,2023-05-23
TSLA|2023-04-26T00:00:00|Long,TSLA,2023-04-26,Long,0.041886194740853755,0.043772329935213516,-0.008975641514227695,True,0.052552857437754064,0.07317073170731714,-0.008975641514227695,True,0.04461789014862805,0.07635775930513211,-0.008975641514227695,True,0.09619507828379059,0.1345040174034553,-0.008975641514227695,True,0.18959345623729673,0.2550244339113312,-0.008975641514227695,True,20,True,True,False,True,False,False,1,,TARGET_BEFORE_STOP,True,False,True,False,False,2,,TARGET_BEFORE_STOP,2023-04-27,2023-05-01,2023-05-03,2023-05-10,2023-05-24
TSLA|2023-04-27T00:00:00|Long,TSLA,2023-04-27,Long,0.025719427270091355,0.03002682742547025,-0.017916193728989227,True,0.0007490799385647673,0.033085729265135866,-0.017916193728989227,True,0.006304978409656714,0.033085729265135866,-0.017916193728989227,True,0.07422435363279001,0.08889437553747248,-0.017916193728989227,True,0.15157000068202087,0.20456959718473966,-0.017916193728989227,True,20,True,True,False,True,False,False,1,,TARGET_BEFORE_STOP,True,False,True,False,False,6,,TARGET_BEFORE_STOP,2023-04-28,2023-05-02,2023-05-04,2023-05-11,2023-05-25
TSLA|2023-04-28T00:00:00|Long,TSLA,2023-04-28,Long,-0.015093395194377579,-0.006268631212958176,-0.03335156599697997,True,-0.022518392083371253,0.0071815954726035525,-0.03335156599697997,True,0.03499482737165471,0.039437622931180805,-0.03335156599697997,True,0.022335817804614022,0.07954480870561698,-0.03335156599697997,True,0.17564360683567015,0.20869094427862733,-0.03335156599697997,True,20,True,True,True,False,True,False,5,1,STOP_BEFORE_TARGET,True,True,False,True,False,6,1,STOP_BEFORE_TARGET,2023-05-01,2023-05-03,2023-05-05,2023-05-12,2023-05-26
TSLA|2023-05-01T00:00:00|Long,TSLA,2023-05-01,Long,-0.00939259874721976,0.02261634814742397,-0.017920095918314005,True,-0.0038930042370648454,0.02261634814742397,-0.017920095918314005,True,0.06154601336207133,0.07396651477023042,-0.017920095918314005,True,0.02793057048333769,0.09608850569001115,-0.017920095918314005,True,0.24303282077518573,0.2635481271328761,-0.017920095918314005,True,20,True,True,False,True,False,False,4,,TARGET_BEFORE_STOP,True,False,True,False,False,4,,TARGET_BEFORE_STOP,2023-05-02,2023-05-04,2023-05-08,2023-05-15,2023-05-30
TSLA|2023-05-02T00:00:00|Long,TSLA,2023-05-02,Long,0.0018713932775662467,0.029255832529671455,-0.0024951275814110163,True,0.06081966283129869,0.06537331349973097,-0.004117046174042516,True,0.05514313812312044,0.08414949596785704,-0.004117046174042516,True,0.03873748866846194,0.10648123999864456,-0.004117046174042516,True,0.2720977841774608,0.27552865598916276,-0.004117046174042516,True,20,True,True,False,True,False,False,3,,TARGET_BEFORE_STOP,True,False,True,False,False,3,,TARGET_BEFORE_STOP,2023-05-03,2023-05-05,2023-05-09,2023-05-16,2023-05-31
TSLA|2023-05-03T00:00:00|Long,TSLA,2023-05-03,Long,0.003673471985857102,0.01456943110016895,-0.00597725365929247,True,0.06960956748206804,0.08212441561099237,-0.00597725365929247,True,0.04937421484120308,0.08604689628859252,-0.00597725365929247,True,0.08249797615121857,0.10441444622832585,-0.00597725365929247,True,0.2920739896883231,0.30626986024826586,-0.00597725365929247,True,20,True,True,False,True,False,False,2,,TARGET_BEFORE_STOP,True,False,True,False,False,2,,TARGET_BEFORE_STOP,2023-05-04,2023-05-08,2023-05-10,2023-05-17,2023-06-01
TSLA|2023-05-04T00:00:00|Long,TSLA,2023-05-04,Long,0.05496278398315546,0.05949129354493565,0.014330009939984345,True,0.04931759986816098,0.07816381105491721,0.014330009939984345,True,0.06749382809421411,0.08207193534741153,0.014330009939984345,True,0.09733252319132468,0.10037225955882212,0.014330009939984345,True,0.3273573528007214,0.347704740154271,0.014330009939984345,True,20,True,True,False,True,False,False,1,,TARGET_BEFORE_STOP,True,False,True,False,False,1,,TARGET_BEFORE_STOP,2023-05-05,2023-05-09,2023-05-11,2023-05-18,2023-06-02
TSLA|2023-05-05T00:00:00|Long,TSLA,2023-05-05,Long,0.010172855182730478,0.02199227065068876,-0.005115812828867861,True,-0.008938047126204496,0.025696784546182405,-0.020580971717314545,True,-0.012230988244828267,0.043043675345794785,-0.020580971717314545,True,0.05927320931297575,0.0699164974734976,-0.033576335040877314,True,0.27960721941898514,0.30124659804189347,-0.033576335040877314,True,20,True,True,True,False,True,False,5,2,STOP_BEFORE_TARGET,True,True,False,True,False,10,6,STOP_BEFORE_TARGET,2023-05-08,2023-05-10,2023-05-12,2023-05-19,2023-06-05
TSLA|2023-05-08T00:00:00|Long,TSLA,2023-05-08,Long,-0.015367597024416146,-0.011467408108182808,-0.030444123243127397,True,0.0016881573796840854,0.015367597024416035,-0.030444123243127397,True,-0.03166649627581253,0.032539797515266145,-0.04214442352480974,True,0.0994237295452145,0.1020432779742182,-0.043308617925289616,True,0.2882589569113061,0.291751628935085,-0.043308617925289616,True,20,True,True,True,False,True,False,4,1,STOP_BEFORE_TARGET,True,True,False,True,False,9,1,STOP_BEFORE_TARGET,2023-05-09,2023-05-11,2023-05-15,2023-05-22,2023-06-06
TSLA|2023-05-09T00:00:00|Long,TSLA,2023-05-09,Long,-0.0036062703657255835,0.03121489192916016,-0.014602431627722678,True,-0.006916927053874589,0.048655106611264154,-0.014602431627722678,True,-0.015548269103887291,0.048655106611264154,-0.028377108874779067,True,0.09825605069869292,0.14076271756742686,-0.028377108874779067,True,0.32763828216068425,0.36464682329410514,-0.028377108874779067,True,20,True,True,True,True,False,False,1,4,TARGET_BEFORE_STOP,True,False,True,False,False,8,,TARGET_BEFORE_STOP,2023-05-10,2023-05-12,2023-05-16,2023-05-23,2023-06-07
TSLA|2023-05-10T00:00:00|Long,TSLA,2023-05-10,Long,0.021003967520705658,0.0298446317696619,-0.010383292213789308,True,-0.012993872492324199,0.05245052776092063,-0.023673848304960665,True,0.0315652517867786,0.05245052776092063,-0.024860492165226233,True,0.08520233287284151,0.14489150587704236,-0.024860492165226233,True,0.39349715181029055,0.39569244747853793,-0.024860492165226233,True,20,True,True,True,True,False,False,2,3,TARGET_BEFORE_STOP,True,False,True,False,False,2,,TARGET_BEFORE_STOP,2023-05-11,2023-05-15,2023-05-17,2023-05-24,2023-06-08
TSLA|2023-05-11T00:00:00|Long,TSLA,2023-05-11,Long,-0.023826162598143963,0.03079964548676184,-0.028184600487610845,True,-0.032310538699624525,0.03079964548676184,-0.04492094168576455,True,0.027952100810157532,0.03079964548676184,-0.04492094168576455,True,0.07200139038708708,0.12133893921800487,-0.04492094168576455,True,0.4202695914452179,0.466875845438258,-0.04492094168576455,True,20,True,True,True,,,False,1,1,AMBIGUOUS,True,True,False,True,False,6,2,STOP_BEFORE_TARGET,2023-05-12,2023-05-16,2023-05-18,2023-05-25,2023-06-09
TSLA|2023-05-12T00:00:00|Long,TSLA,2023-05-12,Long,-0.009703474612936969,0.010596492585843498,-0.02041905442922287,True,0.03500419712088676,0.03881417096257267,-0.021609654222823238,True,0.07238959382897425,0.08316467184201048,-0.021609654222823238,True,0.14995834672042752,0.1822836715964784,-0.021609654222823238,True,0.48726043686937026,0.5026789176633069,-0.021609654222823238,True,20,True,True,True,False,True,False,3,1,STOP_BEFORE_TARGET,True,False,True,False,False,4,,TARGET_BEFORE_STOP,2023-05-15,2023-05-17,2023-05-19,2023-05-26,2023-06-12
TSLA|2023-05-15T00:00:00|Long,TSLA,2023-05-15,Long,0.001021930644472091,0.01905619508647738,-0.012022842961336933,True,0.06336034204635999,0.06438227269083208,-0.012022842961336933,True,0.1353771457012043,0.13808235874911512,-0.012022842961336933,True,0.20925756706574639,0.22921543868351923,-0.012022842961336933,True,0.5552147998966053,0.5610458860710146,-0.012022842961336933,True,20,True,True,False,True,False,False,2,,TARGET_BEFORE_STOP,True,False,True,False,False,3,,TARGET_BEFORE_STOP,2023-05-16,2023-05-18,2023-05-22,2023-05-30,2023-06-13
TSLA|2023-05-16T00:00:00|Long,TSLA,2023-05-16,Long,0.04407876621166107,0.04792214462403055,0.004023529616592247,True,0.08179194551846392,0.09266149579563199,0.004023529616592247,True,0.11560172655594614,0.15877973674649315,0.004023529616592247,True,0.2246576233694415,0.22796054816914246,0.004023529616592247,True,0.5420970571485253,0.5708023097107089,0.004023529616592247,True,20,True,True,False,True,False,False,1,,TARGET_BEFORE_STOP,True,False,True,False,False,2,,TARGET_BEFORE_STOP,2023-05-17,2023-05-19,2023-05-23,2023-05-31,2023-06-14
TSLA|2023-05-17T00:00:00|Long,TSLA,2023-05-17,Long,0.01742780840135616,0.01840559609460657,-0.008109994577012669,True,0.086333799920292,0.08892215955132521,-0.008109994577012669,True,0.051995819937864285,0.1098585415648412,-0.008109994577012669,True,0.19360406961890497,0.2067180623216125,-0.008109994577012669,True,0.47187388127300034,0.5044864051878126,-0.008109994577012669,True,20,True,True,False,True,False,False,2,,TARGET_BEFORE_STOP,True,False,True,False,False,3,,TARGET_BEFORE_STOP,2023-05-18,2023-05-22,2023-05-24,2023-06-01,2023-06-15
TSLA|2023-05-18T00:00:00|Long,TSLA,2023-05-18,Long,0.018373000232992265,0.028605334253225534,-0.0032788842391088258,True,0.05020071747104171,0.09084746101909458,-0.0032788842391088258,True,0.04285150012555361,0.09084746101909458,-0.0032788842391088258,True,0.2096218099327134,0.22816440019001671,-0.0032788842391088258,True,0.4728928115998887,0.4901916841712728,-0.0032788842391088258,True,20,True,True,False,True,False,False,2,,TARGET_BEFORE_STOP,True,False,True,False,False,2,,TARGET_BEFORE_STOP,2023-05-19,2023-05-23,2023-05-25,2023-06-02,2023-06-16
TSLA|2023-05-19T00:00:00|Long,TSLA,2023-05-19,Long,0.04846228354123516,0.05096040838055993,-0.00016653036193248205,True,0.015321386233970058,0.0711669111116664,-0.010658366689522913,True,0.07233262364519377,0.10247588973250532,-0.010658366689522913,True,0.208004892570552,0.22843340754917874,-0.010658366689522913,True,0.5235373217326782,0.525202625352003,-0.010658366689522913,True,20,True,True,False,True,False,False,1,,TARGET_BEFORE_STOP,True,False,True,False,False,1,,TARGET_BEFORE_STOP,2023-05-22,2023-05-24,2023-05-26,2023-06-05,2023-06-20
TSLA|2023-05-22T00:00:00|Long,TSLA,2023-05-22,Long,-0.01641335799687571,0.021655168647312095,-0.0191136797992274,True,-0.02329641557810347,0.021655168647312095,-0.056387960882174015,True,0.06507125992827145,0.08264944678304298,-0.056387960882174015,True,0.1717583696726328,0.17493519033778582,-0.056387960882174015,True,0.37374912989271736,0.46656428969838215,-0.056387960882174015,True,20,True,True,True,False,True,False,4,2,STOP_BEFORE_TARGET,True,True,False,True,False,4,2,STOP_BEFORE_TARGET,2023-05-23,2023-05-25,2023-05-30,2023-06-06,2023-06-21
TSLA|2023-05-23T00:00:00|Long,TSLA,2023-05-23,Long,-0.015449266889003499,-0.008343666986649234,-0.0406416691506587,True,0.039834169813718345,0.06906390448394162,-0.0406416691506587,True,0.09775522412480453,0.10071589075078546,-0.0406416691506587,True,0.20886043042154157,0.24255798310962073,-0.0406416691506587,True,0.42439564658388185,0.4910372173331363,-0.0406416691506587,True,20,True,True,True,False,True,False,3,1,STOP_BEFORE_TARGET,True,True,False,True,False,3,1,STOP_BEFORE_TARGET,2023-05-24,2023-05-26,2023-05-31,2023-06-07,2023-06-22
TSLA|2023-05-24T00:00:00|Long,TSLA,2023-05-24,Long,0.008583965973816943,0.021213805425321475,-0.012684484105246807,True,0.09983603266799235,0.11798798551774858,-0.012684484105246807,True,0.13460913722015055,0.14707495928347591,-0.012684484105246807,True,0.28408971267257077,0.28611264941141457,-0.012684484105246807,True,0.4029525132119094,0.514434114148427,-0.012684484105246807,True,20,True,True,False,True,False,False,2,,TARGET_BEFORE_STOP,True,False,True,False,False,2,,TARGET_BEFORE_STOP,2023-05-25,2023-05-30,2023-06-01,2023-06-08,2023-06-23
TSLA|2023-05-25T00:00:00|Long,TSLA,2023-05-25,Long,0.047162123329924865,0.07659784674640457,0.00032524290235125264,True,0.10549136079744392,0.10847289193051846,0.00032524290235125264,True,0.15991760071983574,0.17769826292828128,0.00032524290235125264,True,0.324876631859941,0.3683525586740015,0.00032524290235125264,True,0.3067165471710567,0.5015449037861681,0.00032524290235125264,True,20,True,True,False,True,False,False,1,,TARGET_BEFORE_STOP,True,False,True,False,False,1,,TARGET_BEFORE_STOP,2023-05-26,2023-05-31,2023-06-02,2023-06-09,2023-06-26
TSLA|2023-05-26T00:00:00|Long,TSLA,2023-05-26,Long,0.041362559242642094,0.05854945211886431,0.022570795939741872,True,0.07428692985214602,0.08608999865635458,0.010094719504716965,True,0.1265206951031348,0.14557123457957433,0.010094719504716965,True,0.2933167893523241,0.30672464959170465,0.010094719504716965,True,0.295283993816861,0.43391827333415,0.010094719504716965,True,20,True,True,False,True,False,False,1,,TARGET_BEFORE_STOP,True,False,True,False,False,1,,TARGET_BEFORE_STOP,2023-05-30,2023-06-01,2023-06-05,2023-06-12,2023-06-27
TSLA|2023-05-30T00:00:00|Long,TSLA,2023-05-30,Long,0.013770078361723614,0.013869522943632528,-0.030025892001211862,True,0.06368063892119857,0.07998606107065487,-0.030025892001211862,True,0.10016898752065306,0.10315171814598889,-0.030025892001211862,True,0.28609060819881504,0.29091264639251313,-0.030025892001211862,True,0.2738118192957686,0.3769635374417575,-0.030025892001211862,True,20,True,True,True,False,True,False,2,1,STOP_BEFORE_TARGET,True,True,False,True,False,3,1,STOP_BEFORE_TARGET,2023-05-31,2023-06-02,2023-06-06,2023-06-13,2023-06-28
TSLA|2023-05-31T00:00:00|Long,TSLA,2023-05-31,Long,0.017604137329555458,0.02878443871328451,-0.022360602767457882,True,0.06708188312603691,0.08512725559673529,-0.022360602767457882,True,0.10121127538729469,0.13190805728140487,-0.022360602767457882,True,0.2592066776228463,0.2826460879644941,-0.022360602767457882,True,0.26268822266564396,0.35826018821443495,-0.022360602767457882,True,20,True,True,True,False,True,False,2,1,STOP_BEFORE_TARGET,True,False,True,False,False,2,,TARGET_BEFORE_STOP,2023-06-01,2023-06-05,2023-06-07,2023-06-14,2023-06-29
TSLA|2023-06-01T00:00:00|Long,TSLA,2023-06-01,Long,0.031081326211682914,0.04688702547810375,0.010745931387950547,True,0.06645139264756095,0.06934270958647071,0.010745931387950547,True,0.13174631734295317,0.1335292544553759,0.010745931387950547,True,0.23313410094432863,0.2604568327822194,0.010745931387950547,True,0.26142050705619724,0.33476283987882094,0.010745931387950547,True,20,True,True,False,True,False,False,1,,TARGET_BEFORE_STOP,True,False,True,False,False,2,,TARGET_BEFORE_STOP,2023-06-02,2023-06-06,2023-06-08,2023-06-15,2023-06-30
TSLA|2023-06-02T00:00:00|Long,TSLA,2023-06-02,Long,0.017011727666879306,0.03421036604976857,0.002570468049820196,True,0.04953968333431025,0.07879609531319764,-0.006729926780347784,True,0.1422161634910386,0.17969807322935072,-0.006729926780347784,True,0.21764736672681173,0.2319484254786761,-0.006729926780347784,True,0.30775345014646915,0.32845725278472715,-0.006729926780347784,True,20,True,True,False,True,False,False,1,,TARGET_BEFORE_STOP,True,False,True,False,False,3,,TARGET_BEFORE_STOP,2023-06-05,2023-06-07,2023-06-09,2023-06-16,2023-07-03
TSLA|2023-06-05T00:00:00|Long,TSLA,2023-06-05,Long,0.017002881015874438,0.019760135286508884,-0.02334452376640006,True,0.07927025390201403,0.0809705209676348,-0.02334452376640006,True,0.1480630537674399,0.15996506346656325,-0.02334452376640006,True,0.261201284119549,0.26257984113497734,-0.02334452376640006,True,0.2981021561234751,0.30623592299405744,-0.02334452376640006,True,20,True,True,True,False,True,False,2,1,STOP_BEFORE_TARGET,True,False,True,False,False,2,,TARGET_BEFORE_STOP,2023-06-06,2023-06-08,2023-06-12,2023-06-20,2023-07-05
TSLA|2023-06-06T00:00:00|Long,TSLA,2023-06-06,Long,0.014730512862447087,0.043016602853381825,0.008540054270020248,True,0.10433327275139193,0.1405720525667391,0.0076815189869228195,True,0.16899369350262816,0.173376691249697,0.0076815189869228195,True,0.17238260502164549,0.2515927580770023,0.0076815189869228195,True,0.2495594939026895,0.28439746570754143,0.0076815189869228195,True,20,True,True,False,True,False,False,1,,TARGET_BEFORE_STOP,True,False,True,False,False,2,,TARGET_BEFORE_STOP,2023-06-07,2023-06-09,2023-06-13,2023-06-21,2023-07-06
TSLA|2023-06-07T00:00:00|Long,TSLA,2023-06-07,Long,0.045820870777622646,0.047468442159019686,-0.006946665923782791,True,0.11248160343321034,0.12401473899637305,-0.006946665923782791,True,0.14347419588487664,0.1647593124338369,-0.006946665923782791,True,0.17829619593651613,0.23342379302894112,-0.006946665923782791,True,0.22202424066174653,0.2657522853869767,-0.006946665923782791,True,20,True,True,False,True,False,False,1,,TARGET_BEFORE_STOP,True,False,True,False,False,2,,TARGET_BEFORE_STOP,2023-06-08,2023-06-12,2023-06-14,2023-06-22,2023-07-07
TSLA|2023-06-08T00:00:00|Long,TSLA,2023-06-08,Long,0.0406199151040636,0.07476793627249867,0.030486262639453532,True,0.10154982024502024,0.10567994550339677,0.030486262639453532,True,0.08958525603105816,0.11372735520928856,0.030486262639453532,True,0.09256580701978367,0.17938341784269984,0.030486262639453532,True,0.14796042174445656,0.21029549204332043,0.024865861886714136,True,20,True,True,False,True,False,False,1,,TARGET_BEFORE_STOP,True,False,True,False,False,1,,TARGET_BEFORE_STOP,2023-06-09,2023-06-13,2023-06-15,2023-06-23,2023-07-10
TSLA|2023-06-09T00:00:00|Long,TSLA,2023-06-09,Long,0.02221770896144215,0.02688219103230205,0.0007774240840887625,True,0.05069564221709966,0.07025373918383448,0.0007774240840887625,True,0.06603934145462209,0.07855979004305302,0.0007774240840887625,True,-0.013707000525316926,0.13334696052281458,-0.01513910409428787,True,0.10388713290717777,0.16305240220420836,-0.01513910409428787,True,20,True,True,False,True,False,False,2,,TARGET_BEFORE_STOP,True,False,True,False,False,2,,TARGET_BEFORE_STOP,2023-06-12,2023-06-14,2023-06-16,2023-06-26,2023-07-11
TSLA|2023-06-12T00:00:00|Long,TSLA,2023-06-12,Long,0.035544128242966044,0.03942677329597721,0.006044087962890243,True,0.024296489696759682,0.04699197617227391,-0.010166947629610679,True,0.09854705277801523,0.09974782046312125,-0.010166947629610679,True,0.0015210538367185222,0.10871387825424983,-0.03654486977503435,True,0.08870026914664075,0.13777367776757865,-0.03654486977503435,True,20,True,True,True,True,False,False,1,9,TARGET_BEFORE_STOP,True,True,True,False,False,4,9,TARGET_BEFORE_STOP,2023-06-13,2023-06-15,2023-06-20,2023-06-27,2023-07-12
TSLA|2023-06-13T00:00:00|Long,TSLA,2023-06-13,Long,-0.007421371317580694,0.011054910763418357,-0.03173434241523565,True,0.00707362355644281,0.018901529936800276,-0.0441420839787251,True,0.002898998974804723,0.07065826362748329,-0.0441420839787251,True,-0.009547374675446196,0.07065826362748329,-0.06961460748207382,True,0.07417572987218146,0.0987206114509751,-0.06961460748207382,True,20,True,True,True,False,True,False,4,1,STOP_BEFORE_TARGET,True,True,False,True,False,4,1,STOP_BEFORE_TARGET,2023-06-14,2023-06-16,2023-06-21,2023-06-28,2023-07-13
TSLA|2023-06-14T00:00:00|Long,TSLA,2023-06-14,Long,-0.0034659239799892383,0.008411556486752847,-0.03699526828407407,True,0.06877216042079759,0.06994038263734192,-0.03699526828407407,True,0.030452807922519476,0.07866342543432503,-0.03699526828407407,True,0.0027648718075179435,0.07866342543432503,-0.06265824627621741,True,0.09575916320587274,0.11102448810059307,-0.06265824627621741,True,20,True,True,True,False,True,False,3,1,STOP_BEFORE_TARGET,True,True,False,True,False,3,1,STOP_BEFORE_TARGET,2023-06-15,2023-06-20,2023-06-22,2023-06-29,2023-07-14
TSLA|2023-06-15T00:00:00|Long,TSLA,2023-06-15,Long,0.01813214052015355,0.030089927278958983,0.005119177764121741,True,0.013911675043000615,0.08241499351665427,0.005119177764121741,True,0.002735491300224213,0.08241499351665427,-0.02989446689701336,True,0.022938629375512942,0.08241499351665427,-0.05939819191395068,True,0.13474017901022628,0.1419695895129245,-0.05939819191395068,True,20,True,True,True,True,False,False,1,4,TARGET_BEFORE_STOP,True,True,True,False,False,2,6,TARGET_BEFORE_STOP,2023-06-16,2023-06-21,2023-06-23,2023-06-30,2023-07-17
TSLA|2023-06-16T00:00:00|Long,TSLA,2023-06-16,Long,0.05338912722001776,0.05454053500051237,0.002226094086297037,True,0.015621312171481216,0.06313802544693181,-0.047171290941302235,True,-0.07480619042738545,0.06313802544693181,-0.07614957759264407,True,0.07400014641502795,0.09100326505512535,-0.07614957759264407,True,0.12589232638838044,0.1332616875796131,-0.07614957759264407,True,20,True,True,True,True,False,False,1,3,TARGET_BEFORE_STOP,True,True,True,False,False,1,3,TARGET_BEFORE_STOP,2023-06-20,2023-06-22,2023-06-26,2023-07-03,2023-07-18
TSLA|2023-06-20T00:00:00|Long,TSLA,2023-06-20,Long,-0.054618400747766804,0.009254792910804222,-0.06073970736484924,True,-0.06503918859384306,0.009254792910804222,-0.0954636948140023,True,-0.08832211482970753,0.009254792910804222,-0.12297326929368013,True,0.029258511284887323,0.03570773312837794,-0.12297326929368013,True,0.06124976065190757,0.09050827193679467,-0.12297326929368013,True,20,True,True,True,False,True,False,9,1,STOP_BEFORE_TARGET,True,True,False,True,False,18,1,STOP_BEFORE_TARGET,2023-06-21,2023-06-23,2023-06-27,2023-07-05,2023-07-19
TSLA|2023-06-21T00:00:00|Long,TSLA,2023-06-21,Long,0.019848894111198723,0.021352072486601648,-0.043205086812079796,True,-0.0709550181516434,0.021352072486601648,-0.07230399724299674,True,-0.01241039592518689,0.021352072486601648,-0.07230399724299674,True,0.06582909755780553,0.09554462869553415,-0.07230399724299674,True,0.013258315558072553,0.1535112094410893,-0.07230399724299674,True,20,True,True,True,False,True,False,8,1,STOP_BEFORE_TARGET,True,True,False,True,False,8,1,STOP_BEFORE_TARGET,2023-06-22,2023-06-26,2023-06-28,2023-07-06,2023-07-20
TSLA|2023-06-22T00:00:00|Long,TSLA,2023-06-22,Long,-0.030270888067223778,-0.00816285576548248,-0.04463165773624855,True,-0.054419634310335696,-0.00816285576548248,-0.09035935802480521,True,-0.026869678943204356,-0.00816285576548248,-0.09035935802480521,True,0.037111250020182895,0.07422250004036557,-0.09035935802480521,True,-0.01734627032986802,0.13106090137635307,-0.09035935802480521,True,20,True,True,True,False,True,False,7,1,STOP_BEFORE_TARGET,True,True,False,True,False,7,1,STOP_BEFORE_TARGET,2023-06-23,2023-06-27,2023-06-29,2023-07-07,2023-07-21
TSLA|2023-06-23T00:00:00|Long,TSLA,2023-06-23,Long,-0.060600166336257755,0.006897852578217956,-0.06196418073684373,True,-0.0014030236187734246,0.012782535858450794,-0.06196418073684373,True,0.020148023332745346,0.030592384710812714,-0.06196418073684373,True,0.050701398825370614,0.10775523475759408,-0.06196418073684373,True,0.04855803257483804,0.16636789332025415,-0.06196418073684373,True,20,True,True,True,False,True,False,5,1,STOP_BEFORE_TARGET,True,True,False,True,False,6,1,STOP_BEFORE_TARGET,2023-06-26,2023-06-28,2023-06-30,2023-07-10,2023-07-24
TSLA|2023-06-26T00:00:00|Long,TSLA,2023-06-26,Long,0.03800042956291749,0.03874713221175585,-0.0008296907102682827,True,0.06824308956640035,0.08168424365623994,-0.0008296907102682827,True,0.16083801610297566,0.17921591537572534,-0.0008296907102682827,True,0.11922839713465194,0.17921591537572534,-0.0008296907102682827,True,0.10051854561618256,0.2416096442888609,-0.0008296907102682827,True,20,True,True,False,True,False,False,1,,TARGET_BEFORE_STOP,True,False,True,False,False,2,,TARGET_BEFORE_STOP,2023-06-27,2023-06-29,2023-07-03,2023-07-11,2023-07-25
TSLA|2023-06-27T00:00:00|Long,TSLA,2023-06-27,Long,0.0240996896954786,0.03864752771460345,-0.005275597653167652,True,0.046201119018490555,0.05691221418433723,-0.005275597653167652,True,0.1289716774172185,0.13604569111042775,-0.005275597653167652,True,0.08704681242191392,0.13604569111042775,-0.005275597653167652,True,0.056512525519486934,0.19615523166178206,-0.005275597653167652,True,20,True,True,False,True,False,False,1,,TARGET_BEFORE_STOP,True,False,True,False,False,3,,TARGET_BEFORE_STOP,2023-06-28,2023-06-30,2023-07-05,2023-07-12,2023-07-26
TSLA|2023-06-28T00:00:00|Long,TSLA,2023-06-28,Long,0.004917303362650394,0.01756166161216277,-0.010263775071244208,True,0.09202317354241152,0.10931162516828508,-0.010263775071244208,True,0.07922267828678531,0.10931162516828508,-0.010263775071244208,True,0.08453014551826055,0.10931162516828508,-0.010263775071244208,True,-0.002068309166040172,0.16800663421494177,-0.010263775071244208,True,20,True,True,False,True,False,False,2,,TARGET_BEFORE_STOP,True,False,True,False,False,3,,TARGET_BEFORE_STOP,2023-06-29,2023-07-03,2023-07-06,2023-07-13,2023-07-27
TSLA|2023-06-29T00:00:00|Long,TSLA,2023-06-29,Long,0.016582481606492783,0.026990338668082536,0.009281610285194253,True,0.097009751403216,0.10388349514563111,0.009281610285194253,True,0.06574754437196595,0.10388349514563111,0.009281610285194253,True,0.09273788304004849,0.10796111764259719,0.009281610285194253,True,0.034718456083131066,0.16229129532008502,-0.01312623255461165,True,20,True,True,False,True,False,False,2,,TARGET_BEFORE_STOP,True,False,True,False,False,2,,TARGET_BEFORE_STOP,2023-06-30,2023-07-05,2023-07-07,2023-07-14,2023-07-28
TSLA|2023-06-30T00:00:00|Long,TSLA,2023-06-30,Long,0.06895373445427366,0.08587696042251047,0.05096075523460364,True,0.056423654930430445,0.08587696042251047,0.0424419006586747,True,0.029949943335487283,0.08587696042251047,0.012721156853736204,True,0.10929448397404462,0.11636178038371447,0.012721156853736204,True,0.021622049507798113,0.14333201324041145,-0.029224105961531133,True,20,True,True,True,True,False,False,1,14,TARGET_BEFORE_STOP,True,False,True,False,False,1,,TARGET_BEFORE_STOP,2023-07-03,2023-07-06,2023-07-10,2023-07-17,2023-07-31
TSLA|2023-07-03T00:00:00|Long,TSLA,2023-07-03,Long,0.009506123909958086,0.014402110906342136,-0.00793367580085469,True,-0.0192624348057866,0.014402110906342136,-0.02480166628458802,True,-0.03584446614525105,0.014402110906342136,-0.05260524921524823,True,0.04831673454288299,0.0551783362063758,-0.05260524921524823,True,-0.06700736012159048,0.06958044711271794,-0.09184479856457672,True,20,True,True,True,False,True,False,9,2,STOP_BEFORE_TARGET,True,True,False,True,False,10,4,STOP_BEFORE_TARGET,2023-07-05,2023-07-07,2023-07-11,2023-07-18,2023-08-01
TSLA|2023-07-05T00:00:00|Long,TSLA,2023-07-05,Long,-0.021028045208104085,-0.008885619045612692,-0.03398472716704992,True,-0.04556083664053856,-0.006018168156732062,-0.06152649464338089,True,-0.037135444434901355,-0.006018168156732062,-0.06152649464338089,True,0.031081840972180474,0.05950862682247404,-0.06152649464338089,True,-0.10043192180897242,0.05950862682247404,-0.1132469705784328,True,20,True,True,True,False,True,False,8,1,STOP_BEFORE_TARGET,True,True,False,True,False,10,1,STOP_BEFORE_TARGET,2023-07-06,2023-07-10,2023-07-12,2023-07-19,2023-08-02
TSLA|2023-07-06T00:00:00|Long,TSLA,2023-07-06,Long,-0.007630056425625198,0.01533228503421502,-0.010016704439350654,True,-0.024408764704668462,0.01533228503421502,-0.041368344861202666,True,0.004917861103419963,0.01533228503421502,-0.041368344861202666,True,-0.04932383824028763,0.08226657733795673,-0.055471164619562696,True,-0.062269475260777196,0.08226657733795673,-0.09419976222907434,True,20,True,True,True,False,True,False,6,2,STOP_BEFORE_TARGET,True,True,False,True,False,7,2,STOP_BEFORE_TARGET,2023-07-07,2023-07-11,2023-07-13,2023-07-20,2023-08-03
TSLA|2023-07-07T00:00:00|Long,TSLA,2023-07-07,Long,-0.01756370459810941,0.011259688883719088,-0.03399769274959796,True,-0.008891165348274943,0.011259688883719088,-0.03399769274959796,True,0.025325264703272232,0.03960935541775701,-0.03399769274959796,True,-0.052508851243288635,0.09058782397196241,-0.06788612805173011,True,-0.07495533511066199,0.09058782397196241,-0.08723531618827285,True,20,True,True,True,False,True,False,5,1,STOP_BEFORE_TARGET,True,True,False,True,False,6,1,STOP_BEFORE_TARGET,2023-07-10,2023-07-12,2023-07-14,2023-07-21,2023-08-04
TSLA|2023-07-10T00:00:00|Long,TSLA,2023-07-10,Long,0.000667717084456676,0.0047847209488169895,-0.012017322838210776,True,0.03074815101566797,0.03649726415969967,-0.012017322838210776,True,0.07703727851239117,0.08389906481123033,-0.012017322838210776,True,-0.0020399385143379245,0.11008502950904298,-0.05745332545519988,True,-0.06735651270349019,0.11008502950904298,-0.09958826565609236,True,20,True,True,True,True,False,False,3,8,TARGET_BEFORE_STOP,True,True,True,False,False,4,8,TARGET_BEFORE_STOP,2023-07-11,2023-07-13,2023-07-17,2023-07-24,2023-08-07
TSLA|2023-07-11T00:00:00|Long,TSLA,2023-07-11,Long,0.008154422401772665,0.02494525466323716,0.006189936088304648,True,0.042959323810395356,0.05748907949444826,0.003002326005185907,True,0.08729006652241345,0.09440676234851075,0.003002326005185907,True,-0.016716741253499978,0.10934430136647566,-0.05808226002233585,True,-0.07446536550790972,0.10934430136647566,-0.10018908477696742,True,20,True,True,True,True,False,False,2,7,TARGET_BEFORE_STOP,True,True,True,False,False,3,7,TARGET_BEFORE_STOP,2023-07-12,2023-07-14,2023-07-18,2023-07-25,2023-08-08
TSLA|2023-07-12T00:00:00|Long,TSLA,2023-07-12,Long,0.02172875427149612,0.02742756072099528,-0.005110423841927503,True,0.06761283616573799,0.07441457950166552,-0.005110423841927503,True,0.07084826730073757,0.10037140810594658,-0.005110423841927503,True,-0.028089210651744856,0.10037140810594658,-0.06570092929445248,True,-0.10956281062876605,0.10037140810594658,-0.11062905775305165,True,20,True,True,True,True,False,False,2,6,TARGET_BEFORE_STOP,True,True,True,False,False,3,6,TARGET_BEFORE_STOP,2023-07-13,2023-07-17,2023-07-19,2023-07-26,2023-08-09
TSLA|2023-07-13T00:00:00|Long,TSLA,2023-07-13,Long,0.012522529912772917,0.026628262177079476,-0.005721469495544085,True,0.05555956380178095,0.062468572329681615,-0.005721469495544085,True,-0.05397625163528208,0.07697018754309548,-0.06009349426496835,True,-0.0798488221301753,0.07697018754309548,-0.08557034653320195,True,-0.11716444143112181,0.07697018754309548,-0.129543003924677,True,20,True,True,True,True,False,False,2,5,TARGET_BEFORE_STOP,True,True,True,False,False,2,5,TARGET_BEFORE_STOP,2023-07-14,2023-07-18,2023-07-20,2023-07-27,2023-08-10
TSLA|2023-07-14T00:00:00|Long,TSLA,2023-07-14,Long,0.03198521516746822,0.0385599755321433,0.007783077700628915,True,0.03511267578137711,0.06365059119807892,0.007783077700628915,True,-0.0759116337283331,0.06365059119807892,-0.09090909583894602,True,-0.05309546585454206,0.06365059119807892,-0.0968796975356443,True,-0.13764308164845673,0.06365059119807892,-0.15409766102040512,True,20,True,True,True,True,False,False,1,4,TARGET_BEFORE_STOP,True,True,True,False,False,3,4,TARGET_BEFORE_STOP,2023-07-17,2023-07-19,2023-07-21,2023-07-28,2023-08-11
TSLA|2023-07-17T00:00:00|Long,TSLA,2023-07-17,Long,0.010193509901870401,0.01680558165422541,-0.015049228747520238,True,-0.09463465295214846,0.030683943495714017,-0.10048898748230717,True,-0.0734210584947913,0.030683943495714017,-0.12487089040534427,True,-0.07903440946732232,0.030683943495714017,-0.12487089040534427,True,-0.1743233333039066,0.030683943495714017,-0.19502033173966793,True,20,True,True,True,True,False,False,2,3,TARGET_BEFORE_STOP,False,True,False,True,False,,3,STOP_BEFORE_TARGET,2023-07-18,2023-07-20,2023-07-24,2023-07-31,2023-08-14
TSLA|2023-07-18T00:00:00|Long,TSLA,2023-07-18,Long,-0.007090702250741598,0.020283671784660395,-0.0130224564393141,True,-0.11358835392442801,0.020283671784660395,-0.12797434292898635,True,-0.0956569097596639,0.020283671784660395,-0.13370151261448382,True,-0.11000882735575179,0.020283671784660395,-0.13370151261448382,True,-0.2058361981926028,0.020283671784660395,-0.2070293737154949,True,20,True,False,True,False,True,False,,2,STOP_BEFORE_TARGET,False,True,False,True,False,,2,STOP_BEFORE_TARGET,2023-07-19,2023-07-21,2023-07-25,2023-08-01,2023-08-15
TSLA|2023-07-19T00:00:00|Long,TSLA,2023-07-19,Long,-0.09737009860008494,-0.03546665090808809,-0.10320674500691951,True,-0.07622059830628813,-0.03546665090808809,-0.12751498112742576,True,-0.09239168701451217,-0.03546665090808809,-0.12751498112742576,True,-0.12754929585138652,-0.03546665090808809,-0.1399780364811094,True,-0.2254343248664502,-0.03546665090808809,-0.22618966790472095,True,20,True,False,True,False,True,False,,1,STOP_BEFORE_TARGET,False,True,False,True,False,,1,STOP_BEFORE_TARGET,2023-07-20,2023-07-24,2023-07-26,2023-08-02,2023-08-16
TSLA|2023-07-20T00:00:00|Long,TSLA,2023-07-20,Long,-0.010954754468143868,0.01939903469729143,-0.027006432139827896,True,0.009052890597439855,0.03803727741407803,-0.03339672492633816,True,-0.027348753706887496,0.03803727741407803,-0.03339672492633816,True,-0.013617294238794209,0.03803727741407803,-0.04720421716025858,True,-0.16614679988535885,0.03803727741407803,-0.16763025138289667,True,20,True,True,True,False,True,False,3,1,STOP_BEFORE_TARGET,False,True,False,True,False,,2,STOP_BEFORE_TARGET,2023-07-21,2023-07-25,2023-07-27,2023-08-03,2023-08-17
TSLA|2023-07-21T00:00:00|Long,TSLA,2023-07-21,Long,0.03476659075024635,0.03780485156980329,-0.022690539749904204,True,0.016652631616010494,0.049534672052213846,-0.022690539749904204,True,0.024690461114498463,0.049534672052213846,-0.022690539749904204,True,-0.023690441749062652,0.049534672052213846,-0.036650965014873194,True,-0.17125600108446437,0.049534672052213846,-0.1832935559458636,True,20,True,True,True,,,False,1,1,AMBIGUOUS,False,True,False,True,False,,8,STOP_BEFORE_TARGET,2023-07-24,2023-07-26,2023-07-28,2023-08-04,2023-08-18
TSLA|2023-07-24T00:00:00|Long,TSLA,2023-07-24,Long,-0.014048906614123058,0.014271896129986361,-0.015089562162467485,True,-0.049617152181157365,0.014271896129986361,-0.051140989488188016,True,-0.0060581465011628755,0.014271896129986361,-0.051140989488188016,True,-0.06545008834513422,0.014271896129986361,-0.09774772649371788,True,-0.14041477411025938,0.014271896129986361,-0.2107336559233206,True,20,True,False,True,False,True,False,,2,STOP_BEFORE_TARGET,False,True,False,True,False,,3,STOP_BEFORE_TARGET,2023-07-25,2023-07-27,2023-07-31,2023-08-07,2023-08-21
TSLA|2023-07-25T00:00:00|Long,TSLA,2023-07-25,Long,-0.0035057022016762307,0.010404138187294132,-0.013306690272694488,True,0.004372752063658059,0.014512990505246126,-0.03762061132939787,True,-0.015869991987525145,0.014512990505246126,-0.03762061132939787,True,-0.0587304052425629,0.014512990505246126,-0.0848914519605255,True,-0.12096651268680192,0.014512990505246126,-0.19948732815312165,True,20,True,False,True,False,True,False,,2,STOP_BEFORE_TARGET,False,True,False,True,False,,2,STOP_BEFORE_TARGET,2023-07-26,2023-07-28,2023-08-01,2023-08-08,2023-08-22
TSLA|2023-07-26T00:00:00|Long,TSLA,2023-07-26,Long,-0.032683938680391544,0.018082083105475988,-0.034234926585225645,True,0.01165116890922091,0.018082083105475988,-0.034234926585225645,True,-0.03873654343383759,0.018082083105475988,-0.05243049097916108,True,-0.08382826990906833,0.018082083105475988,-0.08492533266006486,True,-0.10399093950616134,0.018082083105475988,-0.1966710962465631,True,20,True,False,True,False,True,False,,1,STOP_BEFORE_TARGET,False,True,False,True,False,,1,STOP_BEFORE_TARGET,2023-07-27,2023-07-31,2023-08-02,2023-08-09,2023-08-23
TSLA|2023-07-27T00:00:00|Long,TSLA,2023-07-27,Long,0.04196157931177735,0.045129220535533365,0.009854930218983426,True,0.020961246997069027,0.05228571235915336,0.009854930218983426,True,0.014117557059044161,0.05228571235915336,-0.020413754188916666,True,-0.040553791809877504,0.05228571235915336,-0.05400654043561093,True,-0.10038720720248717,0.05228571235915336,-0.1695280003336872,True,20,True,True,True,True,False,False,1,4,TARGET_BEFORE_STOP,True,True,True,False,False,2,7,TARGET_BEFORE_STOP,2023-07-28,2023-08-01,2023-08-03,2023-08-10,2023-08-24
TSLA|2023-07-28T00:00:00|Long,TSLA,2023-07-28,Long,0.00371562162326855,0.009908362508140867,-0.009983499616182279,True,-0.04627684175827251,0.009908362508140867,-0.059863371873935534,True,-0.0472151393025948,0.009908362508140867,-0.059863371873935534,True,-0.08928842638842727,0.009908362508140867,-0.10666565796626293,True,-0.10452636934515946,0.009908362508140867,-0.2029725316600971,True,20,True,False,True,False,True,False,,2,STOP_BEFORE_TARGET,False,True,False,True,False,,3,STOP_BEFORE_TARGET,2023-07-31,2023-08-02,2023-08-04,2023-08-11,2023-08-25
TSLA|2023-07-31T00:00:00|Long,TSLA,2023-07-31,Long,-0.023781870118334214,-0.0035896925601832663,-0.026848120526578034,True,-0.030325638760326457,-0.0035896925601832663,-0.06334363252649222,True,-0.059753939966308955,-0.0035896925601832663,-0.09224843452340059,True,-0.1034663236239588,-0.0035896925601832663,-0.1259394742481753,True,-0.10698121428080742,-0.0035896925601832663,-0.20592302125286965,True,20,True,False,True,False,True,False,,1,STOP_BEFORE_TARGET,False,True,False,True,False,,2,STOP_BEFORE_TARGET,2023-08-01,2023-08-03,2023-08-07,2023-08-14,2023-08-28
TSLA|2023-08-01T00:00:00|Long,TSLA,2023-08-01,Long,-0.02665954157355066,-0.0059371749609749,-0.04052553542818704,True,-0.02761713912587893,0.014172373637919122,-0.04052553542818704,True,-0.043551576423929594,0.014172373637919122,-0.07013449382810144,True,-0.10767227112167732,0.014172373637919122,-0.1090129310737834,True,-0.014900274023459725,0.014172373637919122,-0.18657833281237468,True,20,True,False,True,False,True,False,,1,STOP_BEFORE_TARGET,False,True,False,True,False,,1,STOP_BEFORE_TARGET,2023-08-02,2023-08-04,2023-08-08,2023-08-15,2023-08-29
TSLA|2023-08-02T00:00:00|Long,TSLA,2023-08-02,Long,0.020502958173047814,0.02510719613041279,-0.008303492996275308,True,-0.010467921985440443,0.0419502907312419,-0.04466571987034684,True,-0.04690881169695982,0.0419502907312419,-0.04805008336759575,True,-0.11219548399652612,0.0419502907312419,-0.11306125559219216,True,0.010979470620721354,0.0419502907312419,-0.16429892526748213,True,20,True,True,True,True,False,False,2,3,TARGET_BEFORE_STOP,False,True,False,True,False,,3,STOP_BEFORE_TARGET,2023-08-03,2023-08-07,2023-08-09,2023-08-16,2023-08-30
TSLA|2023-08-03T00:00:00|Long,TSLA,2023-08-03,Long,-0.02105509239416581,0.021016433501172882,-0.023947271858985486,True,-0.03709706194766915,0.021016433501172882,-0.06385937201011416,True,-0.053910267590149386,0.021016433501172882,-0.06717574015010241,True,-0.15463521892231014,0.021016433501172882,-0.1561391498903547,True,-0.00478181673966549,0.021016433501172882,-0.18108902278085592,True,20,True,False,True,False,True,False,,1,STOP_BEFORE_TARGET,False,True,False,True,False,,2,STOP_BEFORE_TARGET,2023-08-04,2023-08-08,2023-08-10,2023-08-17,2023-08-31
TSLA|2023-08-04T00:00:00|Long,TSLA,2023-08-04,Long,-0.009493435973824349,-0.0008272540509031145,-0.043724911671110256,True,-0.04597021248281463,-0.0008272540509031145,-0.04711260807181883,True,-0.04415822377261147,-0.0008272540509031145,-0.062396581973555354,True,-0.1511462815131771,-0.0008272540509031145,-0.16347593122280868,True,-0.03486175877348818,0.028834759504570817,-0.16347593122280868,True,20,True,False,True,False,True,False,,1,STOP_BEFORE_TARGET,False,True,False,True,False,,1,STOP_BEFORE_TARGET,2023-08-07,2023-08-09,2023-08-11,2023-08-18,2023-09-01
TSLA|2023-08-07T00:00:00|Long,TSLA,2023-08-07,Long,-0.006959634206558429,-0.0021077700764735585,-0.025611463589446104,True,-0.024299068142797475,0.0013919511145894514,-0.037979730235286335,True,-0.0464903662091215,0.0013919511145894514,-0.07039171669540922,True,-0.08021474811589302,0.0013919511145894514,-0.15545832894138711,True,0.020043719814282657,0.03869554919717033,-0.15545832894138711,True,20,True,True,True,False,True,False,17,1,STOP_BEFORE_TARGET,False,True,False,True,False,,2,STOP_BEFORE_TARGET,2023-08-08,2023-08-10,2023-08-14,2023-08-21,2023-09-05
TSLA|2023-08-08T00:00:00|Long,TSLA,2023-08-08,Long,-0.03007606967809695,0.005606764807304376,-0.031237497585450913,True,-0.02823389322355152,0.008410116656713207,-0.04677610259723908,True,-0.06704041024816221,0.008410116656713207,-0.06844211672711009,True,-0.06611932202088944,0.008410116656713207,-0.14953943449839313,True,0.00889067379990105,0.04597515365576332,-0.14953943449839313,True,20,True,True,True,False,True,False,15,1,STOP_BEFORE_TARGET,False,True,False,True,False,,1,STOP_BEFORE_TARGET,2023-08-09,2023-08-11,2023-08-15,2023-08-22,2023-09-06
TSLA|2023-08-09T00:00:00|Long,TSLA,2023-08-09,Long,0.013006292021680244,0.03967959252437159,0.003344471491095957,True,-0.010033477476669272,0.03967959252437159,-0.034848682259079444,True,-0.0684999222538275,0.03967959252437159,-0.06940830500491302,True,-0.02200752209969603,0.03967959252437159,-0.12316776716772837,True,0.03839961583058238,0.07840947207954763,-0.12316776716772837,True,20,True,True,True,True,False,False,1,3,TARGET_BEFORE_STOP,True,True,False,True,False,14,3,STOP_BEFORE_TARGET,2023-08-10,2023-08-14,2023-08-16,2023-08-23,2023-09-07
TSLA|2023-08-10T00:00:00|Long,TSLA,2023-08-10,Long,-0.01096438608281991,-0.0063177756374590555,-0.029836113861142932,True,-0.050460543771156274,-0.0063177756374590555,-0.05188716033893992,True,-0.10646447993426289,-0.0063177756374590555,-0.10805410818676897,True,-0.06236244917313083,-0.0063177756374590555,-0.13442567954602025,True,0.012880099899232444,0.06456344898642308,-0.13442567954602025,True,20,True,True,True,False,True,False,13,1,STOP_BEFORE_TARGET,True,True,False,True,False,14,2,STOP_BEFORE_TARGET,2023-08-11,2023-08-15,2023-08-17,2023-08-24,2023-09-08
TSLA|2023-08-11T00:00:00|Long,TSLA,2023-08-11,Long,-0.011910156448968756,-0.008201072674347332,-0.03667831906182184,True,-0.07026576642009874,-0.008201072674347332,-0.07117242715052086,True,-0.1119307194992426,-0.008201072674347332,-0.12482997753156622,True,-0.016731908760425407,-0.00754167161877739,-0.12482997753156622,True,0.12746751886989993,0.13270147544602007,-0.12482997753156622,True,20,True,True,True,False,True,False,12,1,STOP_BEFORE_TARGET,True,True,False,True,False,12,1,STOP_BEFORE_TARGET,2023-08-14,2023-08-16,2023-08-18,2023-08-25,2023-09-11
TSLA|2023-08-14T00:00:00|Long,TSLA,2023-08-14,Long,-0.028361644764614224,0.0030864427348948897,-0.02982146338129199,True,-0.08566897629599002,0.0030864427348948897,-0.08729560041420714,True,-0.035368685025963686,0.0030864427348948897,-0.1142809247758102,True,-0.003920533884523403,0.019269312987262532,-0.1142809247758102,True,0.11561568699778157,0.16111954048489174,-0.1142809247758102,True,20,True,True,True,False,True,False,11,1,STOP_BEFORE_TARGET,True,True,False,True,False,11,2,STOP_BEFORE_TARGET,2023-08-15,2023-08-17,2023-08-21,2023-08-28,2023-09-12
TSLA|2023-08-15T00:00:00|Long,TSLA,2023-08-15,Long,-0.03159340830287438,0.004335484536950762,-0.03253778164749466,True,-0.07499141791389385,0.004335484536950762,-0.08842722145358428,True,0.000987275587700065,0.03373969944980981,-0.08842722145358428,True,0.10396628289791487,0.10525413618560542,-0.08842722145358428,True,0.16457752392749803,0.19501204767035252,-0.08842722145358428,True,20,True,True,True,False,True,False,5,1,STOP_BEFORE_TARGET,True,True,False,True,False,10,1,STOP_BEFORE_TARGET,2023-08-16,2023-08-18,2023-08-22,2023-08-29,2023-09-13
TSLA|2023-08-16T00:00:00|Long,TSLA,2023-08-16,Long,-0.028280162722535862,0.005053188647190732,-0.030008883374562312,True,0.02517727181786955,0.02894502926697884,-0.058687966023763916,True,0.04991132181826874,0.06746454259278467,-0.058687966023763916,True,0.13874107688900894,0.15474291984766642,-0.058687966023763916,True,0.22358156505661642,0.23399825849605427,-0.058687966023763916,True,20,True,True,True,False,True,False,4,1,STOP_BEFORE_TARGET,True,True,False,True,False,4,1,STOP_BEFORE_TARGET,2023-08-17,2023-08-21,2023-08-23,2023-08-30,2023-09-14
TSLA|2023-08-17T00:00:00|Long,TSLA,2023-08-17,Long,-0.017014851321818125,-0.007481066419652738,-0.031292767868590365,True,0.06372594262801146,0.09853118320973597,-0.031292767868590365,True,0.04935677404059713,0.09853118320973597,-0.031292767868590365,True,0.1772647802900047,0.19140585357827034,-0.031292767868590365,True,0.2516650539208378,0.2726029077313099,-0.031292767868590365,True,20,True,True,True,False,True,False,2,1,STOP_BEFORE_TARGET,True,True,False,True,False,2,1,STOP_BEFORE_TARGET,2023-08-18,2023-08-22,2023-08-24,2023-08-31,2023-09-15
TSLA|2023-08-18T00:00:00|Long,TSLA,2023-08-18,Long,0.073274828918382,0.07721935572634386,0.02362056804556567,True,0.09916930981685557,0.11754606332245054,0.02362056804556567,True,0.10719750455182653,0.11754606332245054,0.02362056804556567,True,0.13699006107551615,0.21202833550471367,0.02362056804556567,True,0.2310547682811781,0.294630859319265,0.02362056804556567,True,20,True,True,False,True,False,False,1,,TARGET_BEFORE_STOP,True,False,True,False,False,1,,TARGET_BEFORE_STOP,2023-08-21,2023-08-23,2023-08-25,2023-09-01,2023-09-18
TSLA|2023-08-21T00:00:00|Long,TSLA,2023-08-21,Long,0.008258403978685713,0.041248740034911524,-0.007480092254713022,True,-0.005361490399986346,0.041248740034911524,-0.013403693012268958,True,0.03260121318193643,0.056641327277143994,-0.013403693012268958,True,0.10900203903552952,0.1292805000618189,-0.013403693012268958,True,0.1522829531589216,0.20624356822376955,-0.013403693012268958,True,20,True,True,False,True,False,False,1,,TARGET_BEFORE_STOP,True,False,True,False,False,5,,TARGET_BEFORE_STOP,2023-08-22,2023-08-24,2023-08-28,2023-09-05,2023-09-19
TSLA|2023-08-22T00:00:00|Long,TSLA,2023-08-22,Long,0.01573823118710882,0.024829509093502677,-0.01672459845808949,True,0.023157055791194203,0.02491529438554574,-0.021484667923891254,True,0.10287743892623769,0.10416402200186625,-0.021484667923891254,True,0.08032074930933342,0.12003083297453143,-0.021484667923891254,True,0.12607742008095624,0.19636351501144467,-0.021484667923891254,True,20,True,True,True,False,True,False,4,2,STOP_BEFORE_TARGET,True,False,True,False,False,5,,TARGET_BEFORE_STOP,2023-08-23,2023-08-25,2023-08-29,2023-09-06,2023-09-20
TSLA|2023-08-23T00:00:00|Long,TSLA,2023-08-23,Long,-0.02879341090367582,0.00869711033220244,-0.03664615347548461,True,0.008274958662570997,0.03174873027561875,-0.03664615347548461,True,0.08460691224560013,0.09984804987896245,-0.03664615347548461,True,0.06176646476869552,0.10267665288677197,-0.03664615347548461,True,0.0795406412621078,0.1778266075632855,-0.03664615347548461,True,20,True,True,True,False,True,False,3,1,STOP_BEFORE_TARGET,True,True,False,True,False,4,1,STOP_BEFORE_TARGET,2023-08-24,2023-08-28,2023-08-30,2023-09-07,2023-09-21
TSLA|2023-08-24T00:00:00|Long,TSLA,2023-08-24,Long,0.037167463490241914,0.03894977819236134,0.001347647480571812,True,0.11797948261931412,0.1192836832770392,0.001347647480571812,True,0.12189181926838066,0.13536776342588075,0.001347647480571812,True,0.08024694510795749,0.13536776342588075,0.001347647480571812,True,0.06451057220394318,0.21274569261233545,0.001347647480571812,True,20,True,True,False,True,False,False,1,,TARGET_BEFORE_STOP,True,False,True,False,False,2,,TARGET_BEFORE_STOP,2023-08-25,2023-08-29,2023-08-31,2023-09-08,2023-09-22
TSLA|2023-08-25T00:00:00|Long,TSLA,2023-08-25,Long,0.0009640428763089126,0.024267608172146904,-0.013579740492499659,True,0.07674251996996206,0.09187314541340319,-0.013579740492499659,True,0.02690807773790027,0.09468123846189558,-0.013579740492499659,True,0.1466532158574756,0.15197623673321847,-0.013579740492499659,True,0.035206879098893085,0.16928628722235795,-0.013579740492499659,True,20,True,True,False,True,False,False,2,,TARGET_BEFORE_STOP,True,False,True,False,False,2,,TARGET_BEFORE_STOP,2023-08-28,2023-08-30,2023-09-01,2023-09-11,2023-09-25
TSLA|2023-08-28T00:00:00|Long,TSLA,2023-08-28,Long,0.07687791972402569,0.07813417255605737,-0.00439662934241658,True,0.08064642265042643,0.09362693520567089,-0.00439662934241658,True,0.07398870433065396,0.09362693520567089,-0.00439662934241658,True,0.12000671126017082,0.16568966632054005,-0.00439662934241658,True,0.022192394399241255,0.16816013076990122,-0.00439662934241658,True,20,True,True,False,True,False,False,1,,TARGET_BEFORE_STOP,True,False,True,False,False,1,,TARGET_BEFORE_STOP,2023-08-29,2023-08-31,2023-09-05,2023-09-12,2023-09-26
TSLA|2023-08-29T00:00:00|Long,TSLA,2023-08-29,Long,-0.0010887269121663268,0.012948196534253054,-0.02562406301254716,True,-0.04732093675843463,0.015553309409424676,-0.05898591881550308,True,-0.020452580514173424,0.015553309409424676,-0.05898591881550308,True,0.05490316322929578,0.08247150858035468,-0.05898591881550308,True,-0.06485727175834088,0.08476560747876483,-0.08787616256454933,True,20,True,True,True,False,True,False,8,1,STOP_BEFORE_TARGET,True,True,False,True,False,8,3,STOP_BEFORE_TARGET,2023-08-30,2023-09-01,2023-09-06,2023-09-13,2023-09-27
TSLA|2023-08-30T00:00:00|Long,TSLA,2023-08-30,Long,0.004593198535678855,0.016660174702150643,-0.007201210154454074,True,-0.001595966025108475,0.016660174702150643,-0.05796029483616194,True,-0.021058733094015625,0.016660174702150643,-0.05796029483616194,True,0.07450375672702347,0.08365130892378425,-0.05796029483616194,True,-0.04094974411681307,0.08594790819162368,-0.08688202645276566,True,20,True,True,True,False,True,False,7,2,STOP_BEFORE_TARGET,True,True,False,True,False,7,2,STOP_BEFORE_TARGET,2023-08-31,2023-09-05,2023-09-07,2023-09-14,2023-09-28
TSLA|2023-08-31T00:00:00|Long,TSLA,2023-08-31,Long,-0.05064318329763218,0.003874767715550842,-0.06226748644428459,True,-0.023868524193352947,0.003874767715550842,-0.06226748644428459,True,-0.03712022268562509,0.003874767715550842,-0.06226748644428459,True,0.06319757022927797,0.08098273985383297,-0.06226748644428459,True,-0.030455617484936637,0.08098273985383297,-0.09105698219118064,True,20,True,True,True,False,True,False,6,1,STOP_BEFORE_TARGET,True,True,False,True,False,6,1,STOP_BEFORE_TARGET,2023-09-01,2023-09-06,2023-09-08,2023-09-15,2023-09-29
TSLA|2023-09-01T00:00:00|Long,TSLA,2023-09-01,Long,0.046855214011356505,0.05301826776214069,-0.0006121950118250785,True,0.026447945519003424,0.05301826776214069,-0.007101711250095399,True,0.11660745563843755,0.12179099737030175,-0.007101711250095399,True,0.0827313363818527,0.1386474725158382,-0.007101711250095399,True,0.026896909287085435,0.1386474725158382,-0.04256966209388757,True,20,True,True,True,True,False,False,1,15,TARGET_BEFORE_STOP,True,True,True,False,False,1,17,TARGET_BEFORE_STOP,2023-09-05,2023-09-07,2023-09-11,2023-09-18,2023-10-02
TSLA|2023-09-05T00:00:00|Long,TSLA,2023-09-05,Long,-0.017817428513501543,-0.004288630693624396,-0.04456311400431956,True,-0.031151275053946215,0.00011695886950380263,-0.051541917678089244,True,0.04284775691211462,0.08538354418451477,-0.051541917678089244,True,0.03902690220572769,0.087683814605795,-0.051541917678089244,True,-0.03883189143551724,0.087683814605795,-0.08542239166253407,True,20,True,True,True,False,True,False,4,1,STOP_BEFORE_TARGET,True,True,False,True,False,4,1,STOP_BEFORE_TARGET,2023-09-06,2023-09-08,2023-09-12,2023-09-19,2023-10-03
TSLA|2023-09-06T00:00:00|Long,TSLA,2023-09-06,Long,-0.0017068620153485314,0.003532865179887601,-0.03433627325879629,True,0.08597963067939718,0.09102099119257989,-0.03433627325879629,True,0.07692914323946054,0.10507310523930924,-0.03433627325879629,True,0.04235470882224157,0.1074151040571043,-0.03433627325879629,True,0.03667833264657072,0.1074151040571043,-0.06883136100319387,True,20,True,True,True,False,True,False,3,1,STOP_BEFORE_TARGET,True,True,False,True,False,3,1,STOP_BEFORE_TARGET,2023-09-07,2023-09-11,2023-09-13,2023-09-20,2023-10-04
TSLA|2023-09-07T00:00:00|Long,TSLA,2023-09-07,Long,-0.01188916230408743,0.020000729295958086,-0.019165800703558222,True,0.06358107735457774,0.1069625375470622,-0.019165800703558222,True,0.09761820555698031,0.1069625375470622,-0.019165800703558222,True,0.016740193896860767,0.10930854066847306,-0.019165800703558222,True,0.03403706752886193,0.10930854066847306,-0.06723926713886452,True,20,True,True,True,True,False,False,2,11,TARGET_BEFORE_STOP,True,True,True,False,False,2,12,TARGET_BEFORE_STOP,2023-09-08,2023-09-12,2023-09-14,2023-09-21,2023-10-05
TSLA|2023-09-08T00:00:00|Long,TSLA,2023-09-08,Long,0.10092549928477124,0.10603624186525407,0.04873233541876254,True,0.0917504538952465,0.12028174908827971,0.04873233541876254,True,0.10418516961141844,0.12265597982425813,0.04873233541876254,True,-0.014567384777414483,0.12265597982425813,-0.016177079567247232,True,0.04841045786437381,0.12265597982425813,-0.056016089211047504,True,20,True,True,True,True,False,False,1,11,TARGET_BEFORE_STOP,True,True,True,False,False,1,11,TARGET_BEFORE_STOP,2023-09-11,2023-09-13,2023-09-15,2023-09-22,2023-10-06
TSLA|2023-09-11T00:00:00|Long,TSLA,2023-09-11,Long,-0.022296863386701782,0.01758179805634774,-0.025513490793692473,True,0.008991966128364615,0.01758179805634774,-0.025513490793692473,True,-0.03033843190417851,0.019738375170349265,-0.035894353712334515,True,-0.09719271285978326,0.019738375170349265,-0.12892020887776223,True,-0.050844264300221265,0.019738375170349265,-0.14255423150592617,True,20,True,False,True,False,True,False,,1,STOP_BEFORE_TARGET,False,True,False,True,False,,5,STOP_BEFORE_TARGET,2023-09-12,2023-09-14,2023-09-18,2023-09-25,2023-10-09
TSLA|2023-09-12T00:00:00|Long,TSLA,2023-09-12,Long,0.014281354305895722,0.028039478435580634,0.002317911962472552,True,0.025833719823133094,0.04299386693455687,0.002317911962472552,True,-0.003663866255703918,0.04299386693455687,-0.023478385379675615,True,-0.0873336881623451,0.04299386693455687,-0.10905492832967378,True,-0.014431044229835654,0.04299386693455687,-0.12299987963195902,True,20,True,True,True,True,False,False,2,5,TARGET_BEFORE_STOP,False,True,False,True,False,,7,STOP_BEFORE_TARGET,2023-09-13,2023-09-15,2023-09-19,2023-09-26,2023-10-10
TSLA|2023-09-13T00:00:00|Long,TSLA,2023-09-13,Long,0.017471511114000693,0.019941039091523338,-0.003243547382338563,True,-0.02218941866766977,0.028308232727308758,-0.02779203231331351,True,-0.03210465111308736,0.028308232727308758,-0.037228072393592826,True,-0.1135274204895006,0.028308232727308758,-0.13534827723595544,True,-0.030630290941756955,0.028308232727308758,-0.13534827723595544,True,20,True,False,True,False,True,False,,3,STOP_BEFORE_TARGET,False,True,False,True,False,,4,STOP_BEFORE_TARGET,2023-09-14,2023-09-18,2023-09-20,2023-09-27,2023-10-11
TSLA|2023-09-14T00:00:00|Long,TSLA,2023-09-14,Long,-0.005977372284481253,0.010650638858126893,-0.018258253836061833,True,-0.03456023855096124,0.010650638858126893,-0.05376030965987888,True,-0.07368501292221064,0.010650638858126893,-0.07908274581690622,True,-0.10744820585412562,0.010650638858126893,-0.15019564349535264,True,-0.06220117698967609,0.010650638858126893,-0.15019564349535264,True,20,True,False,True,False,True,False,,2,STOP_BEFORE_TARGET,False,True,False,True,False,,2,STOP_BEFORE_TARGET,2023-09-15,2023-09-19,2023-09-21,2023-09-28,2023-10-12
TSLA|2023-09-15T00:00:00|Long,TSLA,2023-09-15,Long,-0.033200974462619715,-0.010751164581593642,-0.038740494607401144,True,-0.04300454710666368,-0.0016765259233126883,-0.048070271282670274,True,-0.10754768100229428,-0.0016765259233126883,-0.1090054933639647,True,-0.08808634475530108,-0.0016765259233126883,-0.14508550126501296,True,-0.08480636425878962,-0.0016765259233126883,-0.14508550126501296,True,20,True,False,True,False,True,False,,1,STOP_BEFORE_TARGET,False,True,False,True,False,,1,STOP_BEFORE_TARGET,2023-09-18,2023-09-20,2023-09-22,2023-09-29,2023-10-13
TSLA|2023-09-18T00:00:00|Long,TSLA,2023-09-18,Long,0.004598918977371191,0.00968790461416158,-0.015379925328105948,True,-0.03611279355826935,0.03260703383703212,-0.04172946364734986,True,-0.0689459943090146,0.03260703383703212,-0.10166616912246429,True,-0.05156812703080005,0.03260703383703212,-0.11572676828072304,True,-0.04282268042304482,0.03260703383703212,-0.11572676828072304,True,20,True,True,True,True,False,False,2,3,TARGET_BEFORE_STOP,False,True,False,True,False,,3,STOP_BEFORE_TARGET,2023-09-19,2023-09-21,2023-09-25,2023-10-02,2023-10-16
TSLA|2023-09-19T00:00:00|Long,TSLA,2023-09-19,Long,-0.014671683535119606,0.027879897470098447,-0.015159506735166528,True,-0.08112568524272978,0.027879897470098447,-0.08262665768278021,True,-0.0839775042507036,0.027879897470098447,-0.10577862079326927,True,-0.07493433853922371,0.027879897470098447,-0.11977485241630514,True,-0.04371479886110463,0.027879897470098447,-0.11977485241630514,True,20,True,False,True,False,True,False,,2,STOP_BEFORE_TARGET,False,True,False,True,False,,2,STOP_BEFORE_TARGET,2023-09-20,2023-09-22,2023-09-26,2023-10-03,2023-10-17
TSLA|2023-09-20T00:00:00|Long,TSLA,2023-09-20,Long,-0.026238620989897266,-0.006588259303305755,-0.03191282890015501,True,-0.05940816886509681,-0.006588259303305755,-0.09246353295216281,True,-0.08412352582337557,-0.006588259303305755,-0.10666817052235977,True,-0.005445724116394657,-0.0027800411154611515,-0.10666817052235977,True,-0.07582163806609732,0.024182208736332367,-0.10666817052235977,True,20,True,False,True,False,True,False,,1,STOP_BEFORE_TARGET,False,True,False,True,False,,1,STOP_BEFORE_TARGET,2023-09-21,2023-09-25,2023-09-27,2023-10-04,2023-10-18
TSLA|2023-09-21T00:00:00|Long,TSLA,2023-09-21,Long,-0.042315182614647506,0.008173686435759775,-0.04387955164103596,True,-0.04528745392749722,0.008173686435759775,-0.06800938442392102,True,-0.036448933033488506,0.008173686435759775,-0.08259677500685514,True,0.017012087980615265,0.030895616932183678,-0.08259677500685514,True,-0.1391865340737357,0.05177945111921156,-0.152209615304858,True,20,True,True,True,False,True,False,10,1,STOP_BEFORE_TARGET,True,True,False,True,False,13,1,STOP_BEFORE_TARGET,2023-09-22,2023-09-26,2023-09-28,2023-10-05,2023-10-19
TSLA|2023-09-22T00:00:00|Long,TSLA,2023-09-22,Long,0.008616467528091087,0.009065669619557237,-0.026829496868733038,True,-0.017886331245822062,0.019070557317165004,-0.042061429460877764,True,0.021806583761079468,0.04038712509165987,-0.042061429460877764,True,0.06390882711707602,0.07644560947171497,-0.042061429460877764,True,-0.13431067761284954,0.09825219323279444,-0.14072201089001957,True,20,True,True,True,False,True,False,5,1,STOP_BEFORE_TARGET,True,True,False,True,False,8,3,STOP_BEFORE_TARGET,2023-09-25,2023-09-27,2023-09-29,2023-10-06,2023-10-20
TSLA|2023-09-25T00:00:00|Long,TSLA,2023-09-25,Long,-0.011619945391094011,0.010364781981692772,-0.021579827978918775,True,-0.0024697380330576113,0.010364781981692772,-0.05024496289771063,True,0.018664725324196052,0.031499245338946213,-0.05024496289771063,True,0.051338141837975027,0.06724968719761115,-0.05024496289771063,True,-0.14134176641036422,0.08886998040432736,-0.18008830315832025,True,20,True,True,True,False,True,False,4,1,STOP_BEFORE_TARGET,True,True,False,True,False,7,2,STOP_BEFORE_TARGET,2023-09-26,2023-09-28,2023-10-02,2023-10-09,2023-10-23
TSLA|2023-09-26T00:00:00|Long,TSLA,2023-09-26,Long,-0.014828753029631048,0.004956606333235136,-0.039079114685190874,True,0.024987736463731203,0.04362612390747023,-0.039079114685190874,True,0.00987220920167764,0.04362612390747023,-0.039079114685190874,True,0.07987874975435427,0.10167134122833388,-0.039079114685190874,True,-0.1130591159953016,0.10167134122833388,-0.17044896543757948,True,20,True,True,True,False,True,False,3,1,STOP_BEFORE_TARGET,True,True,False,True,False,6,1,STOP_BEFORE_TARGET,2023-09-27,2023-09-29,2023-10-03,2023-10-10,2023-10-24
TSLA|2023-09-27T00:00:00|Long,TSLA,2023-09-27,Long,0.02444908475181906,0.02931394200315096,-0.007692333070751012,True,0.04615387153228956,0.059334737099629775,-0.007692333070751012,True,0.08590438113143195,0.08881490790670488,-0.007692333070751012,True,0.09351347290800405,0.11825364840501562,-0.007692333070751012,True,-0.11675676437028981,0.11825364840501562,-0.15796260080317692,True,20,True,True,True,True,False,False,2,16,TARGET_BEFORE_STOP,True,True,True,False,False,2,16,TARGET_BEFORE_STOP,2023-09-28,2023-10-02,2023-10-04,2023-10-11,2023-10-25
TSLA|2023-09-28T00:00:00|Long,TSLA,2023-09-28,Long,0.015585665483353939,0.03405308557258535,-0.00012175817315673854,True,0.0006087908657836927,0.03405308557258535,-0.015261018309555618,True,0.05548332916325016,0.06989204026070861,-0.015261018309555618,True,0.050694009200607404,0.09156586212961604,-0.015261018309555618,True,-0.16486731703450108,0.09156586212961604,-0.17805832253653364,True,20,True,True,True,True,False,False,1,15,TARGET_BEFORE_STOP,True,True,True,False,False,4,15,TARGET_BEFORE_STOP,2023-09-29,2023-10-03,2023-10-05,2023-10-12,2023-10-26
TSLA|2023-09-29T00:00:00|Long,TSLA,2023-09-29,Long,0.005515166158101437,0.016225711529002318,-0.030373295765481756,True,0.04372153460169148,0.04651899957666639,-0.030373295765481756,True,0.041203730750124734,0.053472963062656476,-0.030373295765481756,True,0.003596810375244841,0.07481416804962526,-0.030373295765481756,True,-0.17152904627751286,0.07481416804962526,-0.19067223435821679,True,20,True,True,True,False,True,False,3,1,STOP_BEFORE_TARGET,True,True,False,True,False,4,1,STOP_BEFORE_TARGET,2023-10-02,2023-10-04,2023-10-06,2023-10-13,2023-10-27
TSLA|2023-10-02T00:00:00|Long,TSLA,2023-10-02,Long,-0.020151062008054166,-0.006279816346286715,-0.028418159705177914,True,0.033584982052729195,0.047694752420088804,-0.028418159705177914,True,0.032074750113076256,0.047694752420088804,-0.028418159705177914,True,0.009220953931436515,0.06891890269174494,-0.028418159705177914,True,-0.21558030277172624,0.06891890269174494,-0.22627188614275162,True,20,True,True,True,False,True,False,2,1,STOP_BEFORE_TARGET,True,True,True,False,False,6,12,TARGET_BEFORE_STOP,2023-10-03,2023-10-05,2023-10-09,2023-10-16,2023-10-30
TSLA|2023-10-03T00:00:00|Long,TSLA,2023-10-03,Long,0.05934371052307452,0.062183047289062765,0.004340272297557846,True,0.05678822078173673,0.06924109604811401,0.004340272297557846,True,0.0693221775139432,0.09090173112024247,0.004340272297557846,True,0.03374845805952864,0.09090173112024247,0.0022309781952751795,True,-0.18533242472576206,0.09090173112024247,-0.21279354121135707,True,20,True,True,True,True,False,False,1,12,TARGET_BEFORE_STOP,True,True,True,False,False,1,12,TARGET_BEFORE_STOP,2023-10-04,2023-10-06,2023-10-10,2023-10-17,2023-10-31
TSLA|2023-10-04T00:00:00|Long,TSLA,2023-10-04,Long,-0.00425032873937603,0.009342940753527929,-0.018800748940339118,True,-0.005705277276311982,0.009342940753527929,-0.04024356570014043,True,0.007007147138170744,0.02979016185557537,-0.04024356570014043,True,-0.07076126025115892,0.02979016185557537,-0.0730586673437964,True,-0.21251339876609243,0.02979016185557537,-0.25689230891837533,True,20,True,False,True,False,True,False,,2,STOP_BEFORE_TARGET,False,True,False,True,False,,2,STOP_BEFORE_TARGET,2023-10-05,2023-10-09,2023-10-11,2023-10-18,2023-11-01
TSLA|2023-10-05T00:00:00|Long,TSLA,2023-10-05,Long,0.001845841218459432,0.006152686708793098,-0.03614687305414488,True,0.013728158014992609,0.034185791446815994,-0.03614687305414488,True,-0.00453756097354896,0.034185791446815994,-0.03614687305414488,True,-0.1535858067965542,0.034185791446815994,-0.1663910442023171,True,-0.1597384935053474,0.034185791446815994,-0.253720375181398,True,20,True,True,True,False,True,False,3,1,STOP_BEFORE_TARGET,False,True,False,True,False,,1,STOP_BEFORE_TARGET,2023-10-06,2023-10-10,2023-10-12,2023-10-19,2023-11-02
TSLA|2023-10-06T00:00:00|Long,TSLA,2023-10-06,Long,-0.003300907210654902,0.003185762008806936,-0.03254901841350999,True,0.00944225796109599,0.03228036579861859,-0.03254901841350999,True,-0.03611869537557888,0.03228036579861859,-0.039573168567538675,True,-0.18631249189561683,0.03228036579861859,-0.19233869744420995,True,-0.1557210004817825,0.03228036579861859,-0.25509535088655366,True,20,True,True,True,False,True,False,2,1,STOP_BEFORE_TARGET,False,True,False,True,False,,1,STOP_BEFORE_TARGET,2023-10-09,2023-10-11,2023-10-13,2023-10-20,2023-11-03
TSLA|2023-10-09T00:00:00|Long,TSLA,2023-10-09,Long,0.015211543440507347,0.03569911246703006,-0.007779179061090047,True,-0.0030809037207891743,0.03569911246703006,-0.011707199090078668,True,-0.022143547431167976,0.03569911246703006,-0.04309322263469395,True,-0.18327111000794816,0.03569911246703006,-0.2201256054419466,True,-0.1555821121660499,0.03569911246703006,-0.2526283464061666,True,20,True,True,True,True,False,False,1,4,TARGET_BEFORE_STOP,False,True,False,True,False,,4,STOP_BEFORE_TARGET,2023-10-10,2023-10-12,2023-10-16,2023-10-23,2023-11-06
TSLA|2023-10-10T00:00:00|Long,TSLA,2023-10-10,Long,-0.002389822071472425,0.01889086973131282,-0.010317886621210137,True,-0.04741673708947358,0.01889086973131282,-0.05083071900721203,True,-0.033267541067108164,0.01889086973131282,-0.06274180104881744,True,-0.17866623062408116,0.01889086973131282,-0.23181094659828905,True,-0.15719597606010438,0.01889086973131282,-0.2638266788604239,True,20,True,False,True,False,True,False,,2,STOP_BEFORE_TARGET,False,True,False,True,False,,3,STOP_BEFORE_TARGET,2023-10-11,2023-10-13,2023-10-17,2023-10-24,2023-11-07
TSLA|2023-10-11T00:00:00|Long,TSLA,2023-10-11,Long,-0.015665976919941982,0.009201922193227574,-0.02418337422612371,True,-0.03448797445616303,0.009201922193227574,-0.05517318166332008,True,-0.07722726458331597,0.009201922193227574,-0.07950868542443557,True,-0.1922886571476049,0.009201922193227574,-0.22997071361400367,True,-0.1554431390624086,0.009201922193227574,-0.2620631410675942,True,20,True,False,True,False,True,False,,1,STOP_BEFORE_TARGET,False,True,False,True,False,,2,STOP_BEFORE_TARGET,2023-10-12,2023-10-16,2023-10-18,2023-10-25,2023-11-08
TSLA|2023-10-12T00:00:00|Long,TSLA,2023-10-12,Long,-0.02993780718577166,0.00281999072931427,-0.03341443218465168,True,-0.01552898786841661,0.00281999072931427,-0.04554407041571429,True,-0.149727644137706,0.00281999072931427,-0.16259125094369076,True,-0.20516089779469915,0.00281999072931427,-0.21771546209840975,True,-0.1888592741986822,0.00281999072931427,-0.25031865034661327,True,20,True,False,True,False,True,False,,1,STOP_BEFORE_TARGET,False,True,False,True,False,,1,STOP_BEFORE_TARGET,2023-10-13,2023-10-17,2023-10-19,2023-10-26,2023-11-09
TSLA|2023-10-13T00:00:00|Long,TSLA,2023-10-13,Long,0.01115006015531006,0.017043639943125966,-0.010512899972049072,True,-0.03360944013027578,0.02413187988382126,-0.035998699673095436,True,-0.15582187951924364,0.02413187988382126,-0.16207389988698095,True,-0.17449821964587364,0.02413187988382126,-0.19357280007777655,True,-0.14522938009649156,0.02413187988382126,-0.22718217944511288,True,20,True,False,True,False,True,False,,3,STOP_BEFORE_TARGET,False,True,False,True,False,,3,STOP_BEFORE_TARGET,2023-10-16,2023-10-18,2023-10-20,2023-10-27,2023-11-10
TSLA|2023-10-16T00:00:00|Long,TSLA,2023-10-16,Long,0.0036626021631882555,0.012838667810114446,-0.02693760391940314,True,-0.1331521652583595,0.012838667810114446,-0.14626653929375577,True,-0.16477629426435503,0.012838667810114446,-0.2024653592975525,True,-0.2227473139825782,0.012838667810114446,-0.23334121151252563,True,-0.11897444735714735,0.012838667810114446,-0.2357041244341277,True,20,True,False,True,False,True,False,,1,STOP_BEFORE_TARGET,False,True,False,True,False,,2,STOP_BEFORE_TARGET,2023-10-17,2023-10-19,2023-10-23,2023-10-30,2023-11-13
TSLA|2023-10-17T00:00:00|Long,TSLA,2023-10-17,Long,-0.04775363208267347,-0.0008632576630732691,-0.0501079221762859,True,-0.16817735759811037,-0.0008632576630732691,-0.1743378727506234,True,-0.15040220095378654,-0.0008632576630732691,-0.20537575178797562,True,-0.21192861868595392,-0.0008632576630732691,-0.2384932208108682,True,-0.06843241916314657,-0.0008632576630732691,-0.2384932208108682,True,20,True,False,True,False,True,False,,1,STOP_BEFORE_TARGET,False,True,False,True,False,,1,STOP_BEFORE_TARGET,2023-10-18,2023-10-20,2023-10-24,2023-10-31,2023-11-14
TSLA|2023-10-18T00:00:00|Long,TSLA,2023-10-18,Long,-0.09300310180733784,-0.04973624703193025,-0.10672488329553642,True,-0.12609193904834148,-0.04973624703193025,-0.16552661686706138,True,-0.1246909321744668,-0.04973624703193025,-0.16552661686706138,True,-0.1525465227087357,-0.04973624703193025,-0.20030487398483277,True,0.0006593195440018906,0.01656504200505582,-0.20030487398483277,True,20,True,False,True,False,True,False,,1,STOP_BEFORE_TARGET,False,True,False,True,False,,1,STOP_BEFORE_TARGET,2023-10-19,2023-10-23,2023-10-25,2023-11-01,2023-11-15
TSLA|2023-10-19T00:00:00|Long,TSLA,2023-10-19,Long,-0.036890623300491754,-0.005678978676724511,-0.04402345379372341,True,-0.016310010121919905,0.008813785998031731,-0.07996004749766883,True,-0.06519470293818519,0.008813785998031731,-0.07996004749766883,True,-0.007269120435595466,0.008813785998031731,-0.11830445329119765,True,0.061242086639225146,0.12080321777365044,-0.11830445329119765,True,20,True,True,True,False,True,False,18,1,STOP_BEFORE_TARGET,True,True,False,True,False,18,1,STOP_BEFORE_TARGET,2023-10-20,2023-10-24,2023-10-26,2023-11-02,2023-11-16
TSLA|2023-10-20T00:00:00|Long,TSLA,2023-10-20,Long,0.0004245310418349302,0.023538799495601337,-0.044719141189105804,True,0.0020283629635318157,0.04745505588902943,-0.044719141189105804,True,-0.02212369602281783,0.04745505588902943,-0.044719141189105804,True,0.037596117808299745,0.06783333766405852,-0.0845322784310375,True,0.10524079900225858,0.1637340938518792,-0.0845322784310375,True,20,True,True,True,False,True,False,2,1,STOP_BEFORE_TARGET,True,True,False,True,False,10,1,STOP_BEFORE_TARGET,2023-10-23,2023-10-25,2023-10-27,2023-11-03,2023-11-17
TSLA|2023-10-23T00:00:00|Long,TSLA,2023-10-23,Long,0.02093550737020089,0.04701056740203802,0.009571853837091027,True,-0.029800109721110468,0.04701056740203802,-0.03394943835382358,True,-0.06940777580919322,0.04701056740203802,-0.08209168008202106,True,0.033902312237501286,0.06738020163502445,-0.08492075797501597,True,0.11090156577420829,0.16324026225144128,-0.08492075797501597,True,20,True,True,True,True,False,False,1,3,TARGET_BEFORE_STOP,True,True,False,True,False,9,3,STOP_BEFORE_TARGET,2023-10-24,2023-10-26,2023-10-30,2023-11-06,2023-11-20
TSLA|2023-10-24T00:00:00|Long,TSLA,2023-10-24,Long,-0.018935922882932887,0.016534277482046056,-0.019952000918966428,True,-0.04258267614432987,0.016534277482046056,-0.05375946406781462,True,-0.07241828757235358,0.016534277482046056,-0.10368555563111814,True,0.02614071813982588,0.04549229009034983,-0.10368555563111814,True,0.11398481520776649,0.1393866251628364,-0.10368555563111814,True,20,True,True,True,False,True,False,8,2,STOP_BEFORE_TARGET,True,True,False,True,False,15,2,STOP_BEFORE_TARGET,2023-10-25,2023-10-27,2023-10-31,2023-11-07,2023-11-21
TSLA|2023-10-25T00:00:00|Long,TSLA,2023-10-25,Long,-0.031352997455599385,0.011204241141738347,-0.03549568473367548,True,-0.07089726809344943,0.011204241141738347,-0.08356087069487117,True,-0.03182371982443699,0.011204241141738347,-0.08638542040722619,True,0.045617185410666616,0.0656717685175161,-0.08638542040722619,True,0.10257983585703401,0.16137839692491074,-0.08638542040722619,True,20,True,True,True,False,True,False,6,1,STOP_BEFORE_TARGET,True,True,False,True,False,7,1,STOP_BEFORE_TARGET,2023-10-26,2023-10-30,2023-11-01,2023-11-08,2023-11-22
TSLA|2023-10-26T00:00:00|Long,TSLA,2023-10-26,Long,0.00748448962886572,0.032319252200662785,4.864777358193351e-05,True,-0.023911344772036602,0.032319252200662785,-0.05681370283196041,True,0.06196539823282521,0.0653188316495592,-0.05681370283196041,True,0.020509337739911926,0.10016524669797677,-0.05681370283196041,True,0.14429433920119905,0.19896969058310354,-0.05681370283196041,True,20,True,True,True,True,False,False,1,2,TARGET_BEFORE_STOP,True,True,False,True,False,5,2,STOP_BEFORE_TARGET,2023-10-27,2023-10-31,2023-11-02,2023-11-09,2023-11-24
TSLA|2023-10-27T00:00:00|Long,TSLA,2023-10-27,Long,-0.04794984223383958,0.017269666079844814,-0.06092621657925923,True,-0.007911236688399659,0.017269666079844814,-0.06382052837807173,True,0.061070928488835996,0.09199224208727275,-0.06382052837807173,True,0.03545581638458262,0.09199224208727275,-0.06382052837807173,True,0.13883260181193147,0.1900626788058808,-0.06382052837807173,True,20,True,True,True,False,True,False,4,1,STOP_BEFORE_TARGET,True,True,False,True,False,4,1,STOP_BEFORE_TARGET,2023-10-30,2023-11-01,2023-11-03,2023-11-10,2023-11-27
TSLA|2023-10-30T00:00:00|Long,TSLA,2023-10-30,Long,0.017632730628176496,0.027563855009032245,-0.016670010518637257,True,0.10716454109787366,0.11066070262641214,-0.016670010518637257,True,0.11101542153603039,0.14699024329712307,-0.016670010518637257,True,0.13351239370706391,0.14699024329712307,-0.016670010518637257,True,0.2501013399761949,0.2515200609856747,-0.016670010518637257,True,20,True,True,False,True,False,False,2,,TARGET_BEFORE_STOP,True,False,True,False,False,3,,TARGET_BEFORE_STOP,2023-10-31,2023-11-02,2023-11-06,2023-11-13,2023-11-28
TSLA|2023-10-31T00:00:00|Long,TSLA,2023-10-31,Long,0.023999240251476817,0.02564234838268531,-0.01488742426256906,True,0.09520021272958656,0.12711610856806388,-0.01488742426256906,True,0.1062537180193357,0.12711610856806388,-0.01488742426256906,True,0.18208528177173355,0.18571999468176026,-0.01488742426256906,True,0.21559452221314745,0.25846447225968205,-0.01488742426256906,True,20,True,True,False,True,False,False,2,,TARGET_BEFORE_STOP,True,False,True,False,False,2,,TARGET_BEFORE_STOP,2023-11-01,2023-11-03,2023-11-07,2023-11-14,2023-11-29
TSLA|2023-11-01T00:00:00|Long,TSLA,2023-11-01,Long,0.06248172039245192,0.0658367842314076,0.028153229519753964,True,0.06617718743559009,0.10070014142907313,0.028153229519753964,True,0.0799863690329834,0.10070014142907313,0.028153229519753964,True,0.18078377911957255,0.19955262353082404,0.00014586588915044274,True,0.16736359795799616,0.22897012301554498,0.00014586588915044274,True,20,True,True,False,True,False,False,1,,TARGET_BEFORE_STOP,True,False,True,False,False,1,,TARGET_BEFORE_STOP,2023-11-02,2023-11-06,2023-11-08,2023-11-15,2023-11-30
TSLA|2023-11-02T00:00:00|Long,TSLA,2023-11-02,Long,0.006635907937775798,0.03597089747812743,-0.0005034122608433833,True,0.016795562039293888,0.03597089747812743,-0.016063313326961426,True,-0.03903711040105318,0.03597089747812743,-0.05413940839527409,True,0.06901286993800615,0.12901012836977732,-0.058670048911783845,True,0.09299349153378444,0.15669766305400223,-0.058670048911783845,True,20,True,True,True,True,False,False,1,5,TARGET_BEFORE_STOP,True,True,False,True,False,8,5,STOP_BEFORE_TARGET,2023-11-03,2023-11-07,2023-11-09,2023-11-16,2023-12-01
TSLA|2023-11-03T00:00:00|Long,TSLA,2023-11-03,Long,-0.0031369449915676917,0.028914349955557528,-0.02254958429929199,True,0.009774476408709987,0.028914349955557528,-0.02254958429929199,True,-0.02414081039872984,0.028914349955557528,-0.06487544934031542,True,0.06519365293775725,0.12156750962987317,-0.06487544934031542,True,0.07101288707226949,0.14907252357373935,-0.06487544934031542,True,20,True,True,True,False,True,False,7,1,STOP_BEFORE_TARGET,True,True,False,True,False,7,4,STOP_BEFORE_TARGET,2023-11-06,2023-11-08,2023-11-10,2023-11-17,2023-12-04
TSLA|2023-11-06T00:00:00|Long,TSLA,2023-11-06,Long,0.013271256198382764,0.017558219408536413,-0.01619009888532974,True,-0.04236789512430661,0.022255618775651742,-0.057417847180937565,True,0.020249018811935526,0.027956352919145333,-0.06193278408559899,True,0.07447439920128485,0.1250968766420839,-0.06193278408559899,True,0.08870340935495213,0.15268844381440072,-0.06193278408559899,True,20,True,True,True,False,True,False,6,3,STOP_BEFORE_TARGET,True,True,False,True,False,6,3,STOP_BEFORE_TARGET,2023-11-07,2023-11-09,2023-11-13,2023-11-20,2023-12-05
TSLA|2023-11-07T00:00:00|Long,TSLA,2023-11-07,Long,-0.00031502415940676265,0.008866690456587945,-0.02043385289312638,True,-0.03389143499651259,0.008866690456587945,-0.07421906012229562,True,0.06854807583215972,0.07183368097935361,-0.07421906012229562,True,0.08560628724214658,0.1103609914518362,-0.07421906012229562,True,0.07736971378197399,0.13759117981801539,-0.07421906012229562,True,20,True,True,True,False,True,False,5,1,STOP_BEFORE_TARGET,True,True,False,True,False,5,2,STOP_BEFORE_TARGET,2023-11-08,2023-11-10,2023-11-14,2023-11-21,2023-12-06
TSLA|2023-11-08T00:00:00|Long,TSLA,2023-11-08,Long,-0.054612601186257326,-0.00589796747104554,-0.06947011792431279,True,0.007203665297009776,0.014812450034181301,-0.07392732485625886,True,0.09333211323476509,0.11071089221700081,-0.07392732485625886,True,0.0544775384731222,0.11071089221700081,-0.07392732485625886,True,0.09243167224744964,0.13794966145356202,-0.07392732485625886,True,20,True,True,True,False,True,False,4,1,STOP_BEFORE_TARGET,True,True,False,True,False,4,1,STOP_BEFORE_TARGET,2023-11-09,2023-11-13,2023-11-15,2023-11-22,2023-12-07
TSLA|2023-11-09T00:00:00|Long,TSLA,2023-11-09,Long,0.022240205086035525,0.02571677905108749,-0.020430485633971207,True,0.13063152915843612,0.13410803045566566,-0.020430485633971207,True,0.11243928512593593,0.17487380687610554,-0.020430485633971207,True,0.1212972746877845,0.17487380687610554,-0.020430485633971207,True,0.1612534588975172,0.20368608983094494,-0.020430485633971207,True,20,True,True,True,False,True,False,2,1,STOP_BEFORE_TARGET,True,False,True,False,False,2,,TARGET_BEFORE_STOP,2023-11-10,2023-11-14,2023-11-16,2023-11-24,2023-12-08
TSLA|2023-11-10T00:00:00|Long,TSLA,2023-11-10,Long,0.04220830689495392,0.05008152949300437,-0.014162559387720597,True,0.13133008731880502,0.14931285331046418,-0.014162559387720597,True,0.09154441981838457,0.14931285331046418,-0.014162559387720597,True,0.09983698366609328,0.14931285331046418,-0.014162559387720597,True,0.1168880144892035,0.17749828645180155,-0.014162559387720597,True,20,True,True,False,True,False,False,1,,TARGET_BEFORE_STOP,True,False,True,False,False,1,,TARGET_BEFORE_STOP,2023-11-13,2023-11-15,2023-11-17,2023-11-27,2023-12-11
TSLA|2023-11-13T00:00:00|Long,TSLA,2023-11-13,Long,0.06123998273248876,0.0645031167257426,0.031335185268676735,True,0.04416427217160779,0.10276692836445167,0.031335185268676735,True,0.05314916200801045,0.10276692836445167,0.012650245797387383,True,0.10285634891722362,0.10410796382444132,0.012650245797387383,True,0.05945191271653716,0.12981088201063784,0.012650245797387383,True,20,True,True,False,True,False,False,1,,TARGET_BEFORE_STOP,True,False,True,False,False,1,,TARGET_BEFORE_STOP,2023-11-14,2023-11-16,2023-11-20,2023-11-28,2023-12-12
TSLA|2023-11-14T00:00:00|Long,TSLA,2023-11-14,Long,0.022871793909364557,0.039130589035138774,-0.004043665806237495,True,-0.013099703308112609,0.039130589035138774,-0.04578581444886021,True,0.015963915705619947,0.039130589035138774,-0.04578581444886021,True,0.02834756591435572,0.06461394255198738,-0.04578581444886021,True,0.007918746451388348,0.06461394255198738,-0.04578581444886021,True,20,True,True,True,True,False,False,1,2,TARGET_BEFORE_STOP,True,True,False,True,False,10,3,STOP_BEFORE_TARGET,2023-11-15,2023-11-17,2023-11-21,2023-11-29,2023-12-13
TSLA|2023-11-15T00:00:00|Long,TSLA,2023-11-15,Long,-0.038090924639652135,-0.008071122898350547,-0.04892105832308391,True,-0.029813829449664375,-0.008071122898350547,-0.06712239868871428,True,-0.03553776047671964,0.0048179796845218,-0.06712239868871428,True,-0.011365485704404543,0.04080877866725241,-0.06712239868871428,True,0.0338082969761031,0.045462068487106544,-0.06712239868871428,True,20,True,True,True,False,True,False,9,1,STOP_BEFORE_TARGET,False,True,False,True,False,,1,STOP_BEFORE_TARGET,2023-11-16,2023-11-20,2023-11-22,2023-11-30,2023-12-14
TSLA|2023-11-16T00:00:00|Long,TSLA,2023-11-16,Long,0.0030395424675642158,0.016267833003691834,-0.030181100056870136,True,0.03257845254359104,0.04293847740289514,-0.030181100056870136,True,0.007962672372583413,0.04460806683635821,-0.030181100056870136,True,0.022432491011234568,0.08202407621255414,-0.030181100056870136,True,0.0852348301479029,0.08793188435694188,-0.030181100056870136,True,20,True,True,True,False,True,False,3,1,STOP_BEFORE_TARGET,True,True,False,True,False,7,1,STOP_BEFORE_TARGET,2023-11-17,2023-11-21,2023-11-24,2023-12-01,2023-12-15
TSLA|2023-11-17T00:00:00|Long,TSLA,2023-11-17,Long,0.005548455120893081,0.011950503693076264,-0.013999141001173276,True,-0.0003841072843295823,0.041442557953928594,-0.013999141001173276,True,0.007597092428990093,0.041442557953928594,-0.013999141001173276,True,0.0054630762382623654,0.07874518441285083,-0.013999141001173276,True,0.07588561053227649,0.10431065669776496,-0.026035023576880256,True,20,True,True,True,True,False,False,2,17,TARGET_BEFORE_STOP,True,False,True,False,False,6,,TARGET_BEFORE_STOP,2023-11-20,2023-11-22,2023-11-27,2023-12-04,2023-12-18
TSLA|2023-11-20T00:00:00|Long,TSLA,2023-11-20,Long,0.023769060694616817,0.034040699515721196,-0.009592570912888787,True,-0.0006367111688763138,0.035696044929749426,-0.01782687647803327,True,0.047198619817954146,0.0483870696144022,-0.01782687647803327,True,0.013242763312224515,0.07279284147789533,-0.01782687647803327,True,0.09176568148172426,0.09821724758654016,-0.03140920612719378,True,20,True,True,True,True,False,False,1,16,TARGET_BEFORE_STOP,True,True,True,False,False,6,16,TARGET_BEFORE_STOP,2023-11-21,2023-11-24,2023-11-28,2023-12-05,2023-12-19
TSLA|2023-11-21T00:00:00|Long,TSLA,2023-11-21,Long,-0.028980059381488954,0.011650072944224599,-0.0406301955876921,True,-0.021227177371342054,0.011650072944224599,-0.0406301955876921,True,0.012189065002505384,0.04788558539756638,-0.0406301955876921,True,-0.007587072364048875,0.04788558539756638,-0.0406301955876921,True,0.024626876105147133,0.07728026378726827,-0.05389718144478084,True,20,True,True,True,False,True,False,5,1,STOP_BEFORE_TARGET,True,True,False,True,False,16,1,STOP_BEFORE_TARGET,2023-11-22,2023-11-27,2023-11-29,2023-12-06,2023-12-20
TSLA|2023-11-22T00:00:00|Long,TSLA,2023-11-22,Long,0.00529435207219775,0.019384284001491503,-0.00802700494820996,True,0.05341357819147041,0.05460908124971042,-0.009009011356757801,True,0.02506295610314746,0.07915969751362084,-0.009009011356757801,True,0.035993307007074815,0.07915969751362084,-0.00986299795552692,True,0.08663162420263681,0.10943165914911335,-0.025660772782297836,True,20,True,True,True,True,False,False,3,14,TARGET_BEFORE_STOP,True,False,True,False,False,3,,TARGET_BEFORE_STOP,2023-11-24,2023-11-28,2023-11-30,2023-12-07,2023-12-21
TSLA|2023-11-24T00:00:00|Long,TSLA,2023-11-24,Long,0.0026757481035388775,0.012231917265412395,-0.014228035201304223,True,0.03690805926540963,0.07347633585045577,-0.014228035201304223,True,0.014355510412495498,0.07347633585045577,-0.015077524305673218,True,0.035633890415776026,0.07347633585045577,-0.015077524305673218,True,0.07258439821363605,0.10358887112243198,-0.030792100632703434,True,20,True,True,True,True,False,False,2,13,TARGET_BEFORE_STOP,True,True,True,False,False,3,13,TARGET_BEFORE_STOP,2023-11-27,2023-11-29,2023-12-01,2023-12-08,2023-12-22
TSLA|2023-11-27T00:00:00|Long,TSLA,2023-11-27,Long,0.04506946504203557,0.046255498493091185,-0.00876824512099128,True,0.01694340888247914,0.07061164876165504,-0.00876824512099128,True,-0.00211792611030992,0.07061164876165504,-0.017705895891858003,True,0.015503234639622665,0.07061164876165504,-0.017705895891858003,True,0.08696197628463098,0.10064382549369522,-0.03337853618135622,True,20,True,True,True,True,False,False,1,12,TARGET_BEFORE_STOP,True,True,True,False,False,2,12,TARGET_BEFORE_STOP,2023-11-28,2023-11-30,2023-12-04,2023-12-11,2023-12-26
TSLA|2023-11-28T00:00:00|Long,TSLA,2023-11-28,Long,-0.010457205813430348,0.02444065640994686,-0.016050610790670272,True,-0.03197956935234625,0.02444065640994686,-0.060068122774373345,True,-0.03242542137004778,0.02444065640994686,-0.060068122774373345,True,-0.039356382400392076,0.02444065640994686,-0.060068122774373345,True,0.05966278026861449,0.06736379310536766,-0.07506486778870392,True,20,True,True,True,False,True,False,13,2,STOP_BEFORE_TARGET,True,True,False,True,False,16,2,STOP_BEFORE_TARGET,2023-11-29,2023-12-01,2023-12-05,2023-12-12,2023-12-27
TSLA|2023-11-29T00:00:00|Long,TSLA,2023-11-29,Long,-0.016629792613843564,0.00442369883572824,-0.029614138386229616,True,-0.03506183984596456,0.00442369883572824,-0.050135190971426824,True,-0.01953798756609315,0.010321963950032709,-0.050135190971426824,True,-0.019865675905794467,0.010321963950032709,-0.06529041730669438,True,0.03702790738401274,0.08597528281166222,-0.06529041730669438,True,20,True,True,True,False,True,False,11,1,STOP_BEFORE_TARGET,True,True,False,True,False,13,2,STOP_BEFORE_TARGET,2023-11-30,2023-12-04,2023-12-06,2023-12-13,2023-12-28
TSLA|2023-11-30T00:00:00|Long,TSLA,2023-11-30,Long,-0.005206597761023168,0.00045818314525414294,-0.034072008797828235,True,-0.0056647809062772,0.02740753824087805,-0.034072008797828235,True,0.010663102045439077,0.02740753824087805,-0.034072008797828235,True,0.04569310703530727,0.05748085199311581,-0.04948352545903645,True,0.03498831153123483,0.10434023184232388,-0.04948352545903645,True,20,True,True,True,False,True,False,10,1,STOP_BEFORE_TARGET,True,True,False,True,False,10,1,STOP_BEFORE_TARGET,2023-12-01,2023-12-05,2023-12-07,2023-12-14,2023-12-29
TSLA|2023-12-01T00:00:00|Long,TSLA,2023-12-01,Long,-0.01360800559009756,0.00226099435578786,-0.0231964514610723,True,0.00226099435578786,0.03278483344229732,-0.0231964514610723,True,0.020977241001655766,0.03278483344229732,-0.0231964514610723,True,0.06142443602760883,0.06406231601748602,-0.04450866642094664,True,0.04015406885385553,0.11012018109166233,-0.04450866642094664,True,20,True,True,True,False,True,False,2,1,STOP_BEFORE_TARGET,True,True,False,True,False,9,8,STOP_BEFORE_TARGET,2023-12-04,2023-12-06,2023-12-08,2023-12-15,2024-01-02
TSLA|2023-12-04T00:00:00|Long,TSLA,2023-12-04,Long,0.013328802806870987,0.0470328624880505,-0.007980324595466937,True,0.029968577569062127,0.0470328624880505,-0.007980324595466937,True,0.01765856027581103,0.0470328624880505,-0.007980324595466937,True,0.07003990097526569,0.09831050268829444,-0.03132695825388876,True,0.01218267720044297,0.12543510833720717,-0.03132695825388876,True,20,True,True,True,True,False,False,1,7,TARGET_BEFORE_STOP,True,True,False,True,False,8,7,STOP_BEFORE_TARGET,2023-12-05,2023-12-07,2023-12-11,2023-12-18,2024-01-03
TSLA|2023-12-05T00:00:00|Long,TSLA,2023-12-05,Long,0.002722829646282676,0.03288373853625304,0.0018850408258257456,True,0.02144770061581025,0.03288373853625304,-0.007288896968274505,True,-0.007163231841165407,0.03288373853625304,-0.0203167144718287,True,0.07749664839728387,0.08386389456810894,-0.04406838228328802,True,-0.0033093521317113517,0.11063171718775511,-0.04406838228328802,True,20,True,True,True,True,False,False,1,5,TARGET_BEFORE_STOP,True,True,False,True,False,7,6,STOP_BEFORE_TARGET,2023-12-06,2023-12-08,2023-12-12,2023-12-19,2024-01-04
TSLA|2023-12-06T00:00:00|Long,TSLA,2023-12-06,Long,0.01366087788429815,0.01967667965887432,-0.009984540411919096,True,0.001545767571225598,0.024648073173853646,-0.009984540411919096,True,-0.00033421829254542956,0.024648073173853646,-0.04666415338930374,True,0.03246022655703773,0.08551615339542318,-0.04666415338930374,True,-0.007853906765144303,0.10761586786603639,-0.04666415338930374,True,20,True,True,True,False,True,False,6,4,STOP_BEFORE_TARGET,True,True,False,True,False,6,5,STOP_BEFORE_TARGET,2023-12-07,2023-12-11,2023-12-13,2023-12-20,2024-01-05
TSLA|2023-12-07T00:00:00|Long,TSLA,2023-12-07,Long,0.0049455858525417895,0.010839123349110524,-0.01388886880013429,True,-0.023203119423732987,0.010839123349110524,-0.03614409946637631,True,0.03466041742196024,0.046323794598738255,-0.059512044501028316,True,0.04887900033046866,0.07088689825052796,-0.059512044501028316,True,-0.00902572719632011,0.09268877987857249,-0.059512044501028316,True,20,True,True,True,False,True,False,5,2,STOP_BEFORE_TARGET,True,True,False,True,False,7,3,STOP_BEFORE_TARGET,2023-12-08,2023-12-12,2023-12-14,2023-12-21,2024-01-08
TSLA|2023-12-08T00:00:00|Long,TSLA,2023-12-08,Long,-0.01681426716823431,-0.001640394941320844,-0.02620570655190535,True,-0.018659789698539986,-0.001640394941320844,-0.06414041840771678,True,0.039616157345751635,0.042199838826535,-0.06414041840771678,True,0.03567912187870337,0.06561679888572791,-0.06414041840771678,True,-0.036417280829181053,0.087311388060473,-0.06414041840771678,True,20,True,True,True,False,True,False,4,1,STOP_BEFORE_TARGET,True,True,False,True,False,6,2,STOP_BEFORE_TARGET,2023-12-11,2023-12-13,2023-12-15,2023-12-22,2024-01-09
TSLA|2023-12-11T00:00:00|Long,TSLA,2023-12-11,Long,-0.011387381846063915,-0.0031283890164980344,-0.024484901315912966,True,0.047176096185232774,0.05898055837848726,-0.048135514642969834,True,0.051472412009444524,0.0792524581040468,-0.048135514642969834,True,0.07036781293007621,0.08384078745380563,-0.048135514642969834,True,-0.02419288779036588,0.10590639362595833,-0.048135514642969834,True,20,True,True,True,False,True,False,3,1,STOP_BEFORE_TARGET,True,True,False,True,False,3,2,STOP_BEFORE_TARGET,2023-12-12,2023-12-14,2023-12-18,2023-12-26,2024-01-10
TSLA|2023-12-12T00:00:00|Long,TSLA,2023-12-12,Long,0.009619842336358264,0.013881307207181948,-0.03717141792659573,True,0.06957514820198196,0.07223328455662559,-0.03717141792659573,True,0.08527069398874776,0.09168387929274568,-0.03717141792659573,True,0.10307585545244047,0.11109236927261845,-0.03717141792659573,True,-0.041306246626871435,0.11864482944901944,-0.04911185038364574,True,20,True,True,True,False,True,False,2,1,STOP_BEFORE_TARGET,True,True,False,True,False,2,1,STOP_BEFORE_TARGET,2023-12-13,2023-12-15,2023-12-19,2023-12-27,2024-01-11
TSLA|2023-12-13T00:00:00|Long,TSLA,2023-12-13,Long,0.04914543063053567,0.06097209246536939,0.006268544619859595,True,0.053449826168151304,0.08128211581745792,0.006268544619859595,True,0.03280540901737128,0.08587907404546158,0.006268544619859595,True,0.05804672062922145,0.10798617711431535,0.006268544619859595,True,-0.08525218132331558,0.10798617711431535,-0.09252371603844867,True,20,True,True,True,True,False,False,1,17,TARGET_BEFORE_STOP,True,True,True,False,False,1,17,TARGET_BEFORE_STOP,2023-12-14,2023-12-18,2023-12-20,2023-12-28,2024-01-12
TSLA|2023-12-14T00:00:00|Long,TSLA,2023-12-14,Long,0.009758999874367902,0.012268479560303858,-0.01095399309528411,True,0.02457676994201541,0.03063129690953148,-0.01095399309528411,True,0.013742270090834952,0.03501291845959709,-0.016132256532667144,True,-0.010237033630662418,0.05608445194144007,-0.016132256532667144,True,-0.12403903210958511,0.05608445194144007,-0.1548297546443882,True,20,True,True,True,True,False,False,2,11,TARGET_BEFORE_STOP,True,True,True,False,False,9,12,TARGET_BEFORE_STOP,2023-12-15,2023-12-19,2023-12-21,2023-12-29,2024-01-16
TSLA|2023-12-15T00:00:00|Long,TSLA,2023-12-15,Long,-0.005601570686174839,0.02067057291666674,-0.00844181218796225,True,-0.025088759804148153,0.02500984748674795,-0.02564102564102566,True,-0.0037870087332039226,0.02500984748674795,-0.02564102564102566,True,-0.02003945495485082,0.045877731293145985,-0.03585797371948962,True,-0.14970412997334193,0.045877731293145985,-0.16366866072254072,True,20,True,True,True,False,True,False,7,3,STOP_BEFORE_TARGET,False,True,False,True,False,,10,STOP_BEFORE_TARGET,2023-12-18,2023-12-20,2023-12-22,2024-01-02,2024-01-17
TSLA|2023-12-18T00:00:00|Long,TSLA,2023-12-18,Long,0.0203903496997484,0.02483336425485838,0.0036892759006108555,True,0.009600119610310154,0.03078385611896617,-0.02015233971022945,True,0.01797042005554972,0.03078385611896617,-0.02015233971022945,True,-0.05407015544195137,0.05176929132404551,-0.06251981272754181,True,-0.1594731698517855,0.05176929132404551,-0.17192953039939007,True,20,True,True,True,,,False,2,2,AMBIGUOUS,True,True,True,False,False,7,9,TARGET_BEFORE_STOP,2023-12-19,2023-12-21,2023-12-26,2024-01-03,2024-01-18
TSLA|2023-12-19T00:00:00|Long,TSLA,2023-12-19,Long,-0.03918825045959673,0.010185814107587454,-0.03973252924423254,True,-0.01819457239856992,0.010185814107587454,-0.03973252924423254,True,0.016406193922230194,0.023792843045422174,-0.03973252924423254,True,-0.07499420128052336,0.030751899636771718,-0.08125337764286655,True,-0.17506414184587327,0.030751899636771718,-0.19306431625237208,True,20,True,True,True,False,True,False,6,1,STOP_BEFORE_TARGET,False,True,False,True,False,,1,STOP_BEFORE_TARGET,2023-12-20,2023-12-22,2023-12-27,2024-01-04,2024-01-19
TSLA|2023-12-20T00:00:00|Long,TSLA,2023-12-20,Long,0.029780693649462897,0.030994592866500748,0.005705283101042236,True,0.03831830535446179,0.04483289576118188,0.005705283101042236,True,0.024439561791088193,0.07279277145582763,0.005705283101042236,True,-0.03904666958127612,0.07279277145582763,-0.049526606471606005,True,-0.1551347270072726,0.07279277145582763,-0.1653718346610118,True,20,True,True,True,True,False,False,1,8,TARGET_BEFORE_STOP,True,True,True,False,False,4,8,TARGET_BEFORE_STOP,2023-12-21,2023-12-26,2023-12-28,2024-01-05,2024-01-22
TSLA|2023-12-21T00:00:00|Long,TSLA,2023-12-21,Long,-0.007701401626197146,0.014616900670739286,-0.012298643940324205,True,0.027269164799238688,0.03473475967736994,-0.012298643940324205,True,-0.02365424075623157,0.04176819207391946,-0.0277799894861247,True,-0.055206298828125,0.04176819207391946,-0.07701377643817531,True,-0.1782318295102222,0.04176819207391946,-0.18950882407677427,True,20,True,True,True,True,False,False,3,5,TARGET_BEFORE_STOP,False,True,False,True,False,,6,STOP_BEFORE_TARGET,2023-12-22,2023-12-27,2023-12-29,2024-01-08,2024-01-23
TSLA|2023-12-22T00:00:00|Long,TSLA,2023-12-22,Long,0.01611622781987765,0.02150157630050309,0.0014651555627362978,True,0.0025342496502060996,0.0498535358018124,0.0006732138760363604,True,-0.016314228346872017,0.0498535358018124,-0.03219287970286744,True,-0.06961268329625381,0.0498535358018124,-0.08117526152292676,True,-0.17704123166116037,0.0498535358018124,-0.18321846140720788,True,20,True,True,True,True,False,False,2,4,TARGET_BEFORE_STOP,False,True,False,True,False,,5,STOP_BEFORE_TARGET,2023-12-26,2023-12-28,2024-01-02,2024-01-09,2024-01-24
TSLA|2023-12-26T00:00:00|Long,TSLA,2023-12-26,Long,0.018822405072142834,0.026226613812817323,0.003546251954547497,True,-0.031682280846885735,0.03320221354433017,-0.03577410545113591,True,-0.07076882989740496,0.03320221354433017,-0.07906932382052845,True,-0.08834411832843436,0.03320221354433017,-0.09867110989753813,True,-0.2882973566574015,0.03320221354433017,-0.2983125839319668,True,20,True,True,True,True,False,False,2,3,TARGET_BEFORE_STOP,False,True,False,True,False,,3,STOP_BEFORE_TARGET,2023-12-27,2023-12-29,2024-01-03,2024-01-10,2024-01-25
TSLA|2023-12-27T00:00:00|Long,TSLA,2023-12-27,Long,-0.03159428430420175,0.01411414629340535,-0.0333919662102804,True,-0.049801117468161626,0.01411414629340535,-0.06513922360872693,True,-0.08992506711322434,0.01411414629340535,-0.09608321176028667,True,-0.13089045632323415,0.01411414629340535,-0.13796667299336773,True,-0.2990743639505976,0.01411414629340535,-0.31127602556173983,True,20,True,False,True,False,True,False,,1,STOP_BEFORE_TARGET,False,True,False,True,False,,1,STOP_BEFORE_TARGET,2023-12-28,2024-01-02,2024-01-04,2024-01-11,2024-01-26
TSLA|2023-12-28T00:00:00|Long,TSLA,2023-12-28,Long,-0.018563856087399966,0.00793905452157495,-0.022711115279015592,True,-0.05817993583087777,0.00793905452157495,-0.06659288189945234,True,-0.06197167089229505,0.00793905452157495,-0.07220159296989148,True,-0.13543721572835377,0.00793905452157495,-0.142309818396418,True,-0.24587250889021262,0.00793905452157495,-0.28880637187956615,True,20,True,False,True,False,True,False,,1,STOP_BEFORE_TARGET,False,True,False,True,False,,2,STOP_BEFORE_TARGET,2023-12-29,2024-01-03,2024-01-05,2024-01-12,2024-01-29
TSLA|2023-12-29T00:00:00|Long,TSLA,2023-12-29,Long,-0.0002414583049958896,0.011147795879304034,-0.016379556243603877,True,-0.04245815853653667,0.011147795879304034,-0.04893749441566264,True,-0.032316479867062875,0.011147795879304034,-0.054652294206996466,True,-0.11497904280695892,0.011147795879304034,-0.14608823114904246,True,-0.22895202981260887,0.011147795879304034,-0.27535415061729385,True,20,True,False,True,False,True,False,,2,STOP_BEFORE_TARGET,False,True,False,True,False,,2,STOP_BEFORE_TARGET,2024-01-02,2024-01-04,2024-01-08,2024-01-16,2024-01-30
TSLA|2024-01-02T00:00:00|Long,TSLA,2024-01-02,Long,-0.04013364984377277,-0.011029729946703593,-0.0487077970127735,True,-0.04399803862951479,-0.011029729946703593,-0.05442397702324375,True,-0.054182398978701585,-0.011029729946703593,-0.06593674021232698,True,-0.13231621994793386,-0.011029729946703593,-0.14656631483165727,True,-0.2460752167031225,-0.011029729946703593,-0.27517913660019166,True,20,True,False,True,False,True,False,,1,STOP_BEFORE_TARGET,False,True,False,True,False,,1,STOP_BEFORE_TARGET,2024-01-03,2024-01-05,2024-01-09,2024-01-17,2024-01-31
TSLA|2024-01-03T00:00:00|Long,TSLA,2024-01-03,Long,-0.0021807686270334248,0.01782344329793606,-0.0030195061015639846,True,0.008387502728440355,0.01782344329793606,-0.014887830141295355,True,-0.01891379561566897,0.01782344329793606,-0.030027275125793063,True,-0.11142794047171645,0.01782344329793606,-0.12459631719570519,True,-0.20796811479370492,0.01782344329793606,-0.2448731395971564,True,20,True,False,True,False,True,False,,4,STOP_BEFORE_TARGET,False,True,False,True,False,,5,STOP_BEFORE_TARGET,2024-01-04,2024-01-08,2024-01-10,2024-01-18,2024-02-01
TSLA|2024-01-04T00:00:00|Long,TSLA,2024-01-04,Long,-0.001849229589212631,0.009204398389531798,-0.012734833239060106,True,-0.012482604351445326,0.013953715069217054,-0.024755178291769764,True,-0.04501320466004577,0.013953715069217054,-0.05278862667687634,True,-0.1081830413429633,0.013953715069217054,-0.12764256736044044,True,-0.21022985984718767,0.013953715069217054,-0.24322278358594696,True,20,True,False,True,False,True,False,,3,STOP_BEFORE_TARGET,False,True,False,True,False,,5,STOP_BEFORE_TARGET,2024-01-05,2024-01-09,2024-01-11,2024-01-19,2024-02-02
TSLA|2024-01-05T00:00:00|Long,TSLA,2024-01-05,Long,0.012463646412957496,0.01583222207194801,-0.009221450969519984,True,-0.014948010314733029,0.01583222207194801,-0.026106413169499465,True,-0.07831911100802513,0.01583222207194801,-0.08564575824756193,True,-0.12080509401576511,0.01583222207194801,-0.13145816875902916,True,-0.23761003254595736,0.01583222207194801,-0.263084801638638,True,20,True,False,True,False,True,False,,2,STOP_BEFORE_TARGET,False,True,False,True,False,,4,STOP_BEFORE_TARGET,2024-01-08,2024-01-10,2024-01-12,2024-01-22,2024-02-05
TSLA|2024-01-08T00:00:00|Long,TSLA,2024-01-08,Long,-0.02283214932024613,-0.006196673958351995,-0.03497610217861491,True,-0.05502181699086017,-0.006196673958351995,-0.06271574972945715,True,-0.08542313806123325,-0.006196673958351995,-0.11757123988879137,True,-0.1302141732417379,-0.006196673958351995,-0.14215010650692017,True,-0.23019335224462856,-0.006196673958351995,-0.2721563870740762,True,20,True,False,True,False,True,False,,1,STOP_BEFORE_TARGET,False,True,False,True,False,,1,STOP_BEFORE_TARGET,2024-01-09,2024-01-11,2024-01-16,2024-01-23,2024-02-06
TSLA|2024-01-09T00:00:00|Long,TSLA,2024-01-09,Long,-0.004341182513256769,0.002298234894036355,-0.01561973664821903,True,-0.06839464957876296,0.002298234894036355,-0.07580018857878112,True,-0.08260981914997456,0.002298234894036355,-0.097676249366896,True,-0.11546647985863934,0.002298234894036355,-0.12210589726593235,True,-0.20165135992914562,0.002298234894036355,-0.25514985739695695,True,20,True,False,True,False,True,False,,2,STOP_BEFORE_TARGET,False,True,False,True,False,,2,STOP_BEFORE_TARGET,2024-01-10,2024-01-12,2024-01-17,2024-01-24,2024-02-07
TSLA|2024-01-10T00:00:00|Long,TSLA,2024-01-10,Long,-0.028725319101363445,-0.012866588587725158,-0.036633355709933535,True,-0.059972636714026306,-0.012866588587725158,-0.09301534384259535,True,-0.09429767174649406,-0.012866588587725158,-0.1077199140175007,True,-0.2193297299440915,-0.012866588587725158,-0.2303154839724666,True,-0.18970678130999907,-0.012866588587725158,-0.25190222843282306,True,20,True,False,True,False,True,False,,1,STOP_BEFORE_TARGET,False,True,False,True,False,,1,STOP_BEFORE_TARGET,2024-01-11,2024-01-16,2024-01-18,2024-01-25,2024-02-08
TSLA|2024-01-11T00:00:00|Long,TSLA,2024-01-11,Long,-0.036660513098772496,-0.008273940994245499,-0.04431831383733498,True,-0.05135990716596295,-0.008273940994245499,-0.06693955915920191,True,-0.06614734045660864,-0.008273940994245499,-0.0865240892372553,True,-0.1935128993243611,-0.008273940994245499,-0.20755216710126656,True,-0.148094330233717,-0.008273940994245499,-0.2297773366489626,True,20,True,False,True,False,True,False,,1,STOP_BEFORE_TARGET,False,True,False,True,False,,1,STOP_BEFORE_TARGET,2024-01-12,2024-01-17,2024-01-19,2024-01-26,2024-02-09
TSLA|2024-01-12T00:00:00|Long,TSLA,2024-01-12,Long,0.004659894354722027,0.021015149693189628,-0.030654697485391402,True,-0.032025193139853636,0.021015149693189628,-0.046370295238643,True,-0.04609619610775051,0.021015149693189628,-0.057654507526049725,True,-0.1277354232346416,0.021015149693189628,-0.17739504746369428,True,-0.1405271807419568,0.021015149693189628,-0.20046601034842726,True,20,True,False,True,False,True,False,,1,STOP_BEFORE_TARGET,False,True,False,True,False,,1,STOP_BEFORE_TARGET,2024-01-16,2024-01-18,2024-01-22,2024-01-29,2024-02-12
TSLA|2024-01-16T00:00:00|Long,TSLA,2024-01-16,Long,-0.019826295019533036,-0.019280639455032778,-0.03592382803745375,True,-0.035105275304187056,-0.011186424777869464,-0.05615936473036187,True,-0.048974599122871165,-0.009594836866055334,-0.06202537020828858,True,-0.1287799865973005,-0.009594836866055334,-0.18121051993953385,True,-0.16320312305934592,-0.009594836866055334,-0.20417447322797588,True,20,True,False,True,False,True,False,,1,STOP_BEFORE_TARGET,False,True,False,True,False,,1,STOP_BEFORE_TARGET,2024-01-17,2024-01-19,2024-01-23,2024-01-30,2024-02-13
TSLA|2024-01-17T00:00:00|Long,TSLA,2024-01-17,Long,-0.017026203279914,0.008814631730847955,-0.03159358599943296,True,-0.03131523964014604,0.010438413213381903,-0.043052649723547276,True,-0.03581536122200568,0.010438413213381903,-0.043052649723547276,True,-0.13110651526569084,0.010438413213381903,-0.16464859657015274,True,-0.12451865440913867,0.010438413213381903,-0.18807704927374747,True,20,True,False,True,False,True,False,,1,STOP_BEFORE_TARGET,False,True,False,True,False,,1,STOP_BEFORE_TARGET,2024-01-18,2024-01-22,2024-01-24,2024-01-31,2024-02-14
TSLA|2024-01-18T00:00:00|Long,TSLA,2024-01-18,Long,0.0014630807600990448,0.006182733284900044,-0.020388933474907556,True,-0.01293187384378014,0.027940334304879633,-0.026477253544780477,True,-0.13804983635042734,0.027940334304879633,-0.15017937790693325,True,-0.10864642128544855,0.027940334304879633,-0.15017937790693325,True,-0.05394566580688942,0.027940334304879633,-0.17401363756041432,True,20,True,False,True,False,True,False,,1,STOP_BEFORE_TARGET,False,True,False,True,False,,5,STOP_BEFORE_TARGET,2024-01-19,2024-01-23,2024-01-25,2024-02-01,2024-02-15
TSLA|2024-01-19T00:00:00|Long,TSLA,2024-01-19,Long,-0.015976244642273096,0.02643857177908604,-0.027899515061177493,True,-0.02054762505389729,0.02643857177908604,-0.027899515061177493,True,-0.1363872100873258,0.02643857177908604,-0.15142091763576293,True,-0.11442574343718903,0.02643857177908604,-0.15142091763576293,True,-0.057684176220997974,0.02643857177908604,-0.17522035678771963,True,20,True,False,True,False,True,False,,1,STOP_BEFORE_TARGET,False,True,False,True,False,,4,STOP_BEFORE_TARGET,2024-01-22,2024-01-24,2024-01-26,2024-02-02,2024-02-16
TSLA|2024-01-22T00:00:00|Long,TSLA,2024-01-22,Long,0.0016283349277841364,0.03280646908337714,-0.005028750174383534,True,-0.12533523844086458,0.03280646908337714,-0.13764370245741775,True,-0.08558433963023893,0.03280646908337714,-0.13764370245741775,True,-0.13285443049676493,0.03280646908337714,-0.16182954047441245,True,-0.07203069121217265,0.03280646908337714,-0.16182954047441245,True,20,True,True,True,True,False,False,1,3,TARGET_BEFORE_STOP,False,True,False,True,False,,3,STOP_BEFORE_TARGET,2024-01-23,2024-01-25,2024-01-29,2024-02-05,2024-02-20
TSLA|2024-01-23T00:00:00|Long,TSLA,2024-01-23,Long,-0.006263735117226887,0.017165517588063617,-0.011332098709496363,True,-0.12379267220620394,0.017165517588063617,-0.1390456245382108,True,-0.08391509564394917,0.017165517588063617,-0.1390456245382108,True,-0.11494689373764377,0.017165517588063617,-0.16319214393428838,True,-0.068709931907453,0.017165517588063617,-0.16319214393428838,True,20,True,False,True,False,True,False,,2,STOP_BEFORE_TARGET,False,True,False,True,False,,2,STOP_BEFORE_TARGET,2024-01-24,2024-01-26,2024-01-30,2024-02-06,2024-02-21
TSLA|2024-01-24T00:00:00|Long,TSLA,2024-01-24,Long,-0.12125293136804816,-0.07135640523695908,-0.13361884245680378,True,-0.08131650390404888,-0.07135640523695908,-0.13361884245680378,True,-0.0988308153969939,-0.05518934282658139,-0.13361884245680378,True,-0.09743540307746934,-0.05518934282658139,-0.15791756259954315,True,-0.05013712205716936,-0.022422189390622682,-0.15791756259954315,True,20,True,False,True,False,True,False,,1,STOP_BEFORE_TARGET,False,True,False,True,False,,1,STOP_BEFORE_TARGET,2024-01-25,2024-01-29,2024-01-31,2024-02-07,2024-02-22
TSLA|2024-01-25T00:00:00|Long,TSLA,2024-01-25,Long,0.0033948152034783963,0.02272350536894141,-0.0029020356191576946,True,0.04906089479013831,0.0751792989128437,-0.0029020356191576946,True,0.034112662547080674,0.0751792989128437,-0.0029020356191576946,True,0.03794553189782812,0.0751792989128437,-0.0417237593618095,True,0.05114163110209513,0.11246779136491081,-0.0417237593618095,True,20,True,True,True,True,False,False,2,7,TARGET_BEFORE_STOP,True,True,True,False,False,3,7,TARGET_BEFORE_STOP,2024-01-26,2024-01-30,2024-02-01,2024-02-08,2024-02-23
TSLA|2024-01-26T00:00:00|Long,TSLA,2024-01-26,Long,0.04190991910385411,0.04491130001385568,0.002291940894653788,True,0.022046348082580103,0.07154161315335106,0.002291940894653788,True,0.025429760775494525,0.07154161315335106,-0.006821282401091366,True,0.0563165474718621,0.07154161315335106,-0.044965923564333266,True,0.08813093531505789,0.10870394635167968,-0.044965923564333266,True,20,True,True,True,True,False,False,1,6,TARGET_BEFORE_STOP,True,True,True,False,False,2,6,TARGET_BEFORE_STOP,2024-01-29,2024-01-31,2024-02-02,2024-02-09,2024-02-26
TSLA|2024-01-29T00:00:00|Long,TSLA,2024-01-29,Long,0.0034567835721344142,0.02843978496239208,-0.0016759654203364338,True,-0.010841628580297247,0.02843978496239208,-0.03482948804055497,True,-0.05169431464834218,0.02843978496239208,-0.0833813375564263,True,-0.014664997121344947,0.02843978496239208,-0.0833813375564263,True,0.046090207873736855,0.0768345152175518,-0.0833813375564263,True,20,True,True,True,False,True,False,13,2,STOP_BEFORE_TARGET,True,True,False,True,False,13,3,STOP_BEFORE_TARGET,2024-01-30,2024-02-01,2024-02-05,2024-02-12,2024-02-27
TSLA|2024-01-30T00:00:00|Long,TSLA,2024-01-30,Long,-0.02244377647032403,0.012422385971630145,-0.029959759612145254,True,-0.019207645211763436,0.012422385971630145,-0.0500547863729669,True,-0.033874369008960015,0.012422385971630145,-0.08653897462273541,True,-0.039511416097524954,0.01638916148894687,-0.08653897462273541,True,0.05454354166703168,0.07312495450397516,-0.08653897462273541,True,20,True,True,True,False,True,False,12,1,STOP_BEFORE_TARGET,True,True,False,True,False,13,2,STOP_BEFORE_TARGET,2024-01-31,2024-02-02,2024-02-06,2024-02-13,2024-02-28
TSLA|2024-01-31T00:00:00|Long,TSLA,2024-01-31,Long,0.008382761388752824,0.013828884027577537,-0.01607130447293792,True,-0.03326390064001539,0.013828884027577537,-0.06556676394630478,True,0.0015484465551707238,0.013828884027577537,-0.06556676394630478,True,0.007581896943981148,0.03972450588985699,-0.06556676394630478,True,0.07790064669600238,0.09776289964093077,-0.06556676394630478,True,20,True,True,True,False,True,False,7,2,STOP_BEFORE_TARGET,True,True,False,True,False,11,3,STOP_BEFORE_TARGET,2024-02-01,2024-02-05,2024-02-07,2024-02-14,2024-02-29
TSLA|2024-02-01T00:00:00|Long,TSLA,2024-02-01,Long,-0.0050301649114266045,-0.0009001279699032416,-0.03632320548650658,True,-0.019908898097450556,-0.0009001279699032416,-0.07333477739466077,True,0.0037064330508311816,0.014613970655068753,-0.07333477739466077,True,0.06136818966660207,0.06364505047980029,-0.07333477739466077,True,0.07296409369248713,0.0886371144713769,-0.07333477739466077,True,20,True,True,True,False,True,False,7,1,STOP_BEFORE_TARGET,True,True,False,True,False,10,1,STOP_BEFORE_TARGET,2024-02-02,2024-02-06,2024-02-08,2024-02-15,2024-03-01
TSLA|2024-02-02T00:00:00|Long,TSLA,2024-02-02,Long,-0.03645365318513305,-0.017189138009577,-0.06864993296721766,True,-0.001756169573856603,0.010004734114123837,-0.06864993296721766,True,0.03012082141346184,0.03304768950057935,-0.06864993296721766,True,0.06407318956675945,0.08120905864211325,-0.06864993296721766,True,0.0012239674474843198,0.09414082324864159,-0.06864993296721766,True,20,True,True,True,False,True,False,5,1,STOP_BEFORE_TARGET,True,True,False,True,False,9,1,STOP_BEFORE_TARGET,2024-02-05,2024-02-07,2024-02-09,2024-02-16,2024-03-04
TSLA|2024-02-05T00:00:00|Long,TSLA,2024-02-05,Long,0.0223130928940527,0.02999010277139247,-0.021815956044978435,True,0.04694576446820764,0.05832319507889294,-0.021815956044978435,True,0.03904787042720903,0.07549982521413368,-0.021815956044978435,True,0.07014247829166287,0.1221142212994697,-0.021815956044978435,True,-0.0017673261335714452,0.13553523072914198,-0.021815956044978435,True,20,True,True,True,False,True,False,2,1,STOP_BEFORE_TARGET,True,False,True,False,False,3,,TARGET_BEFORE_STOP,2024-02-06,2024-02-08,2024-02-12,2024-02-20,2024-03-05
TSLA|2024-02-06T00:00:00|Long,TSLA,2024-02-06,Long,0.01339813963135228,0.02533758524024221,-0.013074086158489928,True,0.04575905424857929,0.048730355031039396,-0.013074086158489928,True,-0.005834693654470757,0.0520258741571189,-0.016153459722156538,True,0.052242019719531685,0.09762286045157764,-0.016153459722156538,True,-0.046245340546319014,0.1107509417829815,-0.06158837806249495,True,20,True,True,True,True,False,False,2,19,TARGET_BEFORE_STOP,True,True,True,False,False,4,19,TARGET_BEFORE_STOP,2024-02-07,2024-02-09,2024-02-13,2024-02-21,2024-03-06
TSLA|2024-02-07T00:00:00|Long,TSLA,2024-02-07,Long,0.010555473441792307,0.02153744134074298,-0.010662117392456927,True,0.002932098552025586,0.03811703713983361,-0.010662117392456927,True,0.006024122357298323,0.03811703713983361,-0.029160897576009814,True,0.05240431674538604,0.08311118555128205,-0.029160897576009814,True,-0.047606396456980504,0.0960657004827774,-0.07399512073421144,True,20,True,True,True,True,False,False,2,4,TARGET_BEFORE_STOP,True,True,True,False,False,6,18,TARGET_BEFORE_STOP,2024-02-08,2024-02-12,2024-02-14,2024-02-22,2024-03-07
TSLA|2024-02-08T00:00:00|Long,TSLA,2024-02-08,Long,0.021154303741671487,0.024055695385753806,-0.0004220396290622874,True,-0.029225539974067516,0.027273677123504037,-0.03930152481638094,True,0.05744882638691906,0.05971727933115045,-0.03930152481638094,True,0.012713672152081745,0.07179785179172438,-0.03930152481638094,True,-0.07501583352947483,0.08461705397502883,-0.08366744468568155,True,20,True,True,True,False,True,False,5,3,STOP_BEFORE_TARGET,True,True,False,True,False,5,3,STOP_BEFORE_TARGET,2024-02-09,2024-02-13,2024-02-15,2024-02-23,2024-03-08
TSLA|2024-02-09T00:00:00|Long,TSLA,2024-02-09,Long,-0.028103539988478476,0.005992604016268999,-0.03249474767228,True,-0.025107198566208355,0.005992604016268999,-0.059203421399227074,True,0.032959597988428735,0.04959441277825194,-0.059203421399227074,True,0.03011823294763194,0.04959441277825194,-0.059203421399227074,True,-0.08162423130611196,0.06214805147549174,-0.1026502537797368,True,20,True,True,True,False,True,False,4,1,STOP_BEFORE_TARGET,True,True,False,True,False,11,1,STOP_BEFORE_TARGET,2024-02-12,2024-02-14,2024-02-16,2024-02-26,2024-03-11
TSLA|2024-02-12T00:00:00|Long,TSLA,2024-02-12,Long,-0.021846598116614713,-0.004624516841523985,-0.03199917140389619,True,0.06548658770887661,0.06777228336299701,-0.03199917140389619,True,0.029926058990592086,0.07994468131493071,-0.03199917140389619,True,0.061659440512704444,0.09286132337893305,-0.03199917140389619,True,-0.05629092288216486,0.09286132337893305,-0.08355924527028646,True,20,True,True,True,False,True,False,3,1,STOP_BEFORE_TARGET,True,True,False,True,False,3,1,STOP_BEFORE_TARGET,2024-02-13,2024-02-15,2024-02-20,2024-02-27,2024-03-12
TSLA|2024-02-13T00:00:00|Long,TSLA,2024-02-13,Long,0.025486372853585015,0.02646448757808395,-0.00364089856205696,True,0.08656663572399026,0.10406473998408772,-0.00364089856205696,True,0.058417561952033736,0.10406473998408772,-0.00364089856205696,True,0.09792407670522274,0.11726986919912918,-0.00364089856205696,True,-0.07901319534475104,0.11726986919912918,-0.08080648859218564,True,20,True,True,True,True,False,False,2,14,TARGET_BEFORE_STOP,True,True,True,False,False,2,14,TARGET_BEFORE_STOP,2024-02-14,2024-02-16,2024-02-21,2024-02-28,2024-03-13
TSLA|2024-02-14T00:00:00|Long,TSLA,2024-02-14,Long,0.06221180550417671,0.06449047605301694,0.0007948380644795527,True,0.026760572377202196,0.07662546203500042,0.0007948380644795527,True,0.046102467482996845,0.07662546203500042,0.0007948380644795527,True,0.06978961210527856,0.08950240468836412,0.0007948380644795527,True,-0.13889039150747462,0.08950240468836412,-0.14943570136049922,True,20,True,True,True,True,False,False,1,13,TARGET_BEFORE_STOP,True,True,True,False,False,1,13,TARGET_BEFORE_STOP,2024-02-15,2024-02-20,2024-02-22,2024-02-29,2024-03-14
TSLA|2024-02-15T00:00:00|Long,TSLA,2024-02-15,Long,-0.0024943876658132247,0.013569474991837804,-0.015215779985994993,True,-0.028336207344756725,0.013569474991837804,-0.05647289717022341,True,-0.042304793497845106,0.013569474991837804,-0.05647289717022341,True,0.010925430155889426,0.025692238631478848,-0.05647289717022341,True,-0.18398598246696984,0.025692238631478848,-0.1992516989247901,True,20,True,False,True,False,True,False,,2,STOP_BEFORE_TARGET,False,True,False,True,False,,2,STOP_BEFORE_TARGET,2024-02-16,2024-02-21,2024-02-23,2024-03-01,2024-03-15
TSLA|2024-02-16T00:00:00|Long,TSLA,2024-02-16,Long,-0.030957752117438453,-0.006751642237214028,-0.05411348952523609,True,-0.012703142410101176,-0.002550610225655281,-0.05411348952523609,True,-0.0027507029765055924,0.009152297369268814,-0.05411348952523609,True,-0.05906475488294616,0.028257110485157666,-0.06616652127763567,True,-0.13078266714479325,0.028257110485157666,-0.19724932754870428,True,20,True,False,True,False,True,False,,1,STOP_BEFORE_TARGET,False,True,False,True,False,,1,STOP_BEFORE_TARGET,2024-02-20,2024-02-22,2024-02-26,2024-03-04,2024-03-18
TSLA|2024-02-20T00:00:00|Long,TSLA,2024-02-20,Long,0.00521268473502845,0.02931465780140652,-0.009341441009020568,True,-0.009238198476877346,0.02931465780140652,-0.012386426323931943,True,0.030811320138081966,0.061106585117403966,-0.012386426323931943,True,-0.06719647699624864,0.061106585117403966,-0.08355691392242481,True,-0.11581331450659949,0.061106585117403966,-0.17160405110780974,True,20,True,True,True,True,False,False,4,9,TARGET_BEFORE_STOP,True,True,True,False,False,5,9,TARGET_BEFORE_STOP,2024-02-21,2024-02-23,2024-02-27,2024-03-05,2024-03-19
TSLA|2024-02-21T00:00:00|Long,TSLA,2024-02-21,Long,0.013554445406056326,0.018226641545850075,-0.017507848166081974,True,0.023771574279716212,0.03599114007837545,-0.017507848166081974,True,0.03732601968577254,0.05560405397899326,-0.017507848166081974,True,-0.0935976309823684,0.05560405397899326,-0.10817891288200732,True,-0.09811572722265216,0.05560405397899326,-0.17589982550752103,True,20,True,True,True,True,False,False,3,8,TARGET_BEFORE_STOP,True,True,True,False,False,4,8,TARGET_BEFORE_STOP,2024-02-22,2024-02-26,2024-02-28,2024-03-06,2024-03-20
TSLA|2024-02-22T00:00:00|Long,TSLA,2024-02-22,Long,-0.027556873210526134,0.0008105144579362289,-0.029937711121393096,True,0.01175215046042255,0.041487271614788046,-0.029937711121393096,True,0.02264323558979342,0.041487271614788046,-0.029937711121393096,True,-0.09503069458290969,0.041487271614788046,-0.12010539625159866,True,-0.12456307118042165,0.041487271614788046,-0.1869206649650449,True,20,True,True,True,False,True,False,3,1,STOP_BEFORE_TARGET,False,True,False,True,False,,7,STOP_BEFORE_TARGET,2024-02-23,2024-02-27,2024-02-29,2024-03-07,2024-03-21
TSLA|2024-02-23T00:00:00|Long,TSLA,2024-02-23,Long,0.03870392576202142,0.05110172160344706,0.00015626805806179256,True,0.052456071268408566,0.07100070217295262,0.00015626805806179256,True,0.05558159140020158,0.07100070217295262,0.00015626805806179256,True,-0.08662814386135986,0.07100070217295262,-0.09517114213827804,True,-0.11012136925156502,0.07100070217295262,-0.1638798068126197,True,20,True,True,True,True,False,False,1,6,TARGET_BEFORE_STOP,True,True,True,False,False,1,7,TARGET_BEFORE_STOP,2024-02-26,2024-02-28,2024-03-01,2024-03-08,2024-03-22
TSLA|2024-02-26T00:00:00|Long,TSLA,2024-02-26,Long,0.0016549741281637331,0.03109334201008007,-0.005717148568420982,True,0.01243736741343926,0.03109334201008007,-0.005717148568420982,True,-0.05646938240470256,0.03109334201008007,-0.06359073753213795,True,-0.10847537756321268,0.03109334201008007,-0.12888664862038046,True,-0.13425270728728878,0.03109334201008007,-0.1950351082249161,True,20,True,True,True,True,False,False,1,5,TARGET_BEFORE_STOP,False,True,False,True,False,,5,STOP_BEFORE_TARGET,2024-02-27,2024-02-29,2024-03-04,2024-03-11,2024-03-25
TSLA|2024-02-27T00:00:00|Long,TSLA,2024-02-27,Long,0.01156560160219966,0.027887685592388634,-0.006458685794458963,True,0.014569687700184186,0.027887685592388634,-0.006458685794458963,True,-0.09507830892000879,0.027887685592388634,-0.11094972651754209,True,-0.11109999957981609,0.027887685592388634,-0.13678462248954415,True,-0.11044909643260004,0.027887685592388634,-0.19636510318763012,True,20,True,False,True,False,True,False,,4,STOP_BEFORE_TARGET,False,True,False,True,False,,4,STOP_BEFORE_TARGET,2024-02-28,2024-03-01,2024-03-05,2024-03-12,2024-03-26
TSLA|2024-02-28T00:00:00|Long,TSLA,2024-02-28,Long,-0.0007918650199801869,0.01603645615140903,-0.017768741126448218,True,-0.0687982298474884,0.01603645615140903,-0.07582653224370894,True,-0.12621263535624072,0.01603645615140903,-0.1402692401486818,True,-0.16115619996325026,0.01603645615140903,-0.1627895490130462,True,-0.10992868834450964,0.01603645615140903,-0.2055533565598634,True,20,True,False,True,False,True,False,,3,STOP_BEFORE_TARGET,False,True,False,True,False,,3,STOP_BEFORE_TARGET,2024-02-29,2024-03-04,2024-03-06,2024-03-13,2024-03-27
TSLA|2024-02-29T00:00:00|Long,TSLA,2024-02-29,Long,0.003764585340074067,0.013077072150760483,-0.016742643159606274,True,-0.10471566712077207,0.013077072150760483,-0.12041805513480763,True,-0.1150684090770292,0.013077072150760483,-0.13958790991177294,True,-0.19506639553368266,0.013077072150760483,-0.20492376349996155,True,-0.12923524353897475,0.013077072150760483,-0.20492376349996155,True,20,True,False,True,False,True,False,,2,STOP_BEFORE_TARGET,False,True,False,True,False,,2,STOP_BEFORE_TARGET,2024-03-01,2024-03-05,2024-03-07,2024-03-14,2024-03-28
TSLA|2024-03-01T00:00:00|Long,TSLA,2024-03-01,Long,-0.07155546804023882,-0.014261741997399935,-0.0785629600123191,True,-0.1287998725924241,-0.014261741997399935,-0.14281485653658466,True,-0.13472168937023987,-0.014261741997399935,-0.14281485653658466,True,-0.1928049357634647,-0.014261741997399935,-0.20790567020187545,True,-0.13531384845802574,-0.014261741997399935,-0.20790567020187545,True,20,True,False,True,False,True,False,,1,STOP_BEFORE_TARGET,False,True,False,True,False,,1,STOP_BEFORE_TARGET,2024-03-04,2024-03-06,2024-03-08,2024-03-15,2024-04-01
TSLA|2024-03-04T00:00:00|Long,TSLA,2024-03-04,Long,-0.03933237971984138,-0.018868943676381922,-0.05618152492675754,True,-0.05044119019852733,-0.018868943676381922,-0.07675136859918974,True,-0.05511850298091403,-0.018868943676381922,-0.07675136859918974,True,-0.07621981707458014,-0.018868943676381922,-0.1468587486576377,True,-0.11432972561187027,-0.018868943676381922,-0.1468587486576377,True,20,True,False,True,False,True,False,,1,STOP_BEFORE_TARGET,False,True,False,True,False,,1,STOP_BEFORE_TARGET,2024-03-05,2024-03-07,2024-03-11,2024-03-18,2024-04-02
TSLA|2024-03-05T00:00:00|Long,TSLA,2024-03-05,Long,-0.02323786698783792,0.004647539627979036,-0.03895102540089357,True,-0.029877221374089658,0.011010236659809491,-0.03895102540089357,True,-0.017705057595299722,0.011784826597805997,-0.04608831237072053,True,-0.05211905434683406,0.011784826597805997,-0.11192879479630902,True,-0.06838552746873205,0.019420130575179773,-0.11192879479630902,True,20,True,False,True,False,True,False,,1,STOP_BEFORE_TARGET,False,True,False,True,False,,1,STOP_BEFORE_TARGET,2024-03-06,2024-03-08,2024-03-12,2024-03-19,2024-04-03
TSLA|2024-03-06T00:00:00|Long,TSLA,2024-03-06,Long,0.011951969472048907,0.01982553604342363,-0.016086985645726193,True,0.006967322040930091,0.0358559084161465,-0.016086985645726193,True,-0.039990924589823895,0.0358559084161465,-0.041860199788672614,True,-0.004984647431118705,0.0358559084161465,-0.09080094816428219,True,-0.030757861574065015,0.0436728617145179,-0.09080094816428219,True,20,True,True,True,True,False,False,2,4,TARGET_BEFORE_STOP,False,True,False,True,False,,5,STOP_BEFORE_TARGET,2024-03-07,2024-03-11,2024-03-13,2024-03-20,2024-04-04
TSLA|2024-03-07T00:00:00|Long,TSLA,2024-03-07,Long,-0.018527834714126334,0.022837962331075046,-0.022110255153610314,True,-0.006213269791628062,0.023621614133098268,-0.034928577932057725,True,-0.09040019282531975,0.023621614133098268,-0.10153932275060329,True,-0.03263356715054644,0.023621614133098268,-0.10153932275060329,True,-0.07696613753016524,0.031346242904214394,-0.10153932275060329,True,20,True,True,True,False,True,False,13,1,STOP_BEFORE_TARGET,False,True,False,True,False,,3,STOP_BEFORE_TARGET,2024-03-08,2024-03-12,2024-03-14,2024-03-21,2024-04-05
TSLA|2024-03-08T00:00:00|Long,TSLA,2024-03-08,Long,0.013858834181150304,0.04294512910098458,-0.0030796925824739807,True,-0.03342078665873238,0.04294512910098458,-0.03530285485735807,True,-0.06712666396428113,0.04294512910098458,-0.0845785453449901,True,-0.02572142466653704,0.04294512910098458,-0.0845785453449901,True,-0.013459568037196168,0.05081558029087252,-0.0845785453449901,True,20,True,True,True,True,False,False,1,3,TARGET_BEFORE_STOP,True,True,False,True,False,12,3,STOP_BEFORE_TARGET,2024-03-11,2024-03-13,2024-03-15,2024-03-22,2024-04-08
TSLA|2024-03-11T00:00:00|Long,TSLA,2024-03-11,Long,-0.0012938683737420131,0.00933784307489871,-0.03015132182894309,True,-0.08589752998518929,0.00933784307489871,-0.0970918003645389,True,-0.022332233364963372,0.00933784307489871,-0.0970918003645389,True,-0.02891376084893693,0.00933784307489871,-0.0970918003645389,True,-0.005006465479318822,0.03645156984756226,-0.0970918003645389,True,20,True,True,True,False,True,False,11,1,STOP_BEFORE_TARGET,False,True,False,True,False,,1,STOP_BEFORE_TARGET,2024-03-12,2024-03-14,2024-03-18,2024-03-25,2024-04-09
TSLA|2024-03-12T00:00:00|Long,TSLA,2024-03-12,Long,-0.04539820808488959,-0.00839242024738418,-0.0472569545281365,True,-0.07868641709025692,-0.00839242024738418,-0.09592204248791669,True,-0.03503428070930248,-0.00839242024738418,-0.09592204248791669,True,0.0007322568870609114,0.037794339121399956,-0.09592204248791669,True,-0.032556038063950576,0.037794339121399956,-0.09592204248791669,True,20,True,True,True,False,True,False,10,1,STOP_BEFORE_TARGET,False,True,False,True,False,,1,STOP_BEFORE_TARGET,2024-03-13,2024-03-15,2024-03-19,2024-03-26,2024-04-10
TSLA|2024-03-13T00:00:00|Long,TSLA,2024-03-13,Long,-0.04118477639544138,0.009971692730764259,-0.05292660754561007,True,0.025489777160271565,0.030918135622259868,-0.05292660754561007,True,0.036464527321002915,0.03994574252494432,-0.05292660754561007,True,0.061069190255082395,0.08714895353316865,-0.05292660754561007,True,0.03021011626768999,0.08714895353316865,-0.05292660754561007,True,20,True,True,True,False,True,False,3,1,STOP_BEFORE_TARGET,True,True,False,True,False,6,1,STOP_BEFORE_TARGET,2024-03-14,2024-03-18,2024-03-20,2024-03-27,2024-04-11
TSLA|2024-03-14T00:00:00|Long,TSLA,2024-03-14,Long,0.006584660456730784,0.01649226262019221,-0.010707726111778837,True,0.054276968149038485,0.07520000751201916,-0.010707726111778837,True,0.06350773737980764,0.09649226262019228,-0.010707726111778837,True,0.0817845740685097,0.13384615384615395,-0.010707726111778837,True,0.05261540339543269,0.13384615384615395,-0.012246187650240437,True,20,True,True,False,True,False,False,2,,TARGET_BEFORE_STOP,True,False,True,False,False,2,,TARGET_BEFORE_STOP,2024-03-15,2024-03-19,2024-03-21,2024-03-28,2024-04-12
TSLA|2024-03-15T00:00:00|Long,TSLA,2024-03-15,Long,0.06254200201423088,0.068166493838834,0.014244583162775548,True,0.07391328358827143,0.07752027944003026,0.014244583162775548,True,0.044384631544618136,0.08931946382201628,0.014244583162775548,True,0.07122328895781282,0.12642900134369128,0.014244583162775548,True,-0.012777474494679142,0.12642900134369128,-0.018707664488376796,True,20,True,True,False,True,False,False,1,,TARGET_BEFORE_STOP,True,False,True,False,False,1,,TARGET_BEFORE_STOP,2024-03-18,2024-03-20,2024-03-22,2024-04-01,2024-04-15
TSLA|2024-03-18T00:00:00|Long,TSLA,2024-03-18,Long,-0.014269250195585559,-0.0056386404506979515,-0.036708888209354806,True,-0.0056386404506979515,0.02520132075440218,-0.036708888209354806,True,-0.0067318650656000845,0.02520132075440218,-0.04315304872443815,True,-0.041254304045150514,0.06012656366369673,-0.0596663417369927,True,-0.09602993180866604,0.06012656366369673,-0.11536250114901836,True,20,True,True,True,False,True,False,6,1,STOP_BEFORE_TARGET,True,True,False,True,False,6,1,STOP_BEFORE_TARGET,2024-03-19,2024-03-21,2024-03-25,2024-04-02,2024-04-16
TSLA|2024-03-19T00:00:00|Long,TSLA,2024-03-19,Long,0.025332688257929448,0.02877651450511176,-0.0029185149347662476,True,-0.0028601766998336275,0.04004193940162604,-0.029301914883535507,True,0.03706508623192728,0.07547275346137217,-0.029301914883535507,True,-0.01716088206698685,0.07547275346137217,-0.04692977002800591,True,-0.0926337245943667,0.07547275346137217,-0.10255665755937049,True,20,True,True,True,True,False,False,2,3,TARGET_BEFORE_STOP,True,True,True,False,False,5,9,TARGET_BEFORE_STOP,2024-03-20,2024-03-22,2024-03-26,2024-04-03,2024-04-17
TSLA|2024-03-20T00:00:00|Long,TSLA,2024-03-20,Long,-0.016167575308454918,0.01434583263768574,-0.021974271489692443,True,-0.017249224161040244,0.01434583263768574,-0.0532847570033983,True,0.023739030411080497,0.048901264709147574,-0.0532847570033983,True,-0.02590232811625104,0.048901264709147574,-0.0704770842805289,True,-0.14647620659180371,0.048901264709147574,-0.15347834539344585,True,20,True,True,True,False,True,False,4,1,STOP_BEFORE_TARGET,False,True,False,True,False,,2,STOP_BEFORE_TARGET,2024-03-21,2024-03-25,2024-03-27,2024-04-04,2024-04-18
TSLA|2024-03-21T00:00:00|Long,TSLA,2024-03-21,Long,-0.01151490226146512,-0.009373974698064558,-0.037727138040383745,True,0.028063827330059965,0.06613813326797291,-0.037727138040383745,True,0.017185428978383488,0.06613813326797291,-0.037727138040383745,True,-0.045828104918871126,0.06613813326797291,-0.07123025283923656,True,-0.14911470420270934,0.06613813326797291,-0.15391739946875893,True,20,True,True,True,False,True,False,3,1,STOP_BEFORE_TARGET,True,True,False,True,False,3,1,STOP_BEFORE_TARGET,2024-03-22,2024-03-26,2024-03-28,2024-04-05,2024-04-19
TSLA|2024-03-22T00:00:00|Long,TSLA,2024-03-22,Long,0.010536808713131895,0.025815159016802758,-0.012292958385567765,True,0.05268395424417727,0.07855761883218415,-0.012292958385567765,True,0.02569805855291163,0.07855761883218415,-0.012292958385567765,True,0.012585575563071494,0.07855761883218415,-0.06041097707430165,True,-0.16847157098177257,0.07855761883218415,-0.18749633223661444,True,20,True,True,True,True,False,False,2,6,TARGET_BEFORE_STOP,True,True,True,False,False,2,6,TARGET_BEFORE_STOP,2024-03-25,2024-03-27,2024-04-01,2024-04-08,2024-04-22
TSLA|2024-03-25T00:00:00|Long,TSLA,2024-03-25,Long,0.029195349264770964,0.06731156107581393,0.02751549479028559,True,0.018304977778720533,0.06731156107581393,0.015466593833197262,True,-0.03475641447193967,0.06731156107581393,-0.053293239569080386,True,0.024619126917623912,0.06731156107581393,-0.07020801733860849,True,-0.1619070347938919,0.06731156107581393,-0.19596826087110242,True,20,True,True,True,True,False,False,1,5,TARGET_BEFORE_STOP,True,True,True,False,False,1,5,TARGET_BEFORE_STOP,2024-03-26,2024-03-28,2024-04-02,2024-04-09,2024-04-23
TSLA|2024-03-26T00:00:00|Long,TSLA,2024-03-26,Long,0.012157391142962881,0.02386449899736176,-0.009399438206541322,True,-0.013789592916596427,0.02386449899736176,-0.04198790753622039,True,-0.05228791231988994,0.02386449899736176,-0.08099284931587081,True,-0.03326393720390308,0.02386449899736176,-0.09658357538672357,True,-0.08746548908812357,0.02386449899736176,-0.21877635795451666,True,20,True,False,True,False,True,False,,3,STOP_BEFORE_TARGET,False,True,False,True,False,,3,STOP_BEFORE_TARGET,2024-03-27,2024-04-01,2024-04-03,2024-04-10,2024-04-24
TSLA|2024-03-27T00:00:00|Long,TSLA,2024-03-27,Long,-0.022465709302040393,-0.001445779370453426,-0.02519045060986369,True,-0.07340264034831756,-0.001445779370453426,-0.09119729182164382,True,-0.04849024707732208,-0.001445779370453426,-0.09203137898706182,True,-0.029082998800458726,-0.001445779370453426,-0.10743483916754537,True,-0.05366184205647373,-0.001445779370453426,-0.22815991971041305,True,20,True,False,True,False,True,False,,1,STOP_BEFORE_TARGET,False,True,False,True,False,,2,STOP_BEFORE_TARGET,2024-03-28,2024-04-02,2024-04-04,2024-04-11,2024-04-25
TSLA|2024-03-28T00:00:00|Long,TSLA,2024-03-28,Long,-0.003242460249155976,0.005461099894944477,-0.03174234476010873,True,-0.04215250404645676,0.005461099894944477,-0.07116442906095033,True,-0.06194891521454704,0.007964100396742335,-0.08692189181909615,True,-0.02696393660280616,0.019511963510842723,-0.08692189181909615,True,-0.042664544549997685,0.019511963510842723,-0.210421478167796,True,20,True,False,True,False,True,False,,1,STOP_BEFORE_TARGET,False,True,False,True,False,,1,STOP_BEFORE_TARGET,2024-04-01,2024-04-03,2024-04-05,2024-04-12,2024-04-26
TSLA|2024-04-01T00:00:00|Long,TSLA,2024-04-01,Long,-0.049024062767074494,-0.04297453901859216,-0.06728688769994617,True,-0.023456229778098803,0.011243015677312673,-0.06814291951959806,True,-0.012783960036289455,0.011243015677312673,-0.08395164143012879,True,-0.0784157367734376,0.022828444082486188,-0.08395164143012879,True,0.10746491096833655,0.13497314080425893,-0.20785297292100524,True,20,True,True,True,False,True,False,20,1,STOP_BEFORE_TARGET,True,True,False,True,False,20,1,STOP_BEFORE_TARGET,2024-04-02,2024-04-04,2024-04-08,2024-04-15,2024-04-29
TSLA|2024-04-02T00:00:00|Long,TSLA,2024-04-02,Long,0.01050231020055925,0.01314290570264598,-0.02010445901307878,True,-0.010382349730739149,0.06337392575857148,-0.03672814137094127,True,0.06151353117470415,0.07555659826538985,-0.03672814137094127,True,-0.05713259313144814,0.07555659826538985,-0.07729703237943697,True,0.09992194327902704,0.19348250188823268,-0.16701674977821046,True,20,True,True,True,False,True,False,2,1,STOP_BEFORE_TARGET,True,True,True,False,False,2,3,TARGET_BEFORE_STOP,2024-04-03,2024-04-05,2024-04-09,2024-04-16,2024-04-30
TSLA|2024-04-03T00:00:00|Long,TSLA,2024-04-03,Long,0.016213301154368365,0.052322112502165785,-0.002197472177495663,True,0.027319103880107498,0.052322112502165785,-0.046739578024444506,True,0.02007358074597887,0.06437816856838152,-0.046739578024444506,True,-0.07679063760313598,0.06437816856838152,-0.08688683013754839,True,0.06895118347592266,0.18107844963892905,-0.17567407633490384,True,20,True,True,True,True,False,False,1,2,TARGET_BEFORE_STOP,True,True,True,False,False,1,2,TARGET_BEFORE_STOP,2024-04-04,2024-04-08,2024-04-10,2024-04-17,2024-05-01
TSLA|2024-04-04T00:00:00|Long,TSLA,2024-04-04,Long,-0.036292482565110196,-0.0014610484431549775,-0.06194848965989874,True,0.033721023037106335,0.047396415062959996,-0.06194848965989874,True,0.020396268369558657,0.047396415062959996,-0.06194848965989874,True,-0.12378007047525541,0.047396415062959996,-0.13096840384648822,True,0.05201328890618884,0.16223478702481264,-0.18882588652529708,True,20,True,True,True,False,True,False,3,1,STOP_BEFORE_TARGET,True,True,False,True,False,17,1,STOP_BEFORE_TARGET,2024-04-05,2024-04-09,2024-04-11,2024-04-18,2024-05-02
TSLA|2024-04-05T00:00:00|Long,TSLA,2024-04-05,Long,0.04899940648952894,0.05821714044175175,0.017525770143221653,True,0.04160097552615993,0.08684055703002702,0.017525770143221653,True,0.03729538740392013,0.08684055703002702,0.017525770143221653,True,-0.10824737116686522,0.08684055703002702,-0.11328073600480282,True,0.09878719919873302,0.2060036535964198,-0.1582776944255727,True,20,True,True,True,True,False,False,1,6,TARGET_BEFORE_STOP,True,True,True,False,False,1,7,TARGET_BEFORE_STOP,2024-04-08,2024-04-10,2024-04-12,2024-04-19,2024-05-03
TSLA|2024-04-08T00:00:00|Long,TSLA,2024-04-08,Long,0.02254601255405486,0.03607356715971188,-0.0061278620925817595,True,0.009365304751933534,0.03607356715971188,-0.02584114539893867,True,-0.06648167582402797,0.03607356715971188,-0.06705972442615682,True,-0.17880676054876954,0.03607356715971188,-0.19759506023816875,True,0.0681003530480575,0.14967048230494706,-0.19759506023816875,True,20,True,True,True,True,False,False,1,3,TARGET_BEFORE_STOP,True,True,False,True,False,15,5,STOP_BEFORE_TARGET,2024-04-09,2024-04-11,2024-04-15,2024-04-22,2024-05-06
TSLA|2024-04-09T00:00:00|Long,TSLA,2024-04-09,Long,-0.028946236061948905,-0.011024492046589285,-0.03883994904075294,True,-0.03296020844706116,-0.005653550273602259,-0.047320274451156386,True,-0.11177071306369013,-0.005653550273602259,-0.13076664543364702,True,-0.18204438782305876,-0.005653550273602259,-0.21528720477073515,True,0.005257760346611295,0.12432151530606261,-0.21528720477073515,True,20,True,True,True,False,True,False,14,1,STOP_BEFORE_TARGET,True,True,False,True,False,14,1,STOP_BEFORE_TARGET,2024-04-10,2024-04-12,2024-04-16,2024-04-23,2024-05-07
TSLA|2024-04-10T00:00:00|Long,TSLA,2024-04-10,Long,0.01653476762638495,0.023987019723691105,-0.018921751886005422,True,-0.0598509496277827,0.023987019723691105,-0.060433104075409805,True,-0.09495806986617372,0.023987019723691105,-0.10485558385435989,True,-0.05606654594787008,0.023987019723691105,-0.19189562476241429,True,0.017233388498678393,0.15783652467031617,-0.19189562476241429,True,20,True,True,True,False,True,False,13,3,STOP_BEFORE_TARGET,True,True,False,True,False,13,3,STOP_BEFORE_TARGET,2024-04-11,2024-04-15,2024-04-17,2024-04-24,2024-05-08
TSLA|2024-04-11T00:00:00|Long,TSLA,2024-04-11,Long,-0.020332204625772565,-0.004524676502322134,-0.024284108504843194,True,-0.1001718492655419,-0.004524676502322134,-0.11941583834283609,True,-0.14129445913712158,-0.004524676502322134,-0.14833910796038585,True,-0.025315081748129353,-0.004524676502322134,-0.20504010194898248,True,-0.015063028584622384,0.1390033686441159,-0.20504010194898248,True,20,True,True,True,False,True,False,12,1,STOP_BEFORE_TARGET,True,True,False,True,False,12,2,STOP_BEFORE_TARGET,2024-04-12,2024-04-16,2024-04-18,2024-04-25,2024-05-09
TSLA|2024-04-12T00:00:00|Long,TSLA,2024-04-12,Long,-0.05594859487563397,-0.002104651294525972,-0.0565331657200806,True,-0.09120143715399542,-0.002104651294525972,-0.10114003357557977,True,-0.14030984841747052,-0.002104651294525972,-0.1451622413800332,True,-0.0161356896602326,0.006255434354514033,-0.1885413588109759,True,-0.015083319409670004,0.16264245290315293,-0.1885413588109759,True,20,True,True,True,False,True,False,11,1,STOP_BEFORE_TARGET,True,True,False,True,False,11,1,STOP_BEFORE_TARGET,2024-04-15,2024-04-17,2024-04-19,2024-04-26,2024-05-10
TSLA|2024-04-15T00:00:00|Long,TSLA,2024-04-15,Long,-0.027062145360474688,-0.020373999090784745,-0.04786968003505321,True,-0.07152590634969935,-0.019507022416567765,-0.07914292245127519,True,-0.12032445621663856,-0.019507022416567765,-0.1404507881833772,True,0.20169685525118086,0.2315457046006837,-0.1404507881833772,True,0.06446621214725501,0.2315457046006837,-0.1404507881833772,True,20,True,True,True,False,True,False,7,1,STOP_BEFORE_TARGET,True,True,False,True,False,8,1,STOP_BEFORE_TARGET,2024-04-16,2024-04-18,2024-04-22,2024-04-29,2024-05-13
TSLA|2024-04-16T00:00:00|Long,TSLA,2024-04-16,Long,-0.010565868854054306,0.007765267748479188,-0.021195352416256585,True,-0.0640315544491884,0.007765267748479188,-0.06931448887621561,True,-0.07911659274572835,0.007765267748479188,-0.11654253381364543,True,0.16657117985665026,0.2658009951282787,-0.11654253381364543,True,0.13009994501941025,0.2658009951282787,-0.11654253381364543,True,20,True,True,True,False,True,False,6,1,STOP_BEFORE_TARGET,True,True,False,True,False,6,2,STOP_BEFORE_TARGET,2024-04-17,2024-04-19,2024-04-23,2024-04-30,2024-05-14
TSLA|2024-04-17T00:00:00|Long,TSLA,2024-04-17,Long,-0.03550983840996058,-0.02090704447605818,-0.04342232314258232,True,-0.08620131334544812,-0.02090704447605818,-0.10710835782150618,True,0.042972068611840886,0.08054039574300886,-0.10710835782150618,True,0.15786432310508558,0.2793181024210776,-0.10710835782150618,True,0.11926670253390137,0.2793181024210776,-0.10710835782150618,True,20,True,True,True,False,True,False,5,1,STOP_BEFORE_TARGET,True,True,False,True,False,5,1,STOP_BEFORE_TARGET,2024-04-18,2024-04-22,2024-04-24,2024-05-01,2024-05-15
TSLA|2024-04-18T00:00:00|Long,TSLA,2024-04-18,Long,-0.0192088959161848,0.006736542486259767,-0.0247448251605058,True,-0.03501634266969489,0.006736542486259767,-0.07423457725427685,True,0.13506303601168024,0.13973196311918046,-0.07423457725427685,True,0.2006269812611925,0.32641902776075904,-0.07423457725427685,True,0.1661442331687193,0.32641902776075904,-0.07423457725427685,True,20,True,True,True,False,True,False,4,1,STOP_BEFORE_TARGET,True,True,False,True,False,4,2,STOP_BEFORE_TARGET,2024-04-19,2024-04-23,2024-04-25,2024-05-02,2024-05-16
TSLA|2024-04-19T00:00:00|Long,TSLA,2024-04-19,Long,-0.03400203941675628,-0.017749068726186312,-0.0561033650376479,True,0.1025501633328556,0.14226452046778948,-0.0561033650376479,True,0.1444405970321474,0.1704861716773014,-0.0561033650376479,True,0.2321659209869722,0.35239708255694757,-0.0561033650376479,True,0.20680042863654924,0.35239708255694757,-0.0561033650376479,True,20,True,True,True,False,True,False,3,1,STOP_BEFORE_TARGET,True,True,False,True,False,3,1,STOP_BEFORE_TARGET,2024-04-22,2024-04-24,2024-04-26,2024-05-03,2024-05-17
TSLA|2024-04-22T00:00:00|Long,TSLA,2024-04-22,Long,0.018514534090260826,0.0366771653864717,-0.006617405288359968,True,0.19802878577745542,0.20295671391538161,-0.006617405288359968,True,0.36606827795035746,0.39999993554893876,-0.006617405288359968,True,0.3006687119852871,0.39999993554893876,-0.006617405288359968,True,0.23160854058198654,0.39999993554893876,-0.006617405288359968,True,20,True,True,False,True,False,False,1,,TARGET_BEFORE_STOP,True,False,True,False,False,2,,TARGET_BEFORE_STOP,2024-04-23,2024-04-25,2024-04-29,2024-05-06,2024-05-20
TSLA|2024-04-23T00:00:00|Long,TSLA,2024-04-23,Long,0.12061109407252757,0.16097601412735285,0.08867847995960232,True,0.16318773711345202,0.1896599656519029,0.08867847995960232,True,0.2667957427259193,0.374550768486992,0.08867847995960232,True,0.22898815703602327,0.374550768486992,0.08867847995960232,True,0.2897429883181877,0.374550768486992,0.08867847995960232,True,20,True,True,False,True,False,False,1,,TARGET_BEFORE_STOP,True,False,True,False,False,1,,TARGET_BEFORE_STOP,2024-04-24,2024-04-26,2024-04-30,2024-05-07,2024-05-21
TSLA|2024-04-24T00:00:00|Long,TSLA,2024-04-24,Long,0.04965143743002587,0.05396903556700994,-0.023252970819225616,True,0.19687903045470878,0.22660821025035216,-0.023252970819225616,True,0.11015851521907227,0.22660821025035216,-0.023252970819225616,True,0.07765370973121644,0.22660821025035216,-0.023252970819225616,True,0.11089863187591331,0.22660821025035216,-0.023252970819225616,True,20,True,True,True,,,False,1,1,AMBIGUOUS,True,False,True,False,False,1,,TARGET_BEFORE_STOP,2024-04-25,2024-04-29,2024-05-01,2024-05-08,2024-05-22
TSLA|2024-04-25T00:00:00|Long,TSLA,2024-04-25,Long,-0.011105884774887609,0.011399709277824632,-0.022388046319007482,True,0.07697735731175603,0.1685862244456966,-0.022388046319007482,True,0.05776238250158072,0.1685862244456966,-0.022388046319007482,True,0.010518325431662978,0.1685862244456966,-0.022388046319007482,True,0.020919103129620975,0.1685862244456966,-0.022388046319007482,True,20,True,True,True,False,True,False,2,1,STOP_BEFORE_TARGET,True,False,True,False,False,2,,TARGET_BEFORE_STOP,2024-04-26,2024-04-30,2024-05-02,2024-05-09,2024-05-23
TSLA|2024-04-26T00:00:00|Long,TSLA,2024-04-26,Long,0.1530691710339953,0.18171016133479467,0.0965595142212119,True,0.06952292277496541,0.18171016133479467,0.06369957601980869,True,0.07665345338353169,0.18171016133479467,0.045932683431660015,True,0.0010696294595737843,0.18171016133479467,-0.003208707039489278,True,0.06506632981090932,0.18171016133479467,-0.003208707039489278,True,20,True,True,False,True,False,False,1,,TARGET_BEFORE_STOP,True,False,True,False,False,1,,TARGET_BEFORE_STOP,2024-04-29,2024-05-01,2024-05-03,2024-05-10,2024-05-24
TSLA|2024-04-29T00:00:00|Long,TSLA,2024-04-29,Long,-0.05550118063944742,-0.015975295309265114,-0.05776865002613374,True,-0.07235252936933512,-0.015975295309265114,-0.09291418961991893,True,-0.04787430249328062,-0.015975295309265114,-0.09291418961991893,True,-0.11419738888743414,-0.015975295309265114,-0.13553209295617974,True,-0.08915229466470809,-0.015975295309265114,-0.13553209295617974,True,20,True,False,True,False,True,False,,1,STOP_BEFORE_TARGET,False,True,False,True,False,,1,STOP_BEFORE_TARGET,2024-04-30,2024-05-02,2024-05-06,2024-05-13,2024-05-28
TSLA|2024-04-30T00:00:00|Long,TSLA,2024-04-30,Long,-0.017950640048260635,0.014076832432553088,-0.023297710066022104,True,-0.011403297423672298,0.014076832432553088,-0.039611493644641005,True,-0.02984505269061044,0.023352241421884745,-0.039611493644641005,True,-0.03126361722884474,0.023352241421884745,-0.08473373462860978,True,-0.03868396107110572,0.023352241421884745,-0.08473373462860978,True,20,True,False,True,False,True,False,,1,STOP_BEFORE_TARGET,False,True,False,True,False,,2,STOP_BEFORE_TARGET,2024-05-01,2024-05-03,2024-05-07,2024-05-14,2024-05-29
TSLA|2024-05-01T00:00:00|Long,TSLA,2024-05-01,Long,0.0001110562423569661,0.025612536639022743,-0.02205678704117775,True,0.026501410456665875,0.04205784673814672,-0.02205678704117775,True,-0.029279427254982116,0.04205784673814672,-0.05466976663353351,True,-0.03333518427070592,0.04205784673814672,-0.06800380643151283,True,-0.006667104674747182,0.04205784673814672,-0.06800380643151283,True,20,True,True,True,False,True,False,3,1,STOP_BEFORE_TARGET,False,True,False,True,False,,5,STOP_BEFORE_TARGET,2024-05-02,2024-05-06,2024-05-08,2024-05-15,2024-05-30
TSLA|2024-05-02T00:00:00|Long,TSLA,2024-05-02,Long,0.006555235656792835,0.026498552402765663,-0.008832822545474017,True,-0.012221526667279825,0.041942132560151224,-0.014499198322304507,True,-0.04466414938881347,0.041942132560151224,-0.05477473979911229,True,-0.028720617336327803,0.041942132560151224,-0.06810729893317313,True,-0.010721586215636236,0.041942132560151224,-0.06810729893317313,True,20,True,True,True,True,False,False,2,4,TARGET_BEFORE_STOP,False,True,False,True,False,,4,STOP_BEFORE_TARGET,2024-05-03,2024-05-07,2024-05-09,2024-05-16,2024-05-31
TSLA|2024-05-03T00:00:00|Long,TSLA,2024-05-03,Long,0.019703030064167848,0.03515643816632452,0.005574228672812875,True,-0.035708378682733355,0.03515643816632452,-0.060930561268092154,True,-0.07020255560080668,0.03515643816632452,-0.0741762915189127,True,-0.02058610120470239,0.03515643816632452,-0.0741762915189127,True,-0.027043485232348896,0.03515643816632452,-0.0741762915189127,True,20,True,True,True,True,False,False,1,2,TARGET_BEFORE_STOP,False,True,False,True,False,,3,STOP_BEFORE_TARGET,2024-05-06,2024-05-08,2024-05-10,2024-05-17,2024-06-03
TSLA|2024-05-06T00:00:00|Long,TSLA,2024-05-06,Long,-0.03761635178001177,-0.008118640639732777,-0.03983546670910543,True,-0.06922490618313804,-0.008118640639732777,-0.07907556313448039,True,-0.0696579102610404,-0.008118640639732777,-0.09206535512321956,True,-0.05309589656991898,-0.008118640639732777,-0.09206535512321956,True,-0.05407009380488681,0.011474401596705652,-0.09206535512321956,True,20,True,False,True,False,True,False,,1,STOP_BEFORE_TARGET,False,True,False,True,False,,1,STOP_BEFORE_TARGET,2024-05-07,2024-05-09,2024-05-13,2024-05-20,2024-06-04
TSLA|2024-05-07T00:00:00|Long,TSLA,2024-05-07,Long,-0.017378079862311324,-0.009841966278770764,-0.04307971299299507,True,-0.05252795942934996,-0.009841966278770764,-0.05657723242068369,True,-0.0014622040965399652,0.009448332251490443,-0.05657723242068369,True,0.04943483867955911,0.0510095464189515,-0.05657723242068369,True,-0.015803372122918824,0.0510095464189515,-0.05657723242068369,True,20,True,True,True,False,True,False,10,1,STOP_BEFORE_TARGET,True,True,False,True,False,10,1,STOP_BEFORE_TARGET,2024-05-08,2024-05-10,2024-05-14,2024-05-21,2024-06-05
TSLA|2024-05-08T00:00:00|Long,TSLA,2024-05-08,Long,-0.01573946875450305,0.005151063931985167,-0.019173569597701445,True,-0.016197354689116983,0.005151063931985167,-0.03989240597531096,True,-0.004178089070735247,0.030219773022021057,-0.03989240597531096,True,0.03084935526551358,0.06959709007069592,-0.03989240597531096,True,0.018429494037352168,0.06959709007069592,-0.03989240597531096,True,20,True,True,True,False,True,False,5,2,STOP_BEFORE_TARGET,True,True,False,True,False,9,2,STOP_BEFORE_TARGET,2024-05-09,2024-05-13,2024-05-15,2024-05-22,2024-06-06
TSLA|2024-05-09T00:00:00|Long,TSLA,2024-05-09,Long,-0.02035238689978358,0.006338293482313517,-0.024539170731802562,True,0.03244753033346437,0.04372858184032857,-0.024539170731802562,True,0.016688928864425634,0.046694183417439916,-0.024539170731802562,True,0.010292517647827015,0.08670118948812555,-0.024539170731802562,True,0.03204044000537354,0.08670118948812555,-0.024539170731802562,True,20,True,True,True,False,True,False,3,1,STOP_BEFORE_TARGET,True,False,True,False,False,8,,TARGET_BEFORE_STOP,2024-05-10,2024-05-14,2024-05-16,2024-05-23,2024-06-07
TSLA|2024-05-10T00:00:00|Long,TSLA,2024-05-10,Long,0.020300339194899042,0.041134876390857666,0.0031459534365561037,True,0.03276550265604561,0.06843947703301834,0.0031459534365561037,True,0.053362648709112115,0.06843947703301834,0.0031459534365561037,True,0.06392832073617516,0.10927763713844496,0.0031459534365561037,True,0.031578275223375085,0.10927763713844496,0.0031459534365561037,True,20,True,True,False,True,False,False,1,,TARGET_BEFORE_STOP,True,False,True,False,False,2,,TARGET_BEFORE_STOP,2024-05-13,2024-05-15,2024-05-17,2024-05-24,2024-06-10
TSLA|2024-05-13T00:00:00|Long,TSLA,2024-05-13,Long,0.03292805679333921,0.04421435877888147,0.012682575730473822,True,0.0171621208838042,0.04718134061986601,-0.0026761691517865893,True,0.017802068587231767,0.04718134061986601,-0.0026761691517865893,True,0.02827389974756289,0.08720696693461494,-0.0026761691517865893,True,-0.007155714305116967,0.08720696693461494,-0.026063155177420194,True,20,True,True,True,True,False,False,1,20,TARGET_BEFORE_STOP,True,False,True,False,False,6,,TARGET_BEFORE_STOP,2024-05-14,2024-05-16,2024-05-20,2024-05-28,2024-06-11
TSLA|2024-05-14T00:00:00|Long,TSLA,2024-05-14,Long,-0.02005067585133169,0.013798912453569345,-0.025007053591049155,True,-0.000506878830435098,0.013798912453569345,-0.034469221463164446,True,0.05097157361985305,0.05254858727507261,-0.034469221463164446,True,-0.007659817442836725,0.05254858727507261,-0.034469221463164446,True,-0.001464431208988537,0.05254858727507261,-0.05711066863058578,True,20,True,True,True,False,True,False,5,1,STOP_BEFORE_TARGET,True,True,False,True,False,5,2,STOP_BEFORE_TARGET,2024-05-15,2024-05-17,2024-05-21,2024-05-29,2024-06-12
TSLA|2024-05-15T00:00:00|Long,TSLA,2024-05-15,Long,0.004885285464054867,0.010345351664693636,-0.014713562483814058,True,0.0055175091946062516,0.03241565154080095,-0.014713562483814058,True,0.035174406138104075,0.07408471166554942,-0.014713562483814058,True,0.02758772137148613,0.07408471166554942,-0.014713562483814058,True,0.048738407148749996,0.09822401171521356,-0.037818274747472236,True,20,True,True,True,True,False,False,2,18,TARGET_BEFORE_STOP,True,True,True,False,False,4,18,TARGET_BEFORE_STOP,2024-05-16,2024-05-20,2024-05-22,2024-05-30,2024-06-13
TSLA|2024-05-16T00:00:00|Long,TSLA,2024-05-16,Long,0.014985188920464187,0.027396526225411444,-0.011953765623808232,True,0.06726155348858476,0.06886301073613454,-0.011953765623808232,True,-0.006291414251695326,0.06886301073613454,-0.011953765623808232,True,0.018531260358199297,0.06886301073613454,-0.011953765623808232,True,0.018130852409874665,0.09288495672225427,-0.042495955338630154,True,20,True,True,True,True,False,False,3,17,TARGET_BEFORE_STOP,True,True,True,False,False,3,17,TARGET_BEFORE_STOP,2024-05-17,2024-05-21,2024-05-23,2024-05-31,2024-06-14
TSLA|2024-05-17T00:00:00|Long,TSLA,2024-05-17,Long,-0.014144086952910362,0.0016341331858529262,-0.022202199325727645,True,0.01493290767624722,0.05308237243636493,-0.022202199325727645,True,0.01003042213430616,0.05308237243636493,-0.023667373200336184,True,-0.0065931104669734175,0.05308237243636493,-0.02423082885763128,True,0.056237999267241046,0.07674965965231872,-0.056632495613291756,True,20,True,True,True,False,True,False,2,1,STOP_BEFORE_TARGET,True,True,True,False,False,2,12,TARGET_BEFORE_STOP,2024-05-20,2024-05-22,2024-05-24,2024-06-03,2024-06-17
TSLA|2024-05-20T00:00:00|Long,TSLA,2024-05-20,Long,0.06659050790792542,0.06819095823190979,-0.001371764724557245,True,-0.006916213067646337,0.06819095823190979,-0.00965991695276347,True,0.01028867152418611,0.06819095823190979,-0.01023145651532864,True,-0.0010288235434179338,0.06819095823190979,-0.01023145651532864,True,0.05664477756487862,0.09219780030967617,-0.043097990383866525,True,20,True,True,True,True,False,False,1,15,TARGET_BEFORE_STOP,True,True,True,False,False,1,15,TARGET_BEFORE_STOP,2024-05-21,2024-05-23,2024-05-28,2024-06-04,2024-06-18
TSLA|2024-05-21T00:00:00|Long,TSLA,2024-05-21,Long,-0.03478030697150003,-0.015005374920537329,-0.04544485910479479,True,-0.03944266007295105,-0.015005374920537329,-0.07148987760096515,True,-0.055787799151166495,-0.015005374920537329,-0.07202573420040759,True,-0.0621650896253485,-0.015005374920537329,-0.0775455559882241,True,-0.02695604831066567,0.024008550809230922,-0.10284030982700332,True,20,True,False,True,False,True,False,,1,STOP_BEFORE_TARGET,False,True,False,True,False,,1,STOP_BEFORE_TARGET,2024-05-22,2024-05-24,2024-05-29,2024-06-05,2024-06-20
TSLA|2024-05-22T00:00:00|Long,TSLA,2024-05-22,Long,-0.03536724832380789,0.009938333685342027,-0.03803234734496985,True,-0.01865526955174779,0.009938333685342027,-0.038587512768254006,True,-0.007328895229279597,0.014213522569088255,-0.038587512768254006,True,-0.012048182563942467,0.014213522569088255,-0.04430623341567197,True,0.016101237502953447,0.060907229934641594,-0.07051244742215756,True,20,True,True,True,False,True,False,15,1,STOP_BEFORE_TARGET,True,True,False,True,False,15,1,STOP_BEFORE_TARGET,2024-05-23,2024-05-28,2024-05-30,2024-06-06,2024-06-21
TSLA|2024-05-23T00:00:00|Long,TSLA,2024-05-23,Long,0.03165649721483632,0.036491286620455865,-5.7613475932583036e-05,True,0.014101513012433786,0.036491286620455865,-0.0033383320635240743,True,0.024979833087788172,0.05139859786715961,-0.0033383320635240743,True,0.021526361897819424,0.05139859786715961,-0.009266723606814353,True,0.050880603536290536,0.09980428105012851,-0.036433760969943996,True,20,True,True,True,True,False,False,1,12,TARGET_BEFORE_STOP,True,True,True,False,False,4,12,TARGET_BEFORE_STOP,2024-05-24,2024-05-29,2024-05-31,2024-06-07,2024-06-24
TSLA|2024-05-24T00:00:00|Long,TSLA,2024-05-24,Long,-0.01389201861667555,-0.005523351165048984,-0.03392100895291794,True,-0.0025106683398780083,0.0191363120434187,-0.03392100895291794,True,-0.016458447425922174,0.0191363120434187,-0.03392100895291794,True,-0.03040622651196645,0.0191363120434187,-0.03966748712592916,True,0.04524659876034676,0.06605666132018828,-0.06600090085081967,True,20,True,True,True,False,True,False,13,1,STOP_BEFORE_TARGET,True,True,False,True,False,13,1,STOP_BEFORE_TARGET,2024-05-28,2024-05-30,2024-06-03,2024-06-10,2024-06-25
TSLA|2024-05-28T00:00:00|Long,TSLA,2024-05-28,Long,-0.0031683030189180172,0.007920757547294821,-0.01595477976927162,True,0.007524762834821397,0.033493624718219595,-0.016577044841760924,True,-0.01120223891111205,0.033493624718219595,-0.016577044841760924,True,-0.034455424825406644,0.033493624718219595,-0.052842977866425,True,0.11100421565594054,0.11886842719567725,-0.052842977866425,True,20,True,True,True,True,False,False,2,6,TARGET_BEFORE_STOP,True,True,False,True,False,12,10,STOP_BEFORE_TARGET,2024-05-29,2024-05-31,2024-06-04,2024-06-11,2024-06-26
TSLA|2024-05-29T00:00:00|Long,TSLA,2024-05-29,Long,0.014756744473008343,0.03677845302087479,-0.004597295802088008,True,0.0005675171311709803,0.03677845302087479,-0.013451359806727181,True,-0.006754086071381948,0.03677845302087479,-0.023043291346476646,True,0.006243208067906014,0.03677845302087479,-0.04983255949619925,True,0.12049489433771532,0.12787330987630496,-0.04983255949619925,True,20,True,True,True,True,False,False,1,5,TARGET_BEFORE_STOP,True,True,False,True,False,11,9,STOP_BEFORE_TARGET,2024-05-30,2024-06-03,2024-06-05,2024-06-12,2024-06-27
TSLA|2024-05-30T00:00:00|Long,TSLA,2024-05-30,Long,-0.003971091681523098,0.00855760442720821,-0.02779789780494135,True,-0.02248441839380988,0.02153367776771553,-0.02779789780494135,True,-0.004754129854271261,0.02153367776771553,-0.03725034204046174,True,0.020582851796861368,0.06873991278277591,-0.06365003664277269,True,0.10677337834074585,0.13652891424993774,-0.06365003664277269,True,20,True,True,True,False,True,False,10,1,STOP_BEFORE_TARGET,True,True,False,True,False,10,4,STOP_BEFORE_TARGET,2024-05-31,2024-06-04,2024-06-06,2024-06-13,2024-06-28
TSLA|2024-05-31T00:00:00|Long,TSLA,2024-05-31,Long,-0.0100517100545634,0.025606455029800745,-0.02015945811420461,True,-0.01729560758864268,0.025606455029800745,-0.03341193220498151,True,-0.003369306476562417,0.025606455029800745,-0.03341193220498151,True,-0.00039312288577564303,0.07300089772198648,-0.05991688038653542,True,0.17845911080710075,0.19738316225890062,-0.05991688038653542,True,20,True,True,True,False,True,False,9,1,STOP_BEFORE_TARGET,True,True,False,True,False,9,3,STOP_BEFORE_TARGET,2024-06-03,2024-06-05,2024-06-07,2024-06-14,2024-07-01
TSLA|2024-06-03T00:00:00|Long,TSLA,2024-06-03,Long,-0.008622094682395387,0.008338540340841583,-0.012989922135943188,True,0.009359630257602447,0.019513316537614456,-0.023597416539510085,True,-0.014181179279656009,0.019513316537614456,-0.023597416539510085,True,0.06324811152029519,0.08389590508927247,-0.0503714899439045,True,0.3118157769254799,0.31204272426478186,-0.0503714899439045,True,20,True,True,True,False,True,False,8,2,STOP_BEFORE_TARGET,True,True,False,True,False,8,6,STOP_BEFORE_TARGET,2024-06-04,2024-06-06,2024-06-10,2024-06-17,2024-07-02
TSLA|2024-06-04T00:00:00|Long,TSLA,2024-06-04,Long,0.0013159908560766986,0.007896032444286494,-0.01510556345545866,True,0.015506044451731649,0.0283801071913099,-0.01510556345545866,True,-0.023516624763275762,0.0283801071913099,-0.04211249316488863,True,0.05773299817605215,0.09332263637853422,-0.04211249316488863,True,0.40979569357642287,0.4210104710894542,-0.04211249316488863,True,20,True,True,True,False,True,False,6,5,STOP_BEFORE_TARGET,True,True,False,True,False,7,5,STOP_BEFORE_TARGET,2024-06-05,2024-06-07,2024-06-11,2024-06-18,2024-07-03
TSLA|2024-06-05T00:00:00|Long,TSLA,2024-06-05,Long,0.01680001395089281,0.027028547014508852,-0.012971452985491072,True,-0.006914324079241085,0.027028547014508852,-0.012971452985491072,True,0.013085675920758932,0.03171430315290169,-0.04337140764508929,True,0.037542898995535756,0.09188572474888401,-0.04337140764508929,True,0.43725716727120534,0.4421142578124999,-0.04337140764508929,True,20,True,True,True,False,True,False,5,4,STOP_BEFORE_TARGET,True,True,False,True,False,6,4,STOP_BEFORE_TARGET,2024-06-06,2024-06-10,2024-06-12,2024-06-20,2024-07-05
TSLA|2024-06-06T00:00:00|Long,TSLA,2024-06-06,Long,-0.0025851787543875737,0.007924039804223737,-0.013262900854060011,True,-0.04091265976965519,0.007924039804223737,-0.0591772430865527,True,0.025458012347665093,0.0738451118880663,-0.0591772430865527,True,0.02849270538309212,0.0738451118880663,-0.0591772430865527,True,0.4214903842360951,0.4580195508698899,-0.0591772430865527,True,20,True,True,True,False,True,False,5,2,STOP_BEFORE_TARGET,True,True,False,True,False,5,3,STOP_BEFORE_TARGET,2024-06-07,2024-06-11,2024-06-13,2024-06-21,2024-07-08
TSLA|2024-06-07T00:00:00|Long,TSLA,2024-06-07,Long,-0.020791089307163446,0.006141602563215276,-0.024284413242889102,True,-0.001070556941515477,0.01729776537143768,-0.05673874412803559,True,0.002986245165965018,0.07662838872496858,-0.05673874412803559,True,0.028735667265537668,0.07662838872496858,-0.05673874412803559,True,0.4780819973366759,0.4965629465042214,-0.05673874412803559,True,20,True,True,True,False,True,False,4,1,STOP_BEFORE_TARGET,True,True,False,True,False,4,2,STOP_BEFORE_TARGET,2024-06-10,2024-06-12,2024-06-14,2024-06-24,2024-07-09
TSLA|2024-06-10T00:00:00|Long,TSLA,2024-06-10,Long,-0.018010183238054034,0.005523947010496855,-0.03671091472751964,True,0.049945383911024654,0.09948794069204614,-0.03671091472751964,True,0.07854312493585103,0.09948794069204614,-0.03671091472751964,True,0.07802527959741168,0.09948794069204614,-0.03671091472751964,True,0.514816847551091,0.5397318987021469,-0.03671091472751964,True,20,True,True,True,False,True,False,2,1,STOP_BEFORE_TARGET,True,True,False,True,False,3,1,STOP_BEFORE_TARGET,2024-06-11,2024-06-13,2024-06-17,2024-06-25,2024-07-10
TSLA|2024-06-11T00:00:00|Long,TSLA,2024-06-11,Long,0.03884911216309472,0.057951477659813566,-0.0050392628143515195,True,0.04306803402675907,0.11965309815283365,-0.0050392628143515195,True,0.08320635558145684,0.11965309815283365,-0.0050392628143515195,True,0.15065036272928634,0.1587952083862718,-0.0050392628143515195,True,0.41234028833442093,0.5879526203254648,-0.0050392628143515195,True,20,True,True,False,True,False,False,1,,TARGET_BEFORE_STOP,True,False,True,False,False,1,,TARGET_BEFORE_STOP,2024-06-12,2024-06-14,2024-06-18,2024-06-26,2024-07-11
TSLA|2024-06-12T00:00:00|Long,TSLA,2024-06-12,Long,0.029217711832219218,0.07778221595770396,0.022223490273629798,True,0.057250885778376004,0.07778221595770396,-0.0020869486784308444,True,0.02414131761615179,0.07778221595770396,-0.0020869486784308444,True,0.1135428148520723,0.1208754512161545,-0.0020869486784308444,True,0.40013540034893214,0.5285690691105518,-0.0020869486784308444,True,20,True,True,False,True,False,False,1,,TARGET_BEFORE_STOP,True,False,True,False,False,1,,TARGET_BEFORE_STOP,2024-06-13,2024-06-17,2024-06-20,2024-06-27,2024-07-12
TSLA|2024-06-13T00:00:00|Long,TSLA,2024-06-13,Long,-0.024442410719736185,0.019345639040289297,-0.03041597530897644,True,0.013098040081436002,0.03474541730408709,-0.03041597530897644,True,0.0029593537705940864,0.03474541730408709,-0.03041597530897644,True,0.08445225822884983,0.11360769216231592,-0.03041597530897644,True,0.38455635282247047,0.48517563537590536,-0.03041597530897644,True,20,True,True,True,False,True,False,2,1,STOP_BEFORE_TARGET,True,True,False,True,False,8,1,STOP_BEFORE_TARGET,2024-06-14,2024-06-18,2024-06-21,2024-06-28,2024-07-15
TSLA|2024-06-14T00:00:00|Long,TSLA,2024-06-14,Long,0.052974598199923895,0.06067076785030223,-0.00567380786474414,True,0.01999894908847999,0.06067076785030223,-0.00567380786474414,True,0.02567275695322402,0.06067076785030223,-0.00567380786474414,True,0.17892257225080987,0.19785406610610634,-0.00567380786474414,True,0.4412673752919043,0.5223864297664087,-0.00567380786474414,True,20,True,True,False,True,False,False,1,,TARGET_BEFORE_STOP,True,False,True,False,False,1,,TARGET_BEFORE_STOP,2024-06-17,2024-06-20,2024-06-24,2024-07-01,2024-07-16
TSLA|2024-06-17T00:00:00|Long,TSLA,2024-06-17,Long,-0.013764414198944475,-0.0012804390206891947,-0.027048694292477027,True,-0.02363427164356302,-0.0012804390206891947,-0.041506608397153144,True,-0.0004801341054120334,0.0072556583047245216,-0.041506608397153144,True,0.23378143136296536,0.23399487856954226,-0.041506608397153144,True,0.32575755848958177,0.4457959692180147,-0.041506608397153144,True,20,True,True,True,False,True,False,6,1,STOP_BEFORE_TARGET,True,True,False,True,False,6,2,STOP_BEFORE_TARGET,2024-06-18,2024-06-21,2024-06-25,2024-07-02,2024-07-17
TSLA|2024-06-18T00:00:00|Long,TSLA,2024-06-18,Long,-0.017797215597047833,0.001893357688845576,-0.028129378616647105,True,-0.012333651259163747,0.021313439513131804,-0.028129378616647105,True,0.06226330449439277,0.06978250488960569,-0.028129378616647105,True,0.3328464707137484,0.34344912519495474,-0.028129378616647105,True,0.348209428241141,0.4659742459441758,-0.028129378616647105,True,20,True,True,True,False,True,False,5,1,STOP_BEFORE_TARGET,True,False,True,False,False,5,,TARGET_BEFORE_STOP,2024-06-20,2024-06-24,2024-06-26,2024-07-03,2024-07-18
TSLA|2024-06-20T00:00:00|Long,TSLA,2024-06-20,Long,0.00793075466503601,0.013107834598329982,-0.004846642327006823,True,0.03183344465573468,0.03981932828051771,-0.004846642327006823,True,0.08729410257953107,0.09445389218859623,-0.004846642327006823,True,0.3852508350860868,0.38993217457190177,-0.004846642327006823,True,0.3173981786601847,0.4925372532264727,-0.004846642327006823,True,20,True,True,False,True,False,False,2,,TARGET_BEFORE_STOP,True,False,True,False,False,4,,TARGET_BEFORE_STOP,2024-06-21,2024-06-25,2024-06-27,2024-07-05,2024-07-19
TSLA|2024-06-21T00:00:00|Long,TSLA,2024-06-21,Long,-0.0023495584322592578,0.03163766307148652,-0.0025134772355885904,True,0.07300148085547598,0.08059669112469736,-0.005464182449132049,True,0.08125244971482215,0.11032185698826469,-0.005464182449132049,True,0.38211032202374184,0.4176275079431,-0.005464182449132049,True,0.3742964977655432,0.48079344371477695,-0.005464182449132049,True,20,True,True,False,True,False,False,1,,TARGET_BEFORE_STOP,True,False,True,False,False,3,,TARGET_BEFORE_STOP,2024-06-24,2024-06-26,2024-06-28,2024-07-08,2024-07-22
TSLA|2024-06-24T00:00:00|Long,TSLA,2024-06-24,Long,0.026125557150967316,0.02952130209000603,-0.003121959242536221,True,0.08127941827726781,0.08839960142284986,-0.003121959242536221,True,0.1494139473420515,0.16787158280809678,-0.003121959242536221,True,0.4367947417100224,0.45475946263456213,-0.003121959242536221,True,0.3494358769411854,0.48428084829773566,-0.003121959242536221,True,20,True,True,False,True,False,False,2,,TARGET_BEFORE_STOP,True,False,True,False,False,2,,TARGET_BEFORE_STOP,2024-06-25,2024-06-27,2024-07-01,2024-07-09,2024-07-23
TSLA|2024-06-25T00:00:00|Long,TSLA,2024-06-25,Long,0.04814512260377568,0.055564387852587105,-0.005284256530085463,True,0.05620495562449457,0.08460096252128779,-0.005284256530085463,True,0.23437409646551566,0.23458764620460548,-0.005284256530085463,True,0.4051774816605407,0.42828923202724845,-0.005284256530085463,True,0.15286895359813402,0.4464904786299586,-0.005284256530085463,True,20,True,True,False,True,False,False,1,,TARGET_BEFORE_STOP,True,False,True,False,False,1,,TARGET_BEFORE_STOP,2024-06-26,2024-06-28,2024-07-02,2024-07-10,2024-07-24
TSLA|2024-06-26T00:00:00|Long,TSLA,2024-06-26,Long,0.0053470646120412635,0.011967236145793203,-0.011814391827250303,True,0.06869687746905351,0.08585833390834496,-0.011814391827250303,True,0.25472325465308776,0.2647044471091833,-0.011814391827250303,True,0.22742783914343767,0.38004790313446635,-0.011814391827250303,True,0.12160719802718156,0.38004790313446635,-0.011814391827250303,True,20,True,True,False,True,False,False,2,,TARGET_BEFORE_STOP,True,False,True,False,False,3,,TARGET_BEFORE_STOP,2024-06-27,2024-07-01,2024-07-03,2024-07-11,2024-07-25
TSLA|2024-06-27T00:00:00|Long,TSLA,2024-06-27,Long,0.002330091774560339,0.029277676187346335,-0.010941159366544606,True,0.17141118757853246,0.17161384458032036,-0.010941159366544606,True,0.27403508563108536,0.2783405807815773,-0.010941159366544606,True,0.25737006397453355,0.3727079450587747,-0.010941159366544606,True,0.1133624004173095,0.3727079450587747,-0.010941159366544606,True,20,True,True,False,True,False,False,2,,TARGET_BEFORE_STOP,True,False,True,False,False,2,,TARGET_BEFORE_STOP,2024-06-28,2024-07-02,2024-07-05,2024-07-12,2024-07-26
TSLA|2024-06-28T00:00:00|Long,TSLA,2024-06-28,Long,0.060541719385108106,0.0775722178388718,0.015009102220621129,True,0.2451485410846046,0.2550535676941801,0.015009102220621129,True,0.2782494249037497,0.3110976149159208,0.015009102220621129,True,0.27673333917323095,0.3695168451228321,0.015009102220621129,True,0.172933092663752,0.3695168451228321,0.015009102220621129,True,20,True,True,False,True,False,False,1,,TARGET_BEFORE_STOP,True,False,True,False,False,1,,TARGET_BEFORE_STOP,2024-07-01,2024-07-03,2024-07-08,2024-07-15,2024-07-29
TSLA|2024-07-01T00:00:00|Long,TSLA,2024-07-01,Long,0.10197271435359379,0.10216335832960399,0.03907365350420999,True,0.19851331145023576,0.20256358707329136,0.03907365350420999,True,0.2500237577876283,0.2656532191893124,0.03907365350420999,True,0.22252929006204658,0.2913370781084075,0.03907365350420999,True,0.060802413369508646,0.2913370781084075,0.023110674208567605,True,20,True,True,False,True,False,False,1,,TARGET_BEFORE_STOP,True,False,True,False,False,1,,TARGET_BEFORE_STOP,2024-07-02,2024-07-05,2024-07-09,2024-07-16,2024-07-30
TSLA|2024-07-02T00:00:00|Long,TSLA,2024-07-02,Long,0.06542422054051067,0.07389955894933009,0.012929194690764811,True,0.09374733395113632,0.12185422729367623,0.012929194690764811,True,0.13837246397514358,0.15709592101534353,0.012929194690764811,True,0.07454815317248675,0.17184124551204794,0.007913179428016504,True,0.003502606748349013,0.17184124551204794,-0.07156442180266309,True,20,True,True,True,True,False,False,1,15,TARGET_BEFORE_STOP,True,True,True,False,False,1,15,TARGET_BEFORE_STOP,2024-07-03,2024-07-08,2024-07-10,2024-07-17,2024-07-31
TSLA|2024-07-03T00:00:00|Long,TSLA,2024-07-03,Long,0.02082067005771515,0.024270448242025067,-0.01595029297259032,True,0.0646941321567569,0.07800635581608573,-0.01595029297259032,True,-0.02175413216294997,0.09988230314263924,-0.02735502865319306,True,0.011526426985371874,0.09988230314263924,-0.0539794759718506,True,-0.11985063863163237,0.09988230314263924,-0.1301189075774667,True,20,True,True,True,True,False,False,2,5,TARGET_BEFORE_STOP,True,True,True,False,False,2,6,TARGET_BEFORE_STOP,2024-07-05,2024-07-09,2024-07-11,2024-07-18,2024-08-01
TSLA|2024-07-05T00:00:00|Long,TSLA,2024-07-05,Long,0.005645666924397386,0.03148854180348182,-0.027631984852837244,True,0.04667622969840046,0.06389150680842759,-0.027631984852837244,True,-0.013080504488851452,0.07744909111259868,-0.07327452139594381,True,-0.04898221658295221,0.07744909111259868,-0.07327452139594381,True,-0.1743400340277299,0.07744909111259868,-0.18185434445053472,True,20,True,True,True,,,False,1,1,AMBIGUOUS,True,True,True,False,False,2,4,TARGET_BEFORE_STOP,2024-07-08,2024-07-10,2024-07-12,2024-07-19,2024-08-02
TSLA|2024-07-08T00:00:00|Long,TSLA,2024-07-08,Long,0.03712336538398886,0.05009086260719586,-0.010437255333940243,True,-0.04708627954120592,0.07140032175328748,-0.05254213812226283,True,-0.0011860640818460721,0.07140032175328748,-0.07847713256867661,True,-0.0056535459823188194,0.07140032175328748,-0.07847713256867661,True,-0.21372656375741428,0.07140032175328748,-0.2804617765346925,True,20,True,True,True,True,False,False,1,3,TARGET_BEFORE_STOP,True,True,True,False,False,1,3,TARGET_BEFORE_STOP,2024-07-09,2024-07-11,2024-07-15,2024-07-22,2024-08-05
TSLA|2024-07-09T00:00:00|Long,TSLA,2024-07-09,Long,0.003545241645880992,0.020051118952716385,-0.017039612127879078,True,-0.0537490625031628,0.033050028100184425,-0.11146263001206724,True,-0.021995156135466765,0.033050028100184425,-0.11146263001206724,True,-0.060801214142018334,0.033050028100184425,-0.11146263001206724,True,-0.2351617822601576,0.033050028100184425,-0.3062173243017212,True,20,True,True,True,,,False,2,2,AMBIGUOUS,False,True,False,True,False,,2,STOP_BEFORE_TARGET,2024-07-10,2024-07-12,2024-07-16,2024-07-23,2024-08-06
TSLA|2024-07-10T00:00:00|Long,TSLA,2024-07-10,Long,-0.08444127539962887,0.02940055438448752,-0.08968325986981518,True,-0.04034038586198996,0.02940055438448752,-0.11460158135903031,True,-0.056066281311641375,0.02940055438448752,-0.11460158135903031,True,-0.1795563417115439,0.02940055438448752,-0.1844184503942733,True,-0.27159466917305086,0.02940055438448752,-0.3086682623690895,True,20,True,False,True,False,True,False,,1,STOP_BEFORE_TARGET,False,True,False,True,False,,1,STOP_BEFORE_TARGET,2024-07-11,2024-07-15,2024-07-17,2024-07-24,2024-08-07
TSLA|2024-07-11T00:00:00|Long,TSLA,2024-07-11,Long,0.029871787680814776,0.04484917899573193,-0.032941967728575716,True,0.06443180872899212,0.10193754905469965,-0.032941967728575716,True,0.034020648839444556,0.10193754905469965,-0.032941967728575716,True,-0.0862133298117983,0.10193754905469965,-0.1091979927757043,True,-0.17504046241164462,0.10193754905469965,-0.2449072691293861,True,20,True,True,True,,,False,1,1,AMBIGUOUS,True,True,False,True,False,2,1,STOP_BEFORE_TARGET,2024-07-12,2024-07-16,2024-07-18,2024-07-25,2024-08-08
TSLA|2024-07-12T00:00:00|Long,TSLA,2024-07-12,Long,0.01776579679334911,0.06997546902044083,0.014099827016238908,True,0.001087718152955608,0.06997546902044083,-0.009789278965497972,True,-0.03637754878426669,0.06997546902044083,-0.0459251262647451,True,-0.11453085108612915,0.06997546902044083,-0.13503601333685677,True,-0.19429559907206795,0.06997546902044083,-0.26680899515558176,True,20,True,True,True,True,False,False,1,5,TARGET_BEFORE_STOP,True,True,True,False,False,1,5,TARGET_BEFORE_STOP,2024-07-15,2024-07-17,2024-07-19,2024-07-26,2024-08-09
TSLA|2024-07-15T00:00:00|Long,TSLA,2024-07-15,Long,0.015516142251486675,0.02367002747777902,-0.027074083100124047,True,-0.013497481279083234,0.02367002747777902,-0.027074083100124047,True,-0.004472786912375182,0.02367002747777902,-0.0625791545154728,True,-0.08130143023968994,0.02367002747777902,-0.15013455021934807,True,-0.21829478320820506,0.02367002747777902,-0.27960734468139337,True,20,True,False,True,False,True,False,,1,STOP_BEFORE_TARGET,False,True,False,True,False,,4,STOP_BEFORE_TARGET,2024-07-16,2024-07-18,2024-07-22,2024-07-29,2024-08-12
TSLA|2024-07-16T00:00:00|Long,TSLA,2024-07-16,Long,-0.031415644041518975,0.007444666667776767,-0.040458391727423826,True,-0.06766448696425031,0.007444666667776767,-0.07690207325884102,True,-0.039678799394501585,0.007444666667776767,-0.07690207325884102,True,-0.13228875414864683,0.007444666667776767,-0.16311970394047404,True,-0.18993606248538408,0.007444666667776767,-0.29061427450928146,True,20,True,False,True,False,True,False,,1,STOP_BEFORE_TARGET,False,True,False,True,False,,1,STOP_BEFORE_TARGET,2024-07-17,2024-07-19,2024-07-23,2024-07-30,2024-08-13
TSLA|2024-07-17T00:00:00|Long,TSLA,2024-07-17,Long,0.002937608561525362,0.03476867061745481,-0.00523140061069538,True,0.0121126539510501,0.03476867061745481,-0.046961763255313094,True,-0.1308249275929012,0.03476867061745481,-0.13597582811321052,True,-0.06611667072748995,0.03476867061745481,-0.13597582811321052,True,-0.1896176865882797,0.03476867061745481,-0.2676056338028169,True,20,True,True,True,True,False,False,1,2,TARGET_BEFORE_STOP,False,True,False,True,False,,2,STOP_BEFORE_TARGET,2024-07-18,2024-07-22,2024-07-24,2024-07-31,2024-08-14
TSLA|2024-07-18T00:00:00|Long,TSLA,2024-07-18,Long,-0.040243947162209914,0.0008426221460788863,-0.04975321634254726,True,-0.01143518394086962,0.02620069370155398,-0.04975321634254726,True,-0.1162781215115869,0.02620069370155398,-0.13850655862229966,True,-0.12988001312881592,0.02620069370155398,-0.14003127430390616,True,-0.1407936321447094,0.02620069370155398,-0.269750820045897,True,20,True,False,True,False,True,False,,1,STOP_BEFORE_TARGET,False,True,False,True,False,,1,STOP_BEFORE_TARGET,2024-07-19,2024-07-23,2024-07-25,2024-08-01,2024-08-15
TSLA|2024-07-19T00:00:00|Long,TSLA,2024-07-19,Long,0.05146320115237035,0.05857027568715423,0.01902175213130275,True,-0.0970317380902821,0.06923075990748018,-0.10238290362384128,True,-0.08110365444813161,0.06923075990748018,-0.10238290362384128,True,-0.13181437784934125,0.06923075990748018,-0.13971571319115317,True,-0.09648830320030777,0.06923075990748018,-0.23913042507529403,True,20,True,True,True,True,False,False,1,3,TARGET_BEFORE_STOP,True,True,True,False,False,1,3,TARGET_BEFORE_STOP,2024-07-22,2024-07-24,2024-07-26,2024-08-02,2024-08-16
TSLA|2024-07-22T00:00:00|Long,TSLA,2024-07-22,Long,-0.020396762498772203,0.01689793683282237,-0.02337875135162326,True,-0.12428927354609087,0.01689793683282237,-0.14631620451158067,True,-0.07717382540355766,0.01689793683282237,-0.14631620451158067,True,-0.20925605651266865,0.01689793683282237,-0.27637070504149164,True,-0.11446858540387073,0.01689793683282237,-0.27637070504149164,True,20,True,False,True,False,True,False,,1,STOP_BEFORE_TARGET,False,True,False,True,False,,2,STOP_BEFORE_TARGET,2024-07-23,2024-07-25,2024-07-29,2024-08-05,2024-08-19
TSLA|2024-07-23T00:00:00|Long,TSLA,2024-07-23,Long,-0.12334604589403697,-0.0827583366570136,-0.12854126772182162,True,-0.10788213858383977,-0.08271777124327107,-0.12854126772182162,True,-0.09643643678360236,-0.04915171836331256,-0.12854126772182162,True,-0.18564820434563967,-0.04748766935286086,-0.2613036918861741,True,-0.10260572399664081,-0.04748766935286086,-0.2613036918861741,True,20,True,False,True,False,True,False,,1,STOP_BEFORE_TARGET,False,True,False,True,False,,1,STOP_BEFORE_TARGET,2024-07-24,2024-07-26,2024-07-30,2024-08-06,2024-08-20
TSLA|2024-07-24T00:00:00|Long,TSLA,2024-07-24,Long,0.01972310939623889,0.04634471157116926,0.001111117312243337,True,0.0745867873542021,0.08463354004533064,-0.003055713900290913,True,0.07444789769017168,0.0865317223356834,-0.003055713900290913,True,-0.11218116750821139,0.0865317223356834,-0.15736841811525315,True,0.033705257623725116,0.0865317223356834,-0.15736841811525315,True,20,True,True,True,True,False,False,1,7,TARGET_BEFORE_STOP,True,True,True,False,False,3,7,TARGET_BEFORE_STOP,2024-07-25,2024-07-29,2024-07-31,2024-08-07,2024-08-21
TSLA|2024-07-25T00:00:00|Long,TSLA,2024-07-25,Long,-0.0020431189477511102,0.009216793549588598,-0.022338243672850422,True,0.010760477263053403,0.06365495696917556,-0.022338243672850422,True,-0.015391597682853253,0.06551642531569235,-0.02687853879203317,True,-0.09720773512875991,0.06551642531569235,-0.1736662883087401,True,-0.04354141356590524,0.06551642531569235,-0.1736662883087401,True,20,True,True,True,False,True,False,2,1,STOP_BEFORE_TARGET,True,True,True,False,False,2,6,TARGET_BEFORE_STOP,2024-07-26,2024-07-30,2024-08-01,2024-08-08,2024-08-22
TSLA|2024-07-26T00:00:00|Long,TSLA,2024-07-26,Long,0.055959976710561854,0.06583257970790735,0.02229296555255522,True,0.055823494550050645,0.06769785904197434,0.0009099042104885324,True,-0.05518655466058464,0.06769785904197434,-0.06378527787899779,True,-0.09008190526319226,0.06769785904197434,-0.1719745337895049,True,0.002365806484263322,0.06769785904197434,-0.1719745337895049,True,20,True,True,True,True,False,False,1,4,TARGET_BEFORE_STOP,True,True,True,False,False,1,5,TARGET_BEFORE_STOP,2024-07-29,2024-07-31,2024-08-02,2024-08-09,2024-08-23
TSLA|2024-07-29T00:00:00|Long,TSLA,2024-07-29,Long,-0.04084450985365373,0.0013356206395596093,-0.05213272634779287,True,-0.06566137480568224,0.011115840174148683,-0.07656184319329828,True,-0.14312796358086755,0.011115840174148683,-0.21585525543317408,True,-0.14911675872561436,0.011115840174148683,-0.21585525543317408,True,-0.08138732827617234,0.011115840174148683,-0.21585525543317408,True,20,True,False,True,False,True,False,,1,STOP_BEFORE_TARGET,False,True,False,True,False,,1,STOP_BEFORE_TARGET,2024-07-30,2024-08-01,2024-08-05,2024-08-12,2024-08-26
TSLA|2024-07-30T00:00:00|Long,TSLA,2024-07-30,Long,0.04244907202543402,0.05417302049730677,0.018731462853326386,True,-0.06715478068523217,0.05417302049730677,-0.07564458138194652,True,-0.09873325042509662,0.05417302049730677,-0.18246337259959544,True,-0.06643605071659142,0.05417302049730677,-0.18246337259959544,True,-0.06023712468532427,0.05417302049730677,-0.18246337259959544,True,20,True,True,True,True,False,False,1,2,TARGET_BEFORE_STOP,True,True,True,False,False,1,2,TARGET_BEFORE_STOP,2024-07-31,2024-08-02,2024-08-06,2024-08-13,2024-08-27
TSLA|2024-07-31T00:00:00|Long,TSLA,2024-07-31,Long,-0.06554059651757449,-0.0008618615104011296,-0.07644247396597004,True,-0.14301719909474297,-0.0008618615104011296,-0.21575389211871443,True,-0.17369764099273188,-0.0008618615104011296,-0.21575389211871443,True,-0.13224458772274728,-0.0008618615104011296,-0.21575389211871443,True,-0.1134140840847554,-0.0008618615104011296,-0.21575389211871443,True,20,True,False,True,False,True,False,,1,STOP_BEFORE_TARGET,False,True,False,True,False,,1,STOP_BEFORE_TARGET,2024-08-01,2024-08-05,2024-08-07,2024-08-14,2024-08-28
TSLA|2024-08-01T00:00:00|Long,TSLA,2024-08-01,Long,-0.042377581921705376,-0.0033662073479870935,-0.05109287927635375,True,-0.07479480390598547,-0.0033662073479870935,-0.16074887260093262,True,-0.08309510385383989,-0.0033662073479870935,-0.16074887260093262,True,-0.012542659840669934,-0.0033662073479870935,-0.16074887260093262,True,-0.0487872443109717,0.052384029227976026,-0.16074887260093262,True,20,True,True,True,False,True,False,13,1,STOP_BEFORE_TARGET,True,True,False,True,False,13,1,STOP_BEFORE_TARGET,2024-08-02,2024-08-06,2024-08-08,2024-08-15,2024-08-29
TSLA|2024-08-02T00:00:00|Long,TSLA,2024-08-02,Long,-0.04232673647438423,-0.01825007617638419,-0.1236095651527962,True,-0.07661195070250904,-0.01825007617638419,-0.1236095651527962,True,-0.036933588079995805,-0.01825007617638419,-0.1236095651527962,True,0.040689541208392965,0.05841000139531172,-0.1236095651527962,True,0.031010750220005878,0.09895508852000767,-0.1236095651527962,True,20,True,True,True,False,True,False,9,1,STOP_BEFORE_TARGET,True,True,False,True,False,10,1,STOP_BEFORE_TARGET,2024-08-05,2024-08-07,2024-08-09,2024-08-16,2024-08-30
TSLA|2024-08-05T00:00:00|Long,TSLA,2024-08-05,Long,0.008849529684359148,0.020213138148506227,-0.03122489220334823,True,-0.00020116926759650156,0.02317980941858866,-0.037208411975018785,True,-0.006989135938866631,0.02317980941858866,-0.037208411975018785,True,0.11987125780662589,0.12117855115162124,-0.037208411975018785,True,0.058930012736116755,0.14752612438429313,-0.037208411975018785,True,20,True,True,True,False,True,False,6,1,STOP_BEFORE_TARGET,True,True,False,True,False,8,1,STOP_BEFORE_TARGET,2024-08-06,2024-08-08,2024-08-12,2024-08-19,2024-09-03
TSLA|2024-08-06T00:00:00|Long,TSLA,2024-08-06,Long,-0.044258397676563366,0.014204575917989404,-0.0456539258870331,True,-0.003189789631156903,0.014204575917989404,-0.0456539258870331,True,0.03583533923085325,0.03912483117721055,-0.0456539258870331,True,0.10197371798298938,0.1374601371359334,-0.0456539258870331,True,0.09355065953727926,0.1374601371359334,-0.0456539258870331,True,20,True,True,True,False,True,False,5,1,STOP_BEFORE_TARGET,True,True,False,True,False,7,1,STOP_BEFORE_TARGET,2024-08-07,2024-08-09,2024-08-13,2024-08-20,2024-09-04
TSLA|2024-08-07T00:00:00|Long,TSLA,2024-08-07,Long,0.036921162045623124,0.04662079003703545,0.001460152207539256,True,0.029881159524771883,0.047559504783212025,0.001460152207539256,True,0.050166930807007404,0.08724453204827198,0.001460152207539256,True,0.16432003894587988,0.1901335406669895,0.001460152207539256,True,0.20030248624532643,0.22549023118387002,0.001460152207539256,True,20,True,True,False,True,False,False,1,,TARGET_BEFORE_STOP,True,False,True,False,False,4,,TARGET_BEFORE_STOP,2024-08-08,2024-08-12,2024-08-14,2024-08-21,2024-09-05
TSLA|2024-08-08T00:00:00|Long,TSLA,2024-08-08,Long,0.005833854775063374,0.010259548292564258,-0.01875877990462571,True,0.04521225939819096,0.048531529536316675,-0.020971626663376042,True,0.07694630523809898,0.08569708740069393,-0.020971626663376042,True,0.059444817651942206,0.14775701782294748,-0.020971626663376042,True,0.05979681959681615,0.1818547793606995,-0.020971626663376042,True,20,True,True,True,False,True,False,3,2,STOP_BEFORE_TARGET,True,False,True,False,False,5,,TARGET_BEFORE_STOP,2024-08-09,2024-08-13,2024-08-15,2024-08-22,2024-09-06
TSLA|2024-08-09T00:00:00|Long,TSLA,2024-08-09,Long,-0.012549972534179665,-0.0037000274658203214,-0.02665000915527349,True,0.006900024414062456,0.042450027465820384,-0.02665000915527349,True,0.08059997558593746,0.0990000152587891,-0.02665000915527349,True,0.10160003662109385,0.1411000061035157,-0.02665000915527349,True,0.08135002136230463,0.17500000000000004,-0.02665000915527349,True,20,True,True,True,False,True,False,2,1,STOP_BEFORE_TARGET,True,False,True,False,False,4,,TARGET_BEFORE_STOP,2024-08-12,2024-08-14,2024-08-16,2024-08-23,2024-09-09
TSLA|2024-08-12T00:00:00|Long,TSLA,2024-08-12,Long,0.05235706137163754,0.055699021186065734,-0.0021773655507097978,True,0.08430803298074085,0.0931186332377969,-0.0021773655507097978,True,0.12775327877750442,0.12906977328155134,-0.0021773655507097978,True,0.07959897100335667,0.1556027893705374,-0.0021773655507097978,True,0.14522250178768648,0.18993363442958788,-0.0021773655507097978,True,20,True,True,False,True,False,False,1,,TARGET_BEFORE_STOP,True,False,True,False,False,1,,TARGET_BEFORE_STOP,2024-08-13,2024-08-15,2024-08-19,2024-08-26,2024-09-10
TSLA|2024-08-13T00:00:00|Long,TSLA,2024-08-13,Long,-0.0310349655555765,0.0029350940912151735,-0.043689562387801084,True,0.039888337646610594,0.05759515524824743,-0.043689562387801084,True,0.06385028222849232,0.09810902761875306,-0.043689562387801084,True,0.006640065778059867,0.09810902761875306,-0.043689562387801084,True,0.09767599900354962,0.13073183818297718,-0.043689562387801084,True,20,True,True,True,False,True,False,2,1,STOP_BEFORE_TARGET,True,True,False,True,False,3,1,STOP_BEFORE_TARGET,2024-08-14,2024-08-16,2024-08-20,2024-08-27,2024-09-11
TSLA|2024-08-14T00:00:00|Long,TSLA,2024-08-14,Long,0.06336276788880446,0.07200317632546427,0.017082144989558845,True,0.10596879442082074,0.10725985858077647,0.017082144989558845,True,0.10869996453911468,0.133280344061514,0.017082144989558845,True,0.021700243376846062,0.133280344061514,0.00600849848912377,True,0.141175846590754,0.1669480301023516,0.00600849848912377,True,20,True,True,False,True,False,False,1,,TARGET_BEFORE_STOP,True,False,True,False,False,1,,TARGET_BEFORE_STOP,2024-08-15,2024-08-19,2024-08-21,2024-08-28,2024-09-12
TSLA|2024-08-15T00:00:00|Long,TSLA,2024-08-15,Long,0.009246267550119258,0.026431323798644657,-0.015597255755162243,True,0.032502132874310696,0.06575138634158106,-0.015597255755162243,True,-0.016251030809087075,0.06575138634158106,-0.017838760046313684,True,-0.036704962327236856,0.06575138634158106,-0.053936691345279564,True,0.0754179225857654,0.0974129105716246,-0.053936691345279564,True,20,True,True,True,True,False,False,2,8,TARGET_BEFORE_STOP,True,True,True,False,False,3,8,TARGET_BEFORE_STOP,2024-08-16,2024-08-20,2024-08-22,2024-08-29,2024-09-13
TSLA|2024-08-16T00:00:00|Long,TSLA,2024-08-16,Long,0.030538618603692225,0.03174162856440854,-0.009392924417734427,True,0.03308351525455322,0.05598744390566268,-0.009392924417734427,True,0.019433704895069237,0.05598744390566268,-0.026836886563058604,True,-0.009300363465888695,0.05598744390566268,-0.06260410459458166,True,0.04932446743916108,0.08735889926600793,-0.06260410459458166,True,20,True,True,True,True,False,False,1,4,TARGET_BEFORE_STOP,True,True,True,False,False,2,7,TARGET_BEFORE_STOP,2024-08-19,2024-08-21,2024-08-23,2024-08-30,2024-09-16
TSLA|2024-08-19T00:00:00|Long,TSLA,2024-08-19,Long,-0.007273684933137958,0.024694683772697124,-0.014188234755701079,True,-0.05414869563799507,0.024694683772697124,-0.055675259646737696,True,-0.04269932855025471,0.024694683772697124,-0.055675259646737696,True,-0.05441808122646896,0.024694683772697124,-0.09038256453161919,True,0.02312317649181872,0.0551364884697898,-0.09038256453161919,True,20,True,True,True,False,True,False,12,3,STOP_BEFORE_TARGET,True,True,False,True,False,12,3,STOP_BEFORE_TARGET,2024-08-20,2024-08-22,2024-08-26,2024-09-03,2024-09-17
TSLA|2024-08-20T00:00:00|Long,TSLA,2024-08-20,Long,0.009814554993405888,0.01610130013712885,-0.010131186934998704,True,-0.003527809849682595,0.016734495007249883,-0.048756212038501,True,-0.05377656744198245,0.016734495007249883,-0.06404343406250235,True,-0.007643611012000728,0.016734495007249883,-0.08371781661986433,True,0.02758928392734039,0.06594294965980008,-0.08371781661986433,True,20,True,True,True,False,True,False,11,2,STOP_BEFORE_TARGET,True,True,False,True,False,11,2,STOP_BEFORE_TARGET,2024-08-21,2024-08-23,2024-08-27,2024-09-04,2024-09-18
TSLA|2024-08-21T00:00:00|Long,TSLA,2024-08-21,Long,-0.056478704568676985,0.006852683970166362,-0.0580015080415327,True,-0.04505754183762778,0.006852683970166362,-0.0580015080415327,True,-0.0784700315187925,0.006852683970166362,-0.0926233149945842,True,0.030904258361835968,0.0525372665520476,-0.0926233149945842,True,0.09248888566009406,0.09392216069971049,-0.0926233149945842,True,20,True,True,True,False,True,False,10,1,STOP_BEFORE_TARGET,True,True,False,True,False,10,1,STOP_BEFORE_TARGET,2024-08-22,2024-08-26,2024-08-28,2024-09-05,2024-09-19
TSLA|2024-08-22T00:00:00|Long,TSLA,2024-08-22,Long,0.04585589810206048,0.05136234632742398,0.016851813301265617,True,-0.006883114606643259,0.05136234632742398,-0.017658792158144365,True,-0.0207918200259688,0.05136234632742398,-0.03830820841132587,True,0.00033225132541980784,0.11554161167172028,-0.03830820841132587,True,0.13096931481186114,0.1594037845215066,-0.03830820841132587,True,20,True,True,True,True,False,False,1,4,TARGET_BEFORE_STOP,True,True,True,False,False,1,4,TARGET_BEFORE_STOP,2024-08-23,2024-08-27,2024-08-29,2024-09-06,2024-09-20
TSLA|2024-08-23T00:00:00|Long,TSLA,2024-08-23,Long,-0.0322712435275504,-0.005582838350754349,-0.042256774273261466,True,-0.0661311131075708,-0.005582838350754349,-0.08047390339923588,True,-0.028186304046044497,-0.005582838350754349,-0.08047390339923588,True,-0.018382366181560195,0.06663032038746453,-0.08047390339923588,True,0.13471310679517523,0.13471310679517523,-0.08047390339923588,True,20,True,True,True,False,True,False,8,1,STOP_BEFORE_TARGET,True,True,False,True,False,8,1,STOP_BEFORE_TARGET,2024-08-26,2024-08-28,2024-08-30,2024-09-09,2024-09-23
TSLA|2024-08-26T00:00:00|Long,TSLA,2024-08-26,Long,-0.018760845523390857,0.011491003569687797,-0.029407645396660187,True,-0.032503202084086746,0.011491003569687797,-0.04981009353012622,True,-0.012241454566690457,0.0313774540216365,-0.04981009353012622,True,0.060785099418296795,0.10219967449921574,-0.04981009353012622,True,0.1925800678468963,0.20627547649093803,-0.04981009353012622,True,20,True,True,True,False,True,False,5,1,STOP_BEFORE_TARGET,True,True,False,True,False,7,2,STOP_BEFORE_TARGET,2024-08-27,2024-08-29,2024-09-03,2024-09-10,2024-09-24
TSLA|2024-08-27T00:00:00|Long,TSLA,2024-08-27,Long,-0.01653843794670573,0.01257105080838894,-0.03164289548076271,True,0.02342141264392783,0.027149717955650576,-0.03164289548076271,True,0.04875482348314497,0.062186291713232755,-0.03164289548076271,True,0.0904354359819024,0.12327323004872004,-0.03164289548076271,True,0.22852626913393093,0.22933891395147477,-0.03164289548076271,True,20,True,True,True,False,True,False,4,1,STOP_BEFORE_TARGET,True,True,False,True,False,4,1,STOP_BEFORE_TARGET,2024-08-28,2024-08-30,2024-09-04,2024-09-11,2024-09-25
TSLA|2024-08-28T00:00:00|Long,TSLA,2024-08-28,Long,0.002575935743848623,0.044422840289907395,0.0010692647421779444,True,0.02357232614102367,0.06877275283832018,0.0010692647421779444,True,0.11868771892561503,0.14216281895504257,0.0010692647421779444,True,0.1169380197258505,0.14216281895504257,0.0010692647421779444,True,0.23557716267656437,0.2721749696233293,0.0010692647421779444,True,20,True,True,False,True,False,False,1,,TARGET_BEFORE_STOP,True,False,True,False,False,3,,TARGET_BEFORE_STOP,2024-08-29,2024-09-03,2024-09-05,2024-09-12,2024-09-26
TSLA|2024-08-29T00:00:00|Long,TSLA,2024-08-29,Long,0.03795812428442069,0.040188135514735546,0.0036358348091829473,True,0.0636513717302305,0.07727362097990298,0.0036358348091829473,True,0.021572605073569617,0.13922824021068192,0.0036358348091829473,True,0.11639516506166325,0.13922824021068192,0.0036358348091829473,True,0.26265267110918256,0.2689063484048766,0.0036358348091829473,True,20,True,True,False,True,False,False,1,,TARGET_BEFORE_STOP,True,False,True,False,False,2,,TARGET_BEFORE_STOP,2024-08-30,2024-09-04,2024-09-06,2024-09-13,2024-09-27
TSLA|2024-08-30T00:00:00|Long,TSLA,2024-08-30,Long,-0.016393416920415627,0.02704214314897757,-0.0208771248795514,True,0.0750081617524283,0.09756666820839044,-0.0208771248795514,True,0.010088289458465072,0.09756666820839044,-0.0208771248795514,True,0.05917518160210933,0.09756666820839044,-0.0208771248795514,True,0.22194201175563166,0.2370276241022875,-0.0208771248795514,True,20,True,True,True,False,True,False,2,1,STOP_BEFORE_TARGET,True,False,True,False,False,3,,TARGET_BEFORE_STOP,2024-09-03,2024-09-05,2024-09-09,2024-09-16,2024-09-30
TSLA|2024-09-03T00:00:00|Long,TSLA,2024-09-03,Long,0.04183284569452206,0.05517566372470073,-0.00014244434201071687,True,0.0006172346640842541,0.11585941685344081,-0.00042740547991937383,True,0.07393158411294931,0.11585941685344081,-0.00042740547991937383,True,0.08200374412706912,0.11585941685344081,-0.00042740547991937383,True,0.22516610415883864,0.257644718307257,-0.00042740547991937383,True,20,True,True,False,True,False,False,1,,TARGET_BEFORE_STOP,True,False,True,False,False,1,,TARGET_BEFORE_STOP,2024-09-04,2024-09-06,2024-09-10,2024-09-17,2024-10-01
TSLA|2024-09-04T00:00:00|Long,TSLA,2024-09-04,Long,0.04904058305110959,0.07105417290771832,0.01294378693081022,True,-0.014311104039194222,0.07105417290771832,-0.04056336997732979,True,0.039742951894444545,0.07105417290771832,-0.04056336997732979,True,0.035504275812917596,0.07415336011172768,-0.04056336997732979,True,0.13495282856815805,0.20714635126411984,-0.04056336997732979,True,20,True,True,True,True,False,False,1,2,TARGET_BEFORE_STOP,True,True,True,False,False,1,2,TARGET_BEFORE_STOP,2024-09-05,2024-09-09,2024-09-11,2024-09-18,2024-10-02
TSLA|2024-09-05T00:00:00|Long,TSLA,2024-09-05,Long,-0.0844593239607937,0.014902063526336162,-0.08541514453885901,True,-0.017378459537823798,0.014902063526336162,-0.08541514453885901,True,-0.0015640640101466374,0.014902063526336162,-0.08541514453885901,True,0.05973845466126937,0.06112876324520511,-0.08541514453885901,True,0.04557503400362539,0.15071463465518486,-0.08541514453885901,True,20,True,True,True,False,True,False,10,1,STOP_BEFORE_TARGET,True,True,False,True,False,10,1,STOP_BEFORE_TARGET,2024-09-06,2024-09-10,2024-09-12,2024-09-19,2024-10-03
TSLA|2024-09-06T00:00:00|Long,TSLA,2024-09-06,Long,0.026289605928169646,0.043373034570104,0.013951513790222414,True,0.08257015853486083,0.08418358018713579,0.013951513790222414,True,0.09282018675634407,0.10411428314065607,0.013951513790222414,True,0.1305936735653077,0.15901869902256993,0.013951513790222414,True,0.18673186969733901,0.2568689352322211,0.013951513790222414,True,20,True,True,False,True,False,False,1,,TARGET_BEFORE_STOP,True,False,True,False,False,2,,TARGET_BEFORE_STOP,2024-09-09,2024-09-11,2024-09-13,2024-09-20,2024-10-04
TSLA|2024-09-09T00:00:00|Long,TSLA,2024-09-09,Long,0.04577608406578748,0.04683954974755311,0.010958501273258925,True,0.06260689424630006,0.070190004974787,0.002450634710438937,True,0.04859663522082913,0.07583110728487052,0.002450634710438937,True,0.15596243150319355,0.15596243150319355,0.002450634710438937,True,0.11356173798217806,0.2246727706995697,0.002450634710438937,True,20,True,True,False,True,False,False,1,,TARGET_BEFORE_STOP,True,False,True,False,False,2,,TARGET_BEFORE_STOP,2024-09-10,2024-09-12,2024-09-16,2024-09-23,2024-10-07
TSLA|2024-09-10T00:00:00|Long,TSLA,2024-09-10,Long,0.008666077418469476,0.01016935522119855,-0.041428992320140856,True,0.018216364462761092,0.02873944401389883,-0.041428992320140856,True,0.00751645647966237,0.03714024505141822,-0.041428992320140856,True,0.12424285418495407,0.13715348863066046,-0.041428992320140856,True,0.08104524021511672,0.1710659570051214,-0.041428992320140856,True,20,True,True,True,False,True,False,5,1,STOP_BEFORE_TARGET,True,True,False,True,False,7,1,STOP_BEFORE_TARGET,2024-09-11,2024-09-13,2024-09-17,2024-09-24,2024-10-08
TSLA|2024-09-11T00:00:00|Long,TSLA,2024-09-11,Long,0.007364189890953776,0.014553070592950412,-0.018848914915715165,True,-0.005917705144525387,0.019900903822208438,-0.020163967935206917,True,-0.0040766576717869984,0.0330951108200217,-0.020163967935206917,True,0.12663824798364343,0.1273834959742428,-0.020163967935206917,True,0.05663436589843651,0.16100460124751126,-0.020163967935206917,True,20,True,True,True,False,True,False,5,3,STOP_BEFORE_TARGET,True,False,True,False,False,6,,TARGET_BEFORE_STOP,2024-09-12,2024-09-16,2024-09-18,2024-09-25,2024-10-09
TSLA|2024-09-12T00:00:00|Long,TSLA,2024-09-12,Long,0.0020886633855721204,0.012445066101279378,-0.01518641604565163,True,-0.008441766946677864,0.020712805431414516,-0.027326917218628344,True,0.061398549933642466,0.06279103645563189,-0.027326917218628344,True,0.10621819729964388,0.13898439049964573,-0.027326917218628344,True,0.038988759449347654,0.15251724539978806,-0.027326917218628344,True,20,True,True,True,False,True,False,5,2,STOP_BEFORE_TARGET,True,False,True,False,False,5,,TARGET_BEFORE_STOP,2024-09-13,2024-09-17,2024-09-19,2024-09-26,2024-10-10
TSLA|2024-09-13T00:00:00|Long,TSLA,2024-09-13,Long,-0.015241628421408637,-0.0014329175469453004,-0.029354269416460133,True,-0.013417848920822761,0.02340526964604761,-0.029354269416460133,True,0.034565143714155866,0.060575850509051454,-0.029354269416460133,True,0.1310087239937492,0.13661039398606634,-0.029354269416460133,True,-0.05423592252597931,0.15011504222190353,-0.06908675525276653,True,20,True,True,True,False,True,False,4,1,STOP_BEFORE_TARGET,True,True,True,False,False,4,20,TARGET_BEFORE_STOP,2024-09-16,2024-09-18,2024-09-20,2024-09-27,2024-10-11
TSLA|2024-09-16T00:00:00|Long,TSLA,2024-09-16,Long,0.004806404196833203,0.034350509687157915,-0.001014179948747973,True,0.07557985484570517,0.07699094632617642,-0.001014179948747973,True,0.10238998741375305,0.10238998741375305,-0.001014179948747973,True,0.15367319115929523,0.16791598367246308,-0.001014179948747973,True,-0.033600825285316716,0.16791598367246308,-0.05750063213830148,True,20,True,True,True,True,False,False,1,19,TARGET_BEFORE_STOP,True,True,True,False,False,3,19,TARGET_BEFORE_STOP,2024-09-17,2024-09-19,2024-09-23,2024-09-30,2024-10-14
TSLA|2024-09-17T00:00:00|Long,TSLA,2024-09-17,Long,-0.0029402649901351108,0.034273918137301296,-0.004344539674325576,True,0.04555231098975687,0.07183925363915455,-0.004344539674325576,True,0.115855574322967,0.12866989051867161,-0.004344539674325576,True,0.13231225936955426,0.16232935896343892,-0.004344539674325576,True,-0.03642422421038927,0.16232935896343892,-0.06200899603634413,True,20,True,True,True,True,False,False,1,18,TARGET_BEFORE_STOP,True,True,True,False,False,2,18,TARGET_BEFORE_STOP,2024-09-18,2024-09-20,2024-09-24,2024-10-01,2024-10-15
TSLA|2024-09-18T00:00:00|Long,TSLA,2024-09-18,Long,0.07359155565707187,0.07500003861709437,0.021698978876718122,True,0.10035212745602196,0.10035212745602196,0.021698978876718122,True,0.13124996683966894,0.13199826538728354,0.021698978876718122,True,0.09603876592124028,0.16575699343825057,0.021698978876718122,True,-0.025836246461414913,0.16575699343825057,-0.059242920932540355,True,20,True,True,True,True,False,False,1,17,TARGET_BEFORE_STOP,True,True,True,False,False,1,17,TARGET_BEFORE_STOP,2024-09-19,2024-09-23,2024-09-25,2024-10-02,2024-10-16
TSLA|2024-09-19T00:00:00|Long,TSLA,2024-09-19,Long,-0.02324531900421767,0.0002870093667770579,-0.03279763881622777,True,0.04243197024110734,0.05440310090224654,-0.03279763881622777,True,0.04222697248719953,0.07309774501845134,-0.03279763881622777,True,-0.013365015297261418,0.08584776705398967,-0.03279763881622777,True,-0.09441619773769305,0.08584776705398967,-0.12372906240708403,True,20,True,True,True,False,True,False,3,1,STOP_BEFORE_TARGET,True,True,False,True,False,3,1,STOP_BEFORE_TARGET,2024-09-20,2024-09-24,2024-09-26,2024-10-03,2024-10-17
TSLA|2024-09-20T00:00:00|Long,TSLA,2024-09-20,Long,0.04931794333683115,0.04931794333683115,0.015403979722750538,True,0.07878274507312444,0.07949633763444397,0.015403979722750538,True,0.09322137022068477,0.09863588667366208,0.015403979722750538,True,0.049653732764133096,0.11168934040529899,-0.001846809827518392,True,-0.07366213243130249,0.11168934040529899,-0.10287510810844047,True,20,True,True,True,True,False,False,1,14,TARGET_BEFORE_STOP,True,True,True,False,False,2,15,TARGET_BEFORE_STOP,2024-09-23,2024-09-25,2024-09-27,2024-10-04,2024-10-18
TSLA|2024-09-23T00:00:00|Long,TSLA,2024-09-23,Long,0.017080017089843746,0.028760009765625094,-0.003799987792968751,True,0.016880004882812605,0.04699999999999993,-0.003799987792968751,True,0.04652001953125007,0.059439941406250085,-0.003799987792968751,True,-0.03667999267578126,0.059439941406250085,-0.048760009765625,True,-0.1245999755859375,0.059439941406250085,-0.1450399780273437,True,20,True,True,True,True,False,False,3,7,TARGET_BEFORE_STOP,True,True,True,False,False,5,7,TARGET_BEFORE_STOP,2024-09-24,2024-09-26,2024-09-30,2024-10-07,2024-10-21
TSLA|2024-09-24T00:00:00|Long,TSLA,2024-09-24,Long,0.010815214909361437,0.010933194925851097,-0.00782634781817082,True,0.02434415022852776,0.029417530978305795,-0.010775968250773427,True,0.014748042152831653,0.04164856609572376,-0.022574449981183853,True,-0.038423738971553933,0.04164856609572376,-0.06473436283199807,True,-0.14276164094000188,0.04164856609572376,-0.15939748337702975,True,20,True,True,True,True,False,False,4,5,TARGET_BEFORE_STOP,False,True,False,True,False,,6,STOP_BEFORE_TARGET,2024-09-25,2024-09-27,2024-10-01,2024-10-08,2024-10-22
TSLA|2024-09-25T00:00:00|Long,TSLA,2024-09-25,Long,-0.01089404681602335,0.01840328063385188,-0.021360168348941055,True,0.017936409875480175,0.03050344982107056,-0.021360168348941055,True,-0.031125924376198544,0.03050344982107056,-0.06038436571891037,True,-0.06213519043090676,0.03050344982107056,-0.07474123521986564,True,-0.16874172037599955,0.03050344982107056,-0.17473344612481245,True,20,True,True,True,False,True,False,3,1,STOP_BEFORE_TARGET,False,True,False,True,False,,4,STOP_BEFORE_TARGET,2024-09-26,2024-09-30,2024-10-02,2024-10-09,2024-10-23
TSLA|2024-09-26T00:00:00|Long,TSLA,2024-09-26,Long,0.024545630573566513,0.025489776395298147,-0.00039338408872402475,True,0.014947635019755046,0.04185345008169583,-0.022382198151538968,True,-0.0533396172350008,0.04185345008169583,-0.06455040352180197,True,-0.0607741203447999,0.04185345008169583,-0.08606720469573592,True,0.02462437941769302,0.04185345008169583,-0.16564393205943473,True,20,True,True,True,True,False,False,2,3,TARGET_BEFORE_STOP,False,True,False,True,False,,4,STOP_BEFORE_TARGET,2024-09-27,2024-10-01,2024-10-03,2024-10-10,2024-10-24
TSLA|2024-09-27T00:00:00|Long,TSLA,2024-09-27,Long,0.004492104223754234,0.01689316609396907,-0.018006555081324538,True,-0.04392224356112007,0.01689316609396907,-0.07279425661176131,True,-0.03985253000291866,0.01689316609396907,-0.08696150902082345,True,-0.16378710666846485,0.01689316609396907,-0.17691771513481414,True,0.033517665947684794,0.03466942745736179,-0.18563308159005887,True,20,True,True,True,False,True,False,20,2,STOP_BEFORE_TARGET,False,True,False,True,False,,2,STOP_BEFORE_TARGET,2024-09-30,2024-10-02,2024-10-04,2024-10-11,2024-10-25
TSLA|2024-09-30T00:00:00|Long,TSLA,2024-09-30,Long,-0.013798172234708361,0.008982173526191017,-0.05007073293976083,True,-0.0801513619590225,0.008982173526191017,-0.09104463127189122,True,-0.07950159639019383,0.008982173526191017,-0.09104463127189122,True,-0.16232848078616213,0.008982173526191017,-0.18304475211510618,True,0.003363547247597465,0.045522315635945665,-0.1892749430427202,True,20,True,True,True,False,True,False,19,1,STOP_BEFORE_TARGET,False,True,False,True,False,,1,STOP_BEFORE_TARGET,2024-10-01,2024-10-03,2024-10-07,2024-10-14,2024-10-28
TSLA|2024-10-01T00:00:00|Long,TSLA,2024-10-01,Long,-0.03488095932262847,-0.026587030631952335,-0.06402600463949526,True,-0.030772759943790473,-0.026587030631952335,-0.07832723167043942,True,-0.052398998485948645,-0.026587030631952335,-0.07832723167043942,True,-0.14901939123567576,-0.026587030631952335,-0.17161454695729605,True,0.005813503076773419,0.06015045419766918,-0.1779319058915534,True,20,True,True,True,False,True,False,18,1,STOP_BEFORE_TARGET,True,True,False,True,False,19,1,STOP_BEFORE_TARGET,2024-10-02,2024-10-04,2024-10-08,2024-10-15,2024-10-29
TSLA|2024-10-02T00:00:00|Long,TSLA,2024-10-02,Long,-0.03357160254966751,0.003092076943462807,-0.04501649072980474,True,-0.032888933824148925,0.007790548582930823,-0.04501649072980474,True,-0.03200546576162966,0.007790548582930823,-0.04501649072980474,True,-0.11119589577674938,0.007790548582930823,-0.1416753601075995,True,0.03425420999983153,0.0984660021354462,-0.14822103858662272,True,20,True,True,True,False,True,False,16,1,STOP_BEFORE_TARGET,True,True,False,True,False,16,1,STOP_BEFORE_TARGET,2024-10-03,2024-10-07,2024-10-09,2024-10-16,2024-10-30
TSLA|2024-10-03T00:00:00|Long,TSLA,2024-10-03,Long,0.03914235030998814,0.04279898153005601,0.016288531992416422,True,0.01595610520841695,0.04279898153005601,-0.00041554933098075786,True,-0.00785340048569938,0.04279898153005601,-0.03457162468882935,True,-0.08214910650553442,0.04279898153005601,-0.11185904495680732,True,0.03818666293344353,0.13662430143139437,-0.1186321059474531,True,20,True,True,True,True,False,False,1,5,TARGET_BEFORE_STOP,True,True,False,True,False,15,5,STOP_BEFORE_TARGET,2024-10-04,2024-10-08,2024-10-10,2024-10-17,2024-10-31
TSLA|2024-10-04T00:00:00|Long,TSLA,2024-10-04,Long,-0.03698816351676526,-0.0009996800950476947,-0.03750801669119186,True,-0.036108440151872756,-0.0009996800950476947,-0.04226650370611995,True,-0.1290786889913097,-0.0009996800950476947,-0.1427543053696867,True,-0.11748242429500866,-0.0009996800950476947,-0.14531348397238364,True,-0.004398616824462187,0.09381000696615449,-0.15183141771709652,True,20,True,True,True,False,True,False,14,1,STOP_BEFORE_TARGET,True,True,False,True,False,15,1,STOP_BEFORE_TARGET,2024-10-07,2024-10-09,2024-10-11,2024-10-18,2024-11-01
TSLA|2024-10-07T00:00:00|Long,TSLA,2024-10-07,Long,0.015238957526229946,0.02233942964708624,-0.0011211405157499632,True,-0.008553741406516546,0.027405185377844088,-0.0352531056289237,True,-0.0899804758717192,0.027405185377844088,-0.11248596990376059,True,-0.09126768077242431,0.027405185377844088,-0.11248596990376059,True,0.008346113405945044,0.13582197593808787,-0.11925424989553657,True,20,True,True,True,False,True,False,13,3,STOP_BEFORE_TARGET,True,True,False,True,False,13,3,STOP_BEFORE_TARGET,2024-10-08,2024-10-10,2024-10-14,2024-10-21,2024-11-04
TSLA|2024-10-08T00:00:00|Long,TSLA,2024-10-08,Long,-0.014110416966225725,0.011983610125894772,-0.020409020421938928,True,-0.10920244150610303,0.011983610125894772,-0.1231901640784765,True,-0.10196316022814422,0.011983610125894772,-0.1258077484942165,True,-0.10850715247156184,0.011983610125894772,-0.1258077484942165,True,0.028384468063011203,0.11877304108352504,-0.1324744351314865,True,20,True,True,True,False,True,False,12,1,STOP_BEFORE_TARGET,True,True,False,True,False,12,2,STOP_BEFORE_TARGET,2024-10-09,2024-10-11,2024-10-15,2024-10-22,2024-11-05
TSLA|2024-10-09T00:00:00|Long,TSLA,2024-10-09,Long,-0.009458613360014412,0.007218378810811998,-0.03613360963947798,True,-0.090811031373222,0.007218378810811998,-0.11329598511861372,True,-0.08180875739905669,0.007218378810811998,-0.11329598511861372,True,-0.11366939974437651,0.007218378810811998,-0.12005808784492034,True,0.19697156244110992,0.2013689801767411,-0.12005808784492034,True,20,True,True,True,False,True,False,11,1,STOP_BEFORE_TARGET,True,True,False,True,False,11,1,STOP_BEFORE_TARGET,2024-10-10,2024-10-14,2024-10-16,2024-10-23,2024-11-06
TSLA|2024-10-10T00:00:00|Long,TSLA,2024-10-10,Long,-0.08782510719719305,-0.06462289089279027,-0.10214850673544806,True,-0.08041209785435621,-0.06076981826020156,-0.10482890786706645,True,-0.07488379847918247,-0.06076981826020156,-0.10482890786706645,True,0.09092434696735974,0.09779281495544079,-0.11165558145941812,True,0.24349791996194292,0.2553921959893868,-0.11165558145941812,True,20,True,True,True,False,True,False,10,1,STOP_BEFORE_TARGET,True,True,False,True,False,10,1,STOP_BEFORE_TARGET,2024-10-11,2024-10-15,2024-10-17,2024-10-24,2024-11-07
TSLA|2024-10-11T00:00:00|Long,TSLA,2024-10-11,Long,0.00624426350457119,0.018870525953917694,-0.01864094353400414,True,0.01620752401210024,0.029660199102673923,-0.01864094353400414,True,0.013314939650369118,0.029660199102673923,-0.01864094353400414,True,0.23595040711471515,0.23732776151675994,-0.02612489605913404,True,0.4748392870516567,0.5092285897579338,-0.02612489605913404,True,20,True,True,True,False,True,False,9,8,STOP_BEFORE_TARGET,True,False,True,False,False,9,,TARGET_BEFORE_STOP,2024-10-14,2024-10-16,2024-10-18,2024-10-25,2024-11-08
TSLA|2024-10-14T00:00:00|Long,TSLA,2024-10-14,Long,0.0018707960177875016,0.02327062766703314,-0.009308306765987595,True,0.007893756609925529,0.02327062766703314,-0.009308306765987595,True,-0.0014144805320942533,0.02327062766703314,-0.015650702122904425,True,0.19780071810160504,0.24812923879419646,-0.03216829227027751,True,0.59700672637154,0.6364300449701208,-0.03216829227027751,True,20,True,True,True,False,True,False,8,7,STOP_BEFORE_TARGET,True,True,False,True,False,8,7,STOP_BEFORE_TARGET,2024-10-15,2024-10-17,2024-10-21,2024-10-28,2024-11-11
TSLA|2024-10-15T00:00:00|Long,TSLA,2024-10-15,Long,0.008015641700267029,0.014801657291931614,-0.002914854611688611,True,0.005146375125610225,0.014801657291931614,-0.0076058358246917646,True,-0.007286997541303686,0.014801657291931614,-0.019629333122071713,True,0.18194644239576263,0.24579860372737805,-0.03397552700743722,True,0.4960603874705172,0.6333743347690786,-0.03397552700743722,True,20,True,True,True,False,True,False,7,6,STOP_BEFORE_TARGET,True,True,False,True,False,7,6,STOP_BEFORE_TARGET,2024-10-16,2024-10-18,2024-10-22,2024-10-29,2024-11-12
TSLA|2024-10-16T00:00:00|Long,TSLA,2024-10-16,Long,-0.001987992760882462,0.0033886052220453156,-0.015497257064988834,True,-0.01120496863065179,0.004292219492987304,-0.025301613234477882,True,-0.03469935332324536,0.004292219492987304,-0.04165725904498441,True,0.16364697809726425,0.23589213519150487,-0.04165725904498441,True,0.49207060724850726,0.6203859019627809,-0.04165725904498441,True,20,True,True,True,False,True,False,6,3,STOP_BEFORE_TARGET,True,True,False,True,False,6,5,STOP_BEFORE_TARGET,2024-10-17,2024-10-21,2024-10-23,2024-10-30,2024-11-13
TSLA|2024-10-17T00:00:00|Long,TSLA,2024-10-17,Long,-0.0008601676940163117,0.006292722139930262,-0.0075150693408312375,True,-0.01321924114723938,0.006292722139930262,-0.025487821532749422,True,0.17922953373205086,0.18665397184781396,-0.03974828558810861,True,0.1311060111090947,0.23835397392708213,-0.03974828558810861,True,0.40875545989233264,0.6236136341138694,-0.03974828558810861,True,20,True,True,True,False,True,False,5,2,STOP_BEFORE_TARGET,True,True,False,True,False,5,4,STOP_BEFORE_TARGET,2024-10-18,2024-10-22,2024-10-24,2024-10-31,2024-11-14
TSLA|2024-10-18T00:00:00|Long,TSLA,2024-10-18,Long,-0.008382378207102636,-0.0009968338185102343,-0.022519262752272118,True,-0.031943829403002444,-0.0009968338185102343,-0.03892159699442643,True,0.21971004152091478,0.22106929751147608,-0.03892159699442643,True,0.12813773978406084,0.2394200830418296,-0.03892159699442643,True,0.453194407138652,0.625011416436696,-0.03892159699442643,True,20,True,True,True,False,True,False,4,1,STOP_BEFORE_TARGET,True,True,False,True,False,4,3,STOP_BEFORE_TARGET,2024-10-21,2024-10-23,2024-10-25,2024-11-01,2024-11-15
TSLA|2024-10-21T00:00:00|Long,TSLA,2024-10-21,Long,-0.004021041161846095,-0.002878706261102426,-0.016403982163846087,True,0.19022162998305592,0.19771527442044134,-0.030797374024180035,True,0.19949738379928705,0.2498971940422885,-0.030797374024180035,True,0.10961841245290072,0.2498971940422885,-0.030797374024180035,True,0.5478180524891174,0.6387480221444521,-0.030797374024180035,True,20,True,True,True,False,True,False,3,2,STOP_BEFORE_TARGET,True,True,False,True,False,3,2,STOP_BEFORE_TARGET,2024-10-22,2024-10-24,2024-10-28,2024-11-04,2024-11-18
TSLA|2024-10-22T00:00:00|Long,TSLA,2024-10-22,Long,-0.019819274670942355,0.0034408404633654577,-0.026884436287258118,True,0.23498647031176034,0.2363627504938437,-0.026884436287258118,True,0.1906225056671802,0.25494337300091097,-0.026884436287258118,True,0.15355324601211273,0.25494337300091097,-0.026884436287258118,True,0.5873744004325692,0.6453640989124025,-0.026884436287258118,True,20,True,True,True,False,True,False,2,1,STOP_BEFORE_TARGET,True,False,True,False,False,2,,TARGET_BEFORE_STOP,2024-10-23,2024-10-25,2024-10-29,2024-11-05,2024-11-19
TSLA|2024-10-23T00:00:00|Long,TSLA,2024-10-23,Long,0.21919035070290427,0.22686638242633106,0.135736020727671,True,0.22869186644027617,0.2803183541276151,0.135736020727671,True,0.20547622349923578,0.2803183541276151,0.135736020727671,True,0.3504797894779845,0.3554411636360728,0.11809038945515882,True,0.600889344958343,0.6786333952445713,0.11809038945515882,True,20,True,True,False,True,False,False,1,,TARGET_BEFORE_STOP,True,False,True,False,False,1,,TARGET_BEFORE_STOP,2024-10-24,2024-10-28,2024-10-30,2024-11-06,2024-11-20
TSLA|2024-10-24T00:00:00|Long,TSLA,2024-10-24,Long,0.03343823359841336,0.03458990658795602,-0.019809595533148983,True,-0.003685587884540764,0.050138194900795074,-0.019809595533148983,True,-0.04080929220849283,0.050138194900795074,-0.04311275534658032,True,0.13985715271523613,0.150760086599248,-0.08292385285813486,True,0.30390049264188757,0.37684275000764456,-0.08292385285813486,True,20,True,True,True,True,False,False,1,5,TARGET_BEFORE_STOP,True,True,True,False,False,2,5,TARGET_BEFORE_STOP,2024-10-25,2024-10-29,2024-10-31,2024-11-07,2024-11-21
TSLA|2024-10-25T00:00:00|Long,TSLA,2024-10-25,Long,-0.024815158866218545,0.016159612407828927,-0.025818240439832274,True,-0.04324088763649814,0.016159612407828927,-0.05081915305360574,True,-0.07507710736124473,0.016159612407828927,-0.08380696665547349,True,0.1932835480791011,0.22110772492981945,-0.1125970403198433,True,0.3097068775254177,0.34302907054651843,-0.1125970403198433,True,20,True,True,True,False,True,False,8,1,STOP_BEFORE_TARGET,True,True,False,True,False,8,2,STOP_BEFORE_TARGET,2024-10-28,2024-10-30,2024-11-01,2024-11-08,2024-11-22
TSLA|2024-10-28T00:00:00|Long,TSLA,2024-10-28,Long,-0.01139012091242797,0.009409169665219208,-0.02666570796686507,True,-0.04822674637592872,0.009409169665219208,-0.05051239675570407,True,-0.07493052720273874,0.009409169665219208,-0.09001563370444399,True,0.3332824920180686,0.36619557847961537,-0.09001563370444399,True,0.2898174688279185,0.3787283502024197,-0.09001563370444399,True,20,True,True,True,False,True,False,7,1,STOP_BEFORE_TARGET,True,True,False,True,False,7,3,STOP_BEFORE_TARGET,2024-10-29,2024-10-31,2024-11-04,2024-11-11,2024-11-25
TSLA|2024-10-29T00:00:00|Long,TSLA,2024-10-29,Long,-0.007590942139718337,0.014758081273045898,-0.014257020060440162,True,-0.04061341604625901,0.014758081273045898,-0.04966855994348984,True,-0.03113435155023825,0.014758081273045898,-0.0795313848821565,True,0.26575988031915987,0.3819359965738278,-0.0795313848821565,True,0.3032907880113609,0.39461316275223135,-0.0795313848821565,True,20,True,True,True,False,True,False,6,2,STOP_BEFORE_TARGET,True,True,False,True,False,6,2,STOP_BEFORE_TARGET,2024-10-30,2024-11-01,2024-11-05,2024-11-12,2024-11-26
TSLA|2024-10-30T00:00:00|Long,TSLA,2024-10-30,Long,-0.029897037679701755,0.008542078475265669,-0.032226706217670986,True,-0.057115092806382606,0.008542078475265669,-0.07249071556999687,True,0.12028737120823063,0.12440306761216857,-0.07249071556999687,True,0.28223648179645044,0.39250643233083693,-0.07249071556999687,True,0.29252584129815884,0.4052805662204817,-0.07249071556999687,True,20,True,True,True,False,True,False,5,1,STOP_BEFORE_TARGET,True,True,False,True,False,5,1,STOP_BEFORE_TARGET,2024-10-31,2024-11-04,2024-11-06,2024-11-13,2024-11-27
TSLA|2024-10-31T00:00:00|Long,TSLA,2024-10-31,Long,-0.003482130697311625,0.016609941145108387,-0.012887737210496741,True,0.0063638034782831365,0.021733009978521123,-0.04390634761945189,True,0.18835299743437384,0.19971980259152078,-0.04390634761945189,True,0.2454672206285875,0.4354212763150742,-0.04390634761945189,True,0.3814688622385134,0.44858908879045467,-0.04390634761945189,True,20,True,True,True,False,True,False,4,2,STOP_BEFORE_TARGET,True,True,False,True,False,4,2,STOP_BEFORE_TARGET,2024-11-01,2024-11-05,2024-11-07,2024-11-14,2024-11-29
TSLA|2024-11-01T00:00:00|Long,TSLA,2024-11-01,Long,-0.024660613282231236,-0.00032131830840831377,-0.040565471194637936,True,0.15884811523186682,0.16310547556917565,-0.040565471194637936,True,0.29014381369102815,0.3202265125539976,-0.040565471194637936,True,0.2881356202273766,0.44043706644167635,-0.040565471194637936,True,0.434211593162116,0.45365089118181334,-0.040565471194637936,True,20,True,True,True,False,True,False,3,1,STOP_BEFORE_TARGET,True,True,False,True,False,3,1,STOP_BEFORE_TARGET,2024-11-04,2024-11-06,2024-11-08,2024-11-15,2024-12-02
TSLA|2024-11-04T00:00:00|Long,TSLA,2024-11-04,Long,0.03541429020427711,0.05122715627164265,0.013877493109856198,True,0.22265692694619,0.23435185521467417,0.013877493109856198,True,0.4412782296084603,0.4768572725121494,0.013877493109856198,True,0.3949102097788204,0.4768572725121494,0.013877493109856198,True,0.4471257565774467,0.49040519738843713,0.013877493109856198,True,20,True,True,False,True,False,False,1,,TARGET_BEFORE_STOP,True,False,True,False,False,1,,TARGET_BEFORE_STOP,2024-11-05,2024-11-07,2024-11-11,2024-11-18,2024-12-03
TSLA|2024-11-05T00:00:00|Long,TSLA,2024-11-05,Long,0.14751032444224466,0.15172603215900216,0.09616605329701255,True,0.277521468747034,0.30730984832724983,0.09616605329701255,True,0.30643488325181645,0.42634430148803526,0.09616605329701255,True,0.37607380146533886,0.42634430148803526,0.09616605329701255,True,0.4235204788434197,0.4394288464904179,0.09616605329701255,True,20,True,True,False,True,False,False,1,,TARGET_BEFORE_STOP,True,False,True,False,False,1,,TARGET_BEFORE_STOP,2024-11-06,2024-11-08,2024-11-12,2024-11-19,2024-12-04
TSLA|2024-11-06T00:00:00|Long,TSLA,2024-11-06,Long,0.02904379065700735,0.03888677526833373,-0.01043222465032978,True,0.21304544234834633,0.24299038632294656,-0.01043222465032978,True,0.14456032867134572,0.24299038632294656,-0.01043222465032978,True,0.18542266047324718,0.24299038632294656,-0.01043222465032978,True,0.2805947104204103,0.3011818329606557,-0.01043222465032978,True,20,True,True,False,True,False,False,1,,TARGET_BEFORE_STOP,True,False,True,False,False,2,,TARGET_BEFORE_STOP,2024-11-07,2024-11-11,2024-11-13,2024-11-20,2024-12-05
TSLA|2024-11-07T00:00:00|Long,TSLA,2024-11-07,Long,0.08187665372925301,0.10710312013992596,0.002526017954092019,True,0.10636215076203492,0.20790815474367896,0.002526017954092019,True,0.04806166460430705,0.20790815474367896,0.002526017954092019,True,0.1439156999066824,0.20790815474367896,0.002526017954092019,True,0.3109022815669247,0.31181161102818167,0.002526017954092019,True,20,True,True,False,True,False,False,1,,TARGET_BEFORE_STOP,True,False,True,False,False,1,,TARGET_BEFORE_STOP,2024-11-08,2024-11-12,2024-11-14,2024-11-21,2024-12-06
TSLA|2024-11-08T00:00:00|Long,TSLA,2024-11-08,Long,0.08959591143118995,0.11649341039017025,0.04601207497394255,True,0.028080409001288942,0.11649341039017025,0.003984804104453676,True,-0.0015565655877588513,0.11649341039017025,-0.03735757410621221,True,0.09756551964009752,0.12549031008470002,-0.03735757410621221,True,0.21346742750650138,0.2601954618474698,-0.03735757410621221,True,20,True,True,True,True,False,False,1,4,TARGET_BEFORE_STOP,True,True,True,False,False,1,4,TARGET_BEFORE_STOP,2024-11-11,2024-11-13,2024-11-15,2024-11-22,2024-12-09
TSLA|2024-11-11T00:00:00|Long,TSLA,2024-11-11,Long,-0.06145717075892854,-0.011885724748883941,-0.07625714983258924,True,-0.11091430664062496,-0.011885724748883941,-0.11322858537946423,True,-0.03217145647321429,-0.004142892020089328,-0.11651428222656246,True,-0.032600010463169626,0.03408569335937495,-0.11651428222656246,True,0.14568568638392865,0.17065717424665183,-0.11651428222656246,True,20,True,True,True,False,True,False,9,1,STOP_BEFORE_TARGET,True,True,False,True,False,17,1,STOP_BEFORE_TARGET,2024-11-12,2024-11-14,2024-11-18,2024-11-25,2024-12-10
TSLA|2024-11-12T00:00:00|Long,TSLA,2024-11-12,Long,0.005327407385385952,0.049042638582826426,-0.018234924693142696,True,-0.023653655346173696,0.049042638582826426,-0.05866233245013919,True,0.05330454591061273,0.06106730236827329,-0.05866233245013919,True,0.029650890564439036,0.10179915198495726,-0.05866233245013919,True,0.2930987294638776,0.2934336433803173,-0.05866233245013919,True,20,True,True,True,True,False,False,1,2,TARGET_BEFORE_STOP,True,True,False,True,False,4,2,STOP_BEFORE_TARGET,2024-11-13,2024-11-15,2024-11-19,2024-11-26,2024-12-11
TSLA|2024-11-13T00:00:00|Long,TSLA,2024-11-13,Long,-0.05771559508909463,-0.0007872433858248096,-0.060168349396708565,True,0.025738857350278588,0.05544451944054063,-0.06365064690909705,True,0.03570133507015427,0.05544451944054063,-0.06365064690909705,True,0.008024541219801229,0.09596052379639275,-0.06365064690909705,True,0.2660489900292977,0.299963664268188,-0.06365064690909705,True,20,True,True,True,False,True,False,3,1,STOP_BEFORE_TARGET,True,True,False,True,False,3,1,STOP_BEFORE_TARGET,2024-11-14,2024-11-18,2024-11-20,2024-11-27,2024-12-12
TSLA|2024-11-14T00:00:00|Long,TSLA,2024-11-14,Long,0.030657525449785616,0.04338325187270531,-0.0062985779973336875,True,0.11189667762637212,0.12009125264079334,-0.0062985779973336875,True,0.09145839270684974,0.12009125264079334,-0.0062985779973336875,True,0.10919728705608622,0.16308889129924387,-0.0062985779973336875,True,0.4018575141520637,0.4020823898133776,-0.0062985779973336875,True,20,True,True,False,True,False,False,1,,TARGET_BEFORE_STOP,True,False,True,False,False,2,,TARGET_BEFORE_STOP,2024-11-15,2024-11-19,2024-11-21,2024-11-29,2024-12-13
TSLA|2024-11-15T00:00:00|Long,TSLA,2024-11-15,Long,0.056186046847983784,0.08677346740565284,0.02896610286094692,True,0.06644424257135517,0.08677346740565284,0.02896610286094692,True,0.09927661579166669,0.12724494076847548,0.02896610286094692,True,0.11340108187440268,0.1284921155469798,0.01830255392506075,True,0.4436891595514967,0.4442192587878626,0.01830255392506075,True,20,True,True,False,True,False,False,1,,TARGET_BEFORE_STOP,True,False,True,False,False,1,,TARGET_BEFORE_STOP,2024-11-18,2024-11-20,2024-11-22,2024-12-02,2024-12-16
TSLA|2024-11-18T00:00:00|Long,TSLA,2024-11-18,Long,0.021432396454288627,0.025506331987727338,-0.017683150519755664,True,0.002656977150645057,0.02730707996301196,-0.017683150519755664,True,-0.00044279949462300294,0.0684595947037756,-0.017683150519755664,True,0.037432908894476924,0.0684595947037756,-0.03586820052771966,True,0.4166027017345848,0.4287949583381081,-0.03586820052771966,True,20,True,True,True,True,False,False,4,7,TARGET_BEFORE_STOP,True,True,True,False,False,4,7,TARGET_BEFORE_STOP,2024-11-19,2024-11-21,2024-11-25,2024-12-03,2024-12-17
TSLA|2024-11-19T00:00:00|Long,TSLA,2024-11-19,Long,-0.011473991967350106,0.001734121686461254,-0.033815064182171284,True,0.018959530516166945,0.04488438953554019,-0.033815064182171284,True,-0.022456615646450517,0.04604044125948348,-0.033815064182171284,True,0.034479747617864875,0.04604044125948348,-0.05609827648008492,True,0.2720520372335622,0.4119653426153811,-0.05609827648008492,True,20,True,True,True,False,True,False,3,1,STOP_BEFORE_TARGET,True,True,False,True,False,11,1,STOP_BEFORE_TARGET,2024-11-20,2024-11-22,2024-11-26,2024-12-04,2024-12-18
TSLA|2024-11-20T00:00:00|Long,TSLA,2024-11-20,Long,-0.006987644766217049,0.017425347122618673,-0.019735111025613872,True,-0.010057604460671832,0.058182013178690095,-0.019735111025613872,True,-0.02672275579183092,0.058182013178690095,-0.04514224628398544,True,0.0802853303893889,0.09765223522991784,-0.04514224628398544,True,0.2752390579318267,0.4283542680130936,-0.04514224628398544,True,20,True,True,True,True,False,False,2,5,TARGET_BEFORE_STOP,True,True,True,False,False,2,5,TARGET_BEFORE_STOP,2024-11-21,2024-11-25,2024-11-27,2024-12-05,2024-12-19
TSLA|2024-11-21T00:00:00|Long,TSLA,2024-11-21,Long,0.038040225983177356,0.06445054524425742,-0.005711937220984842,True,-0.004151465084492156,0.0656282448062433,-0.01171832179564547,True,0.016252469601927277,0.0656282448062433,-0.03842308841040121,True,0.14597804862182095,0.14677297560930036,-0.03842308841040121,True,0.23972435342883358,0.43840533351351807,-0.03842308841040121,True,20,True,True,True,True,False,False,1,4,TARGET_BEFORE_STOP,True,True,True,False,False,1,4,TARGET_BEFORE_STOP,2024-11-22,2024-11-26,2024-11-29,2024-12-06,2024-12-20
TSLA|2024-11-22T00:00:00|Long,TSLA,2024-11-22,Long,-0.039624464821427674,0.026577022867236177,-0.04073061450817583,True,-0.0557918738551364,0.026577022867236177,-0.07366122475760184,True,0.012848873413507489,0.026577022867236177,-0.07366122475760184,True,0.10559907886356479,0.1481733338896254,-0.07366122475760184,True,0.22135241968837382,0.3856932491716645,-0.07366122475760184,True,20,True,True,True,False,True,False,8,1,STOP_BEFORE_TARGET,True,True,False,True,False,8,1,STOP_BEFORE_TARGET,2024-11-25,2024-11-27,2024-12-02,2024-12-09,2024-12-23
TSLA|2024-11-25T00:00:00|Long,TSLA,2024-11-25,Long,-0.001063189566898104,0.02472014887538143,-0.008653512234476413,True,0.01940402077816361,0.02472014887538143,-0.035441094331755685,True,0.037892487163265764,0.06323282995267121,-0.035441094331755685,True,0.18429367249885686,0.21010666415981305,-0.035441094331755685,True,0.365309087035081,0.4428660439731096,-0.035441094331755685,True,20,True,True,True,False,True,False,4,2,STOP_BEFORE_TARGET,True,True,False,True,False,4,2,STOP_BEFORE_TARGET,2024-11-26,2024-11-29,2024-12-03,2024-12-10,2024-12-24
TSLA|2024-11-26T00:00:00|Long,TSLA,2024-11-26,Long,-0.015788061864523528,0.012772304840847681,-0.0344144938957176,True,0.05576082765856305,0.06436445113249234,-0.0344144938957176,True,0.058244333883930244,0.06436445113249234,-0.0344144938957176,True,0.2558613228169213,0.2561865922062927,-0.0344144938957176,True,0.3426662038608077,0.44440171680883034,-0.0344144938957176,True,20,True,True,True,False,True,False,3,1,STOP_BEFORE_TARGET,True,True,False,True,False,3,1,STOP_BEFORE_TARGET,2024-11-27,2024-12-02,2024-12-04,2024-12-11,2024-12-26
TSLA|2024-11-27T00:00:00|Long,TSLA,2024-11-27,Long,0.03685898787510977,0.03773017214667207,0.0052869691808135055,True,0.05566402704769091,0.08143826536879795,0.0052869691808135055,True,0.10994615030610166,0.1277898890186595,0.0052869691808135055,True,0.2559704037535271,0.28961509478242853,0.0052869691808135055,True,0.2967045710817793,0.46757183167799465,0.0052869691808135055,True,20,True,True,False,True,False,False,1,,TARGET_BEFORE_STOP,True,False,True,False,False,2,,TARGET_BEFORE_STOP,2024-11-29,2024-12-03,2024-12-05,2024-12-12,2024-12-27
TSLA|2024-11-29T00:00:00|Long,TSLA,2024-11-29,Long,0.034563659025395044,0.04299454218460985,0.017354242006089482,True,0.036997302347270056,0.04299454218460985,0.008807534223744806,True,0.12765093606189026,0.12843315013886136,0.008807534223744806,True,0.2638486683218684,0.26405140562021745,0.008807534223744806,True,0.20932321020232791,0.4154015626421559,0.008807534223744806,True,20,True,True,False,True,False,False,1,,TARGET_BEFORE_STOP,True,False,True,False,False,4,,TARGET_BEFORE_STOP,2024-12-02,2024-12-04,2024-12-06,2024-12-13,2024-12-30
TSLA|2024-12-02T00:00:00|Long,TSLA,2024-12-02,Long,-0.01587830229999254,-0.003920563193710036,-0.024895640376459527,True,0.034725122584366996,0.051359591492271095,-0.024895640376459527,True,0.09157358800969995,0.133607751391426,-0.024895640376459527,True,0.29664788642117745,0.29712399448770954,-0.024895640376459527,True,0.1309193774102917,0.368114518903097,-0.024895640376459527,True,20,True,True,True,False,True,False,3,1,STOP_BEFORE_TARGET,True,False,True,False,False,3,,TARGET_BEFORE_STOP,2024-12-03,2024-12-05,2024-12-09,2024-12-16,2024-12-31
TSLA|2024-12-03T00:00:00|Long,TSLA,2024-12-03,Long,0.018524782309774723,0.019008572137440005,-0.008024606500672937,True,0.1075635602658751,0.10833184039607713,-0.008024606500672937,True,0.14105621453695072,0.16592679793572596,-0.008024606500672937,True,0.3654884952937958,0.3772408279015167,-0.008024606500672937,True,0.07927831166989474,0.39018834977474803,-0.008024606500672937,True,20,True,True,False,True,False,False,2,,TARGET_BEFORE_STOP,True,False,True,False,False,2,,TARGET_BEFORE_STOP,2024-12-04,2024-12-06,2024-12-10,2024-12-17,2025-01-02
TSLA|2024-12-04T00:00:00|Long,TSLA,2024-12-04,Long,0.03229681165351517,0.04889224250020252,0.004386353075588323,True,0.08901186411053286,0.13094738098587655,0.004386353075588323,True,0.18674041769513106,0.18704778469815375,0.004386353075588323,True,0.22965388173404433,0.36490380393310407,0.004386353075588323,True,0.14670469320851076,0.36490380393310407,0.004386353075588323,True,20,True,True,False,True,False,False,1,,TARGET_BEFORE_STOP,True,False,True,False,False,2,,TARGET_BEFORE_STOP,2024-12-05,2024-12-09,2024-12-11,2024-12-18,2025-01-03
TSLA|2024-12-05T00:00:00|Long,TSLA,2024-12-05,Long,0.053397958017247005,0.05412866526455451,0.0035454209673251302,True,0.0852526477916733,0.10890693067605994,0.0035454209673251302,True,0.13155976387426982,0.16187176686614713,0.0035454209673251302,True,0.18046503276330395,0.32220092954353396,0.0035454209673251302,True,0.11247935981224111,0.32220092954353396,0.0035454209673251302,True,20,True,True,False,True,False,False,1,,TARGET_BEFORE_STOP,True,False,True,False,False,1,,TARGET_BEFORE_STOP,2024-12-06,2024-12-10,2024-12-12,2024-12-19,2025-01-06
TSLA|2024-12-06T00:00:00|Long,TSLA,2024-12-06,Long,0.0014644862094215227,0.040028740875089674,-0.028801170083552874,True,0.09133648754296808,0.0916191448288104,-0.028801170083552874,True,0.12078004629306927,0.12095983357640816,-0.028801170083552874,True,0.08180462524544341,0.2551770387254595,-0.028801170083552874,True,0.013205858164377249,0.2551770387254595,-0.04157030117937477,True,20,True,True,True,,,False,1,1,AMBIGUOUS,True,True,True,False,False,2,17,TARGET_BEFORE_STOP,2024-12-09,2024-12-11,2024-12-13,2024-12-20,2025-01-07
TSLA|2024-12-09T00:00:00|Long,TSLA,2024-12-09,Long,0.02873337295448497,0.0511557556742972,0.002719406694262627,True,0.07262884357727484,0.10136221653175981,0.002719406694262627,True,0.1878703375238273,0.1883065042392571,0.002719406694262627,True,0.1046973926061796,0.25334153732834697,0.002719406694262627,True,0.01321222654143761,0.25334153732834697,-0.0429718556987323,True,20,True,True,True,True,False,False,1,16,TARGET_BEFORE_STOP,True,True,True,False,False,1,16,TARGET_BEFORE_STOP,2024-12-10,2024-12-12,2024-12-16,2024-12-23,2025-01-08
TSLA|2024-12-10T00:00:00|Long,TSLA,2024-12-10,Long,0.05930322291934931,0.05957758355632281,0.0034664572240943325,True,0.08788254472725288,0.08805705483559678,0.0034664572240943325,True,0.1966881893263437,0.20698771046999775,0.0034664572240943325,True,0.15284672943855382,0.2183346727916442,0.0034664572240943325,True,-0.015586423981174491,0.2183346727916442,-0.06970244238046097,True,20,True,True,True,True,False,False,1,15,TARGET_BEFORE_STOP,True,True,True,False,False,1,15,TARGET_BEFORE_STOP,2024-12-11,2024-12-13,2024-12-17,2024-12-24,2025-01-10
TSLA|2024-12-11T00:00:00|Long,TSLA,2024-12-11,Long,-0.015702575706076027,0.01066459235930406,-0.023000657453126738,True,0.09004873458413942,0.09044898279406866,-0.023000657453126738,True,0.03616078411002399,0.1501283545933314,-0.023000657453126738,True,0.06911979807546054,0.1501283545933314,-0.023000657453126738,True,-0.050521439861862305,0.1501283545933314,-0.12178351062152126,True,20,True,True,True,False,True,False,3,1,STOP_BEFORE_TARGET,True,True,True,False,False,3,13,TARGET_BEFORE_STOP,2024-12-12,2024-12-16,2024-12-18,2024-12-26,2025-01-13
TSLA|2024-12-12T00:00:00|Long,TSLA,2024-12-12,Long,0.04336284290396253,0.04353021148951397,-0.005716370757109623,True,0.14771580566003628,0.15759383680694317,-0.005716370757109623,True,0.04321934240714853,0.16847644442264453,-0.005716370757109623,True,0.032432426119688884,0.16847644442264453,-0.006433873241179167,True,-0.0519971787481166,0.16847644442264453,-0.10777325257306392,True,20,True,True,True,True,False,False,1,12,TARGET_BEFORE_STOP,True,True,True,False,False,2,12,TARGET_BEFORE_STOP,2024-12-13,2024-12-17,2024-12-19,2024-12-27,2025-01-14
TSLA|2024-12-13T00:00:00|Long,TSLA,2024-12-13,Long,0.06141250567967771,0.06180223913095939,-0.00018342866796994262,True,0.008940223731206398,0.11991379832010951,-0.02113564172225668,True,-0.03477526315402868,0.11991379832010951,-0.04261512475003293,True,-0.04314239472352255,0.11991379832010951,-0.04772713201722212,True,-0.018361895247679394,0.11991379832010951,-0.1448547803910416,True,20,True,True,True,True,False,False,1,3,TARGET_BEFORE_STOP,True,True,True,False,False,1,4,TARGET_BEFORE_STOP,2024-12-16,2024-12-18,2024-12-20,2024-12-30,2025-01-15
TSLA|2024-12-16T00:00:00|Long,TSLA,2024-12-16,Long,0.036369912179738284,0.045289624029782205,-0.011900089367165911,True,-0.05798880442102183,0.055116453148411404,-0.09286856079712424,True,-0.07001853846357153,0.055116453148411404,-0.10282490277143674,True,-0.1278130406461433,0.055116453148411404,-0.1306206684458372,True,-0.10625887187777627,0.055116453148411404,-0.19433282062060842,True,20,True,True,True,True,False,False,1,2,TARGET_BEFORE_STOP,True,True,,,False,2,2,AMBIGUOUS,2024-12-17,2024-12-19,2024-12-23,2024-12-31,2025-01-16
TSLA|2024-12-17T00:00:00|Long,TSLA,2024-12-17,Long,-0.0827949436951747,0.01808865806345583,-0.11013624223577989,True,-0.12253571789256357,0.01808865806345583,-0.1296627612271951,True,-0.03663565854399364,0.01808865806345583,-0.13430997302730874,True,-0.20960277923273207,0.01808865806345583,-0.22260655205159585,True,-0.11119907260545814,0.01808865806345583,-0.22260655205159585,True,20,True,False,True,False,True,False,,1,STOP_BEFORE_TARGET,False,True,False,True,False,,1,STOP_BEFORE_TARGET,2024-12-18,2024-12-20,2024-12-24,2025-01-02,2025-01-17
TSLA|2024-12-18T00:00:00|Long,TSLA,2024-12-18,Long,-0.008997322180141931,0.036875423826356446,-0.04569108137604716,True,-0.021652690508647043,0.036875423826356446,-0.05616522606152463,True,0.03180878341554472,0.05725576854539338,-0.05616522606152463,True,-0.06745734694754879,0.05725576854539338,-0.1524322259186891,True,-0.036489213142534616,0.05725576854539338,-0.1524322259186891,True,20,True,True,True,,,False,1,1,AMBIGUOUS,True,True,False,True,False,4,1,STOP_BEFORE_TARGET,2024-12-19,2024-12-23,2024-12-26,2025-01-03,2025-01-21
TSLA|2024-12-19T00:00:00|Long,TSLA,2024-12-19,Long,-0.034642491239586515,0.02501312059211247,-0.0424834312512109,True,0.059861944993356175,0.0610082869806714,-0.047596141702814565,True,-0.01034002711507409,0.06685460312911351,-0.047596141702814565,True,-0.057592280215126634,0.06685460312911351,-0.14473715051314961,True,-0.048283988875501116,0.06685460312911351,-0.14473715051314961,True,20,True,True,True,False,True,False,3,1,STOP_BEFORE_TARGET,True,True,False,True,False,3,1,STOP_BEFORE_TARGET,2024-12-20,2024-12-24,2024-12-27,2025-01-06,2025-01-22
TSLA|2024-12-20T00:00:00|Long,TSLA,2024-12-20,Long,0.022657123925894362,0.031943220170563835,-0.013418500758192176,True,0.07853989340228607,0.10513938457787453,-0.013418500758192176,True,-0.008668583854196332,0.10513938457787453,-0.013418500758192176,True,-0.06341141965953612,0.10513938457787453,-0.11404547877286664,True,-0.020614621968626623,0.10513938457787453,-0.11404547877286664,True,20,True,True,True,True,False,False,1,6,TARGET_BEFORE_STOP,True,True,True,False,False,2,6,TARGET_BEFORE_STOP,2024-12-23,2024-12-26,2024-12-30,2025-01-07,2025-01-23
TSLA|2024-12-23T00:00:00|Long,TSLA,2024-12-23,Long,0.07357174228224572,0.07473291272561022,0.010543447469971712,True,0.0024616756701552056,0.08065485363788172,-0.009521611810033304,True,-0.062145864807981344,0.08065485363788172,-0.06516487961184136,True,-0.08281468452542651,0.08065485363788172,-0.13367393577035025,True,-0.05578267345745369,0.08065485363788172,-0.13367393577035025,True,20,True,True,True,True,False,False,1,4,TARGET_BEFORE_STOP,True,True,True,False,False,1,4,TARGET_BEFORE_STOP,2024-12-24,2024-12-27,2024-12-31,2025-01-08,2025-01-24
TSLA|2024-12-24T00:00:00|Long,TSLA,2024-12-24,Long,-0.017629994630971146,0.00659770658696579,-0.024357553420780387,True,-0.09706237612631274,0.00659770658696579,-0.10065328134932217,True,-0.17954486505834333,0.00659770658696579,-0.19304315667998484,True,-0.14610194843659463,0.00659770658696579,-0.19304315667998484,True,-0.14088864985462424,0.00659770658696579,-0.19304315667998484,True,20,True,False,True,False,True,False,,1,STOP_BEFORE_TARGET,False,True,False,True,False,,2,STOP_BEFORE_TARGET,2024-12-26,2024-12-30,2025-01-02,2025-01-10,2025-01-27
TSLA|2024-12-26T00:00:00|Long,TSLA,2024-12-26,Long,-0.04947922616674816,-0.009094322855584536,-0.06084161932868182,True,-0.11073923326845392,-0.009094322855584536,-0.1136018227890565,True,-0.09620593656365073,-0.009094322855584536,-0.17856119495741263,True,-0.11190629726686474,-0.009094322855584536,-0.17856119495741263,True,-0.12340080580974366,-0.009094322855584536,-0.17856119495741263,True,20,True,False,True,False,True,False,,1,STOP_BEFORE_TARGET,False,True,False,True,False,,1,STOP_BEFORE_TARGET,2024-12-27,2024-12-31,2025-01-03,2025-01-13,2025-01-28
TSLA|2024-12-27T00:00:00|Long,TSLA,2024-12-27,Long,-0.03301209257078741,-0.01079554191394827,-0.03685772025930678,True,-0.12134551368769853,-0.00864108547162934,-0.13580131265317208,True,-0.047745947491752205,-0.00864108547162934,-0.13580131265317208,True,-0.08177736647145717,-0.00864108547162934,-0.13580131265317208,True,-0.09859611082223052,0.01871840453995466,-0.13580131265317208,True,20,True,False,True,False,True,False,,1,STOP_BEFORE_TARGET,False,True,False,True,False,,1,STOP_BEFORE_TARGET,2024-12-30,2025-01-02,2025-01-06,2025-01-14,2025-01-29
TSLA|2024-12-30T00:00:00|Long,TSLA,2024-12-30,Long,-0.03251001941775111,0.025203011239250728,-0.03562443397792803,True,-0.016698213170629472,0.025203011239250728,-0.10629835108864505,True,-0.055221528253562635,0.025203011239250728,-0.10629835108864505,True,0.025897792251630802,0.02968300716838823,-0.10629835108864505,True,-0.04103879814217182,0.05349652949463479,-0.10629835108864505,True,20,True,True,True,False,True,False,12,1,STOP_BEFORE_TARGET,True,True,False,True,False,12,1,STOP_BEFORE_TARGET,2024-12-31,2025-01-03,2025-01-07,2025-01-15,2025-01-30
TSLA|2024-12-31T00:00:00|Long,TSLA,2024-12-31,Long,-0.06081615932376483,-0.02751085938072073,-0.07626779930732408,True,0.017853584390996158,0.055937986684681196,-0.07626779930732408,True,-0.022038416147958317,0.055937986684681196,-0.07626779930732408,True,0.02471278495649032,0.06428286373437264,-0.07626779930732408,True,0.0018819576379678349,0.08889657840242027,-0.07626779930732408,True,20,True,True,True,False,True,False,3,1,STOP_BEFORE_TARGET,True,True,False,True,False,3,1,STOP_BEFORE_TARGET,2025-01-02,2025-01-06,2025-01-08,2025-01-16,2025-01-31
TSLA|2025-01-02T00:00:00|Long,TSLA,2025-01-02,Long,0.08215567328200035,0.0859523471009227,0.0004482530802614182,True,0.039759509124657644,0.12431447492152348,0.0004482530802614182,True,0.04076142033546648,0.12431447492152348,-0.005246757648122102,True,0.12449905445232945,0.15940727602211324,-0.005246757648122102,True,0.011600912019209098,0.15940727602211324,-0.012971982291629658,True,20,True,True,False,True,False,False,1,,TARGET_BEFORE_STOP,True,False,True,False,False,1,,TARGET_BEFORE_STOP,2025-01-03,2025-01-07,2025-01-10,2025-01-17,2025-02-03
TSLA|2025-01-03T00:00:00|Long,TSLA,2025-01-03,Long,0.0014861742226248698,0.03895816718463663,-0.021294196916448738,True,-0.037764350228539856,0.03895816718463663,-0.05613490012638578,True,-0.017371613001660013,0.03895816718463663,-0.08076696642456727,True,0.03320827600072507,0.07138677423907192,-0.08076696642456727,True,-0.044415775455343476,0.07138677423907192,-0.08790570333113301,True,20,True,True,True,,,False,1,1,AMBIGUOUS,True,True,False,True,False,9,2,STOP_BEFORE_TARGET,2025-01-06,2025-01-08,2025-01-13,2025-01-21,2025-02-04
TSLA|2025-01-06T00:00:00|Long,TSLA,2025-01-06,Long,-0.040603340073111505,0.007979561797113899,-0.051210286870439936,True,-0.03967886642246665,0.007979561797113899,-0.08213107955388277,True,-0.035737751800652195,0.02819614937272852,-0.08213107955388277,True,0.00987713825365355,0.06979686970786725,-0.08213107955388277,True,-0.07999020883512309,0.06979686970786725,-0.08925922279770437,True,20,True,True,True,False,True,False,6,1,STOP_BEFORE_TARGET,True,True,False,True,False,8,1,STOP_BEFORE_TARGET,2025-01-07,2025-01-10,2025-01-14,2025-01-22,2025-02-05
TSLA|2025-01-07T00:00:00|Long,TSLA,2025-01-07,Long,0.0014707807875757872,0.02064107655643843,-0.01764882775536536,True,0.022695031289882373,0.023912221177695647,-0.043285265850243726,True,0.08586067838235478,0.08986713601232221,-0.043285265850243726,True,0.045694340705448644,0.11507253922417426,-0.043285265850243726,True,-0.050816459001230996,0.11507253922417426,-0.07906479824007762,True,20,True,True,True,False,True,False,4,2,STOP_BEFORE_TARGET,True,True,False,True,False,4,2,STOP_BEFORE_TARGET,2025-01-08,2025-01-13,2025-01-15,2025-01-23,2025-02-06
TSLA|2025-01-08T00:00:00|Long,TSLA,2025-01-08,Long,-0.0005064369418008585,0.010989001648508578,-0.04469031697821735,True,0.0035954395639294923,0.07013726651085661,-0.04469031697821735,True,0.047804741900292935,0.08826653450161559,-0.04469031697821735,True,0.029472790952813854,0.11343492053483573,-0.04469031697821735,True,-0.08436726368117686,0.11343492053483573,-0.08760825920298854,True,20,True,True,True,False,True,False,3,1,STOP_BEFORE_TARGET,True,True,False,True,False,3,1,STOP_BEFORE_TARGET,2025-01-10,2025-01-14,2025-01-16,2025-01-24,2025-02-07
TSLA|2025-01-10T00:00:00|Long,TSLA,2025-01-10,Long,0.021710512074366584,0.02292653020833657,-0.03716366031586016,True,0.0848153514075165,0.08881795213547283,-0.03716366031586016,True,0.08045804973235082,0.11399909082756343,-0.03716366031586016,True,0.006105293919368204,0.11399909082756343,-0.03716366031586016,True,-0.11149105825816163,0.11399909082756343,-0.1120483902390752,True,20,True,True,True,False,True,False,2,1,STOP_BEFORE_TARGET,True,True,False,True,False,2,1,STOP_BEFORE_TARGET,2025-01-13,2025-01-15,2025-01-17,2025-01-27,2025-02-10
TSLA|2025-01-13T00:00:00|Long,TSLA,2025-01-13,Long,-0.017232432245921525,0.0479284352157312,-0.02174503252277482,True,0.026059383177323925,0.06568146188968815,-0.02174503252277482,True,0.05147407674318538,0.0903275219962496,-0.02174503252277482,True,-0.012942900628057807,0.0903275219962496,-0.04168009139458928,True,-0.18549006474287855,0.0903275219962496,-0.19392028942628825,True,20,True,True,True,,,False,1,1,AMBIGUOUS,True,True,True,False,False,2,9,TARGET_BEFORE_STOP,2025-01-14,2025-01-16,2025-01-21,2025-01-28,2025-02-11
TSLA|2025-01-14T00:00:00|Long,TSLA,2025-01-14,Long,0.08038151439752794,0.08436775577066813,0.02346356507783698,True,0.07604202180425457,0.10944597458377481,0.02346356507783698,True,0.04730548161507575,0.10944597458377481,0.02346356507783698,True,-0.018316630125030042,0.10944597458377481,-0.029972688475848774,True,-0.15099903571964235,0.10944597458377481,-0.1797860073711549,True,20,True,True,True,True,False,False,1,9,TARGET_BEFORE_STOP,True,True,True,False,False,1,11,TARGET_BEFORE_STOP,2025-01-15,2025-01-17,2025-01-22,2025-01-29,2025-02-12
TSLA|2025-01-15T00:00:00|Long,TSLA,2025-01-15,Long,-0.03362756026209679,-0.009854750382218058,-0.04457988016316805,True,-0.009691265902233015,0.02690203395645341,-0.05116529727628727,True,-0.03699032341491859,0.02690203395645341,-0.05116529727628727,True,-0.0652468412539331,0.02690203395645341,-0.10230721926511377,True,-0.16879173923042423,0.02690203395645341,-0.24081078609880202,True,20,True,False,True,False,True,False,,1,STOP_BEFORE_TARGET,False,True,False,True,False,,1,STOP_BEFORE_TARGET,2025-01-16,2025-01-21,2025-01-23,2025-01-30,2025-02-13
TSLA|2025-01-16T00:00:00|Long,TSLA,2025-01-16,Long,0.030641323404759335,0.0626358862582701,0.014329883937040266,True,0.003117244223363791,0.0626358862582701,-0.01814801032503266,True,-0.017495579294890762,0.0626358862582701,-0.019428757437101707,True,-0.022280221007969447,0.0626358862582701,-0.07106955473776133,True,-0.14010925030239552,0.0626358862582701,-0.21439273029443684,True,20,True,True,True,True,False,False,1,6,TARGET_BEFORE_STOP,True,True,True,False,False,1,6,TARGET_BEFORE_STOP,2025-01-17,2025-01-22,2025-01-24,2025-01-31,2025-02-14
TSLA|2025-01-17T00:00:00|Long,TSLA,2025-01-17,Long,-0.00569752092797482,0.015709290051656,-0.04733880994468054,True,-0.03310667084920871,0.015709290051656,-0.04733880994468054,True,-0.06881595803872365,0.015709290051656,-0.08792497069167649,True,-0.10039861037331477,0.015709290051656,-0.12225091359539864,True,-0.16973039776890386,0.015709290051656,-0.23774910643958824,True,20,True,False,True,False,True,False,,1,STOP_BEFORE_TARGET,False,True,False,True,False,,1,STOP_BEFORE_TARGET,2025-01-21,2025-01-23,2025-01-27,2025-02-03,2025-02-18
TSLA|2025-01-21T00:00:00|Long,TSLA,2025-01-21,Long,-0.021128638710367298,0.009267320508183463,-0.022354825435886738,True,-0.04124323920550532,0.009267320508183463,-0.04312969139300249,True,-0.06126349550220689,0.009267320508183463,-0.08859387996165202,True,-0.07512914216727984,0.009267320508183463,-0.11722126326809745,True,-0.14976303126542267,0.009267320508183463,-0.23338128023997828,True,20,True,False,True,False,True,False,,1,STOP_BEFORE_TARGET,False,True,False,True,False,,2,STOP_BEFORE_TARGET,2025-01-22,2025-01-24,2025-01-28,2025-02-04,2025-02-19
TSLA|2025-01-22T00:00:00|Long,TSLA,2025-01-22,Long,-0.006576523247056931,0.013538642367289633,-0.014839375977222735,True,-0.04326562137470036,0.013538642367289633,-0.06289895756048747,True,-0.0626580428462078,0.013538642367289633,-0.07378761158754932,True,-0.08898839639461609,0.013538642367289633,-0.09816675444578438,True,-0.14625037603868285,0.013538642367289633,-0.21683404982854404,True,20,True,False,True,False,True,False,,2,STOP_BEFORE_TARGET,False,True,False,True,False,,3,STOP_BEFORE_TARGET,2025-01-23,2025-01-27,2025-01-29,2025-02-05,2025-02-20
TSLA|2025-01-23T00:00:00|Long,TSLA,2025-01-23,Long,-0.014064741844588391,0.01576216092690319,-0.016004670511100993,True,-0.03465252528182772,0.01576216092690319,-0.06275766180798925,True,-0.029341883603095975,0.01576216092690319,-0.06782579390252319,True,-0.09229350867632247,0.018453817501954406,-0.11930746307889639,True,-0.18085265096943148,0.018453817501954406,-0.21164944407064434,True,20,True,False,True,False,True,False,,2,STOP_BEFORE_TARGET,False,True,False,True,False,,2,STOP_BEFORE_TARGET,2025-01-24,2025-01-28,2025-01-30,2025-02-06,2025-02-21
TSLA|2025-01-24T00:00:00|Long,TSLA,2025-01-24,Long,-0.023193450212053546,0.0002705885010920728,-0.04323869140848857,True,-0.04299272233273854,0.0002705885010920728,-0.05435578807568642,True,-0.004869842427421278,0.032982448976804024,-0.05452797393463382,True,-0.11058092611522807,0.032982448976804024,-0.11372913513084659,True,-0.1870480355762706,0.032982448976804024,-0.20138712447588958,True,20,True,True,True,False,True,False,5,1,STOP_BEFORE_TARGET,False,True,False,True,False,,1,STOP_BEFORE_TARGET,2025-01-27,2025-01-29,2025-01-31,2025-02-07,2025-02-24
TSLA|2025-01-27T00:00:00|Long,TSLA,2025-01-27,Long,0.0023668700890153715,0.008661720997792166,-0.026816049503101014,True,0.007881165632419362,0.038650399948178205,-0.03207853564186536,True,-0.03391665977014724,0.05750974868161207,-0.05738388240001335,True,-0.11688274864296089,0.05750974868161207,-0.117436698596591,True,-0.23756768866552613,0.05750974868161207,-0.251542226946434,True,20,True,True,True,False,True,False,3,1,STOP_BEFORE_TARGET,True,True,False,True,False,4,2,STOP_BEFORE_TARGET,2025-01-28,2025-01-30,2025-02-03,2025-02-10,2025-02-25
TSLA|2025-01-28T00:00:00|Long,TSLA,2025-01-28,Long,-0.02258280870425211,0.0012559973990795559,-0.034188212406148,True,0.016353110667215676,0.05501267074768723,-0.03436407044041856,True,-0.014770541678775784,0.05501267074768723,-0.05960966415791713,True,-0.1748097088046997,0.05501267074768723,-0.18335047578644148,True,-0.26951194335930084,0.05501267074768723,-0.27644499687342206,True,20,True,True,True,False,True,False,2,1,STOP_BEFORE_TARGET,True,True,False,True,False,3,1,STOP_BEFORE_TARGET,2025-01-29,2025-01-31,2025-02-04,2025-02-11,2025-02-26
TSLA|2025-01-29T00:00:00|Long,TSLA,2025-01-29,Long,0.028732954254456988,0.06013876517457328,-0.012053462780359125,True,-0.01392961537577675,0.07938829001879122,-0.03788234520878342,True,-0.028090445911926998,0.07938829001879122,-0.03788234520878342,True,-0.1351580455228768,0.07938829001879122,-0.16448213568769132,True,-0.2753790599221382,0.07938829001879122,-0.2781290144516534,True,20,True,True,True,True,False,False,1,3,TARGET_BEFORE_STOP,True,True,True,False,False,1,3,TARGET_BEFORE_STOP,2025-01-30,2025-02-03,2025-02-05,2025-02-12,2025-02-27
TSLA|2025-01-30T00:00:00|Long,TSLA,2025-01-30,Long,0.010792463618949588,0.04924051043066391,0.0026481402064213455,True,-0.0201609057380564,0.04924051043066391,-0.06475470547312046,True,-0.06485458062917537,0.04924051043066391,-0.09268513594647909,True,-0.11077245046744999,0.04924051043066391,-0.18781850930611543,True,-0.26806232667181296,0.04924051043066391,-0.3164784477418494,True,20,True,True,True,True,False,False,1,2,TARGET_BEFORE_STOP,False,True,False,True,False,,2,STOP_BEFORE_TARGET,2025-01-31,2025-02-04,2025-02-06,2025-02-13,2025-02-28
TSLA|2025-01-31T00:00:00|Long,TSLA,2025-01-31,Long,-0.05170542044525339,-0.03813641236533627,-0.074740534591629,True,-0.06532375748165264,-0.026198729470121807,-0.074740534591629,True,-0.10622839925348848,-0.026198729470121807,-0.10939201457723458,True,-0.12051411030663683,-0.026198729470121807,-0.19649035788610492,True,-0.29646567077990216,-0.026198729470121807,-0.32377656456704074,True,20,True,False,True,False,True,False,,1,STOP_BEFORE_TARGET,False,True,False,True,False,,1,STOP_BEFORE_TARGET,2025-02-03,2025-02-05,2025-02-07,2025-02-14,2025-03-03
TSLA|2025-02-03T00:00:00|Long,TSLA,2025-02-03,Long,0.022232065633156273,0.026897434114943275,-0.005942448975241543,True,-0.024395291728104063,0.026897434114943275,-0.05342994263796019,True,-0.08587881129704,0.026897434114943275,-0.08645220898496442,True,-0.07706945342132054,0.026897434114943275,-0.1526792840140797,True,-0.29097160722998094,0.026897434114943275,-0.3175562934313553,True,20,True,False,True,False,True,False,,2,STOP_BEFORE_TARGET,False,True,False,True,False,,3,STOP_BEFORE_TARGET,2025-02-04,2025-02-06,2025-02-10,2025-02-18,2025-03-04
TSLA|2025-02-04T00:00:00|Long,TSLA,2025-02-04,Long,-0.035797094243459227,-0.00973962135046258,-0.04252821967614684,True,-0.0779939241843467,-0.00973962135046258,-0.08125747893099688,True,-0.16243847133704437,-0.00973962135046258,-0.17110728133821385,True,-0.08069655181160629,-0.00973962135046258,-0.17110728133821385,True,-0.2883913918968012,-0.00973962135046258,-0.3323984548010156,True,20,True,False,True,False,True,False,,1,STOP_BEFORE_TARGET,False,True,False,True,False,,1,STOP_BEFORE_TARGET,2025-02-05,2025-02-07,2025-02-11,2025-02-19,2025-03-05
TSLA|2025-02-05T00:00:00|Long,TSLA,2025-02-05,Long,-0.010180622383618276,-0.007324799515811775,-0.039638311393554226,True,-0.07255996368588291,0.006293397891763863,-0.07314171584203355,True,-0.11016210218389066,0.006293397891763863,-0.14033372673626876,True,-0.06285537902859739,0.006293397891763863,-0.14033372673626876,True,-0.3033556261663388,0.006293397891763863,-0.31242568215060273,True,20,True,False,True,False,True,False,,1,STOP_BEFORE_TARGET,False,True,False,True,False,,1,STOP_BEFORE_TARGET,2025-02-06,2025-02-10,2025-02-12,2025-02-20,2025-03-06
TSLA|2025-02-06T00:00:00|Long,TSLA,2025-02-06,Long,-0.0339282217314959,0.016643461067668452,-0.03734775249194544,True,-0.12240865149516722,0.016643461067668452,-0.13149177243435728,True,-0.049102384385488085,0.016643461067668452,-0.13149177243435728,True,-0.0975636322309057,0.016643461067668452,-0.13149177243435728,True,-0.29827418174786013,0.016643461067668452,-0.33017206982909597,True,20,True,False,True,False,True,False,,1,STOP_BEFORE_TARGET,False,True,False,True,False,,1,STOP_BEFORE_TARGET,2025-02-07,2025-02-11,2025-02-13,2025-02-21,2025-03-07
TSLA|2025-02-07T00:00:00|Long,TSLA,2025-02-07,Long,-0.030114441341470455,0.0029866077772988664,-0.030722818156009746,True,-0.06943749153977308,0.0029866077772988664,-0.10098996047449504,True,-0.015983626064216327,0.0029866077772988664,-0.10098996047449504,True,-0.085974218123131,0.015817712786732052,-0.10209607712148738,True,-0.3856811102923281,0.015817712786732052,-0.39162656111229066,True,20,True,False,True,False,True,False,,1,STOP_BEFORE_TARGET,False,True,False,True,False,,1,STOP_BEFORE_TARGET,2025-02-10,2025-02-12,2025-02-14,2025-02-24,2025-03-10
TSLA|2025-02-10T00:00:00|Long,TSLA,2025-02-10,Long,-0.06338211812502892,-0.003877671788952375,-0.0730761670800153,True,0.01485470673133027,0.022695495696797963,-0.0730761670800153,True,0.009636969347815993,0.03213294745430617,-0.0730761670800153,True,-0.13665788980694826,0.04735832358585923,-0.15248199273261742,True,-0.3425712239947355,0.04735832358585923,-0.38123343462353254,True,20,True,True,True,False,True,False,4,1,STOP_BEFORE_TARGET,False,True,False,True,False,,1,STOP_BEFORE_TARGET,2025-02-11,2025-02-13,2025-02-18,2025-02-25,2025-03-11
TSLA|2025-02-11T00:00:00|Long,TSLA,2025-02-11,Long,0.0243835913717656,0.05449008796494481,0.0018873519549087447,True,0.08322677728429406,0.10197869101978685,0.0018873519549087447,True,0.0975951219439688,0.11823438763437033,0.0018873519549087447,True,-0.11476411630755323,0.11823438763437033,-0.12316587961972036,True,-0.24477931099576677,0.11823438763437033,-0.33936071758763797,True,20,True,True,True,True,False,False,1,9,TARGET_BEFORE_STOP,True,True,True,False,False,1,9,TARGET_BEFORE_STOP,2025-02-12,2025-02-14,2025-02-19,2025-02-26,2025-03-12
TSLA|2025-02-12T00:00:00|Long,TSLA,2025-02-12,Long,0.05773971683431944,0.06591183629642794,0.018840439077299154,True,0.05230149200671819,0.07574808919392462,0.018840439077299154,True,0.053163304542766854,0.09161684846682072,0.018840439077299154,True,-0.16213484287315583,0.09161684846682072,-0.1653145620291001,True,-0.2847761264414932,0.09161684846682072,-0.3550860361520519,True,20,True,True,True,True,False,False,1,7,TARGET_BEFORE_STOP,True,True,True,False,False,1,7,TARGET_BEFORE_STOP,2025-02-13,2025-02-18,2025-02-20,2025-02-27,2025-03-13
TSLA|2025-02-13T00:00:00|Long,TSLA,2025-02-13,Long,-0.0002809633725618932,0.017025334373849565,-0.0237118682460975,True,0.01297970187531261,0.03202785249843054,-0.0237118682460975,True,-0.05096368636291071,0.03202785249843054,-0.06045959674682655,True,-0.1768837192314241,0.03202785249843054,-0.23133111134774798,True,-0.29769063883543123,0.03202785249843054,-0.3902904905773098,True,20,True,True,True,False,True,False,3,1,STOP_BEFORE_TARGET,False,True,False,True,False,,5,STOP_BEFORE_TARGET,2025-02-14,2025-02-19,2025-02-21,2025-02-28,2025-03-14
TSLA|2025-02-14T00:00:00|Long,TSLA,2025-02-14,Long,-0.004861766535893763,0.00916144840145905,-0.01635568621884853,True,-0.004046769492541458,0.032317896016051284,-0.02203236403601494,True,-0.07112746689262117,0.032317896016051284,-0.08751119731153034,True,-0.2000618344594609,0.032317896016051284,-0.23111508284831306,True,-0.3311319779780132,0.032317896016051284,-0.3901191363930099,True,20,True,True,True,True,False,False,2,3,TARGET_BEFORE_STOP,False,True,False,True,False,,4,STOP_BEFORE_TARGET,2025-02-18,2025-02-20,2025-02-24,2025-03-03,2025-03-17
TSLA|2025-02-18T00:00:00|Long,TSLA,2025-02-18,Long,0.018214714280444966,0.037361304491860814,-0.001242472514270676,True,-0.04605912917818766,0.037361304491860814,-0.05560411380176078,True,-0.14489847697362412,0.037361304491860814,-0.16057153908018595,True,-0.2317640851758559,0.037361304491860814,-0.2605687295772404,True,-0.3637287654147774,0.037361304491860814,-0.3871395519756321,True,20,True,True,True,True,False,False,1,3,TARGET_BEFORE_STOP,False,True,False,True,False,,3,STOP_BEFORE_TARGET,2025-02-19,2025-02-21,2025-02-25,2025-03-04,2025-03-18
TSLA|2025-02-19T00:00:00|Long,TSLA,2025-02-19,Long,-0.01708454543992588,0.004825799440195011,-0.0348346950400471,True,-0.08328710612002033,0.004825799440195011,-0.09945636120028811,True,-0.19347684223979522,0.004825799440195011,-0.20113154400020994,True,-0.2259263146401599,0.004825799440195011,-0.2737963220799622,True,-0.3458508924800442,0.004825799440195011,-0.39810293504011485,True,20,True,False,True,False,True,False,,1,STOP_BEFORE_TARGET,False,True,False,True,False,,1,STOP_BEFORE_TARGET,2025-02-20,2025-02-24,2025-02-26,2025-03-05,2025-03-19
TSLA|2025-02-20T00:00:00|Long,TSLA,2025-02-20,Long,-0.046839747148427646,0.0016366170988511008,-0.05637692102947922,True,-0.1455982138605435,0.0016366170988511008,-0.16125845056638788,True,-0.20442997442775024,0.0016366170988511008,-0.20744918250519528,True,-0.25663087826129716,0.0016366170988511008,-0.26630927344310185,True,-0.33335214848834227,0.0016366170988511008,-0.3876410609198553,True,20,True,False,True,False,True,False,,1,STOP_BEFORE_TARGET,False,True,False,True,False,,1,STOP_BEFORE_TARGET,2025-02-21,2025-02-25,2025-02-27,2025-03-06,2025-03-20
TSLA|2025-02-21T00:00:00|Long,TSLA,2025-02-21,Long,-0.021521578674915554,0.01361754372334345,-0.03878027252613825,True,-0.13913558821324,0.01361754372334345,-0.14730604217352383,True,-0.13268199652544077,0.01361754372334345,-0.19005323863066592,True,-0.22240964203728786,0.01361754372334345,-0.25775605450522765,True,-0.26373589194355784,0.01361754372334345,-0.35754880960662316,True,20,True,False,True,False,True,False,,1,STOP_BEFORE_TARGET,False,True,False,True,False,,1,STOP_BEFORE_TARGET,2025-02-24,2025-02-26,2025-02-28,2025-03-07,2025-03-21
TSLA|2025-02-24T00:00:00|Long,TSLA,2025-02-24,Long,-0.0838955952220366,-0.00496168014073195,-0.1006867724630307,True,-0.14697602865603643,-0.00496168014073195,-0.15021327588978362,True,-0.13880738526685965,-0.00496168014073195,-0.17223850448078337,True,-0.32789763495924173,-0.00496168014073195,-0.334402321082815,True,-0.1577466018921766,-0.00496168014073195,-0.34341813126205645,True,20,True,False,True,False,True,False,,1,STOP_BEFORE_TARGET,False,True,False,True,False,,1,STOP_BEFORE_TARGET,2025-02-25,2025-02-27,2025-03-03,2025-03-10,2025-03-24
TSLA|2025-02-25T00:00:00|Long,TSLA,2025-02-25,Long,-0.039630120487999076,0.020475602565976025,-0.048744979666705324,True,-0.03243057200304367,0.020475602565976025,-0.09643323271669946,True,-0.10158514031737076,0.020475602565976025,-0.13527078304601325,True,-0.23850722877602137,0.020475602565976025,-0.28328925686469164,True,-0.04841470850571705,0.020475602565976025,-0.28328925686469164,True,20,True,False,True,False,True,False,,1,STOP_BEFORE_TARGET,False,True,False,True,False,,1,STOP_BEFORE_TARGET,2025-02-26,2025-02-28,2025-03-04,2025-03-11,2025-03-25
TSLA|2025-02-26T00:00:00|Long,TSLA,2025-02-26,Long,-0.030433204805490277,0.02211149746655816,-0.034112734960699664,True,-0.021148535607445673,0.04518574690516264,-0.05914711970929798,True,-0.04023377641192605,0.04518574690516264,-0.09958732005070037,True,-0.14687067829413025,0.04518574690516264,-0.2537138466905112,True,-0.06444288521675146,0.04518574690516264,-0.2537138466905112,True,20,True,True,True,False,True,False,3,1,STOP_BEFORE_TARGET,False,True,False,True,False,,1,STOP_BEFORE_TARGET,2025-02-27,2025-03-03,2025-03-05,2025-03-12,2025-03-26
TSLA|2025-02-27T00:00:00|Long,TSLA,2025-02-27,Long,0.03912040539724382,0.04231243894049297,-0.02961520036177323,True,-0.03514808736675146,0.0779925138581945,-0.07132475615703882,True,-0.06561446781004487,0.0779925138581945,-0.07777982707536302,True,-0.14637353340827697,0.0779925138581945,-0.23028907651507136,True,-0.031282166846449244,0.0779925138581945,-0.23028907651507136,True,20,True,True,True,,,False,1,1,AMBIGUOUS,True,True,True,False,False,2,3,TARGET_BEFORE_STOP,2025-02-28,2025-03-04,2025-03-06,2025-03-13,2025-03-27
TSLA|2025-02-28T00:00:00|Long,TSLA,2025-02-28,Long,-0.02843203214376444,0.03740866627105688,-0.05351908869336164,True,-0.047375262346686875,0.03740866627105688,-0.10628716458711118,True,-0.10345414848116774,0.03740866627105688,-0.14420784242772333,True,-0.1467677440315055,0.03740866627105688,-0.2592668573468374,True,-0.10045061809603362,0.03740866627105688,-0.2592668573468374,True,20,True,True,True,,,False,1,1,AMBIGUOUS,False,True,False,True,False,,1,STOP_BEFORE_TARGET,2025-03-03,2025-03-05,2025-03-07,2025-03-14,2025-03-28
TSLA|2025-03-03T00:00:00|Long,TSLA,2025-03-03,Long,-0.04429996705409467,-0.0010538830121241682,-0.08013349041872386,True,-0.07447736569129415,-0.0010538830121241682,-0.08652733325464057,True,-0.21956789509972274,-0.0010538830121241682,-0.22712100924897594,True,-0.16385034389499942,-0.0010538830121241682,-0.23758999147780668,True,-0.08954853602998736,0.025294264399842614,-0.23758999147780668,True,20,True,False,True,False,True,False,,1,STOP_BEFORE_TARGET,False,True,False,True,False,,1,STOP_BEFORE_TARGET,2025-03-04,2025-03-06,2025-03-10,2025-03-17,2025-03-31
TSLA|2025-03-04T00:00:00|Long,TSLA,2025-03-04,Long,0.025952056083059283,0.02760615722744597,-0.015916839265680105,True,-0.034443445165677655,0.02760615722744597,-0.07833411317462113,True,-0.15240407811934364,0.02760615722744597,-0.20224967851879594,True,-0.17177624437036298,0.02760615722744597,-0.20224967851879594,True,-0.013159891844557792,0.07282016224213783,-0.20224967851879594,True,20,True,True,True,False,True,False,15,2,STOP_BEFORE_TARGET,True,True,False,True,False,15,2,STOP_BEFORE_TARGET,2025-03-05,2025-03-07,2025-03-11,2025-03-18,2025-04-01
TSLA|2025-03-05T00:00:00|Long,TSLA,2025-03-05,Long,-0.056073068986891905,-0.023110039648795322,-0.0683626537892914,True,-0.20404876732933142,-0.023110039648795322,-0.2117520774313275,True,-0.1111071626208553,-0.023110039648795322,-0.2224292385290375,True,-0.15492656591747522,-0.023110039648795322,-0.2224292385290375,True,0.013113592196597468,0.04568255005795718,-0.2224292385290375,True,20,True,True,True,False,True,False,14,1,STOP_BEFORE_TARGET,False,True,False,True,False,,1,STOP_BEFORE_TARGET,2025-03-06,2025-03-10,2025-03-12,2025-03-19,2025-04-02
TSLA|2025-03-06T00:00:00|Long,TSLA,2025-03-06,Long,-0.0029607088371812473,0.0106281558672634,-0.048282466844208005,True,-0.12476754166990045,0.0106281558672634,-0.17623839735518199,True,-0.0864301327621737,0.0106281558672634,-0.17623839735518199,True,-0.10320750214590291,0.0106281558672634,-0.17623839735518199,True,0.014537811329672135,0.10780031345819929,-0.17623839735518199,True,20,True,True,True,False,True,False,12,1,STOP_BEFORE_TARGET,True,True,False,True,False,12,1,STOP_BEFORE_TARGET,2025-03-07,2025-03-11,2025-03-13,2025-03-20,2025-04-03
TSLA|2025-03-07T00:00:00|Long,TSLA,2025-03-07,Long,-0.1542620682219512,-0.03540570995975334,-0.1624472198821192,True,-0.055506972035294755,-0.03540570995975334,-0.17379223672911803,True,-0.048311634566107764,-0.03540570995975334,-0.17379223672911803,True,-0.05314655651665334,-0.03540570995975334,-0.17379223672911803,True,-0.08847610904907077,0.1110899272246364,-0.17379223672911803,True,20,True,True,True,False,True,False,11,1,STOP_BEFORE_TARGET,True,True,False,True,False,11,1,STOP_BEFORE_TARGET,2025-03-10,2025-03-12,2025-03-14,2025-03-21,2025-04-04
TSLA|2025-03-10T00:00:00|Long,TSLA,2025-03-10,Long,0.037947369642955975,0.06711683129308121,-0.023092458991531006,True,0.08341210573218083,0.13364845040347362,-0.023092458991531006,True,0.07139320749989242,0.13364845040347362,-0.023092458991531006,True,0.2531623781099872,0.25428774388477304,-0.023092458991531006,True,0.05014629617698474,0.3137520329598096,-0.035561531008484026,True,20,True,True,True,,,False,1,1,AMBIGUOUS,True,True,True,False,False,1,20,TARGET_BEFORE_STOP,2025-03-11,2025-03-13,2025-03-17,2025-03-24,2025-04-07
TSLA|2025-03-11T00:00:00|Long,TSLA,2025-03-11,Long,0.0759389121683911,0.09220224797470977,0.04562409657785027,True,0.08413563076774833,0.09220224797470977,0.008760535416861392,True,-0.02285542644900429,0.09220224797470977,-0.03599619648645502,True,0.2496314179906931,0.2498916207754851,-0.03599619648645502,True,-0.03781768215568082,0.2657212411566954,-0.07082141426566402,True,20,True,True,True,True,False,False,1,5,TARGET_BEFORE_STOP,True,True,True,False,False,1,5,TARGET_BEFORE_STOP,2025-03-12,2025-03-14,2025-03-18,2025-03-25,2025-04-08
TSLA|2025-03-12T00:00:00|Long,TSLA,2025-03-12,Long,-0.02986820819658198,0.0008061467660702704,-0.06243698038222445,True,-0.040630424361512985,0.014067497862391809,-0.06243698038222445,True,-0.04929660973061645,0.014067497862391809,-0.10403481776605517,True,0.09661816911011911,0.1616752648684474,-0.10403481776605517,True,0.09718253950192968,0.17638764324066192,-0.13640209938897185,True,20,True,True,True,False,True,False,8,1,STOP_BEFORE_TARGET,True,True,False,True,False,8,1,STOP_BEFORE_TARGET,2025-03-13,2025-03-17,2025-03-19,2025-03-26,2025-04-09
TSLA|2025-03-13T00:00:00|Long,TSLA,2025-03-13,Long,0.038640532386444715,0.04528838909330024,0.00020775740933798303,True,-0.0638607095933077,0.04528838909330024,-0.0764500351355375,True,-0.018364626489329572,0.04528838909330024,-0.0764500351355375,True,0.1348263802332108,0.2126060120695834,-0.0764500351355375,True,0.048695369691535095,0.2126060120695834,-0.10981383363836539,True,20,True,True,True,True,False,False,1,2,TARGET_BEFORE_STOP,True,True,False,True,False,7,2,STOP_BEFORE_TARGET,2025-03-14,2025-03-18,2025-03-20,2025-03-27,2025-04-10
TSLA|2025-03-14T00:00:00|Long,TSLA,2025-03-14,Long,-0.04788383640805238,-0.018321473355198292,-0.06872546991522577,True,-0.0564845001940768,-0.018321473355198292,-0.11080885439502641,True,-0.005080362570515695,-0.0018401130608045602,-0.11080885439502641,True,0.05428431193438388,0.16749344384185028,-0.11080885439502641,True,0.009320753143760463,0.16749344384185028,-0.14293141986642122,True,20,True,True,True,False,True,False,6,1,STOP_BEFORE_TARGET,True,True,False,True,False,6,1,STOP_BEFORE_TARGET,2025-03-17,2025-03-19,2025-03-21,2025-03-28,2025-04-11
TSLA|2025-03-17T00:00:00|Long,TSLA,2025-03-17,Long,-0.05335909096824687,-0.03323384977891397,-0.06608964367287218,True,-0.007352632412038207,0.0142851528664516,-0.06608964367287218,True,0.16965682565251172,0.17070720171137443,-0.06608964367287218,True,0.08886185304569638,0.2262090367601488,-0.06608964367287218,True,0.06024961945985763,0.2262090367601488,-0.09982771755474962,True,20,True,True,True,False,True,False,4,1,STOP_BEFORE_TARGET,True,True,False,True,False,5,1,STOP_BEFORE_TARGET,2025-03-18,2025-03-20,2025-03-24,2025-03-31,2025-04-14
TSLA|2025-03-18T00:00:00|Long,TSLA,2025-03-18,Long,0.046824389357219776,0.07145713140993082,0.017265098893966435,True,0.1038569500192199,0.10745198604678508,0.017265098893966435,True,0.27886031587881166,0.2791266048107006,0.017265098893966435,True,0.19151388914849576,0.29532648025357866,0.017265098893966435,True,0.127823902018676,0.29532648025357866,-0.049087913001807704,True,20,True,True,True,True,False,False,1,14,TARGET_BEFORE_STOP,True,True,True,False,False,1,14,TARGET_BEFORE_STOP,2025-03-19,2025-03-21,2025-03-25,2025-04-01,2025-04-15
TSLA|2025-03-19T00:00:00|Long,TSLA,2025-03-19,Long,0.0016958954271570903,0.009073176393244342,-0.02463324660204702,True,0.18031889225823794,0.18137884307377705,-0.02463324660204702,True,0.15348086515121206,0.2219113519089111,-0.02463324660204702,True,0.1988468118116975,0.23738660793807664,-0.02463324660204702,True,0.024124490912752705,0.23738660793807664,-0.09162215108297223,True,20,True,True,True,False,True,False,2,1,STOP_BEFORE_TARGET,True,True,True,False,False,2,13,TARGET_BEFORE_STOP,2025-03-20,2025-03-24,2025-03-26,2025-04-02,2025-04-16
TSLA|2025-03-20T00:00:00|Long,TSLA,2025-03-20,Long,0.05269623506518384,0.056124651121336244,-0.007237752877492176,True,0.21958867920019554,0.21984262637698682,-0.007237752877492176,True,0.15605693402701637,0.23529168242265097,-0.007237752877492176,True,0.13129605093410524,0.23529168242265097,-0.007237752877492176,True,0.021628717214770443,0.23529168242265097,-0.09316005679581574,True,20,True,True,True,True,False,False,1,12,TARGET_BEFORE_STOP,True,True,True,False,False,1,12,TARGET_BEFORE_STOP,2025-03-21,2025-03-25,2025-03-27,2025-04-03,2025-04-17
TSLA|2025-03-21T00:00:00|Long,TSLA,2025-03-21,Long,0.11933580126800525,0.12034098800457116,0.03063801074624628,True,0.09388440438421908,0.1587793189945752,0.03063801074624628,True,0.05966780860640841,0.17345502080774589,0.03063801074624628,True,-0.03731258810491811,0.17345502080774589,-0.05110372068177227,True,-0.08528006972501356,0.17345502080774589,-0.13855496676300727,True,20,True,True,True,True,False,False,1,6,TARGET_BEFORE_STOP,True,True,True,False,False,1,10,TARGET_BEFORE_STOP,2025-03-24,2025-03-26,2025-03-28,2025-04-04,2025-04-21
TSLA|2025-03-24T00:00:00|Long,TSLA,2025-03-24,Long,0.03502280788451673,0.03523832408638006,-0.02553976613751552,True,-0.018894390922273407,0.04834940460086523,-0.04267396191567818,True,-0.06907579286064758,0.04834940460086523,-0.12583071301003124,True,-0.16200301371893266,0.04834940460086523,-0.23039624725562147,True,-0.14519203743273068,0.04834940460086523,-0.23039624725562147,True,20,True,True,True,,,False,1,1,AMBIGUOUS,False,True,False,True,False,,2,STOP_BEFORE_TARGET,2025-03-25,2025-03-27,2025-03-31,2025-04-07,2025-04-22
TSLA|2025-03-25T00:00:00|Long,TSLA,2025-03-25,Long,-0.05580626179068926,-0.011244605355859028,-0.07506768856523971,True,-0.0853405483631674,0.012875655120670126,-0.09568267481993842,True,-0.06830020890146471,0.012875655120670126,-0.1554106051279357,True,-0.23002710719979258,0.012875655120670126,-0.2564378805164963,True,-0.1297980400289268,0.012875655120670126,-0.2564378805164963,True,20,True,False,True,False,True,False,,1,STOP_BEFORE_TARGET,False,True,False,True,False,,1,STOP_BEFORE_TARGET,2025-03-26,2025-03-28,2025-04-01,2025-04-08,2025-04-23
TSLA|2025-03-26T00:00:00|Long,TSLA,2025-03-26,Long,0.0039329829222258805,0.07274133912560843,-0.0008821224602242328,True,-0.0474159891650594,0.07274133912560843,-0.10549142544214374,True,0.03932960487778714,0.07274133912560843,-0.10549142544214374,True,0.0005146462166212284,0.07274133912560843,-0.21248988486866094,True,-0.04612948579574194,0.07274133912560843,-0.21248988486866094,True,20,True,True,True,True,False,False,1,2,TARGET_BEFORE_STOP,True,True,True,False,False,1,2,TARGET_BEFORE_STOP,2025-03-27,2025-03-31,2025-04-02,2025-04-09,2025-04-24
TSLA|2025-03-27T00:00:00|Long,TSLA,2025-03-27,Long,-0.03507493471452938,0.010873947086031066,-0.04598541842366488,True,-0.01709813401767435,0.015816670622007534,-0.10899573001960683,True,-0.02141839416736946,0.04342249163233114,-0.10899573001960683,True,-0.07589796293242268,0.04342249163233114,-0.21557501493867437,True,0.04327612167432937,0.050232493594358996,-0.21557501493867437,True,20,True,True,True,False,True,False,4,1,STOP_BEFORE_TARGET,True,True,False,True,False,20,1,STOP_BEFORE_TARGET,2025-03-28,2025-04-01,2025-04-03,2025-04-10,2025-04-25
TSLA|2025-03-28T00:00:00|Long,TSLA,2025-03-28,Long,-0.016657121359109794,-0.011345059278559999,-0.07660780921180466,True,0.07288948154968855,0.08135080035840647,-0.07660780921180466,True,-0.09151962145463999,0.08135080035840647,-0.10453420250055412,True,-0.04264841872504488,0.08135080035840647,-0.18706124104128696,True,0.08472782441327631,0.1188009827691181,-0.18706124104128696,True,20,True,True,True,False,True,False,2,1,STOP_BEFORE_TARGET,True,True,False,True,False,2,1,STOP_BEFORE_TARGET,2025-03-31,2025-04-02,2025-04-04,2025-04-11,2025-04-28
TSLA|2025-03-31T00:00:00|Long,TSLA,2025-03-31,Long,0.035885119854736525,0.07057419465377168,0.00034726167857268564,True,0.03133197639468421,0.09966810544555527,-0.03044451025681938,True,-0.0998225420991492,0.09966810544555527,-0.17329064295223062,True,-0.026277193480335637,0.09966810544555527,-0.17329064295223062,True,0.1268328239416261,0.1377526670203264,-0.17329064295223062,True,20,True,True,True,True,False,False,1,2,TARGET_BEFORE_STOP,True,True,True,False,False,1,2,TARGET_BEFORE_STOP,2025-04-01,2025-04-03,2025-04-07,2025-04-14,2025-04-29
TSLA|2025-04-01T00:00:00|Long,TSLA,2025-04-01,Long,0.05326685079977622,0.06157341617163414,-0.06403183986353367,True,-0.10813528906840675,0.06157341617163414,-0.12091183970893371,True,-0.17358262805623392,0.06157341617163414,-0.20192949854931797,True,-0.0534529959825607,0.06157341617163414,-0.20192949854931797,True,0.051031858165441646,0.09833865282269416,-0.20192949854931797,True,20,True,True,True,,,False,1,1,AMBIGUOUS,True,True,,,False,1,1,AMBIGUOUS,2025-04-02,2025-04-04,2025-04-08,2025-04-15,2025-04-30
TSLA|2025-04-02T00:00:00|Long,TSLA,2025-04-02,Long,-0.05474611137253549,-0.022846306937147398,-0.07515206983340317,True,-0.17495407685300712,-0.022846306937147398,-0.2422903076796885,True,-0.03734614936301195,-0.022846306937147398,-0.2422903076796885,True,-0.1457419907009675,-0.022846306937147398,-0.2422903076796885,True,-0.007921985693131961,0.04279238636314586,-0.2422903076796885,True,20,True,True,True,False,True,False,17,1,STOP_BEFORE_TARGET,False,True,False,True,False,,1,STOP_BEFORE_TARGET,2025-04-03,2025-04-07,2025-04-09,2025-04-16,2025-05-01
TSLA|2025-04-03T00:00:00|Long,TSLA,2025-04-03,Long,-0.10419786826814681,-0.023495954833801513,-0.11703082506044882,True,-0.1699341453770744,-0.023495954833801513,-0.19840616215763207,True,-0.05567197302742988,0.02772374923657539,-0.19840616215763207,True,-0.09693955320429437,0.02772374923657539,-0.19840616215763207,True,0.07456597114188934,0.10318761859558179,-0.19840616215763207,True,20,True,True,True,False,True,False,15,1,STOP_BEFORE_TARGET,True,True,False,True,False,15,1,STOP_BEFORE_TARGET,2025-04-04,2025-04-08,2025-04-10,2025-04-17,2025-05-02
TSLA|2025-04-04T00:00:00|Long,TSLA,2025-04-04,Long,-0.025644236634809525,0.052499718952254026,-0.10516640958126822,True,0.13686681089960517,0.14726646971656376,-0.10516640958126822,True,0.05379445047326903,0.14726646971656376,-0.10516640958126822,True,-0.04982664261254843,0.14726646971656376,-0.10516640958126822,True,0.17053008536458836,0.23150814171740186,-0.10516640958126822,True,20,True,True,True,,,False,1,1,AMBIGUOUS,True,True,,,False,1,1,AMBIGUOUS,2025-04-07,2025-04-09,2025-04-11,2025-04-21,2025-05-05
TSLA|2025-04-07T00:00:00|Long,TSLA,2025-04-07,Long,-0.048994783337158565,0.07351369389530027,-0.06639800540169916,True,0.08191521779896038,0.17746157292094322,-0.06639800540169916,True,0.08170094460076349,0.17746157292094322,-0.06639800540169916,True,0.020060903035949096,0.17746157292094322,-0.06639800540169916,True,0.1802906855323012,0.2639204159516324,-0.06639800540169916,True,20,True,True,True,,,False,1,1,AMBIGUOUS,True,True,,,False,1,1,AMBIGUOUS,2025-04-08,2025-04-10,2025-04-14,2025-04-22,2025-05-06
TSLA|2025-04-08T00:00:00|Long,TSLA,2025-04-08,Long,0.22689989839624536,0.23812314831747883,0.00910486012306766,True,0.13724870127320044,0.23812314831747883,0.00910486012306766,True,0.14536193956223786,0.23812314831747883,0.00910486012306766,True,0.13017220230488458,0.23812314831747883,0.004191799662953022,True,0.24501938366899667,0.3290362595347658,0.004191799662953022,True,20,True,True,False,True,False,False,1,,TARGET_BEFORE_STOP,True,False,True,False,False,1,,TARGET_BEFORE_STOP,2025-04-09,2025-04-11,2025-04-15,2025-04-23,2025-05-07
TSLA|2025-04-09T00:00:00|Long,TSLA,2025-04-09,Long,-0.07274069589492627,-0.03567237890228658,-0.12075682917668695,True,-0.07292433950523858,-0.03567237890228658,-0.12075682917668695,True,-0.11260105724007641,-0.03567237890228658,-0.1407421421724434,True,-0.04662013913413943,-0.03567237890228658,-0.18152100185549558,True,0.0463629483880732,0.08324750965586447,-0.18152100185549558,True,20,True,True,True,False,True,False,11,1,STOP_BEFORE_TARGET,True,True,False,True,False,11,1,STOP_BEFORE_TARGET,2025-04-10,2025-04-14,2025-04-16,2025-04-24,2025-05-08
TSLA|2025-04-10T00:00:00|Long,TSLA,2025-04-10,Long,-0.00035656236159631316,0.021156879821798702,-0.04374006954477416,True,0.006774987144288591,0.03724244898492168,-0.04374006954477416,True,-0.04370047165619406,0.03724244898492168,-0.0733359546531025,True,0.12896204079900442,0.13648975055506574,-0.11731379289373267,True,0.1816957883443886,0.21648183823192468,-0.11731379289373267,True,20,True,True,True,False,True,False,2,1,STOP_BEFORE_TARGET,True,True,False,True,False,10,1,STOP_BEFORE_TARGET,2025-04-11,2025-04-15,2025-04-17,2025-04-25,2025-05-09
TSLA|2025-04-11T00:00:00|Long,TSLA,2025-04-11,Long,0.00015856900364230597,0.03761242252071728,-0.025286373685334707,True,-0.04264593005014461,0.03761242252071728,-0.07300542327763948,True,-0.09833140897570714,0.03761242252071728,-0.11699894795332288,True,0.13305064265803734,0.16864170347862406,-0.11699894795332288,True,0.26186044137579345,0.27704012751318574,-0.11699894795332288,True,20,True,True,True,,,False,1,1,AMBIGUOUS,True,True,False,True,False,9,3,STOP_BEFORE_TARGET,2025-04-14,2025-04-16,2025-04-21,2025-04-28,2025-05-12
TSLA|2025-04-14T00:00:00|Long,TSLA,2025-04-14,Long,0.0069744183248166,0.02536157615093959,-0.019060878545846816,True,-0.04351103911534704,0.02536157615093959,-0.07315239257927642,True,-0.056984365108014856,0.02536157615093959,-0.11713894235158884,True,0.15724189306935954,0.1684564225079075,-0.11713894235158884,True,0.32383593914866426,0.33778477579829747,-0.11713894235158884,True,20,True,True,True,False,True,False,8,2,STOP_BEFORE_TARGET,True,True,False,True,False,8,2,STOP_BEFORE_TARGET,2025-04-15,2025-04-17,2025-04-22,2025-04-29,2025-05-13
TSLA|2025-04-15T00:00:00|Long,TSLA,2025-04-15,Long,-0.049427403598542585,-0.008421547300414556,-0.07957184358008862,True,-0.10471843117719293,-0.008421547300414556,-0.12325373755063018,True,-0.013261953914025626,0.021014566856296213,-0.12325373755063018,True,0.11038527796774611,0.16036356162029342,-0.12325373755063018,True,0.3682263265541781,0.3773562597273954,-0.12325373755063018,True,20,True,True,True,False,True,False,7,1,STOP_BEFORE_TARGET,True,True,False,True,False,7,1,STOP_BEFORE_TARGET,2025-04-16,2025-04-21,2025-04-23,2025-04-30,2025-05-14
TSLA|2025-04-16T00:00:00|Long,TSLA,2025-04-16,Long,-0.0007452201709629014,0.011550375702272353,-0.016021570387425466,True,-0.014820955437071959,0.011550375702272353,-0.07766511914141949,True,0.07435316285224314,0.07447735568568503,-0.07766511914141949,True,0.16133299718304617,0.22069957204008706,-0.07766511914141949,True,0.41925068512941155,0.44897534911230874,-0.07766511914141949,True,20,True,True,True,False,True,False,4,2,STOP_BEFORE_TARGET,True,True,False,True,False,4,2,STOP_BEFORE_TARGET,2025-04-17,2025-04-22,2025-04-24,2025-05-01,2025-05-15
TSLA|2025-04-17T00:00:00|Long,TSLA,2025-04-17,Long,-0.05746362595919796,-0.03794998793811566,-0.07697726398028026,True,0.03882011254724227,0.0749058186833278,-0.07697726398028026,True,0.18055275291647255,0.18842445998412982,-0.07697726398028026,True,0.1899158854257541,0.2216099404087284,-0.07697726398028026,True,0.4499731452387419,0.4567676274197734,-0.07697726398028026,True,20,True,True,True,False,True,False,3,1,STOP_BEFORE_TARGET,True,True,False,True,False,3,1,STOP_BEFORE_TARGET,2025-04-21,2025-04-23,2025-04-25,2025-05-02,2025-05-16
TSLA|2025-04-21T00:00:00|Long,TSLA,2025-04-21,Long,0.04602198338770602,0.06720876169728718,0.010329697158310447,True,0.14070333962912085,0.14083520239526104,0.010329697158310447,True,0.2566154060782968,0.29608784769917573,0.010329697158310447,True,0.23191213083791218,0.29608784769917573,0.010329697158310447,True,0.5036922915951236,0.5455823961195054,0.010329697158310447,True,20,True,True,False,True,False,False,1,,TARGET_BEFORE_STOP,True,False,True,False,False,1,,TARGET_BEFORE_STOP,2025-04-22,2025-04-24,2025-04-28,2025-05-05,2025-05-19
TSLA|2025-04-22T00:00:00|Long,TSLA,2025-04-22,Long,0.0536622440095611,0.09026352429357964,0.02714624289591394,True,0.19741988799149923,0.20540406199132288,0.02714624289591394,True,0.2271714807802867,0.239063679619421,0.02714624289591394,True,0.15707864306873187,0.239063679619421,0.02714624289591394,True,0.44480399025314954,0.49174260794806135,0.02714624289591394,True,20,True,True,False,True,False,False,1,,TARGET_BEFORE_STOP,True,False,True,False,False,1,,TARGET_BEFORE_STOP,2025-04-23,2025-04-25,2025-04-29,2025-05-06,2025-05-20
TSLA|2025-04-23T00:00:00|Long,TSLA,2025-04-23,Long,0.0349764859229853,0.035096126900251434,-0.0061418541564316476,True,0.14014516479144956,0.17595907670027255,-0.0061418541564316476,True,0.1253090750602297,0.17595907670027255,-0.0061418541564316476,True,0.10161918788118451,0.17595907670027255,-0.0061418541564316476,True,0.33452974310599304,0.41576925284087984,-0.0061418541564316476,True,20,True,True,False,True,False,False,1,,TARGET_BEFORE_STOP,True,False,True,False,False,2,,TARGET_BEFORE_STOP,2025-04-24,2025-04-28,2025-04-30,2025-05-07,2025-05-21
TSLA|2025-04-24T00:00:00|Long,TSLA,2025-04-24,Long,0.09803091011549903,0.1053523768219291,0.00046239109349133223,True,0.12531304300378276,0.1362181582816926,0.00046239109349133223,True,0.08096018826796669,0.1362181582816926,0.00046239109349133223,True,0.09752994723190955,0.1362181582816926,0.00046239109349133223,True,0.3141689943017236,0.3679240756646813,0.00046239109349133223,True,20,True,True,False,True,False,False,1,,TARGET_BEFORE_STOP,True,False,True,False,False,1,,TARGET_BEFORE_STOP,2025-04-25,2025-04-29,2025-05-01,2025-05-08,2025-05-22
TSLA|2025-04-25T00:00:00|Long,TSLA,2025-04-25,Long,0.0032637046356942534,0.03477793549744135,-0.043972620608955015,True,-0.009791221005089112,0.03477793549744135,-0.0497280674528946,True,0.007931142836396399,0.03477793549744135,-0.0497280674528946,True,0.046709938545022256,0.0775223561732683,-0.0497280674528946,True,0.19087552834123822,0.24579742069446198,-0.0497280674528946,True,20,True,True,True,,,False,1,1,AMBIGUOUS,True,True,False,True,False,10,1,STOP_BEFORE_TARGET,2025-04-28,2025-04-30,2025-05-02,2025-05-09,2025-05-23
TSLA|2025-04-28T00:00:00|Long,TSLA,2025-04-28,Long,0.021512501019458785,0.026024913650243064,-0.02242200766974578,True,-0.018749180696767453,0.026024913650243064,-0.05281938521620422,True,-0.019658580597447628,0.03113192159113276,-0.05281938521620422,True,0.11368406130160214,0.12708124370977947,-0.05281938521620422,True,0.26937878987791697,0.2725269425332706,-0.05281938521620422,True,20,True,True,True,False,True,False,4,1,STOP_BEFORE_TARGET,True,True,False,True,False,9,2,STOP_BEFORE_TARGET,2025-04-29,2025-05-01,2025-05-05,2025-05-12,2025-05-27
TSLA|2025-04-29T00:00:00|Long,TSLA,2025-04-29,Long,-0.03379788089732105,-0.025956191500703496,-0.07276649689698422,True,-0.01650517872946844,0.00941684077490379,-0.07276649689698422,True,-0.057117394601597926,0.00941684077490379,-0.07276649689698422,True,0.1439578424156822,0.15601136098701263,-0.07276649689698422,True,0.22213469639539785,0.2498715937599636,-0.07276649689698422,True,20,True,True,True,False,True,False,8,1,STOP_BEFORE_TARGET,True,True,False,True,False,8,1,STOP_BEFORE_TARGET,2025-04-30,2025-05-02,2025-05-06,2025-05-13,2025-05-28
TSLA|2025-04-30T00:00:00|Long,TSLA,2025-04-30,Long,-0.005812356915055328,0.0308689798058992,-0.008328629405356058,True,-0.006733746356055614,0.04472637848523742,-0.027502160706369017,True,-0.021051893834391544,0.04472637848523742,-0.03955203968409937,True,0.23220863397823388,0.24043094505743623,-0.03955203968409937,True,0.2703075844335694,0.3031967205933839,-0.03955203968409937,True,20,True,True,True,True,False,False,1,3,TARGET_BEFORE_STOP,True,True,False,True,False,7,4,STOP_BEFORE_TARGET,2025-05-01,2025-05-05,2025-05-07,2025-05-14,2025-05-29
TSLA|2025-05-01T00:00:00|Long,TSLA,2025-05-01,Long,0.023848576584252656,0.05083420192537513,-0.0025309834695720346,True,-0.018429998262634584,0.05083420192537513,-0.03268923167435789,True,0.015328741191192874,0.05083420192537513,-0.03393693635574713,True,0.22208762566118057,0.2476829235257878,-0.03393693635574713,True,0.23506347149540385,0.3108156489951839,-0.03393693635574713,True,20,True,True,True,True,False,False,1,2,TARGET_BEFORE_STOP,True,True,True,False,False,1,3,TARGET_BEFORE_STOP,2025-05-02,2025-05-06,2025-05-08,2025-05-15,2025-05-30
TSLA|2025-05-02T00:00:00|Long,TSLA,2025-05-02,Long,-0.024198258752220814,-0.008216933330230658,-0.044601503915985274,True,-0.03826465151402614,-0.008216933330230658,-0.05643951094094679,True,0.038473655650225425,0.06904361853631857,-0.05643951094094679,True,0.21855096061679924,0.22426101312072078,-0.05643951094094679,True,0.19316880553232996,0.2802827282998295,-0.05643951094094679,True,20,True,True,True,False,True,False,5,1,STOP_BEFORE_TARGET,True,True,False,True,False,5,1,STOP_BEFORE_TARGET,2025-05-05,2025-05-07,2025-05-09,2025-05-16,2025-06-02
TSLA|2025-05-05T00:00:00|Long,TSLA,2025-05-05,Long,-0.017519458684867262,-0.00902732709319698,-0.03179191947349391,True,0.0162705965878156,0.034039740579905775,-0.033040781570545574,True,0.13601653389317425,0.14968236718658123,-0.033040781570545574,True,0.22061651472849308,0.25462064820178676,-0.033040781570545574,True,0.2283949797246383,0.31203160865720925,-0.033040781570545574,True,20,True,True,True,False,True,False,3,1,STOP_BEFORE_TARGET,True,True,False,True,False,4,1,STOP_BEFORE_TARGET,2025-05-06,2025-05-08,2025-05-12,2025-05-19,2025-06-03
TSLA|2025-05-06T00:00:00|Long,TSLA,2025-05-06,Long,0.003159597232260225,0.009333601842204331,-0.015798096993251076,True,0.08320320738796916,0.11508989191557406,-0.015798096993251076,True,0.21325585588920526,0.22603954550477257,-0.015798096993251076,True,0.24866533394941115,0.2892318226458268,-0.015798096993251076,True,0.20591966745095047,0.33542757691765046,-0.015798096993251076,True,20,True,True,False,True,False,False,2,,TARGET_BEFORE_STOP,True,False,True,False,False,2,,TARGET_BEFORE_STOP,2025-05-07,2025-05-09,2025-05-13,2025-05-20,2025-06-04
TSLA|2025-05-07T00:00:00|Long,TSLA,2025-05-07,Long,0.031134624811778533,0.04916366125643101,0.01154877426438583,True,0.15263197261527428,0.16649768311900215,0.01154877426438583,True,0.2587067958123015,0.2671059244560128,0.01154877426438583,True,0.21142565215551534,0.2851711992815962,0.01154877426438583,True,0.030700206172081357,0.3312214532982838,-0.010897146304839733,True,20,True,True,False,True,False,False,1,,TARGET_BEFORE_STOP,True,False,True,False,False,2,,TARGET_BEFORE_STOP,2025-05-08,2025-05-12,2025-05-14,2025-05-21,2025-06-05
TSLA|2025-05-08T00:00:00|Long,TSLA,2025-05-08,Long,0.04718770485146129,0.0780141866768842,0.018186898892551095,True,0.17291622334640744,0.1852748671324984,0.018186898892551095,True,0.20363737977851026,0.22884625728411345,0.018186898892551095,True,0.19738782309876957,0.24636605963667346,0.018186898892551095,True,0.03623343535860246,0.2910258479015604,-0.040762641565150304,True,20,True,True,True,True,False,False,1,19,TARGET_BEFORE_STOP,True,True,True,False,False,1,19,TARGET_BEFORE_STOP,2025-05-09,2025-05-13,2025-05-15,2025-05-22,2025-06-06
TSLA|2025-05-09T00:00:00|Long,TSLA,2025-05-09,Long,0.06745790403815088,0.08029900390693756,0.04439076577774914,True,0.1656942979013205,0.17347277053679666,0.04439076577774914,True,0.1734057517846428,0.1789042567037169,0.04439076577774914,True,0.13773213044734556,0.1902031067233212,0.04439076577774914,True,0.03460060507189722,0.23285046407672105,-0.08398718396821403,True,20,True,True,True,True,False,False,1,18,TARGET_BEFORE_STOP,True,True,True,False,False,1,18,TARGET_BEFORE_STOP,2025-05-12,2025-05-14,2025-05-16,2025-05-23,2025-06-09
TSLA|2025-05-12T00:00:00|Long,TSLA,2025-05-12,Long,0.049280740626853614,0.06033667680276844,-0.004962676881751116,True,0.0767636222959478,0.09931526676377178,-0.004962676881751116,True,0.07447073023258843,0.10440351066207754,-0.004962676881751116,True,0.1398015235975889,0.1426283151130161,-0.004962676881751116,True,0.0242163180376731,0.15494059242326697,-0.14187452960295133,True,20,True,True,True,True,False,False,1,17,TARGET_BEFORE_STOP,True,True,True,False,False,1,17,TARGET_BEFORE_STOP,2025-05-13,2025-05-15,2025-05-19,2025-05-27,2025-06-10
TSLA|2025-05-13T00:00:00|Long,TSLA,2025-05-13,Long,0.04073991993646375,0.047684594026787375,0.008770594820078026,True,0.04762475922200493,0.0525338623887186,0.0019456816901659568,True,0.02918549940503201,0.06262155372078393,-0.0020954057283923966,True,0.06833892918171758,0.09258536234222103,-0.008022248681487598,True,-0.022869501843734152,0.10069740890630574,-0.1821774314809269,True,20,True,True,True,True,False,False,1,15,TARGET_BEFORE_STOP,True,True,True,False,False,3,16,TARGET_BEFORE_STOP,2025-05-14,2025-05-16,2025-05-20,2025-05-28,2025-06-11
TSLA|2025-05-14T00:00:00|Long,TSLA,2025-05-14,Long,-0.013978329078298546,-0.004429297226716811,-0.03727563198370054,True,-0.016077992566870036,0.011332266809727987,-0.04115853043041828,True,-0.037563270345476796,0.021025073954745732,-0.04452364471597714,True,0.030919236730497124,0.05761044409010685,-0.046853366229026805,True,-0.08217328556740067,0.05761044409010685,-0.2141912183314728,True,20,True,True,True,False,True,False,8,1,STOP_BEFORE_TARGET,True,True,False,True,False,10,1,STOP_BEFORE_TARGET,2025-05-15,2025-05-19,2025-05-21,2025-05-29,2025-06-12
TSLA|2025-05-15T00:00:00|Long,TSLA,2025-05-15,Long,0.0208856061756566,0.02566941136736589,-0.001429382012379743,True,0.002916982610802643,0.03549962852269184,-0.0275655212797834,True,-0.0051922254864590345,0.03549962852269184,-0.033341089876856134,True,0.010617770413314576,0.07260365089287202,-0.033341089876856134,True,-0.051076394001313585,0.07260365089287202,-0.20305120582798308,True,20,True,True,True,False,True,False,3,2,STOP_BEFORE_TARGET,True,True,False,True,False,7,4,STOP_BEFORE_TARGET,2025-05-16,2025-05-20,2025-05-22,2025-05-30,2025-06-13
TSLA|2025-05-16T00:00:00|Long,TSLA,2025-05-16,Long,-0.022544186527114873,-0.01994402756505087,-0.04745989870201328,True,-0.04388826614940777,0.0143150439761619,-0.05080289794033821,True,-0.030401778142846947,0.0143150439761619,-0.05311730885858179,True,-0.020829785462252226,0.05065998031939767,-0.05311730885858179,True,-0.059574848417071835,0.05065998031939767,-0.21935544065757806,True,20,True,True,True,False,True,False,6,1,STOP_BEFORE_TARGET,True,True,False,True,False,8,1,STOP_BEFORE_TARGET,2025-05-19,2025-05-21,2025-05-23,2025-06-02,2025-06-16
TSLA|2025-05-19T00:00:00|Long,TSLA,2025-05-19,Long,0.005057180873010214,0.037709357287790235,-0.0013446504136408466,True,-0.0030693320594258333,0.037709357287790235,-0.03127826538044831,True,0.06080276691283948,0.06343363570794858,-0.03127826538044831,True,0.006372570665960087,0.07489255865840061,-0.03127826538044831,True,-0.07524332926985389,0.07489255865840061,-0.20135053822146276,True,20,True,True,True,True,False,False,1,2,TARGET_BEFORE_STOP,True,True,False,True,False,5,3,STOP_BEFORE_TARGET,2025-05-20,2025-05-22,2025-05-27,2025-06-03,2025-06-17
TSLA|2025-05-20T00:00:00|Long,TSLA,2025-05-20,Long,-0.026758222357769146,0.010266996405384088,-0.03379673919391768,True,-0.013030105552012006,0.010266996405384088,-0.036152615935639565,True,0.038043122254753925,0.061601978432304305,-0.036152615935639565,True,-0.03423308498784072,0.06948398470694972,-0.04796120179359775,True,-0.06331807069831485,0.06948398470694972,-0.2053691302570304,True,20,True,True,True,False,True,False,4,1,STOP_BEFORE_TARGET,True,True,False,True,False,4,1,STOP_BEFORE_TARGET,2025-05-21,2025-05-23,2025-05-28,2025-06-04,2025-06-18
TSLA|2025-05-21T00:00:00|Long,TSLA,2025-05-21,Long,0.019185982671137136,0.03780405857711577,-0.009652682194376427,True,0.08448395177744694,0.08717355165078744,-0.009652682194376427,True,0.07115533412836017,0.09888828169488839,-0.009652682194376427,True,-0.14918410028866846,0.09888828169488839,-0.18352162022058172,True,-0.037236243012658266,0.09888828169488839,-0.18352162022058172,True,20,True,True,True,True,False,False,1,9,TARGET_BEFORE_STOP,True,True,True,False,False,3,10,TARGET_BEFORE_STOP,2025-05-22,2025-05-27,2025-05-29,2025-06-05,2025-06-20
TSLA|2025-05-22T00:00:00|Long,TSLA,2025-05-22,Long,-0.004984788190348977,0.006274877073777496,-0.022959233209180474,True,0.04650476470262399,0.07025566166651709,-0.022959233209180474,True,0.015892513412960163,0.07820191837299717,-0.022959233209180474,True,-0.13458829681690676,0.07820191837299717,-0.19889167074340242,True,0.022402017181081035,0.07820191837299717,-0.19889167074340242,True,20,True,True,True,False,True,False,2,1,STOP_BEFORE_TARGET,True,True,True,False,False,2,8,TARGET_BEFORE_STOP,2025-05-23,2025-05-28,2025-05-30,2025-06-06,2025-06-23
TSLA|2025-05-23T00:00:00|Long,TSLA,2025-05-23,Long,0.06939947711644767,0.0720516663844295,0.023516270031376463,True,0.05625625197120043,0.08360345206386666,0.023516270031376463,True,0.009872122766748426,0.08360345206386666,-0.01771087944387395,True,-0.09064657894024486,0.08360345206386666,-0.19487830964954966,True,0.0033300079419089634,0.08360345206386666,-0.19487830964954966,True,20,True,True,True,True,False,False,1,7,TARGET_BEFORE_STOP,True,True,True,False,False,1,7,TARGET_BEFORE_STOP,2025-05-27,2025-05-29,2025-06-02,2025-06-09,2025-06-24
TSLA|2025-05-27T00:00:00|Long,TSLA,2025-05-27,Long,-0.016506435862546853,0.005814393525285233,-0.019234508265790318,True,-0.04527548990091812,0.013282197393362116,-0.048499560178216106,True,-0.05131038298974533,0.013282197393362116,-0.0814572649644526,True,-0.1014081865718961,0.013282197393362116,-0.24712728257414318,True,-0.09738495254465918,0.013282197393362116,-0.24712728257414318,True,20,True,False,True,False,True,False,,3,STOP_BEFORE_TARGET,False,True,False,True,False,,3,STOP_BEFORE_TARGET,2025-05-28,2025-05-30,2025-06-03,2025-06-10,2025-06-25
TSLA|2025-05-28T00:00:00|Long,TSLA,2025-05-28,Long,0.004286911755287504,0.03028858992283734,-0.002521697707692949,True,-0.039815050989324474,0.03028858992283734,-0.06604092946848028,True,-0.06962736488788834,0.03028858992283734,-0.08285236152958653,True,-0.08537405923727948,0.03028858992283734,-0.23449146503958695,True,-0.08719528060909287,0.03028858992283734,-0.23449146503958695,True,20,True,True,True,True,False,False,1,2,TARGET_BEFORE_STOP,False,True,False,True,False,,2,STOP_BEFORE_TARGET,2025-05-29,2025-06-02,2025-06-04,2025-06-11,2025-06-26
TSLA|2025-05-29T00:00:00|Long,TSLA,2025-05-29,Long,-0.03339564619395741,0.014647211749237998,-0.036659834275490355,True,-0.03950563276360031,0.014647211749237998,-0.07002763891530672,True,-0.20570259737008845,0.014647211749237998,-0.2377591244095164,True,-0.10970066157322322,0.014647211749237998,-0.2377591244095164,True,-0.09709005525228787,0.014647211749237998,-0.2377591244095164,True,20,True,False,True,False,True,False,,1,STOP_BEFORE_TARGET,False,True,False,True,False,,1,STOP_BEFORE_TARGET,2025-05-30,2025-06-03,2025-06-05,2025-06-12,2025-06-27
TSLA|2025-05-30T00:00:00|Long,TSLA,2025-05-30,Long,-0.01088145559849063,0.004502677356891915,-0.037897607823831336,True,-0.04159211458035772,0.025803852282797912,-0.05521562476079689,True,-0.14812670459034738,0.025803852282797912,-0.21142412343878836,True,-0.06104599208600592,0.025803852282797912,-0.21142412343878836,True,-0.08312644606383923,0.0319806539372971,-0.21142412343878836,True,20,True,True,True,False,True,False,15,1,STOP_BEFORE_TARGET,False,True,False,True,False,,1,STOP_BEFORE_TARGET,2025-06-02,2025-06-04,2025-06-06,2025-06-13,2025-06-30
TSLA|2025-06-02T00:00:00|Long,TSLA,2025-06-02,Long,0.004610541775392996,0.0370888889799208,0.0010213490356358879,True,-0.16921996504491033,0.0370888889799208,-0.202748870674183,True,-0.09953606941005766,0.0370888889799208,-0.202748870674183,True,-0.039569282622746615,0.0370888889799208,-0.202748870674183,True,-0.12250141727874286,0.04333364264414086,-0.202748870674183,True,20,True,True,True,True,False,False,1,2,TARGET_BEFORE_STOP,False,True,False,True,False,,2,STOP_BEFORE_TARGET,2025-06-03,2025-06-05,2025-06-09,2025-06-16,2025-07-01
TSLA|2025-06-03T00:00:00|Long,TSLA,2025-06-03,Long,-0.03549540073392177,0.003863296634290414,-0.04920557406104176,True,-0.1427076885382632,0.003863296634290414,-0.20640776084543278,True,-0.052807369959451456,0.003863296634290414,-0.20640776084543278,True,-0.0810990902522365,0.003863296634290414,-0.20640776084543278,True,-0.08313241360126489,0.03854538575746447,-0.20640776084543278,True,20,True,True,True,False,True,False,13,1,STOP_BEFORE_TARGET,False,True,False,True,False,,1,STOP_BEFORE_TARGET,2025-06-04,2025-06-06,2025-06-10,2025-06-17,2025-07-02
TSLA|2025-06-04T00:00:00|Long,TSLA,2025-06-04,Long,-0.14259893789082123,-0.022586960625567643,-0.177202224065664,True,-0.07068213246053945,-0.022586960625567643,-0.177202224065664,True,-0.016925147790372908,0.010390038650392341,-0.177202224065664,True,-0.030115947500756857,0.010390038650392341,-0.177202224065664,True,-0.050293577182317084,0.0767656126759022,-0.177202224065664,True,20,True,True,True,False,True,False,12,1,STOP_BEFORE_TARGET,True,True,False,True,False,12,1,STOP_BEFORE_TARGET,2025-06-05,2025-06-09,2025-06-11,2025-06-18,2025-07-03
TSLA|2025-06-05T00:00:00|Long,TSLA,2025-06-05,Long,0.036670186138995975,0.07305931472122018,0.02262030967783435,True,0.14538104094200377,0.1514927029011528,-0.010010558416987836,True,0.12086396792813847,0.17843338817993248,-0.010010558416987836,True,0.1315770630450046,0.17843338817993248,-0.010010558416987836,True,0.032455180323827104,0.2558482374947073,-0.010010558416987836,True,20,True,True,False,True,False,False,1,,TARGET_BEFORE_STOP,True,False,True,False,False,1,,TARGET_BEFORE_STOP,2025-06-06,2025-06-10,2025-06-12,2025-06-20,2025-07-07
TSLA|2025-06-06T00:00:00|Long,TSLA,2025-06-06,Long,0.04553761352840424,0.049772891491268734,-0.04502950425326957,True,0.10601740351817601,0.13674860523280175,-0.04502950425326957,True,0.10222261100750396,0.13674860523280175,-0.04502950425326957,True,0.18140535125716206,0.2114250552261221,-0.04502950425326957,True,0.009046495824487355,0.2114250552261221,-0.04502950425326957,True,20,True,True,True,,,False,1,1,AMBIGUOUS,True,True,False,True,False,2,1,STOP_BEFORE_TARGET,2025-06-09,2025-06-11,2025-06-13,2025-06-23,2025-07-08
TSLA|2025-06-09T00:00:00|Long,TSLA,2025-06-09,Long,0.05674382827003055,0.06238252912585396,0.006773047334290627,True,0.03412404963868543,0.08723836476488422,0.006773047334290627,True,0.06659543458672856,0.08723836476488422,0.006773047334290627,True,0.10334440351325003,0.15866233749151593,0.006773047334290627,True,-0.04115620663065567,0.15866233749151593,-0.06419728569776995,True,20,True,True,True,True,False,False,1,15,TARGET_BEFORE_STOP,True,True,True,False,False,1,15,TARGET_BEFORE_STOP,2025-06-10,2025-06-12,2025-06-16,2025-06-24,2025-07-09
TSLA|2025-06-10T00:00:00|Long,TSLA,2025-06-10,Long,0.0010426457165473302,0.02885707555517536,-0.01100921947378819,True,-0.0023919739582831667,0.02885707555517536,-0.039222327236524634,True,-0.029869024943293687,0.02885707555517536,-0.039222327236524634,True,0.004477265391377827,0.09644580502384725,-0.039222327236524634,True,-0.04974087338728461,0.09644580502384725,-0.11444695557464513,True,20,True,True,True,False,True,False,8,2,STOP_BEFORE_TARGET,True,True,False,True,False,8,3,STOP_BEFORE_TARGET,2025-06-11,2025-06-13,2025-06-17,2025-06-25,2025-07-10
TSLA|2025-06-11T00:00:00|Long,TSLA,2025-06-11,Long,-0.022424432461661592,0.018778926631600745,-0.0293171814445492,True,0.008271336175021737,0.020096185110996645,-0.04022303457836229,True,-0.01341789964491047,0.020096185110996645,-0.04022303457836229,True,-0.001991219897278129,0.09530379121761623,-0.04022303457836229,True,-0.03957964402795766,0.09530379121761623,-0.11536931197224354,True,20,True,True,True,False,True,False,7,1,STOP_BEFORE_TARGET,True,True,False,True,False,7,2,STOP_BEFORE_TARGET,2025-06-12,2025-06-16,2025-06-18,2025-06-26,2025-07-11
TSLA|2025-06-12T00:00:00|Long,TSLA,2025-06-12,Long,0.019429076154419578,0.043495990473381596,-0.01820688109208768,True,-0.008648990551035962,0.043495990473381596,-0.01820688109208768,True,0.009557890541051828,0.043495990473381596,-0.01820688109208768,True,0.014164456578412254,0.12042877051002066,-0.01820688109208768,True,-0.006925485119631647,0.12042877051002066,-0.09507692560753045,True,20,True,True,True,True,False,False,1,12,TARGET_BEFORE_STOP,True,True,True,False,False,6,12,TARGET_BEFORE_STOP,2025-06-13,2025-06-17,2025-06-20,2025-06-27,2025-07-14
TSLA|2025-06-13T00:00:00|Long,TSLA,2025-06-13,Long,0.011742668079331553,0.020718669223072528,0.003381408846242051,True,-0.010021240632292039,0.020718669223072528,-0.032492107231702594,True,0.07183915432226518,0.09907476323571318,-0.032492107231702594,True,-0.023516012277201792,0.09907476323571318,-0.032492107231702594,True,-0.044665085267414084,0.09907476323571318,-0.11232365687851453,True,20,True,True,True,False,True,False,5,2,STOP_BEFORE_TARGET,True,True,False,True,False,5,2,STOP_BEFORE_TARGET,2025-06-16,2025-06-18,2025-06-23,2025-06-30,2025-07-15
TSLA|2025-06-16T00:00:00|Long,TSLA,2025-06-16,Long,-0.03882963749794621,-0.005681630630587242,-0.04372136977776031,True,-0.02117704590070668,0.009813691917575307,-0.04372136977776031,True,0.034454459239984025,0.08631848582819068,-0.04372136977776031,True,-0.08634889863005168,0.08631848582819068,-0.10913624675612232,True,-0.022665789640583744,0.08631848582819068,-0.12262636426451279,True,20,True,True,True,False,True,False,4,1,STOP_BEFORE_TARGET,True,True,False,True,False,4,1,STOP_BEFORE_TARGET,2025-06-17,2025-06-20,2025-06-24,2025-07-01,2025-07-16
TSLA|2025-06-17T00:00:00|Long,TSLA,2025-06-17,Long,0.0180179597897272,0.04099889669816892,-0.002844930864928985,True,0.1021968893583225,0.13020389330395044,-0.002844930864928985,True,0.03540376631378428,0.13020389330395044,-0.002844930864928985,True,-0.002212777599258864,0.13020389330395044,-0.07314687593483293,True,0.009672822821417792,0.13020389330395044,-0.08718197110076564,True,20,True,True,True,True,False,False,1,9,TARGET_BEFORE_STOP,True,True,True,False,False,2,9,TARGET_BEFORE_STOP,2025-06-18,2025-06-23,2025-06-25,2025-07-02,2025-07-17
TSLA|2025-06-18T00:00:00|Long,TSLA,2025-06-18,Long,0.0003416111576173275,0.0320136561073916,-0.013258777132501676,True,0.057196131426577645,0.1102003480738154,-0.013258777132501676,True,0.011582087029067045,0.1102003480738154,-0.013258777132501676,True,-0.020804166879087815,0.1102003480738154,-0.08955130393121002,True,0.02359883990556555,0.1102003480738154,-0.10333799112171083,True,20,True,True,True,True,False,False,1,8,TARGET_BEFORE_STOP,True,True,True,False,False,2,8,TARGET_BEFORE_STOP,2025-06-20,2025-06-24,2025-06-26,2025-07-03,2025-07-18
TSLA|2025-06-20T00:00:00|Long,TSLA,2025-06-20,Long,0.0823193093872907,0.10982122076184253,0.01651355619488548,True,0.01673076753659508,0.10982122076184253,-0.005463154164447315,True,0.004562953824165383,0.10982122076184253,-0.01446487338321778,True,-0.08759622827140601,0.10982122076184253,-0.10364419626546162,True,0.019648579899150587,0.10982122076184253,-0.10364419626546162,True,20,True,True,True,True,False,False,1,7,TARGET_BEFORE_STOP,True,True,True,False,False,1,7,TARGET_BEFORE_STOP,2025-06-23,2025-06-25,2025-06-27,2025-07-07,2025-07-21
TSLA|2025-06-23T00:00:00|Long,TSLA,2025-06-23,Long,-0.023545920693855638,0.02173917990440022,-0.02363195596954404,True,-0.0656762486449225,0.02173917990440022,-0.08110588325494461,True,-0.08896406351171315,0.02173917990440022,-0.09200409328359449,True,-0.14589307154336428,0.02173917990440022,-0.17181944740321387,True,-0.04752210528932277,0.02173917990440022,-0.17181944740321387,True,20,True,False,True,False,True,False,,1,STOP_BEFORE_TARGET,False,True,False,True,False,,2,STOP_BEFORE_TARGET,2025-06-24,2025-06-26,2025-06-30,2025-07-08,2025-07-22
TSLA|2025-06-24T00:00:00|Long,TSLA,2025-06-24,Long,-0.037947582404945,0.007430900726131284,-0.058947946228040116,True,-0.049461028218384606,0.007430900726131284,-0.06746556565438278,True,-0.11677977390980576,0.007430900726131284,-0.13880814637466288,True,-0.13096600633835587,0.007430900726131284,-0.15184895004455246,True,-0.02323260091564383,0.007430900726131284,-0.15184895004455246,True,20,True,False,True,False,True,False,,1,STOP_BEFORE_TARGET,False,True,False,True,False,,1,STOP_BEFORE_TARGET,2025-06-25,2025-06-27,2025-07-01,2025-07-09,2025-07-23
TSLA|2025-06-25T00:00:00|Long,TSLA,2025-06-25,Long,-0.0054037218123500486,0.010685391941495759,-0.012028705810535945,True,-0.03019381620954431,0.010685391941495759,-0.033429956029716545,True,-0.036330313967240624,0.010685391941495759,-0.10483894861139653,True,-0.05397647178957021,0.010685391941495759,-0.11839413898500328,True,-0.06792856305665118,0.03190356463586941,-0.11839413898500328,True,20,True,True,True,False,True,False,17,2,STOP_BEFORE_TARGET,False,True,False,True,False,,2,STOP_BEFORE_TARGET,2025-06-26,2025-06-30,2025-07-02,2025-07-10,2025-07-24
TSLA|2025-06-26T00:00:00|Long,TSLA,2025-06-26,Long,-0.006599526995335614,0.010927612413079713,-0.02541592120548275,True,-0.0769537952549465,0.010927612413079713,-0.09997546640757293,True,-0.032015448200818364,0.010927612413079713,-0.09997546640757293,True,-0.03766342028254566,0.010927612413079713,-0.11360430322396131,True,-0.029836089560820622,0.03750997994502936,-0.11360430322396131,True,20,True,True,True,False,True,False,16,1,STOP_BEFORE_TARGET,False,True,False,True,False,,3,STOP_BEFORE_TARGET,2025-06-27,2025-07-01,2025-07-03,2025-07-11,2025-07-25
TSLA|2025-06-27T00:00:00|Long,TSLA,2025-06-27,Long,-0.018446995428822777,0.0060253427062773035,-0.02172233313731975,True,-0.024657821790095458,0.0060253427062773035,-0.09399627033577918,True,-0.09174057409218628,0.0060253427062773035,-0.10771564855911164,True,-0.020795386351043277,0.0060253427062773035,-0.10771564855911164,True,0.006056272365066562,0.04440254271970523,-0.10771564855911164,True,20,True,True,True,False,True,False,15,1,STOP_BEFORE_TARGET,False,True,False,True,False,,2,STOP_BEFORE_TARGET,2025-06-30,2025-07-02,2025-07-07,2025-07-14,2025-07-28
TSLA|2025-06-30T00:00:00|Long,TSLA,2025-06-30,Long,-0.05335897504131726,-0.03705215915753579,-0.07696912398527322,True,-0.007271918189143078,0.0024869625883470192,-0.07696912398527322,True,-0.0624882134189918,0.0024869625883470192,-0.09094633984569056,True,-0.021658392002446347,0.015551225790014334,-0.09094633984569056,True,0.011144017201131007,0.0640307124076156,-0.09094633984569056,True,20,True,True,True,False,True,False,13,1,STOP_BEFORE_TARGET,True,True,False,True,False,14,1,STOP_BEFORE_TARGET,2025-07-01,2025-07-03,2025-07-08,2025-07-15,2025-07-29
TSLA|2025-07-01T00:00:00|Long,TSLA,2025-07-01,Long,0.04968242780731846,0.053606449985868165,0.010342243216102887,True,-0.022513349093966517,0.058993785561006984,-0.03970603831163333,True,-0.016061942434617005,0.058993785561006984,-0.03970603831163333,True,0.06970178101244562,0.07578733395137749,-0.03970603831163333,True,0.060955796650281835,0.12400654984718873,-0.03970603831163333,True,20,True,True,True,True,False,False,1,3,TARGET_BEFORE_STOP,True,True,True,False,False,1,3,TARGET_BEFORE_STOP,2025-07-02,2025-07-07,2025-07-09,2025-07-16,2025-07-30
TSLA|2025-07-02T00:00:00|Long,TSLA,2025-07-02,Long,-0.0009503811144286889,0.008870642688702635,-0.009155660341330862,True,-0.05651828507160106,0.008870642688702635,-0.08515762839402319,True,-0.018311417364362148,0.008870642688702635,-0.08515762839402319,True,0.011911958936574818,0.027530500901121746,-0.08515762839402319,True,-0.02338034223194929,0.07080629347594791,-0.08515762839402319,True,20,True,True,True,False,True,False,11,2,STOP_BEFORE_TARGET,True,True,False,True,False,12,2,STOP_BEFORE_TARGET,2025-07-03,2025-07-08,2025-07-10,2025-07-17,2025-07-31
TSLA|2025-07-03T00:00:00|Long,TSLA,2025-07-03,Long,-0.06789282780315342,-0.06088476878205207,-0.08428735238748875,True,-0.06174092546017573,-0.035833258575671545,-0.08428735238748875,True,-0.005834775019115224,-0.003995591378588403,-0.08428735238748875,True,0.04534640087584041,0.04931025048994098,-0.08428735238748875,True,-0.0403361375440332,0.07182493565276604,-0.08428735238748875,True,20,True,True,True,False,True,False,10,1,STOP_BEFORE_TARGET,True,True,False,True,False,11,1,STOP_BEFORE_TARGET,2025-07-07,2025-07-09,2025-07-11,2025-07-18,2025-08-01
TSLA|2025-07-07T00:00:00|Long,TSLA,2025-07-07,Long,0.013165935514200422,0.03439472432330071,0.0013948549319724446,True,0.05419470825158168,0.056270015675117024,-0.0013268512118055353,True,0.07811114943313968,0.0975029033954724,-0.0013268512118055353,True,0.11754095225557437,0.14989452674913362,-0.0013268512118055353,True,0.052119504650520065,0.14989452674913362,-0.0013268512118055353,True,20,True,True,False,True,False,False,1,,TARGET_BEFORE_STOP,True,False,True,False,False,3,,TARGET_BEFORE_STOP,2025-07-08,2025-07-10,2025-07-14,2025-07-21,2025-08-04
TSLA|2025-07-08T00:00:00|Long,TSLA,2025-07-08,Long,-0.0064806174796113725,0.007857346486261685,-0.014304455191390453,True,0.05271821743976979,0.05466572281910653,-0.014304455191390453,True,0.04355126196913961,0.08324102195408822,-0.014304455191390453,True,0.1151740642495398,0.13495182421973229,-0.014304455191390453,True,0.03663410816140522,0.13495182421973229,-0.014304455191390453,True,20,True,True,False,True,False,False,2,,TARGET_BEFORE_STOP,True,False,True,False,False,3,,TARGET_BEFORE_STOP,2025-07-09,2025-07-11,2025-07-15,2025-07-22,2025-08-05
TSLA|2025-07-09T00:00:00|Long,TSLA,2025-07-09,Long,0.0472826483827995,0.04934434859597281,0.013924547279966726,True,0.07104227614839043,0.09030688380340535,0.013924547279966726,True,0.08716374246085468,0.09334863681689742,0.013924547279966726,True,0.12396914989341323,0.14235498993542905,0.013924547279966726,True,0.08121535211145581,0.14235498993542905,0.006556720323749543,True,20,True,True,False,True,False,False,1,,TARGET_BEFORE_STOP,True,False,True,False,False,2,,TARGET_BEFORE_STOP,2025-07-10,2025-07-14,2025-07-16,2025-07-23,2025-08-06
TSLA|2025-07-10T00:00:00|Long,TSLA,2025-07-10,Long,0.01174690904506881,0.013618618411592953,-0.013618618411592842,True,0.002936727261267258,0.041081780059130546,-0.013618618411592842,True,0.03078713233049246,0.04669700664380505,-0.013618618411592842,True,-0.014748144048249867,0.09078002170611654,-0.03052890439263256,True,0.04001676216438743,0.09078002170611654,-0.03888723652773041,True,20,True,True,True,True,False,False,2,10,TARGET_BEFORE_STOP,True,True,True,False,False,6,10,TARGET_BEFORE_STOP,2025-07-11,2025-07-15,2025-07-17,2025-07-24,2025-08-07
TSLA|2025-07-11T00:00:00|Long,TSLA,2025-07-11,Long,0.010813001260769006,0.02899427786910591,-0.002679328607461673,True,0.026027888768877405,0.0318649801384121,-0.009601000516300084,True,0.05148155921058262,0.055468672735074165,-0.009601000516300084,True,0.008133672653307222,0.07811549702251397,-0.04178496920499919,True,0.05148155921058262,0.07811549702251397,-0.05004625674674901,True,20,True,True,True,True,False,False,3,9,TARGET_BEFORE_STOP,True,True,True,False,False,5,9,TARGET_BEFORE_STOP,2025-07-14,2025-07-16,2025-07-18,2025-07-25,2025-08-08
TSLA|2025-07-14T00:00:00|Long,TSLA,2025-07-14,Long,-0.01931207079538977,0.013569007236874375,-0.020195626442880088,True,0.00792051061523491,0.023477445833705257,-0.020195626442880088,True,0.03657304058414246,0.06658253868697761,-0.020195626442880088,True,0.02742190788506238,0.06658253868697761,-0.052035312565393954,True,0.06983277156528223,0.09384670661012295,-0.06020822637976486,True,20,True,True,True,False,True,False,4,1,STOP_BEFORE_TARGET,True,True,True,False,False,5,8,TARGET_BEFORE_STOP,2025-07-15,2025-07-17,2025-07-21,2025-07-28,2025-08-11
TSLA|2025-07-15T00:00:00|Long,TSLA,2025-07-15,Long,0.03504091219258654,0.04092927881673725,0.0059205751500028825,True,0.06071817746092534,0.06474031532343205,0.0059205751500028825,True,0.06863371727925549,0.08758607802181517,0.0059205751500028825,True,0.033528584428415,0.08758607802181517,-0.03336763999587966,True,0.09672436346182334,0.11538714206188971,-0.041701497863386505,True,20,True,True,True,True,False,False,1,7,TARGET_BEFORE_STOP,True,True,True,False,False,3,7,TARGET_BEFORE_STOP,2025-07-16,2025-07-18,2025-07-22,2025-07-29,2025-08-12
TSLA|2025-07-16T00:00:00|Long,TSLA,2025-07-16,Long,-0.007025863995037018,0.008300378644887418,-0.014331506440454445,True,0.021201779842536572,0.0507662694394555,-0.014331506440454445,True,0.03385452070839645,0.0507662694394555,-0.014331506440454445,True,-0.008176095915149229,0.0507662694394555,-0.06609260695169283,True,0.055056395423245696,0.08490066347054492,-0.07414432526479098,True,20,True,True,True,True,False,False,3,6,TARGET_BEFORE_STOP,True,True,True,False,False,3,6,TARGET_BEFORE_STOP,2025-07-17,2025-07-21,2025-07-23,2025-07-30,2025-08-13
TSLA|2025-07-17T00:00:00|Long,TSLA,2025-07-17,Long,0.03205907804067243,0.03597254344773049,0.0062928829484980575,True,0.03976075120955791,0.05820104606853893,0.0062928829484980575,True,-0.04417524719753929,0.05820104606853893,-0.05948467418728476,True,-0.03487684956862547,0.05820104606853893,-0.05948467418728476,True,0.050624535001295046,0.09257696059983034,-0.0675933630454787,True,20,True,True,True,True,False,False,1,5,TARGET_BEFORE_STOP,True,True,True,False,False,2,5,TARGET_BEFORE_STOP,2025-07-18,2025-07-22,2025-07-24,2025-07-31,2025-08-14
TSLA|2025-07-18T00:00:00|Long,TSLA,2025-07-18,Long,-0.0035188948387289143,0.025329914327672176,-0.008402818337505225,True,0.00882755563776283,0.025329914327672176,-0.024571534213524537,True,-0.041225531895984546,0.025329914327672176,-0.08870010852649024,True,-0.08196568940983084,0.025329914327672176,-0.09655691539997657,True,0.0027605147245812756,0.058638002268289746,-0.09655691539997657,True,20,True,True,True,False,True,False,16,2,STOP_BEFORE_TARGET,True,True,False,True,False,16,4,STOP_BEFORE_TARGET,2025-07-21,2025-07-23,2025-07-25,2025-08-01,2025-08-15
TSLA|2025-07-21T00:00:00|Long,TSLA,2025-07-21,Long,0.0110201078413521,0.021066131795361542,-0.021126983006254152,True,-0.07059576587055316,0.023471101713495868,-0.08548201591235938,True,-0.008828256515260202,0.023471101713495868,-0.08548201591235938,True,-0.05854053712574181,0.023471101713495868,-0.09336656769441731,True,0.020305073597449264,0.06237639307466769,-0.09336656769441731,True,20,True,True,True,False,True,False,15,1,STOP_BEFORE_TARGET,True,True,False,True,False,15,3,STOP_BEFORE_TARGET,2025-07-22,2025-07-24,2025-07-28,2025-08-04,2025-08-18
TSLA|2025-07-22T00:00:00|Long,TSLA,2025-07-22,Long,0.0013550095657464123,0.012315278178520073,-0.010357929829139745,True,-0.048327326791992364,0.012315278178520073,-0.09545025168664045,True,-0.032850482146696836,0.012315278178520073,-0.09545025168664045,True,-0.07042842781766823,0.012315278178520073,-0.10324886194266436,True,-0.008430905171384007,0.0507965023000061,-0.10324886194266436,True,20,True,True,True,False,True,False,14,2,STOP_BEFORE_TARGET,True,True,False,True,False,16,2,STOP_BEFORE_TARGET,2025-07-23,2025-07-25,2025-07-29,2025-08-05,2025-08-19
TSLA|2025-07-23T00:00:00|Long,TSLA,2025-07-23,Long,-0.08197020076301287,-0.0673863478067922,-0.0966742666962519,True,-0.020958627832185606,-0.006224462771876382,-0.0966742666962519,True,-0.04065428528062753,-0.006224462771876382,-0.0966742666962519,True,-0.03803823066319201,-0.006224462771876382,-0.10446232406004918,True,-0.02604042496296799,0.04937458969292097,-0.10446232406004918,True,20,True,True,True,False,True,False,13,1,STOP_BEFORE_TARGET,False,True,False,True,False,,1,STOP_BEFORE_TARGET,2025-07-24,2025-07-28,2025-07-30,2025-08-06,2025-08-20
TSLA|2025-07-24T00:00:00|Long,TSLA,2025-07-24,Long,0.03524405566934252,0.06003936397886056,0.008876587228997757,True,0.05208000343860042,0.08250901882933648,0.008876587228997757,True,0.009728140646756867,0.08250901882933648,0.0026204334835722154,True,0.055584677036446095,0.08250901882933648,-0.024500428325671453,True,0.048509656569776016,0.14307246950491148,-0.024500428325671453,True,20,True,True,True,True,False,False,1,6,TARGET_BEFORE_STOP,True,False,True,False,False,1,,TARGET_BEFORE_STOP,2025-07-25,2025-07-29,2025-07-31,2025-08-07,2025-08-21
TSLA|2025-07-25T00:00:00|Long,TSLA,2025-07-25,Long,0.030152499060024596,0.04565586530166987,-0.0011706483580508076,True,0.009428624341413672,0.04565586530166987,-0.01404797340917252,True,-0.04249190906638378,0.04565586530166987,-0.05771053083360711,True,0.0429981536507833,0.06039991294485647,-0.05771053083360711,True,0.07577679045761299,0.10415748175038009,-0.05771053083360711,True,20,True,True,True,True,False,False,1,4,TARGET_BEFORE_STOP,True,True,False,True,False,10,4,STOP_BEFORE_TARGET,2025-07-28,2025-07-30,2025-08-01,2025-08-08,2025-08-22
TSLA|2025-07-28T00:00:00|Long,TSLA,2025-07-28,Long,-0.013483166498468035,0.0020271005544789666,-0.022543678922718913,True,-0.053195760063354025,0.0020271005544789666,-0.05986053150769621,True,-0.05015506236659284,0.0020271005544789666,-0.08529128451739265,True,0.04127891702009934,0.06465191973742823,-0.08529128451739265,True,0.0645290395956184,0.07352806508392162,-0.08529128451739265,True,20,True,True,True,False,True,False,10,1,STOP_BEFORE_TARGET,True,True,False,True,False,10,2,STOP_BEFORE_TARGET,2025-07-29,2025-07-31,2025-08-04,2025-08-11,2025-08-25
TSLA|2025-07-29T00:00:00|Long,TSLA,2025-07-29,Long,-0.006724793213012448,0.010118305966642316,-0.029825705870985098,True,-0.057814466433610656,0.010118305966642316,-0.07278955166335044,True,-0.03885432911591569,0.010118305966642316,-0.07278955166335044,True,0.061145651881857166,0.07920299338285441,-0.07278955166335044,True,0.09486301389385843,0.09557901781667821,-0.07278955166335044,True,20,True,True,True,False,True,False,8,1,STOP_BEFORE_TARGET,True,True,False,True,False,9,2,STOP_BEFORE_TARGET,2025-07-30,2025-08-01,2025-08-05,2025-08-12,2025-08-26
TSLA|2025-07-30T00:00:00|Long,TSLA,2025-07-30,Long,-0.03375758288237862,0.00730311719490051,-0.04055918409864345,True,-0.030654458742969237,0.00730311719490051,-0.06651203815309348,True,0.00272691541463832,0.00730311719490051,-0.06651203815309348,True,0.06375374809779277,0.09384403723519408,-0.06651203815309348,True,0.09578735186841247,0.11393557274932631,-0.06651203815309348,True,20,True,True,True,False,True,False,7,1,STOP_BEFORE_TARGET,True,True,False,True,False,7,1,STOP_BEFORE_TARGET,2025-07-31,2025-08-04,2025-08-06,2025-08-13,2025-08-27
TSLA|2025-07-31T00:00:00|Long,TSLA,2025-07-31,Long,-0.01829559909125389,0.003373693781381304,-0.03389879671027485,True,0.0014597989524411936,0.013559617680376945,-0.03389879671027485,True,0.045414735455740596,0.045836459552946796,-0.03389879671027485,True,0.08859116531574718,0.1320596341632554,-0.03389879671027485,True,0.12232790513702518,0.1528531070621857,-0.03389879671027485,True,20,True,True,True,False,True,False,4,1,STOP_BEFORE_TARGET,True,True,False,True,False,6,1,STOP_BEFORE_TARGET,2025-08-01,2025-08-05,2025-08-07,2025-08-14,2025-08-28
TSLA|2025-08-01T00:00:00|Long,TSLA,2025-08-01,Long,0.021907956170373222,0.03135839170359134,0.0012225989201921639,True,0.05709942338991869,0.05894985972986655,0.0012225989201921639,True,0.08928390634674455,0.10745791391790305,0.0012225989201921639,True,0.09229089060946416,0.15315733851791635,0.0012225989201921639,True,0.10322833073499127,0.1743383303517947,0.0012225989201921639,True,20,True,True,False,True,False,False,1,,TARGET_BEFORE_STOP,True,False,True,False,False,3,,TARGET_BEFORE_STOP,2025-08-04,2025-08-06,2025-08-08,2025-08-15,2025-08-29
TSLA|2025-08-04T00:00:00|Long,TSLA,2025-08-04,Long,-0.0017461311772288823,0.010314952922053644,-0.012158085904720006,True,0.042068094280623525,0.04248846833063746,-0.012158085904720006,True,0.09626200631705761,0.12086918354280995,-0.012158085904720006,True,0.0837482800188516,0.1284356204049959,-0.012158085904720006,True,0.06499377530632056,0.14916252805454056,-0.012158085904720006,True,20,True,True,False,True,False,False,2,,TARGET_BEFORE_STOP,True,False,True,False,False,4,,TARGET_BEFORE_STOP,2025-08-05,2025-08-07,2025-08-11,2025-08-18,2025-09-02
TSLA|2025-08-05T00:00:00|Long,TSLA,2025-08-05,Long,0.03624644466558724,0.03806037818586283,-0.0057981618872895435,True,0.06779603716319782,0.0856115333353038,-0.0057981618872895435,True,0.10404248182878506,0.12282979164872909,-0.0057981618872895435,True,0.06669472744388494,0.1304094636124442,-0.0057981618872895435,True,0.08217800925392771,0.15117262646798868,-0.0057981618872895435,True,20,True,True,False,True,False,False,1,,TARGET_BEFORE_STOP,True,False,True,False,False,3,,TARGET_BEFORE_STOP,2025-08-06,2025-08-08,2025-08-12,2025-08-19,2025-09-03
TSLA|2025-08-06T00:00:00|Long,TSLA,2025-08-06,Long,0.007377028928595486,0.00778340847698189,-0.0117220466914838,True,0.05976679346789715,0.08355478315883014,-0.0117220466914838,True,0.06086087023795428,0.09086932884700483,-0.0117220466914838,True,0.012472227153575544,0.09086932884700483,-0.016598410483600223,True,0.0582038539090326,0.110906225438959,-0.016598410483600223,True,20,True,True,False,True,False,False,2,,TARGET_BEFORE_STOP,True,False,True,False,False,3,,TARGET_BEFORE_STOP,2025-08-07,2025-08-11,2025-08-13,2025-08-20,2025-09-04
TSLA|2025-08-07T00:00:00|Long,TSLA,2025-08-07,Long,0.02290006868278205,0.03996650424146719,-0.0040027867046875665,True,0.057622515149652775,0.07561990401076946,-0.0040027867046875665,True,0.04130076647636316,0.0828808852304368,-0.0040027867046875665,True,-0.006702466055620637,0.0828808852304368,-0.023799867104072336,True,0.08865239798362579,0.10426042526128665,-0.023799867104072336,True,20,True,True,True,True,False,False,1,9,TARGET_BEFORE_STOP,True,False,True,False,False,2,,TARGET_BEFORE_STOP,2025-08-08,2025-08-12,2025-08-14,2025-08-21,2025-09-05
TSLA|2025-08-08T00:00:00|Long,TSLA,2025-08-08,Long,0.02845443669493286,0.05153957550895116,0.013650842054658385,True,0.029516187369879043,0.058638002268289746,0.00998030822337892,True,0.0027605147245812756,0.058638002268289746,-0.007978173612945283,True,0.03142732006964288,0.058638002268289746,-0.04565444584141176,True,0.050811467647895014,0.08733507986644296,-0.04565444584141176,True,20,True,True,True,True,False,False,1,8,TARGET_BEFORE_STOP,True,True,True,False,False,1,8,TARGET_BEFORE_STOP,2025-08-11,2025-08-13,2025-08-15,2025-08-22,2025-09-08
TSLA|2025-08-11T00:00:00|Long,TSLA,2025-08-11,Long,0.005338753399730889,0.01837598740158608,-0.01796300138577156,True,-0.010176126653845596,0.029348471353145777,-0.025454988979988435,True,-0.011414904672511939,0.029348471353145777,-0.035424622625926716,True,0.022328429199407474,0.03097071066810031,-0.07205849855099333,True,0.023419763649219272,0.057251581665329176,-0.07205849855099333,True,20,True,True,True,False,True,False,10,3,STOP_BEFORE_TARGET,True,True,False,True,False,19,4,STOP_BEFORE_TARGET,2025-08-12,2025-08-14,2025-08-18,2025-08-25,2025-09-09
TSLA|2025-08-12T00:00:00|Long,TSLA,2025-08-12,Long,-0.004283509772223915,0.023882216687879376,-0.0077455232931120666,True,-0.03016077599386502,0.023882216687879376,-0.04054690609290568,True,-0.033828185961681134,0.023882216687879376,-0.04054690609290568,True,0.03177449010152977,0.032449236232327205,-0.07698624139275623,True,0.020390835235608362,0.05163715025412663,-0.07698624139275623,True,20,True,True,True,False,True,False,10,2,STOP_BEFORE_TARGET,True,True,False,True,False,18,2,STOP_BEFORE_TARGET,2025-08-13,2025-08-15,2025-08-19,2025-08-26,2025-09-10
TSLA|2025-08-13T00:00:00|Long,TSLA,2025-08-13,Long,-0.011196942235471519,0.0032117282167727357,-0.0264600473131259,True,-0.012434442689575276,0.0032117282167727357,-0.03641939917293746,True,-0.04561261937536176,0.0034474126151311513,-0.07301549420347664,True,0.030113739977792875,0.04717428703895865,-0.07301549420347664,True,0.08671693161753402,0.08724728895500711,-0.07301549420347664,True,20,True,True,True,False,True,False,9,1,STOP_BEFORE_TARGET,True,True,False,True,False,17,2,STOP_BEFORE_TARGET,2025-08-14,2025-08-18,2025-08-20,2025-08-27,2025-09-11
TSLA|2025-08-14T00:00:00|Long,TSLA,2025-08-14,Long,-0.014959143019665277,0.011085289259054276,-0.02550806931613725,True,-0.018684037381715757,0.014810183621104756,-0.02550806931613725,True,-0.04609929626232856,0.014810183621104756,-0.06251856877118045,True,0.03099119384410276,0.05903220951439514,-0.06251856877118045,True,0.17986774624339041,0.1821026828606207,-0.06251856877118045,True,20,True,True,True,False,True,False,7,1,STOP_BEFORE_TARGET,True,True,False,True,False,9,4,STOP_BEFORE_TARGET,2025-08-15,2025-08-19,2025-08-21,2025-08-28,2025-09-12
TSLA|2025-08-15T00:00:00|Long,TSLA,2025-08-15,Long,0.013915797850586165,0.017273691605911967,-0.0029344180417086863,True,-0.020147639494487946,0.030221413081309656,-0.04828167828216756,True,0.028587888059129707,0.030221413081309656,-0.04828167828216756,True,0.010013303433689114,0.0751150086920076,-0.04828167828216756,True,0.2404404996773386,0.28781466405829503,-0.04828167828216756,True,20,True,True,True,True,False,False,2,3,TARGET_BEFORE_STOP,True,True,False,True,False,6,3,STOP_BEFORE_TARGET,2025-08-18,2025-08-20,2025-08-22,2025-08-29,2025-09-15
TSLA|2025-08-18T00:00:00|Long,TSLA,2025-08-18,Long,-0.017454368181154756,0.016081823821356922,-0.021810471054784064,True,-0.044903980624488526,0.016081823821356922,-0.06134382782535486,True,0.03413295833753316,0.04287502971767054,-0.06134382782535486,True,-0.017305222124278763,0.060359263531704066,-0.06134382782535486,True,0.25796631611880083,0.27013965734467393,-0.06134382782535486,True,20,True,True,True,False,True,False,5,1,STOP_BEFORE_TARGET,True,True,False,True,False,7,2,STOP_BEFORE_TARGET,2025-08-19,2025-08-21,2025-08-25,2025-09-02,2025-09-16
TSLA|2025-08-19T00:00:00|Long,TSLA,2025-08-19,Long,-0.016428300696053943,0.006255496565139129,-0.04466913110483628,True,0.03249221792948265,0.03322098485473313,-0.04466913110483628,True,0.06789959623124453,0.06859796697751697,-0.04466913110483628,True,0.014515194845994284,0.07919594692901288,-0.04466913110483628,True,0.2931887537844633,0.3006285892744116,-0.04466913110483628,True,20,True,True,True,False,True,False,3,1,STOP_BEFORE_TARGET,True,True,False,True,False,4,1,STOP_BEFORE_TARGET,2025-08-20,2025-08-22,2025-08-26,2025-09-03,2025-09-17
TSLA|2025-08-20T00:00:00|Long,TSLA,2025-08-20,Long,-0.011701168929731831,0.003087372704056346,-0.01611608928393926,True,0.07008339806973263,0.07912937748002435,-0.01611608928393926,True,0.07934551618190144,0.09722143051974563,-0.01611608928393926,True,0.04516827773540544,0.09722143051974563,-0.01611608928393926,True,0.28697133052968593,0.33442423391596887,-0.01611608928393926,True,20,True,True,False,True,False,False,2,,TARGET_BEFORE_STOP,True,False,True,False,False,2,,TARGET_BEFORE_STOP,2025-08-21,2025-08-25,2025-08-27,2025-09-04,2025-09-18
TSLA|2025-08-21T00:00:00|Long,TSLA,2025-08-21,Long,0.062166209505171155,0.06291592130847978,-0.0013119956557899881,True,0.09859120152565981,0.09930964355894223,-0.0013119956557899881,True,0.08081605328978947,0.11021221115026614,-0.0013119956557899881,True,0.09599828931477639,0.11171163475688317,-0.0013119956557899881,True,0.3310112986831233,0.3502234263202231,-0.0013119956557899881,True,20,True,True,False,True,False,False,1,,TARGET_BEFORE_STOP,True,False,True,False,False,1,,TARGET_BEFORE_STOP,2025-08-22,2025-08-26,2025-08-28,2025-09-05,2025-09-19
TSLA|2025-08-22T00:00:00|Long,TSLA,2025-08-22,Long,0.019381771561470362,0.02799914337884979,-0.014646659931455974,True,0.02820504121187839,0.04523397676854923,-0.014646659931455974,True,-0.018058334966873257,0.04523397676854923,-0.02444044975123516,True,0.018793517682800243,0.05420426501115472,-0.04238111599138639,True,,,,False,20,False,True,True,True,False,False,2,5,TARGET_BEFORE_STOP,True,True,False,True,False,10,6,STOP_BEFORE_TARGET,2025-08-25,2025-08-27,2025-08-29,2025-09-08,
TSLA|2025-08-25T00:00:00|Long,TSLA,2025-08-25,Long,0.01462783391499567,0.015291366704090148,-0.008309304189545674,True,-0.0017887914202815436,0.025360670485091275,-0.018291968338849718,True,-0.04974039367675087,0.025360670485091275,-0.06058857365896331,True,0.001067498876722528,0.03416040429714973,-0.06058857365896331,True,,,,False,20,False,True,True,False,True,False,9,4,STOP_BEFORE_TARGET,True,True,False,True,False,12,4,STOP_BEFORE_TARGET,2025-08-26,2025-08-28,2025-09-02,2025-09-09,
TSLA|2025-08-26T00:00:00|Long,TSLA,2025-08-26,Long,-0.0058862207330171445,0.010578101853053079,-0.007137400602229005,True,-0.050615684109798664,0.010578101853053079,-0.056786192902986365,True,-0.049990094175192734,0.010578101853053079,-0.07413201674522629,True,-0.011033084239949864,0.01925097038466439,-0.07413201674522629,True,,,,False,20,False,True,True,False,True,False,11,2,STOP_BEFORE_TARGET,True,True,False,True,False,12,2,STOP_BEFORE_TARGET,2025-08-27,2025-08-29,2025-09-03,2025-09-10,
TSLA|2025-08-27T00:00:00|Long,TSLA,2025-08-27,Long,-0.010354676927882056,0.011298574429325248,-0.02671623619801966,True,-0.05789479519047869,0.011298574429325248,-0.06864988438499531,True,-0.031664780122861225,0.011298574429325248,-0.06864988438499531,True,0.0549484871844943,0.055463340367099656,-0.06864988438499531,True,,,,False,20,False,True,True,False,True,False,10,1,STOP_BEFORE_TARGET,True,True,False,True,False,10,2,STOP_BEFORE_TARGET,2025-08-28,2025-09-02,2025-09-04,2025-09-11,
TSLA|2025-08-28T00:00:00|Long,TSLA,2025-08-28,Long,-0.03500206799409333,0.00800621112698141,-0.04127405724564004,True,-0.034366189579973616,0.00800621112698141,-0.05890515126788021,True,0.014047011958024713,0.028585420593128408,-0.05890515126788021,True,0.14440138120306711,0.14656913649581327,-0.05890515126788021,True,,,,False,20,False,True,True,False,True,False,6,1,STOP_BEFORE_TARGET,True,True,False,True,False,9,1,STOP_BEFORE_TARGET,2025-08-29,2025-09-03,2025-09-05,2025-09-12,
TSLA|2025-08-29T00:00:00|Long,TSLA,2025-08-29,Long,-0.01350828116207925,-0.0016174216096667138,-0.02477008756288246,True,0.013957539552105436,0.028334356466377608,-0.02477008756288246,True,0.037529574273060584,0.07359154067017837,-0.02477008756288246,True,0.22814273382368166,0.2750472292594357,-0.02477008756288246,True,,,,False,20,False,True,True,False,True,False,4,1,STOP_BEFORE_TARGET,True,,True,False,False,4,,TARGET_BEFORE_STOP,2025-09-02,2025-09-04,2025-09-08,2025-09-15,
TSLA|2025-09-02T00:00:00|Long,TSLA,2025-09-02,Long,0.014361219324440011,0.04241559947177986,-0.0025806886802907103,True,0.06521742756151783,0.0804894672840355,-0.0025806886802907103,True,0.0534673811402544,0.08829250177067927,-0.0025806886802907103,True,0.2801190608116697,0.2925067741687999,-0.0025806886802907103,True,,,,False,20,False,True,,True,False,False,1,,TARGET_BEFORE_STOP,True,,True,False,False,3,,TARGET_BEFORE_STOP,2025-09-03,2025-09-05,2025-09-09,2025-09-16,
TSLA|2025-09-03T00:00:00|Long,TSLA,2025-09-03,Long,0.01328983953448204,0.014367440998419578,-0.0078122223956769155,True,0.036846351861860915,0.07288457113480473,-0.0078122223956769155,True,0.04100695129217624,0.07288457113480473,-0.0078122223956769155,True,0.27468643185849206,0.2820198217650649,-0.0078122223956769155,True,,,,False,20,False,True,,True,False,False,2,,TARGET_BEFORE_STOP,True,,True,False,False,2,,TARGET_BEFORE_STOP,2025-09-04,2025-09-08,2025-09-10,2025-09-17,
TSLA|2025-09-04T00:00:00|Long,TSLA,2025-09-04,Long,0.036363092201525005,0.0512214468449379,0.018166761937377984,True,0.024931328011815745,0.05881311474286699,0.01562640996070397,True,0.08944554068615296,0.08997722968396782,0.01562640996070397,True,0.2313532260261495,0.27675539177987885,0.01562640996070397,True,,,,False,20,False,True,,True,False,False,1,,TARGET_BEFORE_STOP,True,,True,False,False,1,,TARGET_BEFORE_STOP,2025-09-05,2025-09-09,2025-09-11,2025-09-18,
TSLA|2025-09-05T00:00:00|Long,TSLA,2025-09-05,Long,-0.01265534855703887,0.021662313826374957,-0.017101812970666708,True,-0.008693386799694669,0.021662313826374957,-0.020009089861325213,True,0.12854864489304196,0.13068637151437534,-0.020009089861325213,True,0.2144282629448977,0.23195760384296715,-0.020009089861325213,True,,,,False,20,False,True,True,False,True,False,4,2,STOP_BEFORE_TARGET,True,,True,False,False,4,,TARGET_BEFORE_STOP,2025-09-08,2025-09-10,2025-09-12,2025-09-19,
TSLA|2025-09-08T00:00:00|Long,TSLA,2025-09-08,Long,0.001645517708609212,0.012615459567512088,-0.007447998319066396,True,0.06469400709287032,0.06521361644319557,-0.007447998319066396,True,0.18371829032842069,0.2289261538908811,-0.007447998319066396,True,,,,False,,,,False,20,False,True,,True,False,False,3,,TARGET_BEFORE_STOP,True,,True,False,False,3,,TARGET_BEFORE_STOP,2025-09-09,2025-09-11,2025-09-15,,
TSLA|2025-09-09T00:00:00|Long,TSLA,2025-09-09,Long,0.0023633378140295314,0.0269763533407279,-0.00259386659745231,True,0.141136124300135,0.1432976944570976,-0.00259386659745231,True,0.21514826536545595,0.22690725627386144,-0.00259386659745231,True,,,,False,,,,False,20,False,True,,True,False,False,2,,TARGET_BEFORE_STOP,True,,True,False,False,2,,TARGET_BEFORE_STOP,2025-09-10,2025-09-12,2025-09-16,,
TSLA|2025-09-10T00:00:00|Long,TSLA,2025-09-10,Long,0.06043873744853956,0.06095627007270643,-0.0005463136856667106,True,0.1789873155368682,0.22401449652929362,-0.0005463136856667106,True,0.22447446703046037,0.23151898282112837,-0.0005463136856667106,True,,,,False,,,,False,20,False,True,,True,False,False,1,,TARGET_BEFORE_STOP,True,,True,False,False,1,,TARGET_BEFORE_STOP,2025-09-11,2025-09-15,2025-09-17,,
TSLA|2025-09-11T00:00:00|Long,TSLA,2025-09-11,Long,0.07356092584909457,0.07559449328209467,0.0038773153798632443,True,0.14319025489596093,0.15425290806928094,0.0038773153798632443,True,0.13025679581066574,0.17193135783157643,0.0038773153798632443,True,,,,False,,,,False,20,False,True,,True,False,False,1,,TARGET_BEFORE_STOP,True,,True,False,False,1,,TARGET_BEFORE_STOP,2025-09-12,2025-09-16,2025-09-18,,
TSLA|2025-09-12T00:00:00|Long,TSLA,2025-09-12,Long,0.03561147147692467,0.07516292767116672,0.016391347664689304,True,0.0755669614731187,0.08175479849873923,0.016391347664689304,True,0.07609740035618495,0.09163004130825558,0.016391347664689304,True,,,,False,,,,False,20,False,True,,True,False,False,1,,TARGET_BEFORE_STOP,True,,True,False,False,1,,TARGET_BEFORE_STOP,2025-09-15,2025-09-17,2025-09-19,,
TSLA|2025-09-15T00:00:00|Long,TSLA,2025-09-15,Long,0.028241113869250656,0.03221634762411463,0.003389874407114357,True,0.016608129491460843,0.05409226469019379,-0.0009023390632062478,True,,,,False,,,,False,,,,False,20,False,True,,True,False,False,1,,TARGET_BEFORE_STOP,True,,True,False,False,3,,TARGET_BEFORE_STOP,2025-09-16,2025-09-18,,,
TSLA|2025-09-16T00:00:00|Long,TSLA,2025-09-16,Long,0.01005642588937583,0.015867374694947367,-0.028343014628923524,True,0.01055455684874329,0.0251411371051542,-0.028343014628923524,True,,,,False,,,,False,,,,False,20,False,,True,False,True,False,,1,STOP_BEFORE_TARGET,,,,,,,,CENSORED,2025-09-17,2025-09-19,,,
TSLA|2025-09-17T00:00:00|Long,TSLA,2025-09-17,Long,-0.021157139806429193,0.014934523289128032,-0.021838134863249148,True,,,,False,,,,False,,,,False,,,,False,20,False,,True,False,True,False,,1,STOP_BEFORE_TARGET,,,,,,,,CENSORED,2025-09-18,,,,
TSLA|2025-09-18T00:00:00|Long,TSLA,2025-09-18,Long,0.022118270566640064,0.03027466698430037,0.011682847657145334,True,,,,False,,,,False,,,,False,,,,False,20,False,True,,True,False,False,1,,TARGET_BEFORE_STOP,,,,,,,,CENSORED,2025-09-19,,,,
TSLA|2025-09-19T00:00:00|Long,TSLA,2025-09-19,Long,,,,False,,,,False,,,,False,,,,False,,,,False,20,False,,,,,,,,CENSORED,,,,,,,,CENSORED,,,,,
