observation_id,symbol,timestamp,direction,forward_return_1,mfe_1,mae_1,complete_1,forward_return_3,mfe_3,mae_3,complete_3,forward_return_5,mfe_5,mae_5,complete_5,forward_return_10,mfe_10,mae_10,complete_10,forward_return_20,mfe_20,mae_20,complete_20,path_horizon,path_complete,target_3_stop_2_target_hit,target_3_stop_2_stop_hit,target_3_stop_2_target_before_stop,target_3_stop_2_stop_before_target,target_3_stop_2_neither,target_3_stop_2_bars_to_target,target_3_stop_2_bars_to_stop,target_3_stop_2_path_status,target_5_stop_3_target_hit,target_5_stop_3_stop_hit,target_5_stop_3_target_before_stop,target_5_stop_3_stop_before_target,target_5_stop_3_neither,target_5_stop_3_bars_to_target,target_5_stop_3_bars_to_stop,target_5_stop_3_path_status,label_end_1,label_end_3,label_end_5,label_end_10,label_end_20
BAC|2021-09-23T00:00:00|Long,BAC,2021-09-23,Long,0.01079397404084248,0.015591306003605254,-0.0009593931913552955,True,0.03526028469958642,0.056368490434845375,-0.0009593931913552955,True,0.018229843158199754,0.056368490434845375,-0.0009593931913552955,True,0.05828736831905257,0.07627729455329102,-0.0009593931913552955,True,0.1232910379865717,0.13888225248868058,-0.0009593931913552955,True,20,True,True,False,True,False,False,2,,TARGET_BEFORE_STOP,True,False,True,False,False,3,,TARGET_BEFORE_STOP,2021-09-24,2021-09-28,2021-09-30,2021-10-07,2021-10-21
BAC|2021-09-24T00:00:00|Long,BAC,2021-09-24,Long,0.026578048127829046,0.030612267067194887,0.01186521137261387,True,0.022069300395012093,0.045087839425684395,0.01186521137261387,True,0.02230665531611664,0.045087839425684395,0.002135741668045643,True,0.052206948144376986,0.06478404323154652,0.002135741668045643,True,0.12885620274853737,0.13004270578092303,0.002135741668045643,True,20,True,True,False,True,False,False,1,,TARGET_BEFORE_STOP,True,False,True,False,False,7,,TARGET_BEFORE_STOP,2021-09-27,2021-09-29,2021-10-01,2021-10-08,2021-10-22
BAC|2021-09-27T00:00:00|Long,BAC,2021-09-27,Long,-0.002311569070757913,0.018030573838600628,-0.004623138141515715,True,-0.01872393874297873,0.018030573838600628,-0.023809496515495243,True,0.0018493258011724745,0.018724026923686354,-0.023809496515495243,True,0.012020353165497877,0.03721684403187231,-0.023809496515495243,True,0.09824318457923997,0.10910775320935895,-0.023809496515495243,True,20,True,True,True,False,True,False,6,3,STOP_BEFORE_TARGET,True,False,True,False,False,14,,TARGET_BEFORE_STOP,2021-09-28,2021-09-30,2021-10-04,2021-10-11,2021-10-25
BAC|2021-09-28T00:00:00|Long,BAC,2021-09-28,Long,-0.0020852676762297406,0.003707132714962258,-0.009731190232395104,True,-0.0018535221649732536,0.006255803028689444,-0.02154773652603581,True,0.02455980947726011,0.036839670023382176,-0.02154773652603581,True,0.008804473342416408,0.03961999746334999,-0.02154773652603581,True,0.11121406983388482,0.12210381085253097,-0.02154773652603581,True,20,True,True,True,False,True,False,5,2,STOP_BEFORE_TARGET,True,False,True,False,False,13,,TARGET_BEFORE_STOP,2021-09-29,2021-10-01,2021-10-05,2021-10-12,2021-10-26
BAC|2021-09-29T00:00:00|Long,BAC,2021-09-29,Long,-0.014395145954906319,0.0065010165145305,-0.019503138113298735,True,0.006268875311743249,0.02321801734584583,-0.019503138113298735,True,0.027165126350887414,0.03900627622659747,-0.019503138113298735,True,0.0016252541286325695,0.04179241350858098,-0.019503138113298735,True,0.09217555720531401,0.12444858714488638,-0.019503138113298735,True,20,True,True,False,True,False,False,4,,TARGET_BEFORE_STOP,True,False,True,False,False,12,,TARGET_BEFORE_STOP,2021-09-30,2021-10-04,2021-10-06,2021-10-13,2021-10-27
BAC|2021-09-30T00:00:00|Long,BAC,2021-09-30,Long,0.01484101429428586,0.023085972311498892,-0.0014134598872233006,True,0.0416961231084112,0.054181370923991556,-0.0014134598872233006,True,0.0393403566297057,0.05700820083513558,-0.0014134598872233006,True,0.06171964392924423,0.06242632894120459,-0.0028268299111440243,True,0.12555943275767212,0.14087160034769908,-0.0028268299111440243,True,20,True,True,False,True,False,False,2,,TARGET_BEFORE_STOP,True,False,True,False,False,3,,TARGET_BEFORE_STOP,2021-10-01,2021-10-05,2021-10-07,2021-10-14,2021-10-28
BAC|2021-10-01T00:00:00|Long,BAC,2021-10-01,Long,0.0060352439759132626,0.022980450828483434,-0.00023217585434864851,True,0.026926643410119633,0.03876504405674086,-0.00023217585434864851,True,0.029247870658745345,0.04155053446492052,-0.00023217585434864851,True,0.07636947448916875,0.08333324478418991,-0.017409470012124117,True,0.10909927456999657,0.12418751733349476,-0.017409470012124117,True,20,True,True,False,True,False,False,2,,TARGET_BEFORE_STOP,True,False,True,False,False,10,,TARGET_BEFORE_STOP,2021-10-04,2021-10-06,2021-10-08,2021-10-15,2021-10-29
BAC|2021-10-04T00:00:00|Long,BAC,2021-10-04,Long,0.020304593101453605,0.032533452756065895,0.0076141674018364025,True,0.017997202966098858,0.035302232900557895,0.004845387257344402,True,0.010152252541759887,0.035302232900557895,0.004845387257344402,True,0.06783568565662401,0.08191045741952019,-0.02330406825051423,True,0.10406087461132385,0.11744347334258043,-0.02330406825051423,True,20,True,True,True,True,False,False,1,7,TARGET_BEFORE_STOP,True,False,True,False,False,9,,TARGET_BEFORE_STOP,2021-10-05,2021-10-07,2021-10-11,2021-10-18,2021-11-01
BAC|2021-10-05T00:00:00|Long,BAC,2021-10-05,Long,0.0004522943738478613,0.0015829871753021418,-0.0151515595917463,True,0.0027136799767564224,0.01469917895156736,-0.0151515595917463,True,-0.015377663645504747,0.01469917895156736,-0.021483508292954978,True,0.051108056516179,0.060379875514233516,-0.04274082626582043,True,0.08276797255488444,0.09520576590354324,-0.04274082626582043,True,20,True,True,True,False,True,False,8,5,STOP_BEFORE_TARGET,True,True,False,True,False,8,6,STOP_BEFORE_TARGET,2021-10-06,2021-10-08,2021-10-12,2021-10-19,2021-11-02
BAC|2021-10-06T00:00:00|Long,BAC,2021-10-06,Long,-0.002712539376788503,0.01424044370515043,-0.004746900795714382,True,-0.010397895156360804,0.01424044370515043,-0.011075986886892375,True,-0.024864426923242422,0.01424044370515043,-0.04317359346624472,True,0.06442130122043577,0.06781193232775595,-0.04317359346624472,True,0.093354364754199,0.10058763063763987,-0.04317359346624472,True,20,True,True,True,False,True,False,7,4,STOP_BEFORE_TARGET,True,True,False,True,False,7,5,STOP_BEFORE_TARGET,2021-10-07,2021-10-11,2021-10-13,2021-10-20,2021-11-03
BAC|2021-10-07T00:00:00|Long,BAC,2021-10-07,Long,0.004986428513807928,0.015639221625356692,-0.004533108970565136,True,-0.013145920906590614,0.015639221625356692,-0.019265605047574352,True,0.02153220276378809,0.022212138847720997,-0.04057110480880988,True,0.06142345795052706,0.07615595402753628,-0.04057110480880988,True,0.07275618714600895,0.10358113792975554,-0.04057110480880988,True,20,True,True,True,False,True,False,6,4,STOP_BEFORE_TARGET,True,True,False,True,False,6,4,STOP_BEFORE_TARGET,2021-10-08,2021-10-12,2021-10-14,2021-10-21,2021-11-04
BAC|2021-10-08T00:00:00|Long,BAC,2021-10-08,Long,-0.01262971067577523,0.010599937282041116,-0.013306273129398138,True,-0.027063616572166715,0.010599937282041116,-0.04533149108290857,True,0.04578256139627901,0.05254844403110437,-0.04533149108290857,True,0.07284617796844572,0.07397381073543907,-0.04533149108290857,True,0.059314412698795005,0.09810551328713091,-0.04533149108290857,True,20,True,True,True,False,True,False,5,2,STOP_BEFORE_TARGET,True,True,False,True,False,5,3,STOP_BEFORE_TARGET,2021-10-11,2021-10-13,2021-10-15,2021-10-22,2021-11-05
BAC|2021-10-11T00:00:00|Long,BAC,2021-10-11,Long,-0.005481906588883367,0.005025153650921599,-0.011649116851377705,True,0.029465531098584075,0.030150747638860942,-0.0331200774022834,True,0.05710370191198422,0.07103701911984173,-0.0331200774022834,True,0.08519871279668023,0.0959342366388003,-0.0331200774022834,True,0.0813157028906657,0.1121516670698035,-0.0331200774022834,True,20,True,True,True,False,True,False,3,2,STOP_BEFORE_TARGET,True,True,False,True,False,4,2,STOP_BEFORE_TARGET,2021-10-12,2021-10-14,2021-10-18,2021-10-25,2021-11-08
BAC|2021-10-12T00:00:00|Long,BAC,2021-10-12,Long,-0.009186989376848143,0.002296703537399969,-0.02779051582521086,True,0.0649976563355601,0.07188785456138436,-0.02779051582521086,True,0.06752408279487465,0.07694070748001325,-0.02779051582521086,True,0.10151580330741439,0.11231050268316722,-0.02779051582521086,True,0.0767110721717228,0.11828198444858185,-0.02779051582521086,True,20,True,True,True,False,True,False,2,1,STOP_BEFORE_TARGET,True,False,True,False,False,3,,TARGET_BEFORE_STOP,2021-10-13,2021-10-15,2021-10-19,2021-10-26,2021-11-09
BAC|2021-10-13T00:00:00|Long,BAC,2021-10-13,Long,0.044738069830360105,0.0454334518359536,0.007881320292032257,True,0.07278626411853617,0.08692628773888722,0.007881320292032257,True,0.091562374103493,0.09503946098344551,0.007881320292032257,True,0.09040337461883974,0.12262403779256181,0.007881320292032257,True,0.09480760803091948,0.12865088816835457,0.007881320292032257,True,20,True,True,False,True,False,False,1,,TARGET_BEFORE_STOP,True,False,True,False,False,2,,TARGET_BEFORE_STOP,2021-10-14,2021-10-18,2021-10-20,2021-10-27,2021-11-10
BAC|2021-10-14T00:00:00|Long,BAC,2021-10-14,Long,0.028844003680120744,0.03550029920024245,0.006434455679853235,True,0.031284665120022925,0.04038162208004681,0.006434455679853235,True,0.039050413759656344,0.053472373280021746,0.006434455679853235,True,0.06012866880014345,0.07455071295989879,0.006434455679853235,True,0.05369429775967993,0.08031947984016696,0.006434455679853235,True,20,True,True,False,True,False,False,1,,TARGET_BEFORE_STOP,True,False,True,False,False,5,,TARGET_BEFORE_STOP,2021-10-15,2021-10-19,2021-10-21,2021-10-28,2021-11-11
BAC|2021-10-15T00:00:00|Long,BAC,2021-10-15,Long,-0.0019409134065345723,0.011214157208145004,-0.007332330395075748,True,0.0155273072522768,0.01876219035199944,-0.007332330395075748,True,0.0258788179982965,0.026957084942705878,-0.007332330395075748,True,0.030407588524712592,0.04442530560151736,-0.007332330395075748,True,0.011645480439207656,0.05003234307234261,-0.007332330395075748,True,20,True,True,False,True,False,False,6,,TARGET_BEFORE_STOP,True,False,True,False,False,13,,TARGET_BEFORE_STOP,2021-10-18,2021-10-20,2021-10-22,2021-10-29,2021-11-12
BAC|2021-10-18T00:00:00|Long,BAC,2021-10-18,Long,0.004321537774735651,0.0075627117124068555,-0.0017285656540079186,True,0.011884249487142506,0.02592914422193693,-0.004969739591679012,True,0.02657734603888029,0.03673294744553757,-0.004969739591679012,True,0.03392393552798767,0.04645638683207354,-0.004969739591679012,True,0.016637866855522265,0.05207432824069591,-0.004969739591679012,True,20,True,True,False,True,False,False,5,,TARGET_BEFORE_STOP,True,False,True,False,False,12,,TARGET_BEFORE_STOP,2021-10-19,2021-10-21,2021-10-25,2021-11-01,2021-11-15
BAC|2021-10-19T00:00:00|Long,BAC,2021-10-19,Long,0.013123937529243124,0.016351164882001612,-0.009251297534653369,True,0.023450950157549055,0.02452666525120173,-0.009251297534653369,True,0.031841642788560165,0.04195354522685579,-0.009251297534653369,True,0.030120515053076335,0.04195354522685579,-0.009251297534653369,True,0.012908827339233042,0.04754731295692971,-0.009251297534653369,True,20,True,True,False,True,False,False,4,,TARGET_BEFORE_STOP,False,False,False,False,True,,,NEITHER,2021-10-20,2021-10-22,2021-10-26,2021-11-02,2021-11-16
BAC|2021-10-20T00:00:00|Long,BAC,2021-10-20,Long,-0.005521306449155161,0.008282000178057025,-0.010193237219812357,True,0.008919052189092724,0.018899965741442593,-0.010193237219812357,True,-0.00106178035460891,0.02845615095021925,-0.010193237219812357,True,0.027181965919499618,0.03397745739937452,-0.010193237219812357,True,-0.012316878937678521,0.03397745739937452,-0.01444043964689623,True,20,True,True,False,True,False,False,10,,TARGET_BEFORE_STOP,False,False,False,False,True,,,NEITHER,2021-10-21,2021-10-25,2021-10-27,2021-11-03,2021-11-17
BAC|2021-10-21T00:00:00|Long,BAC,2021-10-21,Long,0.015801790195079768,0.016869465512303394,0.00341660989015824,True,0.02412977171119013,0.034166098901582176,0.00341660989015824,True,0.020286075402461634,0.034166098901582176,0.00341660989015824,True,0.010676916089045196,0.039718059426187446,0.0010676753172234044,True,-0.01089050002753289,0.039718059426187446,-0.013239434600467725,True,20,True,True,False,True,False,False,3,,TARGET_BEFORE_STOP,False,False,False,False,True,,,NEITHER,2021-10-22,2021-10-26,2021-10-28,2021-11-04,2021-11-18
BAC|2021-10-22T00:00:00|Long,BAC,2021-10-22,Long,-0.0012613280150503003,0.008618874291410172,-0.0077779889480432685,True,-0.01114145013027068,0.018078633926187138,-0.011351711561732425,True,0.004414527765815857,0.018078633926187138,-0.011351711561732425,True,-0.012612959385542633,0.02354422827559155,-0.015766239327548393,True,-0.04561694729591126,0.02354422827559155,-0.05759928276954884,True,20,True,False,True,False,True,False,,12,STOP_BEFORE_TARGET,False,True,False,True,False,,20,STOP_BEFORE_TARGET,2021-10-25,2021-10-27,2021-10-29,2021-11-05,2021-11-19
BAC|2021-10-25T00:00:00|Long,BAC,2021-10-25,Long,0.009471706563616067,0.01936438678478347,-0.00147336765517192,True,0.005683023938169551,0.01936438678478347,-0.010103126903685311,True,0.007156391593341471,0.01936438678478347,-0.010103126903685311,True,-0.003578155650413084,0.024836883747919813,-0.01452322986920107,True,-0.025889277745540284,0.024836883747919813,-0.05640910513911446,True,20,True,False,True,False,True,False,,11,STOP_BEFORE_TARGET,False,True,False,True,False,,19,STOP_BEFORE_TARGET,2021-10-26,2021-10-28,2021-11-01,2021-11-08,2021-11-22
BAC|2021-10-26T00:00:00|Long,BAC,2021-10-26,Long,-0.019182614397571296,0.004378629868252881,-0.01939116603271318,True,-0.0037531340411151026,0.004378629868252881,-0.01939116603271318,True,-0.001668015385415722,0.009591307198785648,-0.01939116603271318,True,-0.022518724707546456,0.015221008260458246,-0.03231858354147399,True,-0.009591307198785648,0.015221008260458246,-0.06526266291008598,True,20,True,False,True,False,True,False,,7,STOP_BEFORE_TARGET,False,True,False,True,False,,10,STOP_BEFORE_TARGET,2021-10-27,2021-10-29,2021-11-02,2021-11-09,2021-11-23
BAC|2021-10-27T00:00:00|Long,BAC,2021-10-27,Long,0.015731246797770826,0.020408143405366452,0.0055271750950876,True,0.01721933551932353,0.024022049987779015,0.005101995303965046,True,0.028273766804252087,0.03507648127270757,0.005101995303965046,True,0.004039086373535117,0.03507648127270757,-0.01339287958872637,True,0.01254252000648104,0.03507648127270757,-0.04698127213988135,True,20,True,True,True,True,False,False,5,17,TARGET_BEFORE_STOP,False,True,False,True,False,,17,STOP_BEFORE_TARGET,2021-10-28,2021-11-01,2021-11-03,2021-11-10,2021-11-24
BAC|2021-10-28T00:00:00|Long,BAC,2021-10-28,Long,0.0,0.0073252887769017505,-0.005441572377056225,True,0.002092973867167336,0.013394713394713431,-0.010464629819468496,True,-0.009418102966490038,0.019045623077881046,-0.018836285771769656,True,-0.006069424617811681,0.019045623077881046,-0.028673063350482697,True,-0.04227711405130763,0.019045623077881046,-0.06341563115756665,True,20,True,False,True,False,True,False,,6,STOP_BEFORE_TARGET,False,True,False,True,False,,15,STOP_BEFORE_TARGET,2021-10-29,2021-11-02,2021-11-04,2021-11-11,2021-11-26
BAC|2021-10-29T00:00:00|Long,BAC,2021-10-29,Long,0.001465041787622523,0.008162398484979239,-0.010464629819468496,True,0.012348266380524553,0.019045623077881046,-0.010464629819468496,True,-0.01695264921071371,0.019045623077881046,-0.020092070092070147,True,-0.0182084335310142,0.019045623077881046,-0.028673063350482697,True,-0.04583504986730791,0.019045623077881046,-0.06341563115756665,True,20,True,False,True,False,True,False,,5,STOP_BEFORE_TARGET,False,True,False,True,False,,14,STOP_BEFORE_TARGET,2021-11-01,2021-11-03,2021-11-05,2021-11-12,2021-11-29
BAC|2021-11-01T00:00:00|Long,BAC,2021-11-01,Long,0.0006270134785975046,0.011912219707436167,-0.01044932112736463,True,-0.010867223817105032,0.017554862682852335,-0.020271628776131867,True,-0.010658272472234831,0.017554862682852335,-0.021525576011333314,True,-0.01671889785938474,0.017554862682852335,-0.030094016146892555,True,-0.07063735342114974,0.017554862682852335,-0.07293621682468898,True,20,True,False,True,False,True,False,,3,STOP_BEFORE_TARGET,False,True,False,True,False,,6,STOP_BEFORE_TARGET,2021-11-02,2021-11-04,2021-11-08,2021-11-15,2021-11-30
BAC|2021-11-02T00:00:00|Long,BAC,2021-11-02,Long,0.010233873284013706,0.01691724186558452,-0.005639107179207459,True,-0.0190058443423492,0.01691724186558452,-0.02213870822147712,True,-0.020885546735418314,0.01691724186558452,-0.03070177919611705,True,-0.016708421453927036,0.01691724186558452,-0.03070177919611705,True,-0.08437762793237913,0.01691724186558452,-0.08500416883938955,True,20,True,False,True,False,True,False,,2,STOP_BEFORE_TARGET,False,True,False,True,False,,5,STOP_BEFORE_TARGET,2021-11-03,2021-11-05,2021-11-09,2021-11-16,2021-12-01
BAC|2021-11-03T00:00:00|Long,BAC,2021-11-03,Long,-0.02150087086614605,-0.004548220195656039,-0.030804174006035523,True,-0.021294165847457025,-0.004548220195656039,-0.03204464071300217,True,-0.023568315377757165,-0.004548220195656039,-0.040520966048247176,True,-0.0384536004015803,-0.004548220195656039,-0.040520966048247176,True,-0.07194541284023814,-0.004548220195656039,-0.09427326151102866,True,20,True,False,True,False,True,False,,1,STOP_BEFORE_TARGET,False,True,False,True,False,,1,STOP_BEFORE_TARGET,2021-11-04,2021-11-08,2021-11-10,2021-11-17,2021-12-02
BAC|2021-11-04T00:00:00|Long,BAC,2021-11-04,Long,-0.007606182049952004,0.010352796214092352,-0.01077545143672154,True,-0.009507727562440005,0.010352796214092352,-0.019438029749640484,True,0.0033805164002154164,0.01183176710181999,-0.019438029749640484,True,-0.021339575262128485,0.01183176710181999,-0.02366369539937696,True,-0.07310379812619627,0.013733312614307991,-0.07880843466366028,True,20,True,False,True,False,True,False,,10,STOP_BEFORE_TARGET,False,True,False,True,False,,11,STOP_BEFORE_TARGET,2021-11-05,2021-11-09,2021-11-11,2021-11-18,2021-12-03
BAC|2021-11-05T00:00:00|Long,BAC,2021-11-05,Long,0.007877345588010787,0.017670811045062962,0.0059612257189693985,True,0.005535412279670249,0.017670811045062962,-0.011922532653547813,True,-0.0012774403178973381,0.01958693091410435,-0.011922532653547813,True,-0.03342558343669377,0.01958693091410435,-0.045560982202086486,True,-0.06003831427581996,0.02150305078314596,-0.07174798081752287,True,20,True,False,True,False,True,False,,10,STOP_BEFORE_TARGET,False,True,False,True,False,,10,STOP_BEFORE_TARGET,2021-11-08,2021-11-10,2021-11-12,2021-11-19,2021-12-06
BAC|2021-11-08T00:00:00|Long,BAC,2021-11-08,Long,-0.009716921905153608,0.0004224853759866587,-0.019645126788723544,True,0.003168600029476387,0.011618065806670241,-0.019645126788723544,True,-0.006125917080536558,0.011618065806670241,-0.019645126788723544,True,-0.022391241442213383,0.011618065806670241,-0.05302066568320429,True,-0.05555557793912391,0.013519209708186875,-0.07900299253088083,True,20,True,False,True,False,True,False,,8,STOP_BEFORE_TARGET,False,True,False,True,False,,9,STOP_BEFORE_TARGET,2021-11-09,2021-11-11,2021-11-15,2021-11-22,2021-12-07
BAC|2021-11-09T00:00:00|Long,BAC,2021-11-09,Long,0.007465837588453983,0.013651863802616848,-0.004906133468345009,True,0.0006399056871455588,0.02154433230634334,-0.004906133468345009,True,0.004266227781199561,0.02154433230634334,-0.004906133468345009,True,0.013225232887344118,0.02154433230634334,-0.043728651671358976,True,-0.05802050253264812,0.023464130739306643,-0.06996592404570123,True,20,True,False,True,False,True,False,,8,STOP_BEFORE_TARGET,False,True,False,True,False,,8,STOP_BEFORE_TARGET,2021-11-10,2021-11-12,2021-11-16,2021-11-23,2021-12-08
BAC|2021-11-10T00:00:00|Long,BAC,2021-11-10,Long,0.0055050209347971,0.01397416586510647,-0.004658082211209558,True,-0.003811143487621904,0.01397416586510647,-0.009951328080848643,True,-0.015244573950487728,0.01397416586510647,-0.016514901267347004,True,0.008469225698831462,0.015879737608917255,-0.05081511188742227,True,-0.05801392950087236,0.015879737608917255,-0.0768579526423463,True,20,True,False,True,False,True,False,,6,STOP_BEFORE_TARGET,False,True,False,True,False,,7,STOP_BEFORE_TARGET,2021-11-11,2021-11-15,2021-11-17,2021-11-24,2021-12-09
BAC|2021-11-11T00:00:00|Long,BAC,2021-11-11,Long,-0.01221313561919024,0.0008422215080319262,-0.015371727334863361,True,-0.008633392986339139,0.0008422215080319262,-0.016845715381824333,True,-0.02463680653380751,0.0008422215080319262,-0.026953096415124556,True,-0.03642879123581966,0.010317916328727028,-0.05769639043220298,True,-0.0625395054902641,0.010317916328727028,-0.08191204604883251,True,20,True,False,True,False,True,False,,4,STOP_BEFORE_TARGET,False,True,False,True,False,,6,STOP_BEFORE_TARGET,2021-11-12,2021-11-16,2021-11-18,2021-11-26,2021-12-10
BAC|2021-11-12T00:00:00|Long,BAC,2021-11-12,Long,0.0029844252846691344,0.010232350112932442,-0.0002131383834091949,True,-0.00852699908718868,0.010232350112932442,-0.009805992026624022,True,-0.032189262981131894,0.010232350112932442,-0.04434018382270721,True,-0.028138983140436724,0.02280962904081618,-0.046045616167941006,True,-0.07098695432080948,0.02280962904081618,-0.07503731548099457,True,20,True,False,True,False,True,False,,5,STOP_BEFORE_TARGET,False,True,False,True,False,,5,STOP_BEFORE_TARGET,2021-11-15,2021-11-17,2021-11-19,2021-11-29,2021-12-13
BAC|2021-11-15T00:00:00|Long,BAC,2021-11-15,Long,0.0006376746967193814,0.004888406928074129,-0.007651447740470885,True,-0.015515399661501394,0.004888406928074129,-0.017853351035258536,True,-0.0163655785387804,0.004888406928074129,-0.0471837926037032,True,-0.054835240344174085,0.019766212970376396,-0.05717319171793134,True,-0.06206159864600547,0.019766212970376396,-0.07778958356558663,True,20,True,False,True,False,True,False,,4,STOP_BEFORE_TARGET,False,True,False,True,False,,4,STOP_BEFORE_TARGET,2021-11-16,2021-11-18,2021-11-22,2021-11-30,2021-12-14
BAC|2021-11-16T00:00:00|Long,BAC,2021-11-16,Long,-0.01210712589958951,0.002548830229773147,-0.01338150050155007,True,-0.035683947320231946,0.002548830229773147,-0.04779099219396943,True,0.008920946317132028,0.012107044873737483,-0.04779099219396943,True,-0.06881906441069086,0.01911634826207642,-0.06945625171167114,True,-0.06669505272352194,0.01911634826207642,-0.07837727905465519,True,20,True,False,True,False,True,False,,3,STOP_BEFORE_TARGET,False,True,False,True,False,,3,STOP_BEFORE_TARGET,2021-11-17,2021-11-19,2021-11-23,2021-12-01,2021-12-15
BAC|2021-11-17T00:00:00|Long,BAC,2021-11-17,Long,-0.00408511360063879,0.006450291605771152,-0.00645020958690623,True,-0.004945163417256926,0.00774028431183349,-0.0361211900904479,True,0.024080902752118494,0.031606133600364794,-0.0361211900904479,True,-0.03483119738438556,0.031606133600364794,-0.058051968301020995,True,-0.03246610139811823,0.031606133600364794,-0.06708232733778163,True,20,True,True,True,False,True,False,5,2,STOP_BEFORE_TARGET,False,True,False,True,False,,2,STOP_BEFORE_TARGET,2021-11-18,2021-11-22,2021-11-24,2021-12-02,2021-12-16
BAC|2021-11-18T00:00:00|Long,BAC,2021-11-18,Long,-0.019861791342976054,-0.011873904159848347,-0.032167484317492834,True,0.025474963578370424,0.02871333851073632,-0.032167484317492834,True,-0.012089839744830355,0.03583764806452705,-0.033894639576166674,True,-0.052892935645101335,0.03583764806452705,-0.05872196111018235,True,-0.05267700006011933,0.03583764806452705,-0.06325562013125785,True,20,True,True,True,False,True,False,4,1,STOP_BEFORE_TARGET,False,True,False,True,False,,1,STOP_BEFORE_TARGET,2021-11-19,2021-11-23,2021-11-26,2021-12-03,2021-12-17
BAC|2021-11-19T00:00:00|Long,BAC,2021-11-19,Long,0.01938319876302974,0.032378796400875265,0.011233442828024964,True,0.049118930997506416,0.05682814823005611,0.011233442828024964,True,0.004184991637074864,0.05682814823005611,-0.014317213745210777,True,-0.02753303872220081,0.05682814823005611,-0.03964764297930201,True,-0.04933924236081688,0.05682814823005611,-0.05947138044478695,True,20,True,True,True,True,False,False,1,6,TARGET_BEFORE_STOP,True,True,True,False,False,3,7,TARGET_BEFORE_STOP,2021-11-22,2021-11-24,2021-11-29,2021-12-06,2021-12-20
BAC|2021-11-22T00:00:00|Long,BAC,2021-11-22,Long,0.026361306242058236,0.029602480179729218,0.008426953326172049,True,-0.011235965243721946,0.03673294744553757,-0.033059611487745166,True,-0.039109714916488736,0.03673294744553757,-0.041486564813917326,True,-0.03392393552798778,0.03673294744553757,-0.057908391872617426,True,-0.045159900771709616,0.03673294744553757,-0.07735518821921228,True,20,True,True,True,True,False,False,2,3,TARGET_BEFORE_STOP,False,True,False,True,False,,3,STOP_BEFORE_TARGET,2021-11-23,2021-11-26,2021-11-30,2021-12-07,2021-12-21
BAC|2021-11-23T00:00:00|Long,BAC,2021-11-23,Long,0.0027368645918997014,0.010105253520764856,-0.0061052824321545796,True,-0.040210523103412776,0.010105253520764856,-0.05789473684210522,True,-0.07705262836657067,0.010105253520764856,-0.07768418161492596,True,-0.07031579268606081,0.010105253520764856,-0.08210529528166122,True,-0.06778949938322365,0.010105253520764856,-0.10105261551706413,True,20,True,False,True,False,True,False,,2,STOP_BEFORE_TARGET,False,True,False,True,False,,2,STOP_BEFORE_TARGET,2021-11-24,2021-11-29,2021-12-01,2021-12-08,2021-12-22
BAC|2021-11-24T00:00:00|Long,BAC,2021-11-24,Long,-0.03926102676142618,-0.033382324520926376,-0.06046611386794998,True,-0.06634473601822977,-0.019525515102252422,-0.06865421760304546,True,-0.05752680279281008,-0.019525515102252422,-0.08020154543690372,True,-0.065924822994607,-0.019525515102252422,-0.08461059213983368,True,-0.06739455862239696,-0.019525515102252422,-0.10350619766154179,True,20,True,False,True,False,True,False,,1,STOP_BEFORE_TARGET,False,True,False,True,False,,1,STOP_BEFORE_TARGET,2021-11-26,2021-11-30,2021-12-02,2021-12-09,2021-12-23
BAC|2021-11-26T00:00:00|Long,BAC,2021-11-26,Long,-0.0037149950869932447,0.020542012147843902,-0.012893360450807911,True,-0.041958003482745365,0.020542012147843902,-0.04261357123618126,True,-0.04130243572930958,0.020542012147843902,-0.0472027955996599,True,-0.027097856408487386,0.020542012147843902,-0.0472027955996599,True,-0.024475502031601426,0.020542012147843902,-0.0668705784710183,True,20,True,False,True,False,True,False,,2,STOP_BEFORE_TARGET,False,True,False,True,False,,2,STOP_BEFORE_TARGET,2021-11-29,2021-12-01,2021-12-03,2021-12-10,2021-12-27
BAC|2021-11-29T00:00:00|Long,BAC,2021-11-29,Long,-0.024566767451988936,-0.008115791415801543,-0.026979590658468333,True,-0.015354261035239736,0.0024128232064792865,-0.03904362301687414,True,-0.03158584386684293,0.0024128232064792865,-0.04364995989923981,True,-0.04408857896042595,0.0024128232064792865,-0.04825621310761441,True,-0.019521811508437015,0.0024128232064792865,-0.06339108093826995,True,20,True,False,True,False,True,False,,1,STOP_BEFORE_TARGET,False,True,False,True,False,,2,STOP_BEFORE_TARGET,2021-11-30,2021-12-02,2021-12-06,2021-12-13,2021-12-28
BAC|2021-11-30T00:00:00|Long,BAC,2021-11-30,Long,-0.014166877688816748,0.027659084966781933,-0.01484146231830652,True,-0.013492293059327087,0.027659084966781933,-0.019563812068819963,True,0.005396848598641313,0.027659084966781933,-0.019563812068819963,True,-0.0076456069992101305,0.027659084966781933,-0.024286076037971616,True,0.003597927659548139,0.027659084966781933,-0.039802122985767796,True,20,True,False,True,False,True,False,,9,STOP_BEFORE_TARGET,False,True,False,True,False,,14,STOP_BEFORE_TARGET,2021-12-01,2021-12-03,2021-12-07,2021-12-14,2021-12-29
BAC|2021-12-01T00:00:00|Long,BAC,2021-12-01,Long,0.023950712440829358,0.037864959891295014,0.0036496315432303916,True,0.007071199183668719,0.037864959891295014,-0.005474490821885447,True,0.007299263086460783,0.037864959891295014,-0.005474490821885447,True,0.0022809870842390723,0.037864959891295014,-0.010264615907235375,True,0.015739019715041103,0.037864959891295014,-0.026003635622276366,True,20,True,True,True,True,False,False,1,13,TARGET_BEFORE_STOP,False,False,False,False,True,,,NEITHER,2021-12-02,2021-12-06,2021-12-08,2021-12-15,2021-12-30
BAC|2021-12-02T00:00:00|Long,BAC,2021-12-02,Long,-0.022722220352689115,0.004009808590402564,-0.028736933238293072,True,-0.004009808590402675,0.004009808590402564,-0.028736933238293072,True,-0.008910619661845698,0.004009808590402564,-0.028736933238293072,True,0.0024504480251101857,0.010470065205915535,-0.03341501493417032,True,-0.008910619661845698,0.010470065205915535,-0.048785891211528876,True,20,True,False,True,False,True,False,,1,STOP_BEFORE_TARGET,False,True,False,True,False,,7,STOP_BEFORE_TARGET,2021-12-03,2021-12-07,2021-12-09,2021-12-16,2021-12-31
BAC|2021-12-03T00:00:00|Long,BAC,2021-12-03,Long,0.006382553015989112,0.02302261592936583,0.0020515193703931622,True,0.006610460966220089,0.02370642673463741,0.0020515193703931622,True,0.01481653844779296,0.02370642673463741,-0.005014757496288991,True,0.00022799490480962525,0.03396402358660322,-0.010941407657237612,True,0.0526556058703731,0.05972196969163379,-0.026669664860533127,True,20,True,True,True,True,False,False,9,11,TARGET_BEFORE_STOP,True,False,True,False,False,20,,TARGET_BEFORE_STOP,2021-12-06,2021-12-08,2021-12-10,2021-12-17,2022-01-03
BAC|2021-12-06T00:00:00|Long,BAC,2021-12-06,Long,0.0126839759737154,0.017214004422802187,0.006341987986857811,True,0.0077010224425155815,0.017214004422802187,-0.011325027921163744,True,-0.012910524917878141,0.017214004422802187,-0.0172140908259083,True,-0.02242359330127086,0.02740654683247068,-0.03284259825199609,True,0.08697621789066168,0.09694221135616754,-0.03284259825199609,True,20,True,True,True,False,True,False,19,10,STOP_BEFORE_TARGET,True,True,False,True,False,19,10,STOP_BEFORE_TARGET,2021-12-07,2021-12-09,2021-12-13,2021-12-20,2022-01-04
BAC|2021-12-07T00:00:00|Long,BAC,2021-12-07,Long,-0.012301481733904884,0.0020129759434315275,-0.013867120209807515,True,-0.004249577960178663,0.0026840248051740456,-0.023708288532751864,True,-0.0129724452747495,0.0026840248051740456,-0.02952359028973095,True,-0.01163051819306038,0.014538169071550033,-0.044956348975441096,True,0.055244940086812244,0.08320289190064067,-0.044956348975441096,True,20,True,True,True,False,True,False,18,2,STOP_BEFORE_TARGET,True,True,False,True,False,19,9,STOP_BEFORE_TARGET,2021-12-08,2021-12-10,2021-12-14,2021-12-21,2022-01-05
BAC|2021-12-08T00:00:00|Long,BAC,2021-12-08,Long,0.007472867576878484,0.012907601829568849,-0.011548875074624543,True,-0.013134013096954611,0.01517214642114273,-0.01743660462917318,True,-0.004981911717919063,0.01517214642114273,-0.01743660462917318,True,0.0027173671263451826,0.027173930414082115,-0.03306157358508721,True,0.08990039027221086,0.09669385127984564,-0.03306157358508721,True,20,True,True,True,False,True,False,17,8,STOP_BEFORE_TARGET,True,True,False,True,False,17,8,STOP_BEFORE_TARGET,2021-12-09,2021-12-13,2021-12-15,2021-12-22,2022-01-06
BAC|2021-12-09T00:00:00|Long,BAC,2021-12-09,Long,0.0006742813703104478,0.007642169920448749,-0.009440367898342017,True,-0.008091719414922038,0.007642169920448749,-0.024724707739239293,True,0.011463212009273693,0.01955493142419562,-0.024724707739239293,True,-0.0015734661020559981,0.01955493142419562,-0.04023377945597395,True,0.10541691278422549,0.10833894162690272,-0.04023377945597395,True,20,True,True,True,False,True,False,16,2,STOP_BEFORE_TARGET,True,True,False,True,False,17,7,STOP_BEFORE_TARGET,2021-12-10,2021-12-14,2021-12-16,2021-12-23,2022-01-07
BAC|2021-12-10T00:00:00|Long,BAC,2021-12-10,Long,-0.02111407495605855,-0.0026953937702360875,-0.02538187458437413,True,-0.013027893645350175,0.006738527268101757,-0.02538187458437413,True,-0.014375547687956791,0.018867927761698988,-0.02538187458437413,True,0.0026953937702360875,0.018867927761698988,-0.04088049586951059,True,0.09905659932766397,0.12488772048791441,-0.04088049586951059,True,20,True,True,True,False,True,False,15,1,STOP_BEFORE_TARGET,True,True,False,True,False,16,6,STOP_BEFORE_TARGET,2021-12-13,2021-12-15,2021-12-17,2021-12-27,2022-01-10
BAC|2021-12-13T00:00:00|Long,BAC,2021-12-13,Long,0.012620450067733158,0.028453368785448685,-0.0011473852605986545,True,0.032583710630627705,0.040844394320985744,-0.0011473852605986545,True,-0.009637493483152793,0.040844394320985744,-0.02019277262829655,True,0.02569983673306475,0.040844394320985744,-0.02019277262829655,True,0.12918763232832364,0.14915098042442398,-0.02019277262829655,True,20,True,True,True,True,False,False,3,5,TARGET_BEFORE_STOP,True,False,True,False,False,14,,TARGET_BEFORE_STOP,2021-12-14,2021-12-16,2021-12-20,2021-12-28,2022-01-11
BAC|2021-12-14T00:00:00|Long,BAC,2021-12-14,Long,-0.004305516356389316,0.007251295877611641,-0.011556812234000957,True,-0.005665080307025616,0.02787218473749431,-0.011556812234000957,True,0.0013595639506363,0.02787218473749431,-0.032404266271567894,True,0.011330160614051232,0.02787218473749431,-0.032404266271567894,True,0.10718330903585316,0.1348289285956632,-0.032404266271567894,True,20,True,True,True,False,True,False,13,4,STOP_BEFORE_TARGET,True,True,False,True,False,13,4,STOP_BEFORE_TARGET,2021-12-15,2021-12-17,2021-12-21,2021-12-29,2022-01-12
BAC|2021-12-15T00:00:00|Long,BAC,2021-12-15,Long,0.024123837196633247,0.032316841784774786,0.0034137808504102196,True,-0.01775145206360451,0.032316841784774786,-0.02822025267465067,True,0.007737828020349946,0.032316841784774786,-0.02822025267465067,True,0.013427404893664674,0.032316841784774786,-0.02822025267465067,True,0.10969503517222168,0.13973608093409218,-0.02822025267465067,True,20,True,True,True,True,False,False,1,3,TARGET_BEFORE_STOP,True,False,True,False,False,12,,TARGET_BEFORE_STOP,2021-12-16,2021-12-20,2021-12-22,2021-12-30,2022-01-13
BAC|2021-12-16T00:00:00|Long,BAC,2021-12-16,Long,-0.02488886515299482,-0.006666649712456563,-0.03066669040256076,True,-0.018000030517578147,-0.006666649712456563,-0.05111109415690107,True,-0.012888929578993014,0.001555548773871429,-0.05111109415690107,True,-0.011333296034071183,0.002666642930772678,-0.05111109415690107,True,0.0646666632758246,0.11288892957899299,-0.05111109415690107,True,20,True,True,True,False,True,False,11,1,STOP_BEFORE_TARGET,True,True,False,True,False,12,1,STOP_BEFORE_TARGET,2021-12-17,2021-12-21,2021-12-23,2021-12-31,2022-01-14
BAC|2021-12-17T00:00:00|Long,BAC,2021-12-17,Long,-0.01640841392837389,-0.011850511511074746,-0.026891528633831596,True,0.009115717899840448,0.015952614993168135,-0.026891528633831596,True,0.017319924864027447,0.02711938463405561,-0.026891528633831596,True,0.05241566046204604,0.059480413555597744,-0.026891528633831596,True,0.054238769268111,0.14129445332772783,-0.026891528633831596,True,20,True,True,True,False,True,False,10,1,STOP_BEFORE_TARGET,True,False,True,False,False,10,,TARGET_BEFORE_STOP,2021-12-20,2021-12-22,2021-12-27,2022-01-03,2022-01-18
BAC|2021-12-20T00:00:00|Long,BAC,2021-12-20,Long,0.023864661328506287,0.030583866994692954,0.008804473342416408,True,0.029193659082201062,0.044253935453306914,0.008804473342416408,True,0.03568120762214688,0.04448568096456329,0.008804473342416408,True,0.11190921798263842,0.12210381085253097,0.008804473342416408,True,0.07599626484923494,0.16033368878840504,0.008804473342416408,True,20,True,True,False,True,False,False,1,,TARGET_BEFORE_STOP,True,False,True,False,False,9,,TARGET_BEFORE_STOP,2021-12-21,2021-12-23,2021-12-28,2022-01-04,2022-01-19
BAC|2021-12-21T00:00:00|Long,BAC,2021-12-21,Long,0.0020366633940895884,0.008825598924322664,-0.007015106771385726,True,0.010183316970448386,0.019914032483887567,-0.007015106771385726,True,0.009957059404394508,0.02104549296395941,-0.007015106771385726,True,0.06766240713706662,0.09594935076336686,-0.007015106771385726,True,0.035302136722586974,0.13328815088004342,-0.007015106771385726,True,20,True,True,False,True,False,False,8,,TARGET_BEFORE_STOP,True,False,True,False,False,8,,TARGET_BEFORE_STOP,2021-12-22,2021-12-27,2021-12-29,2022-01-05,2022-01-20
BAC|2021-12-22T00:00:00|Long,BAC,2021-12-22,Long,0.0031616845868995824,0.01784103291115513,0.0027100892025799794,True,0.00948513991014277,0.018066916752758733,0.0006775653753670063,True,0.0056458899478761815,0.018970193670841518,0.0006775653753670063,True,0.08694675688695885,0.09372180759452142,0.0,True,0.014453464482651945,0.13098471571028147,0.0,True,20,True,True,False,True,False,False,7,,TARGET_BEFORE_STOP,True,False,True,False,False,8,,TARGET_BEFORE_STOP,2021-12-23,2021-12-28,2021-12-30,2022-01-06,2022-01-21
BAC|2021-12-23T00:00:00|Long,BAC,2021-12-23,Long,0.004952751683293233,0.00900498744636491,-0.002476289963721734,True,0.004727665642200174,0.01575868509217626,-0.002476289963721734,True,0.0015759457993500536,0.01575868509217626,-0.0031517198428502313,True,0.10715898992445827,0.11008562372621578,-0.0031517198428502313,True,0.0029266338017572835,0.1274201687398171,-0.041197615753996164,True,20,True,True,True,True,False,False,6,20,TARGET_BEFORE_STOP,True,True,True,False,False,7,20,TARGET_BEFORE_STOP,2021-12-27,2021-12-29,2021-12-31,2022-01-07,2022-01-24
BAC|2021-12-27T00:00:00|Long,BAC,2021-12-27,Long,0.0013441168035708273,0.009856685650140973,-0.004928342825070486,True,-0.0024641714125352987,0.010752678064499088,-0.004928342825070486,True,0.03449822886611531,0.0414427041691976,-0.008064529912046647,True,0.09610217236074048,0.12186385564036839,-0.008064529912046647,True,0.017697153367581375,0.12186385564036839,-0.04592292260505548,True,20,True,True,True,True,False,False,5,19,TARGET_BEFORE_STOP,True,True,True,False,False,6,19,TARGET_BEFORE_STOP,2021-12-28,2021-12-30,2022-01-03,2022-01-10,2022-01-25
BAC|2021-12-28T00:00:00|Long,BAC,2021-12-28,Long,-0.0015659886718001337,0.00939593203080058,-0.002237187631130233,True,-0.00469796601540029,0.00939593203080058,-0.009396017370782661,True,0.07360180893453294,0.08344517849155952,-0.009396017370782661,True,0.10089481531446465,0.12035796367537799,-0.009396017370782661,True,0.026845654193687896,0.12035796367537799,-0.04720359226707116,True,20,True,True,True,True,False,False,4,18,TARGET_BEFORE_STOP,True,True,True,False,False,5,18,TARGET_BEFORE_STOP,2021-12-29,2021-12-31,2022-01-04,2022-01-11,2022-01-26
BAC|2021-12-29T00:00:00|Long,BAC,2021-12-29,Long,-0.0022406965365233678,0.01053097456324359,-0.0033610020678684904,True,0.03472998431469687,0.04167601536716958,-0.007842309667081993,True,0.05713643683693137,0.0851445024897246,-0.007842309667081993,True,0.09477928391219215,0.12211518334094484,-0.007842309667081993,True,0.018821423537630277,0.12211518334094484,-0.04570918365907839,True,20,True,True,True,True,False,False,3,17,TARGET_BEFORE_STOP,True,True,True,False,False,4,17,TARGET_BEFORE_STOP,2021-12-30,2022-01-03,2022-01-05,2022-01-12,2022-01-27
BAC|2021-12-30T00:00:00|Long,BAC,2021-12-30,Long,-0.000898205747283165,0.004266841379177988,-0.005614192832994913,True,0.07770049391464529,0.08758144246103416,-0.005614192832994913,True,0.08084442819459703,0.08758144246103416,-0.005614192832994913,True,0.09499213245437965,0.12463514942511411,-0.005614192832994913,True,0.030092077011484086,0.12463514942511411,-0.043566105544358136,True,20,True,True,True,True,False,False,2,16,TARGET_BEFORE_STOP,True,True,True,False,False,3,16,TARGET_BEFORE_STOP,2021-12-31,2022-01-04,2022-01-06,2022-01-13,2022-01-28
BAC|2021-12-31T00:00:00|Long,BAC,2021-12-31,Long,0.03798603198360739,0.04495392053374547,0.011013662514800293,True,0.06046299225048002,0.08855919258407097,0.011013662514800293,True,0.10541691278422549,0.10833894162690272,0.011013662514800293,True,0.07687116295616137,0.12564621132153064,0.011013662514800293,True,0.037086932994660815,0.12564621132153064,-0.04270625880417778,True,20,True,True,True,True,False,False,1,15,TARGET_BEFORE_STOP,True,True,True,False,False,2,15,TARGET_BEFORE_STOP,2022-01-03,2022-01-05,2022-01-07,2022-01-14,2022-01-31
BAC|2022-01-03T00:00:00|Long,BAC,2022-01-03,Long,0.039194485953438996,0.04872239032332404,0.01862279351815377,True,0.04222608813454043,0.04872239032332404,0.01862279351815377,True,0.05954958817295175,0.08445217626908064,0.01862279351815377,True,0.0017323087013592087,0.08445217626908064,-0.002815094570293053,True,0.016457304385249838,0.08445217626908064,-0.07773928386452456,True,20,True,True,True,True,False,False,1,13,TARGET_BEFORE_STOP,True,True,True,False,False,4,13,TARGET_BEFORE_STOP,2022-01-04,2022-01-06,2022-01-10,2022-01-18,2022-02-01
BAC|2022-01-04T00:00:00|Long,BAC,2022-01-04,Long,-0.016878544383432836,0.007918258806572931,-0.017295307397897197,True,0.024796803190005656,0.027505723039316088,-0.017295307397897197,True,0.02542190796699373,0.04355074139381987,-0.017295307397897197,True,-0.032298457960948546,0.04355074139381987,-0.04042513801946235,True,-0.02292148885904155,0.04355074139381987,-0.11252347024405074,True,20,True,True,True,True,False,False,4,9,TARGET_BEFORE_STOP,False,True,False,True,False,,9,STOP_BEFORE_TARGET,2022-01-05,2022-01-07,2022-01-11,2022-01-19,2022-02-02
BAC|2022-01-05T00:00:00|Long,BAC,2022-01-05,Long,0.020135666740028313,0.020771503516264778,0.00021191864070635447,True,0.03709198789064061,0.06146675513185129,0.00021191864070635447,True,0.03560831484334437,0.06146675513185129,0.00021191864070635447,True,-0.030309459430395647,0.06146675513185129,-0.03221705061322189,True,-0.015896566238845944,0.06146675513185129,-0.09728698861590201,True,20,True,True,True,True,False,False,2,8,TARGET_BEFORE_STOP,True,True,True,False,False,3,10,TARGET_BEFORE_STOP,2022-01-06,2022-01-10,2022-01-12,2022-01-20,2022-02-03
BAC|2022-01-06T00:00:00|Long,BAC,2022-01-06,Long,0.02181589889380131,0.024516939102199542,-0.001454387975706739,True,0.022439185381046833,0.0405152860931739,-0.001454387975706739,True,0.013089491781360652,0.0405152860931739,-0.001454387975706739,True,-0.06669442817229565,0.0405152860931739,-0.072096429330892,True,0.003116511694428503,0.0405152860931739,-0.11510494063124876,True,20,True,True,True,True,False,False,2,7,TARGET_BEFORE_STOP,False,True,False,True,False,,7,STOP_BEFORE_TARGET,2022-01-07,2022-01-11,2022-01-13,2022-01-21,2022-02-04
BAC|2022-01-07T00:00:00|Long,BAC,2022-01-07,Long,-0.005083367190904409,0.018300152913667045,-0.017080116864079953,True,-0.006506703799075475,0.018300152913667045,-0.017080116864079953,True,-0.025823514637717815,0.018300152913667045,-0.040463636968651406,True,-0.09414398209403763,0.018300152913667045,-0.13399756225488169,True,-0.013623464405958297,0.018300152913667045,-0.13399756225488169,True,20,True,False,True,False,True,False,,5,STOP_BEFORE_TARGET,False,True,False,True,False,,5,STOP_BEFORE_TARGET,2022-01-10,2022-01-12,2022-01-14,2022-01-24,2022-02-07
BAC|2022-01-10T00:00:00|Long,BAC,2022-01-10,Long,0.005722435674443638,0.006539948760032388,-0.005926852927010229,True,-0.003474391632582785,0.011444949311226083,-0.006131192217238013,True,-0.05456779004679768,0.011444949311226083,-0.05885961680263041,True,-0.07153075777990081,0.011444949311226083,-0.12957286149694236,True,0.009196827307026423,0.0222767248270912,-0.12957286149694236,True,20,True,False,True,False,True,False,,4,STOP_BEFORE_TARGET,False,True,False,True,False,,4,STOP_BEFORE_TARGET,2022-01-11,2022-01-13,2022-01-18,2022-01-25,2022-02-08
BAC|2022-01-11T00:00:00|Long,BAC,2022-01-11,Long,-0.007112344658253167,0.003454622775967975,-0.010770144059281339,True,-0.02641737982618131,0.0056899532453453805,-0.041048577430294,True,-0.05628938242833048,0.0056899532453453805,-0.06421458862431051,True,-0.06726270311267213,0.0056899532453453805,-0.13452548374408702,True,0.0014224689316506556,0.01646009730462672,-0.13452548374408702,True,20,True,False,True,False,True,False,,3,STOP_BEFORE_TARGET,False,True,False,True,False,,3,STOP_BEFORE_TARGET,2022-01-12,2022-01-14,2022-01-19,2022-01-26,2022-02-09
BAC|2022-01-12T00:00:00|Long,BAC,2022-01-12,Long,-0.002046710756634207,0.01289400450768241,-0.004707317629210173,True,-0.05321330856200435,0.01289400450768241,-0.0575112840398877,True,-0.06365126016172562,0.01289400450768241,-0.0654932608056803,True,-0.06938189413223683,0.01289400450768241,-0.12832583666475228,True,0.0038886333265564232,0.02558329890268518,-0.12832583666475228,True,20,True,False,True,False,True,False,,2,STOP_BEFORE_TARGET,False,True,False,True,False,,2,STOP_BEFORE_TARGET,2022-01-13,2022-01-18,2022-01-20,2022-01-27,2022-02-10
BAC|2022-01-13T00:00:00|Long,BAC,2022-01-13,Long,-0.0174322908814728,-0.010869540556625035,-0.03219851822945785,True,-0.04757997897222377,-0.003691478602841247,-0.05557832604099733,True,-0.07875308213232823,-0.003691478602841247,-0.08408528743345889,True,-0.05926988287799362,-0.003691478602841247,-0.12653811282476068,True,-0.01722723916126412,0.0276866762774719,-0.12653811282476068,True,20,True,False,True,False,True,False,,1,STOP_BEFORE_TARGET,False,True,False,True,False,,1,STOP_BEFORE_TARGET,2022-01-14,2022-01-19,2022-01-21,2022-01-28,2022-02-11
BAC|2022-01-14T00:00:00|Long,BAC,2022-01-14,Long,-0.03443960616017472,0.00020868965904918824,-0.038822805599571075,True,-0.04508453045901617,0.013984595820840218,-0.0469630558790648,True,-0.07013150951894764,0.013984595820840218,-0.11104153019761664,True,-0.03694428017952245,0.013984595820840218,-0.11104153019761664,True,-0.010227544980742964,0.04591944833951578,-0.11104153019761664,True,20,True,True,True,False,True,False,16,1,STOP_BEFORE_TARGET,False,True,False,True,False,,1,STOP_BEFORE_TARGET,2022-01-18,2022-01-20,2022-01-24,2022-01-31,2022-02-14
BAC|2022-01-18T00:00:00|Long,BAC,2022-01-18,Long,0.0038910573218069455,0.050151396318610875,0.0019455286609035838,True,-0.02896671425005526,0.050151396318610875,-0.03458708456926862,True,-0.017942024350897423,0.050151396318610875,-0.07933416130793491,True,0.014699531557467616,0.050151396318610875,-0.07933416130793491,True,0.03307398723535959,0.08322530109185622,-0.07933416130793491,True,20,True,True,True,True,False,False,1,3,TARGET_BEFORE_STOP,True,True,True,False,False,1,3,TARGET_BEFORE_STOP,2022-01-19,2022-01-21,2022-01-25,2022-02-01,2022-02-15
BAC|2022-01-19T00:00:00|Long,BAC,2022-01-19,Long,-0.014857852005020211,0.013135241782731955,-0.01679583984415267,True,-0.04069766247928874,0.013135241782731955,-0.08290263970651468,True,-0.01162784489230173,0.013135241782731955,-0.08290263970651468,True,0.009689939195662411,0.014211883439473771,-0.08290263970651468,True,0.026701156656659286,0.07902674617074279,-0.08290263970651468,True,20,True,True,True,False,True,False,12,2,STOP_BEFORE_TARGET,True,True,False,True,False,14,2,STOP_BEFORE_TARGET,2022-01-20,2022-01-24,2022-01-26,2022-02-02,2022-02-16
BAC|2022-01-20T00:00:00|Long,BAC,2022-01-20,Long,-0.018142116525785568,0.005901649350025684,-0.023825139947276308,True,-0.006994528848616843,0.005901649350025684,-0.06907103491611166,True,-0.006120191897199478,0.021857923497267784,-0.06907103491611166,True,0.01486339464865094,0.03366122219731893,-0.06907103491611166,True,0.006994528848616843,0.09530055978910523,-0.06907103491611166,True,20,True,True,True,False,True,False,10,1,STOP_BEFORE_TARGET,True,True,False,True,False,11,2,STOP_BEFORE_TARGET,2022-01-21,2022-01-25,2022-01-27,2022-02-03,2022-02-17
BAC|2022-01-21T00:00:00|Long,BAC,2022-01-21,Long,-0.008236842096324026,-0.0051202037313379245,-0.05186994905018105,True,0.02181663839895487,0.034283191858899054,-0.05186994905018105,True,0.021148726662153283,0.04073913414181374,-0.05186994905018105,True,0.07479966044777009,0.08392699491181177,-0.05186994905018105,True,0.023152292028505217,0.11553879458958383,-0.05186994905018105,True,20,True,True,True,False,True,False,3,1,STOP_BEFORE_TARGET,True,True,False,True,False,9,1,STOP_BEFORE_TARGET,2022-01-24,2022-01-26,2022-01-28,2022-02-04,2022-02-18
BAC|2022-01-24T00:00:00|Long,BAC,2022-01-24,Long,0.019753110733684798,0.022895633563000173,-0.016161558211810312,True,0.020650998864153447,0.04938273402054971,-0.016161558211810312,True,0.03569023972654062,0.04938273402054971,-0.016161558211810312,True,0.08888886986059452,0.09450054223503579,-0.016161558211810312,True,0.022671204344045348,0.12480362443341475,-0.016161558211810312,True,20,True,True,False,True,False,False,2,,TARGET_BEFORE_STOP,True,False,True,False,False,6,,TARGET_BEFORE_STOP,2022-01-25,2022-01-27,2022-01-31,2022-02-07,2022-02-22
BAC|2022-01-25T00:00:00|Long,BAC,2022-01-25,Long,0.01034561341725504,0.022672215988946975,-0.0037420643297511047,True,0.00968519973042703,0.029055683159963097,-0.02157163846914345,True,0.03323791132268972,0.03675980976727078,-0.02157163846914345,True,0.08694696756340181,0.10103456134172539,-0.02157163846914345,True,-0.014307759663493846,0.10301563446484496,-0.02157163846914345,True,20,True,True,True,False,True,False,5,3,STOP_BEFORE_TARGET,True,False,True,False,False,8,,TARGET_BEFORE_STOP,2022-01-26,2022-01-28,2022-02-01,2022-02-08,2022-02-23
BAC|2022-01-26T00:00:00|Long,BAC,2022-01-26,Long,-0.009368198058410604,0.018518484659349133,-0.017647088156071855,True,0.005228711455144808,0.018518484659349133,-0.03159042951495172,True,0.021568580192995457,0.02614372349346472,-0.03159042951495172,True,0.07363828194019328,0.08976032232944187,-0.03159042951495172,True,-0.050108997283171086,0.09172110990233873,-0.0838780427196214,True,20,True,True,True,False,True,False,6,2,STOP_BEFORE_TARGET,True,True,False,True,False,7,2,STOP_BEFORE_TARGET,2022-01-27,2022-01-31,2022-02-02,2022-02-09,2022-02-24
BAC|2022-01-27T00:00:00|Long,BAC,2022-01-27,Long,0.008796958443878733,0.009236818950294712,-0.02243238245833279,True,0.03232895022084481,0.03584775037735888,-0.02243238245833279,True,0.021112800939085075,0.040026383240903574,-0.02243238245833279,True,0.07873318496255943,0.10204528843372418,-0.02243238245833279,True,-0.009896651657325228,0.10204528843372418,-0.07521446870085857,True,20,True,True,True,False,True,False,3,1,STOP_BEFORE_TARGET,True,True,True,False,False,6,19,TARGET_BEFORE_STOP,2022-01-28,2022-02-01,2022-02-03,2022-02-10,2022-02-25
BAC|2022-01-28T00:00:00|Long,BAC,2022-01-28,Long,0.0058862102474563915,0.008720329958430861,-0.014170432228412855,True,0.022236766547091724,0.026814902351814496,-0.014170432228412855,True,0.05253978424963268,0.061478085033570995,-0.014170432228412855,True,0.0446915039196909,0.09243518153909358,-0.014170432228412855,True,-0.03640719877550458,0.09243518153909358,-0.08327882676641818,True,20,True,True,True,True,False,False,4,17,TARGET_BEFORE_STOP,True,True,True,False,False,5,18,TARGET_BEFORE_STOP,2022-01-31,2022-02-02,2022-02-04,2022-02-11,2022-02-28
BAC|2022-01-31T00:00:00|Long,BAC,2022-01-31,Long,0.017338518587844298,0.02080622230541329,-0.005201514238064253,True,0.006285238824524253,0.024924177310173823,-0.005201514238064253,True,0.051365387152919606,0.05678367937890716,-0.005201514238064253,True,0.027741629740551055,0.08604250700518645,-0.005201514238064253,True,-0.0795404901927389,0.08604250700518645,-0.0912440212432507,True,20,True,True,True,True,False,False,4,15,TARGET_BEFORE_STOP,True,True,True,False,False,4,16,TARGET_BEFORE_STOP,2022-02-01,2022-02-03,2022-02-07,2022-02-14,2022-03-01
BAC|2022-02-01T00:00:00|Long,BAC,2022-02-01,Long,-0.0010651733814089903,0.0004260856060676055,-0.013634414324082966,True,0.02854708546636875,0.03728163722195443,-0.013634414324082966,True,0.051981306194966104,0.06561572051904907,-0.013634414324082966,True,0.018108272554032467,0.06753306511259338,-0.013634414324082966,True,-0.08052831039381514,0.06753306511259338,-0.10673196566057208,True,20,True,True,True,True,False,False,3,12,TARGET_BEFORE_STOP,True,True,True,False,False,5,14,TARGET_BEFORE_STOP,2022-02-02,2022-02-04,2022-02-08,2022-02-15,2022-03-02
BAC|2022-02-02T00:00:00|Long,BAC,2022-02-02,Long,-0.00981017467392431,0.008530636192910945,-0.01151633445417688,True,0.0345489220083548,0.039880549290379985,-0.01151633445417688,True,0.050970343799493945,0.06675199635012619,-0.01151633445417688,True,0.016847961736202288,0.0686713854258223,-0.01151633445417688,True,-0.09383659135113986,0.0686713854258223,-0.10577946575038,True,20,True,True,True,True,False,False,2,11,TARGET_BEFORE_STOP,True,True,True,False,False,4,13,TARGET_BEFORE_STOP,2022-02-03,2022-02-07,2022-02-09,2022-02-16,2022-03-03
BAC|2022-02-03T00:00:00|Long,BAC,2022-02-03,Long,0.03984489472240793,0.04867538890111245,0.005384449673848657,True,0.06353652258345144,0.07732070060287488,0.005384449673848657,True,0.056429009577083855,0.0792591057718679,0.005384449673848657,True,-0.0077536206759712956,0.0792591057718679,-0.010338133514567693,True,-0.11802712699154227,0.0792591057718679,-0.13159596317449196,True,20,True,True,True,True,False,False,1,12,TARGET_BEFORE_STOP,True,True,True,False,False,2,13,TARGET_BEFORE_STOP,2022-02-04,2022-02-08,2022-02-10,2022-02-17,2022-03-04
BAC|2022-02-04T00:00:00|Long,BAC,2022-02-04,Long,0.004763868020952744,0.009941995740939458,-0.006006568106096011,True,0.020712510879946633,0.036039803696368944,-0.006006568106096011,True,-0.007456516558694171,0.03790393283604265,-0.01615573320253172,True,-0.04805301892051961,0.03790393283604265,-0.05302397728501007,True,-0.20588232970236509,0.03790393283604265,-0.20857497824010662,True,20,True,True,True,True,False,False,2,6,TARGET_BEFORE_STOP,False,True,False,True,False,,9,STOP_BEFORE_TARGET,2022-02-07,2022-02-09,2022-02-11,2022-02-18,2022-03-07
BAC|2022-02-07T00:00:00|Long,BAC,2022-02-07,Long,0.017934503745300034,0.031127647670113223,0.008864158318985238,True,0.011131744675563882,0.03298293844937383,0.005153576760464018,True,-0.02246959782111657,0.03298293844937383,-0.03236445576472646,True,-0.06081214286360237,0.03298293844937383,-0.07153159196184833,True,-0.20449388810928704,0.03298293844937383,-0.2131519379582837,True,20,True,True,True,True,False,False,1,4,TARGET_BEFORE_STOP,False,True,False,True,False,,5,STOP_BEFORE_TARGET,2022-02-08,2022-02-10,2022-02-14,2022-02-22,2022-03-08
BAC|2022-02-08T00:00:00|Long,BAC,2022-02-08,Long,-0.002025157688441803,0.008302953392944401,-0.007087936031746178,True,-0.029566684236316254,0.014783303492224675,-0.03807211477217154,True,-0.032199273353490376,0.014783303492224675,-0.049412766071845304,True,-0.09315516786792033,0.014783303492224675,-0.09740788313584792,True,-0.16889428862270817,0.014783303492224675,-0.22701503962518632,True,20,True,False,True,False,True,False,,3,STOP_BEFORE_TARGET,False,True,False,True,False,,3,STOP_BEFORE_TARGET,2022-02-09,2022-02-11,2022-02-15,2022-02-23,2022-03-09
BAC|2022-02-09T00:00:00|Long,BAC,2022-02-09,Long,-0.004667198618782287,0.016842570040877858,-0.010551957602363604,True,-0.03774351981382296,0.016842570040877858,-0.04748377050632058,True,-0.0324675023083254,0.016842570040877858,-0.04748377050632058,True,-0.11525974930750238,0.016842570040877858,-0.14671265668281097,True,-0.1747159258041363,0.016842570040877858,-0.22544644654128942,True,20,True,False,True,False,True,False,,2,STOP_BEFORE_TARGET,False,True,False,True,False,,2,STOP_BEFORE_TARGET,2022-02-10,2022-02-14,2022-02-16,2022-02-24,2022-03-10
BAC|2022-02-10T00:00:00|Long,BAC,2022-02-10,Long,-0.023037738750084302,0.007951058016607782,-0.03160039268439818,True,-0.025688039574548904,0.007951058016607782,-0.043017342368423805,True,-0.06075432392636493,0.007951058016607782,-0.06320078536879647,True,-0.08216103653375684,0.007951058016607782,-0.1427115210780887,True,-0.1777777276582977,0.007951058016607782,-0.2218145002517078,True,20,True,False,True,False,True,False,,1,STOP_BEFORE_TARGET,False,True,False,True,False,,1,STOP_BEFORE_TARGET,2022-02-11,2022-02-15,2022-02-17,2022-02-25,2022-03-11
BAC|2022-02-11T00:00:00|Long,BAC,2022-02-11,Long,-0.01043405715996093,0.005634400419043617,-0.020450742480858874,True,-0.005008302857679614,0.009390667365072547,-0.020450742480858874,True,-0.04090148496171775,0.009390667365072547,-0.04590978781939736,True,-0.07762933113834325,0.009390667365072547,-0.12249580876839083,True,-0.14023367409810905,0.009390667365072547,-0.20346411461923875,True,20,True,False,True,False,True,False,,1,STOP_BEFORE_TARGET,False,True,False,True,False,,4,STOP_BEFORE_TARGET,2022-02-14,2022-02-16,2022-02-18,2022-02-28,2022-03-14
BAC|2022-02-14T00:00:00|Long,BAC,2022-02-14,Long,0.0078026731520277615,0.020033757900091986,0.003163254569190199,True,-0.028468969343090067,0.020033757900091986,-0.03099952473149903,True,-0.03922389007750704,0.020033757900091986,-0.050189737353819486,True,-0.1043862745546007,0.020033757900091986,-0.11577389446979891,True,-0.12484180509357834,0.020033757900091986,-0.19506538079239522,True,20,True,False,True,False,True,False,,3,STOP_BEFORE_TARGET,False,True,False,True,False,,3,STOP_BEFORE_TARGET,2022-02-15,2022-02-17,2022-02-22,2022-03-01,2022-03-15
BAC|2022-02-15T00:00:00|Long,BAC,2022-02-15,Long,-0.0023017494924513215,0.009416211640900896,-0.01004393247626767,True,-0.038292567398970356,0.009416211640900896,-0.04331449372606433,True,-0.06298393133640845,0.009416211640900896,-0.06737813682813554,True,-0.09688221342157188,0.009416211640900896,-0.1226198053586478,True,-0.10441518273429262,0.009416211640900896,-0.2012973961558644,True,20,True,False,True,False,True,False,,2,STOP_BEFORE_TARGET,False,True,False,True,False,,2,STOP_BEFORE_TARGET,2022-02-16,2022-02-18,2022-02-23,2022-03-02,2022-03-16
BAC|2022-02-16T00:00:00|Long,BAC,2022-02-16,Long,-0.033766791108363114,-0.008179517347991716,-0.03628354721399896,True,-0.04446306456199067,-0.008179517347991716,-0.055369114361391025,True,-0.08557050765395635,-0.008179517347991716,-0.11807888070638461,True,-0.10885064164199676,-0.008179517347991716,-0.12059563681202035,True,-0.09752519916351887,-0.008179517347991716,-0.19945474151345877,True,20,True,False,True,False,True,False,,1,STOP_BEFORE_TARGET,False,True,False,True,False,,1,STOP_BEFORE_TARGET,2022-02-17,2022-02-22,2022-02-24,2022-03-03,2022-03-17
BAC|2022-02-17T00:00:00|Long,BAC,2022-02-17,Long,-0.0023876841997010345,0.010201893288832142,-0.007597101724322708,True,-0.02800088830198688,0.010201893288832142,-0.03255914933658055,True,-0.022791387975166666,0.010201893288832142,-0.08725853015829954,True,-0.11113520655091247,0.010201893288832142,-0.12481007245689191,True,-0.06880829585291814,0.010201893288832142,-0.17147821962687015,True,20,True,False,True,False,True,False,,2,STOP_BEFORE_TARGET,False,True,False,True,False,,3,STOP_BEFORE_TARGET,2022-02-18,2022-02-23,2022-02-25,2022-03-04,2022-03-18
BAC|2022-02-18T00:00:00|Long,BAC,2022-02-18,Long,-0.008703170564613338,0.00043517097828726925,-0.020017366998950403,True,-0.05134901343261511,0.0032637408369657894,-0.08507397574629372,True,-0.03829413308512897,0.0032637408369657894,-0.08507397574629372,True,-0.1657963247100921,0.0032637408369657894,-0.16862489456877072,True,-0.0678850956056446,0.0032637408369657894,-0.16949523652534526,True,20,True,False,True,False,True,False,,1,STOP_BEFORE_TARGET,False,True,False,True,False,,2,STOP_BEFORE_TARGET,2022-02-22,2022-02-24,2022-02-28,2022-03-07,2022-03-21
BAC|2022-02-22T00:00:00|Long,BAC,2022-02-22,Long,-0.01712033736793095,0.01207197586659814,-0.021729623543145338,True,-0.01185252193262476,0.01207197586659814,-0.07704130883297478,True,-0.06782265275346033,0.01207197586659814,-0.07967517468608498,True,-0.152985096808825,0.01207197586659814,-0.16220375288833944,True,-0.03028975036256787,0.01207197586659814,-0.16220375288833944,True,20,True,False,True,False,True,False,,1,STOP_BEFORE_TARGET,False,True,False,True,False,,2,STOP_BEFORE_TARGET,2022-02-23,2022-02-25,2022-03-01,2022-03-08,2022-03-22
BAC|2022-02-23T00:00:00|Long,BAC,2022-02-23,Long,-0.026351057109035292,-0.024564504334682047,-0.060964707830641784,True,-0.012952166863960946,0.01272889036092928,-0.060964707830641784,True,-0.03617684180540304,0.01272889036092928,-0.06364445180464662,True,-0.08351938288793892,0.01272889036092928,-0.14761055807369883,True,-0.03774003288919969,0.01272889036092928,-0.14761055807369883,True,20,True,False,True,False,True,False,,1,STOP_BEFORE_TARGET,False,True,False,True,False,,1,STOP_BEFORE_TARGET,2022-02-24,2022-02-28,2022-03-02,2022-03-09,2022-03-23
BAC|2022-02-24T00:00:00|Long,BAC,2022-02-24,Long,0.03256885397565834,0.04013761608360422,0.0006881329138566095,True,-0.025917369104695775,0.04013761608360422,-0.0383027116373994,True,-0.025458642993144598,0.04013761608360422,-0.0383027116373994,True,-0.06720184421370778,0.04013761608360422,-0.12454129576171369,True,-0.012155935730398193,0.04013761608360422,-0.12454129576171369,True,20,True,True,True,True,False,False,1,3,TARGET_BEFORE_STOP,False,True,False,True,False,,3,STOP_BEFORE_TARGET,2022-02-25,2022-03-01,2022-03-03,2022-03-10,2022-03-24
BAC|2022-02-25T00:00:00|Long,BAC,2022-02-25,Long,-0.018214120090769836,-0.016881433329692608,-0.035095553420462444,True,-0.0413149842611964,-0.016881433329692608,-0.0686361643973511,True,-0.09040425707331035,-0.016881433329692608,-0.10439806119835215,True,-0.10417589024924578,-0.016881433329692608,-0.15215464724938887,True,-0.02865395163062212,-0.008662802880562426,-0.15215464724938887,True,20,True,False,True,False,True,False,,1,STOP_BEFORE_TARGET,False,True,False,True,False,,1,STOP_BEFORE_TARGET,2022-02-28,2022-03-02,2022-03-04,2022-03-11,2022-03-25
BAC|2022-02-28T00:00:00|Long,BAC,2022-02-28,Long,-0.03914026046096564,-0.010407218926076434,-0.051357475533507446,True,-0.038687761424349265,-0.010407218926076434,-0.051357475533507446,True,-0.1325791970407616,-0.010407218926076434,-0.1355203976260846,True,-0.06787330199585473,-0.010407218926076434,-0.13642539569931733,True,-0.014705916621248427,0.009728513523835192,-0.13642539569931733,True,20,True,False,True,False,True,False,,1,STOP_BEFORE_TARGET,False,True,False,True,False,,1,STOP_BEFORE_TARGET,2022-03-01,2022-03-03,2022-03-07,2022-03-14,2022-03-28
BAC|2022-03-01T00:00:00|Long,BAC,2022-03-01,Long,0.01624672961800222,0.025194246858241565,0.0035318508799222492,True,-0.03578997913997484,0.025194246858241565,-0.050624004334401396,True,-0.09135862859885735,0.025194246858241565,-0.10124800866880268,True,-0.02283967960496014,0.025194246858241565,-0.10124800866880268,True,0.022839589783977043,0.050859425131336344,-0.10124800866880268,True,20,True,True,True,False,True,False,15,3,STOP_BEFORE_TARGET,True,True,False,True,False,15,3,STOP_BEFORE_TARGET,2022-03-02,2022-03-04,2022-03-08,2022-03-15,2022-03-29
BAC|2022-03-02T00:00:00|Long,BAC,2022-03-02,Long,-0.015523590623587213,0.007877668067421961,-0.022011139163533033,True,-0.11167747247138204,0.007877668067421961,-0.11468954542260634,True,-0.049119530569504466,0.007877668067421961,-0.11561635069760079,True,-0.008341070704919074,0.007877668067421961,-0.11561635069760079,True,-0.003707132714962258,0.034059342583414365,-0.11561635069760079,True,20,True,True,True,False,True,False,14,1,STOP_BEFORE_TARGET,False,True,False,True,False,,2,STOP_BEFORE_TARGET,2022-03-03,2022-03-07,2022-03-09,2022-03-16,2022-03-30
BAC|2022-03-03T00:00:00|Long,BAC,2022-03-03,Long,-0.03624384219094512,-0.024711767716637634,-0.05107088486518696,True,-0.09178633494513044,-0.024711767716637634,-0.10167105998752612,True,-0.04283368881211014,-0.020710779791783485,-0.10167105998752612,True,0.012708803942075075,0.013179513684922872,-0.10167105998752612,True,-0.02988939533055579,0.050364775361563474,-0.10167105998752612,True,20,True,True,True,False,True,False,13,1,STOP_BEFORE_TARGET,True,True,False,True,False,13,1,STOP_BEFORE_TARGET,2022-03-04,2022-03-08,2022-03-10,2022-03-17,2022-03-31
BAC|2022-03-04T00:00:00|Long,BAC,2022-03-04,Long,-0.06373627745359323,-0.020512823856846052,-0.06691090665244992,True,0.0021978058830549596,0.016117212090736244,-0.06788772996825188,True,-0.015140388774934399,0.016117212090736244,-0.06788772996825188,True,0.04761906536285698,0.05128201306461588,-0.06788772996825188,True,-0.001220982567253004,0.0898656956438022,-0.06788772996825188,True,20,True,True,True,False,True,False,6,1,STOP_BEFORE_TARGET,True,True,False,True,False,8,1,STOP_BEFORE_TARGET,2022-03-07,2022-03-09,2022-03-11,2022-03-18,2022-04-01
BAC|2022-03-07T00:00:00|Long,BAC,2022-03-07,Long,0.006520605086203224,0.034428786895430497,-0.004434063196817828,True,0.0607719876652153,0.08528952646712362,-0.004434063196817828,True,0.07459573810561171,0.10015649810394422,-0.004434063196817828,True,0.11737089155165936,0.1327595235349608,-0.004434063196817828,True,0.06494527043706144,0.16405844784804402,-0.004434063196817828,True,20,True,True,False,True,False,False,1,,TARGET_BEFORE_STOP,True,False,True,False,False,2,,TARGET_BEFORE_STOP,2022-03-08,2022-03-10,2022-03-14,2022-03-21,2022-04-04
BAC|2022-03-08T00:00:00|Long,BAC,2022-03-08,Long,0.06348796976553395,0.07825862777461401,0.040684106986688784,True,0.04508944471590293,0.07825862777461401,0.039388454308200815,True,0.07540813257076295,0.09302928578369385,0.039388454308200815,True,0.14485618373891151,0.15651725554922802,0.039388454308200815,True,0.04016582614490094,0.15651725554922802,0.037574520787925225,True,20,True,True,False,True,False,False,1,,TARGET_BEFORE_STOP,True,False,True,False,False,1,,TARGET_BEFORE_STOP,2022-03-09,2022-03-11,2022-03-15,2022-03-22,2022-04-05
BAC|2022-03-09T00:00:00|Long,BAC,2022-03-09,Long,-0.009015661265300845,0.010721213861925483,-0.02266082564398575,True,0.003898631672583086,0.027777762285992713,-0.02266082564398575,True,0.04288494839841284,0.04897656619624313,-0.02266082564398575,True,0.049951247352066686,0.08747563529487223,-0.02266082564398575,True,-0.03265107511439913,0.08747563529487223,-0.0411793958017882,True,20,True,True,True,False,True,False,5,1,STOP_BEFORE_TARGET,True,True,True,False,False,8,20,TARGET_BEFORE_STOP,2022-03-10,2022-03-14,2022-03-16,2022-03-23,2022-04-06
BAC|2022-03-10T00:00:00|Long,BAC,2022-03-10,Long,-0.008359880826113164,0.017457657515019598,-0.009343429322013708,True,0.020408209206374206,0.0371281584512948,-0.009343429322013708,True,0.05802804810927209,0.058519822357222306,-0.009343429322013708,True,0.05901159660517252,0.09736914377816941,-0.009343429322013708,True,-0.031472801498040215,0.09736914377816941,-0.0447504248036561,True,20,True,True,True,True,False,False,2,19,TARGET_BEFORE_STOP,True,True,True,False,False,4,19,TARGET_BEFORE_STOP,2022-03-11,2022-03-15,2022-03-17,2022-03-24,2022-04-07
BAC|2022-03-11T00:00:00|Long,BAC,2022-03-11,Long,0.021572003282550156,0.0458715197155426,0.01413339124585189,True,0.06124466386966354,0.06744352299809275,0.013389463831223303,True,0.06372426427328559,0.06744352299809275,0.013389463831223303,True,0.08430442739438693,0.10662035809156567,0.013389463831223303,True,-0.016365078902653596,0.10662035809156567,-0.0366973292769347,True,20,True,True,True,True,False,False,1,18,TARGET_BEFORE_STOP,True,True,True,False,False,3,19,TARGET_BEFORE_STOP,2022-03-14,2022-03-16,2022-03-18,2022-03-25,2022-04-08
BAC|2022-03-14T00:00:00|Long,BAC,2022-03-14,Long,0.0072815347452712675,0.014077621495559356,-0.008009753032614864,True,0.0444174267589712,0.04490287475395438,-0.008009753032614864,True,0.03980580969123815,0.05412620147915814,-0.008009753032614864,True,0.05703879685931912,0.08325243304998087,-0.008009753032614864,True,-0.03907768399363243,0.08325243304998087,-0.05703888944905677,True,20,True,True,True,True,False,False,2,14,TARGET_BEFORE_STOP,True,True,True,False,False,5,17,TARGET_BEFORE_STOP,2022-03-15,2022-03-17,2022-03-21,2022-03-28,2022-04-11
BAC|2022-03-15T00:00:00|Long,BAC,2022-03-15,Long,0.03132528282073599,0.03734937920627823,0.010120437805911209,True,0.03373497652720259,0.03734937920627823,0.0079518513507153,True,0.06457832060664526,0.07542171248470453,0.0079518513507153,True,0.046746954860457546,0.07542171248470453,0.0079518513507153,True,-0.05614462243505269,0.07542171248470453,-0.06385545845491336,True,20,True,True,True,True,False,False,1,13,TARGET_BEFORE_STOP,True,True,True,False,False,5,14,TARGET_BEFORE_STOP,2022-03-16,2022-03-18,2022-03-22,2022-03-29,2022-04-12
BAC|2022-03-16T00:00:00|Long,BAC,2022-03-16,Long,0.005373821176080096,0.00560751595198572,-0.022663491198521735,True,0.0009346008467381317,0.014719651386575716,-0.022663491198521735,True,0.006775722446187071,0.04275705288961995,-0.022663491198521735,True,0.00467291510524781,0.04275705288961995,-0.022663491198521735,True,-0.09299064516781685,0.04275705288961995,-0.10373828751997705,True,20,True,True,True,False,True,False,4,1,STOP_BEFORE_TARGET,False,True,False,True,False,,11,STOP_BEFORE_TARGET,2022-03-17,2022-03-21,2022-03-23,2022-03-30,2022-04-13
BAC|2022-03-17T00:00:00|Long,BAC,2022-03-17,Long,-0.0030210842924893733,-0.002323924632998242,-0.017894503360621594,True,0.026725576539690987,0.03718341469226738,-0.017894503360621594,True,0.0009296053140162019,0.03718341469226738,-0.017894503360621594,True,-0.042063620960747006,0.03718341469226738,-0.04252842361775511,True,-0.12688819984581634,0.03718341469226738,-0.13037417544735597,True,20,True,True,True,True,False,False,3,10,TARGET_BEFORE_STOP,False,True,False,True,False,,10,STOP_BEFORE_TARGET,2022-03-18,2022-03-22,2022-03-24,2022-03-31,2022-04-14
BAC|2022-03-18T00:00:00|Long,BAC,2022-03-18,Long,-0.0013986333602999945,0.012354283460273452,-0.009090983460931512,True,0.004428872259931493,0.04032632822152071,-0.009090983460931512,True,0.019347272420415562,0.04032632822152071,-0.009090983460931512,True,-0.046620044961852125,0.04032632822152071,-0.059440628462904654,True,-0.0944056621842938,0.04032632822152071,-0.13240093480531445,True,20,True,True,True,True,False,False,2,9,TARGET_BEFORE_STOP,False,True,False,True,False,,9,STOP_BEFORE_TARGET,2022-03-21,2022-03-23,2022-03-25,2022-04-01,2022-04-18
BAC|2022-03-21T00:00:00|Long,BAC,2022-03-21,Long,0.03127918178840017,0.04178340124070257,0.02007471072101774,True,0.005368803487794338,0.04178340124070257,0.001167115706873556,True,0.016573274555176765,0.04178340124070257,-0.000233387523286388,True,-0.046918728159989986,0.04178340124070257,-0.06255836357680045,True,-0.0763305426264369,0.04178340124070257,-0.13118578225647537,True,20,True,True,True,True,False,False,1,8,TARGET_BEFORE_STOP,False,True,False,True,False,,8,STOP_BEFORE_TARGET,2022-03-22,2022-03-24,2022-03-28,2022-04-04,2022-04-19
BAC|2022-03-22T00:00:00|Long,BAC,2022-03-22,Long,-0.024671800476655847,-0.0038479398476296556,-0.026029912130719923,True,-0.010185621544387735,0.0018107291943147974,-0.029198752979098908,True,-0.016749698355708387,0.004753261272568476,-0.030556778288725828,True,-0.09144411244048922,0.004753261272568476,-0.09370754551949212,True,-0.10230874663969036,0.004753261272568476,-0.15753732540507193,True,20,True,False,True,False,True,False,,1,STOP_BEFORE_TARGET,False,True,False,True,False,,4,STOP_BEFORE_TARGET,2022-03-23,2022-03-25,2022-03-29,2022-04-05,2022-04-20
BAC|2022-03-23T00:00:00|Long,BAC,2022-03-23,Long,-0.00046415543496980405,0.007890465337291763,-0.004641465821100477,True,0.010675309418513246,0.027152428981252807,-0.006033843597412658,True,-0.0020886551930653363,0.03016939504425764,-0.007890465337291763,True,-0.07867253139113395,0.03016939504425764,-0.08679511871020917,True,-0.09700627269375262,0.03016939504425764,-0.13622647739842786,True,20,True,True,True,True,False,False,4,6,TARGET_BEFORE_STOP,False,True,False,True,False,,6,STOP_BEFORE_TARGET,2022-03-24,2022-03-28,2022-03-30,2022-04-06,2022-04-21
BAC|2022-03-24T00:00:00|Long,BAC,2022-03-24,Long,0.015323887905470013,0.027629408756461915,0.006036734108955999,True,0.008590641618444916,0.030647775810939804,-0.005572274563966917,True,-0.042953296661931706,0.030647775810939804,-0.04341766763721355,True,-0.08544231091828891,0.030647775810939804,-0.09798006154177541,True,-0.12793123660493888,0.030647775810939804,-0.1358253660453147,True,20,True,True,True,True,False,False,3,5,TARGET_BEFORE_STOP,False,True,False,True,False,,5,STOP_BEFORE_TARGET,2022-03-25,2022-03-29,2022-03-31,2022-04-07,2022-04-22
BAC|2022-03-25T00:00:00|Long,BAC,2022-03-25,Long,-0.00411617441253187,0.00045736240505456216,-0.02058078482969994,True,-0.016693335236175,0.015092610434963571,-0.022410234449918076,True,-0.0647152537384339,0.015092610434963571,-0.07729250179503622,True,-0.09284247463505435,0.015092610434963571,-0.11159389707749523,True,-0.14726729234215874,0.015092610434963571,-0.178367238022195,True,20,True,False,True,False,True,False,,1,STOP_BEFORE_TARGET,False,True,False,True,False,,4,STOP_BEFORE_TARGET,2022-03-28,2022-03-30,2022-04-01,2022-04-08,2022-04-25
BAC|2022-03-28T00:00:00|Long,BAC,2022-03-28,Long,-0.0025258464357894583,0.019288178353699337,-0.010103298149648388,True,-0.05350167754709445,0.019288178353699337,-0.05396093031664795,True,-0.06245688756961387,0.019288178353699337,-0.07784154877237259,True,-0.09092994612736394,0.019288178353699337,-0.10792194822680512,True,-0.16303096667058214,0.019288178353699337,-0.1749712758984444,True,20,True,False,True,False,True,False,,3,STOP_BEFORE_TARGET,False,True,False,True,False,,3,STOP_BEFORE_TARGET,2022-03-29,2022-03-31,2022-04-04,2022-04-11,2022-04-26
BAC|2022-03-29T00:00:00|Long,BAC,2022-03-29,Long,-0.010128882150526874,0.004834321036115474,-0.015883946789186587,True,-0.05847138998914159,0.004834321036115474,-0.07113260244644692,True,-0.07596683566724494,0.004834321036115474,-0.07826882639658184,True,-0.09829651456614619,0.004834321036115474,-0.10566299027840531,True,-0.16551562739433956,0.004834321036115474,-0.17288210310659857,True,20,True,False,True,False,True,False,,2,STOP_BEFORE_TARGET,False,True,False,True,False,,2,STOP_BEFORE_TARGET,2022-03-30,2022-04-01,2022-04-05,2022-04-12,2022-04-27
BAC|2022-03-30T00:00:00|Long,BAC,2022-03-30,Long,-0.04139532044876448,-0.0025581537291060608,-0.04186044737350114,True,-0.05046507369640263,-0.0025581537291060608,-0.06604651517646254,True,-0.07674416830373365,-0.0025581537291060608,-0.08488375641578849,True,-0.09720930942269257,-0.0025581537291060608,-0.10790696254996368,True,-0.1439534564350926,-0.0025581537291060608,-0.16441859755405164,True,20,True,False,True,False,True,False,,1,STOP_BEFORE_TARGET,False,True,False,True,False,,1,STOP_BEFORE_TARGET,2022-03-31,2022-04-04,2022-04-06,2022-04-13,2022-04-28
BAC|2022-03-31T00:00:00|Long,BAC,2022-03-31,Long,-0.0077632141035332,0.012615246054444418,-0.021106325104742196,True,-0.02620091700803362,0.012615246054444418,-0.028626886711083266,True,-0.04439596741534191,0.012615246054444418,-0.05749642591935866,True,-0.08854928233349157,0.012615246054444418,-0.09218832943287802,True,-0.13440079455273835,0.012615246054444418,-0.13779718915493255,True,20,True,False,True,False,True,False,,1,STOP_BEFORE_TARGET,False,True,False,True,False,,4,STOP_BEFORE_TARGET,2022-04-01,2022-04-05,2022-04-07,2022-04-14,2022-04-29
BAC|2022-04-01T00:00:00|Long,BAC,2022-04-01,Long,-0.0017114839171810114,0.005867918210655132,-0.01809294989875665,True,-0.029339870859911077,0.005867918210655132,-0.0378973837146942,True,-0.030073430587901684,0.005867918210655132,-0.05012232213391732,True,-0.05012232213391732,0.005867918210655132,-0.08997555422699222,True,-0.11638146598157562,0.005867918210655132,-0.13447432261145398,True,20,True,False,True,False,True,False,,2,STOP_BEFORE_TARGET,False,True,False,True,False,,3,STOP_BEFORE_TARGET,2022-04-04,2022-04-06,2022-04-08,2022-04-18,2022-05-02
BAC|2022-04-04T00:00:00|Long,BAC,2022-04-04,Long,-0.016899397758083023,-0.001714511544994357,-0.019348539801594677,True,-0.035268243370760954,-0.001714511544994357,-0.048493834634796285,True,-0.03036986585495738,-0.001714511544994357,-0.048493834634796285,True,-0.030859712949415807,-0.001714511544994357,-0.08841539183096114,True,-0.09061965704163377,-0.001714511544994357,-0.13299044971009044,True,20,True,False,True,False,True,False,,2,STOP_BEFORE_TARGET,False,True,False,True,False,,2,STOP_BEFORE_TARGET,2022-04-05,2022-04-07,2022-04-11,2022-04-19,2022-05-03
BAC|2022-04-05T00:00:00|Long,BAC,2022-04-05,Long,-0.010961600234165814,-0.003238691332635102,-0.019681139201289444,True,-0.011709049024657747,-0.0009965350307817866,-0.03213754198162788,True,-0.024165451804996185,0.006477382665270204,-0.03213754198162788,True,-0.0119581352649476,0.006477382665270204,-0.07274534662046706,True,-0.03786747585640615,0.006477382665270204,-0.11808664513811407,True,20,True,False,True,False,True,False,,2,STOP_BEFORE_TARGET,False,True,False,True,False,,2,STOP_BEFORE_TARGET,2022-04-06,2022-04-08,2022-04-12,2022-04-20,2022-05-04
BAC|2022-04-06T00:00:00|Long,BAC,2022-04-06,Long,-0.007808598673388567,0.007052865841711942,-0.021410636586482124,True,-0.0027707961772698297,0.01763226069237045,-0.021410636586482124,True,-0.022166273330068265,0.01763226069237045,-0.03375315180947802,True,-0.019899267011219357,0.01763226069237045,-0.062468501122837417,True,-0.05440805556428352,0.01763226069237045,-0.10831232127014623,True,20,True,False,True,False,True,False,,1,STOP_BEFORE_TARGET,False,True,False,True,False,,5,STOP_BEFORE_TARGET,2022-04-07,2022-04-11,2022-04-13,2022-04-21,2022-05-05
BAC|2022-04-07T00:00:00|Long,BAC,2022-04-07,Long,0.007108372267973673,0.018024856447681037,-0.0017770930669933627,True,-0.005585204978727165,0.025641080271148642,-0.013709086669071002,True,-0.04620461343044624,0.025641080271148642,-0.05001272534218004,True,-0.0464584423638843,0.025641080271148642,-0.055090078765413275,True,-0.04925104485324794,0.025641080271148642,-0.10129469219585951,True,20,True,False,True,False,True,False,,4,STOP_BEFORE_TARGET,False,True,False,True,False,,5,STOP_BEFORE_TARGET,2022-04-08,2022-04-12,2022-04-14,2022-04-22,2022-05-06
BAC|2022-04-08T00:00:00|Long,BAC,2022-04-08,Long,-0.0020165873468591666,0.01840190044437806,-0.007058199955150668,True,-0.02142673338428569,0.01840190044437806,-0.033022375070822396,True,-0.020670525149308783,0.01840190044437806,-0.06175944192909255,True,-0.05999489194030494,0.01840190044437806,-0.09427774228377195,True,-0.0831862714741406,0.01840190044437806,-0.10763793395909627,True,20,True,False,True,False,True,False,,2,STOP_BEFORE_TARGET,False,True,False,True,False,,3,STOP_BEFORE_TARGET,2022-04-11,2022-04-13,2022-04-18,2022-04-25,2022-05-09
BAC|2022-04-11T00:00:00|Long,BAC,2022-04-11,Long,-0.010608789644450778,0.012376905192680754,-0.01869163110923666,True,-0.05102299696838042,0.012376905192680754,-0.05481187106034224,True,-0.0005051896359329344,0.012376905192680754,-0.05986357470953041,True,-0.07931294209513118,0.01970191402603194,-0.09244758356417604,True,-0.0967416472920708,0.01970191402603194,-0.11139176131384376,True,20,True,False,True,False,True,False,,2,STOP_BEFORE_TARGET,False,True,False,True,False,,2,STOP_BEFORE_TARGET,2022-04-12,2022-04-14,2022-04-19,2022-04-26,2022-05-10
BAC|2022-04-12T00:00:00|Long,BAC,2022-04-12,Long,-0.00893537121476251,-0.004084755039354571,-0.020679029779376634,True,-0.008169510078709141,0.0035742458741472305,-0.04978292160830844,True,0.01250961708890963,0.03063571148928057,-0.04978292160830844,True,-0.07454680381528178,0.03063571148928057,-0.08271631389399092,True,-0.09190703707959935,0.03063571148928057,-0.10186362140126093,True,20,True,True,True,False,True,False,5,1,STOP_BEFORE_TARGET,False,True,False,True,False,,2,STOP_BEFORE_TARGET,2022-04-13,2022-04-18,2022-04-20,2022-04-27,2022-05-11
BAC|2022-04-13T00:00:00|Long,BAC,2022-04-13,Long,-0.032199897213462836,0.0038640269721306186,-0.036063924185593565,True,0.019319938328077768,0.027305548212880115,-0.041215829126717285,True,0.002318396530020861,0.03992785289143641,-0.041215829126717285,True,-0.0517773914820816,0.03992785289143641,-0.07444614663492011,True,-0.09659969164038862,0.03992785289143641,-0.11746526041057626,True,20,True,True,True,False,True,False,4,1,STOP_BEFORE_TARGET,False,True,False,True,False,,1,STOP_BEFORE_TARGET,2022-04-14,2022-04-19,2022-04-21,2022-04-28,2022-05-12
BAC|2022-04-14T00:00:00|Long,BAC,2022-04-14,Long,0.03406970427719247,0.04631359309557048,-0.009315903033379924,True,0.055629496128950295,0.07452752887422265,-0.009315903033379924,True,-0.0002661251427845679,0.07452752887422265,-0.009315903033379924,True,-0.050306079451707064,0.07452752887422265,-0.05403244066505897,True,-0.0638807970554639,0.07452752887422265,-0.08810224647797948,True,20,True,True,True,True,False,False,1,6,TARGET_BEFORE_STOP,True,True,True,False,False,2,6,TARGET_BEFORE_STOP,2022-04-18,2022-04-20,2022-04-22,2022-04-29,2022-05-13
BAC|2022-04-18T00:00:00|Long,BAC,2022-04-18,Long,0.01853285068164756,0.026512294323003616,0.006692461941888217,True,0.0015444369536072866,0.039124852444361924,-0.005920194369879783,True,-0.04015437888969031,0.039124852444361924,-0.07516083098150939,True,-0.0697554489294987,0.039124852444361924,-0.08880301373860577,True,-0.10398963344930934,0.039124852444361924,-0.1181467267146844,True,20,True,True,True,True,False,False,2,4,TARGET_BEFORE_STOP,False,True,False,True,False,,4,STOP_BEFORE_TARGET,2022-04-19,2022-04-21,2022-04-25,2022-05-02,2022-05-16
BAC|2022-04-19T00:00:00|Long,BAC,2022-04-19,Long,0.0022744542148596114,0.020217317241101318,0.0010108899629983625,True,-0.05079601559350311,0.020217317241101318,-0.05231235053800054,True,-0.07884758544218196,0.020217317241101318,-0.09198886574984111,True,-0.06166284168630254,0.020217317241101318,-0.10538282034636337,True,-0.09047253080534368,0.020217317241101318,-0.13419260586917736,True,20,True,False,True,False,True,False,,2,STOP_BEFORE_TARGET,False,True,False,True,False,,3,STOP_BEFORE_TARGET,2022-04-20,2022-04-22,2022-04-26,2022-05-03,2022-05-17
BAC|2022-04-20T00:00:00|Long,BAC,2022-04-20,Long,-0.01891074137381621,0.013867857770464287,-0.026222917789426203,True,-0.059757915809457884,0.013867857770464287,-0.09404940889024527,True,-0.08598083359888409,0.013867857770464287,-0.09404940889024527,True,-0.026222917789426203,0.013867857770464287,-0.107412968681874,True,-0.1205244275765871,0.013867857770464287,-0.13615737636547842,True,20,True,False,True,False,True,False,,1,STOP_BEFORE_TARGET,False,True,False,True,False,,2,STOP_BEFORE_TARGET,2022-04-21,2022-04-25,2022-04-27,2022-05-04,2022-05-18
BAC|2022-04-21T00:00:00|Long,BAC,2022-04-21,Long,-0.03469541196132597,-0.001542055346345772,-0.036237467307671745,True,-0.06322279861525804,-0.001542055346345772,-0.07658698416660437,True,-0.05397066261517258,-0.001542055346345772,-0.07658698416660437,True,-0.035209430410107934,-0.001542055346345772,-0.09020812992284433,True,-0.11462346702551551,-0.001542055346345772,-0.1197635534743402,True,20,True,False,True,False,True,False,,1,STOP_BEFORE_TARGET,False,True,False,True,False,,1,STOP_BEFORE_TARGET,2022-04-22,2022-04-26,2022-04-28,2022-05-05,2022-05-19
BAC|2022-04-22T00:00:00|Long,BAC,2022-04-22,Long,-0.0071885103272565365,-0.004259846686956892,-0.04339725794776805,True,-0.03487756457385438,-0.0005324935312140955,-0.04339725794776805,True,-0.050053274743810494,-0.0005324935312140955,-0.05378062789955318,True,-0.0029286636402996447,0.031682603386569586,-0.057507981055295976,True,-0.09850906889397859,0.031682603386569586,-0.12247076998483364,True,20,True,True,True,False,True,False,8,1,STOP_BEFORE_TARGET,False,True,False,True,False,,1,STOP_BEFORE_TARGET,2022-04-25,2022-04-27,2022-04-29,2022-05-06,2022-05-20
BAC|2022-04-25T00:00:00|Long,BAC,2022-04-25,Long,-0.02252614995882496,0.006704210079434558,-0.023330724731083774,True,-0.012872071076738933,0.006704210079434558,-0.03030305820251955,True,-0.030839407284649623,0.006704210079434558,-0.050683811832824444,True,-0.024671546287345247,0.039152562312346983,-0.050683811832824444,True,-0.03807996644621425,0.039152562312346983,-0.11611696767890667,True,20,True,True,True,False,True,False,7,1,STOP_BEFORE_TARGET,False,True,False,True,False,,2,STOP_BEFORE_TARGET,2022-04-26,2022-04-28,2022-05-02,2022-05-09,2022-05-23
BAC|2022-04-26T00:00:00|Long,BAC,2022-04-26,Long,-0.005486989266206055,0.012620002053343127,-0.007681826834934791,True,-0.021124840648743426,0.018655700711731393,-0.024965701738403068,True,0.018655700711731393,0.032373121549438943,-0.0288065628280626,True,-0.018930107735630308,0.06310011492233136,-0.034842261486450865,True,-0.021947852409208934,0.06310011492233136,-0.09574764349566922,True,20,True,True,True,False,True,False,5,3,STOP_BEFORE_TARGET,True,True,True,False,False,6,10,TARGET_BEFORE_STOP,2022-04-27,2022-04-29,2022-05-03,2022-05-10,2022-05-24
BAC|2022-04-27T00:00:00|Long,BAC,2022-04-27,Long,0.015448313745959119,0.01931036587419177,-0.0024827628300108096,True,-0.0030344995959051824,0.02427589153421339,-0.02344823376885774,True,0.06537928087957967,0.06896551724137923,-0.02344823376885774,True,-0.018758629108297398,0.06896551724137923,-0.029517232960668105,True,-0.01131034061826508,0.06896551724137923,-0.09075864594558192,True,20,True,True,True,False,True,False,4,3,STOP_BEFORE_TARGET,True,True,True,False,False,5,11,TARGET_BEFORE_STOP,2022-04-28,2022-05-02,2022-05-04,2022-05-11,2022-05-25
BAC|2022-04-28T00:00:00|Long,BAC,2022-04-28,Long,-0.030698207714144554,0.008693281251991758,-0.0345015053078801,True,0.008693281251991758,0.02227654616223962,-0.03830480290161553,True,0.019831554333111567,0.05270303054421044,-0.03830480290161553,True,-0.04726980748578091,0.05270303054421044,-0.06927473394793382,True,-0.003803401225822456,0.05270303054421044,-0.10459120198816085,True,20,True,True,True,False,True,False,4,1,STOP_BEFORE_TARGET,True,True,False,True,False,4,1,STOP_BEFORE_TARGET,2022-04-29,2022-05-03,2022-05-05,2022-05-12,2022-05-26
BAC|2022-04-29T00:00:00|Long,BAC,2022-04-29,Long,0.012892350911945627,0.016816100588262994,-0.007847499352634735,True,0.08239906394514529,0.08604259160779448,-0.007847499352634735,True,0.04960763572378424,0.08604259160779448,-0.007847499352634735,True,-0.01429378172276774,0.08604259160779448,-0.03979826153299082,True,0.03755605776700377,0.08604259160779448,-0.07623321741700095,True,20,True,True,True,True,False,False,2,9,TARGET_BEFORE_STOP,True,True,True,False,False,2,9,TARGET_BEFORE_STOP,2022-05-02,2022-05-04,2022-05-06,2022-05-13,2022-05-27
BAC|2022-05-02T00:00:00|Long,BAC,2022-05-02,Long,0.02739351674561341,0.041228602756799626,0.005257400238381615,True,0.03873828305265303,0.07221916586692423,0.005257400238381615,True,0.006364126898745992,0.07221916586692423,-0.0022135588740583856,True,-0.0368012739020237,0.07221916586692423,-0.05201995295699213,True,0.02933042034291322,0.07221916586692423,-0.08799115547541003,True,20,True,True,True,True,False,False,1,6,TARGET_BEFORE_STOP,True,True,True,False,False,2,8,TARGET_BEFORE_STOP,2022-05-03,2022-05-05,2022-05-09,2022-05-16,2022-05-31
BAC|2022-05-03T00:00:00|Long,BAC,2022-05-03,Long,0.04012921683024251,0.043630457454414406,0.0040397981919384485,True,0.008618359429539924,0.043630457454414406,-0.014004859757739463,True,-0.036897460467850585,0.043630457454414406,-0.052518198406786065,True,-0.03070291831010452,0.043630457454414406,-0.07729605882092472,True,-0.012388981576543556,0.043630457454414406,-0.1123081568457992,True,20,True,True,True,True,False,False,1,4,TARGET_BEFORE_STOP,False,True,False,True,False,,5,STOP_BEFORE_TARGET,2022-05-04,2022-05-06,2022-05-10,2022-05-17,2022-06-01
BAC|2022-05-04T00:00:00|Long,BAC,2022-05-04,Long,-0.027964734495778854,-0.010616257347268121,-0.04531331041946751,True,-0.05825997053931542,-0.010616257347268121,-0.06628683659750723,True,-0.07897460697603642,-0.010616257347268121,-0.0890729860654893,True,-0.0968409623823625,-0.010616257347268121,-0.11289489204910197,True,-0.04971512744813045,-0.010616257347268121,-0.14655618860567077,True,20,True,False,True,False,True,False,,1,STOP_BEFORE_TARGET,False,True,False,True,False,,1,STOP_BEFORE_TARGET,2022-05-05,2022-05-09,2022-05-11,2022-05-18,2022-06-02
BAC|2022-05-05T00:00:00|Long,BAC,2022-05-05,Long,-0.0023974467339628047,0.002131007309707611,-0.024773582378659786,True,-0.04741615744761196,0.002131007309707611,-0.06286629069780914,True,-0.06579651466341552,0.002131007309707611,-0.08737353526908043,True,-0.08231220237689985,0.002131007309707611,-0.08763987307646892,True,-0.03596170100944163,0.002131007309707611,-0.12200324239097982,True,20,True,False,True,False,True,False,,1,STOP_BEFORE_TARGET,False,True,False,True,False,,2,STOP_BEFORE_TARGET,2022-05-06,2022-05-10,2022-05-12,2022-05-19,2022-06-03
BAC|2022-05-06T00:00:00|Long,BAC,2022-05-06,Long,-0.02883849957416973,-0.010413868670314685,-0.03711613781925427,True,-0.05020029452110675,-0.008544717978774763,-0.060614163191421544,True,-0.06088124292511188,-0.008544717978774763,-0.08518030377620389,True,-0.09586115031913589,-0.008544717978774763,-0.1198932332976107,True,-0.03471292952140681,0.002136128564157236,-0.1198932332976107,True,20,True,False,True,False,True,False,,1,STOP_BEFORE_TARGET,False,True,False,True,False,,1,STOP_BEFORE_TARGET,2022-05-09,2022-05-11,2022-05-13,2022-05-20,2022-06-06
BAC|2022-05-09T00:00:00|Long,BAC,2022-05-09,Long,-0.016772082162938684,0.02089640248969582,-0.03271923732903215,True,-0.035743724917211006,0.02089640248969582,-0.05801486588721816,True,-0.042892427946324085,0.02089640248969582,-0.05801486588721816,True,-0.013747594574759825,0.02089640248969582,-0.09375859080442916,True,-0.0005499163692891385,0.03189441521800984,-0.09375859080442916,True,20,True,True,True,False,True,False,15,1,STOP_BEFORE_TARGET,False,True,False,True,False,,1,STOP_BEFORE_TARGET,2022-05-10,2022-05-12,2022-05-16,2022-05-23,2022-06-07
BAC|2022-05-10T00:00:00|Long,BAC,2022-05-10,Long,-0.005313160951536555,0.032438476002768946,-0.0069910517822776574,True,-0.016498886473174657,0.032438476002768946,-0.041946310693665834,True,0.0064318615136818025,0.032438476002768946,-0.041946310693665834,True,-0.0030759731772151966,0.032438476002768946,-0.07829975862651262,True,0.0036353767957799654,0.04949665941952386,-0.07829975862651262,True,20,True,True,True,True,False,False,1,2,TARGET_BEFORE_STOP,False,True,False,True,False,,2,STOP_BEFORE_TARGET,2022-05-11,2022-05-13,2022-05-17,2022-05-24,2022-06-08
BAC|2022-05-11T00:00:00|Long,BAC,2022-05-11,Long,-0.014056789549895754,-0.003935883914803928,-0.0368288272288525,True,-0.021366272928132424,0.004498168366174893,-0.0368288272288525,True,-0.019398330970730515,0.018273869312781743,-0.0368288272288525,True,0.007590679226318953,0.019679526818812798,-0.07337645860962272,True,-0.029800432453904624,0.055102589296840865,-0.07337645860962272,True,20,True,True,True,False,True,False,11,1,STOP_BEFORE_TARGET,True,True,False,True,False,13,1,STOP_BEFORE_TARGET,2022-05-12,2022-05-16,2022-05-18,2022-05-25,2022-06-09
BAC|2022-05-12T00:00:00|Long,BAC,2022-05-12,Long,0.0028513964924798962,0.018819499662257266,-0.008839503164773777,True,0.026233304580791206,0.03279160353253796,-0.018819499662257377,True,-0.01767889755574381,0.03279160353253796,-0.023381799314507457,True,0.04562299652250146,0.050470501088281994,-0.06016540144603899,True,-0.05417740354754885,0.07014539794352248,-0.06016540144603899,True,20,True,True,True,True,False,False,3,5,TARGET_BEFORE_STOP,True,True,False,True,False,10,6,STOP_BEFORE_TARGET,2022-05-13,2022-05-17,2022-05-19,2022-05-26,2022-06-10
BAC|2022-05-13T00:00:00|Long,BAC,2022-05-13,Long,-0.010235906010713669,0.0,-0.02160927953087788,True,-0.008245581914364197,0.029855078374299016,-0.02160927953087788,True,-0.03724758677270734,0.029855078374299016,-0.06283762296081263,True,0.052601716950098965,0.053454682001526255,-0.06283762296081263,True,-0.08956490972931164,0.06710266514700636,-0.09752626034697365,True,20,True,True,True,False,True,False,6,1,STOP_BEFORE_TARGET,True,True,False,True,False,10,5,STOP_BEFORE_TARGET,2022-05-16,2022-05-18,2022-05-20,2022-05-27,2022-06-13
BAC|2022-05-16T00:00:00|Long,BAC,2022-05-16,Long,0.033898312514321516,0.04050559585711411,0.017810942471277125,True,-0.010341872914368277,0.04050559585711411,-0.01608737004304439,True,0.03045094848537011,0.041654607613854866,-0.05314571145744995,True,0.06865841124275951,0.07813838835676856,-0.05314571145744995,True,-0.09623677554315602,0.07813838835676856,-0.1028440588859485,True,20,True,True,True,True,False,False,1,4,TARGET_BEFORE_STOP,True,True,False,True,False,8,4,STOP_BEFORE_TARGET,2022-05-17,2022-05-19,2022-05-23,2022-05-31,2022-06-14
BAC|2022-05-17T00:00:00|Long,BAC,2022-05-17,Long,-0.030841916048469864,-0.008335733197181505,-0.03862192663295583,True,-0.059183133336435434,-0.008335733197181505,-0.08419012094147871,True,-0.009447072429321857,0.007501990288262483,-0.08419012094147871,True,0.018894038865393092,0.042789581245045394,-0.08419012094147871,True,-0.10947491685624444,0.042789581245045394,-0.13225901401050588,True,20,True,True,True,False,True,False,9,1,STOP_BEFORE_TARGET,False,True,False,True,False,,1,STOP_BEFORE_TARGET,2022-05-18,2022-05-20,2022-05-24,2022-06-01,2022-06-15
BAC|2022-05-18T00:00:00|Long,BAC,2022-05-18,Long,-0.01232799002316709,-0.0011468152036242518,-0.018061956674970903,True,0.02838296540863694,0.03956414022817967,-0.05504592674447206,True,0.027522908689077363,0.03985089871224434,-0.05504592674447206,True,0.052178888735411544,0.07597470269586881,-0.05504592674447206,True,-0.08686928308082287,0.07597470269586881,-0.11525230317261848,True,20,True,True,True,False,True,False,3,2,STOP_BEFORE_TARGET,True,True,False,True,False,6,2,STOP_BEFORE_TARGET,2022-05-19,2022-05-23,2022-05-25,2022-06-02,2022-06-16
BAC|2022-05-19T00:00:00|Long,BAC,2022-05-19,Long,-0.017126274006431963,0.015384579609851068,-0.04325113629807831,True,0.034833112811724076,0.05253984088560326,-0.04325113629807831,True,0.06444114243370591,0.06937588785831172,-0.04325113629807831,True,0.050507919455298866,0.08940487512763173,-0.04325113629807831,True,-0.07343978608462698,0.08940487512763173,-0.1042090006700358,True,20,True,True,True,False,True,False,2,1,STOP_BEFORE_TARGET,True,True,False,True,False,2,1,STOP_BEFORE_TARGET,2022-05-20,2022-05-24,2022-05-26,2022-06-03,2022-06-17
BAC|2022-05-20T00:00:00|Long,BAC,2022-05-20,Long,0.059362028508608944,0.0708800256326021,0.023626675210867365,True,0.05847606339472455,0.07117542244447961,0.023626675210867365,True,0.09332545157858174,0.09421141669246591,0.023626675210867365,True,0.06763144932806808,0.10838742181898642,0.023626675210867365,True,-0.02982876899068021,0.10838742181898642,-0.0886001165364082,True,20,True,True,True,True,False,False,1,14,TARGET_BEFORE_STOP,True,True,True,False,False,1,15,TARGET_BEFORE_STOP,2022-05-23,2022-05-25,2022-05-27,2022-06-06,2022-06-21
BAC|2022-05-23T00:00:00|Long,BAC,2022-05-23,Long,-0.006133186856894568,0.0025090648248637937,-0.025369385963466273,True,0.02230273936109395,0.02704213129599209,-0.025369385963466273,True,0.03707839059544682,0.046278224054713935,-0.025369385963466273,True,0.013381643616656502,0.046278224054713935,-0.025369385963466273,True,-0.09116254683958114,0.046278224054713935,-0.13967099165647945,True,20,True,True,True,False,True,False,4,1,STOP_BEFORE_TARGET,False,True,False,True,False,,12,STOP_BEFORE_TARGET,2022-05-24,2022-05-26,2022-05-31,2022-06-07,2022-06-22
BAC|2022-05-24T00:00:00|Long,BAC,2022-05-24,Long,0.005329554518281432,0.01739127364229409,-0.010098193406534173,True,0.038429140904531645,0.03927062135370063,-0.010098193406534173,True,0.028611405313011762,0.0527348435610373,-0.010098193406534173,True,0.006732057601605224,0.0527348435610373,-0.010098193406534173,True,-0.10014023960791973,0.0527348435610373,-0.13436187126247967,True,20,True,True,True,True,False,False,2,11,TARGET_BEFORE_STOP,True,True,True,False,False,4,11,TARGET_BEFORE_STOP,2022-05-25,2022-05-27,2022-06-01,2022-06-08,2022-06-23
BAC|2022-05-25T00:00:00|Long,BAC,2022-05-25,Long,0.02315842669709056,0.02790178559549461,0.013950892797747194,True,0.037946445439771104,0.04715397933911425,0.013950892797747194,True,0.023995552642023688,0.04715397933911425,0.00641739791453988,True,-0.03710942593170308,0.04715397933911425,-0.037388396955437386,True,-0.09849326909229894,0.04715397933911425,-0.1389508794931391,True,20,True,True,True,True,False,False,2,10,TARGET_BEFORE_STOP,False,True,False,True,False,,10,STOP_BEFORE_TARGET,2022-05-26,2022-05-31,2022-06-02,2022-06-09,2022-06-24
BAC|2022-05-26T00:00:00|Long,BAC,2022-05-26,Long,0.00954464974898106,0.0103627239457309,-0.0024542225902493,True,0.0,0.023452431232458215,-0.013635124760476125,True,-0.013089707286727537,0.023452431232458215,-0.016362108101472872,True,-0.09544587332333276,0.023452431232458215,-0.09953634833482783,True,-0.11780746960829391,0.023452431232458215,-0.15844008313897484,True,20,True,False,True,False,True,False,,7,STOP_BEFORE_TARGET,False,True,False,True,False,,8,STOP_BEFORE_TARGET,2022-05-27,2022-06-01,2022-06-03,2022-06-10,2022-06-27
BAC|2022-05-27T00:00:00|Long,BAC,2022-05-27,Long,0.00486224481226416,0.013776291605265278,-0.011075090284774047,True,-0.008643967878641967,0.013776291605265278,-0.02566182472156675,True,-0.02350078122979371,0.013776291605265278,-0.02566182472156675,True,-0.13506212690906172,0.013776291605265278,-0.1426256245639297,True,-0.1285792025221929,0.013776291605265278,-0.166396536230195,True,20,True,False,True,False,True,False,,2,STOP_BEFORE_TARGET,False,True,False,True,False,,6,STOP_BEFORE_TARGET,2022-05-31,2022-06-02,2022-06-06,2022-06-13,2022-06-28
BAC|2022-05-31T00:00:00|Long,BAC,2022-05-31,Long,-0.014247381266780934,0.007258076672747249,-0.027688241206174413,True,-0.027150594503123848,0.007258076672747249,-0.0303763721758038,True,-0.022849523424342877,0.007258076672747249,-0.03924728641207942,True,-0.1543011172243115,0.007258076672747249,-0.16048390049095773,True,-0.1435483882545474,0.007258076672747249,-0.17043010813333437,True,20,True,False,True,False,True,False,,1,STOP_BEFORE_TARGET,False,True,False,True,False,,2,STOP_BEFORE_TARGET,2022-06-01,2022-06-03,2022-06-07,2022-06-14,2022-06-29
BAC|2022-06-01T00:00:00|Long,BAC,2022-06-01,Long,0.0008181782244960356,0.0010908349474971768,-0.016362108101472872,True,-0.014180438206478407,0.014725959707973413,-0.016362108101472872,True,-0.021270761337463973,0.014725959707973413,-0.031360724532447315,True,-0.12598852365903035,0.014725959707973413,-0.1483501199439915,True,-0.15107715529886134,0.014725959707973413,-0.16443957132246312,True,20,True,False,True,False,True,False,,4,STOP_BEFORE_TARGET,False,True,False,True,False,,5,STOP_BEFORE_TARGET,2022-06-02,2022-06-06,2022-06-08,2022-06-15,2022-06-30
BAC|2022-06-02T00:00:00|Long,BAC,2022-06-02,Long,-0.013896515684693966,-0.0005449715898607765,-0.01553132651157374,True,-0.0095368469085102,0.0138964117419913,-0.026158012657102936,True,-0.0596730898059753,0.0138964117419913,-0.05994552362955441,True,-0.13215259620286912,0.0138964117419913,-0.15912806624476328,True,-0.14005452834179688,0.0138964117419913,-0.16539513558545982,True,20,True,False,True,False,True,False,,3,STOP_BEFORE_TARGET,False,True,False,True,False,,4,STOP_BEFORE_TARGET,2022-06-03,2022-06-07,2022-06-09,2022-06-16,2022-07-01
BAC|2022-06-03T00:00:00|Long,BAC,2022-06-03,Long,-0.001105197633264332,0.028184595094482567,-0.002486879137969078,True,-0.008289561990730276,0.028184595094482567,-0.018513351599047545,True,-0.08344848224268364,0.028184595094482567,-0.08759321053429903,True,-0.11798835900655957,0.028184595094482567,-0.14727820443805628,True,-0.13677808906954803,0.028184595094482567,-0.1586072970871375,True,20,True,False,True,False,True,False,,4,STOP_BEFORE_TARGET,False,True,False,True,False,,4,STOP_BEFORE_TARGET,2022-06-06,2022-06-08,2022-06-10,2022-06-17,2022-07-05
BAC|2022-06-06T00:00:00|Long,BAC,2022-06-06,Long,0.0055324188049898915,0.007192207760961633,-0.011341627388828712,True,-0.04536661507943962,0.007192207760961633,-0.04564319381003923,True,-0.11424622112833571,0.007192207760961633,-0.12199174463668361,True,-0.09128638762007857,0.007192207760961633,-0.1463347356082505,True,-0.14301526322043168,0.007192207760961633,-0.15767636299707932,True,20,True,False,True,False,True,False,,3,STOP_BEFORE_TARGET,False,True,False,True,False,,3,STOP_BEFORE_TARGET,2022-06-07,2022-06-09,2022-06-13,2022-06-21,2022-07-06
BAC|2022-06-07T00:00:00|Long,BAC,2022-06-07,Long,-0.012654720874339165,-0.0066024174372495414,-0.02283350897382641,True,-0.0874828181200541,-0.0066024174372495414,-0.09160930278245183,True,-0.13452543589870603,-0.0066024174372495414,-0.14085279633587555,True,-0.10316369071293807,-0.0066024174372495414,-0.1510315844353629,True,-0.12352126691191267,-0.0066024174372495414,-0.16231081042223616,True,20,True,False,True,False,True,False,,1,STOP_BEFORE_TARGET,False,True,False,True,False,,2,STOP_BEFORE_TARGET,2022-06-08,2022-06-10,2022-06-14,2022-06-22,2022-07-07
BAC|2022-06-08T00:00:00|Long,BAC,2022-06-08,Long,-0.03845085237068191,-0.0013931244890176275,-0.03872943475305124,True,-0.10782945103646246,-0.0013931244890176275,-0.1156310863501222,True,-0.10699359760076899,-0.0013931244890176275,-0.12984117934413142,True,-0.10615763787649013,-0.0013931244890176275,-0.14015042810916434,True,-0.11423790871681194,-0.0013931244890176275,-0.15157421898084555,True,20,True,False,True,False,True,False,,1,STOP_BEFORE_TARGET,False,True,False,True,False,,1,STOP_BEFORE_TARGET,2022-06-09,2022-06-13,2022-06-15,2022-06-23,2022-07-08
BAC|2022-06-09T00:00:00|Long,BAC,2022-06-09,Long,-0.03882933114348397,-0.013619166295716578,-0.04317583124424018,True,-0.08838016184884712,-0.013619166295716578,-0.09504488376779363,True,-0.07707905156297035,-0.013619166295716578,-0.1057663833296727,True,-0.06374955245562719,-0.013619166295716578,-0.1057663833296727,True,-0.08838016184884712,-0.013619166295716578,-0.1176469938006468,True,20,True,False,True,False,True,False,,1,STOP_BEFORE_TARGET,False,True,False,True,False,,1,STOP_BEFORE_TARGET,2022-06-10,2022-06-14,2022-06-16,2022-06-24,2022-07-11
BAC|2022-06-10T00:00:00|Long,BAC,2022-06-10,Long,-0.03466981533506086,-0.012059021201759612,-0.043111199178960224,True,-0.0337654203711516,-0.012059021201759612,-0.058486546089871805,True,-0.03768459938661228,-0.012059021201759612,-0.06964117232772216,True,-0.024721125718720316,0.00361780986452942,-0.06964117232772216,True,-0.05456730957218803,0.009948804620786733,-0.08200173518708231,True,20,True,False,True,False,True,False,,1,STOP_BEFORE_TARGET,False,True,False,True,False,,1,STOP_BEFORE_TARGET,2022-06-13,2022-06-15,2022-06-17,2022-06-27,2022-07-12
BAC|2022-06-13T00:00:00|Long,BAC,2022-06-13,Long,-0.017489111970179105,0.018113616741588512,-0.02467210818967358,True,-0.0053091840681946945,0.018113616741588512,-0.03622735261800569,True,0.025921236867321173,0.039662724534900606,-0.03622735261800569,True,0.007495248605199123,0.04622109684815712,-0.03622735261800569,True,-0.03685197652424377,0.04622109684815712,-0.05059340462440898,True,20,True,True,True,False,True,False,5,1,STOP_BEFORE_TARGET,False,True,False,True,False,,3,STOP_BEFORE_TARGET,2022-06-14,2022-06-16,2022-06-21,2022-06-28,2022-07-13
BAC|2022-06-14T00:00:00|Long,BAC,2022-06-14,Long,0.018753978695412288,0.03274007069194429,-0.0012714243274868364,True,0.014621773846405617,0.035600851213464235,-0.019071789306479237,True,0.03623647243559813,0.05816916351907642,-0.019071789306479237,True,0.012714607041305781,0.06484427765079626,-0.019071789306479237,True,-0.04227590471744447,0.06484427765079626,-0.05689761793611048,True,20,True,True,True,True,False,False,1,11,TARGET_BEFORE_STOP,True,True,True,False,False,4,13,TARGET_BEFORE_STOP,2022-06-15,2022-06-17,2022-06-22,2022-06-29,2022-07-14
BAC|2022-06-15T00:00:00|Long,BAC,2022-06-15,Long,-0.006240214051535853,-0.0015600386349691187,-0.03712944321486744,True,0.024960975229462168,0.03868960087315498,-0.03712944321486744,True,0.0009361183996363653,0.03868960087315498,-0.03712944321486744,True,-0.02870515126971096,0.04524183455401665,-0.04399375603671396,True,0.006240273563195231,0.04524183455401665,-0.07425894594139415,True,20,True,True,True,False,True,False,3,1,STOP_BEFORE_TARGET,False,True,False,True,False,,1,STOP_BEFORE_TARGET,2022-06-16,2022-06-21,2022-06-23,2022-06-30,2022-07-15
BAC|2022-06-16T00:00:00|Long,BAC,2022-06-16,Long,0.0021977925898220008,0.022919982444008946,-0.006593437654822343,True,0.023547820523346585,0.04521194715261001,-0.006593437654822343,True,0.014442731124389985,0.04521194715261001,-0.01946627415408486,True,-0.009105209169669726,0.05180532492207557,-0.03830459045811874,True,0.012872776613905845,0.05180532492207557,-0.06844584863628767,True,20,True,True,True,True,False,False,2,9,TARGET_BEFORE_STOP,True,True,True,False,False,7,9,TARGET_BEFORE_STOP,2022-06-17,2022-06-22,2022-06-24,2022-07-01,2022-07-18
BAC|2022-06-17T00:00:00|Long,BAC,2022-06-17,Long,0.029135288082841493,0.04291982568793462,0.021929788656569915,True,0.005012586290047416,0.04291982568793462,-0.020676686899580354,True,0.013471127719278941,0.04291982568793462,-0.02161655803284479,True,-0.02130326765508994,0.04949874435869672,-0.04605260995742344,True,0.044799448446404266,0.05325810938369524,-0.07048872163603193,True,20,True,True,True,True,False,False,1,3,TARGET_BEFORE_STOP,True,True,False,True,False,20,8,STOP_BEFORE_TARGET,2022-06-21,2022-06-23,2022-06-27,2022-07-05,2022-07-19
BAC|2022-06-21T00:00:00|Long,BAC,2022-06-21,Long,-0.007610350429603452,0.0027397307996466225,-0.016133905750845057,True,-0.01643826867314724,0.0027397307996466225,-0.049315038268905376,True,-0.017960431658853415,0.019786957566861663,-0.049315038268905376,True,-0.05692538869850883,0.019786957566861663,-0.073059294449354,True,0.015525179906240805,0.02343989325814655,-0.09680360869216842,True,20,True,False,True,False,True,False,,2,STOP_BEFORE_TARGET,False,True,False,True,False,,2,STOP_BEFORE_TARGET,2022-06-22,2022-06-24,2022-06-28,2022-07-06,2022-07-20
BAC|2022-06-22T00:00:00|Long,BAC,2022-06-22,Long,-0.015950818018571233,-0.005828179006198808,-0.04110424257544032,True,-0.007668712015384216,0.0052147850183958955,-0.04202450908003308,True,-0.02269932203699232,0.027607410061486926,-0.04202450908003308,True,-0.02269932203699232,0.027607410061486926,-0.06595085312314897,True,0.03220868407682098,0.03282207806462378,-0.08987725567389437,True,20,True,True,True,False,True,False,18,1,STOP_BEFORE_TARGET,False,True,False,True,False,,1,STOP_BEFORE_TARGET,2022-06-23,2022-06-27,2022-06-29,2022-07-07,2022-07-21
BAC|2022-06-23T00:00:00|Long,BAC,2022-06-23,Long,0.007169561381186629,0.02150868414356011,-0.026496329186475376,True,0.005610862849274367,0.04426427954784895,-0.026496329186475376,True,-0.0296135478822962,0.04426427954784895,-0.04488785409021612,True,-0.009039928272279951,0.04426427954784895,-0.05081050421067401,True,0.04208224429757501,0.05797994667985806,-0.075124738690874,True,20,True,True,True,False,True,False,3,1,STOP_BEFORE_TARGET,True,True,False,True,False,20,5,STOP_BEFORE_TARGET,2022-06-24,2022-06-28,2022-06-30,2022-07-08,2022-07-22
BAC|2022-06-24T00:00:00|Long,BAC,2022-06-24,Long,0.0012379170266190176,0.008975459254229712,-0.012380114790387031,True,-0.01392759962280421,0.03683065849983813,-0.020117657017997836,True,-0.02321268571559454,0.03683065849983813,-0.051996352247548505,True,-0.026307714413191352,0.03683065849983813,-0.05756733306390782,True,0.043949183181377194,0.05168672540898789,-0.08170848606584769,True,20,True,True,True,True,False,False,2,3,TARGET_BEFORE_STOP,True,True,False,True,False,19,4,STOP_BEFORE_TARGET,2022-06-27,2022-06-29,2022-07-01,2022-07-11,2022-07-25
BAC|2022-06-27T00:00:00|Long,BAC,2022-06-27,Long,-0.0027820759453787147,0.03554873508877798,-0.004945899689612121,True,-0.03771249987323644,0.03554873508877798,-0.052859325042645566,True,-0.034312171726712526,0.03554873508877798,-0.05873254407420059,True,-0.03060271747961585,0.03554873508877798,-0.05873254407420059,True,0.02163835536188441,0.05038643415761457,-0.08284384928089117,True,20,True,True,True,True,False,False,1,2,TARGET_BEFORE_STOP,True,True,False,True,False,19,3,STOP_BEFORE_TARGET,2022-06-28,2022-06-30,2022-07-05,2022-07-12,2022-07-26
BAC|2022-06-28T00:00:00|Long,BAC,2022-06-28,Long,-0.01239918574064669,0.005579674970275228,-0.018598837735233298,True,-0.021698663732526602,0.005579674970275228,-0.05052694499610666,True,-0.03967758356771178,0.005579674970275228,-0.056106560842118736,True,-0.04401730448936447,0.005579674970275228,-0.057656503402896964,True,0.041227585252753274,0.05331684160550765,-0.08028513267189052,True,20,True,True,True,False,True,False,13,2,STOP_BEFORE_TARGET,True,True,False,True,False,17,2,STOP_BEFORE_TARGET,2022-06-29,2022-07-01,2022-07-06,2022-07-13,2022-07-27
BAC|2022-06-29T00:00:00|Long,BAC,2022-06-29,Long,-0.02291278831136545,-0.009730111969624144,-0.038292567398970356,True,-0.01946016407268858,-0.0059636073577439275,-0.04425611489015446,True,0.0,0.004708025998370724,-0.04425611489015446,True,-0.05430010723298195,0.01224103522213138,-0.06873824520097682,True,0.04582545688961126,0.06654108258855351,-0.06873824520097682,True,20,True,True,True,False,True,False,12,1,STOP_BEFORE_TARGET,True,True,False,True,False,13,1,STOP_BEFORE_TARGET,2022-06-30,2022-07-05,2022-07-07,2022-07-14,2022-07-28
BAC|2022-06-30T00:00:00|Long,BAC,2022-06-30,Long,0.013813052257248826,0.01734664086364357,-0.016061677272068642,True,-0.004818490927533281,0.01734664086364357,-0.02184382962284681,True,0.021201470367931963,0.035978184048425677,-0.02184382962284681,True,0.035978184048425677,0.04818509308664232,-0.046900068224630886,True,0.08609066125199405,0.09155157270487835,-0.046900068224630886,True,20,True,True,True,False,True,False,5,2,STOP_BEFORE_TARGET,True,True,False,True,False,11,9,STOP_BEFORE_TARGET,2022-07-01,2022-07-06,2022-07-08,2022-07-15,2022-07-29
BAC|2022-07-01T00:00:00|Long,BAC,2022-07-01,Long,-0.010139407485400764,-0.010139407485400764,-0.03517106216052923,True,0.009505739844289929,0.014258519112981372,-0.03517106216052923,True,-0.003168579948096717,0.02186313516266769,-0.03517106216052923,True,0.02217993876540514,0.05766798583557908,-0.05988591323292036,True,0.0681241969237174,0.07667934465288773,-0.05988591323292036,True,20,True,True,True,False,True,False,9,1,STOP_BEFORE_TARGET,True,True,False,True,False,10,1,STOP_BEFORE_TARGET,2022-07-05,2022-07-07,2022-07-11,2022-07-18,2022-08-01
BAC|2022-07-05T00:00:00|Long,BAC,2022-07-05,Long,-0.008322670639780538,0.0003201097616869486,-0.019206158318363253,True,0.017605670564622145,0.032330353274061086,-0.019206158318363253,True,0.003841256085550304,0.032330353274061086,-0.019206158318363253,True,0.067541572293917,0.0761843526953847,-0.0502560725456761,True,0.05761847495508965,0.08770805989734143,-0.0502560725456761,True,20,True,True,True,True,False,False,3,6,TARGET_BEFORE_STOP,True,True,False,True,False,9,7,STOP_BEFORE_TARGET,2022-07-06,2022-07-08,2022-07-12,2022-07-19,2022-08-02
BAC|2022-07-06T00:00:00|Long,BAC,2022-07-06,Long,0.02840545775074954,0.03324721738270631,0.01581664875269362,True,0.015493852463810631,0.04099420518170849,0.010006500254087447,True,-0.004519024910170533,0.04099420518170849,-0.018721753785545303,True,0.07682379287548025,0.08521625011805489,-0.04228532877014424,True,0.08586184269582131,0.09683667024946119,-0.04228532877014424,True,20,True,True,True,True,False,False,1,6,TARGET_BEFORE_STOP,True,True,False,True,False,7,6,STOP_BEFORE_TARGET,2022-07-07,2022-07-11,2022-07-13,2022-07-20,2022-08-03
BAC|2022-07-07T00:00:00|Long,BAC,2022-07-07,Long,-0.0021971027458635994,0.01224103522213138,-0.009416231596420799,True,-0.01569365946080825,0.01224103522213138,-0.027620874176295995,True,-0.05430010723298195,0.01224103522213138,-0.06873824520097682,True,0.05618332960564221,0.05681097061892926,-0.06873824520097682,True,0.048336499875238026,0.06654108258855351,-0.06873824520097682,True,20,True,True,True,False,True,False,7,3,STOP_BEFORE_TARGET,True,True,False,True,False,8,4,STOP_BEFORE_TARGET,2022-07-08,2022-07-12,2022-07-14,2022-07-21,2022-08-04
BAC|2022-07-08T00:00:00|Long,BAC,2022-07-08,Long,-0.010380680136863552,0.0,-0.015728215967297565,True,-0.0298836343372183,0.007549476466114369,-0.04372448118798722,True,0.01446992989069007,0.02642340762493034,-0.06668766210062982,True,0.051588529173253406,0.06763125666132042,-0.06668766210062982,True,0.06826039969962405,0.07989936591309488,-0.06668766210062982,True,20,True,True,True,False,True,False,6,2,STOP_BEFORE_TARGET,True,True,False,True,False,6,3,STOP_BEFORE_TARGET,2022-07-11,2022-07-13,2022-07-15,2022-07-22,2022-08-05
BAC|2022-07-11T00:00:00|Long,BAC,2022-07-11,Long,-0.0031785911325867833,0.018118236217799177,-0.015257455696279232,True,-0.04227590471744447,0.018118236217799177,-0.05689761793611048,True,0.025429092827132127,0.06102994404059636,-0.05689761793611048,True,0.07215513426012943,0.08010173334707571,-0.05689761793611048,True,0.06452646703972942,0.09122704482208799,-0.05689761793611048,True,20,True,True,True,False,True,False,4,2,STOP_BEFORE_TARGET,True,True,False,True,False,5,2,STOP_BEFORE_TARGET,2022-07-12,2022-07-14,2022-07-18,2022-07-25,2022-08-08
BAC|2022-07-12T00:00:00|Long,BAC,2022-07-12,Long,-0.016581646927392835,-0.0066964600680514685,-0.03061227592911475,True,0.028380082025720954,0.04049746278845601,-0.05389032210349409,True,0.06345656329842853,0.07206627160546697,-0.05389032210349409,True,0.05389026128242924,0.08354588268151808,-0.05389032210349409,True,0.08163257362146625,0.09470666973529207,-0.05389032210349409,True,20,True,True,True,False,True,False,3,1,STOP_BEFORE_TARGET,True,True,False,True,False,4,1,STOP_BEFORE_TARGET,2022-07-13,2022-07-15,2022-07-19,2022-07-26,2022-08-09
BAC|2022-07-13T00:00:00|Long,BAC,2022-07-13,Long,-0.023022081332957134,-0.020103788461926175,-0.03793774547681927,True,0.046044038972748114,0.08236059996628131,-0.03793774547681927,True,0.08171207669570024,0.09014263182691962,-0.03793774547681927,True,0.08916990876763142,0.10181580331104345,-0.03793774547681927,True,0.13715951755212208,0.1488326890362459,-0.03793774547681927,True,20,True,True,True,False,True,False,2,1,STOP_BEFORE_TARGET,True,True,False,True,False,2,1,STOP_BEFORE_TARGET,2022-07-14,2022-07-18,2022-07-20,2022-07-27,2022-08-10
BAC|2022-07-14T00:00:00|Long,BAC,2022-07-14,Long,0.07036179549563126,0.08297384590053292,0.01593101436955857,True,0.10687020919494006,0.1158313929083219,0.01593101436955857,True,0.11682716439288288,0.1174908432386641,0.01593101436955857,True,0.10587456431832343,0.12777963785949775,0.01593101436955857,True,0.19183540815267808,0.1968138857516495,0.01593101436955857,True,20,True,True,False,True,False,False,1,,TARGET_BEFORE_STOP,True,False,True,False,False,1,,TARGET_BEFORE_STOP,2022-07-15,2022-07-19,2022-07-21,2022-07-28,2022-08-11
BAC|2022-07-15T00:00:00|Long,BAC,2022-07-15,Long,0.0003100254738976904,0.03503879280977462,-0.004651210104772319,True,0.034418623576792706,0.042480587035186534,-0.004651210104772319,True,0.03658915674963659,0.05240305819252655,-0.004651210104772319,True,0.04837213560592302,0.05364339665849083,-0.004651210104772319,True,0.12558137169179995,0.12589151545088417,-0.004651210104772319,True,20,True,True,False,True,False,False,1,,TARGET_BEFORE_STOP,True,False,True,False,False,5,,TARGET_BEFORE_STOP,2022-07-18,2022-07-20,2022-07-22,2022-07-29,2022-08-12
BAC|2022-07-18T00:00:00|Long,BAC,2022-07-18,Long,0.03378797920954413,0.04215749166495697,0.013019281013484374,True,0.04308751632568719,0.043707375101472046,0.013019281013484374,True,0.045567306174405964,0.05331684160550765,0.013019281013484374,True,0.044947329150094584,0.05331684160550765,0.013019281013484374,True,0.1236826375097333,0.1255425685826672,0.013019281013484374,True,20,True,True,False,True,False,False,1,,TARGET_BEFORE_STOP,True,False,True,False,False,4,,TARGET_BEFORE_STOP,2022-07-19,2022-07-21,2022-07-25,2022-08-01,2022-08-15
BAC|2022-07-19T00:00:00|Long,BAC,2022-07-19,Long,0.0002999141435713337,0.0029985695170557936,-0.011993934917029492,True,0.0023988556136447237,0.017691159807569967,-0.011993934917029492,True,-0.008995479783704963,0.01889058761439233,-0.011993934917029492,True,-0.00929527954354481,0.01889058761439233,-0.0134931624836917,True,0.09865070662837705,0.10764618641208212,-0.0134931624836917,True,20,True,True,False,True,False,False,16,,TARGET_BEFORE_STOP,True,False,True,False,False,16,,TARGET_BEFORE_STOP,2022-07-20,2022-07-22,2022-07-26,2022-08-02,2022-08-16
BAC|2022-07-20T00:00:00|Long,BAC,2022-07-20,Long,0.008693072848366734,0.00929249259358711,-0.012290163066870141,True,0.011091094877556884,0.01858509953661036,-0.012290163066870141,True,0.0068944705643967374,0.01858509953661036,-0.012290163066870141,True,0.008393248626320293,0.01858509953661036,-0.013788941128793586,True,0.09142683397056461,0.10731408725593838,-0.013788941128793586,True,20,True,True,False,True,False,False,15,,TARGET_BEFORE_STOP,True,False,True,False,False,15,,TARGET_BEFORE_STOP,2022-07-21,2022-07-25,2022-07-27,2022-08-03,2022-08-17
BAC|2022-07-21T00:00:00|Long,BAC,2022-07-21,Long,-0.0065379260245778115,0.008618041238632745,-0.01664194198803648,True,-0.017830676422315173,0.009806775672911439,-0.020505272217464676,True,-0.009806889036866662,0.009806775672911439,-0.022288260504927604,True,-0.007429420168309164,0.009806775672911439,-0.022288260504927604,True,0.07815741854856495,0.09777108325834316,-0.022288260504927604,True,20,True,True,True,False,True,False,14,3,STOP_BEFORE_TARGET,True,False,True,False,False,14,,TARGET_BEFORE_STOP,2022-07-22,2022-07-26,2022-07-28,2022-08-04,2022-08-18
BAC|2022-07-22T00:00:00|Long,BAC,2022-07-22,Long,0.008973952567212562,0.016452265391555976,0.0002990823045745383,True,0.004786115643179878,0.016452265391555976,-0.014358346929539634,True,0.011367067443801337,0.016452265391555976,-0.01585398667240867,True,0.015853986672408782,0.02692197181163536,-0.01585398667240867,True,0.06132214233761624,0.10499546184538233,-0.01585398667240867,True,20,True,True,False,True,False,False,13,,TARGET_BEFORE_STOP,True,False,True,False,False,13,,TARGET_BEFORE_STOP,2022-07-25,2022-07-27,2022-07-29,2022-08-05,2022-08-19
BAC|2022-07-25T00:00:00|Long,BAC,2022-07-25,Long,-0.020160104192242678,0.0014823373180878896,-0.02282835660283622,True,-0.012155346960462055,0.0014823373180878896,-0.02460711614650657,True,-0.0005929575462527703,0.006225884593022313,-0.02460711614650657,True,-0.007115264364857432,0.017788387102319447,-0.02460711614650657,True,0.029350776516528843,0.09516748081935589,-0.02460711614650657,True,20,True,True,True,False,True,False,12,1,STOP_BEFORE_TARGET,True,False,True,False,False,12,,TARGET_BEFORE_STOP,2022-07-26,2022-07-28,2022-08-01,2022-08-08,2022-08-22
BAC|2022-07-26T00:00:00|Long,BAC,2022-07-26,Long,0.01633890856257003,0.021785211416760042,-0.003025672509213262,True,0.022995526589248527,0.026928877766824177,-0.004538508763819893,True,-0.0003025210821182567,0.026928877766824177,-0.004538508763819893,True,0.026323720180579935,0.038729277565574316,-0.004538508763819893,True,0.04114979248854356,0.11770043810731456,-0.004538508763819893,True,20,True,True,False,True,False,False,8,,TARGET_BEFORE_STOP,True,False,True,False,False,11,,TARGET_BEFORE_STOP,2022-07-27,2022-07-29,2022-08-02,2022-08-09,2022-08-23
BAC|2022-07-27T00:00:00|Long,BAC,2022-07-27,Long,-0.008038120170799412,0.004763317853089699,-0.020541786947739116,True,0.0035724599982034366,0.010419722314116475,-0.020541786947739116,True,0.0014885155353800972,0.010419722314116475,-0.020541786947739116,True,0.04406071853269422,0.054778212093760104,-0.020541786947739116,True,0.027686820510601562,0.09973201723439096,-0.020541786947739116,True,20,True,True,True,False,True,False,10,1,STOP_BEFORE_TARGET,True,False,True,False,False,10,,TARGET_BEFORE_STOP,2022-07-28,2022-08-01,2022-08-03,2022-08-10,2022-08-24
BAC|2022-07-28T00:00:00|Long,BAC,2022-07-28,Long,0.014705932861785564,0.018607411091335457,0.0009003235165556678,True,-0.00840332478575534,0.018607411091335457,-0.009603832465638562,True,0.002401015359766445,0.018607411091335457,-0.009603832465638562,True,0.07773109772837761,0.08223294428458283,-0.009603832465638562,True,0.0546218400808367,0.10864342632173196,-0.009603832465638562,True,20,True,True,False,True,False,False,6,,TARGET_BEFORE_STOP,True,False,True,False,False,9,,TARGET_BEFORE_STOP,2022-07-29,2022-08-02,2022-08-04,2022-08-11,2022-08-25
BAC|2022-07-29T00:00:00|Long,BAC,2022-07-29,Long,-0.0029577723974113512,0.002366105090448656,-0.01745046224854563,True,-0.005028156661859073,0.002366105090448656,-0.023957448695370198,True,0.004436489354896489,0.015380077984097795,-0.023957448695370198,True,0.07364678386959667,0.07394261752307796,-0.023957448695370198,True,0.006506873619344322,0.09257607590310779,-0.023957448695370198,True,20,True,True,True,False,True,False,8,2,STOP_BEFORE_TARGET,True,False,True,False,False,9,,TARGET_BEFORE_STOP,2022-08-01,2022-08-03,2022-08-05,2022-08-12,2022-08-26
BAC|2022-08-01T00:00:00|Long,BAC,2022-08-01,Long,-0.019875354112777854,0.0002967112578498021,-0.021061972819800268,True,-0.00919601207395282,0.0011866187070224132,-0.021061972819800268,True,-0.0065261765642465885,0.018392250472282434,-0.021061972819800268,True,0.07534859046309816,0.07712851852363167,-0.021061972819800268,True,0.005636382277262264,0.09581725392938734,-0.021061972819800268,True,20,True,True,True,False,True,False,7,1,STOP_BEFORE_TARGET,True,False,True,False,False,7,,TARGET_BEFORE_STOP,2022-08-02,2022-08-04,2022-08-08,2022-08-15,2022-08-29
BAC|2022-08-02T00:00:00|Long,BAC,2022-08-02,Long,0.018159759609422954,0.021489075811102376,0.00393454145931571,True,0.027844980128706842,0.03904361016288904,0.00393454145931571,True,0.026634298699562242,0.03904361016288904,0.00393454145931571,True,0.10895878857040997,0.11803866837512134,0.00393454145931571,True,0.03177963704495834,0.11803866837512134,0.00393454145931571,True,20,True,True,False,True,False,False,3,,TARGET_BEFORE_STOP,True,False,True,False,False,6,,TARGET_BEFORE_STOP,2022-08-03,2022-08-05,2022-08-09,2022-08-16,2022-08-30
BAC|2022-08-03T00:00:00|Long,BAC,2022-08-03,Long,-0.007134300479309186,0.0008917592104982219,-0.01397149908533446,True,-0.004458909450152926,0.020511369022752524,-0.01397149908533446,True,0.0425089277978945,0.053210491914519986,-0.01397149908533446,True,0.08234246456663263,0.09809748207296365,-0.01397149908533446,True,-0.0008917592104982219,0.09809748207296365,-0.01397149908533446,True,20,True,True,False,True,False,False,5,,TARGET_BEFORE_STOP,True,False,True,False,False,5,,TARGET_BEFORE_STOP,2022-08-04,2022-08-08,2022-08-10,2022-08-17,2022-08-31
BAC|2022-08-04T00:00:00|Long,BAC,2022-08-04,Long,0.016766393203900165,0.02784431924217734,-0.004790414374326812,True,0.0155687610571964,0.02784431924217734,-0.004790414374326812,True,0.07514964691209403,0.07964071035598885,-0.004790414374326812,True,0.08622745873788351,0.10598793230854264,-0.004790414374326812,True,0.0020957991504875206,0.10598793230854264,-0.02215573786406655,True,20,True,True,True,True,False,False,4,20,TARGET_BEFORE_STOP,True,False,True,False,False,4,,TARGET_BEFORE_STOP,2022-08-05,2022-08-09,2022-08-11,2022-08-18,2022-09-01
BAC|2022-08-05T00:00:00|Long,BAC,2022-08-05,Long,-0.013839735532288455,0.009717368667585546,-0.015017618824565537,True,0.03268553122132101,0.043286256193547645,-0.01619550211684251,True,0.06890459999033971,0.0691991269779757,-0.01619550211684251,True,0.04475855414432717,0.08775028335023882,-0.01619550211684251,True,-0.015606560470703967,0.08775028335023882,-0.03828030836593688,True,20,True,True,True,True,False,False,3,19,TARGET_BEFORE_STOP,True,True,True,False,False,4,19,TARGET_BEFORE_STOP,2022-08-08,2022-08-10,2022-08-12,2022-08-19,2022-09-02
BAC|2022-08-08T00:00:00|Long,BAC,2022-08-08,Long,0.012839548191333483,0.014033961852801369,-0.0023888273229357715,True,0.07226031793546639,0.07673931221319297,-0.0023888273229357715,True,0.08241260624683133,0.08420422673903305,-0.0023888273229357715,True,0.03672736579846703,0.10301572933215009,-0.0023888273229357715,True,-0.012839662096889692,0.10301572933215009,-0.026276531024513328,True,20,True,True,True,True,False,False,2,18,TARGET_BEFORE_STOP,True,False,True,False,False,2,,TARGET_BEFORE_STOP,2022-08-09,2022-08-11,2022-08-15,2022-08-22,2022-09-06
BAC|2022-08-09T00:00:00|Long,BAC,2022-08-09,Long,0.033903348701585845,0.044516574815529175,0.015625077317350078,True,0.07016512961649246,0.07046000393165763,0.015625077317350078,True,0.0801887195617057,0.08903303716945854,0.015625077317350078,True,0.014445804979889676,0.08903303716945854,0.012971770788864134,True,-0.01031835179877827,0.08903303716945854,-0.03862021312822739,True,20,True,True,True,True,False,False,1,17,TARGET_BEFORE_STOP,True,True,True,False,False,2,17,TARGET_BEFORE_STOP,2022-08-10,2022-08-12,2022-08-16,2022-08-23,2022-09-07
BAC|2022-08-10T00:00:00|Long,BAC,2022-08-10,Long,0.023952100367764295,0.02822930388028788,0.016538404223034098,True,0.03364700072552118,0.035357903885291586,0.016538404223034098,True,0.03820930037777148,0.05332189758076189,0.016538404223034098,True,-0.015682898256247135,0.05332189758076189,-0.029084701073271102,True,-0.011975995796980277,0.05332189758076189,-0.07014539794352248,True,20,True,True,True,True,False,False,2,9,TARGET_BEFORE_STOP,True,True,True,False,False,4,13,TARGET_BEFORE_STOP,2022-08-11,2022-08-15,2022-08-17,2022-08-24,2022-09-08
BAC|2022-08-11T00:00:00|Long,BAC,2022-08-11,Long,0.010860467594141276,0.01113900104646559,-0.006126461198494804,True,0.020328586614821065,0.028682784284976837,-0.006683421873756812,True,0.010303506918879268,0.028682784284976837,-0.006683421873756812,True,-0.02144250796534497,0.028682784284976837,-0.05179617427610783,True,-0.027012008488577877,0.028682784284976837,-0.09189638683048795,True,20,True,False,True,False,True,False,,7,STOP_BEFORE_TARGET,False,True,False,True,False,,7,STOP_BEFORE_TARGET,2022-08-12,2022-08-16,2022-08-18,2022-08-25,2022-09-09
BAC|2022-08-12T00:00:00|Long,BAC,2022-08-12,Long,-0.0013773894796532682,0.0,-0.017355401690257732,True,0.0030303199080856658,0.017630837550955958,-0.017355401690257732,True,-0.022589523748172358,0.017630837550955958,-0.027272668996609517,True,-0.06253444918660245,0.017630837550955958,-0.06280988504730067,True,-0.02837462261556456,0.017630837550955958,-0.10165285686677572,True,20,True,False,True,False,True,False,,5,STOP_BEFORE_TARGET,False,True,False,True,False,,6,STOP_BEFORE_TARGET,2022-08-15,2022-08-17,2022-08-19,2022-08-26,2022-09-12
BAC|2022-08-15T00:00:00|Long,BAC,2022-08-15,Long,0.010758603852370596,0.019034444874730605,-0.004137973127693928,True,0.0008275525323275801,0.019034444874730605,-0.006896551724137945,True,-0.04220686287715514,0.019034444874730605,-0.049655151367187456,True,-0.0648275441136853,0.019034444874730605,-0.0728275693696121,True,-0.06206896551724139,0.019034444874730605,-0.10041377626616377,True,20,True,False,True,False,True,False,,4,STOP_BEFORE_TARGET,False,True,False,True,False,,5,STOP_BEFORE_TARGET,2022-08-16,2022-08-18,2022-08-22,2022-08-29,2022-09-13
BAC|2022-08-16T00:00:00|Long,BAC,2022-08-16,Long,-0.0062772801874365625,-0.0013646080211090483,-0.015283776417091333,True,-0.03165938500915566,-0.0013646080211090483,-0.036299073103510326,True,-0.060862433935147675,-0.0013646080211090483,-0.06222704195625672,True,-0.069596050205748,-0.0013646080211090483,-0.08460694666378477,True,-0.07560045043413,-0.0013646080211090483,-0.10998905148550397,True,20,True,False,True,False,True,False,,3,STOP_BEFORE_TARGET,False,True,False,True,False,,3,STOP_BEFORE_TARGET,2022-08-17,2022-08-19,2022-08-23,2022-08-30,2022-09-14
BAC|2022-08-17T00:00:00|Long,BAC,2022-08-17,Long,-0.0035704770299380684,-0.00027460372356780116,-0.011260638536949918,True,-0.046415782306824194,-0.00027460372356780116,-0.05383134009026824,True,-0.05190879971351525,-0.00027460372356780116,-0.06481737490365036,True,-0.07690192938189644,-0.00027460372356780116,-0.07882446975864943,True,-0.05218350820767581,-0.00027460372356780116,-0.10436691164475898,True,20,True,False,True,False,True,False,,2,STOP_BEFORE_TARGET,False,True,False,True,False,,2,STOP_BEFORE_TARGET,2022-08-18,2022-08-22,2022-08-24,2022-08-31,2022-09-15
BAC|2022-08-18T00:00:00|Long,BAC,2022-08-18,Long,-0.022050696361022637,-0.006890849184445491,-0.026736423336358728,True,-0.05154352245876803,-0.006890849184445491,-0.052921671266454307,True,-0.03142225545770905,-0.006890849184445491,-0.06146636210773182,True,-0.07745307753971786,-0.006890849184445491,-0.09977946674988625,True,-0.05953693274776817,-0.006890849184445491,-0.10115761555757252,True,20,True,False,True,False,True,False,,1,STOP_BEFORE_TARGET,False,True,False,True,False,,2,STOP_BEFORE_TARGET,2022-08-19,2022-08-23,2022-08-25,2022-09-01,2022-09-16
BAC|2022-08-19T00:00:00|Long,BAC,2022-08-19,Long,-0.021420471570989807,-0.018602025251618914,-0.02903040565349324,True,-0.027057471726566584,-0.014374248255727529,-0.040304405964646906,True,-0.04086811673188817,0.0,-0.04114991835709114,True,-0.05777900968178351,0.0,-0.0794813903948115,True,-0.022266091480269257,0.004227776995891386,-0.08089061355449689,True,20,True,False,True,False,True,False,,1,STOP_BEFORE_TARGET,False,True,False,True,False,,2,STOP_BEFORE_TARGET,2022-08-22,2022-08-24,2022-08-26,2022-09-02,2022-09-19
BAC|2022-08-22T00:00:00|Long,BAC,2022-08-22,Long,-0.008928610667967574,0.00720046057633561,-0.010368680809172859,True,0.012096721030495639,0.01612896137399411,-0.019297291477140432,True,-0.0236175019007564,0.021889351809124546,-0.03197006253817991,True,-0.04781105383205664,0.021889351809124546,-0.060771904843522684,True,-0.0158411011641858,0.026209672103049586,-0.060771904843522684,True,20,True,False,True,False,True,False,,4,STOP_BEFORE_TARGET,False,True,False,True,False,,5,STOP_BEFORE_TARGET,2022-08-23,2022-08-25,2022-08-29,2022-09-06,2022-09-20
BAC|2022-08-23T00:00:00|Long,BAC,2022-08-23,Long,0.0031967628840263718,0.011333896872358418,-0.010462092762218878,True,-0.011043332455690558,0.03109560300985259,-0.011333896872358418,True,-0.009299613375275406,0.03109560300985259,-0.025283316935271527,True,-0.024411512825131987,0.03109560300985259,-0.052310352950958205,True,-0.036617213807629945,0.035454845280822544,-0.052310352950958205,True,20,True,True,True,True,False,False,3,4,TARGET_BEFORE_STOP,False,True,False,True,False,,7,STOP_BEFORE_TARGET,2022-08-24,2022-08-26,2022-08-30,2022-09-07,2022-09-21
BAC|2022-08-24T00:00:00|Long,BAC,2022-08-24,Long,0.017960571369150413,0.022016173564745056,-0.0020278010977973215,True,-0.017960571369150302,0.027809938347111096,-0.02636152477823761,True,-0.02636152477823761,0.027809938347111096,-0.028389325876034932,True,0.0037659636845688294,0.027809938347111096,-0.05533023818319627,True,-0.05851681433884126,0.03215528956060365,-0.061703390494486254,True,20,True,True,True,False,True,False,12,3,STOP_BEFORE_TARGET,False,True,False,True,False,,6,STOP_BEFORE_TARGET,2022-08-25,2022-08-29,2022-08-31,2022-09-08,2022-09-22
BAC|2022-08-25T00:00:00|Long,BAC,2022-08-25,Long,-0.031587951896167255,0.00967558789110412,-0.03187248011776278,True,-0.029880456895222784,0.00967558789110412,-0.04553211445394678,True,-0.04752413767648678,0.00967558789110412,-0.07057483168217948,True,-0.005691541446024351,0.00967558789110412,-0.07199768990440458,True,-0.09704040713263729,0.013944271114903373,-0.11183837146945097,True,20,True,False,True,False,True,False,,1,STOP_BEFORE_TARGET,False,True,False,True,False,,1,STOP_BEFORE_TARGET,2022-08-26,2022-08-30,2022-09-01,2022-09-09,2022-09-23
BAC|2022-08-26T00:00:00|Long,BAC,2022-08-26,Long,-0.0038200781099367864,0.0035263811603496453,-0.012341997767006396,True,-0.012341997767006396,0.00999118909151231,-0.014398997394840851,True,-0.017631457409458373,0.013223649106129942,-0.04025856541370909,True,0.036438487303772416,0.04701740658867637,-0.0417278348481519,True,-0.08815745519440044,0.04701740658867637,-0.09844250938260868,True,20,True,True,True,False,True,False,9,4,STOP_BEFORE_TARGET,False,True,False,True,False,,4,STOP_BEFORE_TARGET,2022-08-29,2022-08-31,2022-09-02,2022-09-12,2022-09-26
BAC|2022-08-29T00:00:00|Long,BAC,2022-08-29,Long,0.005604679001679047,0.011209358003358316,-0.010619486553023916,True,-0.01268437421300772,0.013864229641614267,-0.036578218957311615,True,-0.024778764447743296,0.017109085258142365,-0.03805312263902316,True,0.002949807363423096,0.05103243257719803,-0.03805312263902316,True,-0.09823013808753367,0.05103243257719803,-0.10619475300230163,True,20,True,True,True,False,True,False,8,3,STOP_BEFORE_TARGET,True,True,False,True,False,9,3,STOP_BEFORE_TARGET,2022-08-30,2022-09-01,2022-09-06,2022-09-13,2022-09-27
BAC|2022-08-30T00:00:00|Long,BAC,2022-08-30,Long,-0.01408036198556284,0.008213516516385688,-0.01437376580444516,True,-0.01936051171774511,0.011440287119471648,-0.04194779403857596,True,-0.015253753459552155,0.011440287119471648,-0.04341447743067772,True,-0.006453541206171698,0.04517456464166192,-0.04341447743067772,True,-0.08858904207233964,0.04517456464166192,-0.11117632439317049,True,20,True,True,True,False,True,False,7,2,STOP_BEFORE_TARGET,False,True,False,True,False,,2,STOP_BEFORE_TARGET,2022-08-31,2022-09-02,2022-09-07,2022-09-14,2022-09-28
BAC|2022-08-31T00:00:00|Long,BAC,2022-08-31,Long,-0.004165408720799624,-0.0035703341179889048,-0.028265419389693847,True,-0.016364154331230618,0.025885120978451193,-0.02975304914728294,True,0.030943198352904266,0.03332338326527173,-0.02975304914728294,True,0.026777676133229456,0.0601011728973766,-0.02975304914728294,True,-0.08777151768425973,0.0601011728973766,-0.10116041250031216,True,20,True,True,True,False,True,False,5,1,STOP_BEFORE_TARGET,True,True,True,False,False,7,15,TARGET_BEFORE_STOP,2022-09-01,2022-09-06,2022-09-08,2022-09-15,2022-09-29
BAC|2022-09-01T00:00:00|Long,BAC,2022-09-01,Long,-0.0011951273997146128,0.030176226014251295,-0.005975523024951079,True,0.0029877045256645474,0.030176226014251295,-0.025694669225754363,True,0.04391984919010339,0.05318191557745866,-0.025694669225754363,True,0.01942030736406375,0.06453539792750362,-0.025694669225754363,True,-0.09769944244104145,0.06453539792750362,-0.09859578799082735,True,20,True,True,True,True,False,False,1,2,TARGET_BEFORE_STOP,True,True,True,False,False,5,14,TARGET_BEFORE_STOP,2022-09-02,2022-09-07,2022-09-09,2022-09-16,2022-09-30
BAC|2022-09-02T00:00:00|Long,BAC,2022-09-02,Long,-0.011067871029228793,0.008973952567212562,-0.024528856935046583,True,0.036494203097995115,0.03888720386458622,-0.024528856935046583,True,0.05504038695156743,0.06580917567622158,-0.024528856935046583,True,0.03769064642629161,0.06580917567622158,-0.024528856935046583,True,-0.06999701260025415,0.06580917567622158,-0.09751720607603787,True,20,True,True,True,False,True,False,3,1,STOP_BEFORE_TARGET,True,True,True,False,False,4,13,TARGET_BEFORE_STOP,2022-09-06,2022-09-08,2022-09-12,2022-09-19,2022-10-03
BAC|2022-09-06T00:00:00|Long,BAC,2022-09-06,Long,0.015426445866551841,0.01845120297384839,-0.013006663258132156,True,0.05686621824936777,0.06624314990132674,-0.013006663258132156,True,0.028433109124683886,0.07773743460581062,-0.013006663258132156,True,0.03357521928450535,0.07773743460581062,-0.013006663258132156,True,-0.020568671413460637,0.07773743460581062,-0.08741685350720785,True,20,True,True,True,True,False,False,2,12,TARGET_BEFORE_STOP,True,True,True,False,False,2,13,TARGET_BEFORE_STOP,2022-09-07,2022-09-09,2022-09-13,2022-09-20,2022-10-04
BAC|2022-09-07T00:00:00|Long,BAC,2022-09-07,Long,0.03217163660627609,0.034554657669268796,-0.00893652784592669,True,0.05064047597240684,0.061364354841165536,-0.00893652784592669,True,0.008936527845926578,0.061364354841165536,-0.00893652784592669,True,-0.012511116257474031,0.061364354841165536,-0.01340484858594837,True,-0.04915101678671352,0.061364354841165536,-0.1012808951277554,True,20,True,True,True,True,False,False,1,11,TARGET_BEFORE_STOP,True,True,True,False,False,2,11,TARGET_BEFORE_STOP,2022-09-08,2022-09-12,2022-09-14,2022-09-21,2022-10-05
BAC|2022-09-08T00:00:00|Long,BAC,2022-09-08,Long,0.008369324330721684,0.017315972516566136,0.0054833656087167615,True,-0.0187590619698369,0.02828281382626785,-0.02424242757855355,True,-0.004040496339982491,0.02828281382626785,-0.032034648238688845,True,-0.06204910335352054,0.02828281382626785,-0.06522372400308696,True,-0.09206355846835235,0.02828281382626785,-0.12929296543433055,True,20,True,False,True,False,True,False,,3,STOP_BEFORE_TARGET,False,True,False,True,False,,4,STOP_BEFORE_TARGET,2022-09-09,2022-09-13,2022-09-15,2022-09-22,2022-10-06
BAC|2022-09-09T00:00:00|Long,BAC,2022-09-09,Long,0.009444815226822278,0.019748210318439874,0.002575848772904399,True,-0.030623919200909344,0.019748210318439874,-0.04006862524921362,True,-0.023468795851565694,0.019748210318439874,-0.04006862524921362,True,-0.09187175760272803,0.019748210318439874,-0.10675442727078488,True,-0.11991982803073287,0.019748210318439874,-0.1365197120176398,True,20,True,False,True,False,True,False,,2,STOP_BEFORE_TARGET,False,True,False,True,False,,2,STOP_BEFORE_TARGET,2022-09-12,2022-09-14,2022-09-16,2022-09-23,2022-10-07
BAC|2022-09-12T00:00:00|Long,BAC,2022-09-12,Long,-0.03600795126964951,-0.015593967392180219,-0.04139492672309508,True,-0.02154811812777213,-0.010490471422812786,-0.04905017067714612,True,-0.01644462215840481,-0.010490471422812786,-0.04905017067714612,True,-0.12021547252871811,-0.010490471422812786,-0.13013893090487716,True,-0.13070599803002847,-0.010490471422812786,-0.1445988181252521,True,20,True,False,True,False,True,False,,1,STOP_BEFORE_TARGET,False,True,False,True,False,,1,STOP_BEFORE_TARGET,2022-09-13,2022-09-15,2022-09-19,2022-09-26,2022-10-10
BAC|2022-09-13T00:00:00|Long,BAC,2022-09-13,Long,-0.003823560826918704,0.012352887321920969,-0.013529384837431047,True,0.0035293803495519693,0.026470633114085373,-0.013529384837431047,True,0.004999946145450407,0.026470633114085373,-0.013529384837431047,True,-0.10088236191693478,0.026470633114085373,-0.10882355185116044,True,-0.1244117512422449,0.026470633114085373,-0.13029412662281714,True,20,True,False,True,False,True,False,,6,STOP_BEFORE_TARGET,False,True,False,True,False,,7,STOP_BEFORE_TARGET,2022-09-14,2022-09-16,2022-09-20,2022-09-27,2022-10-11
BAC|2022-09-14T00:00:00|Long,BAC,2022-09-14,Long,0.018895760550082352,0.030410470223679598,-0.005019137121533235,True,0.024210207283245078,0.030410470223679598,-0.007085853892472405,True,-0.021257674305034113,0.030410470223679598,-0.022143490512305908,True,-0.08266900872041849,0.030410470223679598,-0.10540300582836659,True,-0.11839381304964391,0.030410470223679598,-0.12961321311161156,True,20,True,True,True,True,False,False,1,5,TARGET_BEFORE_STOP,False,True,False,True,False,,6,STOP_BEFORE_TARGET,2022-09-15,2022-09-19,2022-09-21,2022-09-28,2022-10-12
BAC|2022-09-15T00:00:00|Long,BAC,2022-09-15,Long,-0.011301055016426642,-0.008113555285865215,-0.02463049885431956,True,-0.009852221649507942,0.010431777104055406,-0.025499776766690685,True,-0.058243941445775826,0.010431777104055406,-0.061431441176337254,True,-0.11156182733624798,0.010431777104055406,-0.12460154871631723,True,-0.08171538466045047,0.010431777104055406,-0.15068093620700573,True,20,True,False,True,False,True,False,,1,STOP_BEFORE_TARGET,False,True,False,True,False,,4,STOP_BEFORE_TARGET,2022-09-16,2022-09-20,2022-09-22,2022-09-29,2022-10-13
BAC|2022-09-16T00:00:00|Long,BAC,2022-09-16,Long,0.016705736010195427,0.021981243361034686,-0.014361016386540193,True,-0.0284289987213161,0.021981243361034686,-0.029308324481379433,True,-0.07004687762211537,0.021981243361034686,-0.08528721976871889,True,-0.11488857830186261,0.021981243361034686,-0.11576784816073338,True,-0.07092609157979346,0.021981243361034686,-0.1409730251031014,True,20,True,False,True,False,True,False,,3,STOP_BEFORE_TARGET,False,True,False,True,False,,4,STOP_BEFORE_TARGET,2022-09-19,2022-09-21,2022-09-23,2022-09-30,2022-10-14
BAC|2022-09-19T00:00:00|Long,BAC,2022-09-19,Long,-0.01498992442632463,0.0025944121115817342,-0.02334959903890299,True,-0.06313054809471319,0.0025944121115817342,-0.06630150844946125,True,-0.10550585427943837,0.0025944121115817342,-0.11559522860418248,True,-0.10377626453260613,0.0025944121115817342,-0.13029687890892394,True,-0.030844616234732003,0.0025944121115817342,-0.1550879035384095,True,20,True,False,True,False,True,False,,1,STOP_BEFORE_TARGET,False,True,False,True,False,,2,STOP_BEFORE_TARGET,2022-09-20,2022-09-22,2022-09-26,2022-10-03,2022-10-17
BAC|2022-09-20T00:00:00|Long,BAC,2022-09-20,Long,-0.029850649626121717,0.0067311492320367705,-0.030728688713094976,True,-0.07140763118116078,0.0067311492320367705,-0.08662567290280954,True,-0.10535553605598014,0.0067311492320367705,-0.1132572180059972,True,-0.05238505111940217,0.0067311492320367705,-0.11706170052671183,True,0.020778546596914804,0.03482594396179284,-0.1422299960033313,True,20,True,True,True,False,True,False,20,1,STOP_BEFORE_TARGET,False,True,False,True,False,,1,STOP_BEFORE_TARGET,2022-09-21,2022-09-23,2022-09-27,2022-10-04,2022-10-18
BAC|2022-09-21T00:00:00|Long,BAC,2022-09-21,Long,-0.019607888264242646,0.00814469474022883,-0.022926156900390016,True,-0.06395175691254185,0.00814469474022883,-0.0745098373155395,True,-0.0627451503865214,0.00814469474022883,-0.08597291576573451,True,-0.03710411441835826,0.00814469474022883,-0.08989445889643743,True,0.02322765030539431,0.06666663598031497,-0.11583716088033313,True,20,True,True,True,False,True,False,19,1,STOP_BEFORE_TARGET,True,True,False,True,False,19,2,STOP_BEFORE_TARGET,2022-09-22,2022-09-26,2022-09-28,2022-10-05,2022-10-19
BAC|2022-09-22T00:00:00|Long,BAC,2022-09-22,Long,-0.023692321777343706,-0.012615379920372649,-0.03969233586237986,True,-0.05938462477463946,-0.012615379920372649,-0.06769233116736784,True,-0.05661538931039667,-0.012615379920372649,-0.07046156663161063,True,-0.03200002817007208,0.0006153987004207107,-0.07169230534480164,True,0.036923100398136954,0.08800001878004804,-0.09815386258638825,True,20,True,True,True,False,True,False,17,1,STOP_BEFORE_TARGET,True,True,False,True,False,18,1,STOP_BEFORE_TARGET,2022-09-23,2022-09-27,2022-09-29,2022-10-06,2022-10-20
BAC|2022-09-23T00:00:00|Long,BAC,2022-09-23,Long,-0.02206110512731152,0.002836437248229018,-0.033091687746886866,True,-0.020800499745787016,0.002836437248229018,-0.04506776948648494,True,-0.048219312996215735,0.002836437248229018,-0.049164812116238465,True,-0.03088558324533963,0.02489760248737971,-0.049164812116238465,True,0.10148128796588618,0.11440280871366793,-0.07626851910516552,True,20,True,True,True,False,True,False,16,1,STOP_BEFORE_TARGET,True,True,False,True,False,16,1,STOP_BEFORE_TARGET,2022-09-26,2022-09-28,2022-09-30,2022-10-07,2022-10-21
BAC|2022-09-26T00:00:00|Long,BAC,2022-09-26,Long,-0.01482439515443712,0.010957142928269992,-0.02352566656239663,True,-0.011923971351784024,0.010957142928269992,-0.026426090365049837,True,0.0019335953791390637,0.010957142928269992,-0.027715133461846286,True,-0.011923971351784024,0.04801803861252951,-0.027715133461846286,True,0.13019654910666567,0.1395423727969678,-0.05543026692369257,True,20,True,True,True,False,True,False,6,1,STOP_BEFORE_TARGET,True,True,False,True,False,14,11,STOP_BEFORE_TARGET,2022-09-27,2022-09-29,2022-10-03,2022-10-10,2022-10-24
BAC|2022-09-27T00:00:00|Long,BAC,2022-09-27,Long,0.016355904644796304,0.024206731387159675,-0.005888135654978699,True,-0.012103334497167495,0.024206731387159675,-0.013084711237272173,True,0.059208419736996865,0.06378805307183577,-0.013084711237272173,True,-0.026169422474544346,0.06378805307183577,-0.03271180928959283,True,0.15767091079298545,0.16388623442082362,-0.041216887192025875,True,20,True,True,True,True,False,False,5,10,TARGET_BEFORE_STOP,True,True,True,False,False,5,10,TARGET_BEFORE_STOP,2022-09-28,2022-09-30,2022-10-04,2022-10-11,2022-10-25
BAC|2022-09-28T00:00:00|Long,BAC,2022-09-28,Long,-0.013196004230421998,-0.005471518441059531,-0.02767945345344902,True,0.0006437224963025123,0.0067589634336646665,-0.028966837057298078,True,0.027357592205297765,0.04666883737308192,-0.028966837057298078,True,-0.03894429019496337,0.04666883737308192,-0.05117477206968757,True,0.14901838151245683,0.16157066324657632,-0.0566462905107471,True,20,True,True,True,False,True,False,4,1,STOP_BEFORE_TARGET,True,True,False,True,False,12,9,STOP_BEFORE_TARGET,2022-09-29,2022-10-03,2022-10-05,2022-10-12,2022-10-26
BAC|2022-09-29T00:00:00|Long,BAC,2022-09-29,Long,-0.015003231792627747,0.01728638908294844,-0.01598172777419382,True,0.05609919208294789,0.0606653822442389,-0.01598172777419382,True,0.026092604078341797,0.0606653822442389,-0.01598172777419382,True,0.033594282184330915,0.0606653822442389,-0.04403132381566777,True,0.16992821625576138,0.18623610935714385,-0.04403132381566777,True,20,True,True,True,True,False,False,3,8,TARGET_BEFORE_STOP,True,True,True,False,False,3,8,TARGET_BEFORE_STOP,2022-09-30,2022-10-04,2022-10-06,2022-10-13,2022-10-27
BAC|2022-09-30T00:00:00|Long,BAC,2022-09-30,Long,0.02947017772067806,0.035761585974242616,0.0,True,0.056953618208686496,0.07682118000709637,0.0,True,0.018211894806820395,0.07682118000709637,0.0,True,0.04966887291740596,0.08046358423135547,-0.029470240877915943,True,0.19801322487298756,0.20430456996931445,-0.029470240877915943,True,20,True,True,True,True,False,False,1,7,TARGET_BEFORE_STOP,True,False,True,False,False,2,,TARGET_BEFORE_STOP,2022-10-03,2022-10-05,2022-10-07,2022-10-14,2022-10-28
BAC|2022-10-03T00:00:00|Long,BAC,2022-10-03,Long,0.041492470543457616,0.045995506534494135,0.018333859505522465,True,0.011900898361815182,0.045995506534494135,0.008684479139225543,True,-0.013830823514485835,0.045995506534494135,-0.023801858072894477,True,0.08137660877709196,0.08941777953209407,-0.05725315786134988,True,0.1592152054887468,0.16982948708211487,-0.05725315786134988,True,20,True,True,True,True,False,False,1,5,TARGET_BEFORE_STOP,True,True,False,True,False,10,6,STOP_BEFORE_TARGET,2022-10-04,2022-10-06,2022-10-10,2022-10-17,2022-10-31
BAC|2022-10-04T00:00:00|Long,BAC,2022-10-04,Long,-0.01420633034735308,-0.010809211774949867,-0.028721441460715647,True,-0.050339747200326856,-0.010809211774949867,-0.05713404325027749,True,-0.08060532811166721,-0.010809211774949867,-0.08678200372445444,True,0.07720815063411979,0.09203210141863605,-0.09481165845902018,True,0.117974044744112,0.13526859508757005,-0.09481165845902018,True,20,True,True,True,False,True,False,9,1,STOP_BEFORE_TARGET,True,True,False,True,False,10,2,STOP_BEFORE_TARGET,2022-10-05,2022-10-07,2022-10-11,2022-10-18,2022-11-01
BAC|2022-10-05T00:00:00|Long,BAC,2022-10-05,Long,-0.014411058606573102,-0.001253161511019285,-0.01754384287606181,True,-0.03947369128666145,-0.001253161511019285,-0.049185453980941984,True,-0.0645363239667498,-0.001253161511019285,-0.07644111930531394,True,0.06265658170022093,0.10776944003243938,-0.08176693621908648,True,0.1306390998222735,0.16791975846465124,-0.08176693621908648,True,20,True,True,True,False,True,False,8,2,STOP_BEFORE_TARGET,True,True,False,True,False,8,2,STOP_BEFORE_TARGET,2022-10-06,2022-10-10,2022-10-12,2022-10-19,2022-11-02
BAC|2022-10-06T00:00:00|Long,BAC,2022-10-06,Long,-0.022568312305612293,-0.0069929853705263945,-0.029561297676138687,True,-0.05371896617578409,-0.0069929853705263945,-0.06007626969643687,True,0.007310917237072667,0.009853826519785835,-0.0683407400221897,True,0.07120158117144926,0.12396699425855306,-0.0683407400221897,True,0.1408137455211258,0.18499681704367021,-0.0683407400221897,True,20,True,True,True,False,True,False,6,1,STOP_BEFORE_TARGET,True,True,False,True,False,7,2,STOP_BEFORE_TARGET,2022-10-07,2022-10-11,2022-10-13,2022-10-20,2022-11-03
BAC|2022-10-07T00:00:00|Long,BAC,2022-10-07,Long,-0.0029268342305005524,0.009756072749936395,-0.01300811767578125,True,-0.028943069582063052,0.009756072749936395,-0.04130082789475353,True,0.030894333754128533,0.061138246117568684,-0.046829285660410336,True,0.13658539066469766,0.1499187190358231,-0.046829285660410336,True,0.19642279400088913,0.2123576838795731,-0.046829285660410336,True,20,True,True,True,False,True,False,4,2,STOP_BEFORE_TARGET,True,True,False,True,False,5,2,STOP_BEFORE_TARGET,2022-10-10,2022-10-12,2022-10-14,2022-10-21,2022-11-04
BAC|2022-10-10T00:00:00|Long,BAC,2022-10-10,Long,-0.02902802981336472,-0.006197016797234389,-0.035551211937787874,True,0.033594282184330915,0.03620354259216518,-0.04403132381566777,True,0.09654269729954024,0.10469664385023147,-0.04403132381566777,True,0.14383561217741958,0.15329422003686544,-0.04403132381566777,True,0.20711019261981733,0.21787346178801803,-0.04403132381566777,True,20,True,True,True,False,True,False,3,1,STOP_BEFORE_TARGET,True,True,False,True,False,4,1,STOP_BEFORE_TARGET,2022-10-11,2022-10-13,2022-10-17,2022-10-24,2022-11-07
BAC|2022-10-11T00:00:00|Long,BAC,2022-10-11,Long,0.0030231827747393414,0.01813903257894922,-0.009741380956267864,True,0.06483037539465197,0.09606988802063343,-0.015451830189721294,True,0.1716493292501422,0.1877729280024274,-0.015451830189721294,True,0.18878061288101633,0.1951629588160062,-0.015451830189721294,True,0.2465569378476009,0.2569700232969465,-0.015451830189721294,True,20,True,True,False,True,False,False,2,,TARGET_BEFORE_STOP,True,False,True,False,False,2,,TARGET_BEFORE_STOP,2022-10-12,2022-10-14,2022-10-18,2022-10-25,2022-11-08
BAC|2022-10-12T00:00:00|Long,BAC,2022-10-12,Long,0.06128599753181674,0.06396516437946653,-0.01841932796942114,True,0.12592090571591363,0.13429331009936618,-0.01841932796942114,True,0.13596776542550604,0.18419289643595382,-0.01841932796942114,True,0.1955793715075591,0.20864030190530447,-0.01841932796942114,True,0.22304084766506294,0.25318142679384037,-0.01841932796942114,True,20,True,True,False,True,False,False,1,,TARGET_BEFORE_STOP,True,False,True,False,False,1,,TARGET_BEFORE_STOP,2022-10-13,2022-10-17,2022-10-19,2022-10-26,2022-11-09
BAC|2022-10-13T00:00:00|Long,BAC,2022-10-13,Long,0.00031556417523836977,0.029662370407579797,-0.003786709915149178,True,0.10066268476800078,0.11580940405317297,-0.003786709915149178,True,0.063426954717835,0.11580940405317297,-0.003786709915149178,True,0.13190275567634835,0.14768060331199728,-0.003786709915149178,True,0.20321869439972007,0.2060587117891537,-0.003786709915149178,True,20,True,True,False,True,False,False,2,,TARGET_BEFORE_STOP,True,False,True,False,False,2,,TARGET_BEFORE_STOP,2022-10-14,2022-10-18,2022-10-20,2022-10-27,2022-11-10
BAC|2022-10-14T00:00:00|Long,BAC,2022-10-14,Long,0.060567764124156875,0.0684541992655805,0.03690845869988624,True,0.07003146222637513,0.11545740565694329,0.03690845869988624,True,0.10252365683850662,0.11545740565694329,0.03690845869988624,True,0.14132490329381642,0.14731855067981625,0.03690845869988624,True,0.21167189031482092,0.21766553770082053,0.03690845869988624,True,20,True,True,False,True,False,False,1,,TARGET_BEFORE_STOP,True,False,True,False,False,1,,TARGET_BEFORE_STOP,2022-10-17,2022-10-19,2022-10-21,2022-10-28,2022-11-11
BAC|2022-10-17T00:00:00|Long,BAC,2022-10-17,Long,0.03747775658123231,0.05175495936189933,0.019631168006557287,True,0.002379590529338671,0.05175495936189933,-0.0008922897159412413,True,0.043129113890729265,0.05175495936189933,-0.0017845794318823716,True,0.07198102500079151,0.08179655227150939,-0.0017845794318823716,True,0.12314097326523465,0.1481261064976822,-0.0017845794318823716,True,20,True,True,False,True,False,False,1,,TARGET_BEFORE_STOP,True,False,True,False,False,1,,TARGET_BEFORE_STOP,2022-10-18,2022-10-20,2022-10-24,2022-10-31,2022-11-14
BAC|2022-10-18T00:00:00|Long,BAC,2022-10-18,Long,-0.0275230180553947,-0.0014334643213715914,-0.031823411019509584,True,0.0020068719231838283,0.0045871514481794495,-0.037844026789060736,True,0.014621511064098147,0.02006882859815451,-0.037844026789060736,True,0.037844026789060736,0.053899002174530475,-0.037844026789060736,True,0.08084861262811316,0.10665129851175403,-0.037844026789060736,True,20,True,True,True,False,True,False,6,1,STOP_BEFORE_TARGET,True,True,False,True,False,10,1,STOP_BEFORE_TARGET,2022-10-19,2022-10-21,2022-10-25,2022-11-01,2022-11-15
BAC|2022-10-19T00:00:00|Long,BAC,2022-10-19,Long,-0.006485772932832035,0.020931690374321743,-0.009728715630048068,True,0.033903348701585845,0.03950472361212265,-0.010613113652343409,True,0.052476494400986784,0.06397411853722557,-0.010613113652343409,True,0.06397411853722557,0.09905662711467178,-0.010613113652343409,True,0.10141517178959236,0.13797171455806412,-0.010613113652343409,True,20,True,True,False,True,False,False,2,,TARGET_BEFORE_STOP,True,False,True,False,False,5,,TARGET_BEFORE_STOP,2022-10-20,2022-10-24,2022-10-26,2022-11-02,2022-11-16
BAC|2022-10-20T00:00:00|Long,BAC,2022-10-20,Long,0.03709198729083263,0.039762614903603,-0.0041542844652513455,True,0.050148326066731475,0.05578638058022567,-0.0041542844652513455,True,0.06439163560291972,0.07922843051925277,-0.0041542844652513455,True,0.06498512098306453,0.1062313927391485,-0.0041542844652513455,True,0.10296727974623332,0.1454005222626067,-0.0041542844652513455,True,20,True,True,False,True,False,False,1,,TARGET_BEFORE_STOP,True,False,True,False,False,3,,TARGET_BEFORE_STOP,2022-10-21,2022-10-25,2022-10-27,2022-11-03,2022-11-17
BAC|2022-10-21T00:00:00|Long,BAC,2022-10-21,Long,0.0034334457586624456,0.00886974397215079,-0.006867000664597778,True,0.021459226999367864,0.032618007575475616,-0.012017223876227834,True,0.035193119181290644,0.04062941739477899,-0.012017223876227834,True,0.05264664127100693,0.06666660845478778,-0.012017223876227834,True,0.06409149684897275,0.10443483924189367,-0.012017223876227834,True,20,True,True,False,True,False,False,3,,TARGET_BEFORE_STOP,True,False,True,False,False,7,,TARGET_BEFORE_STOP,2022-10-24,2022-10-26,2022-10-28,2022-11-04,2022-11-18
BAC|2022-10-24T00:00:00|Long,BAC,2022-10-24,Long,0.00912459930450038,0.014542404923537422,-0.015397802116520642,True,0.02281149826125084,0.03706869827125803,-0.015397802116520642,True,0.027659002827031154,0.03706869827125803,-0.015397802116520642,True,0.055317896880258566,0.06472770109828918,-0.015397802116520642,True,0.06387230390530596,0.10065579726303353,-0.015397802116520642,True,20,True,True,False,True,False,False,3,,TARGET_BEFORE_STOP,True,False,True,False,False,7,,TARGET_BEFORE_STOP,2022-10-25,2022-10-27,2022-10-31,2022-11-07,2022-11-21
BAC|2022-10-25T00:00:00|Long,BAC,2022-10-25,Long,0.008759575547822473,0.019779620655890895,-0.0011302886752533325,True,0.022322716280080535,0.02769142580214279,-0.0011302886752533325,True,0.0228878606177072,0.03871147091021121,-0.0011302886752533325,True,0.048601335133287016,0.05736080289084855,-0.0011302886752533325,True,0.05933886196767246,0.0907035642789975,-0.0011302886752533325,True,20,True,True,False,True,False,False,5,,TARGET_BEFORE_STOP,True,False,True,False,False,6,,TARGET_BEFORE_STOP,2022-10-26,2022-10-28,2022-11-01,2022-11-08,2022-11-22
BAC|2022-10-26T00:00:00|Long,BAC,2022-10-26,Long,0.004761853370092606,0.018767455311677228,0.0019607757234807455,True,0.009523813594448205,0.018767455311677228,-0.001680710700524779,True,0.010924352417754024,0.04425764657119102,-0.001680710700524779,True,0.0229691786358579,0.048179198018152514,-0.008123274771142164,True,0.05350139514268304,0.08123242714863355,-0.008123274771142164,True,20,True,True,False,True,False,False,5,,TARGET_BEFORE_STOP,True,False,True,False,False,11,,TARGET_BEFORE_STOP,2022-10-27,2022-10-31,2022-11-02,2022-11-09,2022-11-23
BAC|2022-10-27T00:00:00|Long,BAC,2022-10-27,Long,0.008642358029608221,0.011987742346809993,-0.0064120309195738745,True,0.009199939807116975,0.024811804185957742,-0.0064120309195738745,True,0.0005575817775085312,0.03930861135763131,-0.01282406183914786,True,0.06300535833642185,0.06551442316128564,-0.01282406183914786,True,0.05101761598961185,0.07610815789039904,-0.01282406183914786,True,20,True,True,False,True,False,False,4,,TARGET_BEFORE_STOP,True,False,True,False,False,10,,TARGET_BEFORE_STOP,2022-10-28,2022-11-01,2022-11-03,2022-11-10,2022-11-25
BAC|2022-10-28T00:00:00|Long,BAC,2022-10-28,Long,-0.003869524280474046,0.004145979121438659,-0.01022661494648569,True,-0.0024875663855374874,0.03040349543512111,-0.01022661494648569,True,0.016860160453461948,0.03040349543512111,-0.021282488979236347,True,0.061636249956507294,0.06688773213191812,-0.021282488979236347,True,0.01879492259369897,0.06688773213191812,-0.021282488979236347,True,20,True,True,True,True,False,False,3,4,TARGET_BEFORE_STOP,True,False,True,False,False,9,,TARGET_BEFORE_STOP,2022-10-31,2022-11-02,2022-11-04,2022-11-11,2022-11-28
BAC|2022-10-31T00:00:00|Long,BAC,2022-10-31,Long,0.004439507307092638,0.019977729958815305,0.0019422778314652778,True,-0.004162084408113276,0.03440615516841716,-0.0174806063293913,True,0.026914466741535303,0.03607101010090319,-0.0174806063293913,True,0.04772467708969508,0.07103211691348243,-0.0174806063293913,True,0.02663704384255583,0.07103211691348243,-0.0174806063293913,True,20,True,True,False,True,False,False,2,,TARGET_BEFORE_STOP,True,False,True,False,False,8,,TARGET_BEFORE_STOP,2022-11-01,2022-11-03,2022-11-07,2022-11-14,2022-11-29
BAC|2022-11-01T00:00:00|Long,BAC,2022-11-01,Long,-0.0030386908296471393,0.029834198718114324,-0.006906077202516014,True,0.016298346413072817,0.029834198718114324,-0.021823229250760856,True,0.02513811680202349,0.0337015850909832,-0.021823229250760856,True,0.04143646321509631,0.06629827791712906,-0.021823229250760856,True,0.04558004630958079,0.06629827791712906,-0.021823229250760856,True,20,True,True,True,False,True,False,4,2,STOP_BEFORE_TARGET,True,False,True,False,False,7,,TARGET_BEFORE_STOP,2022-11-02,2022-11-04,2022-11-08,2022-11-15,2022-11-30
BAC|2022-11-02T00:00:00|Long,BAC,2022-11-02,Long,-0.005541722418782258,0.0013854041798047056,-0.018841792804121682,True,0.02549177514700962,0.03463563299293493,-0.018841792804121682,True,0.011914666205534719,0.036852258540709615,-0.018841792804121682,True,0.03518981580476943,0.06954830454200533,-0.018841792804121682,True,0.0127458875735047,0.06954830454200533,-0.018841792804121682,True,20,True,True,False,True,False,False,3,,TARGET_BEFORE_STOP,True,False,True,False,False,6,,TARGET_BEFORE_STOP,2022-11-03,2022-11-07,2022-11-09,2022-11-16,2022-12-01
BAC|2022-11-03T00:00:00|Long,BAC,2022-11-03,Long,0.025076665956658806,0.030927852583684246,0.00919481294697011,True,0.03399279023267421,0.04263022583773468,0.00919481294697011,True,0.06241297622069242,0.06492064281635845,0.00919481294697011,True,0.035664497104061166,0.07550847396376059,0.00919481294697011,True,0.005294021862286558,0.07550847396376059,-0.0022289779247111063,True,20,True,True,False,True,False,False,1,,TARGET_BEFORE_STOP,True,False,True,False,False,5,,TARGET_BEFORE_STOP,2022-11-04,2022-11-08,2022-11-10,2022-11-17,2022-12-02
BAC|2022-11-04T00:00:00|Long,BAC,2022-11-04,Long,0.005979815181603065,0.014949693486645765,-0.0016309152432146812,True,-0.007338963061827908,0.01712414345583979,-0.010872560911247109,True,0.04403367468254227,0.04919808408675075,-0.010872560911247109,True,0.010872457222821597,0.04919808408675075,-0.010872560911247109,True,-0.06306060443301198,0.04919808408675075,-0.07203048273805468,True,20,True,True,True,True,False,False,4,19,TARGET_BEFORE_STOP,False,True,False,True,False,,20,STOP_BEFORE_TARGET,2022-11-07,2022-11-09,2022-11-11,2022-11-18,2022-12-05
BAC|2022-11-07T00:00:00|Long,BAC,2022-11-07,Long,0.0027020344056642998,0.01107808338303995,-0.00702508331058016,True,0.030262166910999033,0.032693946340060176,-0.01675220102682462,True,0.020264794218151527,0.042961367865363975,-0.01675220102682462,True,0.008106000144919356,0.042961367865363975,-0.01675220102682462,True,-0.10834905440133735,0.042961367865363975,-0.12429069664249937,True,20,True,True,True,True,False,False,3,16,TARGET_BEFORE_STOP,False,True,False,True,False,,18,STOP_BEFORE_TARGET,2022-11-08,2022-11-10,2022-11-14,2022-11-21,2022-12-06
BAC|2022-11-08T00:00:00|Long,BAC,2022-11-08,Long,-0.015898683451471385,-0.004042078237990188,-0.019401811071441677,True,0.03503096781674331,0.040150844496453786,-0.019401811071441677,True,0.015898683451471385,0.040150844496453786,-0.019401811071441677,True,0.0102398561537409,0.040150844496453786,-0.019401811071441677,True,-0.11775798598790066,0.040150844496453786,-0.1282673688478113,True,20,True,True,True,True,False,False,3,15,TARGET_BEFORE_STOP,False,True,False,True,False,,17,STOP_BEFORE_TARGET,2022-11-09,2022-11-11,2022-11-15,2022-11-22,2022-12-07
BAC|2022-11-09T00:00:00|Long,BAC,2022-11-09,Long,0.04408544879985876,0.04654985601398187,0.016976969444504997,True,0.033953938889010216,0.05695503806915325,0.016976969444504997,True,0.023001099180143036,0.05695503806915325,0.016976969444504997,True,0.029846663168816345,0.05695503806915325,0.0010953153073918198,True,-0.11171965443355658,0.05695503806915325,-0.11883899502156947,True,20,True,True,True,True,False,False,1,17,TARGET_BEFORE_STOP,True,True,True,False,False,2,17,TARGET_BEFORE_STOP,2022-11-10,2022-11-14,2022-11-16,2022-11-23,2022-12-08
BAC|2022-11-10T00:00:00|Long,BAC,2022-11-10,Long,0.007343267019497057,0.012326183919225686,-0.004196166874642526,True,-0.011277217233947368,0.012326183919225686,-0.021767684442808632,True,-0.025177101292364945,0.012326183919225686,-0.04117491872133916,True,-0.011277217233947368,0.012326183919225686,-0.04117491872133916,True,-0.15079989087144874,0.012326183919225686,-0.15866769125583968,True,20,True,False,True,False,True,False,,3,STOP_BEFORE_TARGET,False,True,False,True,False,,5,STOP_BEFORE_TARGET,2022-11-11,2022-11-15,2022-11-17,2022-11-25,2022-12-09
BAC|2022-11-11T00:00:00|Long,BAC,2022-11-11,Long,-0.01692271617966956,-0.0039052727538350096,-0.01718302134949312,True,-0.027336611331210126,-0.002863853444117437,-0.031502189254868807,True,-0.03176259373990398,-0.002863853444117437,-0.048164500949503086,True,-0.04035405475704468,-0.002863853444117437,-0.048164500949503086,True,-0.14787816526269715,-0.002863853444117437,-0.16532149178201383,True,20,True,False,True,False,True,False,,2,STOP_BEFORE_TARGET,False,True,False,True,False,,3,STOP_BEFORE_TARGET,2022-11-14,2022-11-16,2022-11-18,2022-11-28,2022-12-12
BAC|2022-11-14T00:00:00|Long,BAC,2022-11-14,Long,-0.0015889184655905053,0.014300872339271242,-0.012182179685382377,True,-0.01562500473553874,0.014300872339271242,-0.031779581609723495,True,-0.011917292591233197,0.014300872339271242,-0.031779581609723495,True,-0.020127075087813306,0.014300872339271242,-0.031779581609723495,True,-0.13268004619259155,0.014300872339271242,-0.15095331572066517,True,20,True,False,True,False,True,False,,3,STOP_BEFORE_TARGET,False,True,False,True,False,,3,STOP_BEFORE_TARGET,2022-11-15,2022-11-17,2022-11-21,2022-11-29,2022-12-13
BAC|2022-11-15T00:00:00|Long,BAC,2022-11-15,Long,-0.009018571504171513,0.001061032220632363,-0.013262599201099179,True,-0.013527907849058218,0.003978719048968626,-0.030238709988809842,True,-0.005570267379917282,0.003978719048968626,-0.030238709988809842,True,0.003978719048968626,0.004509235159284808,-0.03978779760329765,True,-0.14376662795642825,0.004509235159284808,-0.14960210279870267,True,20,True,False,True,False,True,False,,2,STOP_BEFORE_TARGET,False,True,False,True,False,,2,STOP_BEFORE_TARGET,2022-11-16,2022-11-18,2022-11-22,2022-11-30,2022-12-14
BAC|2022-11-16T00:00:00|Long,BAC,2022-11-16,Long,-0.005085718369972514,-0.004282651092028522,-0.02141325546014272,True,-0.0013383093212984143,0.013115574297762889,-0.02141325546014272,True,0.006691648712948028,0.013115574297762889,-0.02141325546014272,True,-0.021680978588276112,0.01365091844757349,-0.03104924594382108,True,-0.14962526930577824,0.01365091844757349,-0.15711993424344217,True,20,True,False,True,False,True,False,,1,STOP_BEFORE_TARGET,False,True,False,True,False,,9,STOP_BEFORE_TARGET,2022-11-17,2022-11-21,2022-11-23,2022-12-01,2022-12-15
BAC|2022-11-17T00:00:00|Long,BAC,2022-11-17,Long,0.000538080676592001,0.018294332490548904,-0.006725854514807894,True,0.008609188197077788,0.018294332490548904,-0.006725854514807894,True,0.014258881358701458,0.018832413167140905,-0.006725854514807894,True,-0.029324627161302685,0.018832413167140905,-0.03658856235270258,True,-0.14716162699668678,0.018832413167140905,-0.15657783358025723,True,20,True,False,True,False,True,False,,8,STOP_BEFORE_TARGET,False,True,False,True,False,,10,STOP_BEFORE_TARGET,2022-11-18,2022-11-22,2022-11-25,2022-12-02,2022-12-16
BAC|2022-11-18T00:00:00|Long,BAC,2022-11-18,Long,0.0032267478089080814,0.008873402614693493,-0.0034954895998465796,True,0.011293412184773421,0.016402275689074042,-0.0034954895998465796,True,-0.008873300041490895,0.018284493957668957,-0.00967993570711656,True,-0.07313787325747356,0.018284493957668957,-0.08201127587216717,True,-0.13794023777494102,0.018284493957668957,-0.15703141868483717,True,20,True,False,True,False,True,False,,7,STOP_BEFORE_TARGET,False,True,False,True,False,,9,STOP_BEFORE_TARGET,2022-11-21,2022-11-23,2022-11-28,2022-12-05,2022-12-19
BAC|2022-11-21T00:00:00|Long,BAC,2022-11-21,Long,0.004824451850721223,0.013133150515515668,0.003216267152717611,True,0.010452944928799335,0.015009314874875113,0.0016080824547142214,True,-0.008308800908083946,0.015009314874875113,-0.015813458345521614,True,-0.11551866026937219,0.015009314874875113,-0.1313321186148938,True,-0.13722869359761725,0.015009314874875113,-0.15974271703157472,True,20,True,False,True,False,True,False,,6,STOP_BEFORE_TARGET,False,True,False,True,False,,8,STOP_BEFORE_TARGET,2022-11-22,2022-11-25,2022-11-29,2022-12-06,2022-12-20
BAC|2022-11-22T00:00:00|Long,BAC,2022-11-22,Long,0.0032008249269748212,0.004534493500515158,-0.0032009266793646685,True,-0.01680450893330021,0.010135962560818612,-0.0176046897269464,True,0.009602474780924464,0.010135962560818612,-0.03440919866024661,True,-0.12670044778174194,0.010135962560818612,-0.1371033068610924,True,-0.12830091112142428,0.010135962560818612,-0.16377703446526426,True,20,True,False,True,False,True,False,,4,STOP_BEFORE_TARGET,False,True,False,True,False,,5,STOP_BEFORE_TARGET,2022-11-23,2022-11-28,2022-11-30,2022-12-07,2022-12-21
BAC|2022-11-23T00:00:00|Long,BAC,2022-11-23,Long,0.002392984608543758,0.006913010298160938,-0.0013294133541381647,True,-0.016219106632603175,0.006913010298160938,-0.02366390255796702,True,-0.028184029675321742,0.006913010298160938,-0.03749002458202644,True,-0.13746349108592182,0.006913010298160938,-0.14437650138408287,True,-0.1387929044400601,0.006913010298160938,-0.16644509777431027,True,20,True,False,True,False,True,False,,2,STOP_BEFORE_TARGET,False,True,False,True,False,,4,STOP_BEFORE_TARGET,2022-11-25,2022-11-29,2022-12-01,2022-12-08,2022-12-22
BAC|2022-11-25T00:00:00|Long,BAC,2022-11-25,Long,-0.022281170705270692,-0.001061032220632363,-0.023076894277944127,True,0.003978719048968626,0.003978719048968626,-0.03978779760329765,True,-0.04297079307959295,0.003978719048968626,-0.050132608790458666,True,-0.14111404740484734,0.003978719048968626,-0.1490715866883865,True,-0.13872677550122536,0.003978719048968626,-0.16843501997251997,True,20,True,False,True,False,True,False,,1,STOP_BEFORE_TARGET,False,True,False,True,False,,3,STOP_BEFORE_TARGET,2022-11-28,2022-11-30,2022-12-02,2022-12-09,2022-12-23
BAC|2022-11-28T00:00:00|Long,BAC,2022-11-28,Long,0.0037981385602343654,0.00786763186992201,-0.0037981385602343654,True,-0.008410237877314541,0.026858324671093614,-0.017905584277900344,True,-0.06483991725646476,0.026858324671093614,-0.07379276114117195,True,-0.11204560498448246,0.026858324671093614,-0.13022244052032217,True,-0.11747156156689464,0.026858324671093614,-0.14948453981670407,True,20,True,False,True,False,True,False,,4,STOP_BEFORE_TARGET,False,True,False,True,False,,5,STOP_BEFORE_TARGET,2022-11-29,2022-12-01,2022-12-05,2022-12-12,2022-12-27
BAC|2022-11-29T00:00:00|Long,BAC,2022-11-29,Long,0.022972931733002522,0.022972931733002522,-0.021621601001636348,True,-0.02486481537690033,0.022972931733002522,-0.03216212504618876,True,-0.10810810810810811,0.022972931733002522,-0.12405405817805115,True,-0.11486486486486491,0.022972931733002522,-0.13351347639754008,True,-0.11432431195233317,0.022972931733002522,-0.15270269239271006,True,20,True,False,True,False,True,False,,1,STOP_BEFORE_TARGET,False,True,False,True,False,,3,STOP_BEFORE_TARGET,2022-11-30,2022-12-02,2022-12-06,2022-12-13,2022-12-28
BAC|2022-11-30T00:00:00|Long,BAC,2022-11-30,Long,-0.034346084266010934,-0.0042272088206689595,-0.03830903584404588,True,-0.08929979893470674,-0.0042272088206689595,-0.09801847381867845,True,-0.13500652580337935,-0.0042272088206689595,-0.14531044178932995,True,-0.14715983934933452,-0.0042272088206689595,-0.15297218848737426,True,-0.12443855414401117,-0.0042272088206689595,-0.17173047172235856,True,20,True,False,True,False,True,False,,1,STOP_BEFORE_TARGET,False,True,False,True,False,,1,STOP_BEFORE_TARGET,2022-12-01,2022-12-05,2022-12-07,2022-12-14,2022-12-29
BAC|2022-12-01T00:00:00|Long,BAC,2022-12-01,Long,-0.012859026424528519,-0.0071134973176572025,-0.020246180005913605,True,-0.09712720413577902,-0.0071134973176572025,-0.11326947950933497,True,-0.1124487194567203,-0.0071134973176572025,-0.1195622167743775,True,-0.1307797230936768,-0.0071134973176572025,-0.1384404807541474,True,-0.09384405955603603,-0.0071134973176572025,-0.1422708334920616,True,20,True,False,True,False,True,False,,1,STOP_BEFORE_TARGET,False,True,False,True,False,,2,STOP_BEFORE_TARGET,2022-12-02,2022-12-06,2022-12-08,2022-12-15,2022-12-30
BAC|2022-12-02T00:00:00|Long,BAC,2022-12-02,Long,-0.04462307451896541,-0.005266142787241024,-0.05376946626805479,True,-0.09257206161539311,-0.005266142787241024,-0.10338146251764091,True,-0.10254990507663442,-0.005266142787241024,-0.1108647393847173,True,-0.12139691923034468,-0.005266142787241024,-0.13109759449939296,True,-0.07123069232522705,-0.005266142787241024,-0.13109759449939296,True,20,True,False,True,False,True,False,,1,STOP_BEFORE_TARGET,False,True,False,True,False,,1,STOP_BEFORE_TARGET,2022-12-05,2022-12-07,2022-12-09,2022-12-16,2023-01-03
BAC|2022-12-05T00:00:00|Long,BAC,2022-12-05,Long,-0.042645812841463515,0.006092227358162283,-0.059762149705226975,True,-0.05889186313039341,0.006092227358162283,-0.06643460500233289,True,-0.0504787240164567,0.006092227358162283,-0.06991586196883082,True,-0.06991586196883082,0.006092227358162283,-0.09051351113267403,True,-0.009573594991823864,0.010153712263603953,-0.09051351113267403,True,20,True,False,True,False,True,False,,1,STOP_BEFORE_TARGET,False,True,False,True,False,,1,STOP_BEFORE_TARGET,2022-12-06,2022-12-08,2022-12-12,2022-12-19,2023-01-04
BAC|2022-12-06T00:00:00|Long,BAC,2022-12-06,Long,-0.00787873701615771,-0.0024242979107480522,-0.019697015935724482,True,-0.018787846420750487,-0.0003029794404001418,-0.027878732392282224,True,-0.007575757575757569,0.020302974816524655,-0.028484806869969237,True,-0.024545496160333857,0.020302974816524655,-0.04999998844031128,True,0.03242423317649146,0.055151505903764164,-0.04999998844031128,True,20,True,True,True,False,True,False,18,2,STOP_BEFORE_TARGET,True,True,False,True,False,19,7,STOP_BEFORE_TARGET,2022-12-07,2022-12-09,2022-12-13,2022-12-20,2023-01-05
BAC|2022-12-07T00:00:00|Long,BAC,2022-12-07,Long,-0.009163195979770666,0.007635918973224243,-0.017104500445378146,True,-0.00030550200726009447,0.007635918973224243,-0.020769708928360275,True,-0.014050179462039125,0.02840551138670766,-0.020769708928360275,True,-0.0018326624989295492,0.02840551138670766,-0.042455749106185214,True,0.051007882813997485,0.06353078526949019,-0.042455749106185214,True,20,True,True,True,False,True,False,17,2,STOP_BEFORE_TARGET,True,True,False,True,False,18,6,STOP_BEFORE_TARGET,2022-12-08,2022-12-12,2022-12-14,2022-12-21,2023-01-06
BAC|2022-12-08T00:00:00|Long,BAC,2022-12-08,Long,-0.0018494932531949448,0.00493217799585155,-0.01109731229636668,True,0.009556146313637104,0.037916140391683895,-0.011713849244898045,True,-0.020653458610003783,0.037916140391683895,-0.02928479950084384,True,-0.0015412835751288378,0.037916140391683895,-0.03360044054816402,True,0.04469792923312932,0.07336625058164148,-0.03360044054816402,True,20,True,True,True,True,False,False,3,5,TARGET_BEFORE_STOP,True,True,False,True,False,16,6,STOP_BEFORE_TARGET,2022-12-09,2022-12-13,2022-12-15,2022-12-22,2023-01-09
BAC|2022-12-09T00:00:00|Long,BAC,2022-12-09,Long,0.010809093964661454,0.012353233415286047,-0.009882633856344247,True,-0.003088396711537822,0.03983931619138659,-0.009882633856344247,True,-0.0210006263973036,0.03983931619138659,-0.03180977926710926,True,0.0027794981352398107,0.03983931619138659,-0.03180977926710926,True,0.05373680686758586,0.07535511260719696,-0.03180977926710926,True,20,True,True,True,True,False,False,2,4,TARGET_BEFORE_STOP,True,True,False,True,False,15,5,STOP_BEFORE_TARGET,2022-12-12,2022-12-14,2022-12-16,2022-12-23,2023-01-10
BAC|2022-12-12T00:00:00|Long,BAC,2022-12-12,Long,0.0006110741840330558,0.02871978734665026,-0.004888476921780516,True,-0.029330861530683094,0.02871978734665026,-0.03788572528141987,True,-0.020470460687929903,0.02871978734665026,-0.04216312801916744,True,-0.006110625289846516,0.02871978734665026,-0.04216312801916744,True,0.05041251295312943,0.06385579535040486,-0.04216312801916744,True,20,True,True,True,False,True,False,14,3,STOP_BEFORE_TARGET,True,True,False,True,False,15,3,STOP_BEFORE_TARGET,2022-12-13,2022-12-15,2022-12-19,2022-12-27,2023-01-11
BAC|2022-12-13T00:00:00|Long,BAC,2022-12-13,Long,-0.014351182311545752,0.007633587786259444,-0.018015271834744717,True,-0.032061045406428956,0.007633587786259444,-0.042748079955122864,True,-0.01709927857377147,0.007633587786259444,-0.042748079955122864,True,0.0006107010004174906,0.007633587786259444,-0.042748079955122864,True,0.052519121242843525,0.06473279181327518,-0.042748079955122864,True,20,True,True,True,False,True,False,13,2,STOP_BEFORE_TARGET,True,True,False,True,False,14,2,STOP_BEFORE_TARGET,2022-12-14,2022-12-16,2022-12-20,2022-12-28,2023-01-12
BAC|2022-12-14T00:00:00|Long,BAC,2022-12-14,Long,-0.015799205105927583,-0.008983860568319013,-0.02447332831639959,True,-0.006815285449978337,-0.0015489231397559644,-0.028810360377820476,True,0.012391621468568648,0.01827757666974561,-0.028810360377820476,True,0.026641903434740266,0.027261496325694745,-0.028810360377820476,True,0.0913878833487276,0.09634450830110297,-0.028810360377820476,True,20,True,True,True,False,True,False,11,1,STOP_BEFORE_TARGET,True,False,True,False,False,12,,TARGET_BEFORE_STOP,2022-12-15,2022-12-19,2022-12-21,2022-12-29,2023-01-13
BAC|2022-12-15T00:00:00|Long,BAC,2022-12-15,Long,-0.0022033268434250575,0.00503619279530132,-0.013220021096704393,True,0.013219961060550567,0.025495793566886027,-0.013220021096704393,True,0.019515232072754296,0.034623810458658255,-0.013220021096704393,True,0.042492869205835726,0.04815860110958825,-0.013220021096704393,True,0.08655964621895307,0.11394393703888483,-0.013220021096704393,True,20,True,True,False,True,False,False,4,,TARGET_BEFORE_STOP,True,False,True,False,False,11,,TARGET_BEFORE_STOP,2022-12-16,2022-12-20,2022-12-22,2022-12-30,2023-01-17
BAC|2022-12-16T00:00:00|Long,BAC,2022-12-16,Long,0.01135648585764204,0.016719203991833798,0.0009463337089867796,True,0.030914811313886403,0.03690845869988624,0.0009463337089867796,True,0.024290234676078715,0.03690845869988624,0.0009463337089867796,True,0.057097713407938455,0.07539430069801734,0.0009463337089867796,True,0.06372241038319659,0.11640373936592985,0.0009463337089867796,True,20,True,True,False,True,False,False,3,,TARGET_BEFORE_STOP,True,False,True,False,False,9,,TARGET_BEFORE_STOP,2022-12-19,2022-12-21,2022-12-23,2023-01-03,2023-01-18
BAC|2022-12-19T00:00:00|Long,BAC,2022-12-19,Long,0.0040548112242524414,0.016219601855565813,0.00249525929291039,True,0.010293137935806218,0.02526505065182416,-0.005926404426666809,True,0.01465993093803819,0.02526505065182416,-0.005926404426666809,True,0.06487828843607768,0.0860885278636494,-0.005926404426666809,True,0.03649401493538407,0.10386768165055726,-0.005926404426666809,True,20,True,True,False,True,False,False,7,,TARGET_BEFORE_STOP,True,False,True,False,False,9,,TARGET_BEFORE_STOP,2022-12-20,2022-12-22,2022-12-27,2023-01-04,2023-01-19
BAC|2022-12-20T00:00:00|Long,BAC,2022-12-20,Long,0.015222171462294654,0.021124583230381466,0.006834458840907942,True,0.008698434480882922,0.021124583230381466,-0.009940907149032174,True,0.018018075669423705,0.024231209297006506,-0.009940907149032174,True,0.05840326649021166,0.08170242871439726,-0.009940907149032174,True,0.051568807649303716,0.09940978252432475,-0.009940907149032174,True,20,True,True,False,True,False,False,6,,TARGET_BEFORE_STOP,True,False,True,False,False,8,,TARGET_BEFORE_STOP,2022-12-21,2022-12-23,2022-12-28,2023-01-05,2023-01-20
BAC|2022-12-21T00:00:00|Long,BAC,2022-12-21,Long,-0.00887395694061277,-0.003059928800100309,-0.024785785140096772,True,-0.004590009928951866,-0.0003060629172908502,-0.024785785140096772,True,0.014075859246543532,0.01468786835232394,-0.024785785140096772,True,0.0529375619975847,0.06548345684407808,-0.024785785140096772,True,0.05018357938597373,0.08292530780801277,-0.024785785140096772,True,20,True,True,True,False,True,False,7,1,STOP_BEFORE_TARGET,True,False,True,False,False,8,,TARGET_BEFORE_STOP,2022-12-22,2022-12-27,2022-12-29,2023-01-06,2023-01-23
BAC|2022-12-22T00:00:00|Long,BAC,2022-12-22,Long,0.0024699546947275497,0.005866083513017095,-0.006174768962896926,True,0.01173204925211202,0.017906818215009057,-0.006174768962896926,True,0.022537806606740096,0.0280950868959553,-0.006174768962896926,True,0.04631059056084408,0.07502316613048121,-0.006174768962896926,True,0.06730473437034057,0.09262118112168816,-0.006174768962896926,True,20,True,True,False,True,False,False,6,,TARGET_BEFORE_STOP,True,False,True,False,False,6,,TARGET_BEFORE_STOP,2022-12-23,2022-12-28,2022-12-30,2023-01-09,2023-01-24
BAC|2022-12-23T00:00:00|Long,BAC,2022-12-23,Long,0.001847784303607991,0.006159437657017097,-0.005851630251405782,True,0.020634374615240647,0.021250341877691037,-0.005851630251405782,True,0.03202947526121336,0.04989217342104202,-0.005851630251405782,True,0.050816065572846014,0.07237444982363339,-0.005851630251405782,True,0.07391430923788755,0.08992910561036571,-0.005851630251405782,True,20,True,True,False,True,False,False,5,,TARGET_BEFORE_STOP,True,False,True,False,False,6,,TARGET_BEFORE_STOP,2022-12-27,2022-12-29,2023-01-03,2023-01-10,2023-01-25
BAC|2022-12-27T00:00:00|Long,BAC,2022-12-27,Long,0.007377856977343056,0.013526051580619258,0.0,True,0.018137109582782474,0.02367047299902536,0.0,True,0.049492796519138516,0.07039658781004232,0.0,True,0.05687065349648157,0.07039658781004232,0.0,True,0.086381846871737,0.08791886620579148,0.0,True,20,True,True,False,True,False,False,4,,TARGET_BEFORE_STOP,True,False,True,False,False,5,,TARGET_BEFORE_STOP,2022-12-28,2022-12-30,2023-01-04,2023-01-11,2023-01-26
BAC|2022-12-28T00:00:00|Long,BAC,2022-12-28,Long,0.011290782017584933,0.011901110289915806,-0.0006103282723309844,True,0.022581564035169643,0.04028073470812221,-0.0006103282723309844,True,0.03967040643579112,0.06255719281123384,-0.0006103282723309844,True,0.051876739065980004,0.06408295528795382,-0.0006103282723309844,True,0.08178212596090617,0.09185225143382914,-0.0006103282723309844,True,20,True,True,False,True,False,False,3,,TARGET_BEFORE_STOP,True,False,True,False,False,4,,TARGET_BEFORE_STOP,2022-12-29,2023-01-03,2023-01-05,2023-01-12,2023-01-27
BAC|2022-12-29T00:00:00|Long,BAC,2022-12-29,Long,-0.0006035141258909915,0.004827997898578351,-0.008448967545374608,True,0.030175015643251868,0.050694035489347256,-0.008448967545374608,True,0.03832228367995594,0.050694035489347256,-0.008448967545374608,True,0.06306578729873835,0.0678937851973167,-0.008448967545374608,True,0.06517802918508209,0.07966202288081714,-0.008448967545374608,True,20,True,True,False,True,False,False,3,,TARGET_BEFORE_STOP,True,False,True,False,False,3,,TARGET_BEFORE_STOP,2022-12-30,2023-01-04,2023-01-06,2023-01-13,2023-01-30
BAC|2022-12-30T00:00:00|Long,BAC,2022-12-30,Long,0.011775344270104515,0.029287477415022023,0.0027173959991058094,True,0.028683598839880586,0.05132852710640812,0.0027173959991058094,True,0.023248806841668967,0.05132852710640812,0.0027173959991058094,True,0.04227057883540919,0.06853866337472403,-0.0009057602736814996,True,0.07125605937382984,0.08031400764482854,-0.006944430847034444,True,20,True,True,False,True,False,False,2,,TARGET_BEFORE_STOP,True,False,True,False,False,2,,TARGET_BEFORE_STOP,2023-01-03,2023-01-05,2023-01-09,2023-01-17,2023-01-31
BAC|2023-01-03T00:00:00|Long,BAC,2023-01-03,Long,0.018800390918265242,0.03909285105661198,0.009549493451208368,True,0.026857701311807425,0.03909285105661198,0.0008953326021166053,True,0.01820354046271566,0.03909285105661198,0.0008953326021166053,True,0.006266872864478135,0.05610269060822848,-0.012533518053787107,True,0.07191882924874604,0.0820650593179193,-0.018501908771698106,True,20,True,True,False,True,False,False,1,,TARGET_BEFORE_STOP,True,False,True,False,False,8,,TARGET_BEFORE_STOP,2023-01-04,2023-01-06,2023-01-10,2023-01-18,2023-02-01
BAC|2023-01-04T00:00:00|Long,BAC,2023-01-04,Long,-0.0020503718827084016,0.0,-0.016402975061667546,True,-0.007322788648783662,0.018160484562655066,-0.017574648062325893,True,0.0070299262670627805,0.018160484562655066,-0.017574648062325893,True,-0.026654946212097186,0.036613943243918534,-0.036613943243918534,True,0.05828944680854864,0.0656122354573323,-0.036613943243918534,True,20,True,True,True,,,False,7,7,AMBIGUOUS,True,True,False,True,False,19,7,STOP_BEFORE_TARGET,2023-01-05,2023-01-09,2023-01-11,2023-01-19,2023-02-02
BAC|2023-01-05T00:00:00|Long,BAC,2023-01-05,Long,0.009979458633207594,0.014969243933041332,-0.015556172117529798,True,0.001467544394141651,0.020252381358659255,-0.015556172117529798,True,0.011740579086053637,0.02348104620564695,-0.015556172117529798,True,-0.0064573296939755,0.03874375423093257,-0.034634585140751906,True,0.06926917028150381,0.07895505285600679,-0.034634585140751906,True,20,True,True,True,,,False,6,6,AMBIGUOUS,True,True,False,True,False,15,9,STOP_BEFORE_TARGET,2023-01-06,2023-01-10,2023-01-12,2023-01-20,2023-02-03
BAC|2023-01-06T00:00:00|Long,BAC,2023-01-06,Long,-0.01511189944985658,0.010171417485415057,-0.020342945830965964,True,-0.0008718041101395402,0.010171417485415057,-0.022377229328048975,True,0.023830273131660196,0.0284800798192979,-0.038360932888045096,True,-0.0026155231905546916,0.0284800798192979,-0.04417321896262627,True,0.05696015963859602,0.06829405651095444,-0.04417321896262627,True,20,True,True,True,False,True,False,14,1,STOP_BEFORE_TARGET,True,True,False,True,False,17,5,STOP_BEFORE_TARGET,2023-01-09,2023-01-11,2023-01-13,2023-01-23,2023-02-06
BAC|2023-01-09T00:00:00|Long,BAC,2023-01-09,Long,0.006786649347257923,0.01121277884210592,-0.0073768074506476156,True,0.01711424731485378,0.028917071699200658,-0.0073768074506476156,True,0.018589586292753646,0.04426084470388547,-0.02360576132984249,True,0.02006492527065329,0.04426084470388547,-0.02950722980259024,True,0.08498085334858163,0.09176750269583955,-0.02950722980259024,True,20,True,True,True,,,False,4,4,AMBIGUOUS,True,False,True,False,False,13,,TARGET_BEFORE_STOP,2023-01-10,2023-01-12,2023-01-17,2023-01-24,2023-02-07
BAC|2023-01-10T00:00:00|Long,BAC,2023-01-10,Long,0.007620226974494493,0.00937865488985068,-0.003516967633097612,True,0.03253225806271276,0.0372215855076381,-0.030187538439057637,True,-0.011723262711120674,0.0372215855076381,-0.030187538439057637,True,0.021981243361034686,0.0372215855076381,-0.03604922569581048,True,0.06975384357035108,0.0844080058110408,-0.03604922569581048,True,20,True,True,True,,,False,3,3,AMBIGUOUS,True,True,False,True,False,15,3,STOP_BEFORE_TARGET,2023-01-11,2023-01-13,2023-01-18,2023-01-25,2023-02-08
BAC|2023-01-11T00:00:00|Long,BAC,2023-01-11,Long,0.002617805404065532,0.01425240978901443,-0.0005817468627777878,True,0.004072117082575488,0.029377495350629834,-0.037521840472649615,True,-0.033449723390074126,0.029377495350629834,-0.043339198143558466,True,0.027923183672119878,0.029377495350629834,-0.043339198143558466,True,0.03897615215115957,0.076207063713986,-0.043339198143558466,True,20,True,True,True,False,True,False,11,2,STOP_BEFORE_TARGET,True,True,False,True,False,14,2,STOP_BEFORE_TARGET,2023-01-12,2023-01-17,2023-01-19,2023-01-26,2023-02-09
BAC|2023-01-12T00:00:00|Long,BAC,2023-01-12,Long,0.022048108344038475,0.026689821188423668,-0.04003484244979916,True,-0.02175804970814854,0.026689821188423668,-0.04003484244979916,True,-0.01798673410576057,0.026689821188423668,-0.04583701117207151,True,0.02843050500525446,0.03800398932991467,-0.04583701117207151,True,0.032201931274806084,0.07339711893532885,-0.04583701117207151,True,20,True,True,True,False,True,False,10,1,STOP_BEFORE_TARGET,True,True,False,True,False,13,1,STOP_BEFORE_TARGET,2023-01-13,2023-01-18,2023-01-20,2023-01-27,2023-02-10
BAC|2023-01-13T00:00:00|Long,BAC,2023-01-13,Long,-0.02015325273057289,-0.01135389487309224,-0.030655635265127934,True,-0.05676979920485814,-0.01135389487309224,-0.06642066940087599,True,-0.025830254307018463,-0.01135389487309224,-0.06642066940087599,True,0.001986934309786026,0.015611673125376146,-0.06642066940087599,True,0.011921714138515727,0.05024128528987526,-0.06642066940087599,True,20,True,True,True,False,True,False,13,1,STOP_BEFORE_TARGET,True,True,False,True,False,16,1,STOP_BEFORE_TARGET,2023-01-17,2023-01-19,2023-01-23,2023-01-30,2023-02-13
BAC|2023-01-17T00:00:00|Long,BAC,2023-01-17,Long,-0.023174948622592617,-0.005214377253442315,-0.029258462422856568,True,-0.019409095444895663,-0.005214377253442315,-0.04721903379200687,True,0.0014484135688734856,0.007821565880163472,-0.04721903379200687,True,0.027809938347111096,0.03650053026722433,-0.04721903379200687,True,0.03186554054270596,0.07184239598347308,-0.04721903379200687,True,20,True,True,True,False,True,False,8,1,STOP_BEFORE_TARGET,True,True,False,True,False,11,2,STOP_BEFORE_TARGET,2023-01-18,2023-01-20,2023-01-24,2023-01-31,2023-02-14
BAC|2023-01-18T00:00:00|Long,BAC,2023-01-18,Long,-0.014531484600479483,-0.005041577031088651,-0.02461452553403498,True,0.01779354841045233,0.023428145677083956,-0.02461452553403498,True,0.0341043199748039,0.036773363549233995,-0.02461452553403498,True,0.06524308625740649,0.07532612719096199,-0.02461452553403498,True,0.05456702508830813,0.09727160915056698,-0.02461452553403498,True,20,True,True,True,False,True,False,4,1,STOP_BEFORE_TARGET,True,False,True,False,False,7,,TARGET_BEFORE_STOP,2023-01-19,2023-01-23,2023-01-25,2023-02-01,2023-02-15
BAC|2023-01-19T00:00:00|Long,BAC,2023-01-19,Long,0.018657807415757732,0.0198615665514299,-0.004213042178062398,True,0.04032501267069555,0.04694557312010206,-0.004213042178062398,True,0.06349685944682881,0.06379774183235187,-0.004213042178062398,True,0.08727058579079783,0.09479390819356337,-0.004213042178062398,True,0.061691220743320674,0.11345171560932132,-0.004213042178062398,True,20,True,True,False,True,False,False,2,,TARGET_BEFORE_STOP,True,False,True,False,False,4,,TARGET_BEFORE_STOP,2023-01-20,2023-01-24,2023-01-26,2023-02-02,2023-02-16
BAC|2023-01-20T00:00:00|Long,BAC,2023-01-20,Long,0.013884822507819194,0.019497780713836343,-0.002954164804395587,True,0.03013295432032237,0.03279174772194393,-0.002954164804395587,True,0.047267425729474954,0.05701625973931135,-0.002954164804395587,True,0.07621866905037367,0.08596750306021006,-0.002954164804395587,True,0.04431314823091581,0.09305765636258845,-0.002954164804395587,True,20,True,True,False,True,False,False,3,,TARGET_BEFORE_STOP,True,False,True,False,False,5,,TARGET_BEFORE_STOP,2023-01-23,2023-01-25,2023-01-27,2023-02-03,2023-02-17
BAC|2023-01-23T00:00:00|Long,BAC,2023-01-23,Long,0.007284382349155516,0.013694674384685523,-0.010780854754511071,True,0.02972029332265702,0.030011619710247572,-0.010780854754511071,True,0.028554765470587107,0.04254076624286318,-0.010780854754511071,True,0.05973191303290437,0.07109553171345051,-0.010780854754511071,True,0.00582752810949505,0.07808858767501525,-0.010780854754511071,True,20,True,True,False,True,False,False,3,,TARGET_BEFORE_STOP,True,False,True,False,False,7,,TARGET_BEFORE_STOP,2023-01-24,2023-01-26,2023-01-30,2023-02-06,2023-02-21
BAC|2023-01-24T00:00:00|Long,BAC,2023-01-24,Long,0.008678022554494236,0.011281440355547012,-0.009256572104399785,True,0.025455628460621327,0.03500142016645191,-0.009256572104399785,True,0.026323397611957455,0.03500142016645191,-0.009256572104399785,True,0.06363901597803112,0.07029217028137835,-0.009256572104399785,True,-0.008099473004588909,0.07029217028137835,-0.014463407706505116,True,20,True,True,False,True,False,False,3,,TARGET_BEFORE_STOP,True,False,True,False,False,7,,TARGET_BEFORE_STOP,2023-01-25,2023-01-27,2023-01-31,2023-02-07,2023-02-22
BAC|2023-01-25T00:00:00|Long,BAC,2023-01-25,Long,0.013478670349867938,0.01376540169025997,-0.0022941789161993187,True,0.012331526192924436,0.026096927883184184,-0.0022941789161993187,True,0.03011182303479898,0.039862329573444155,-0.0022941789161993187,True,0.04674508511741826,0.06108405888614987,-0.0022941789161993187,True,-0.017493565501482844,0.06108405888614987,-0.028964678877855365,True,20,True,True,True,True,False,False,5,19,TARGET_BEFORE_STOP,True,False,True,False,False,7,,TARGET_BEFORE_STOP,2023-01-26,2023-01-30,2023-02-01,2023-02-08,2023-02-23
BAC|2023-01-26T00:00:00|Long,BAC,2023-01-26,Long,0.003112637517731054,0.0124504421281606,-0.0019807497035082555,True,0.003961499407016511,0.0124504421281606,-0.009620830535366998,True,0.022354298588464827,0.02942843551321217,-0.009620830535366998,True,0.010752718349589685,0.04697226486261208,-0.009620830535366998,True,-0.031975129123831825,0.04697226486261208,-0.04244482154848428,True,20,True,True,True,True,False,False,6,17,TARGET_BEFORE_STOP,False,True,False,True,False,,17,STOP_BEFORE_TARGET,2023-01-27,2023-01-31,2023-02-02,2023-02-09,2023-02-24
BAC|2023-01-27T00:00:00|Long,BAC,2023-01-27,Long,-0.004231354658692177,0.0031029790686651904,-0.007616373820954592,True,0.013258036555452213,0.022849013855044786,-0.012693956368257653,True,0.0276445563087504,0.03695338590692687,-0.012693956368257653,True,0.003667166863678739,0.04372353183927058,-0.012693956368257653,True,-0.03497889003610777,0.04372353183927058,-0.045416095224311226,True,20,True,True,True,True,False,False,5,15,TARGET_BEFORE_STOP,False,True,False,True,False,,16,STOP_BEFORE_TARGET,2023-01-30,2023-02-01,2023-02-03,2023-02-10,2023-02-27
BAC|2023-01-30T00:00:00|Long,BAC,2023-01-30,Long,0.005099158897057476,0.005099158897057476,-0.008498562140068944,True,0.023512800254774202,0.03059495338234508,-0.008498562140068944,True,0.030311606740797137,0.04135974832939482,-0.008498562140068944,True,0.009915079217647671,0.048158662880498415,-0.008498562140068944,True,-0.028328612510283735,0.048158662880498415,-0.04135974832939493,True,20,True,True,True,True,False,False,3,15,TARGET_BEFORE_STOP,False,True,False,True,False,,16,STOP_BEFORE_TARGET,2023-01-31,2023-02-02,2023-02-06,2023-02-13,2023-02-28
BAC|2023-01-31T00:00:00|Long,BAC,2023-01-31,Long,0.012401314328800872,0.021984182338230962,-0.010428380401874326,True,0.026775670101363724,0.03607662896875552,-0.010428380401874326,True,0.036358538110793814,0.04284105065881483,-0.010428380401874326,True,0.003945867853853313,0.04284105065881483,-0.012683223470839167,True,-0.037767761270479094,0.04284105065881483,-0.046223207745426764,True,20,True,True,True,True,False,False,3,13,TARGET_BEFORE_STOP,False,True,False,True,False,,14,STOP_BEFORE_TARGET,2023-02-01,2023-02-03,2023-02-07,2023-02-14,2023-03-01
BAC|2023-02-01T00:00:00|Long,BAC,2023-02-01,Long,0.005846406176921226,0.012806317444849391,-0.013363016890443835,True,0.012527861522234174,0.023385306108231196,-0.013363016890443835,True,0.016147045117505865,0.030066867653362195,-0.013363016890443835,True,-0.010022183017969422,0.030066867653362195,-0.02477726712185324,True,-0.06765023982042884,0.030066867653362195,-0.08129171263348789,True,20,True,True,True,True,False,False,4,7,TARGET_BEFORE_STOP,False,True,False,True,False,,12,STOP_BEFORE_TARGET,2023-02-02,2023-02-06,2023-02-08,2023-02-15,2023-03-02
BAC|2023-02-02T00:00:00|Long,BAC,2023-02-02,Long,0.008303327655456272,0.01743695640169629,-0.006365888055267832,True,0.017713793820317347,0.02407968187558507,-0.006365888055267832,True,-0.011347905765049515,0.02407968187558507,-0.015776354220128797,True,-0.023526218203422267,0.02407968187558507,-0.0304456755133925,True,-0.05452535738897757,0.02407968187558507,-0.08663163508393756,True,20,True,False,True,False,True,False,,6,STOP_BEFORE_TARGET,False,True,False,True,False,,6,STOP_BEFORE_TARGET,2023-02-03,2023-02-07,2023-02-09,2023-02-16,2023-03-03
BAC|2023-02-03T00:00:00|Long,BAC,2023-02-03,Long,-0.001647031918429409,0.00027445296320194323,-0.012352477605538703,True,0.0019214848816313523,0.015646436729324975,-0.012352477605538703,True,-0.02333237625585005,0.015646436729324975,-0.03842990705877103,True,-0.029645946253292976,0.015646436729324975,-0.04639029954849816,True,-0.06423277883572887,0.015646436729324975,-0.09415317805222378,True,20,True,False,True,False,True,False,,4,STOP_BEFORE_TARGET,False,True,False,True,False,,5,STOP_BEFORE_TARGET,2023-02-06,2023-02-08,2023-02-10,2023-02-17,2023-03-06
BAC|2023-02-06T00:00:00|Long,BAC,2023-02-06,Long,0.010998117614136937,0.01732199853222771,-0.006598786659823941,True,-0.017871810015694045,0.01732199853222771,-0.022271036084184348,True,-0.019796464865294627,0.01732199853222771,-0.03684355765578928,True,-0.050866057972282275,0.01732199853222771,-0.05773985525966219,True,-0.09265875806585089,0.01732199853222771,-0.09815781687291936,True,20,True,False,True,False,True,False,,3,STOP_BEFORE_TARGET,False,True,False,True,False,,4,STOP_BEFORE_TARGET,2023-02-07,2023-02-09,2023-02-13,2023-02-21,2023-03-07
BAC|2023-02-07T00:00:00|Long,BAC,2023-02-07,Long,-0.0073429549742272116,0.0019037175401894757,-0.011694324172492387,True,-0.03236330192804571,0.0019037175401894757,-0.047321230807855774,True,-0.03127553743709821,0.0019037175401894757,-0.047321230807855774,True,-0.06744627444552287,0.0019037175401894757,-0.07342944599744683,True,-0.11449548632202289,0.0019037175401894757,-0.11775909102934057,True,20,True,False,True,False,True,False,,2,STOP_BEFORE_TARGET,False,True,False,True,False,,2,STOP_BEFORE_TARGET,2023-02-08,2023-02-10,2023-02-14,2023-02-22,2023-03-08
BAC|2023-02-08T00:00:00|Long,BAC,2023-02-08,Long,-0.0213698295697774,-0.0041096308459974695,-0.02575338703312291,True,-0.02328762942797513,-0.0041096308459974695,-0.04027400604666098,True,-0.02575338703312291,-0.0041096308459974695,-0.04027400604666098,True,-0.06136990899909034,-0.0041096308459974695,-0.07232875040132702,True,-0.16328764614993574,-0.0041096308459974695,-0.16958905572760596,True,20,True,False,True,False,True,False,,1,STOP_BEFORE_TARGET,False,True,False,True,False,,2,STOP_BEFORE_TARGET,2023-02-09,2023-02-13,2023-02-15,2023-02-23,2023-03-09
BAC|2023-02-09T00:00:00|Long,BAC,2023-02-09,Long,-0.003919355679285252,-0.0036394474712360125,-0.01931697698280954,True,-0.0027996160526556624,0.007558803150521154,-0.01931697698280954,True,-0.012318097042819387,0.007558803150521154,-0.01931697698280954,True,-0.042273294642422354,0.007558803150521154,-0.05263160705116654,True,-0.15257560405067017,0.007558803150521154,-0.19036956640605973,True,20,True,False,True,False,True,False,,6,STOP_BEFORE_TARGET,False,True,False,True,False,,7,STOP_BEFORE_TARGET,2023-02-10,2023-02-14,2023-02-16,2023-02-24,2023-03-10
BAC|2023-02-10T00:00:00|Long,BAC,2023-02-10,Long,0.001967388735857778,0.005621049408368162,-0.005340147038452758,True,-0.0005621263837658486,0.011523322830586658,-0.011804439629792163,True,-0.006464399805984344,0.011523322830586658,-0.023608772044939275,True,-0.0385048531781208,0.011523322830586658,-0.04890392324117587,True,-0.19870717364612567,0.011523322830586658,-0.21669478906805173,True,20,True,False,True,False,True,False,,5,STOP_BEFORE_TARGET,False,True,False,True,False,,6,STOP_BEFORE_TARGET,2023-02-13,2023-02-15,2023-02-17,2023-02-27,2023-03-13
BAC|2023-02-13T00:00:00|Long,BAC,2023-02-13,Long,-0.0008415874532953227,0.009537170772379255,-0.005329661522407658,True,-0.010378758225674689,0.009537170772379255,-0.013744787026477301,True,-0.03169708330292631,0.009537170772379255,-0.03870970572367216,True,-0.037868225274503065,0.009537170772379255,-0.05077142484768493,True,-0.19326791029715684,0.009537170772379255,-0.2182328289943517,True,20,True,False,True,False,True,False,,4,STOP_BEFORE_TARGET,False,True,False,True,False,,5,STOP_BEFORE_TARGET,2023-02-14,2023-02-16,2023-02-21,2023-02-28,2023-03-14
BAC|2023-02-14T00:00:00|Long,BAC,2023-02-14,Long,-0.0016843784501083814,-0.00028069404359953865,-0.012914067890689718,True,-0.0075800243082541074,0.001122990362909304,-0.024705145418470242,True,-0.03733851926556042,0.001122990362909304,-0.0435148591673058,True,-0.0415496795793423,0.001122990362909304,-0.0499718931126506,True,-0.20016842713558525,0.001122990362909304,-0.22290844651321984,True,20,True,False,True,False,True,False,,3,STOP_BEFORE_TARGET,False,True,False,True,False,,4,STOP_BEFORE_TARGET,2023-02-15,2023-02-17,2023-02-22,2023-03-01,2023-03-15
BAC|2023-02-15T00:00:00|Long,BAC,2023-02-15,Long,-0.007874088390909084,0.002812105462858705,-0.00956130875864547,True,-0.029246368823497404,0.002812105462858705,-0.0362767397555912,True,-0.03655801466684527,0.002812105462858705,-0.04780654379322713,True,-0.05821146273574074,0.002812105462858705,-0.07199103696362119,True,-0.18532063569846347,0.002812105462858705,-0.2215973218165811,True,20,True,False,True,False,True,False,,2,STOP_BEFORE_TARGET,False,True,False,True,False,,3,STOP_BEFORE_TARGET,2023-02-16,2023-02-21,2023-02-23,2023-03-02,2023-03-16
BAC|2023-02-16T00:00:00|Long,BAC,2023-02-16,Long,0.001984118402671209,0.0031179312402955794,-0.01530604080255693,True,-0.028061164909974012,0.0031179312402955794,-0.03429702739056528,True,-0.030328790585222976,0.0031179312402955794,-0.040816289017391094,True,-0.03174600256908189,0.0031179312402955794,-0.06462581797578837,True,-0.21145122853151455,0.0031179312402955794,-0.2171201305301218,True,20,True,False,True,False,True,False,,2,STOP_BEFORE_TARGET,False,True,False,True,False,,3,STOP_BEFORE_TARGET,2023-02-17,2023-02-22,2023-02-24,2023-03-03,2023-03-17
BAC|2023-02-17T00:00:00|Long,BAC,2023-02-17,Long,-0.02347943570535216,-0.008486541725883479,-0.030551571795627175,True,-0.0308345176700886,-0.008486541725883479,-0.042149870667189004,True,-0.032248923305697064,-0.008486541725883479,-0.04271565450387893,True,-0.0356435184136038,-0.008486541725883479,-0.0664780360836924,True,-0.21499289397946864,-0.008486541725883479,-0.21867038100572045,True,20,True,False,True,False,True,False,,1,STOP_BEFORE_TARGET,False,True,False,True,False,,1,STOP_BEFORE_TARGET,2023-02-21,2023-02-23,2023-02-27,2023-03-06,2023-03-20
BAC|2023-02-21T00:00:00|Long,BAC,2023-02-21,Long,-0.006662790822315912,0.0008690260399497607,-0.013035943133605787,True,-0.008980340938011033,0.0023174396088232463,-0.0196987339559217,True,-0.006373152311289876,0.004924628235544404,-0.0196987339559217,True,-0.04403245763636188,0.004924628235544404,-0.04982622241872803,True,-0.17178447933195506,0.004924628235544404,-0.19988411144352802,True,20,True,False,True,False,True,False,,7,STOP_BEFORE_TARGET,False,True,False,True,False,,7,STOP_BEFORE_TARGET,2023-02-22,2023-02-24,2023-02-28,2023-03-07,2023-03-21
BAC|2023-02-22T00:00:00|Long,BAC,2023-02-22,Long,-0.0008749662640152867,0.009040465159432909,-0.012540107719305027,True,-0.0023330950399147454,0.01166514145528974,-0.013123381479283713,True,-0.0043744975757927795,0.01166514145528974,-0.013123381479283713,True,-0.050452012133162194,0.01166514145528974,-0.0539516546930342,True,-0.19393413089317313,0.01166514145528974,-0.19451734902910456,True,20,True,False,True,False,True,False,,6,STOP_BEFORE_TARGET,False,True,False,True,False,,6,STOP_BEFORE_TARGET,2023-02-23,2023-02-27,2023-03-01,2023-03-08,2023-03-22
BAC|2023-02-23T00:00:00|Long,BAC,2023-02-23,Long,-0.0014594057066582566,0.0008757325004093985,-0.012259141550550967,True,0.001167569103533772,0.012551089499193369,-0.012259141550550967,True,-0.02247509284267668,0.012551089499193369,-0.03677753599717093,True,-0.10858136568173016,0.012551089499193369,-0.11529477668153165,True,-0.21278456991624484,0.012551089499193369,-0.21803846386386982,True,20,True,False,True,False,True,False,,5,STOP_BEFORE_TARGET,False,True,False,True,False,,5,STOP_BEFORE_TARGET,2023-02-24,2023-02-28,2023-03-02,2023-03-09,2023-03-23
BAC|2023-02-24T00:00:00|Long,BAC,2023-02-24,Long,0.0,0.01403097208658477,-0.001169275550945592,True,-0.0020461764600276933,0.01403097208658477,-0.006723167155555987,True,-0.0014615386845550082,0.01403097208658477,-0.035369749104198434,True,-0.11517096557004247,0.01403097208658477,-0.15463312334842338,True,-0.20666471452883417,0.01403097208658477,-0.23063430578194832,True,20,True,False,True,False,True,False,,4,STOP_BEFORE_TARGET,False,True,False,True,False,,4,STOP_BEFORE_TARGET,2023-02-27,2023-03-01,2023-03-03,2023-03-10,2023-03-24
BAC|2023-02-27T00:00:00|Long,BAC,2023-02-27,Long,0.0026308142355004893,0.008184817348364959,-0.0008769009090822122,True,-0.021046402375750284,0.008184817348364959,-0.035369749104198434,True,-0.0035077151445827015,0.010230993808392652,-0.035369749104198434,True,-0.16661791897498046,0.010230993808392652,-0.18532588175709352,True,-0.16720255675045326,0.010230993808392652,-0.23063430578194832,True,20,True,False,True,False,True,False,,3,STOP_BEFORE_TARGET,False,True,False,True,False,,3,STOP_BEFORE_TARGET,2023-02-28,2023-03-02,2023-03-06,2023-03-13,2023-03-27
BAC|2023-02-28T00:00:00|Long,BAC,2023-02-28,Long,-0.004664718687201419,0.005539429901822102,-0.009329437374402727,True,-0.004081614949342893,0.005539429901822102,-0.037900853235469434,True,-0.037900853235469434,0.007580237376493715,-0.04373177939838779,True,-0.16151600966197222,0.007580237376493715,-0.187463514310509,True,-0.18017488441077778,0.007580237376493715,-0.2326530530535429,True,20,True,False,True,False,True,False,,2,STOP_BEFORE_TARGET,False,True,False,True,False,,2,STOP_BEFORE_TARGET,2023-03-01,2023-03-03,2023-03-07,2023-03-14,2023-03-28
BAC|2023-03-01T00:00:00|Long,BAC,2023-03-01,Long,-0.019039183444705232,-0.012888067796579916,-0.033391898360551675,True,-0.0014645353823792284,0.01230234303313793,-0.033391898360551675,True,-0.04627996615713159,0.01230234303313793,-0.04979498515910663,True,-0.1654950122888229,0.01230234303313793,-0.18922083186771788,True,-0.16022259552274765,0.01230234303313793,-0.22905681999500316,True,20,True,False,True,False,True,False,,1,STOP_BEFORE_TARGET,False,True,False,True,False,,1,STOP_BEFORE_TARGET,2023-03-02,2023-03-06,2023-03-08,2023-03-15,2023-03-29
BAC|2023-03-02T00:00:00|Long,BAC,2023-03-02,Long,0.02000591625458492,0.023887703701577445,0.004777540740315445,True,-0.014631282589091521,0.03194982505815158,-0.020603236990874962,True,-0.0880860141860258,0.03194982505815158,-0.0949537788339101,True,-0.13496572524863593,0.03194982505815158,-0.17348465458652684,True,-0.15497169845599879,0.03194982505815158,-0.21409380783198662,True,20,True,True,True,True,False,False,2,3,TARGET_BEFORE_STOP,False,True,False,True,False,,4,STOP_BEFORE_TARGET,2023-03-03,2023-03-07,2023-03-09,2023-03-16,2023-03-30
BAC|2023-03-03T00:00:00|Long,BAC,2023-03-03,Long,-0.0020491714033049613,0.01170964659442797,-0.0049765272161789165,True,-0.046838363034779285,0.01170964659442797,-0.0503513240159873,True,-0.11387586086137336,0.01170964659442797,-0.15339577852823483,True,-0.18559719499144545,0.01170964659442797,-0.19145196245292628,True,-0.16276345113519075,0.01170964659442797,-0.22950820221335078,True,20,True,False,True,False,True,False,,2,STOP_BEFORE_TARGET,False,True,False,True,False,,2,STOP_BEFORE_TARGET,2023-03-06,2023-03-08,2023-03-10,2023-03-17,2023-03-31
BAC|2023-03-06T00:00:00|Long,BAC,2023-03-06,Long,-0.031974190311206074,-0.005573441650294608,-0.037841035780383114,True,-0.10413608745000413,-0.005573441650294608,-0.11088297652467316,True,-0.1636843619457261,-0.005573441650294608,-0.18245817792647645,True,-0.18597829639805974,-0.005573441650294608,-0.18979170678775525,True,-0.16133763494813236,-0.005573441650294608,-0.2279260904366357,True,20,True,False,True,False,True,False,,1,STOP_BEFORE_TARGET,False,True,False,True,False,,1,STOP_BEFORE_TARGET,2023-03-07,2023-03-09,2023-03-13,2023-03-20,2023-04-03
BAC|2023-03-07T00:00:00|Long,BAC,2023-03-07,Long,-0.013333291718454099,-0.0009090539180871549,-0.016969738584576177,True,-0.08272725885564636,-0.0009090539180871549,-0.1236363613244259,True,-0.12848484154903528,-0.0009090539180871549,-0.15545452002323035,True,-0.13363635901248816,-0.0009090539180871549,-0.16303027759898792,True,-0.1521212259928385,-0.0009090539180871549,-0.2024242516719934,True,20,True,False,True,False,True,False,,2,STOP_BEFORE_TARGET,False,True,False,True,False,,2,STOP_BEFORE_TARGET,2023-03-08,2023-03-10,2023-03-14,2023-03-21,2023-04-04
BAC|2023-03-08T00:00:00|Long,BAC,2023-03-08,Long,-0.062039323481745234,-0.005221190923598407,-0.069103249768113,True,-0.12438577928720229,-0.005221190923598407,-0.14404177936874496,True,-0.12500004393462572,-0.005221190923598407,-0.14987717636026576,True,-0.15110570565511272,-0.005221190923598407,-0.15171991172303523,True,-0.15110570565511272,-0.005221190923598407,-0.19164623511304502,True,20,True,False,True,False,True,False,,1,STOP_BEFORE_TARGET,False,True,False,True,False,,1,STOP_BEFORE_TARGET,2023-03-09,2023-03-13,2023-03-15,2023-03-22,2023-04-05
BAC|2023-03-09T00:00:00|Long,BAC,2023-03-09,Long,-0.008840879164034199,0.016371970694532223,-0.05304521253009353,True,-0.05828423815601491,0.016371970694532223,-0.08742632600696643,True,-0.051408040442285086,0.016371970694532223,-0.09364769235803994,True,-0.11689592322041376,0.016371970694532223,-0.12278978020899145,True,-0.08840866673211856,0.016371970694532223,-0.1381794726324833,True,20,True,False,True,False,True,False,,1,STOP_BEFORE_TARGET,False,True,False,True,False,,1,STOP_BEFORE_TARGET,2023-03-10,2023-03-14,2023-03-16,2023-03-23,2023-04-06
BAC|2023-03-10T00:00:00|Long,BAC,2023-03-10,Long,-0.05814338296220378,-0.018169842619480847,-0.07928640839893741,True,-0.058804118259898175,-0.005946491656877884,-0.0855632677046625,True,-0.08093824664317362,-0.005946491656877884,-0.08754541058655974,True,-0.10340274267529614,-0.005946491656877884,-0.13049225976890777,True,-0.07697389786819298,-0.005946491656877884,-0.13049225976890777,True,20,True,False,True,False,True,False,,1,STOP_BEFORE_TARGET,False,True,False,True,False,,1,STOP_BEFORE_TARGET,2023-03-13,2023-03-15,2023-03-17,2023-03-24,2023-04-10
BAC|2023-03-13T00:00:00|Long,BAC,2023-03-13,Long,0.008768852963625617,0.055419148054072886,-0.0014030485866787235,True,0.016134657340572733,0.055419148054072886,-0.029112589163195812,True,-0.02665732103754681,0.055419148054072886,-0.031217095142175078,True,-0.0007015242933393617,0.055419148054072886,-0.07681517069365207,True,0.007015042230277269,0.055419148054072886,-0.07681517069365207,True,20,True,True,True,True,False,False,1,2,TARGET_BEFORE_STOP,True,True,True,False,False,1,4,TARGET_BEFORE_STOP,2023-03-14,2023-03-16,2023-03-20,2023-03-27,2023-04-11
BAC|2023-03-14T00:00:00|Long,BAC,2023-03-14,Long,-0.009388054784941424,-0.0069541293931773,-0.03755215282027291,True,-0.03268430203674455,0.02468703333874278,-0.03963836511042895,True,-0.00591099008835283,0.02468703333874278,-0.03963836511042895,True,-0.022253107946978656,0.02468703333874278,-0.08484007352709544,True,-0.009735767886549618,0.02468703333874278,-0.08484007352709544,True,20,True,False,True,False,True,False,,1,STOP_BEFORE_TARGET,False,True,False,True,False,,1,STOP_BEFORE_TARGET,2023-03-15,2023-03-17,2023-03-21,2023-03-28,2023-04-12
BAC|2023-03-15T00:00:00|Long,BAC,2023-03-15,Long,0.016848000915848704,0.03439801860685887,-0.013337983988045754,True,-0.02597401814893452,0.03439801860685887,-0.03053699329147519,True,-0.0298350434643182,0.03439801860685887,-0.03053699329147519,True,0.006318017080444438,0.03439801860685887,-0.07616707945690437,True,0.0024569917650607564,0.03439801860685887,-0.07616707945690437,True,20,True,True,True,True,False,False,1,2,TARGET_BEFORE_STOP,False,True,False,True,False,,2,STOP_BEFORE_TARGET,2023-03-16,2023-03-20,2023-03-22,2023-03-29,2023-04-13
BAC|2023-03-16T00:00:00|Long,BAC,2023-03-16,Long,-0.03969622526018324,-0.010700706706592178,-0.046599879396572064,True,-0.013116988946265895,0.00034519258263232544,-0.046599879396572064,True,-0.06903693639640673,0.00034519258263232544,-0.07525020536753069,True,-0.023127376326346316,0.003106667404938479,-0.09147392755748829,True,0.018985197012263644,0.031066674049385457,-0.09147392755748829,True,20,True,True,True,False,True,False,20,1,STOP_BEFORE_TARGET,False,True,False,True,False,,1,STOP_BEFORE_TARGET,2023-03-17,2023-03-21,2023-03-23,2023-03-30,2023-04-14
BAC|2023-03-17T00:00:00|Long,BAC,2023-03-17,Long,-0.0025161644713188602,0.021926693639218398,-0.006110714527634342,True,-0.00647017638929992,0.041696616108443774,-0.00647017638929992,True,-0.02444285811053737,0.041696616108443774,-0.05391804516371246,True,0.02803740816685285,0.04457224244142832,-0.05391804516371246,True,0.09166071791451502,0.09309849680083748,-0.05391804516371246,True,20,True,True,True,True,False,False,2,4,TARGET_BEFORE_STOP,True,True,False,True,False,19,4,STOP_BEFORE_TARGET,2023-03-20,2023-03-22,2023-03-24,2023-03-31,2023-04-17
BAC|2023-03-20T00:00:00|Long,BAC,2023-03-20,Long,0.03027027576893304,0.044324307828336185,0.027387395635381395,True,-0.02810813285209035,0.044324307828336185,-0.0345945616026182,True,0.02666665841867255,0.044324307828336185,-0.051531542528856944,True,0.03027027576893304,0.04720718796188761,-0.051531542528856944,True,0.10126124201594178,0.11459460559192003,-0.051531542528856944,True,20,True,True,True,True,False,False,1,3,TARGET_BEFORE_STOP,True,True,False,True,False,18,3,STOP_BEFORE_TARGET,2023-03-21,2023-03-23,2023-03-27,2023-04-03,2023-04-18
BAC|2023-03-21T00:00:00|Long,BAC,2023-03-21,Long,-0.03322842804719128,0.005246576345915077,-0.03322842804719128,True,-0.05071706034279977,0.005246576345915077,-0.0793984066333836,True,-0.01643929034089031,0.005246576345915077,-0.0793984066333836,True,-0.021336152749070414,0.01643929034089031,-0.0793984066333836,True,0.05141655493210728,0.0818468044805547,-0.0793984066333836,True,20,True,True,True,False,True,False,17,1,STOP_BEFORE_TARGET,True,True,False,True,False,18,1,STOP_BEFORE_TARGET,2023-03-22,2023-03-24,2023-03-28,2023-04-04,2023-04-19
BAC|2023-03-22T00:00:00|Long,BAC,2023-03-22,Long,-0.024240234844030817,0.016280780494806635,-0.030752478035127262,True,0.030752547041953404,0.03654125366081207,-0.04775686410899771,True,0.0372648592398761,0.04088281812836936,-0.04775686410899771,True,0.0,0.051374822997490854,-0.04775686410899771,True,0.08176556724991246,0.11903042648978834,-0.04775686410899771,True,20,True,True,True,False,True,False,3,1,STOP_BEFORE_TARGET,True,True,False,True,False,6,1,STOP_BEFORE_TARGET,2023-03-23,2023-03-27,2023-03-29,2023-04-05,2023-04-20
BAC|2023-03-23T00:00:00|Long,BAC,2023-03-23,Long,0.006303302952246126,0.011865094932145492,-0.024100839268780372,True,0.04264002799990685,0.06229144782899243,-0.024100839268780372,True,0.04931405107776521,0.07749351893950562,-0.024100839268780372,True,0.03225809645470057,0.07749351893950562,-0.024100839268780372,True,0.10752694103492022,0.1468298514142139,-0.024100839268780372,True,20,True,True,True,False,True,False,2,1,STOP_BEFORE_TARGET,True,False,True,False,False,2,,TARGET_BEFORE_STOP,2023-03-24,2023-03-28,2023-03-30,2023-04-06,2023-04-21
BAC|2023-03-24T00:00:00|Long,BAC,2023-03-24,Long,0.04974209328776302,0.055637445204135494,0.028371425021378682,True,0.05637438176321674,0.06005899428048389,0.028371425021378682,True,0.05379517408457102,0.07074429327460696,0.028371425021378682,True,0.02947682986000033,0.07074429327460696,0.01179070383274472,True,0.09653651061734014,0.13964631542964967,0.01179070383274472,True,20,True,True,False,True,False,False,1,,TARGET_BEFORE_STOP,True,False,True,False,False,1,,TARGET_BEFORE_STOP,2023-03-27,2023-03-29,2023-03-31,2023-04-10,2023-04-24
BAC|2023-03-27T00:00:00|Long,BAC,2023-03-27,Long,-0.012986975600465023,0.0056160003052829754,-0.017901026078590898,True,-0.006669025468025169,0.020007009456070923,-0.017901026078590898,True,0.0035100169278028392,0.020007009456070923,-0.017901026078590898,True,0.00772198368276289,0.020007009456070923,-0.03615306054476264,True,0.012285025773308034,0.08564410507757092,-0.03615306054476264,True,20,True,True,True,False,True,False,13,6,STOP_BEFORE_TARGET,True,True,False,True,False,14,7,STOP_BEFORE_TARGET,2023-03-28,2023-03-30,2023-04-03,2023-04-11,2023-04-25
BAC|2023-03-28T00:00:00|Long,BAC,2023-03-28,Long,0.019559005001634988,0.023115206227995122,0.004267387208514606,True,0.01706968449185209,0.03342811517265276,-0.00035562690552570775,True,-0.004978708848462743,0.03342811517265276,-0.016358498509697394,True,0.012802229454440761,0.03342811517265276,-0.02347090096241744,True,0.011379789661234652,0.09992885427022591,-0.02347090096241744,True,20,True,True,True,True,False,False,2,6,TARGET_BEFORE_STOP,True,False,True,False,False,12,,TARGET_BEFORE_STOP,2023-03-29,2023-03-31,2023-04-04,2023-04-12,2023-04-26
BAC|2023-03-29T00:00:00|Long,BAC,2023-03-29,Long,-0.012905505345266355,0.0136030480854763,-0.019532593807190968,True,-0.002790370543884424,0.0136030480854763,-0.019532593807190968,True,-0.035926078964233166,0.0136030480854763,-0.042204429319893544,True,-0.0038367844457216638,0.0136030480854763,-0.042204429319893544,True,0.007673502363761742,0.07882805102433665,-0.042204429319893544,True,20,True,True,True,False,True,False,11,4,STOP_BEFORE_TARGET,True,True,False,True,False,12,4,STOP_BEFORE_TARGET,2023-03-30,2023-04-03,2023-04-05,2023-04-13,2023-04-27
BAC|2023-03-30T00:00:00|Long,BAC,2023-03-30,Long,0.010600747438053393,0.013427599942038126,-0.0014133925532524572,True,-0.01130741001593949,0.024028279982611478,-0.02261482003187898,True,-0.01625438504854304,0.024028279982611478,-0.029681984990581167,True,0.043109584932619294,0.05547708991160816,-0.029681984990581167,True,0.03462902742066465,0.09293290243877772,-0.029681984990581167,True,20,True,True,True,False,True,False,10,3,STOP_BEFORE_TARGET,True,False,True,False,False,10,,TARGET_BEFORE_STOP,2023-03-31,2023-04-04,2023-04-06,2023-04-14,2023-04-28
BAC|2023-03-31T00:00:00|Long,BAC,2023-03-31,Long,-0.0003496583478479476,0.013286683765669105,-0.00944057532036291,True,-0.0335664677977866,0.013286683765669105,-0.03986018467802854,True,-0.02307691743387985,0.013286683765669105,-0.03986018467802854,True,0.06188812706836444,0.06328669376924556,-0.03986018467802854,True,0.01538463385275679,0.08146852771427548,-0.03986018467802854,True,20,True,True,True,False,True,False,9,2,STOP_BEFORE_TARGET,True,True,False,True,False,10,2,STOP_BEFORE_TARGET,2023-04-03,2023-04-05,2023-04-10,2023-04-17,2023-05-01
BAC|2023-04-03T00:00:00|Long,BAC,2023-04-03,Long,-0.021336152749070414,0.00209861719559834,-0.03252886674404587,True,-0.02623294844341273,0.00209861719559834,-0.03952434634782431,True,0.004197234391196902,0.005596356997487728,-0.03952434634782431,True,0.06890518722771577,0.0818468044805547,-0.03952434634782431,True,-0.015040234448437384,0.0818468044805547,-0.03952434634782431,True,20,True,True,True,False,True,False,8,1,STOP_BEFORE_TARGET,True,True,False,True,False,9,1,STOP_BEFORE_TARGET,2023-04-04,2023-04-06,2023-04-11,2023-04-18,2023-05-02
BAC|2023-04-04T00:00:00|Long,BAC,2023-04-04,Long,-0.012151542464275411,-0.0025017761247119186,-0.01858472002398437,True,-0.0014295571419982167,0.004288807762568236,-0.01858472002398437,True,0.017869907368841753,0.03681203372039743,-0.01858472002398437,True,0.07433881192765046,0.10543248074348144,-0.01858472002398437,True,-0.004288739594281443,0.10543248074348144,-0.01858472002398437,True,20,True,True,False,True,False,False,5,,TARGET_BEFORE_STOP,True,False,True,False,False,7,,TARGET_BEFORE_STOP,2023-04-05,2023-04-10,2023-04-12,2023-04-19,2023-05-03
BAC|2023-04-05T00:00:00|Long,BAC,2023-04-05,Long,0.007235917776986511,0.013386427185377192,-0.0007235365722376708,True,0.0387120013911777,0.04015921254930532,-0.0007235365722376708,True,0.03328509756185083,0.049565878056657464,-0.0007235365722376708,True,0.08176556724991246,0.11903042648978834,-0.0007235365722376708,True,-0.023516629264966893,0.11903042648978834,-0.029305335883825667,True,20,True,True,True,True,False,False,3,20,TARGET_BEFORE_STOP,True,False,True,False,False,6,,TARGET_BEFORE_STOP,2023-04-06,2023-04-11,2023-04-13,2023-04-20,2023-05-04
BAC|2023-04-06T00:00:00|Long,BAC,2023-04-06,Long,0.003591967705518506,0.009339088629913839,-0.006824731789376592,True,0.022988483697581552,0.04202586457906987,-0.006824731789376592,True,0.06034483821723735,0.0729166909310095,-0.006824731789376592,True,0.0729166909310095,0.11099138418290044,-0.006824731789376592,True,-0.004669578570499766,0.11099138418290044,-0.03627874365467454,True,20,True,True,True,True,False,False,2,19,TARGET_BEFORE_STOP,True,True,True,False,False,5,19,TARGET_BEFORE_STOP,2023-04-10,2023-04-12,2023-04-14,2023-04-21,2023-05-05
BAC|2023-04-10T00:00:00|Long,BAC,2023-04-10,Long,0.02755900270926781,0.028990674676438566,0.0007157677177085375,True,0.022190369364131435,0.03829633766541751,0.0007157677177085375,True,0.0869720922951922,0.08840369599648623,0.0007157677177085375,True,0.06513957265697679,0.10701502197444435,0.0007157677177085375,True,-0.008947744997186424,0.10701502197444435,-0.03972800963258827,True,20,True,True,True,True,False,False,2,18,TARGET_BEFORE_STOP,True,True,True,False,False,4,18,TARGET_BEFORE_STOP,2023-04-11,2023-04-13,2023-04-17,2023-04-24,2023-05-08
BAC|2023-04-11T00:00:00|Long,BAC,2023-04-11,Long,-0.008011130253247511,0.010449360988361356,-0.011842502824151668,True,0.028213214877080617,0.040404102812671594,-0.016370579182939937,True,0.06443749357241435,0.07732501886089493,-0.016370579182939937,True,0.004528076358788269,0.07732501886089493,-0.016370579182939937,True,-0.036572597371778426,0.07732501886089493,-0.06548238316675425,True,20,True,True,True,True,False,False,3,15,TARGET_BEFORE_STOP,True,True,True,False,False,4,15,TARGET_BEFORE_STOP,2023-04-12,2023-04-14,2023-04-18,2023-04-25,2023-05-09
BAC|2023-04-12T00:00:00|Long,BAC,2023-04-12,Long,0.002808986130333757,0.005617972260667514,-0.008426958391001382,True,0.06636240615784295,0.06776686573725388,-0.008426958391001382,True,0.05547752630272651,0.08602530907017969,-0.008426958391001382,True,-0.0014044595794108217,0.08602530907017969,-0.008426958391001382,True,-0.04073033237559609,0.08602530907017969,-0.05793538079532956,True,20,True,True,True,True,False,False,2,14,TARGET_BEFORE_STOP,True,True,True,False,False,3,16,TARGET_BEFORE_STOP,2023-04-13,2023-04-17,2023-04-19,2023-04-26,2023-05-10
BAC|2023-04-13T00:00:00|Long,BAC,2023-04-13,Long,0.03361348073434267,0.04586839628107087,0.02415968301681648,True,0.07002801251397028,0.0829832242139783,0.02415968301681648,True,0.04691877372707354,0.0829832242139783,0.02415968301681648,True,0.011554619393448373,0.0829832242139783,-0.009103649640886169,True,-0.040966389992029395,0.0829832242139783,-0.060574214796444315,True,20,True,True,True,True,False,False,1,13,TARGET_BEFORE_STOP,True,True,True,False,False,2,15,TARGET_BEFORE_STOP,2023-04-14,2023-04-18,2023-04-20,2023-04-27,2023-05-11
BAC|2023-04-14T00:00:00|Long,BAC,2023-04-14,Long,0.02879405041628913,0.03014903034713101,-0.004065069016685574,True,0.018292649044884923,0.04776422173263506,-0.004065069016685574,True,0.011856381302246088,0.04776422173263506,-0.004065069016685574,True,-0.008130073421291018,0.04776422173263506,-0.041327953989996224,True,-0.08231708223218193,0.04776422173263506,-0.09112467792493395,True,20,True,True,True,True,False,False,1,7,TARGET_BEFORE_STOP,False,True,False,True,False,,8,STOP_BEFORE_TARGET,2023-04-17,2023-04-19,2023-04-21,2023-04-28,2023-05-12
BAC|2023-04-17T00:00:00|Long,BAC,2023-04-17,Long,0.0062561284642288495,0.018439231164556036,-0.018768573803807587,True,-0.015475838252067331,0.018439231164556036,-0.019756350506734854,True,-0.020085630342279615,0.018439231164556036,-0.03161017337151717,True,-0.04379321326813723,0.018439231164556036,-0.06815941866879127,True,-0.0895621055495428,0.018439231164556036,-0.11656242402714079,True,20,True,False,True,False,True,False,,4,STOP_BEFORE_TARGET,False,True,False,True,False,,4,STOP_BEFORE_TARGET,2023-04-18,2023-04-20,2023-04-24,2023-05-01,2023-05-15
BAC|2023-04-18T00:00:00|Long,BAC,2023-04-18,Long,-0.016361256830427107,-0.01178006247690322,-0.025196288084794127,True,-0.022578489488455422,-0.010798427011552203,-0.03763087822733413,True,-0.05628270102790245,-0.010798427011552203,-0.056937166280297546,True,-0.07853402030340195,-0.010798427011552203,-0.09325917641608317,True,-0.10471200626678878,-0.010798427011552203,-0.12205496097580859,True,20,True,False,True,False,True,False,,1,STOP_BEFORE_TARGET,False,True,False,True,False,,3,STOP_BEFORE_TARGET,2023-04-19,2023-04-21,2023-04-25,2023-05-02,2023-05-16
BAC|2023-04-19T00:00:00|Long,BAC,2023-04-19,Long,-0.0053226829758725724,0.005655358593287918,-0.00964733909949922,True,-0.009980014716914454,0.005655358593287918,-0.021623407520905524,True,-0.05389218099355608,0.005655358593287918,-0.05854957618598411,True,-0.07318692264394056,0.005655358593287918,-0.07817699345378393,True,-0.049567524869929436,0.005655358593287918,-0.10745174982108296,True,20,True,False,True,False,True,False,,2,STOP_BEFORE_TARGET,False,True,False,True,False,,4,STOP_BEFORE_TARGET,2023-04-20,2023-04-24,2023-04-26,2023-05-03,2023-05-17
BAC|2023-04-20T00:00:00|Long,BAC,2023-04-20,Long,-0.0010033036682142171,0.002675582766779483,-0.016387952420390373,True,-0.03545148760756023,0.002675582766779483,-0.0361203992469864,True,-0.03377927229991995,0.002675582766779483,-0.05351171912651598,True,-0.09732441085412791,0.002675582766779483,-0.1026755763876871,True,-0.04782609777324376,0.002675582766779483,-0.1026755763876871,True,20,True,False,True,False,True,False,,3,STOP_BEFORE_TARGET,False,True,False,True,False,,3,STOP_BEFORE_TARGET,2023-04-21,2023-04-25,2023-04-27,2023-05-04,2023-05-18
BAC|2023-04-21T00:00:00|Long,BAC,2023-04-21,Long,-0.0036826450371932884,0.001004311297422955,-0.009373976524223449,True,-0.047874130063549125,0.001004311297422955,-0.05256115025315633,True,-0.01975226434586974,0.001004311297422955,-0.05256115025315633,True,-0.07231341459902607,0.001004311297422955,-0.10177438333159972,True,-0.05892200132013803,0.001004311297422955,-0.10177438333159972,True,20,True,False,True,False,True,False,,2,STOP_BEFORE_TARGET,False,True,False,True,False,,2,STOP_BEFORE_TARGET,2023-04-24,2023-04-26,2023-04-28,2023-05-05,2023-05-19
BAC|2023-04-24T00:00:00|Long,BAC,2023-04-24,Long,-0.030913980820507225,-0.00772847918237296,-0.03158603920793501,True,-0.02923389894295325,-0.00772847918237296,-0.049059172734964185,True,-0.024193525128260562,-0.007392449988659067,-0.049059172734964185,True,-0.06955644082338752,-0.007392449988659067,-0.09845431057262699,True,-0.04771505596010872,-0.007392449988659067,-0.09845431057262699,True,20,True,False,True,False,True,False,,1,STOP_BEFORE_TARGET,False,True,False,True,False,,1,STOP_BEFORE_TARGET,2023-04-25,2023-04-27,2023-05-01,2023-05-08,2023-05-22
BAC|2023-04-25T00:00:00|Long,BAC,2023-04-25,Long,-0.01386961221962335,0.0034674195887878234,-0.018724026098137503,True,0.015256606509349568,0.020457702824767443,-0.018724026098137503,True,-0.023578373841123712,0.02427187098598682,-0.039181728922904835,True,-0.040915405649534886,0.02427187098598682,-0.06969487580607636,True,-0.009015264476637141,0.02427187098598682,-0.06969487580607636,True,20,True,False,True,False,True,False,,5,STOP_BEFORE_TARGET,False,True,False,True,False,,5,STOP_BEFORE_TARGET,2023-04-26,2023-04-28,2023-05-02,2023-05-09,2023-05-23
BAC|2023-04-26T00:00:00|Long,BAC,2023-04-26,Long,0.015822744273578104,0.022503494290797343,0.00281293678634964,True,0.02109705943047402,0.03867793111158524,0.0024613113048430613,True,-0.02039380846746086,0.03867793111158524,-0.025668123624356665,True,-0.0393811820745984,0.03867793111158524,-0.05661042827420293,True,-0.01195499810841183,0.03867793111158524,-0.05661042827420293,True,20,True,True,True,True,False,False,2,4,TARGET_BEFORE_STOP,False,True,False,True,False,,6,STOP_BEFORE_TARGET,2023-04-27,2023-05-01,2023-05-03,2023-05-10,2023-05-24
BAC|2023-04-27T00:00:00|Long,BAC,2023-04-27,Long,0.013499525968727166,0.01869162087005205,-0.013153311484761065,True,-0.025268243601898277,0.02249918794085559,-0.04084459432694165,True,-0.06576668946594233,0.02249918794085559,-0.07130493283016481,True,-0.0519210810553864,0.02249918794085559,-0.07130493283016481,True,-0.02492209513900079,0.02249918794085559,-0.07130493283016481,True,20,True,False,True,False,True,False,,3,STOP_BEFORE_TARGET,False,True,False,True,False,,3,STOP_BEFORE_TARGET,2023-04-28,2023-05-02,2023-05-04,2023-05-11,2023-05-25
BAC|2023-04-28T00:00:00|Long,BAC,2023-04-28,Long,-0.00819671330225158,0.008879789029527574,-0.009562864756803569,True,-0.048497269227920525,0.008879789029527574,-0.05362027204080366,True,-0.05362027204080366,0.008879789029527574,-0.08367488748239305,True,-0.07479509845286536,0.008879789029527574,-0.08367488748239305,True,-0.03312845621433125,0.008879789029527574,-0.08367488748239305,True,20,True,False,True,False,True,False,,2,STOP_BEFORE_TARGET,False,True,False,True,False,,2,STOP_BEFORE_TARGET,2023-05-01,2023-05-03,2023-05-05,2023-05-12,2023-05-26
BAC|2023-05-01T00:00:00|Long,BAC,2023-05-01,Long,-0.030303066128510636,-0.0061983574208338554,-0.04579895968059533,True,-0.07059232368388346,-0.0061983574208338554,-0.07610196012905868,True,-0.04648761497620679,-0.0061983574208338554,-0.07610196012905868,True,-0.047865056927524186,-0.0061983574208338554,-0.07610196012905868,True,-0.026859526930264388,0.0013773762712701032,-0.07610196012905868,True,20,True,False,True,False,True,False,,1,STOP_BEFORE_TARGET,False,True,False,True,False,,1,STOP_BEFORE_TARGET,2023-05-02,2023-05-04,2023-05-08,2023-05-15,2023-05-30
BAC|2023-05-02T00:00:00|Long,BAC,2023-05-02,Long,-0.010653382055615168,0.012073869120391212,-0.012428990886585223,True,-0.015980140815974098,0.012073869120391212,-0.047230111182982926,True,-0.017755681914392807,0.012073869120391212,-0.047230111182982926,True,-0.028409063970007975,0.012073869120391212,-0.047230111182982926,True,-0.01313916668642201,0.03267045743178487,-0.047230111182982926,True,20,True,True,True,False,True,False,15,2,STOP_BEFORE_TARGET,False,True,False,True,False,,2,STOP_BEFORE_TARGET,2023-05-03,2023-05-05,2023-05-09,2023-05-16,2023-05-31
BAC|2023-05-03T00:00:00|Long,BAC,2023-05-03,Long,-0.03122759584255519,-0.0017947287621594699,-0.03697059095766153,True,-0.006101940867538236,0.010409152972917113,-0.03697059095766153,True,-0.0193826598599105,0.010409152972917113,-0.03697059095766153,True,0.02548453226554681,0.029073921327963825,-0.03697059095766153,True,-0.0028714975575532264,0.04379035486816152,-0.03697059095766153,True,20,True,True,True,False,True,False,14,1,STOP_BEFORE_TARGET,False,True,False,True,False,,1,STOP_BEFORE_TARGET,2023-05-04,2023-05-08,2023-05-10,2023-05-17,2023-06-01
BAC|2023-05-04T00:00:00|Long,BAC,2023-05-04,Long,0.026676521654696694,0.033345669735549865,0.01778434776979787,True,0.024824011929444723,0.04297887577803605,0.009262689963692505,True,0.014820289808164855,0.04297887577803605,-0.004075606198013837,True,0.05483510762456789,0.062245287863008425,-0.004075606198013837,True,0.06372728150946672,0.07743609374996696,-0.004075606198013837,True,20,True,True,False,True,False,False,1,,TARGET_BEFORE_STOP,True,False,True,False,False,9,,TARGET_BEFORE_STOP,2023-05-05,2023-05-09,2023-05-11,2023-05-18,2023-06-02
BAC|2023-05-05T00:00:00|Long,BAC,2023-05-05,Long,-0.0007217088082202006,0.015878763933419693,-0.0018043752693072124,True,-0.014074319831608118,0.015878763933419693,-0.024900709112459896,True,-0.02237455620242812,0.015878763933419693,-0.02995308376502781,True,0.014435277484474929,0.0346445695972335,-0.02995308376502781,True,0.029953152597532284,0.04944066706956618,-0.02995308376502781,True,20,True,True,True,False,True,False,8,3,STOP_BEFORE_TARGET,False,False,False,False,True,,,NEITHER,2023-05-08,2023-05-10,2023-05-12,2023-05-19,2023-06-05
BAC|2023-05-08T00:00:00|Long,BAC,2023-05-08,Long,-0.0010834483953371388,0.005055954747138491,-0.016251381518969987,True,-0.010834277306719042,0.011195357889614233,-0.029252486734145933,True,-0.0014445978604494814,0.011195357889614233,-0.029252486734145933,True,0.023474164174565493,0.03539182099440441,-0.029252486734145933,True,0.05561570886517586,0.06283856040298863,-0.029252486734145933,True,20,True,True,True,False,True,False,7,2,STOP_BEFORE_TARGET,True,False,True,False,False,11,,TARGET_BEFORE_STOP,2023-05-09,2023-05-11,2023-05-15,2023-05-22,2023-06-06
BAC|2023-05-09T00:00:00|Long,BAC,2023-05-09,Long,-0.012292124167155416,0.012292124167155416,-0.023138083629032136,True,-0.020607364351722834,0.012292124167155416,-0.02819959114057935,True,-0.01084595946187672,0.012292124167155416,-0.02819959114057935,True,0.03326102969519806,0.051337674769611485,-0.02819959114057935,True,0.0657989770377565,0.07194503912133432,-0.02819959114057935,True,20,True,True,True,False,True,False,6,1,STOP_BEFORE_TARGET,True,False,True,False,False,10,,TARGET_BEFORE_STOP,2023-05-10,2023-05-12,2023-05-16,2023-05-23,2023-06-07
BAC|2023-05-10T00:00:00|Long,BAC,2023-05-10,Long,0.002562214334046242,0.006222550446300046,-0.016105437004853784,True,0.012079060299864164,0.01830161074616421,-0.016105437004853784,True,0.045754026865410635,0.04941436297766444,-0.016105437004853784,True,0.028550537897453987,0.06442167820431077,-0.016105437004853784,True,0.06991214746513918,0.08528550328452145,-0.016105437004853784,True,20,True,True,False,True,False,False,5,,TARGET_BEFORE_STOP,True,False,True,False,False,9,,TARGET_BEFORE_STOP,2023-05-11,2023-05-15,2023-05-17,2023-05-24,2023-06-08
BAC|2023-05-11T00:00:00|Long,BAC,2023-05-11,Long,-0.010952874908567,0.00584154256945979,-0.01861994305390824,True,-0.0010952457088484469,0.01861994305390824,-0.01861994305390824,True,0.039430447162193794,0.04673241019235874,-0.01861994305390824,True,0.028477572253626793,0.06170137173118451,-0.01861994305390824,True,0.06863822964617317,0.08251187583947028,-0.01861994305390824,True,20,True,True,False,True,False,False,4,,TARGET_BEFORE_STOP,True,False,True,False,False,8,,TARGET_BEFORE_STOP,2023-05-12,2023-05-16,2023-05-18,2023-05-25,2023-06-09
BAC|2023-05-12T00:00:00|Long,BAC,2023-05-12,Long,0.020671814794688492,0.026947195944057256,-0.0022148196974687284,True,0.054632688589887124,0.058324101690900854,-0.0022148196974687284,True,0.03765228689621214,0.058324101690900854,-0.0022148196974687284,True,0.045035042690390936,0.0734588320379932,-0.0022148196974687284,True,0.07530450338457562,0.09449979518356799,-0.0022148196974687284,True,20,True,True,False,True,False,False,3,,TARGET_BEFORE_STOP,True,False,True,False,False,3,,TARGET_BEFORE_STOP,2023-05-15,2023-05-17,2023-05-19,2023-05-26,2023-06-12
BAC|2023-05-15T00:00:00|Long,BAC,2023-05-15,Long,-0.01048821020541213,0.009041591444813424,-0.011573226012262405,True,0.029656408901889364,0.036889709650487434,-0.011573226012262405,True,0.02495481170260838,0.036889709650487434,-0.011573226012262405,True,0.022061505199542752,0.051717914101432116,-0.011573226012262405,True,0.06329114011369463,0.07775767262902256,-0.011573226012262405,True,20,True,True,False,True,False,False,2,,TARGET_BEFORE_STOP,True,False,True,False,False,6,,TARGET_BEFORE_STOP,2023-05-16,2023-05-18,2023-05-22,2023-05-30,2023-06-13
BAC|2023-05-16T00:00:00|Long,BAC,2023-05-16,Long,0.04422511174999233,0.04788009637129709,0.013523352471884742,True,0.02741228009023655,0.04788009637129709,0.013523352471884742,True,0.04459061718342605,0.06286547057691716,0.013523352471884742,True,0.015716385072487515,0.06286547057691716,0.004385925775139299,True,0.06432749231065249,0.08918123436685232,-0.0007310108668676651,True,20,True,True,False,True,False,False,1,,TARGET_BEFORE_STOP,True,False,True,False,False,5,,TARGET_BEFORE_STOP,2023-05-17,2023-05-19,2023-05-23,2023-05-31,2023-06-14
BAC|2023-05-17T00:00:00|Long,BAC,2023-05-17,Long,-0.0035001883982463955,-0.0024501118506101704,-0.019950987081301275,True,-0.008050386583588032,0.0035001883982463955,-0.019950987081301275,True,-0.01645079868305488,0.017850900746569698,-0.019950987081301275,True,-0.0276513481490106,0.017850900746569698,-0.04305213704497013,True,0.02800144042543029,0.04305213704497013,-0.04305213704497013,True,20,True,True,True,False,True,False,13,6,STOP_BEFORE_TARGET,False,True,False,True,False,,9,STOP_BEFORE_TARGET,2023-05-18,2023-05-22,2023-05-24,2023-06-01,2023-06-15
BAC|2023-05-18T00:00:00|Long,BAC,2023-05-18,Long,-0.012644844105565656,0.007024965499231373,-0.015454816906250946,True,0.0038637377240808846,0.021426084477122798,-0.016157326855181342,True,-0.010537381253810763,0.021426084477122798,-0.020723574528192512,True,0.008429918402055758,0.021426084477122798,-0.03969087418405903,True,0.025289822201203682,0.046715839683290294,-0.03969087418405903,True,20,True,True,True,False,True,False,12,5,STOP_BEFORE_TARGET,False,True,False,True,False,,8,STOP_BEFORE_TARGET,2023-05-19,2023-05-23,2023-05-25,2023-06-02,2023-06-16
BAC|2023-05-19T00:00:00|Long,BAC,2023-05-19,Long,0.008182125124238881,0.012095344902364857,-0.0035574663571120713,True,-0.0003557534210139046,0.03450726760202527,-0.003913219778125976,True,0.007114864861197168,0.03450726760202527,-0.011383838060337048,True,0.015297057838463024,0.03450726760202527,-0.027392402740827992,True,0.0270366493198142,0.06012090323778363,-0.027392402740827992,True,20,True,True,True,True,False,False,2,7,TARGET_BEFORE_STOP,True,False,True,False,False,12,,TARGET_BEFORE_STOP,2023-05-22,2023-05-24,2023-05-26,2023-06-05,2023-06-20
BAC|2023-05-22T00:00:00|Long,BAC,2023-05-22,Long,0.008468587502680425,0.02611149495885212,-0.0014114649016221392,True,-0.005998591227192374,0.02611149495885212,-0.01623150985690036,True,-0.002822862500893475,0.02611149495885212,-0.019407171280848567,True,0.031404353735233315,0.038461543638642404,-0.035285814912343394,True,0.00811572127727489,0.05151725746689295,-0.035285814912343394,True,20,True,True,True,False,True,False,10,6,STOP_BEFORE_TARGET,True,True,False,True,False,15,6,STOP_BEFORE_TARGET,2023-05-23,2023-05-25,2023-05-30,2023-06-06,2023-06-21
BAC|2023-05-23T00:00:00|Long,BAC,2023-05-23,Long,-0.01679494553945704,-0.0024492545490231166,-0.02029390921113916,True,-0.009447181892387468,-0.0024492545490231166,-0.02764167285820862,True,-0.02764167285820862,-0.0024492545490231166,-0.03848846691414143,True,0.03149053957077719,0.037438757791482535,-0.04338697601218777,True,-0.0216935213746845,0.042687169930415214,-0.04338697601218777,True,20,True,True,True,False,True,False,10,1,STOP_BEFORE_TARGET,False,True,False,True,False,,5,STOP_BEFORE_TARGET,2023-05-24,2023-05-26,2023-05-31,2023-06-07,2023-06-22
BAC|2023-05-24T00:00:00|Long,BAC,2023-05-24,Long,0.0024910923086811643,0.004982184617362551,-0.00782922482976911,True,0.005693944670464024,0.013878981649609434,-0.011032009314377422,True,-0.01138788934092827,0.013878981649609434,-0.027046271123291943,True,0.04021349271979968,0.05516011444906166,-0.027046271123291943,True,-0.012455529420580702,0.06049817909297506,-0.027046271123291943,True,20,True,True,True,False,True,False,6,4,STOP_BEFORE_TARGET,True,False,True,False,False,9,,TARGET_BEFORE_STOP,2023-05-25,2023-05-30,2023-06-01,2023-06-08,2023-06-23
BAC|2023-05-25T00:00:00|Long,BAC,2023-05-25,Long,0.004969804375905884,0.008164697962847356,-0.013489498038247616,True,-0.013489498038247616,0.011359591549788828,-0.024494161597048647,True,0.01916929381314203,0.02768905518399012,-0.029463965972954642,True,0.03904864673377895,0.05253814477202656,-0.029463965972954642,True,-0.002839897887447207,0.0578629448474266,-0.029463965972954642,True,20,True,True,True,False,True,False,7,3,STOP_BEFORE_TARGET,True,False,True,False,False,8,,TARGET_BEFORE_STOP,2023-05-26,2023-05-31,2023-06-02,2023-06-09,2023-06-26
BAC|2023-05-26T00:00:00|Long,BAC,2023-05-26,Long,-0.00176613345121035,0.006358188222233219,-0.012716309070793796,True,-0.018721257128050284,0.006358188222233219,-0.0342634875186566,True,0.008124389047115876,0.022606898942792553,-0.0342634875186566,True,0.02896501979135313,0.047333104128099546,-0.0342634875186566,True,-0.0024726137811634796,0.0526315718554029,-0.0342634875186566,True,20,True,True,True,False,True,False,6,2,STOP_BEFORE_TARGET,True,True,False,True,False,11,3,STOP_BEFORE_TARGET,2023-05-30,2023-06-01,2023-06-05,2023-06-12,2023-06-27
BAC|2023-05-30T00:00:00|Long,BAC,2023-05-30,Long,-0.016631256530357352,-0.003538583887466751,-0.02760087333079153,True,0.015923526254289166,0.024416154581358818,-0.032554850277520586,True,0.03432410847481693,0.04140127624975043,-0.032554850277520586,True,0.040339680835648206,0.05449394889264103,-0.032554850277520586,True,-0.006723302636899353,0.05449394889264103,-0.032554850277520586,True,20,True,True,True,False,True,False,5,1,STOP_BEFORE_TARGET,True,True,False,True,False,10,2,STOP_BEFORE_TARGET,2023-05-31,2023-06-02,2023-06-06,2023-06-13,2023-06-28
BAC|2023-05-31T00:00:00|Long,BAC,2023-05-31,Long,-0.00035984989393245126,0.00683694208166874,-0.016192902055214398,True,0.02698812433579101,0.04174162681527549,-0.016192902055214398,True,0.06081319075325098,0.06693050168140435,-0.016192902055214398,True,0.047858937743428864,0.0723281128216926,-0.016192902055214398,True,0.031306185794282015,0.0723281128216926,-0.016192902055214398,True,20,True,True,False,True,False,False,2,,TARGET_BEFORE_STOP,True,False,True,False,False,4,,TARGET_BEFORE_STOP,2023-06-01,2023-06-05,2023-06-07,2023-06-14,2023-06-29
BAC|2023-06-01T00:00:00|Long,BAC,2023-06-01,Long,0.033477263313179906,0.04211663237490093,0.012239026068539216,True,0.052195781848481726,0.059395233180230544,0.012239026068539216,True,0.052195781848481726,0.06731457471790914,0.012239026068539216,True,0.05723542524432834,0.07271412888719264,0.012239026068539216,True,0.03275737310725013,0.07271412888719264,-0.006839471899255711,True,20,True,True,False,True,False,False,1,,TARGET_BEFORE_STOP,True,False,True,False,False,3,,TARGET_BEFORE_STOP,2023-06-02,2023-06-06,2023-06-08,2023-06-15,2023-06-30
BAC|2023-06-02T00:00:00|Long,BAC,2023-06-02,Long,-0.005921218194578581,0.0038314390058986625,-0.014280733559265513,True,0.026819940171301404,0.03274122480087449,-0.014280733559265513,True,0.0195054472709435,0.03274122480087449,-0.014280733559265513,True,0.016718964294379246,0.03796587207755775,-0.014280733559265513,True,0.01706728297082405,0.03796587207755775,-0.039010761671897765,True,20,True,True,True,True,False,False,3,13,TARGET_BEFORE_STOP,False,True,False,True,False,,14,STOP_BEFORE_TARGET,2023-06-05,2023-06-07,2023-06-09,2023-06-16,2023-07-03
BAC|2023-06-05T00:00:00|Long,BAC,2023-06-05,Long,0.02417654536001046,0.031184280346824744,-0.0031534740609950873,True,0.02417654536001046,0.03889273536774929,-0.0031534740609950873,True,0.020672677866603317,0.03889273536774929,-0.0031534740609950873,True,0.011562715946743962,0.0441485031925033,-0.0031534740609950873,True,0.01892077753525645,0.0441485031925033,-0.033286640941297185,True,20,True,True,True,True,False,False,1,12,TARGET_BEFORE_STOP,False,True,False,True,False,,13,STOP_BEFORE_TARGET,2023-06-06,2023-06-08,2023-06-12,2023-06-20,2023-07-05
BAC|2023-06-06T00:00:00|Long,BAC,2023-06-06,Long,0.00855285678806661,0.014368802014076643,-0.007526490482375858,True,0.0013684884075877424,0.014368802014076643,-0.00821073468616973,True,0.005815945226010033,0.019500503036292915,-0.010947646248226306,True,-0.022579536700246372,0.019500503036292915,-0.023605837752818326,True,-0.032500816642781816,0.019500503036292915,-0.05610671964871894,True,20,True,False,True,False,True,False,,9,STOP_BEFORE_TARGET,False,True,False,True,False,,11,STOP_BEFORE_TARGET,2023-06-07,2023-06-09,2023-06-13,2023-06-21,2023-07-06
BAC|2023-06-07T00:00:00|Long,BAC,2023-06-07,Long,-0.008480325776186737,-0.003392143250424917,-0.016621430757355893,True,-0.011872469026611654,0.0027137016603897557,-0.019335132417745537,True,-0.012211625121878122,0.0108548066415588,-0.019335132417745537,True,-0.05156039624715558,0.0108548066415588,-0.053595656317510176,True,-0.03222519912965893,0.0108548066415588,-0.0641112421640514,True,20,True,False,True,False,True,False,,6,STOP_BEFORE_TARGET,False,True,False,True,False,,8,STOP_BEFORE_TARGET,2023-06-08,2023-06-12,2023-06-14,2023-06-22,2023-07-07
BAC|2023-06-08T00:00:00|Long,BAC,2023-06-08,Long,0.0013684884075877424,0.005815945226010033,-0.005131701022216162,True,0.005815945226010033,0.019500503036292915,-0.010947646248226306,True,0.004789644173438079,0.019500503036292915,-0.018474136730602053,True,-0.0506328965246059,0.019500503036292915,-0.05610671964871894,True,-0.019500503036292915,0.019500503036292915,-0.05610671964871894,True,20,True,False,True,False,True,False,,7,STOP_BEFORE_TARGET,False,True,False,True,False,,9,STOP_BEFORE_TARGET,2023-06-09,2023-06-13,2023-06-15,2023-06-23,2023-07-10
BAC|2023-06-09T00:00:00|Long,BAC,2023-06-09,Long,-0.004783098558508447,0.009907721340735032,-0.012299303201960599,True,-0.005124687946169382,0.018107235087394535,-0.012299303201960599,True,-0.002733171248886501,0.018107235087394535,-0.01981550784541286,True,-0.040314324794033074,0.018107235087394535,-0.057396661390559434,True,-0.008541168298263235,0.018107235087394535,-0.057396661390559434,True,20,True,False,True,False,True,False,,6,STOP_BEFORE_TARGET,False,True,False,True,False,,8,STOP_BEFORE_TARGET,2023-06-12,2023-06-14,2023-06-16,2023-06-26,2023-07-11
BAC|2023-06-12T00:00:00|Long,BAC,2023-06-12,Long,0.00926881103818622,0.023000346570429153,-0.0034328347752160537,True,0.008238986796472059,0.023000346570429153,-0.015104656346904055,True,-0.008925448988113205,0.023000346570429153,-0.018880853172193235,True,-0.030552674743881347,0.023000346570429153,-0.05286642816841691,True,0.007895690223525209,0.026089950249824634,-0.05286642816841691,True,20,True,False,True,False,True,False,,6,STOP_BEFORE_TARGET,False,True,False,True,False,,7,STOP_BEFORE_TARGET,2023-06-13,2023-06-15,2023-06-20,2023-06-27,2023-07-12
BAC|2023-06-13T00:00:00|Long,BAC,2023-06-13,Long,-0.009523768126867505,0.011224487346525702,-0.013945573222174268,True,-0.007142826095150601,0.011224487346525702,-0.024149629036905096,True,-0.028231290288280197,0.011224487346525702,-0.029251656944270454,True,-0.04523809323003458,0.011224487346525702,-0.06156460848392575,True,0.00918368915874046,0.016666659097822834,-0.06156460848392575,True,20,True,False,True,False,True,False,,2,STOP_BEFORE_TARGET,False,True,False,True,False,,6,STOP_BEFORE_TARGET,2023-06-14,2023-06-16,2023-06-21,2023-06-28,2023-07-13
BAC|2023-06-14T00:00:00|Long,BAC,2023-06-14,Long,0.008585164587741945,0.012019178023152444,-0.014766493570853245,True,-0.008585164587741834,0.01923075033665156,-0.018543986949334124,True,-0.03983522394676142,0.01923075033665156,-0.041895645107929314,True,-0.01579673690124106,0.01923075033665156,-0.05254123085683904,True,-0.00034341444346264183,0.03365382946404227,-0.05254123085683904,True,20,True,True,True,False,True,False,20,5,STOP_BEFORE_TARGET,False,True,False,True,False,,5,STOP_BEFORE_TARGET,2023-06-15,2023-06-20,2023-06-22,2023-06-29,2023-07-14
BAC|2023-06-15T00:00:00|Long,BAC,2023-06-15,Long,-0.0061287129735226875,0.010554969597694974,-0.00715018678313295,True,-0.027238717110981914,0.010554969597694974,-0.028260125978522788,True,-0.05515835181963458,0.010554969597694974,-0.060606082253417126,True,-0.023152886814610363,0.010554969597694974,-0.060606082253417126,True,0.001021408867540874,0.024855278221891375,-0.060606082253417126,True,20,True,False,True,False,True,False,,2,STOP_BEFORE_TARGET,False,True,False,True,False,,4,STOP_BEFORE_TARGET,2023-06-16,2023-06-21,2023-06-23,2023-06-30,2023-07-17
BAC|2023-06-16T00:00:00|Long,BAC,2023-06-16,Long,-0.010962647789295454,-0.005138732983415384,-0.020897588187428817,True,-0.04213776728608998,-0.005138732983415384,-0.0441932474109491,True,-0.03768415078260423,-0.005138732983415384,-0.0548133042890121,True,0.00034259091123245433,0.005481323894647616,-0.0548133042890121,True,0.05173005143045595,0.057211375325103564,-0.0548133042890121,True,20,True,True,True,False,True,False,18,1,STOP_BEFORE_TARGET,True,True,False,True,False,20,3,STOP_BEFORE_TARGET,2023-06-20,2023-06-22,2023-06-26,2023-07-03,2023-07-18
BAC|2023-06-20T00:00:00|Long,BAC,2023-06-20,Long,-0.01039144910593448,0.004502915032476684,-0.011430547769766486,True,-0.03879462440857828,0.004502915032476684,-0.04433670417168911,True,-0.021821996875700966,0.004502915032476684,-0.04433670417168911,True,0.007273954914032155,0.019050890927343467,-0.04433670417168911,True,0.09213715864522087,0.09802562665187642,-0.04433670417168911,True,20,True,True,True,False,True,False,15,2,STOP_BEFORE_TARGET,True,True,False,True,False,19,2,STOP_BEFORE_TARGET,2023-06-21,2023-06-23,2023-06-27,2023-07-05,2023-07-19
BAC|2023-06-21T00:00:00|Long,BAC,2023-06-21,Long,-0.021351089144816204,-0.0014000353029740564,-0.02345117547954767,True,-0.016800824198933584,-0.0014000353029740564,-0.03430169942962469,True,-0.017500875230691104,-0.0014000353029740564,-0.03430169942962469,True,-0.010150472918319497,0.029751501244283052,-0.03430169942962469,True,0.10920549081415021,0.11305563796773432,-0.03430169942962469,True,20,True,True,True,False,True,False,14,1,STOP_BEFORE_TARGET,True,True,False,True,False,16,2,STOP_BEFORE_TARGET,2023-06-22,2023-06-26,2023-06-28,2023-07-06,2023-07-20
BAC|2023-06-22T00:00:00|Long,BAC,2023-06-22,Long,-0.007510697115483023,-0.0025035657051609705,-0.01323315250357937,True,0.010014331037693225,0.015736786425789573,-0.01323315250357937,True,0.02503579348570839,0.037196028239675494,-0.01323315250357937,True,0.020386324064273653,0.05221749068769066,-0.01323315250357937,True,0.14377684511428135,0.1484263827527652,-0.01323315250357937,True,20,True,True,False,True,False,False,5,,TARGET_BEFORE_STOP,True,False,True,False,False,8,,TARGET_BEFORE_STOP,2023-06-23,2023-06-27,2023-06-29,2023-07-07,2023-07-21
BAC|2023-06-23T00:00:00|Long,BAC,2023-06-23,Long,0.012252257750914985,0.019099123843081323,0.0014414744334176888,True,0.011531520534206141,0.023423409676766704,0.0014414744334176888,True,0.03387389311919331,0.04900903100365994,0.0014414744334176888,True,0.032792787294130044,0.06018018292951144,0.0014414744334176888,True,0.1765766315632038,0.18378372879715643,0.0014414744334176888,True,20,True,True,False,True,False,False,4,,TARGET_BEFORE_STOP,True,False,True,False,False,6,,TARGET_BEFORE_STOP,2023-06-26,2023-06-28,2023-06-30,2023-07-10,2023-07-24
BAC|2023-06-26T00:00:00|Long,BAC,2023-06-26,Long,0.005339965030810134,0.011035936783853062,-0.004983958308577674,True,0.020291907857882485,0.03239586480843326,-0.006763991919740642,True,0.039515863450406474,0.04485582848121683,-0.006763991919740642,True,0.033107878252898626,0.04734780763550561,-0.006763991919740642,True,0.14453546996214506,0.1694552615050331,-0.006763991919740642,True,20,True,True,False,True,False,False,3,,TARGET_BEFORE_STOP,True,False,True,False,False,11,,TARGET_BEFORE_STOP,2023-06-27,2023-06-29,2023-07-03,2023-07-11,2023-07-25
BAC|2023-06-27T00:00:00|Long,BAC,2023-06-27,Long,-0.006019832778745626,0.001062347269428443,-0.012039665557491142,True,0.01593487133805449,0.030807395406680316,-0.012039665557491142,True,0.029745048137251873,0.041784713694743125,-0.012039665557491142,True,0.039660086696560626,0.0584277490050753,-0.012039665557491142,True,0.1476628934168307,0.16324358145773443,-0.012039665557491142,True,20,True,True,False,True,False,False,3,,TARGET_BEFORE_STOP,True,False,True,False,False,10,,TARGET_BEFORE_STOP,2023-06-28,2023-06-30,2023-07-05,2023-07-12,2023-07-26
BAC|2023-06-28T00:00:00|Long,BAC,2023-06-28,Long,0.021018887032502542,0.03313146830376579,0.011756320886847194,True,0.04025654009264534,0.04560030995944486,0.011756320886847194,True,0.007481332173295607,0.04809406470063671,0.001068781153248155,True,0.057000370461876004,0.06483789506986737,0.001068781153248155,True,0.13822590346627828,0.1702885226670754,0.001068781153248155,True,20,True,True,False,True,False,False,1,,TARGET_BEFORE_STOP,True,False,True,False,False,9,,TARGET_BEFORE_STOP,2023-06-29,2023-07-03,2023-07-06,2023-07-13,2023-07-27
BAC|2023-06-29T00:00:00|Long,BAC,2023-06-29,Long,0.001046779023211153,0.01570135259369465,0.0003489263410703103,True,0.014654573570483498,0.02651780296329842,-0.0003489263410704213,True,-0.004535909332125887,0.02651780296329842,-0.019539409243679695,True,0.01570135259369465,0.050244261748928265,-0.019539409243679695,True,0.1130495390219175,0.14619674281286943,-0.019539409243679695,True,20,True,True,False,True,False,False,8,,TARGET_BEFORE_STOP,True,False,True,False,False,10,,TARGET_BEFORE_STOP,2023-06-30,2023-07-05,2023-07-07,2023-07-14,2023-07-28
BAC|2023-06-30T00:00:00|Long,BAC,2023-06-30,Long,0.017776236297954107,0.023004525448810265,-0.001394245896923496,True,-0.014290688036948662,0.025444389287123004,-0.020564661610497637,True,-0.0010456844226925943,0.025444389287123004,-0.020564661610497637,True,0.0247472663386612,0.04914603768439507,-0.020564661610497637,True,0.11537118871828245,0.1449981827335689,-0.020564661610497637,True,20,True,True,True,False,True,False,7,3,STOP_BEFORE_TARGET,True,False,True,False,False,11,,TARGET_BEFORE_STOP,2023-07-03,2023-07-06,2023-07-10,2023-07-17,2023-07-31
BAC|2023-07-03T00:00:00|Long,BAC,2023-07-03,Long,-0.004109617674589394,0.0075342228632306885,-0.008561643611917247,True,-0.022945207492744535,0.0075342228632306885,-0.03767124495646734,True,-0.006164393851805561,0.0075342228632306885,-0.03767124495646734,True,0.0513698616715037,0.056849308357518114,-0.03767124495646734,True,0.08287671277616537,0.12499991834980384,-0.03767124495646734,True,20,True,True,True,False,True,False,8,2,STOP_BEFORE_TARGET,True,True,False,True,False,10,2,STOP_BEFORE_TARGET,2023-07-05,2023-07-07,2023-07-11,2023-07-18,2023-08-01
BAC|2023-07-05T00:00:00|Long,BAC,2023-07-05,Long,-0.027510290204931787,-0.00894086071402922,-0.03370012189846783,True,-0.014442918755015577,-0.007909200235204694,-0.03370012189846783,True,0.009628634366578792,0.02785417703120663,-0.03370012189846783,True,0.08425037033587501,0.09009631520313621,-0.03370012189846783,True,0.07255848060135262,0.12964231637915957,-0.03370012189846783,True,20,True,True,True,False,True,False,7,1,STOP_BEFORE_TARGET,True,True,False,True,False,9,1,STOP_BEFORE_TARGET,2023-07-06,2023-07-10,2023-07-12,2023-07-19,2023-08-02
BAC|2023-07-06T00:00:00|Long,BAC,2023-07-06,Long,0.008840169516617369,0.019094731084420058,0.000353614874081698,True,0.02616689367577041,0.028288515475118903,0.000353614874081698,True,0.04915132092994701,0.056930645824319503,0.000353614874081698,True,0.12057990681104869,0.12446953553566442,0.000353614874081698,True,0.11067889267218667,0.1615982205274007,0.000353614874081698,True,20,True,True,False,True,False,False,4,,TARGET_BEFORE_STOP,True,False,True,False,False,4,,TARGET_BEFORE_STOP,2023-07-07,2023-07-11,2023-07-13,2023-07-20,2023-08-03
BAC|2023-07-07T00:00:00|Long,BAC,2023-07-07,Long,0.004556577554779118,0.011216252615584565,-0.002103097506026441,True,0.0290921802919748,0.047669073616234625,-0.0038556119069093064,True,0.020329474579281914,0.055029781179049,-0.0038556119069093064,True,0.1209252987226781,0.12548194313159633,-0.0038556119069093064,True,0.09709072848749134,0.1514194771645314,-0.0038556119069093064,True,20,True,True,False,True,False,False,3,,TARGET_BEFORE_STOP,True,False,True,False,False,5,,TARGET_BEFORE_STOP,2023-07-10,2023-07-12,2023-07-14,2023-07-21,2023-08-04
BAC|2023-07-10T00:00:00|Long,BAC,2023-07-10,Long,0.012561082074955765,0.014654573570483498,-0.008374032533005615,True,0.03524076183737446,0.04291694168823912,-0.008374032533005615,True,0.025819950281157578,0.050244261748928265,-0.008374032533005615,True,0.13921848219504018,0.14619674281286943,-0.008374032533005615,True,0.11235168633977666,0.14619674281286943,-0.008374032533005615,True,20,True,True,False,True,False,False,2,,TARGET_BEFORE_STOP,True,False,True,False,False,4,,TARGET_BEFORE_STOP,2023-07-11,2023-07-13,2023-07-17,2023-07-24,2023-08-07
BAC|2023-07-11T00:00:00|Long,BAC,2023-07-11,Long,0.011716062964324703,0.029979287324649828,0.008614748313455545,True,0.003101314650869158,0.037215710085115594,0.001033727733413814,True,0.057891119182471806,0.06340455284505819,0.001033727733413814,True,0.10785668569063955,0.1319778758078134,0.001033727733413814,True,0.07753273482110035,0.1319778758078134,0.001033727733413814,True,20,True,True,False,True,False,False,3,,TARGET_BEFORE_STOP,True,False,True,False,False,5,,TARGET_BEFORE_STOP,2023-07-12,2023-07-14,2023-07-18,2023-07-25,2023-08-08
BAC|2023-07-12T00:00:00|Long,BAC,2023-07-12,Long,0.010558564696796502,0.01737057964167832,0.0017029712541258846,True,0.0013623640104629686,0.025204351353359966,-0.010558629660985641,True,0.07391008280595401,0.07970027601984686,-0.010558629660985641,True,0.10388280564221786,0.1188691345782551,-0.010558629660985641,True,0.051089917194045986,0.1188691345782551,-0.010558629660985641,True,20,True,True,False,True,False,False,4,,TARGET_BEFORE_STOP,True,False,True,False,False,4,,TARGET_BEFORE_STOP,2023-07-13,2023-07-17,2023-07-19,2023-07-26,2023-08-09
BAC|2023-07-13T00:00:00|Long,BAC,2023-07-13,Long,-0.018874265739885043,0.014492763871589931,-0.02089655671180035,True,0.03471522359275192,0.04010787094700463,-0.02089655671180035,True,0.06808225320422667,0.07178965808188353,-0.02089655671180035,True,0.07684532122624455,0.1071789143798465,-0.02089655671180035,True,0.0428041946241311,0.1071789143798465,-0.02089655671180035,True,20,True,True,True,False,True,False,3,1,STOP_BEFORE_TARGET,True,False,True,False,False,4,,TARGET_BEFORE_STOP,2023-07-14,2023-07-18,2023-07-20,2023-07-27,2023-08-10
BAC|2023-07-14T00:00:00|Long,BAC,2023-07-14,Long,0.009962178017804302,0.015458565652891165,0.00034353241745654906,True,0.08313294488332601,0.08897286493586964,0.00034353241745654906,True,0.09859151053621718,0.10305736644104346,0.00034353241745654906,True,0.09584331671867385,0.1284781101117387,0.00034353241745654906,True,0.0748883634306956,0.1284781101117387,0.00034353241745654906,True,20,True,True,False,True,False,False,2,,TARGET_BEFORE_STOP,True,False,True,False,False,2,,TARGET_BEFORE_STOP,2023-07-17,2023-07-19,2023-07-21,2023-07-28,2023-08-11
BAC|2023-07-17T00:00:00|Long,BAC,2023-07-17,Long,0.044217726574044436,0.049659898325341345,0.01768709062961782,True,0.07789118861362154,0.08163264114526037,0.01768709062961782,True,0.11054428399720861,0.11734690137262271,0.01768709062961782,True,0.08843538827228392,0.11734690137262271,0.01768709062961782,True,0.05204084035705825,0.11734690137262271,0.01768709062961782,True,20,True,True,False,True,False,False,1,,TARGET_BEFORE_STOP,True,False,True,False,False,2,,TARGET_BEFORE_STOP,2023-07-18,2023-07-20,2023-07-24,2023-07-31,2023-08-14
BAC|2023-07-18T00:00:00|Long,BAC,2023-07-18,Long,0.027035827461868278,0.032573289092786784,-0.00032574034636212446,True,0.04169377027645127,0.04592833265053975,-0.00032574034636212446,True,0.047231294035988025,0.07003249699514935,-0.00032574034636212446,True,0.029967428450508482,0.07003249699514935,-0.00032574034636212446,True,-0.0247557071659521,0.07003249699514935,-0.02801304850095443,True,20,True,True,True,True,False,False,1,20,TARGET_BEFORE_STOP,True,False,True,False,False,4,,TARGET_BEFORE_STOP,2023-07-19,2023-07-21,2023-07-25,2023-08-01,2023-08-15
BAC|2023-07-19T00:00:00|Long,BAC,2023-07-19,Long,0.005074527241601956,0.00856322691199285,-0.00856328740512935,True,0.03552175118434975,0.041864819496647554,-0.00856328740512935,True,0.027909899828810536,0.041864819496647554,-0.00856328740512935,True,-0.010783385511688115,0.041864819496647554,-0.023786869129935106,True,-0.07104344187556311,0.041864819496647554,-0.07358076598950047,True,20,True,True,True,True,False,False,3,10,TARGET_BEFORE_STOP,False,True,False,True,False,,14,STOP_BEFORE_TARGET,2023-07-20,2023-07-24,2023-07-26,2023-08-02,2023-08-16
BAC|2023-07-20T00:00:00|Long,BAC,2023-07-20,Long,0.009151120331066132,0.01325339442145368,-0.008520052168301429,True,0.014515651122407602,0.036604541511976674,-0.008520052168301429,True,0.008204487993062948,0.036604541511976674,-0.008520052168301429,True,-0.00883561634353991,0.036604541511976674,-0.028715677881864354,True,-0.07604922078881171,0.036604541511976674,-0.08141369139244092,True,20,True,True,True,True,False,False,2,9,TARGET_BEFORE_STOP,False,True,False,True,False,,13,STOP_BEFORE_TARGET,2023-07-21,2023-07-25,2023-07-27,2023-08-03,2023-08-17
BAC|2023-07-21T00:00:00|Long,BAC,2023-07-21,Long,0.020950656448812666,0.027204469804189557,0.0,True,0.013445913424979139,0.027204469804189557,0.0,True,-0.0025015611273039307,0.027204469804189557,-0.008442791170371278,True,-0.021263299403044056,0.027204469804189557,-0.037523416909558405,True,-0.08974355762870878,0.027204469804189557,-0.09380863173677878,True,20,True,False,True,False,True,False,,8,STOP_BEFORE_TARGET,False,True,False,True,False,,8,STOP_BEFORE_TARGET,2023-07-24,2023-07-26,2023-07-28,2023-08-04,2023-08-18
BAC|2023-07-24T00:00:00|Long,BAC,2023-07-24,Long,-0.015313934965782261,0.004287883096650846,-0.017764220641612205,True,-0.0214395323193054,0.004287883096650846,-0.025421188124503336,True,-0.019908162189937517,0.004287883096650846,-0.02879027251074362,True,-0.023583532285656683,0.004287883096650846,-0.05727414247595686,True,-0.10719760317850147,0.004287883096650846,-0.11791736933815411,True,20,True,False,True,False,True,False,,3,STOP_BEFORE_TARGET,False,True,False,True,False,,6,STOP_BEFORE_TARGET,2023-07-25,2023-07-27,2023-07-31,2023-08-07,2023-08-21
BAC|2023-07-25T00:00:00|Long,BAC,2023-07-25,Long,0.008087039166200904,0.012130618075850252,0.0,True,-0.00777610872420631,0.018351481324595742,-0.013685922877859635,True,-0.016485246080591542,0.018351481324595742,-0.022706109329337143,True,-0.027371727102621923,0.018351481324595742,-0.051944071675963155,True,-0.11539660391104345,0.018351481324595742,-0.11601870210122767,True,20,True,False,True,False,True,False,,5,STOP_BEFORE_TARGET,False,True,False,True,False,,6,STOP_BEFORE_TARGET,2023-07-26,2023-07-28,2023-08-01,2023-08-08,2023-08-22
BAC|2023-07-26T00:00:00|Long,BAC,2023-07-26,Long,-0.01419312208078849,0.010182099123984933,-0.01820426273883491,True,-0.012650411889614577,0.010182099123984933,-0.021598295780163257,True,-0.037642681860484695,0.010182099123984933,-0.05029309375009927,True,-0.04782472213384825,0.010182099123984933,-0.0595495314490071,True,-0.12218448328036191,0.010182099123984933,-0.1305152595541924,True,20,True,False,True,False,True,False,,2,STOP_BEFORE_TARGET,False,True,False,True,False,,4,STOP_BEFORE_TARGET,2023-07-27,2023-07-31,2023-08-02,2023-08-09,2023-08-23
BAC|2023-07-27T00:00:00|Long,BAC,2023-07-27,Long,-0.0015649810083002702,0.0065727411410971825,-0.007511789443998662,True,-0.010328635863096403,0.009389647258116307,-0.016588440500454826,True,-0.016901436702114858,0.009389647258116307,-0.03661971982332757,True,-0.03161189999260938,0.009389647258116307,-0.04600942677936515,True,-0.10422534723594445,0.009389647258116307,-0.11799688161938016,True,20,True,False,True,False,True,False,,4,STOP_BEFORE_TARGET,False,True,False,True,False,,4,STOP_BEFORE_TARGET,2023-07-28,2023-08-01,2023-08-03,2023-08-10,2023-08-24
BAC|2023-07-28T00:00:00|Long,BAC,2023-07-28,Long,0.0031348082340301175,0.010971798923358422,-0.003761722047641025,True,-0.022257024857775476,0.010971798923358422,-0.035109684804954466,True,-0.018808789612686838,0.010971798923358422,-0.035109684804954466,True,-0.01912221662374536,0.010971798923358422,-0.04451410950704482,True,-0.10658306141656693,0.010971798923358422,-0.11661439993226819,True,20,True,False,True,False,True,False,,3,STOP_BEFORE_TARGET,False,True,False,True,False,,3,STOP_BEFORE_TARGET,2023-07-31,2023-08-02,2023-08-04,2023-08-11,2023-08-25
BAC|2023-07-31T00:00:00|Long,BAC,2023-07-31,Long,-0.011874973773956299,-0.0018749833106994629,-0.01812499761581421,True,-0.018437504768371582,-0.0018749833106994629,-0.03812497854232788,True,-0.003750026226043701,-0.0018749833106994629,-0.03812497854232788,True,-0.033437490463256836,-0.0018749833106994629,-0.047500014305114746,True,-0.10124999284744263,-0.0018749833106994629,-0.11937499046325684,True,20,True,False,True,False,True,False,,2,STOP_BEFORE_TARGET,False,True,False,True,False,,2,STOP_BEFORE_TARGET,2023-08-01,2023-08-03,2023-08-07,2023-08-14,2023-08-28
BAC|2023-08-01T00:00:00|Long,BAC,2023-08-01,Long,-0.013598997272708635,-0.010752692712329925,-0.026565469016232135,True,-0.010120227504099244,0.0015812535020083285,-0.026565469016232135,True,-0.011068955476922548,0.008855116124774298,-0.036053170991146244,True,-0.05313093803246438,0.008855116124774298,-0.056293505357435714,True,-0.07748262801750294,0.008855116124774298,-0.10879191786071496,True,20,True,False,True,False,True,False,,1,STOP_BEFORE_TARGET,False,True,False,True,False,,5,STOP_BEFORE_TARGET,2023-08-02,2023-08-04,2023-08-08,2023-08-15,2023-08-29
BAC|2023-08-02T00:00:00|Long,BAC,2023-08-02,Long,0.007053520666479907,0.011542119167642584,-0.009939126899100592,True,0.022122430743646504,0.02276367657311762,-0.009939126899100592,True,-0.010580311576003809,0.02276367657311762,-0.02276373772568585,True,-0.06091694729070585,0.02276367657311762,-0.06348193060859098,True,-0.06893233670139254,0.02276367657311762,-0.09650529584297685,True,20,True,False,True,False,True,False,,4,STOP_BEFORE_TARGET,False,True,False,True,False,,9,STOP_BEFORE_TARGET,2023-08-03,2023-08-07,2023-08-09,2023-08-16,2023-08-30
BAC|2023-08-03T00:00:00|Long,BAC,2023-08-03,Long,-0.0035020888534205152,0.008277625919926868,-0.00764087145125969,True,-0.0044571598321727635,0.015600120136852968,-0.029608414826286733,True,-0.014963365668185902,0.015600120136852968,-0.029608414826286733,True,-0.06781277208258552,0.015600120136852968,-0.07322506361775882,True,-0.08723335830719259,0.015600120136852968,-0.10283347844404556,True,20,True,False,True,False,True,False,,3,STOP_BEFORE_TARGET,False,True,False,True,False,,8,STOP_BEFORE_TARGET,2023-08-04,2023-08-08,2023-08-10,2023-08-17,2023-08-31
BAC|2023-08-04T00:00:00|Long,BAC,2023-08-04,Long,0.01853034945187182,0.019169341728267453,0.0035143965825186196,True,-0.01405746445475975,0.019169341728267453,-0.026198073955647327,True,-0.00031943520054034114,0.019169341728267453,-0.026198073955647327,True,-0.06996800894857313,0.019169341728267453,-0.0741213978074875,True,-0.0741213978074875,0.019169341728267453,-0.09968047948673919,True,20,True,False,True,False,True,False,,2,STOP_BEFORE_TARGET,False,True,False,True,False,,7,STOP_BEFORE_TARGET,2023-08-07,2023-08-09,2023-08-11,2023-08-18,2023-09-01
BAC|2023-08-07T00:00:00|Long,BAC,2023-08-07,Long,-0.01913421327042031,-0.01787953920418206,-0.04391466924043075,True,-0.029485528590157628,-0.017565855730371283,-0.04391466924043075,True,-0.029799212063968405,-0.015056447768889702,-0.04391466924043075,True,-0.08563361399319058,-0.015056447768889702,-0.09661229626054957,True,-0.10131742870970195,-0.015056447768889702,-0.11606019300478077,True,20,True,False,True,False,True,False,,1,STOP_BEFORE_TARGET,False,True,False,True,False,,1,STOP_BEFORE_TARGET,2023-08-08,2023-08-10,2023-08-14,2023-08-21,2023-09-05
BAC|2023-08-08T00:00:00|Long,BAC,2023-08-08,Long,-0.01311160349888374,0.00031980264584086093,-0.0140710114364061,True,0.0006396052916814998,0.004157312403694657,-0.01662937160701472,True,-0.04253277595894134,0.004157312403694657,-0.04573074142123146,True,-0.09050207490494055,0.004157312403694657,-0.09114168019662217,True,-0.09210108813414464,0.004157312403694657,-0.10073551558737492,True,20,True,False,True,False,True,False,,5,STOP_BEFORE_TARGET,False,True,False,True,False,,5,STOP_BEFORE_TARGET,2023-08-09,2023-08-11,2023-08-15,2023-08-22,2023-09-06
BAC|2023-08-09T00:00:00|Long,BAC,2023-08-09,Long,0.0025923500364164465,0.014905997257769199,-0.00194430888218744,True,0.0022682985560518176,0.017498347294185645,-0.003564504477510111,True,-0.050874908093734295,0.017498347294185645,-0.05346731993665077,True,-0.07809461437935639,0.017498347294185645,-0.08684381892969928,True,-0.0884640763315222,0.017498347294185645,-0.09073237488757402,True,20,True,False,True,False,True,False,,4,STOP_BEFORE_TARGET,False,True,False,True,False,,4,STOP_BEFORE_TARGET,2023-08-10,2023-08-14,2023-08-16,2023-08-23,2023-09-07
BAC|2023-08-10T00:00:00|Long,BAC,2023-08-10,Long,0.011312229328647172,0.014867455608680524,-0.006140935060698238,True,-0.032320619998026046,0.014867455608680524,-0.03555269432716679,True,-0.05365222426498806,0.014867455608680524,-0.05914673213052013,True,-0.07498382853195007,0.014867455608680524,-0.08920491859215485,True,-0.08338719712903964,0.014867455608680524,-0.09631549444560239,True,20,True,False,True,False,True,False,,3,STOP_BEFORE_TARGET,False,True,False,True,False,,3,STOP_BEFORE_TARGET,2023-08-11,2023-08-15,2023-08-17,2023-08-24,2023-09-08
BAC|2023-08-11T00:00:00|Long,BAC,2023-08-11,Long,-0.011505292419883406,-0.005752646209941759,-0.017257938629825165,True,-0.06391818285334472,-0.005752646209941759,-0.06647496868632263,True,-0.06967082906328648,-0.005752646209941759,-0.07382554508474626,True,-0.0891658943398379,-0.005752646209941759,-0.09939279384323241,True,-0.08980509079808241,-0.005752646209941759,-0.10642383296966307,True,20,True,False,True,False,True,False,,2,STOP_BEFORE_TARGET,False,True,False,True,False,,2,STOP_BEFORE_TARGET,2023-08-14,2023-08-16,2023-08-18,2023-08-25,2023-09-11
BAC|2023-08-14T00:00:00|Long,BAC,2023-08-14,Long,-0.03200775174103376,-0.012285841072288806,-0.035240871058300316,True,-0.0533462529017229,-0.012285841072288806,-0.058842537241089565,True,-0.05754932651415612,-0.012285841072288806,-0.06886521329127837,True,-0.07015842401821193,-0.012285841072288806,-0.08891044205841214,True,-0.0633689289519116,-0.012285841072288806,-0.0960233168897231,True,20,True,False,True,False,True,False,,1,STOP_BEFORE_TARGET,False,True,False,True,False,,1,STOP_BEFORE_TARGET,2023-08-15,2023-08-17,2023-08-21,2023-08-28,2023-09-12
BAC|2023-08-15T00:00:00|Long,BAC,2023-08-15,Long,-0.021710073711951994,-0.0033400260416152072,-0.024382145509802666,True,-0.027722107845719823,-0.0033400260416152072,-0.032064160811529074,True,-0.05010019950713451,-0.0033400260416152072,-0.0507682174565971,True,-0.025718117703029897,-0.0033400260416152072,-0.058784241733054854,True,-0.03540418685314428,-0.0033400260416152072,-0.06613231176574808,True,20,True,False,True,False,True,False,,1,STOP_BEFORE_TARGET,False,True,False,True,False,,3,STOP_BEFORE_TARGET,2023-08-16,2023-08-18,2023-08-22,2023-08-29,2023-09-13
BAC|2023-08-16T00:00:00|Long,BAC,2023-08-16,Long,-0.0003414212553518592,0.008535336025458085,-0.006145452357441128,True,-0.004779832455479749,0.008535336025458085,-0.016729315915010257,True,-0.028678734255094707,0.008535336025458085,-0.03789691279125651,True,-0.008535336025458085,0.008535336025458085,-0.03789691279125651,True,-0.003072726178720564,0.008535336025458085,-0.04540805017010496,True,20,True,False,True,False,True,False,,4,STOP_BEFORE_TARGET,False,True,False,True,False,,5,STOP_BEFORE_TARGET,2023-08-17,2023-08-21,2023-08-23,2023-08-30,2023-09-14
BAC|2023-08-17T00:00:00|Long,BAC,2023-08-17,Long,-0.0058060133984724205,0.0023906999037792698,-0.010245940484079563,True,-0.028688529128724105,0.0023906999037792698,-0.0293716048560001,True,-0.022540977866613687,0.0023906999037792698,-0.03756831815825168,True,-0.020833353690110412,0.0023906999037792698,-0.03756831815825168,True,-0.015027340291637992,0.005464475534834312,-0.045082020874914086,True,20,True,False,True,False,True,False,,3,STOP_BEFORE_TARGET,False,True,False,True,False,,4,STOP_BEFORE_TARGET,2023-08-18,2023-08-22,2023-08-24,2023-08-31,2023-09-15
BAC|2023-08-18T00:00:00|Long,BAC,2023-08-18,Long,0.0013740641477173465,0.006526919365347661,-0.01064930837482625,True,-0.022672615375260885,0.006526919365347661,-0.03194779408026094,True,-0.0209550188100871,0.006526919365347661,-0.03194779408026094,True,-0.004465855904826288,0.006526919365347661,-0.03194779408026094,True,-0.012023372522543485,0.011336307687630498,-0.03950537622008721,True,20,True,False,True,False,True,False,,2,STOP_BEFORE_TARGET,False,True,False,True,False,,3,STOP_BEFORE_TARGET,2023-08-21,2023-08-23,2023-08-25,2023-09-01,2023-09-18
BAC|2023-08-21T00:00:00|Long,BAC,2023-08-21,Long,-0.024356744211458503,0.003087483834156801,-0.025042866270649222,True,-0.0181817765431449,0.003087483834156801,-0.03327613468433377,True,-0.013379052993212404,0.003087483834156801,-0.03327613468433377,True,-0.017152658886559813,0.00411666692294288,-0.03327613468433377,True,-0.017152658886559813,0.009948573561661123,-0.0408233464710287,True,20,True,False,True,False,True,False,,1,STOP_BEFORE_TARGET,False,True,False,True,False,,2,STOP_BEFORE_TARGET,2023-08-22,2023-08-24,2023-08-28,2023-09-05,2023-09-19
BAC|2023-08-22T00:00:00|Long,BAC,2023-08-22,Long,0.0003516254815065789,0.0024613113048430613,-0.00914206132206219,True,0.0021096858233364824,0.01230662358991852,-0.00914206132206219,True,0.025668056558653563,0.02883261882650978,-0.00914206132206219,True,-0.0017581274075330056,0.02918424430801636,-0.011251747145398672,True,0.003867746165166386,0.03516174336222244,-0.016877687783801054,True,20,True,True,False,True,False,False,16,,TARGET_BEFORE_STOP,False,False,False,False,True,,,NEITHER,2023-08-23,2023-08-25,2023-08-29,2023-09-06,2023-09-20
BAC|2023-08-23T00:00:00|Long,BAC,2023-08-23,Long,0.005975397952023842,0.011950795904047684,-0.0028119480337682745,True,0.010896290250586027,0.019332134351891073,-0.005272461225178771,True,0.0207381418898398,0.028822484106657553,-0.005272461225178771,True,-0.011247859177202724,0.028822484106657553,-0.013708305326483816,True,-0.014059807210970998,0.034797882058681395,-0.017223257129226566,True,20,True,True,False,True,False,False,15,,TARGET_BEFORE_STOP,False,False,False,False,True,,,NEITHER,2023-08-24,2023-08-28,2023-08-30,2023-09-07,2023-09-21
BAC|2023-08-24T00:00:00|Long,BAC,2023-08-24,Long,-0.004192901317769948,0.005939904657895845,-0.011181047966084656,True,0.019217303317007106,0.022361962644358302,-0.011181047966084656,True,0.0017470033401258966,0.022711376641164405,-0.011181047966084656,True,-0.00908456398524693,0.022711376641164405,-0.023060857281876346,True,-0.034241838604055386,0.02865128129906025,-0.03563942794737507,True,20,True,False,True,False,True,False,,10,STOP_BEFORE_TARGET,False,True,False,True,False,,20,STOP_BEFORE_TARGET,2023-08-25,2023-08-29,2023-08-31,2023-09-08,2023-09-22
BAC|2023-08-25T00:00:00|Long,BAC,2023-08-25,Long,0.009122815048485444,0.01754385964912286,0.0024561296429550517,True,0.018947400544819137,0.02701755992153232,0.0024561296429550517,True,0.016842089201274613,0.02701755992153232,0.0010526556717722624,True,-0.0007017704478481379,0.02701755992153232,-0.018947400544819026,True,-0.03157893398351841,0.032982474879214685,-0.04035086380807973,True,20,True,True,True,True,False,False,13,19,TARGET_BEFORE_STOP,False,True,False,True,False,,19,STOP_BEFORE_TARGET,2023-08-28,2023-08-30,2023-09-01,2023-09-11,2023-09-25
BAC|2023-08-28T00:00:00|Long,BAC,2023-08-28,Long,0.014255905568469895,0.017385257163450296,-0.0013908524064326633,True,-0.0031293515949805117,0.01773297026505838,-0.007997202378508872,True,-0.003824777798196788,0.01773297026505838,-0.009040341683333342,True,0.007301776175292485,0.01773297026505838,-0.0278164512532163,True,-0.0552851230853314,0.02364396035341132,-0.060848400072076037,True,20,True,False,True,False,True,False,,6,STOP_BEFORE_TARGET,False,True,False,True,False,,18,STOP_BEFORE_TARGET,2023-08-29,2023-08-31,2023-09-05,2023-09-12,2023-09-26
BAC|2023-08-29T00:00:00|Long,BAC,2023-08-29,Long,-0.004456604745512127,0.003428192705114075,-0.008227623259871364,True,-0.006513559600982877,0.003428192705114075,-0.02194032869299012,True,-0.02673982463508473,0.003428192705114075,-0.035995859935354146,True,-0.009941752306096951,0.003428192705114075,-0.04148100749593897,True,-0.06513539984781747,0.009256100687606628,-0.07404867472617904,True,20,True,False,True,False,True,False,,2,STOP_BEFORE_TARGET,False,True,False,True,False,,5,STOP_BEFORE_TARGET,2023-08-30,2023-09-01,2023-09-06,2023-09-13,2023-09-27
BAC|2023-08-30T00:00:00|Long,BAC,2023-08-30,Long,-0.012741075329497087,-0.002410523414805521,-0.01756199079901355,True,-0.013429796305155839,0.0030991130303696934,-0.018595072262501566,True,-0.03133614759199865,0.0030991130303696934,-0.033746605326756884,True,0.0055096364451752144,0.013774091112937814,-0.037190144525003244,True,-0.05096423563794106,0.013774091112937814,-0.06990360270822482,True,20,True,False,True,False,True,False,,4,STOP_BEFORE_TARGET,False,True,False,True,False,,4,STOP_BEFORE_TARGET,2023-08-31,2023-09-05,2023-09-07,2023-09-14,2023-09-28
BAC|2023-08-31T00:00:00|Long,BAC,2023-08-31,Long,0.010812677541591986,0.016044613995415125,0.0031391751778302446,True,-0.009766330167436221,0.016044613995415125,-0.019183789173245147,True,-0.010812677541591986,0.016044613995415125,-0.02476459678869547,True,0.0059295457217145575,0.026857358064688475,-0.02476459678869547,True,-0.04499479986377797,0.026857358064688475,-0.05790023868136285,True,20,True,False,True,False,True,False,,4,STOP_BEFORE_TARGET,False,True,False,True,False,,15,STOP_BEFORE_TARGET,2023-09-01,2023-09-06,2023-09-08,2023-09-15,2023-09-29
BAC|2023-09-01T00:00:00|Long,BAC,2023-09-01,Long,-0.011387161108305177,0.004830962705607567,-0.016563131463710468,True,-0.0293305864353417,0.004830962705607567,-0.031746034880128615,True,-0.017253278395373495,0.004830962705607567,-0.03519670372241013,True,-0.007591418800192096,0.015873050348081286,-0.03519670372241013,True,-0.07867490736064142,0.015873050348081286,-0.08281572313458607,True,20,True,False,True,False,True,False,,2,STOP_BEFORE_TARGET,False,True,False,True,False,,3,STOP_BEFORE_TARGET,2023-09-05,2023-09-07,2023-09-11,2023-09-18,2023-10-02
BAC|2023-09-05T00:00:00|Long,BAC,2023-09-05,Long,-0.009075051739744988,-0.0031413666243010896,-0.018499085038524155,True,-0.010122129565095839,-0.0031413666243010896,-0.024083788594933764,True,0.011169273964571014,0.017102959080014912,-0.024083788594933764,True,0.0,0.027574203352393356,-0.024083788594933764,True,-0.09563699153929428,0.027574203352393356,-0.09877835816359537,True,20,True,False,True,False,True,False,,2,STOP_BEFORE_TARGET,False,True,False,True,False,,13,STOP_BEFORE_TARGET,2023-09-06,2023-09-08,2023-09-12,2023-09-19,2023-10-03
BAC|2023-09-06T00:00:00|Long,BAC,2023-09-06,Long,-0.009158162538624004,0.00563578199548842,-0.011623808763672527,True,0.003170135770439897,0.013032787854455163,-0.015146189306808111,True,0.01725959075916106,0.028178977161263274,-0.015146189306808111,True,0.00563578199548842,0.03698489492719159,-0.015146189306808111,True,-0.0862979537958053,0.03698489492719159,-0.09897849687756477,True,20,True,True,True,True,False,False,6,12,TARGET_BEFORE_STOP,False,True,False,True,False,,13,STOP_BEFORE_TARGET,2023-09-07,2023-09-11,2023-09-13,2023-09-20,2023-10-04
BAC|2023-09-07T00:00:00|Long,BAC,2023-09-07,Long,0.008176375984601858,0.008887309188003067,-0.006043372960033655,True,0.029861364296073445,0.03590473725610699,-0.006043372960033655,True,0.0380377402806753,0.04656954896458365,-0.006043372960033655,True,-0.0028439362279694125,0.04656954896458365,-0.006043372960033655,True,-0.07358690922789946,0.04656954896458365,-0.09136152760390559,True,20,True,True,True,True,False,False,3,12,TARGET_BEFORE_STOP,False,True,False,True,False,,13,STOP_BEFORE_TARGET,2023-09-08,2023-09-12,2023-09-14,2023-09-21,2023-10-05
BAC|2023-09-08T00:00:00|Long,BAC,2023-09-08,Long,0.004231273952827852,0.014104358600904643,0.001410402232647101,True,0.018335632553732717,0.029266569317459856,0.001410402232647101,True,0.016925230321085616,0.03808180184988608,0.001410402232647101,True,-0.025387912736515306,0.03808180184988608,-0.026798314969162296,True,-0.0807475622793703,0.03808180184988608,-0.10190413380817076,True,20,True,True,True,True,False,False,4,10,TARGET_BEFORE_STOP,False,True,False,True,False,,11,STOP_BEFORE_TARGET,2023-09-11,2023-09-13,2023-09-15,2023-09-22,2023-10-06
BAC|2023-09-11T00:00:00|Long,BAC,2023-09-11,Long,0.01720504841973347,0.023174152318131913,-0.002808986130333757,True,0.02528094214451615,0.03370790053551764,-0.002808986130333757,True,0.009831484941924318,0.03370790053551764,-0.002808986130333757,True,-0.030898847433671772,0.03370790053551764,-0.03967693746240386,True,-0.07619382412825526,0.03370790053551764,-0.1056882119825161,True,20,True,True,True,True,False,False,3,9,TARGET_BEFORE_STOP,False,True,False,True,False,,9,STOP_BEFORE_TARGET,2023-09-12,2023-09-14,2023-09-18,2023-09-25,2023-10-09
BAC|2023-09-12T00:00:00|Long,BAC,2023-09-12,Long,-0.00310666740493859,0.007594105140406704,-0.009319936376062543,True,-0.004487371896715109,0.01622372218995749,-0.009319936376062543,True,-0.011045899289224614,0.01622372218995749,-0.01656884893383681,True,-0.06213321642126479,0.01622372218995749,-0.0676561660658771,True,-0.0676561660658771,0.01622372218995749,-0.12081463869371178,True,20,True,False,True,False,True,False,,7,STOP_BEFORE_TARGET,False,True,False,True,False,,7,STOP_BEFORE_TARGET,2023-09-13,2023-09-15,2023-09-19,2023-09-26,2023-10-10
BAC|2023-09-13T00:00:00|Long,BAC,2023-09-13,Long,0.011080388208860148,0.019390629832558126,0.007617771021336983,True,-0.00415508778988416,0.019390629832558126,-0.013504134383017896,True,-0.011426590488075816,0.019390629832558126,-0.013504134383017896,True,-0.05574787914779822,0.019390629832558126,-0.06475065741778674,True,-0.06440438909464141,0.019390629832558126,-0.11807479039142721,True,20,True,False,True,False,True,False,,6,STOP_BEFORE_TARGET,False,True,False,True,False,,7,STOP_BEFORE_TARGET,2023-09-14,2023-09-18,2023-09-20,2023-09-27,2023-10-11
BAC|2023-09-14T00:00:00|Long,BAC,2023-09-14,Long,-0.012328787703611122,-0.0037671440916938748,-0.015410984629513846,True,-0.0188356551383122,-0.0037671440916938748,-0.024315101824326613,True,-0.03938361287094505,-0.0037671440916938748,-0.04041096829947466,True,-0.056164426511884025,-0.0037671440916938748,-0.07500001633003928,True,-0.07876716042173304,-0.0037671440916938748,-0.12773977233312495,True,20,True,False,True,False,True,False,,2,STOP_BEFORE_TARGET,False,True,False,True,False,,5,STOP_BEFORE_TARGET,2023-09-15,2023-09-19,2023-09-21,2023-09-28,2023-10-12
BAC|2023-09-15T00:00:00|Long,BAC,2023-09-15,Long,-0.0027739224439247145,-0.0013869942897262177,-0.01213593549299341,True,-0.010055510193931805,0.004507599170554766,-0.01213593549299341,True,-0.041608902794397995,0.004507599170554766,-0.04299583094859638,True,-0.050624167271035136,0.004507599170554766,-0.06345353377336382,True,-0.07212204967756941,0.004507599170554766,-0.11685162348832367,True,20,True,False,True,False,True,False,,4,STOP_BEFORE_TARGET,False,True,False,True,False,,5,STOP_BEFORE_TARGET,2023-09-18,2023-09-20,2023-09-22,2023-09-29,2023-10-13
BAC|2023-09-18T00:00:00|Long,BAC,2023-09-18,Long,-0.003824777798196788,0.0062587031899610235,-0.008692628581725148,True,-0.02468709965823579,0.007301776175292485,-0.02573017264356725,True,-0.04033379131364523,0.007301776175292485,-0.04902641989537038,True,-0.07162724094395723,0.007301776175292485,-0.0757997318437621,True,-0.06154382627529231,0.007301776175292485,-0.11439502396885959,True,20,True,False,True,False,True,False,,3,STOP_BEFORE_TARGET,False,True,False,True,False,,4,STOP_BEFORE_TARGET,2023-09-19,2023-09-21,2023-09-25,2023-10-02,2023-10-16
BAC|2023-09-19T00:00:00|Long,BAC,2023-09-19,Long,-0.0034904147574594813,0.011169273964571014,-0.004188444449652051,True,-0.03525306255950478,0.011169273964571014,-0.03664918851801402,True,-0.051657925373202906,0.011169273964571014,-0.05724256235548841,True,-0.09563699153929428,0.011169273964571014,-0.09877835816359537,True,-0.03595109225169735,0.011169273964571014,-0.11099477652764145,True,20,True,False,True,False,True,False,,2,STOP_BEFORE_TARGET,False,True,False,True,False,,3,STOP_BEFORE_TARGET,2023-09-20,2023-09-22,2023-09-26,2023-10-03,2023-10-17
BAC|2023-09-20T00:00:00|Long,BAC,2023-09-20,Long,-0.01751313531914056,0.0014010828930397512,-0.018563880681610967,True,-0.033274917021981376,0.0014010828930397512,-0.0420314846815516,True,-0.04483358366032175,0.0014010828930397512,-0.05394042204315186,True,-0.09141852093694314,0.0014010828930397512,-0.10402799974506327,True,-0.04343256757459135,0.0014010828930397512,-0.10788091089361318,True,20,True,False,True,False,True,False,,2,STOP_BEFORE_TARGET,False,True,False,True,False,,2,STOP_BEFORE_TARGET,2023-09-21,2023-09-25,2023-09-27,2023-10-04,2023-10-18
BAC|2023-09-21T00:00:00|Long,BAC,2023-09-21,Long,-0.014616750750937824,0.004991133718538432,-0.01604274038611264,True,-0.031372519953723144,0.004991133718538432,-0.037076614490763715,True,-0.01746879801945811,0.004991133718538432,-0.037076614490763715,True,-0.0709447353028414,0.004991133718538432,-0.0887700477306359,True,-0.03885918653244558,0.004991133718538432,-0.09197860940749247,True,20,True,False,True,False,True,False,,2,STOP_BEFORE_TARGET,False,True,False,True,False,,3,STOP_BEFORE_TARGET,2023-09-22,2023-09-26,2023-09-28,2023-10-05,2023-10-19
BAC|2023-09-22T00:00:00|Long,BAC,2023-09-22,Long,-0.0014471421513015947,-0.0007235365722376708,-0.010492004869121607,True,-0.01338635817855105,-0.0007235365722376708,-0.02279302368590297,True,-0.00940666550735203,0.01266282160631338,-0.02279302368590297,True,-0.05680172682681772,0.01266282160631338,-0.078509411150951,True,-0.048118666898529616,0.014471835553973023,-0.078509411150951,True,20,True,False,True,False,True,False,,2,STOP_BEFORE_TARGET,False,True,False,True,False,,6,STOP_BEFORE_TARGET,2023-09-25,2023-09-27,2023-09-29,2023-10-06,2023-10-20
BAC|2023-09-25T00:00:00|Long,BAC,2023-09-25,Long,-0.015579720986688028,-0.0036232021770864486,-0.021376816827292866,True,-0.0014493085135679484,0.0014492394067344705,-0.021376816827292866,True,-0.032608681380110416,0.01413041247312008,-0.036956537813980894,True,-0.046739162960064085,0.01413041247312008,-0.07717395067665611,True,-0.07355074849956966,0.015942048115080043,-0.07717395067665611,True,20,True,False,True,False,True,False,,1,STOP_BEFORE_TARGET,False,True,False,True,False,,5,STOP_BEFORE_TARGET,2023-09-26,2023-09-28,2023-10-02,2023-10-09,2023-10-23
BAC|2023-09-26T00:00:00|Long,BAC,2023-09-26,Long,0.0036805440260920808,0.01619435159448246,-0.0036805440260920808,True,0.007729079274308992,0.03018033465298653,-0.0036805440260920808,True,-0.04637468624746888,0.03018033465298653,-0.04968716885089797,True,-0.005888842361532087,0.03018033465298653,-0.06256903784195122,True,-0.06256903784195122,0.032020641766301816,-0.06514539760005422,True,20,True,True,True,True,False,False,3,4,TARGET_BEFORE_STOP,False,True,False,True,False,,5,STOP_BEFORE_TARGET,2023-09-27,2023-09-29,2023-10-03,2023-10-10,2023-10-24
BAC|2023-09-27T00:00:00|Long,BAC,2023-09-27,Long,0.010634360224081041,0.013567984073114658,-0.003667047297069459,True,-0.020902078667253576,0.026402614641303,-0.025302549412358988,True,-0.04877154020462837,0.026402614641303,-0.06197288249683475,True,-0.009167583271118884,0.026402614641303,-0.06600664151792213,True,-0.06307301766888851,0.028236173261392716,-0.07664100174200306,True,20,True,False,True,False,True,False,,3,STOP_BEFORE_TARGET,False,True,False,True,False,,4,STOP_BEFORE_TARGET,2023-09-28,2023-10-02,2023-10-04,2023-10-11,2023-10-25
BAC|2023-09-28T00:00:00|Long,BAC,2023-09-28,Long,-0.006531215844115645,0.015602333581579364,-0.010522460587747084,True,-0.05986936322583325,0.015602333581579364,-0.06313497114789102,True,-0.0544267064247822,0.015602333581579364,-0.07256894189970964,True,-0.023947745290333278,0.015602333581579364,-0.0758345498217674,True,-0.0522495883386529,0.017416598653353654,-0.08635701040951449,True,20,True,False,True,False,True,False,,2,STOP_BEFORE_TARGET,False,True,False,True,False,,2,STOP_BEFORE_TARGET,2023-09-29,2023-10-03,2023-10-05,2023-10-12,2023-10-26
BAC|2023-09-29T00:00:00|Long,BAC,2023-09-29,Long,-0.024835588702337597,-0.00073040726910234,-0.029218380627523244,True,-0.05259308512954197,-0.00073040726910234,-0.06574139124298461,True,-0.047845124400862304,-0.00073040726910234,-0.06975894470256194,True,-0.022644227570801978,0.012417829182225892,-0.06975894470256194,True,-0.08071582002235456,0.024105251095349667,-0.08838568847590089,True,20,True,False,True,False,True,False,,1,STOP_BEFORE_TARGET,False,True,False,True,False,,2,STOP_BEFORE_TARGET,2023-10-02,2023-10-04,2023-10-06,2023-10-13,2023-10-27
BAC|2023-10-02T00:00:00|Long,BAC,2023-10-02,Long,-0.029588048425223,-0.006741584270874901,-0.03295884056066045,True,-0.02397008534491929,-0.006741584270874901,-0.04269667657011578,True,-0.014606789732321102,-0.006741584270874901,-0.04606746870555323,True,0.010861385763750286,0.0382021918078308,-0.04606746870555323,True,-0.03782772284725,0.0501872701984285,-0.06516860032760674,True,20,True,True,True,False,True,False,9,1,STOP_BEFORE_TARGET,True,True,False,True,False,12,1,STOP_BEFORE_TARGET,2023-10-03,2023-10-05,2023-10-09,2023-10-16,2023-10-30
BAC|2023-10-03T00:00:00|Long,BAC,2023-10-03,Long,0.001157880618378515,0.0038595284468794233,-0.012736392344634306,True,0.006175216069254086,0.012350432138508172,-0.016981880997639753,True,0.042454665686908255,0.05364721720703791,-0.016981880997639753,True,0.06599772295992823,0.07564650726993549,-0.016981880997639753,True,0.01659592079151362,0.08220768354531582,-0.036665409823780415,True,20,True,True,True,True,False,False,5,16,TARGET_BEFORE_STOP,True,True,True,False,False,5,18,TARGET_BEFORE_STOP,2023-10-04,2023-10-06,2023-10-10,2023-10-17,2023-10-31
BAC|2023-10-04T00:00:00|Long,BAC,2023-10-04,Long,0.004626018867162962,0.005782560348575716,-0.014649231314252109,True,0.014263643957870498,0.01619121309355842,-0.018118782229246344,True,0.04163453745068679,0.05782575054424499,-0.018118782229246344,True,0.05281414432070042,0.08095606546779188,-0.018118782229246344,True,0.017733194872864733,0.08095606546779188,-0.037779546237799,True,20,True,True,True,True,False,False,4,14,TARGET_BEFORE_STOP,True,True,True,False,False,4,17,TARGET_BEFORE_STOP,2023-10-05,2023-10-09,2023-10-11,2023-10-18,2023-11-01
BAC|2023-10-05T00:00:00|Long,BAC,2023-10-05,Long,0.00038373864492613485,0.006523410582418343,-0.022640067716001244,True,0.0364543661706902,0.04758249411089621,-0.022640067716001244,True,0.03223331426716558,0.052954761949199014,-0.022640067716001244,True,0.034535672946059526,0.0759785683101264,-0.022640067716001244,True,0.05986191117654349,0.0759785683101264,-0.04221029946325627,True,20,True,True,True,False,True,False,3,1,STOP_BEFORE_TARGET,True,True,True,False,False,4,14,TARGET_BEFORE_STOP,2023-10-06,2023-10-10,2023-10-12,2023-10-19,2023-11-02
BAC|2023-10-06T00:00:00|Long,BAC,2023-10-06,Long,0.009205975217783102,0.011123932448104945,-0.013425407961903946,True,0.03644038258765536,0.05255085750942268,-0.013425407961903946,True,0.026467224477743523,0.06329112534887571,-0.013425407961903946,True,0.009205975217783102,0.07556583213517398,-0.013425407961903946,True,0.0901419412726836,0.10970466604644313,-0.04257769939951073,True,20,True,True,True,True,False,False,2,11,TARGET_BEFORE_STOP,True,True,True,False,False,3,13,TARGET_BEFORE_STOP,2023-10-09,2023-10-11,2023-10-13,2023-10-20,2023-11-03
BAC|2023-10-09T00:00:00|Long,BAC,2023-10-09,Long,0.026605882825865734,0.03762827028558835,0.009882182978315779,True,0.022424939740178562,0.042949490347880426,0.009882182978315779,True,0.02584569817479565,0.053591785482068,0.00798179384583908,True,-0.028126179632807502,0.06575452241359425,-0.0300265687652842,True,0.07677690987331687,0.09958194193903047,-0.05131130402405626,True,20,True,True,True,True,False,False,1,10,TARGET_BEFORE_STOP,True,True,True,False,False,4,10,TARGET_BEFORE_STOP,2023-10-10,2023-10-12,2023-10-16,2023-10-23,2023-11-06
BAC|2023-10-10T00:00:00|Long,BAC,2023-10-10,Long,0.0003702417177746664,0.015920040782375855,-0.004072588279134481,True,-0.00925583109520578,0.026286526414518674,-0.018141420472636893,True,0.02258425046954593,0.03184008156475171,-0.018141420472636893,True,-0.057015953442333456,0.03813404953414712,-0.05960757485036916,True,0.042576808914669195,0.07108478563583587,-0.07589785735051979,True,20,True,True,True,True,False,False,5,8,TARGET_BEFORE_STOP,True,True,False,True,False,18,9,STOP_BEFORE_TARGET,2023-10-11,2023-10-13,2023-10-17,2023-10-24,2023-11-07
BAC|2023-10-11T00:00:00|Long,BAC,2023-10-11,Long,-0.004441185684692317,0.002220557547220281,-0.015173939321466712,True,-0.0011103140687359625,0.025906692958241218,-0.018504810937423066,True,0.010732753636774506,0.03774983125400344,-0.018504810937423066,True,-0.05440418933378477,0.03774983125400344,-0.06809770989693686,True,0.03219833150057516,0.07068837213373569,-0.07623987188716408,True,20,True,True,True,True,False,False,4,7,TARGET_BEFORE_STOP,True,True,False,True,False,17,8,STOP_BEFORE_TARGET,2023-10-12,2023-10-16,2023-10-18,2023-10-25,2023-11-08
BAC|2023-10-12T00:00:00|Long,BAC,2023-10-12,Long,-0.0052044383506978376,0.030483260462924155,-0.014126363054103419,True,0.02676584501537116,0.03605952544456281,-0.014126363054103419,True,0.0022304634495626807,0.04237923097261942,-0.014126363054103419,True,-0.028996237559779203,0.04237923097261942,-0.06394049582698347,True,0.02342011438844982,0.07546471061089255,-0.07211897998397121,True,20,True,True,True,True,False,False,1,6,TARGET_BEFORE_STOP,True,True,False,True,False,16,7,STOP_BEFORE_TARGET,2023-10-13,2023-10-17,2023-10-19,2023-10-26,2023-11-09
BAC|2023-10-13T00:00:00|Long,BAC,2023-10-13,Long,0.008594900607963751,0.015695069981376264,0.0003737006276645083,True,0.020553035588801505,0.04783261119945781,-0.0014948025106581442,True,-0.01681617186436979,0.04783261119945781,-0.019432004981914774,True,-0.059417045552631054,0.04783261119945781,-0.06726461618137258,True,0.03437967370796202,0.0810911830244263,-0.06726461618137258,True,20,True,True,True,True,False,False,2,6,TARGET_BEFORE_STOP,True,True,False,True,False,15,6,STOP_BEFORE_TARGET,2023-10-16,2023-10-18,2023-10-20,2023-10-27,2023-11-10
BAC|2023-10-16T00:00:00|Long,BAC,2023-10-16,Long,0.02334201828298621,0.032604708246678715,-0.010003722121279868,True,-0.0011115482363809326,0.03890334024873843,-0.010003722121279868,True,-0.05261208182052224,0.03890334024873843,-0.05446459154577432,True,-0.04816595954371472,0.03890334024873843,-0.0752130679459212,True,0.026306076244619225,0.07187849390549461,-0.0752130679459212,True,20,True,True,True,True,False,False,1,4,TARGET_BEFORE_STOP,True,True,False,True,False,14,5,STOP_BEFORE_TARGET,2023-10-17,2023-10-19,2023-10-23,2023-10-30,2023-11-13
BAC|2023-10-17T00:00:00|Long,BAC,2023-10-17,Long,-0.011223800284997365,0.015206374494288522,-0.014844378794454882,True,-0.047429447265989855,0.015206374494288522,-0.04996383150557271,True,-0.07784219625456679,0.015206374494288522,-0.08037658049414964,True,-0.04634325299611519,0.015206374494288522,-0.0963070845016879,True,0.05792897992415491,0.06480807218644502,-0.0963070845016879,True,20,True,True,True,False,True,False,13,2,STOP_BEFORE_TARGET,True,True,False,True,False,20,3,STOP_BEFORE_TARGET,2023-10-18,2023-10-20,2023-10-24,2023-10-31,2023-11-14
BAC|2023-10-18T00:00:00|Long,BAC,2023-10-18,Long,-0.012815832600297283,0.017209858289790603,-0.01574515977973645,True,-0.06371291853330407,0.017209858289790603,-0.06554372183020263,True,-0.06444526778833104,0.017209858289790603,-0.07799337980298648,True,-0.033321122856371566,0.017209858289790603,-0.08604908192694594,True,0.08458445325756081,0.08861223447887157,-0.08604908192694594,True,20,True,True,True,False,True,False,12,2,STOP_BEFORE_TARGET,True,True,False,True,False,12,2,STOP_BEFORE_TARGET,2023-10-19,2023-10-23,2023-10-25,2023-11-01,2023-11-15
BAC|2023-10-19T00:00:00|Long,BAC,2023-10-19,Long,-0.024109778954133354,-0.0007417860198132287,-0.026706206891867756,True,-0.05526705570165669,-0.0007417860198132287,-0.05786348363939109,True,-0.031157206000168136,-0.0007417860198132287,-0.06602369583617851,True,0.024480778085072874,0.02596442087205464,-0.07418397878032124,True,0.09569740054407538,0.10274482759011017,-0.07418397878032124,True,20,True,True,True,False,True,False,11,1,STOP_BEFORE_TARGET,True,True,False,True,False,11,2,STOP_BEFORE_TARGET,2023-10-20,2023-10-24,2023-10-26,2023-11-02,2023-11-16
BAC|2023-10-20T00:00:00|Long,BAC,2023-10-20,Long,-0.028126179632807502,-0.003800850760152019,-0.0300265687652842,True,-0.028886364283877586,-0.003800850760152019,-0.042949417852682026,True,-0.04332951017821707,0.0019004616276752095,-0.05131130402405626,True,0.08019766830793373,0.09958194193903047,-0.05131130402405626,True,0.13949069368263056,0.14025087833370087,-0.05131130402405626,True,20,True,True,True,False,True,False,9,1,STOP_BEFORE_TARGET,True,True,False,True,False,9,1,STOP_BEFORE_TARGET,2023-10-23,2023-10-25,2023-10-27,2023-11-03,2023-11-17
BAC|2023-10-23T00:00:00|Long,BAC,2023-10-23,Long,-0.003910847972750209,0.011732543918250515,-0.0066484191757091304,True,0.021509626553515737,0.030895616932183678,-0.015252225041182954,True,0.004693032485944437,0.030895616932183678,-0.02385610549987749,True,0.10793900124451339,0.1314040144877937,-0.02385610549987749,True,0.17364100848841013,0.18302699886707807,-0.02385610549987749,True,20,True,True,True,True,False,False,3,4,TARGET_BEFORE_STOP,True,False,True,False,False,8,,TARGET_BEFORE_STOP,2023-10-24,2023-10-26,2023-10-30,2023-11-06,2023-11-20
BAC|2023-10-24T00:00:00|Long,BAC,2023-10-24,Long,0.003140947226649926,0.0070671499814845,-0.0113859056143224,True,-0.011778533378414724,0.03494312214332962,-0.020023566652176195,True,0.03415786661514497,0.0357283027854256,-0.020023566652176195,True,0.10561447218599618,0.13584613604630658,-0.020023566652176195,True,0.16450728885024768,0.1876718027290738,-0.020023566652176195,True,20,True,True,True,True,False,False,2,3,TARGET_BEFORE_STOP,True,False,True,False,False,7,,TARGET_BEFORE_STOP,2023-10-25,2023-10-27,2023-10-31,2023-11-07,2023-11-21
BAC|2023-10-25T00:00:00|Long,BAC,2023-10-25,Long,0.022309261025184712,0.031702598727130216,-0.0043052331228008445,True,0.0054795029815106755,0.031702598727130216,-0.0230919831783043,True,0.033268117684981835,0.04187873323380775,-0.0230919831783043,True,0.09158513590848538,0.13228967393519553,-0.0230919831783043,True,0.15968689023630067,0.1839530686217028,-0.0230919831783043,True,20,True,True,True,True,False,False,1,2,TARGET_BEFORE_STOP,True,False,True,False,False,6,,TARGET_BEFORE_STOP,2023-10-26,2023-10-30,2023-11-01,2023-11-08,2023-11-22
BAC|2023-10-26T00:00:00|Long,BAC,2023-10-26,Long,-0.036370625283920766,-0.001914285712199315,-0.04441047923009134,True,0.008422638066077015,0.009953993613303291,-0.04441047923009134,True,0.0574272569603802,0.058958612507606256,-0.04441047923009134,True,0.05398161570095472,0.10758037425946942,-0.04441047923009134,True,0.13820821542932538,0.15811634870099844,-0.04441047923009134,True,20,True,True,True,False,True,False,5,1,STOP_BEFORE_TARGET,True,True,False,True,False,5,1,STOP_BEFORE_TARGET,2023-10-27,2023-10-31,2023-11-02,2023-11-09,2023-11-24
BAC|2023-10-27T00:00:00|Long,BAC,2023-10-27,Long,0.020659533420241294,0.02423522481138507,0.004370306317764694,True,0.048867681307430244,0.05760829394295941,0.004370306317764694,True,0.1291219702085329,0.14938419616546383,0.004370306317764694,True,0.09972189993141267,0.14938419616546383,0.004370306317764694,True,0.17441396012481958,0.20182756886403785,0.004370306317764694,True,20,True,True,False,True,False,False,2,,TARGET_BEFORE_STOP,True,False,True,False,False,3,,TARGET_BEFORE_STOP,2023-10-30,2023-11-01,2023-11-03,2023-11-10,2023-11-27
BAC|2023-10-30T00:00:00|Long,BAC,2023-10-30,Long,0.025301658428093843,0.026858645868622855,0.0011677220191999016,True,0.07512651868641074,0.07668350612693975,0.0011677220191999016,True,0.10276369539769181,0.12611910096392753,0.0011677220191999016,True,0.07824056781225641,0.12611910096392753,0.0011677220191999016,True,0.14947450653016325,0.17750094866277344,0.0011677220191999016,True,20,True,True,False,True,False,False,2,,TARGET_BEFORE_STOP,True,False,True,False,False,3,,TARGET_BEFORE_STOP,2023-10-31,2023-11-02,2023-11-06,2023-11-13,2023-11-28
BAC|2023-10-31T00:00:00|Long,BAC,2023-10-31,Long,0.0022778840392865263,0.010630246204383464,-0.007213383939139839,True,0.0789673466840013,0.09832954204950628,-0.007213383939139839,True,0.06909641929692256,0.09832954204950628,-0.007213383939139839,True,0.1093393752499141,0.11655275918905383,-0.007213383939139839,True,0.15072130942886286,0.16211087445055106,-0.007213383939139839,True,20,True,True,False,True,False,False,2,,TARGET_BEFORE_STOP,True,False,True,False,False,2,,TARGET_BEFORE_STOP,2023-11-01,2023-11-03,2023-11-07,2023-11-14,2023-11-29
BAC|2023-11-01T00:00:00|Long,BAC,2023-11-01,Long,0.04621216811862383,0.04772728208667987,0.007196990030418515,True,0.0731060732221036,0.09583336072738757,0.007196990030418515,True,0.05643938608515464,0.09583336072738757,0.007196990030418515,True,0.12196974497086699,0.1261363625690628,0.007196990030418515,True,0.154924250442682,0.15946973684296073,0.007196990030418515,True,20,True,True,False,True,False,False,1,,TARGET_BEFORE_STOP,True,False,True,False,False,2,,TARGET_BEFORE_STOP,2023-11-02,2023-11-06,2023-11-08,2023-11-15,2023-11-30
BAC|2023-11-02T00:00:00|Long,BAC,2023-11-02,Long,0.028964489962077566,0.04742937820919857,0.01846481919032983,True,0.01955101346020438,0.04742937820919857,0.011947860741455818,True,-0.0032585137528325925,0.04742937820919857,-0.007965286532164773,True,0.0695148449657772,0.07639386817127614,-0.010137606015122702,True,0.12092679738426693,0.12418531113709941,-0.010137606015122702,True,20,True,True,False,True,False,False,1,,TARGET_BEFORE_STOP,True,False,True,False,False,8,,TARGET_BEFORE_STOP,2023-11-03,2023-11-07,2023-11-09,2023-11-16,2023-12-01
BAC|2023-11-03T00:00:00|Long,BAC,2023-11-03,Long,-0.00316678931549208,0.012315284325480125,-0.014074581895019977,True,-0.018648862956464174,0.012315284325480125,-0.026389866220500102,True,-0.026037993284012018,0.012315284325480125,-0.03800140467300417,True,0.05489090294702814,0.05559464882000431,-0.03800140467300417,True,0.08444755848302021,0.09254043468354411,-0.03800140467300417,True,20,True,True,True,False,True,False,7,3,STOP_BEFORE_TARGET,True,True,False,True,False,10,4,STOP_BEFORE_TARGET,2023-11-06,2023-11-08,2023-11-10,2023-11-17,2023-12-04
BAC|2023-11-06T00:00:00|Long,BAC,2023-11-06,Long,-0.006000708674612221,-0.002470868161409512,-0.013413313158840645,True,-0.028238589453405627,-0.002470868161409512,-0.03282740231840142,True,-0.022237880778793406,-0.002470868161409512,-0.034945279695879905,True,0.059301105178259705,0.06777268201428144,-0.034945279695879905,True,0.07942110857957463,0.09601127146768684,-0.034945279695879905,True,20,True,True,True,False,True,False,6,2,STOP_BEFORE_TARGET,True,True,False,True,False,9,3,STOP_BEFORE_TARGET,2023-11-07,2023-11-09,2023-11-13,2023-11-20,2023-12-05
BAC|2023-11-07T00:00:00|Long,BAC,2023-11-07,Long,-0.00958808448958448,0.0014204870647760437,-0.017400560148198796,True,-0.017045438382004785,0.0014204870647760437,-0.029119307502395997,True,0.037642026693398556,0.04438920478598196,-0.029119307502395997,True,0.05326704574317853,0.07421875582076609,-0.029119307502395997,True,0.08416196207654458,0.1193182041391363,-0.029119307502395997,True,20,True,True,True,False,True,False,5,2,STOP_BEFORE_TARGET,True,False,True,False,False,6,,TARGET_BEFORE_STOP,2023-11-08,2023-11-10,2023-11-14,2023-11-21,2023-12-06
BAC|2023-11-08T00:00:00|Long,BAC,2023-11-08,Long,-0.012907806055260984,0.006812496888334074,-0.017569013332428773,True,-0.0068124285000703555,0.006812496888334074,-0.019720302943594947,True,0.06202945455162201,0.06597347410738275,-0.019720302943594947,True,0.0623879458299299,0.08461816643952647,-0.019720302943594947,True,0.09931877082764573,0.13015421827017093,-0.019720302943594947,True,20,True,True,False,True,False,False,4,,TARGET_BEFORE_STOP,True,False,True,False,False,4,,TARGET_BEFORE_STOP,2023-11-09,2023-11-13,2023-11-15,2023-11-22,2023-12-07
BAC|2023-11-09T00:00:00|Long,BAC,2023-11-09,Long,0.005448587533201099,0.008717753909631476,-0.006901581159414416,True,0.06138752577397444,0.06828910693338885,-0.006901581159414416,True,0.07301126693603255,0.07991277881289749,-0.006901581159414416,True,0.07991277881289749,0.09880128025837398,-0.006901581159414416,True,0.12459129358071541,0.14493278865240522,-0.006901581159414416,True,20,True,True,False,True,False,False,3,,TARGET_BEFORE_STOP,True,False,True,False,False,3,,TARGET_BEFORE_STOP,2023-11-10,2023-11-14,2023-11-16,2023-11-24,2023-12-08
BAC|2023-11-10T00:00:00|Long,BAC,2023-11-10,Long,0.0007225598823397128,0.006141621185681734,-0.009393071749107529,True,0.0700867237235856,0.07406066526224797,-0.009393071749107529,True,0.08309245707018564,0.08381501695252558,-0.009393071749107529,True,0.06791904407656624,0.09284680876046325,-0.009393071749107529,True,0.11452312288093425,0.13872832768249155,-0.009393071749107529,True,20,True,True,False,True,False,False,2,,TARGET_BEFORE_STOP,True,False,True,False,False,2,,TARGET_BEFORE_STOP,2023-11-13,2023-11-15,2023-11-17,2023-11-27,2023-12-11
BAC|2023-11-13T00:00:00|Long,BAC,2023-11-13,Long,0.0548735923664192,0.0617328172337277,0.02779778083779849,True,0.06642599645880432,0.07328515246876321,0.02779778083779849,True,0.08339348022809401,0.0920577316543707,0.02779778083779849,True,0.06606497737554062,0.0920577316543707,0.02779778083779849,True,0.10974725359018778,0.13790612236859912,0.02779778083779849,True,20,True,True,False,True,False,False,1,,TARGET_BEFORE_STOP,True,False,True,False,False,1,,TARGET_BEFORE_STOP,2023-11-14,2023-11-16,2023-11-20,2023-11-28,2023-12-12
BAC|2023-11-14T00:00:00|Long,BAC,2023-11-14,Long,0.013689306477707275,0.01745380701117094,-0.0006844131035246281,True,0.026009590922012382,0.026694069300988055,-0.0006844131035246281,True,0.015058197960207353,0.03524985321182972,-0.0006844131035246281,True,0.03730322307330525,0.04757020293158587,-0.0006844131035246281,True,0.0965092973456716,0.09958938477561063,-0.0006844131035246281,True,20,True,True,False,True,False,False,4,,TARGET_BEFORE_STOP,True,False,True,False,False,12,,TARGET_BEFORE_STOP,2023-11-15,2023-11-17,2023-11-21,2023-11-29,2023-12-13
BAC|2023-11-15T00:00:00|Long,BAC,2023-11-15,Long,-0.00270087513299766,0.002700875132997549,-0.013504440058930811,True,0.013166758224120612,0.02126938362311348,-0.013504440058930811,True,0.00033755304692495436,0.02126938362311348,-0.013504440058930811,True,0.02937200902210657,0.033423353918574206,-0.013504440058930811,True,0.14584732157581515,0.15023628391315036,-0.013504440058930811,True,20,True,True,False,True,False,False,9,,TARGET_BEFORE_STOP,True,False,True,False,False,14,,TARGET_BEFORE_STOP,2023-11-16,2023-11-20,2023-11-22,2023-11-30,2023-12-14
BAC|2023-11-16T00:00:00|Long,BAC,2023-11-16,Long,0.014895010598246383,0.015572074144075687,0.0003384672045811943,True,0.0040622521383095744,0.024035174761942946,0.0003384672045811943,True,0.006431909980378903,0.024035174761942946,-0.002031190637488356,True,0.04807034952388611,0.05111707091178497,-0.00744756986745676,True,0.13744067138669802,0.15335134187202204,-0.00744756986745676,True,20,True,True,False,True,False,False,8,,TARGET_BEFORE_STOP,True,False,True,False,False,10,,TARGET_BEFORE_STOP,2023-11-17,2023-11-21,2023-11-24,2023-12-01,2023-12-15
BAC|2023-11-17T00:00:00|Long,BAC,2023-11-17,Long,0.0010006900301395838,0.009006019409149468,-0.007671766035629912,True,-0.011674462535485985,0.009006019409149468,-0.015343532071259713,True,-0.014009342318442752,0.009006019409149468,-0.01667778544477938,True,0.028018684636885505,0.035690450672515306,-0.022014671697452526,True,0.11507674501725829,0.1364242900279511,-0.022014671697452526,True,20,True,True,True,False,True,False,9,6,STOP_BEFORE_TARGET,True,False,True,False,False,12,,TARGET_BEFORE_STOP,2023-11-20,2023-11-22,2023-11-27,2023-12-04,2023-12-18
BAC|2023-11-20T00:00:00|Long,BAC,2023-11-20,Long,-0.011662791696112174,-0.0006664597671153238,-0.015328256858144984,True,-0.00933024606831001,-0.0006664597671153238,-0.017660802485947036,True,-0.015994653068158726,-0.0006664597671153238,-0.022992353508666574,True,0.018993658463076102,0.034655081647677166,-0.022992353508666574,True,0.11662772628981677,0.1352882184264368,-0.022992353508666574,True,20,True,True,True,False,True,False,8,5,STOP_BEFORE_TARGET,True,False,True,False,False,11,,TARGET_BEFORE_STOP,2023-11-21,2023-11-24,2023-11-28,2023-12-05,2023-12-19
BAC|2023-11-21T00:00:00|Long,BAC,2023-11-21,Long,-0.001011486405928852,0.004383043451922974,-0.004720141280130652,True,-0.0033715570459941224,0.00775453619081512,-0.006068789821369047,True,0.02191502433830883,0.03202969547629109,-0.011463255372118786,True,0.029332462700916384,0.062710742411344,-0.011463255372118786,True,0.11193525663871151,0.14868509339513336,-0.011463255372118786,True,20,True,True,False,True,False,False,5,,TARGET_BEFORE_STOP,True,False,True,False,False,10,,TARGET_BEFORE_STOP,2023-11-22,2023-11-27,2023-11-29,2023-12-06,2023-12-20
BAC|2023-11-22T00:00:00|Long,BAC,2023-11-22,Long,0.0033749707830614817,0.008774898287074784,-0.005062423988485665,True,-0.003374906410848033,0.008774898287074784,-0.010462351492498745,True,0.02902465861323078,0.033074636427347315,-0.010462351492498745,True,0.03476208963277139,0.06378674824600195,-0.010462351492498745,True,0.1204860514103534,0.14984814916689793,-0.010462351492498745,True,20,True,True,False,True,False,False,4,,TARGET_BEFORE_STOP,True,False,True,False,False,9,,TARGET_BEFORE_STOP,2023-11-24,2023-11-28,2023-11-30,2023-12-07,2023-12-21
BAC|2023-11-24T00:00:00|Long,BAC,2023-11-24,Long,-0.0057181324894550745,-0.0013454089739183273,-0.007399909745775424,True,0.019508911289489506,0.02959976729448144,-0.013790778800034542,True,0.041372336400103515,0.044399586786032286,-0.013790778800034542,True,0.041372336400103515,0.06020857528047907,-0.013790778800034542,True,0.12445344163840288,0.14598049846661487,-0.013790778800034542,True,20,True,True,False,True,False,False,5,,TARGET_BEFORE_STOP,True,False,True,False,False,8,,TARGET_BEFORE_STOP,2023-11-27,2023-11-29,2023-12-01,2023-12-08,2023-12-22
BAC|2023-11-27T00:00:00|Long,BAC,2023-11-27,Long,-0.0010148437022617918,0.0030446601560865094,-0.008119072241347003,True,0.03146144526312611,0.03552101364612481,-0.008119072241347003,True,0.04262517766055951,0.05040594715960234,-0.008119072241347003,True,0.0436400858874717,0.06630585342464257,-0.008119072241347003,True,0.14546688843358857,0.15257105244802327,-0.008119072241347003,True,20,True,True,False,True,False,False,2,,TARGET_BEFORE_STOP,True,False,True,False,False,4,,TARGET_BEFORE_STOP,2023-11-28,2023-11-30,2023-12-04,2023-12-11,2023-12-26
BAC|2023-11-28T00:00:00|Long,BAC,2023-11-28,Long,0.026413774505925414,0.036572973199911596,0.009481841272814373,True,0.04842527479092951,0.05147302794010544,0.009481841272814373,True,0.035557033953453,0.05147302794010544,0.009481841272814373,True,0.040975247420832694,0.0673890865169573,0.009481841272814373,True,0.14595324638415996,0.15374192016974297,0.009481841272814373,True,20,True,True,False,True,False,False,1,,TARGET_BEFORE_STOP,True,False,True,False,False,3,,TARGET_BEFORE_STOP,2023-11-29,2023-12-01,2023-12-05,2023-12-12,2023-12-27
BAC|2023-11-29T00:00:00|Long,BAC,2023-11-29,Long,0.005938644287276862,0.007918171407024888,-0.00890790350288262,True,0.01682613783793996,0.02441437757033471,-0.00890790350288262,True,0.00725837098579718,0.039920851637786914,-0.00890790350288262,True,0.05707692115035723,0.06004624329399566,-0.00890790350288262,True,0.11778296486558038,0.12405147789945481,-0.00890790350288262,True,20,True,True,False,True,False,False,5,,TARGET_BEFORE_STOP,True,False,True,False,False,10,,TARGET_BEFORE_STOP,2023-11-30,2023-12-04,2023-12-06,2023-12-13,2023-12-28
BAC|2023-11-30T00:00:00|Long,BAC,2023-11-30,Long,0.015414867723275716,0.018366660221258657,-0.004591649416181731,True,0.0029517924979829413,0.018366660221258657,-0.005247617206073918,True,0.005575601101019956,0.03378159050106588,-0.005247617206073918,True,0.11315181638206684,0.11741554445983415,-0.005247617206073918,True,0.10429643888811779,0.11741554445983415,-0.005247617206073918,True,20,True,True,False,True,False,False,4,,TARGET_BEFORE_STOP,True,False,True,False,False,9,,TARGET_BEFORE_STOP,2023-12-01,2023-12-05,2023-12-07,2023-12-14,2023-12-29
BAC|2023-12-01T00:00:00|Long,BAC,2023-12-01,Long,-0.00452194424381136,0.0012920192735859093,-0.014211842368227257,True,-0.013888837549830724,0.018087900188985317,-0.02034881070402117,True,0.0,0.018087900188985317,-0.02034881070402117,True,0.08527130063684263,0.10045221906712909,-0.02034881070402117,True,0.09496132197499807,0.10045221906712909,-0.02034881070402117,True,20,True,True,True,False,True,False,8,2,STOP_BEFORE_TARGET,True,False,True,False,False,9,,TARGET_BEFORE_STOP,2023-12-04,2023-12-06,2023-12-08,2023-12-15,2024-01-02
BAC|2023-12-04T00:00:00|Long,BAC,2023-12-04,Long,-0.007787143851220368,-0.0009733543022036883,-0.01589875976541466,True,-0.005191429234146949,0.02271254931443134,-0.01589875976541466,True,0.0009734161889218829,0.02271254931443134,-0.01589875976541466,True,0.08468528994793845,0.10545100688452602,-0.01589875976541466,True,0.08792988680424174,0.10545100688452602,-0.01589875976541466,True,20,True,True,False,True,False,False,7,,TARGET_BEFORE_STOP,True,False,True,False,False,8,,TARGET_BEFORE_STOP,2023-12-05,2023-12-07,2023-12-11,2023-12-18,2024-01-03
BAC|2023-12-05T00:00:00|Long,BAC,2023-12-05,Long,-0.00163503064700099,0.030739062668502903,-0.004578135709539577,True,0.012426395085502362,0.030739062668502903,-0.004578135709539577,True,0.005232172917308375,0.030739062668502903,-0.004578135709539577,True,0.0958142055309743,0.11412687311397485,-0.004578135709539577,True,0.10529755792635909,0.12197519486235864,-0.004578135709539577,True,20,True,True,False,True,False,False,1,,TARGET_BEFORE_STOP,True,False,True,False,False,6,,TARGET_BEFORE_STOP,2023-12-06,2023-12-08,2023-12-12,2023-12-19,2024-01-04
BAC|2023-12-06T00:00:00|Long,BAC,2023-12-06,Long,0.004258079195637476,0.013101854226464038,0.00032755416498275736,True,0.010481483381171053,0.019980304267394056,0.00032755416498275736,True,0.04945955437014926,0.05240747938042478,-0.002620370845292763,True,0.08024889618369713,0.11595148799741706,-0.002620370845292763,True,0.12774318803851914,0.13625934642979387,-0.002620370845292763,True,20,True,True,False,True,False,False,5,,TARGET_BEFORE_STOP,True,False,True,False,False,5,,TARGET_BEFORE_STOP,2023-12-07,2023-12-11,2023-12-13,2023-12-20,2024-01-05
BAC|2023-12-07T00:00:00|Long,BAC,2023-12-07,Long,0.009784710976959321,0.015655562447005167,-0.0016307644262681942,True,0.0026092604078342685,0.015655562447005167,-0.006849285241936509,True,0.10697973893087687,0.11121982597465463,-0.006849285241936509,True,0.08284412681566722,0.11121982597465463,-0.006849285241936509,True,0.11415525170967733,0.1314415785829508,-0.006849285241936509,True,20,True,True,False,True,False,False,4,,TARGET_BEFORE_STOP,True,False,True,False,False,5,,TARGET_BEFORE_STOP,2023-12-08,2023-12-12,2023-12-14,2023-12-21,2024-01-08
BAC|2023-12-08T00:00:00|Long,BAC,2023-12-08,Long,-0.0035529297886218725,0.003875996213888122,-0.00807493563930306,True,0.034883781104384504,0.03779076286308314,-0.016472814490132937,True,0.08527130063684263,0.10045221906712909,-0.016472814490132937,True,0.07978040354471139,0.10045221906712909,-0.016472814490132937,True,0.08624037669890194,0.12047802495275373,-0.016472814490132937,True,20,True,True,False,True,False,False,3,,TARGET_BEFORE_STOP,True,False,True,False,False,4,,TARGET_BEFORE_STOP,2023-12-11,2023-12-13,2023-12-15,2023-12-22,2024-01-09
BAC|2023-12-11T00:00:00|Long,BAC,2023-12-11,Long,-0.0035656599348904416,0.0003241565237659394,-0.012965951817962895,True,0.10016201643534783,0.10437598941777027,-0.012965951817962895,True,0.08363046650902972,0.10437598941777027,-0.012965951817962895,True,0.09756888789829032,0.10437598941777027,-0.012965951817962895,True,0.08914094193344568,0.12447319927897893,-0.012965951817962895,True,20,True,True,False,True,False,False,2,,TARGET_BEFORE_STOP,True,False,True,False,False,3,,TARGET_BEFORE_STOP,2023-12-12,2023-12-14,2023-12-18,2023-12-26,2024-01-10
BAC|2023-12-12T00:00:00|Long,BAC,2023-12-12,Long,0.042290213210430805,0.045217999588375024,-0.003578419361437768,True,0.09303834496739483,0.1083279098406098,-0.003578419361437768,True,0.0901105585894506,0.1083279098406098,-0.003578419361437768,True,0.1008458166737638,0.1083279098406098,-0.003578419361437768,True,0.07839953717322623,0.1284970359466968,-0.003578419361437768,True,20,True,True,False,True,False,False,1,,TARGET_BEFORE_STOP,True,False,True,False,False,2,,TARGET_BEFORE_STOP,2023-12-13,2023-12-15,2023-12-19,2023-12-27,2024-01-11
BAC|2023-12-13T00:00:00|Long,BAC,2023-12-13,Long,0.05930080077684563,0.06335826221256724,0.016541784149576078,True,0.0433832506220313,0.06335826221256724,0.016541784149576078,True,0.02933828339104183,0.06335826221256724,0.016541784149576078,True,0.05742821785302077,0.06335826221256724,0.016541784149576078,True,0.023720296498646265,0.08270903980834121,-0.00249693597904721,True,20,True,True,False,True,False,False,1,,TARGET_BEFORE_STOP,True,False,True,False,False,1,,TARGET_BEFORE_STOP,2023-12-14,2023-12-18,2023-12-20,2023-12-28,2024-01-12
BAC|2023-12-14T00:00:00|Long,BAC,2023-12-14,Long,-0.010017683156896995,0.0023571548111886997,-0.019151377061934483,True,-0.012669426121820537,0.0023571548111886997,-0.033588669292146545,True,-0.021803120026858025,0.0023571548111886997,-0.033588669292146545,True,-0.007955228894770627,0.0023571548111886997,-0.033588669292146545,True,-0.053624035605940645,0.022097820575920357,-0.06246314135724329,True,20,True,False,True,False,True,False,,3,STOP_BEFORE_TARGET,False,True,False,True,False,,3,STOP_BEFORE_TARGET,2023-12-15,2023-12-19,2023-12-21,2023-12-29,2024-01-16
BAC|2023-12-15T00:00:00|Long,BAC,2023-12-15,Long,-0.005059469543614581,0.005654834822465649,-0.00565472128980371,True,-0.018452350001214812,0.005654834822465649,-0.023809502184254927,True,-0.005059469543614581,0.005654834822465649,-0.023809502184254927,True,0.00892866266017478,0.01398813220378936,-0.023809502184254927,True,-0.05357140829773899,0.03244048220500417,-0.06934518220743369,True,20,True,True,True,False,True,False,13,2,STOP_BEFORE_TARGET,False,True,False,True,False,,18,STOP_BEFORE_TARGET,2023-12-18,2023-12-20,2023-12-22,2024-01-02,2024-01-17
BAC|2023-12-18T00:00:00|Long,BAC,2023-12-18,Long,0.0023930007665908803,0.007179116409770758,-0.01884538026814475,True,-0.00688003410519622,0.008375673848065368,-0.01884538026814475,True,0.012862707186670486,0.015853986672408782,-0.01884538026814475,True,0.0029912794857382963,0.01914446257271951,-0.01884538026814475,True,-0.05085255002753475,0.03769064642629161,-0.06461261823792708,True,20,True,True,True,True,False,False,12,17,TARGET_BEFORE_STOP,False,True,False,True,False,,17,STOP_BEFORE_TARGET,2023-12-19,2023-12-21,2023-12-26,2024-01-03,2024-01-18
BAC|2023-12-19T00:00:00|Long,BAC,2023-12-19,Long,-0.015816138640517452,0.0059683907179111095,-0.016711357405049476,True,-0.0023872879846137396,0.0059683907179111095,-0.018501908771698106,True,0.009847861760190924,0.013428850655903712,-0.018501908771698106,True,0.008654160849091763,0.023873562871644216,-0.018501908771698106,True,-0.03849588676347793,0.03521338001433216,-0.06684565729536696,True,20,True,True,True,True,False,False,11,15,TARGET_BEFORE_STOP,False,True,False,True,False,,16,STOP_BEFORE_TARGET,2023-12-20,2023-12-22,2023-12-27,2024-01-04,2024-01-19
BAC|2023-12-20T00:00:00|Long,BAC,2023-12-20,Long,0.006670746626948221,0.014251098460484002,-0.002728931286752445,True,0.02668287084080312,0.02971496530742157,-0.002728931286752445,True,0.027289312867524673,0.03001824415427712,-0.002728931286752445,True,0.04396606376790535,0.05184957878130714,-0.002728931286752445,True,-0.013038214407040671,0.05184957878130714,-0.05184957878130714,True,20,True,True,True,True,False,False,5,15,TARGET_BEFORE_STOP,True,True,True,False,False,10,15,TARGET_BEFORE_STOP,2023-12-21,2023-12-26,2023-12-28,2024-01-05,2024-01-22
BAC|2023-12-21T00:00:00|Long,BAC,2023-12-21,Long,0.006927696896111835,0.014156548048351425,0.0,True,0.0192770896066623,0.022891515182781985,0.0,True,0.014156548048351425,0.02379520775220012,0.0,True,0.02891563440999323,0.04487945269666338,0.0,True,-0.01295181612332319,0.04487945269666338,-0.05813253797663176,True,20,True,True,True,True,False,False,8,14,TARGET_BEFORE_STOP,False,True,False,True,False,,14,STOP_BEFORE_TARGET,2023-12-22,2023-12-27,2023-12-29,2024-01-08,2024-01-23
BAC|2023-12-22T00:00:00|Long,BAC,2023-12-22,Long,0.012862707186670486,0.015853986672408782,-0.0017948361574416927,True,0.01346098590581768,0.016153183086981215,-0.0017948361574416927,True,0.014059264624964873,0.01914446257271951,-0.004786115643179878,True,0.005982673081474266,0.03769064642629161,-0.005683476666901721,True,-0.01346098590581768,0.03769064642629161,-0.06461261823792708,True,20,True,True,True,True,False,False,8,13,TARGET_BEFORE_STOP,False,True,False,True,False,,13,STOP_BEFORE_TARGET,2023-12-26,2023-12-28,2024-01-02,2024-01-09,2024-01-24
BAC|2023-12-26T00:00:00|Long,BAC,2023-12-26,Long,-0.0005906809628809517,0.0026580080025271346,-0.005906696967935332,True,-0.005611412816931893,0.003839369928289038,-0.00915538593334353,True,-0.009746066896224481,0.006201981118938882,-0.018310659205812985,True,-0.007678739856578187,0.024512640324751755,-0.018310659205812985,True,-0.013880720975516958,0.024512640324751755,-0.07649143844953399,True,20,True,False,True,False,True,False,,11,STOP_BEFORE_TARGET,False,True,False,True,False,,11,STOP_BEFORE_TARGET,2023-12-27,2023-12-29,2024-01-03,2024-01-10,2024-01-25
BAC|2023-12-27T00:00:00|Long,BAC,2023-12-27,Long,0.0011820601461871583,0.00384163911137847,-0.0020685488920976214,True,0.0017730902192807374,0.006796676749386554,-0.016843962537057777,True,-0.0011820601461872693,0.013888924899049693,-0.01773045128296813,True,-0.02039003024815933,0.025118158105448263,-0.03132391750920105,True,-0.012115834679768955,0.025118158105448263,-0.07594561711689829,True,20,True,False,True,False,True,False,,10,STOP_BEFORE_TARGET,False,True,False,True,False,,10,STOP_BEFORE_TARGET,2023-12-28,2024-01-02,2024-01-04,2024-01-11,2024-01-26
BAC|2023-12-28T00:00:00|Long,BAC,2023-12-28,Long,-0.0061984324837450755,0.0032467711594934556,-0.009740313478480256,True,-0.010330645743330535,0.005607987624527855,-0.018890182097743402,True,0.016233743203100337,0.02390783745742109,-0.018890182097743402,True,-0.031877266735717,0.02390783745742109,-0.056670658887596925,True,-0.007969316683929306,0.02390783745742109,-0.07703661535028272,True,20,True,False,True,False,True,False,,9,STOP_BEFORE_TARGET,False,True,False,True,False,,9,STOP_BEFORE_TARGET,2023-12-29,2024-01-03,2024-01-05,2024-01-12,2024-01-29
BAC|2023-12-29T00:00:00|Long,BAC,2023-12-29,Long,0.006831106903526063,0.011880057844726455,-0.011879944548098265,True,0.0038610357940302986,0.019008115210888077,-0.01277090923263291,True,0.014553065194958581,0.030294045537087255,-0.01277090923263291,True,-0.04603502587921582,0.030294045537087255,-0.05494501261444662,True,0.03326411664658302,0.03623407445945048,-0.07128000717847438,True,20,True,True,True,True,False,False,4,8,TARGET_BEFORE_STOP,False,True,False,True,False,,9,STOP_BEFORE_TARGET,2024-01-02,2024-01-04,2024-01-08,2024-01-16,2024-01-30
BAC|2024-01-02T00:00:00|Long,BAC,2024-01-02,Long,-0.010914534806129028,-0.0038348395948003544,-0.019469021171231282,True,0.015634181576430928,0.02330374823809378,-0.019469021171231282,True,-0.007964614914767965,0.02330374823809378,-0.019469021171231282,True,-0.061946967383327056,0.02330374823809378,-0.07758114895975798,True,0.0032447430885902406,0.035398138472829244,-0.07758114895975798,True,20,True,True,True,False,True,False,20,7,STOP_BEFORE_TARGET,False,True,False,True,False,,7,STOP_BEFORE_TARGET,2024-01-03,2024-01-05,2024-01-09,2024-01-17,2024-01-31
BAC|2024-01-03T00:00:00|Long,BAC,2024-01-03,Long,0.008052504252710646,0.023262827986613388,0.00029830410362685633,True,0.018789176589658174,0.03459588099145261,0.00029830410362685633,True,0.0020876736466641788,0.03459588099145261,-0.008648884920602451,True,-0.05368324791505685,0.03459588099145261,-0.06740227867018711,True,0.0005964944375727033,0.046823732537491614,-0.06740227867018711,True,20,True,True,True,True,False,False,2,6,TARGET_BEFORE_STOP,False,True,False,True,False,,7,STOP_BEFORE_TARGET,2024-01-04,2024-01-08,2024-01-10,2024-01-18,2024-02-01
BAC|2024-01-04T00:00:00|Long,BAC,2024-01-04,Long,0.01863908527620506,0.026331343483362746,-0.0026627264680292306,True,-0.005029531739128457,0.026331343483362746,-0.008579908937079717,True,-0.019230701948328432,0.026331343483362746,-0.030177529017375693,True,-0.046745504497674895,0.026331343483362746,-0.07485203658001327,True,-0.009763255142195115,0.038461516757525294,-0.07485203658001327,True,20,True,True,True,False,True,False,17,5,STOP_BEFORE_TARGET,False,True,False,True,False,,5,STOP_BEFORE_TARGET,2024-01-05,2024-01-09,2024-01-11,2024-01-19,2024-02-02
BAC|2024-01-05T00:00:00|Long,BAC,2024-01-05,Long,-0.007842011483313427,-0.00377580792805543,-0.022945132399798007,True,-0.024106936500082332,-0.00377580792805543,-0.03456284101542961,True,-0.047342464527082795,-0.00377580792805543,-0.07173979665436758,True,-0.05460357396025406,-0.00377580792805543,-0.09178041880345478,True,-0.04182395044860088,0.019459720098945033,-0.09178041880345478,True,20,True,False,True,False,True,False,,1,STOP_BEFORE_TARGET,False,True,False,True,False,,3,STOP_BEFORE_TARGET,2024-01-08,2024-01-10,2024-01-12,2024-01-22,2024-02-05
BAC|2024-01-08T00:00:00|Long,BAC,2024-01-08,Long,-0.015515186816870696,-0.009367672606955812,-0.01902814779807882,True,-0.029566695727304526,-0.009367672606955812,-0.0403981579121635,True,-0.05971899662294322,-0.009367672606955812,-0.06850117573303105,True,-0.0406908488248644,-0.009367672606955812,-0.08460185604676984,True,-0.032786854124345455,0.027517524323999565,-0.08460185604676984,True,20,True,False,True,False,True,False,,2,STOP_BEFORE_TARGET,False,True,False,True,False,,3,STOP_BEFORE_TARGET,2024-01-09,2024-01-11,2024-01-16,2024-01-23,2024-02-06
BAC|2024-01-09T00:00:00|Long,BAC,2024-01-09,Long,-0.0008921377651274209,0.0,-0.011596770064280393,True,-0.024680398593314834,0.0,-0.04965810082075539,True,-0.054415752986392896,0.0,-0.07017545451668428,True,-0.019328025728050813,0.0,-0.07017545451668428,True,-0.013380932163160164,0.04371089382448967,-0.07017545451668428,True,20,True,True,True,False,True,False,14,2,STOP_BEFORE_TARGET,False,True,False,True,False,,3,STOP_BEFORE_TARGET,2024-01-10,2024-01-12,2024-01-17,2024-01-24,2024-02-07
BAC|2024-01-10T00:00:00|Long,BAC,2024-01-10,Long,-0.013392766924938293,-0.0029761451982837084,-0.024404753930443945,True,-0.044047607424037016,-0.0029761451982837084,-0.05297615655154986,True,-0.05565473264306986,-0.0029761451982837084,-0.06934518220743369,True,-0.00624997303599284,-0.0029761451982837084,-0.06934518220743369,True,-0.014285701310552956,0.044642859170226146,-0.06934518220743369,True,20,True,True,True,False,True,False,13,1,STOP_BEFORE_TARGET,False,True,False,True,False,,2,STOP_BEFORE_TARGET,2024-01-11,2024-01-16,2024-01-18,2024-01-25,2024-02-08
BAC|2024-01-11T00:00:00|Long,BAC,2024-01-11,Long,-0.01055813793990712,0.0012065489891111003,-0.03589750789233781,True,-0.04072404907023808,0.0012065489891111003,-0.056711945145691556,True,-0.028054306557113273,0.0012065489891111003,-0.056711945145691556,True,0.008446418292870739,0.01568617252281168,-0.056711945145691556,True,-0.002413328125859482,0.05882343464509043,-0.056711945145691556,True,20,True,True,True,False,True,False,12,1,STOP_BEFORE_TARGET,True,True,False,True,False,12,1,STOP_BEFORE_TARGET,2024-01-12,2024-01-17,2024-01-19,2024-01-26,2024-02-09
BAC|2024-01-12T00:00:00|Long,BAC,2024-01-12,Long,-0.020731717103439795,-0.0088414915327093,-0.029878035519251833,True,-0.03262194267417029,-0.0088414915327093,-0.04664630533186531,True,-0.007621951396801441,0.0057927574946881055,-0.04664630533186531,True,0.02469516439426611,0.026524358296379447,-0.04664630533186531,True,0.02499999127736885,0.07012192959022356,-0.04664630533186531,True,20,True,True,True,False,True,False,11,1,STOP_BEFORE_TARGET,True,True,False,True,False,11,2,STOP_BEFORE_TARGET,2024-01-16,2024-01-18,2024-01-22,2024-01-29,2024-02-12
BAC|2024-01-16T00:00:00|Long,BAC,2024-01-16,Long,-0.009962630929808758,-0.0040472965469982025,-0.02646321613906777,True,0.003113396393020773,0.0034246766503585047,-0.02646321613906777,True,0.02023666088088394,0.027086014181600726,-0.02646321613906777,True,0.08312584285275704,0.08623912048184912,-0.02646321613906777,True,0.019613981602279784,0.09277707476129926,-0.02646321613906777,True,20,True,True,True,False,True,False,6,1,STOP_BEFORE_TARGET,True,False,True,False,False,10,,TARGET_BEFORE_STOP,2024-01-17,2024-01-19,2024-01-23,2024-01-30,2024-02-13
BAC|2024-01-17T00:00:00|Long,BAC,2024-01-17,Long,-0.0022012483177245024,-0.000943357862157268,-0.01257860465808136,True,0.02358490622622189,0.037421461319388616,-0.01257860465808136,True,0.03710692872597865,0.048427702908010906,-0.01257860465808136,True,0.06949682822309833,0.10377356340356902,-0.01257860465808136,True,0.04182395795483762,0.10377356340356902,-0.01257860465808136,True,20,True,True,False,True,False,False,3,,TARGET_BEFORE_STOP,True,False,True,False,False,6,,TARGET_BEFORE_STOP,2024-01-18,2024-01-22,2024-01-24,2024-01-31,2024-02-14
BAC|2024-01-18T00:00:00|Long,BAC,2024-01-18,Long,0.0154428517345091,0.015757957996010763,-0.005042541749776253,True,0.03277658148538509,0.03971012147520714,-0.005042541749776253,True,0.05231641573780843,0.05420741397785411,-0.005042541749776253,True,0.057358957487584794,0.10620860323048231,-0.005042541749776253,True,0.07374724823027745,0.10620860323048231,-0.005042541749776253,True,20,True,True,False,True,False,False,2,,TARGET_BEFORE_STOP,True,False,True,False,False,4,,TARGET_BEFORE_STOP,2024-01-19,2024-01-23,2024-01-25,2024-02-01,2024-02-15
BAC|2024-01-19T00:00:00|Long,BAC,2024-01-19,Long,0.010242023707478287,0.02389821317787244,0.003103614845825664,True,0.023587780656099566,0.03476098353357937,0.003103614845825664,True,0.037554284252949266,0.04500300724105766,0.003103614845825664,True,0.03879577754940633,0.08938538622920378,0.003103614845825664,True,0.05803845006322317,0.08938538622920378,0.003103614845825664,True,20,True,True,False,True,False,False,3,,TARGET_BEFORE_STOP,True,False,True,False,False,7,,TARGET_BEFORE_STOP,2024-01-22,2024-01-24,2024-01-26,2024-02-02,2024-02-16
BAC|2024-01-22T00:00:00|Long,BAC,2024-01-22,Long,0.00675887022610544,0.008294945133401344,-0.0049155100203486235,True,0.0258064569055807,0.027649817111337738,-0.0049155100203486235,True,0.03256532713168636,0.03440857014243992,-0.0049155100203486235,True,0.01351774045221088,0.07834099222211921,-0.0049155100203486235,True,0.04331796867776028,0.07834099222211921,-0.006144416824186538,True,20,True,True,False,True,False,False,4,,TARGET_BEFORE_STOP,True,False,True,False,False,6,,TARGET_BEFORE_STOP,2024-01-23,2024-01-25,2024-01-29,2024-02-05,2024-02-20
BAC|2024-01-23T00:00:00|Long,BAC,2024-01-23,Long,0.006408272247152347,0.017393948332679265,0.0042721814981014905,True,0.020140367354060995,0.02746407380560223,0.0018309848169928422,True,0.061641758606845176,0.0646932835602847,0.0018309848169928422,True,0.008239257064145189,0.07110155580743704,0.0018309848169928422,True,0.028379624418206184,0.07110155580743704,-0.012816660902519872,True,20,True,True,False,True,False,False,5,,TARGET_BEFORE_STOP,True,False,True,False,False,5,,TARGET_BEFORE_STOP,2024-01-24,2024-01-26,2024-01-30,2024-02-06,2024-02-21
BAC|2024-01-24T00:00:00|Long,BAC,2024-01-24,Long,0.012431772380319117,0.014251098460484002,-0.004548141699927677,True,0.019102519007267338,0.02092172942044246,-0.004548141699927677,True,0.031231012540730685,0.06428135116162625,-0.004548141699927677,True,0.0060643046002264445,0.06428135116162625,-0.010612446300154232,True,0.019102519007267338,0.06428135116162625,-0.019102519007267227,True,20,True,True,False,True,False,False,4,,TARGET_BEFORE_STOP,True,False,True,False,False,4,,TARGET_BEFORE_STOP,2024-01-25,2024-01-29,2024-01-31,2024-02-07,2024-02-22
BAC|2024-01-25T00:00:00|Long,BAC,2024-01-25,Long,0.0011979909032207026,0.008385707829143607,-0.0020964269572858463,True,0.041928767639119346,0.044923630650470336,-0.004492294517026596,True,0.004791849366182044,0.0512129115223281,-0.013776552646936113,True,-0.008086267226688815,0.0512129115223281,-0.02276125592769007,True,0.01587297960422207,0.0512129115223281,-0.031147078003534334,True,20,True,True,True,True,False,False,3,9,TARGET_BEFORE_STOP,True,True,True,False,False,4,13,TARGET_BEFORE_STOP,2024-01-26,2024-01-30,2024-02-01,2024-02-08,2024-02-23
BAC|2024-01-26T00:00:00|Long,BAC,2024-01-26,Long,0.005384394362327072,0.00658095180062146,-0.005683476666901721,True,0.017349626415277708,0.0499550748938149,-0.005683476666901721,True,0.0011965574382943878,0.0499550748938149,-0.014956625648686828,True,-0.010768788724654144,0.0499550748938149,-0.02393057821589928,True,0.005384394362327072,0.0499550748938149,-0.03230636617396254,True,20,True,True,True,True,False,False,2,8,TARGET_BEFORE_STOP,False,True,False,True,False,,12,STOP_BEFORE_TARGET,2024-01-29,2024-01-31,2024-02-02,2024-02-09,2024-02-26
BAC|2024-01-29T00:00:00|Long,BAC,2024-01-29,Long,0.03510860707370389,0.038083866588882076,0.006843187684010044,True,-0.001785223808432046,0.0443319796700814,-0.020232082500062476,True,-0.01844685869163032,0.0443319796700814,-0.022314786860462177,True,0.0002974805519677659,0.0443319796700814,-0.02915797454447222,True,0.019934488449219412,0.0443319796700814,-0.037488905484946655,True,20,True,True,True,True,False,False,1,3,TARGET_BEFORE_STOP,False,True,False,True,False,,11,STOP_BEFORE_TARGET,2024-01-30,2024-02-01,2024-02-05,2024-02-12,2024-02-27
BAC|2024-01-30T00:00:00|Long,BAC,2024-01-30,Long,-0.02242030967139219,0.00891053608611414,-0.02270770033739067,True,-0.037941927567903044,0.00891053608611414,-0.053463655113656916,True,-0.0503018095414578,0.00891053608611414,-0.055475718723375755,True,-0.05863756429557487,0.00891053608611414,-0.07013516462189107,True,-0.01379705460203351,0.00891053608611414,-0.07013516462189107,True,20,True,False,True,False,True,False,,1,STOP_BEFORE_TARGET,False,True,False,True,False,,2,STOP_BEFORE_TARGET,2024-01-31,2024-02-02,2024-02-06,2024-02-13,2024-02-28
BAC|2024-01-31T00:00:00|Long,BAC,2024-01-31,Long,-0.01352540744412245,0.007056797715712992,-0.03175530931072201,True,-0.02999108184079513,0.007056797715712992,-0.033813518610306015,True,-0.02440452976535179,0.007056797715712992,-0.04057622233236724,True,-0.025874663241626905,0.007056797715712992,-0.04880917169469812,True,0.014995653084391991,0.018818089853902986,-0.04880917169469812,True,20,True,False,True,False,True,False,,1,STOP_BEFORE_TARGET,False,True,False,True,False,,1,STOP_BEFORE_TARGET,2024-02-01,2024-02-05,2024-02-07,2024-02-14,2024-02-29
BAC|2024-02-01T00:00:00|Long,BAC,2024-02-01,Long,-0.002384441674414539,0.004768997050687451,-0.011326410633579753,True,-0.015201142567235593,0.004768997050687451,-0.020566278461991327,True,-0.012816700892821054,0.004768997050687451,-0.027421704615988474,True,0.015499268840198921,0.020566392163849923,-0.035767534731085404,True,0.02384498525343748,0.03278695421260269,-0.035767534731085404,True,20,True,True,True,False,True,False,18,2,STOP_BEFORE_TARGET,False,True,False,True,False,,8,STOP_BEFORE_TARGET,2024-02-02,2024-02-06,2024-02-08,2024-02-15,2024-03-01
BAC|2024-02-02T00:00:00|Long,BAC,2024-02-02,Long,-0.01434118687570951,-0.005377959325093773,-0.01822529393797101,True,-0.008664502687497966,-0.003286543362404193,-0.025097105525897057,True,-0.011951046049902159,-0.003286543362404193,-0.025097105525897057,True,0.01852401880108867,0.023005689563207588,-0.03346288335027736,True,0.05019421105179411,0.0582610360658129,-0.03346288335027736,True,20,True,True,True,False,True,False,17,3,STOP_BEFORE_TARGET,True,True,False,True,False,20,7,STOP_BEFORE_TARGET,2024-02-05,2024-02-07,2024-02-09,2024-02-16,2024-03-04
BAC|2024-02-05T00:00:00|Long,BAC,2024-02-05,Long,0.0015155875876533553,0.011215486906939853,-0.0033343620719898936,True,0.003940504601514405,0.011215486906939853,-0.010912415642177486,True,0.01909661174188959,0.029705956119304933,-0.010912415642177486,True,0.029402769222621528,0.037890267850938075,-0.019399914270493812,True,0.07274924489464829,0.08275233111061797,-0.019399914270493812,True,20,True,True,False,True,False,False,8,,TARGET_BEFORE_STOP,True,False,True,False,False,17,,TARGET_BEFORE_STOP,2024-02-06,2024-02-08,2024-02-12,2024-02-20,2024-03-05
BAC|2024-02-06T00:00:00|Long,BAC,2024-02-06,Long,0.004237269545069644,0.00665851694642261,-0.012409196006390788,True,0.0009079533433904441,0.00726385766099491,-0.012409196006390788,True,-0.008777267175893333,0.028147708214460776,-0.020883850553465866,True,0.019975781753139632,0.03631963467578192,-0.020883850553465866,True,0.07203381318005575,0.08323244321423795,-0.020883850553465866,True,20,True,True,True,False,True,False,7,5,STOP_BEFORE_TARGET,True,False,True,False,False,18,,TARGET_BEFORE_STOP,2024-02-07,2024-02-09,2024-02-13,2024-02-21,2024-03-06
BAC|2024-02-07T00:00:00|Long,BAC,2024-02-07,Long,-0.001808359636502388,0.003013817757726134,-0.011452714424959098,True,0.013260959091683677,0.023809551183280542,-0.011452714424959098,True,-0.001506908878863067,0.023809551183280542,-0.025015124274281986,True,0.012959623303822054,0.031946997092874296,-0.025015124274281986,True,0.07383968476206659,0.08197713067166035,-0.025015124274281986,True,20,True,True,True,False,True,False,6,4,STOP_BEFORE_TARGET,True,False,True,False,False,17,,TARGET_BEFORE_STOP,2024-02-08,2024-02-12,2024-02-14,2024-02-22,2024-03-07
BAC|2024-02-08T00:00:00|Long,BAC,2024-02-08,Long,-0.0015096388488229362,0.003925153149388683,-0.00845406969585738,True,-0.011171465694963079,0.025664321142234714,-0.023248806841668967,True,0.028683598839880586,0.03381650913955192,-0.023248806841668967,True,0.024154567115350467,0.03381650913955192,-0.023248806841668967,True,0.07487921564661715,0.0908817099427115,-0.023248806841668967,True,20,True,True,True,False,True,False,5,3,STOP_BEFORE_TARGET,True,False,True,False,False,16,,TARGET_BEFORE_STOP,2024-02-09,2024-02-13,2024-02-15,2024-02-23,2024-03-08
BAC|2024-02-09T00:00:00|Long,BAC,2024-02-09,Long,0.016631365047959923,0.027215044880080974,-0.0027215044880081196,True,0.0018143747760726026,0.027215044880080974,-0.021772035904064846,True,0.03084367908002461,0.03537955834410522,-0.021772035904064846,True,0.016329026928048496,0.03537955834410522,-0.021772035904064846,True,0.08527365348798521,0.09253103724007405,-0.021772035904064846,True,20,True,True,True,False,True,False,4,2,STOP_BEFORE_TARGET,True,False,True,False,False,15,,TARGET_BEFORE_STOP,2024-02-12,2024-02-14,2024-02-16,2024-02-26,2024-03-11
BAC|2024-02-12T00:00:00|Long,BAC,2024-02-12,Long,-0.025877422948388906,-0.009220629638383215,-0.03777514866483889,True,0.01338491306472589,0.018441486207009694,-0.03777514866483889,True,0.010113032819446088,0.018441486207009694,-0.03777514866483889,True,0.019631168006557287,0.024092843516506424,-0.03777514866483889,True,0.06960143447145284,0.07525290524607131,-0.03777514866483889,True,20,True,True,True,False,True,False,12,1,STOP_BEFORE_TARGET,True,True,False,True,False,14,1,STOP_BEFORE_TARGET,2024-02-13,2024-02-15,2024-02-20,2024-02-27,2024-03-12
BAC|2024-02-13T00:00:00|Long,BAC,2024-02-13,Long,0.011603086049320144,0.013129780310710881,0.0036640895231989656,True,0.04091603519352338,0.04549623445700135,-0.007938880046815311,True,0.02900765688364748,0.04549623445700135,-0.007938880046815311,True,0.04763362971880958,0.05648850302659825,-0.007938880046815311,True,0.10167944522304384,0.11297712253250247,-0.007938880046815311,True,20,True,True,False,True,False,False,2,,TARGET_BEFORE_STOP,True,False,True,False,False,9,,TARGET_BEFORE_STOP,2024-02-14,2024-02-16,2024-02-21,2024-02-28,2024-03-13
BAC|2024-02-14T00:00:00|Long,BAC,2024-02-14,Long,0.028373033395813874,0.03350439404059791,0.005734941762251866,True,0.025052761533298717,0.03350439404059791,-0.01931781977104674,True,0.014488364828285194,0.03350439404059791,-0.01931781977104674,True,0.04195591140460886,0.04587987952788031,-0.01931781977104674,True,0.07727127908418718,0.10021127641977134,-0.01931781977104674,True,20,True,True,False,True,False,False,1,,TARGET_BEFORE_STOP,True,False,True,False,False,12,,TARGET_BEFORE_STOP,2024-02-15,2024-02-20,2024-02-22,2024-02-29,2024-03-14
BAC|2024-02-15T00:00:00|Long,BAC,2024-02-15,Long,0.0005870401509486811,0.0023481606037947245,-0.04637505226034533,True,-0.010859962876400453,0.0023481606037947245,-0.04637505226034533,True,-0.004402745148885168,0.0023481606037947245,-0.04637505226034533,True,0.008218338180361329,0.017023828478131664,-0.04637505226034533,True,0.03933079438188125,0.06985621043245249,-0.04637505226034533,True,20,True,True,True,False,True,False,11,1,STOP_BEFORE_TARGET,True,True,False,True,False,13,1,STOP_BEFORE_TARGET,2024-02-16,2024-02-21,2024-02-23,2024-03-01,2024-03-15
BAC|2024-02-16T00:00:00|Long,BAC,2024-02-16,Long,-0.003813466340080507,0.0,-0.009386907990375226,True,-0.01408036198556284,0.0,-0.026987444397906124,True,-0.01408036198556284,0.003813466340080618,-0.026987444397906124,True,0.031094202656098968,0.03901431535360245,-0.026987444397906124,True,0.056321447942251135,0.06922853035459453,-0.026987444397906124,True,20,True,True,True,False,True,False,10,2,STOP_BEFORE_TARGET,True,False,True,False,False,13,,TARGET_BEFORE_STOP,2024-02-20,2024-02-22,2024-02-26,2024-03-04,2024-03-18
BAC|2024-02-20T00:00:00|Long,BAC,2024-02-20,Long,-0.007656016741534044,-0.006478133449256962,-0.02326268954137134,True,-0.001177883292277082,0.003239122889195256,-0.02326268954137134,True,0.009422841679949556,0.013839847861421894,-0.02326268954137134,True,0.04210837290127056,0.05182574156885611,-0.02326268954137134,True,0.060954056261169676,0.07332160617181183,-0.02326268954137134,True,20,True,True,True,False,True,False,9,1,STOP_BEFORE_TARGET,True,False,True,False,False,10,,TARGET_BEFORE_STOP,2024-02-21,2024-02-23,2024-02-27,2024-03-05,2024-03-19
BAC|2024-02-21T00:00:00|Long,BAC,2024-02-21,Long,-0.002670627612770482,0.010979196543273062,-0.00979233897874554,True,-0.002670627612770482,0.01543028029647786,-0.00979233897874554,True,0.01810090790924823,0.02670616293194228,-0.00979233897874554,True,0.05103849753906764,0.06201780727810258,-0.00979233897874554,True,0.09050442635047928,0.09436202472353905,-0.00979233897874554,True,20,True,True,False,True,False,False,8,,TARGET_BEFORE_STOP,True,False,True,False,False,8,,TARGET_BEFORE_STOP,2024-02-22,2024-02-26,2024-02-28,2024-03-06,2024-03-20
BAC|2024-02-22T00:00:00|Long,BAC,2024-02-22,Long,0.00922337259637751,0.013091300765209368,-0.0035703341179889048,True,0.019934488449219412,0.02439749122086199,-0.0035703341179889048,True,0.02707527018407241,0.030943198352904266,-0.0035703341179889048,True,0.0601011728973766,0.06813450978700808,-0.0035703341179889048,True,0.11603682357507838,0.1187146025382888,-0.0035703341179889048,True,20,True,True,False,True,False,False,5,,TARGET_BEFORE_STOP,True,False,True,False,False,7,,TARGET_BEFORE_STOP,2024-02-23,2024-02-27,2024-02-29,2024-03-07,2024-03-21
BAC|2024-02-23T00:00:00|Long,BAC,2024-02-23,Long,-0.009139079461317978,0.008844430069352871,-0.011497624136238671,True,0.011497736597838593,0.02004717989042648,-0.011497624136238671,True,0.012676896473698962,0.021521326543051833,-0.011497624136238671,True,0.04952831355733589,0.06515339087468575,-0.011497624136238671,True,0.09227597986667457,0.10878545520631988,-0.011497624136238671,True,20,True,True,False,True,False,False,6,,TARGET_BEFORE_STOP,True,False,True,False,False,7,,TARGET_BEFORE_STOP,2024-02-26,2024-02-28,2024-03-01,2024-03-08,2024-03-22
BAC|2024-02-26T00:00:00|Long,BAC,2024-02-26,Long,0.019934488449219412,0.02439749122086199,0.0029752595151781858,True,0.02707527018407241,0.030943198352904266,0.0029752595151781858,True,0.04581972292654579,0.053852946317302086,0.0029752595151781858,True,0.06783691573616513,0.07497769747101812,0.0029752595151781858,True,0.09669740972866969,0.11901219658913176,0.0029752595151781858,True,20,True,True,False,True,False,False,3,,TARGET_BEFORE_STOP,True,False,True,False,False,5,,TARGET_BEFORE_STOP,2024-02-27,2024-02-29,2024-03-04,2024-03-11,2024-03-25
BAC|2024-02-27T00:00:00|Long,BAC,2024-02-27,Long,0.0008752215595835278,0.009334880578160343,-0.004959106621905129,True,0.0020419981714379087,0.010793546083948335,-0.007292882406722434,True,0.03238041569073613,0.04200707388227576,-0.007292882406722434,True,0.04900817867561891,0.05455084052428272,-0.007292882406722434,True,0.0819720383125595,0.09714124707220861,-0.007292882406722434,True,20,True,True,False,True,False,False,4,,TARGET_BEFORE_STOP,True,False,True,False,False,8,,TARGET_BEFORE_STOP,2024-02-28,2024-03-01,2024-03-05,2024-03-12,2024-03-26
BAC|2024-02-28T00:00:00|Long,BAC,2024-02-28,Long,0.00612063760032755,0.00990965138382549,-0.004663358816903496,True,0.024482661584554588,0.03235198925169347,-0.008160961317014492,True,0.03235198925169347,0.04313609685216879,-0.008160961317014492,True,0.05158846945257034,0.0623724658698015,-0.008160961317014492,True,0.1020110714051039,0.10317682772189651,-0.008160961317014492,True,20,True,True,False,True,False,False,3,,TARGET_BEFORE_STOP,True,False,True,False,False,7,,TARGET_BEFORE_STOP,2024-02-29,2024-03-04,2024-03-06,2024-03-13,2024-03-27
BAC|2024-02-29T00:00:00|Long,BAC,2024-02-29,Long,-0.004924738742416279,0.0037659636845688294,-0.014194718191453348,True,0.02520274972038994,0.03476247818732481,-0.014194718191453348,True,0.03215528956060365,0.03997685544076712,-0.014194718191453348,True,0.03389334164050317,0.0559096257121201,-0.014194718191453348,True,0.09849355927273651,0.10081110938843185,-0.014194718191453348,True,20,True,True,False,True,False,False,3,,TARGET_BEFORE_STOP,True,False,True,False,False,9,,TARGET_BEFORE_STOP,2024-03-01,2024-03-05,2024-03-07,2024-03-14,2024-03-28
BAC|2024-03-01T00:00:00|Long,BAC,2024-03-01,Long,0.023289755088650832,0.03114991971922043,-0.0029111638591899913,True,0.03114991971922043,0.041921470316545584,-0.0029111638591899913,True,0.036390103508788796,0.051819582913087414,-0.0029111638591899913,True,0.030858847754814622,0.06113544052703457,-0.0029111638591899913,True,0.092285360246255,0.1164483312281237,-0.0029111638591899913,True,20,True,True,False,True,False,False,1,,TARGET_BEFORE_STOP,True,False,True,False,False,5,,TARGET_BEFORE_STOP,2024-03-04,2024-03-06,2024-03-08,2024-03-15,2024-04-01
BAC|2024-03-04T00:00:00|Long,BAC,2024-03-04,Long,0.00682781944099875,0.01621620683016367,-0.007965934049476209,True,0.013655747408230834,0.021337125674029345,-0.007965934049476209,True,0.021052569890351647,0.02788049785758373,-0.007965934049476209,True,0.02446647961085091,0.03698432946307073,-0.007965934049476209,True,0.06116636181647728,0.09103831605487178,-0.007965934049476209,True,20,True,True,False,True,False,False,7,,TARGET_BEFORE_STOP,True,False,True,False,False,13,,TARGET_BEFORE_STOP,2024-03-05,2024-03-07,2024-03-11,2024-03-18,2024-04-02
BAC|2024-03-05T00:00:00|Long,BAC,2024-03-05,Long,0.0008476626113096408,0.011302671172012113,-0.009042093821505337,True,0.00593385385968892,0.020909909331144227,-0.009042093821505337,True,0.0161062363564477,0.021475053668770894,-0.009042093821505337,True,0.018084187643010674,0.029952003152649453,-0.009042093821505337,True,0.057925947228475216,0.08363942174405503,-0.009042093821505337,True,20,True,True,False,True,False,False,11,,TARGET_BEFORE_STOP,True,False,True,False,False,12,,TARGET_BEFORE_STOP,2024-03-06,2024-03-08,2024-03-12,2024-03-19,2024-04-03
BAC|2024-03-06T00:00:00|Long,BAC,2024-03-06,Long,0.005928935912651756,0.01355176120123125,-0.004799496830419359,True,0.013269374505930909,0.020045255106546644,-0.004799496830419359,True,0.018633644726950838,0.029079690774721723,-0.004799496830419359,True,0.037549460751264974,0.041219733897388755,-0.005081775826751178,True,0.04234895758168422,0.08272163909214081,-0.005081775826751178,True,20,True,True,False,True,False,False,10,,TARGET_BEFORE_STOP,True,False,True,False,False,11,,TARGET_BEFORE_STOP,2024-03-07,2024-03-11,2024-03-13,2024-03-20,2024-04-04
BAC|2024-03-07T00:00:00|Long,BAC,2024-03-07,Long,-0.0008420598679406144,0.014033117738170509,-0.003648640589898,True,0.009261802033812883,0.014594455295400266,-0.010103861901753386,True,0.0016839056074977599,0.02301430452546427,-0.010103861901753386,True,0.052764445609302824,0.0552904110847412,-0.010945814705502266,True,0.041538015657281546,0.07634008769199685,-0.010945814705502266,True,20,True,True,False,True,False,False,9,,TARGET_BEFORE_STOP,True,False,True,False,False,10,,TARGET_BEFORE_STOP,2024-03-08,2024-03-12,2024-03-14,2024-03-21,2024-04-05
BAC|2024-03-08T00:00:00|Long,BAC,2024-03-08,Long,0.008146093481946615,0.009269714752785152,-0.009269607598362928,True,0.013483240941218666,0.023876469810420353,-0.009269607598362928,True,-0.005337040304850049,0.023876469810420353,-0.01011226997428083,True,0.040730360255310405,0.056460736583784144,-0.01011226997428083,True,0.05337083166618917,0.0772471943221873,-0.01011226997428083,True,20,True,True,False,True,False,False,8,,TARGET_BEFORE_STOP,True,False,True,False,False,9,,TARGET_BEFORE_STOP,2024-03-11,2024-03-13,2024-03-15,2024-03-22,2024-04-08
BAC|2024-03-11T00:00:00|Long,BAC,2024-03-11,Long,0.0019503955423416652,0.007244417404628223,-0.0030649376489900737,True,-0.005572604244655888,0.015603270627319477,-0.011423790871681216,True,0.003343520031359404,0.015603270627319477,-0.018110830934399913,True,0.027027061499000693,0.04792424770002124,-0.018110830934399913,True,0.05126776773138064,0.06854274523008708,-0.018110830934399913,True,20,True,True,False,True,False,False,8,,TARGET_BEFORE_STOP,True,False,True,False,False,12,,TARGET_BEFORE_STOP,2024-03-12,2024-03-14,2024-03-18,2024-03-25,2024-04-09
BAC|2024-03-12T00:00:00|Long,BAC,2024-03-12,Long,0.0033371176206133946,0.01362629841329377,0.0,True,-0.015294751141916252,0.01362629841329377,-0.02002217531525885,True,0.0019465989045157617,0.01362629841329377,-0.02002217531525885,True,0.031423834729827904,0.04588435950743297,-0.02002217531525885,True,0.019188055032631768,0.06646272109279416,-0.02002217531525885,True,20,True,True,True,False,True,False,7,3,STOP_BEFORE_TARGET,True,False,True,False,False,11,,TARGET_BEFORE_STOP,2024-03-13,2024-03-15,2024-03-19,2024-03-26,2024-04-10
BAC|2024-03-13T00:00:00|Long,BAC,2024-03-13,Long,-0.010809400902247801,0.0038802489618483538,-0.01662977434502033,True,-0.0019402302097787372,0.0038802489618483538,-0.023281599499944794,True,0.01856979309709006,0.02217292673117255,-0.023281599499944794,True,0.04794898709642759,0.04905755413634538,-0.023281599499944794,True,0.007483276867076505,0.06291564655943516,-0.023281599499944794,True,20,True,True,True,False,True,False,6,2,STOP_BEFORE_TARGET,True,False,True,False,False,11,,TARGET_BEFORE_STOP,2024-03-14,2024-03-18,2024-03-20,2024-03-27,2024-04-11
BAC|2024-03-14T00:00:00|Long,BAC,2024-03-14,Long,-0.007845300926611287,0.008966088740186784,-0.012608488807994145,True,0.009526482646974532,0.019613359200737035,-0.012608488807994145,True,0.05099466979139078,0.05351638892983157,-0.012608488807994145,True,0.062482477670018355,0.06472405329716935,-0.012608488807994145,True,0.002801969533938964,0.07453067945543346,-0.012608488807994145,True,20,True,True,False,True,False,False,4,,TARGET_BEFORE_STOP,True,False,True,False,False,5,,TARGET_BEFORE_STOP,2024-03-15,2024-03-19,2024-03-21,2024-03-28,2024-04-12
BAC|2024-03-15T00:00:00|Long,BAC,2024-03-15,Long,0.016944322979570492,0.0192036234991817,-0.0005648251299027462,True,0.03784242186846054,0.041513731348139515,-0.0005648251299027462,True,0.046314583358245676,0.06212936380738898,-0.0005648251299027462,True,0.0595877045875155,0.08302735496690072,-0.0005648251299027462,True,0.015249955319240449,0.08302735496690072,-0.0005648251299027462,True,20,True,True,False,True,False,False,3,,TARGET_BEFORE_STOP,True,False,True,False,False,4,,TARGET_BEFORE_STOP,2024-03-18,2024-03-20,2024-03-22,2024-04-01,2024-04-15
BAC|2024-03-18T00:00:00|Long,BAC,2024-03-18,Long,0.000555414015437794,0.010552654424535346,-0.004443206189110871,True,0.04165509774831144,0.044154407850586,-0.007775584347346154,True,0.023604618951344802,0.044432167825500635,-0.007775584347346154,True,0.03582340948780183,0.06498195672474161,-0.007775584347346154,True,-0.036934131584285934,0.06498195672474161,-0.05165223222301729,True,20,True,True,True,True,False,False,3,20,TARGET_BEFORE_STOP,True,True,True,False,False,7,20,TARGET_BEFORE_STOP,2024-03-19,2024-03-21,2024-03-25,2024-04-02,2024-04-16
BAC|2024-03-19T00:00:00|Long,BAC,2024-03-19,Long,0.019983381767885167,0.02359151589277264,-0.008326373778089868,True,0.028309755545975035,0.04385239757383985,-0.008326373778089868,True,0.029419966949876697,0.04385239757383985,-0.008326373778089868,True,0.039134052045050494,0.06439077916808889,-0.008326373778089868,True,-0.02220369870010186,0.06439077916808889,-0.052178665476342756,True,20,True,True,True,True,False,False,2,19,TARGET_BEFORE_STOP,True,True,True,False,False,6,19,TARGET_BEFORE_STOP,2024-03-20,2024-03-22,2024-03-26,2024-04-03,2024-04-17
BAC|2024-03-20T00:00:00|Long,BAC,2024-03-20,Long,0.020680226436277538,0.023129210180165893,0.003537444030346615,True,0.002993213887117374,0.02340137715242352,0.0024489837438881334,True,0.028843574783429027,0.029931931268601275,0.0013605234574298741,True,0.004625800515518641,0.04353737344547204,0.0013605234574298741,True,-0.026666654210512286,0.04353737344547204,-0.07074825779921345,True,20,True,True,True,True,False,False,6,16,TARGET_BEFORE_STOP,False,True,False,True,False,,16,STOP_BEFORE_TARGET,2024-03-21,2024-03-25,2024-03-27,2024-04-04,2024-04-18
BAC|2024-03-21T00:00:00|Long,BAC,2024-03-21,Long,-0.012263372568816822,0.0026660168833159137,-0.013596330161402048,True,-0.011196965815490456,0.0026660168833159137,-0.018928262229888415,True,0.010930414976231706,0.013063228482884437,-0.018928262229888415,True,-0.010663762438827273,0.022394033329126373,-0.020794423199136824,True,-0.014396084377324092,0.022394033329126373,-0.08957603161836025,True,20,True,False,True,False,True,False,,10,STOP_BEFORE_TARGET,False,True,False,True,False,,14,STOP_BEFORE_TARGET,2024-03-22,2024-03-26,2024-03-28,2024-04-05,2024-04-19
BAC|2024-03-22T00:00:00|Long,BAC,2024-03-22,Long,-0.005128168167920832,0.006207815032996278,-0.005667991600458611,True,0.020512878593267336,0.02159242249755078,-0.006747638465534167,True,0.012685593262657724,0.03508769942861911,-0.006747638465534167,True,0.012145769830119946,0.03508769942861911,-0.008636968999020334,True,0.018353584863116224,0.03508769942861911,-0.07827254442372078,True,20,True,True,True,True,False,False,5,13,TARGET_BEFORE_STOP,False,True,False,True,False,,14,STOP_BEFORE_TARGET,2024-03-25,2024-03-27,2024-04-01,2024-04-08,2024-04-22
BAC|2024-03-25T00:00:00|Long,BAC,2024-03-25,Long,0.006239813847744191,0.010309307157431613,-0.0016278180221778182,True,0.028757393951210686,0.030927817980781258,-0.0016278180221778182,True,0.011937021688095628,0.04042316438136706,-0.0016278180221778182,True,0.02360279211825178,0.04042316438136706,-0.003526887302295001,True,0.04096577038875959,0.04232223366148413,-0.07352140639171867,True,20,True,True,True,True,False,False,3,12,TARGET_BEFORE_STOP,False,True,False,True,False,,13,STOP_BEFORE_TARGET,2024-03-26,2024-03-28,2024-04-02,2024-04-09,2024-04-23
BAC|2024-03-26T00:00:00|Long,BAC,2024-03-26,Long,0.019412273328148988,0.020490652963240263,0.004044257893281333,True,0.011593429587672288,0.033971375474510124,0.004044257893281333,True,0.009436464617988749,0.033971375474510124,0.0018872929235977942,True,-0.011862998784007428,0.033971375474510124,-0.014559204996111741,True,0.0331625650357541,0.037746064171456206,-0.0792666113403575,True,20,True,True,True,True,False,False,3,11,TARGET_BEFORE_STOP,False,True,False,True,False,,12,STOP_BEFORE_TARGET,2024-03-27,2024-04-01,2024-04-03,2024-04-10,2024-04-24
BAC|2024-03-27T00:00:00|Long,BAC,2024-03-27,Long,0.002909198404102531,0.0050250891247838325,-0.010314815926486642,True,-0.013488551116285663,0.014281858799707114,-0.017191258986255065,True,-0.023538830257075927,0.014281858799707114,-0.024861211511890247,True,-0.0386141985226498,0.014281858799707114,-0.046548586942758874,True,0.002644762509628862,0.017984667560899226,-0.09679978086426444,True,20,True,False,True,False,True,False,,5,STOP_BEFORE_TARGET,False,True,False,True,False,,9,STOP_BEFORE_TARGET,2024-03-28,2024-04-02,2024-04-04,2024-04-11,2024-04-25
BAC|2024-03-28T00:00:00|Long,BAC,2024-03-28,Long,-0.010548463356974014,0.011339671042704058,-0.012658216387505639,True,-0.012658216387505639,0.011339671042704058,-0.020042150797243585,True,-0.021360696142045166,0.011339671042704058,-0.03138182183994764,True,-0.056170816357326125,0.011339671042704058,-0.06302741310799254,True,-0.002373321261505912,0.015031738846134512,-0.09941974749761073,True,20,True,False,True,False,True,False,,2,STOP_BEFORE_TARGET,False,True,False,True,False,,5,STOP_BEFORE_TARGET,2024-04-01,2024-04-03,2024-04-05,2024-04-12,2024-04-26
BAC|2024-04-01T00:00:00|Long,BAC,2024-04-01,Long,-0.0058635719088218075,0.001599183703597129,-0.009594898879514036,True,-0.015991532022868293,0.013326225850206264,-0.017324134273681957,True,-0.0005330612345324504,0.013326225850206264,-0.021055461244374185,True,-0.041844341035964794,0.013326225850206264,-0.05303842361907607,True,0.0007995410162813243,0.025852910684131203,-0.08981873376250038,True,20,True,False,True,False,True,False,,4,STOP_BEFORE_TARGET,False,True,False,True,False,,8,STOP_BEFORE_TARGET,2024-04-02,2024-04-04,2024-04-08,2024-04-15,2024-04-29
BAC|2024-04-02T00:00:00|Long,BAC,2024-04-02,Long,0.0037533349198928256,0.019302982183113437,-0.0008042568340609346,True,-0.00509379706689661,0.019302982183113437,-0.015281493471396068,True,0.011528158551503243,0.019302982183113437,-0.015281493471396068,True,-0.07024125966419825,0.019302982183113437,-0.08445034250970884,True,-0.007774823631610306,0.03190355136050216,-0.08445034250970884,True,20,True,True,True,False,True,False,15,6,STOP_BEFORE_TARGET,False,True,False,True,False,,7,STOP_BEFORE_TARGET,2024-04-03,2024-04-05,2024-04-09,2024-04-16,2024-04-30
BAC|2024-04-03T00:00:00|Long,BAC,2024-04-03,Long,-0.01388890162492451,0.013888901624924621,-0.01522435138172229,True,0.0016026008411285098,0.013888901624924621,-0.018963651456070152,True,-0.021100350689289504,0.013888901624924621,-0.023771352091170428,True,-0.059027755489715394,0.013888901624924621,-0.08787385741203146,True,-0.013087550260217573,0.02804495433417986,-0.08787385741203146,True,20,True,False,True,False,True,False,,5,STOP_BEFORE_TARGET,False,True,False,True,False,,6,STOP_BEFORE_TARGET,2024-04-04,2024-04-08,2024-04-10,2024-04-17,2024-05-01
BAC|2024-04-04T00:00:00|Long,BAC,2024-04-04,Long,0.00514632857067876,0.011376002287991849,-0.005146225247345759,True,0.0219393665618417,0.02302281503180903,-0.005146225247345759,True,-0.015438779065370167,0.02302281503180903,-0.023564435943459805,True,-0.031148368586565778,0.02302281503180903,-0.07502699838691618,True,-0.0010833451466344401,0.04252447419789074,-0.07502699838691618,True,20,True,True,True,False,True,False,13,5,STOP_BEFORE_TARGET,False,True,False,True,False,,6,STOP_BEFORE_TARGET,2024-04-05,2024-04-09,2024-04-11,2024-04-18,2024-05-02
BAC|2024-04-05T00:00:00|Long,BAC,2024-04-05,Long,0.010509280065591042,0.012665082537671069,0.0005389506180200065,True,-0.012395555831501204,0.017784959217381546,-0.015090308921601236,True,-0.035569918434763204,0.017784959217381546,-0.04257617367470368,True,-0.003772551531820434,0.017784959217381546,-0.07976284116920729,True,0.003772551531820323,0.037186770288823334,-0.07976284116920729,True,20,True,True,True,False,True,False,12,4,STOP_BEFORE_TARGET,False,True,False,True,False,,5,STOP_BEFORE_TARGET,2024-04-08,2024-04-10,2024-04-12,2024-04-19,2024-05-03
BAC|2024-04-08T00:00:00|Long,BAC,2024-04-08,Long,0.00613332112630216,0.007200012207031259,-0.00799997965494792,True,-0.030666707356770795,0.007200012207031259,-0.038666687011718714,True,-0.041333312988281246,0.007200012207031259,-0.05253336588541668,True,0.00613332112630216,0.010933329264323,-0.0893332926432292,True,0.00506663004557284,0.026400044759114616,-0.0893332926432292,True,20,True,False,True,False,True,False,,2,STOP_BEFORE_TARGET,False,True,False,True,False,,3,STOP_BEFORE_TARGET,2024-04-09,2024-04-11,2024-04-15,2024-04-22,2024-05-06
BAC|2024-04-09T00:00:00|Long,BAC,2024-04-09,Long,-0.028624384560313465,-0.013252054229162757,-0.03127485606923597,True,-0.05141793401129724,-0.013252054229162757,-0.058309058829345894,True,-0.0808375105768625,-0.013252054229162757,-0.09488465570612692,True,0.016962613236504165,0.018287798438390457,-0.09488465570612692,True,0.0029154681072398603,0.0201431790472113,-0.09488465570612692,True,20,True,False,True,False,True,False,,1,STOP_BEFORE_TARGET,False,True,False,True,False,,1,STOP_BEFORE_TARGET,2024-04-10,2024-04-12,2024-04-16,2024-04-23,2024-05-07
BAC|2024-04-10T00:00:00|Long,BAC,2024-04-10,Long,-0.008185621808118548,0.00272847121303621,-0.016371139531732193,True,-0.019099610744768403,0.003001276700537847,-0.03055941882543134,True,-0.038744936549044984,0.003001276700537847,-0.06821282117095484,True,0.04556611458163551,0.050204640545203016,-0.06821282117095484,True,0.02892216956240179,0.050204640545203016,-0.06821282117095484,True,20,True,True,True,False,True,False,8,2,STOP_BEFORE_TARGET,True,True,False,True,False,10,2,STOP_BEFORE_TARGET,2024-04-11,2024-04-15,2024-04-17,2024-04-24,2024-05-08
BAC|2024-04-11T00:00:00|Long,BAC,2024-04-11,Long,-0.015405710649270987,-0.007152636380942545,-0.022558451973746507,True,-0.04594217989126592,0.011279225986873254,-0.06052261459676389,True,-0.01595592959296388,0.011279225986873254,-0.06052261459676389,True,0.042916133116254196,0.05887216765275105,-0.06052261459676389,True,0.05309492121574144,0.05887216765275105,-0.06052261459676389,True,20,True,True,True,False,True,False,7,1,STOP_BEFORE_TARGET,True,True,False,True,False,8,3,STOP_BEFORE_TARGET,2024-04-12,2024-04-16,2024-04-18,2024-04-25,2024-05-09
BAC|2024-04-12T00:00:00|Long,BAC,2024-04-12,Long,0.004470518114535471,0.027102469438189614,-0.0008382954240474527,True,-0.015646866693654116,0.027102469438189614,-0.045822837320379395,True,0.0329701110642846,0.03716116184228446,-0.045822837320379395,True,0.05699918589949782,0.0754400864451521,-0.045822837320379395,True,0.07432243027012841,0.0835428272501757,-0.045822837320379395,True,20,True,True,True,False,True,False,5,2,STOP_BEFORE_TARGET,True,True,False,True,False,6,2,STOP_BEFORE_TARGET,2024-04-15,2024-04-17,2024-04-19,2024-04-26,2024-05-10
BAC|2024-04-15T00:00:00|Long,BAC,2024-04-15,Long,-0.03532685482090181,0.006119538284757198,-0.050069518744382036,True,-0.005006962485556987,0.006119538284757198,-0.050069518744382036,True,0.04951317778918818,0.05452014027474528,-0.050069518744382036,True,0.0445062153036313,0.07065370964180362,-0.050069518744382036,True,0.06286504238027768,0.07872038821414562,-0.050069518744382036,True,20,True,True,True,False,True,False,4,1,STOP_BEFORE_TARGET,True,True,False,True,False,5,1,STOP_BEFORE_TARGET,2024-04-16,2024-04-18,2024-04-22,2024-04-29,2024-05-13
BAC|2024-04-16T00:00:00|Long,BAC,2024-04-16,Long,0.015859262751461545,0.03085350880647275,0.0020184456230749603,True,0.06603232108926993,0.07035751456855754,0.0020184456230749603,True,0.10640134354780484,0.10784307470756738,0.0020184456230749603,True,0.06718564001885796,0.10986163032767893,0.0020184456230749603,True,0.10986163032767893,0.11851212728329097,0.0020184456230749603,True,20,True,True,False,True,False,False,1,,TARGET_BEFORE_STOP,True,False,True,False,False,3,,TARGET_BEFORE_STOP,2024-04-17,2024-04-19,2024-04-23,2024-04-30,2024-05-14
BAC|2024-04-17T00:00:00|Long,BAC,2024-04-17,Long,0.01532787177246342,0.021572584334533573,-0.001419223324161667,True,0.07096224900607262,0.07607153959689383,-0.001419223324161667,True,0.0877093441026977,0.09253483334060619,-0.001419223324161667,True,0.04882206196571359,0.09253483334060619,-0.001419223324161667,True,0.10445643919932279,0.11382350804242791,-0.001419223324161667,True,20,True,True,False,True,False,False,2,,TARGET_BEFORE_STOP,True,False,True,False,False,2,,TARGET_BEFORE_STOP,2024-04-18,2024-04-22,2024-04-24,2024-05-01,2024-05-15
BAC|2024-04-18T00:00:00|Long,BAC,2024-04-18,Long,0.03354768654130669,0.03774108070574789,0.008107378021137368,True,0.07268656530186823,0.07408436335668189,0.008107378021137368,True,0.05982665256533326,0.07604140860760777,0.008107378021137368,True,0.031031607384579774,0.07604140860760777,0.008107378021137368,True,0.09644955881432349,0.10036343602586406,0.008107378021137368,True,20,True,True,False,True,False,False,1,,TARGET_BEFORE_STOP,True,False,True,False,False,2,,TARGET_BEFORE_STOP,2024-04-19,2024-04-23,2024-04-25,2024-05-02,2024-05-16
BAC|2024-04-19T00:00:00|Long,BAC,2024-04-19,Long,0.020557162467920165,0.025425983112561834,-0.0027049576823481303,True,0.03651605165122618,0.04111442811942556,-0.0027049576823481303,True,0.023262120150268295,0.04111442811942556,-0.0027049576823481303,True,0.007573675143404568,0.04111442811942556,-0.008655658216343731,True,0.06275357366028489,0.06816338584139614,-0.008655658216343731,True,20,True,True,False,True,False,False,2,,TARGET_BEFORE_STOP,True,False,True,False,False,18,,TARGET_BEFORE_STOP,2024-04-22,2024-04-24,2024-04-26,2024-05-03,2024-05-17
BAC|2024-04-22T00:00:00|Long,BAC,2024-04-22,Long,0.016962613236504165,0.018287798438390457,0.002650471508922614,True,0.004770747610910675,0.0201431790472113,-0.009276397518353852,True,-0.004770747610910564,0.0201431790472113,-0.009276397518353852,True,-0.0010601886035690455,0.0201431790472113,-0.028624384560313465,True,0.02888948226378063,0.046647287505536816,-0.028624384560313465,True,20,True,True,True,False,True,False,17,7,STOP_BEFORE_TARGET,False,False,False,False,True,,,NEITHER,2024-04-23,2024-04-25,2024-04-29,2024-05-06,2024-05-20
BAC|2024-04-23T00:00:00|Long,BAC,2024-04-23,Long,-0.0013030815338125334,0.00312751498364805,-0.009642922652710939,True,-0.014073419751423288,0.00312751498364805,-0.025801352393233,True,-0.035444374464692174,0.00312751498364805,-0.03622620350123007,True,-0.013812843212160142,0.00312751498364805,-0.04482662115939162,True,0.033359463894341745,0.03596562696196681,-0.04482662115939162,True,20,True,True,True,False,True,False,20,2,STOP_BEFORE_TARGET,False,True,False,True,False,,5,STOP_BEFORE_TARGET,2024-04-24,2024-04-26,2024-04-30,2024-05-07,2024-05-21
BAC|2024-04-24T00:00:00|Long,BAC,2024-04-24,Long,-0.010699369798468084,-0.0013047817708438103,-0.024530235756654917,True,-0.020093957826092357,-0.0002609165347815523,-0.024530235756654917,True,-0.03575153817315424,-0.0002609165347815523,-0.04044883218696638,True,-0.01591859643031135,-0.0002609165347815523,-0.04358032834668513,True,0.03757825256202918,0.0388831338813409,-0.04358032834668513,True,20,True,True,True,False,True,False,17,1,STOP_BEFORE_TARGET,False,True,False,True,False,,4,STOP_BEFORE_TARGET,2024-04-25,2024-04-29,2024-05-01,2024-05-08,2024-05-22
BAC|2024-04-25T00:00:00|Long,BAC,2024-04-25,Long,-0.0021102088282620723,0.01055134601658958,-0.0034292025491555744,True,-0.023740478224780204,0.01055134601658958,-0.02453179395724181,True,-0.02716958014884263,0.01055134601658958,-0.03323656888959903,True,0.009759929659034938,0.01345287057731337,-0.03323656888959903,True,0.03323656888959903,0.050910058373622835,-0.03323656888959903,True,20,True,True,True,False,True,False,14,3,STOP_BEFORE_TARGET,True,True,False,True,False,19,4,STOP_BEFORE_TARGET,2024-04-26,2024-04-30,2024-05-02,2024-05-09,2024-05-23
BAC|2024-04-26T00:00:00|Long,BAC,2024-04-26,Long,-0.0074016013862385766,0.006079818427275896,-0.010044965628399516,True,-0.023261988514968523,0.006079818427275896,-0.028020124821164005,True,-0.01533179495060355,0.006079818427275896,-0.031192182079333608,True,0.01638908014473861,0.025112262814175557,-0.031192182079333608,True,0.04943163736116141,0.05313238763533956,-0.031192182079333608,True,20,True,True,True,False,True,False,13,2,STOP_BEFORE_TARGET,True,True,False,True,False,17,4,STOP_BEFORE_TARGET,2024-04-29,2024-05-01,2024-05-03,2024-05-10,2024-05-24
BAC|2024-04-29T00:00:00|Long,BAC,2024-04-29,Long,-0.014380850239655407,0.003195710634431359,-0.015179752500810939,True,-0.017842827764535496,0.003195710634431359,-0.023967982142949706,True,0.003728346005138272,0.006391522858672172,-0.023967982142949706,True,0.017576560874086766,0.032756313374897816,-0.023967982142949706,True,0.047137163614553224,0.06098537848350194,-0.023967982142949706,True,20,True,True,True,False,True,False,9,2,STOP_BEFORE_TARGET,True,False,True,False,False,14,,TARGET_BEFORE_STOP,2024-04-30,2024-05-02,2024-05-06,2024-05-13,2024-05-28
BAC|2024-04-30T00:00:00|Long,BAC,2024-04-30,Long,-0.0016211175713251036,0.01350986281210087,-0.006484676429447278,True,0.006484779501520821,0.014050269693233863,-0.009727014644171028,True,0.022426421742682834,0.030802573792131804,-0.009727014644171028,True,0.03998928462724338,0.04809518170008942,-0.009727014644171028,True,0.046203809152161046,0.07646587299108654,-0.009727014644171028,True,20,True,True,False,True,False,False,5,,TARGET_BEFORE_STOP,True,False,True,False,False,11,,TARGET_BEFORE_STOP,2024-05-01,2024-05-03,2024-05-07,2024-05-14,2024-05-29
BAC|2024-05-01T00:00:00|Long,BAC,2024-05-01,Long,-0.0018944436638396178,0.014614368183422544,-0.008119059022089203,True,0.020027005371857642,0.022733427205511747,-0.008119059022089203,True,0.020568289738588375,0.03247633932779359,-0.008119059022089203,True,0.053044629066381965,0.061975666258285766,-0.008119059022089203,True,0.045466854411023716,0.0782137843024644,-0.008119059022089203,True,20,True,True,False,True,False,False,4,,TARGET_BEFORE_STOP,True,False,True,False,False,10,,TARGET_BEFORE_STOP,2024-05-02,2024-05-06,2024-05-08,2024-05-15,2024-05-30
BAC|2024-05-02T00:00:00|Long,BAC,2024-05-02,Long,0.010032508708484045,0.017624666278646117,0.005423014022425399,True,0.026030343185174942,0.03443602009170377,0.005423014022425399,True,0.037960891286199505,0.04175697007128032,0.005423014022425399,True,0.06344902616098214,0.06724510494606317,0.005423014022425399,True,0.08432756291431698,0.08676791405263895,0.005423014022425399,True,20,True,True,False,True,False,False,3,,TARGET_BEFORE_STOP,True,False,True,False,False,6,,TARGET_BEFORE_STOP,2024-05-03,2024-05-07,2024-05-09,2024-05-16,2024-05-31
BAC|2024-05-03T00:00:00|Long,BAC,2024-05-03,Long,0.01181204367003974,0.014496668873217322,0.002953036519504959,True,0.012348968710675257,0.024161114788695537,0.002953036519504959,True,0.0322147855822672,0.041073792732801984,0.002953036519504959,True,0.05476512524905619,0.060134273247430814,0.002953036519504959,True,0.07060405551987214,0.07892613762977141,0.002953036519504959,True,20,True,True,False,True,False,False,4,,TARGET_BEFORE_STOP,True,False,True,False,False,8,,TARGET_BEFORE_STOP,2024-05-06,2024-05-08,2024-05-10,2024-05-17,2024-06-03
BAC|2024-05-06T00:00:00|Long,BAC,2024-05-06,Long,0.003979876130125515,0.012204906233239887,0.0002653790553173163,True,0.01565402425273077,0.019368521327538968,-0.006102402510392735,True,0.013796775715326559,0.02892014306987689,-0.006102402510392735,True,0.029981456866237766,0.04775810871168984,-0.006102402510392735,True,0.05279919742572203,0.06633059408573128,-0.006102402510392735,True,20,True,True,False,True,False,False,7,,TARGET_BEFORE_STOP,True,False,True,False,False,11,,TARGET_BEFORE_STOP,2024-05-07,2024-05-09,2024-05-13,2024-05-20,2024-06-04
BAC|2024-05-07T00:00:00|Long,BAC,2024-05-07,Long,-0.003435546183694793,-0.0005285533214328675,-0.008456651520450165,True,0.016120523464370207,0.02484140123991785,-0.010042311484748878,True,0.01717763010723594,0.02510572830625324,-0.010042311484748878,True,0.04783301707167742,0.050475682867603844,-0.010042311484748878,True,0.056025341525792305,0.06210355350541352,-0.010042311484748878,True,20,True,True,False,True,False,False,6,,TARGET_BEFORE_STOP,True,False,True,False,False,10,,TARGET_BEFORE_STOP,2024-05-08,2024-05-10,2024-05-14,2024-05-21,2024-06-05
BAC|2024-05-08T00:00:00|Long,BAC,2024-05-08,Long,0.015115346291772358,0.01882787328852009,-0.0066295413966991346,True,0.013259082793398269,0.028374429085170627,-0.0066295413966991346,True,0.03182181893591096,0.040572862135765275,-0.0066295413966991346,True,0.054362219221178565,0.05568820842753741,-0.0066295413966991346,True,0.0527711940275859,0.06576503851620319,-0.0066295413966991346,True,20,True,True,False,True,False,False,5,,TARGET_BEFORE_STOP,True,False,True,False,False,9,,TARGET_BEFORE_STOP,2024-05-09,2024-05-13,2024-05-15,2024-05-22,2024-06-06
BAC|2024-05-09T00:00:00|Long,BAC,2024-05-09,Long,0.004441013298425833,0.013061651409205899,0.0013062448629139745,True,0.005485969327760243,0.013322940242785464,-0.002612290420844432,True,0.024555968426901664,0.028213214877080617,-0.002612290420844432,True,0.02324972356398769,0.0407523882716192,-0.002612290420844432,True,0.039184954227617474,0.04989550439706658,-0.018025043069807012,True,20,True,True,False,True,False,False,6,,TARGET_BEFORE_STOP,False,False,False,False,True,,,NEITHER,2024-05-10,2024-05-14,2024-05-16,2024-05-23,2024-06-07
BAC|2024-05-10T00:00:00|Long,BAC,2024-05-10,Long,-0.006241916091146771,0.00858252301195006,-0.007022118398081201,True,0.01196356502848328,0.020546187252323822,-0.007022118398081201,True,0.02184655750117792,0.02704813770848502,-0.007022118398081201,True,0.03250975228080688,0.03615082866235486,-0.007022118398081201,True,0.03172945076198208,0.0452535196162247,-0.0223667254430977,True,20,True,True,True,True,False,False,7,13,TARGET_BEFORE_STOP,False,False,False,False,True,,,NEITHER,2024-05-13,2024-05-15,2024-05-17,2024-05-24,2024-06-10
BAC|2024-05-13T00:00:00|Long,BAC,2024-05-13,Long,0.007327992690476792,0.01517932072629602,0.004187381608107055,True,0.0264329275171562,0.030096873944868374,0.004187381608107055,True,0.01596442357936212,0.03349915269990911,0.004187381608107055,True,0.029050003584078388,0.04265901876918954,0.004187381608107055,True,0.017011293940152106,0.05181888483846997,-0.016226091252033337,True,20,True,True,False,True,False,False,3,,TARGET_BEFORE_STOP,True,False,True,False,False,14,,TARGET_BEFORE_STOP,2024-05-14,2024-05-16,2024-05-20,2024-05-28,2024-06-11
BAC|2024-05-14T00:00:00|Long,BAC,2024-05-14,Long,0.010911877127308012,0.019485579820579302,0.0075343488746149045,True,0.020784598653527775,0.025980773094105958,0.005715702686730051,True,0.03013769282481138,0.032735730490708326,0.005715702686730051,True,0.005975565918590275,0.03507400403352934,0.0018186461878846316,True,0.0239022636743611,0.04416723497295272,-0.0233827354282089,True,20,True,True,True,True,False,False,5,11,TARGET_BEFORE_STOP,False,False,False,False,True,,,NEITHER,2024-05-15,2024-05-17,2024-05-21,2024-05-29,2024-06-12
BAC|2024-05-15T00:00:00|Long,BAC,2024-05-15,Long,0.007967138897627901,0.011565170000106928,-0.005140086448824688,True,-0.0023130340000213634,0.014906240897692102,-0.005140086448824688,True,0.021845244858761603,0.023130340000213634,-0.005140086448824688,True,-0.0071960622049577205,0.023901318653889225,-0.03392443330765038,True,0.008995077756197123,0.03289639641008657,-0.03392443330765038,True,20,True,True,True,False,True,False,11,10,STOP_BEFORE_TARGET,False,True,False,True,False,,10,STOP_BEFORE_TARGET,2024-05-16,2024-05-20,2024-05-22,2024-05-30,2024-06-13
BAC|2024-05-16T00:00:00|Long,BAC,2024-05-16,Long,0.00178479583491864,0.0068842541907201404,-0.0015298666859638876,True,0.010963801422545494,0.01351348196840707,-0.011473756984533456,True,-0.0012749375370090243,0.015808233365313784,-0.011473756984533456,True,0.019632851448184274,0.021927602845090988,-0.04156045429327526,True,0.0005099555619878515,0.024732212539907428,-0.04156045429327526,True,20,True,False,True,False,True,False,,9,STOP_BEFORE_TARGET,False,True,False,True,False,,9,STOP_BEFORE_TARGET,2024-05-17,2024-05-21,2024-05-23,2024-05-31,2024-06-14
BAC|2024-05-17T00:00:00|Long,BAC,2024-05-17,Long,-0.01196236217234048,0.004581326062139235,-0.012725884152433364,True,0.011962265081549406,0.013234931169425534,-0.013234931169425534,True,0.010435221121363636,0.01399845314951853,-0.013234931169425534,True,0.01501654718350287,0.022906533219905434,-0.0432680255364315,True,0.005599323005332835,0.022906533219905434,-0.0432680255364315,True,20,True,False,True,False,True,False,,8,STOP_BEFORE_TARGET,False,True,False,True,False,,8,STOP_BEFORE_TARGET,2024-05-20,2024-05-22,2024-05-24,2024-06-03,2024-06-17
BAC|2024-05-20T00:00:00|Long,BAC,2024-05-20,Long,0.02138077891755752,0.02395673138811949,-0.0012879762352809854,True,0.00901593191325456,0.02627512791814035,-0.0012879762352809854,True,0.012879958885385179,0.02627512791814035,-0.0012879762352809854,True,0.022153545005468622,0.03529105983139469,-0.031684687066092954,True,0.03013915489027097,0.03529105983139469,-0.031684687066092954,True,20,True,True,True,False,True,False,8,7,STOP_BEFORE_TARGET,False,True,False,True,False,,7,STOP_BEFORE_TARGET,2024-05-21,2024-05-23,2024-05-28,2024-06-04,2024-06-18
BAC|2024-05-21T00:00:00|Long,BAC,2024-05-21,Long,0.0027741939828804796,0.004035304949677743,-0.007818445431551413,True,0.001261014757538259,0.004791894562348853,-0.01790675591037527,True,-0.023455240085395346,0.004791894562348853,-0.02749054503507309,True,0.00781834922229252,0.013619094074375448,-0.05195463541020262,True,0.008575035044222634,0.01664564494357812,-0.05195463541020262,True,20,True,False,True,False,True,False,,5,STOP_BEFORE_TARGET,False,True,False,True,False,,6,STOP_BEFORE_TARGET,2024-05-22,2024-05-24,2024-05-29,2024-06-05,2024-06-20
BAC|2024-05-22T00:00:00|Long,BAC,2024-05-22,Long,-0.014839038669384408,0.0020121185722323798,-0.02062373564991138,True,-0.01106636431799568,0.0020121185722323798,-0.02062373564991138,True,-0.028420455259576483,0.0020121185722323798,-0.054577421040032714,True,-0.0015089929860800932,0.010814897468013784,-0.054577421040032714,True,-0.006790660323548914,0.013833075326362465,-0.054577421040032714,True,20,True,False,True,False,True,False,,1,STOP_BEFORE_TARGET,False,True,False,True,False,,4,STOP_BEFORE_TARGET,2024-05-23,2024-05-28,2024-05-30,2024-06-06,2024-06-21
BAC|2024-05-23T00:00:00|Long,BAC,2024-05-23,Long,0.013530830195808807,0.015573159021365024,-0.002552935379005805,True,-0.011488306593768316,0.015573159021365024,-0.015573061633122887,True,0.02093447913846469,0.023232159934866825,-0.04033694384009634,True,0.015573159021365024,0.0260403498964763,-0.04033694384009634,True,0.02170034027451795,0.02986985035322709,-0.04033694384009634,True,20,True,False,True,False,True,False,,4,STOP_BEFORE_TARGET,False,True,False,True,False,,4,STOP_BEFORE_TARGET,2024-05-24,2024-05-29,2024-05-31,2024-06-07,2024-06-24
BAC|2024-05-24T00:00:00|Long,BAC,2024-05-24,Long,-0.009571815133816552,0.0010075797168418443,-0.01486146451510062,True,-0.0269521328529313,0.0010075797168418443,-0.053148628962276456,True,0.004534012637697815,0.012342515222995898,-0.053148628962276456,True,-0.0007557328316766254,0.012342515222995898,-0.053148628962276456,True,-0.008060445558553786,0.016120891117107572,-0.053148628962276456,True,20,True,False,True,False,True,False,,2,STOP_BEFORE_TARGET,False,True,False,True,False,,3,STOP_BEFORE_TARGET,2024-05-28,2024-05-30,2024-06-03,2024-06-10,2024-06-25
BAC|2024-05-28T00:00:00|Long,BAC,2024-05-28,Long,-0.015259371281228007,-0.010681540493516328,-0.019328543424003253,True,0.017039725046863907,0.019328640440719802,-0.04399795411148111,True,0.009155661575423357,0.02212611746279558,-0.04399795411148111,True,-0.011698857783389194,0.02212611746279558,-0.04399795411148111,True,-0.008138344285550492,0.025941008791460884,-0.04399795411148111,True,20,True,False,True,False,True,False,,2,STOP_BEFORE_TARGET,False,True,False,True,False,,2,STOP_BEFORE_TARGET,2024-05-29,2024-05-31,2024-06-04,2024-06-11,2024-06-26
BAC|2024-05-29T00:00:00|Long,BAC,2024-05-29,Long,-0.002324384032812654,0.010330519074667865,-0.029183910963077042,True,0.02995867280065756,0.03796480784251299,-0.029183910963077042,True,0.032024737207562826,0.03796480784251299,-0.029183910963077042,True,0.01782021190485006,0.03796480784251299,-0.029183910963077042,True,0.013687984570968759,0.04183881407055767,-0.029183910963077042,True,20,True,True,True,False,True,False,2,1,STOP_BEFORE_TARGET,False,False,False,False,True,,,NEITHER,2024-05-30,2024-06-03,2024-06-05,2024-06-12,2024-06-27
BAC|2024-05-30T00:00:00|Long,BAC,2024-05-30,Long,0.035205813428622834,0.03753561280991691,0.000776566877230378,True,0.02718092694869756,0.04038305760962957,0.000776566877230378,True,0.027698671116718865,0.04038305760962957,0.000776566877230378,True,0.016308496919456683,0.04038305760962957,-0.004400776053379296,True,0.029510726329991854,0.04426608949498756,-0.007507142311903969,True,20,True,True,False,True,False,False,1,,TARGET_BEFORE_STOP,False,False,False,False,True,,,NEITHER,2024-05-31,2024-06-04,2024-06-06,2024-06-13,2024-06-28
BAC|2024-05-31T00:00:00|Long,BAC,2024-05-31,Long,-0.0027507028190697502,0.005001173789644486,-0.015753964532951414,True,-0.000750252381467087,0.005001173789644486,-0.015753964532951414,True,-0.005251385105167428,0.005001173789644486,-0.017754510361829623,True,-0.018754687884993237,0.005001173789644486,-0.03825962815145345,True,0.0005000410659441457,0.008752149523153285,-0.041260351503495274,True,20,True,False,True,False,True,False,,7,STOP_BEFORE_TARGET,False,True,False,True,False,,7,STOP_BEFORE_TARGET,2024-06-03,2024-06-05,2024-06-07,2024-06-14,2024-07-01
BAC|2024-06-03T00:00:00|Long,BAC,2024-06-03,Long,-0.005015064131965619,0.006519516413480586,-0.0115346761998385,True,-0.004513548153329827,0.006519516413480586,-0.0115346761998385,True,-0.005265869948479551,0.006519516413480586,-0.016800450493925756,True,-0.009277902123173587,0.006519516413480586,-0.03560686924800249,True,0.026328967124828795,0.027081193265586334,-0.038615869465424946,True,20,True,False,True,False,True,False,,6,STOP_BEFORE_TARGET,False,True,False,True,False,,6,STOP_BEFORE_TARGET,2024-06-04,2024-06-06,2024-06-10,2024-06-17,2024-07-02
BAC|2024-06-04T00:00:00|Long,BAC,2024-06-04,Long,0.007056420794945284,0.007812534549062944,-0.004032254188043427,True,0.002520122816330961,0.008064508376086854,-0.010080683538370105,True,-0.02066531473078792,0.008064508376086854,-0.030745998269158026,True,0.007812534549062944,0.00856855216665764,-0.030745998269158026,True,0.030745998269158026,0.038306462854674095,-0.03377016487605988,True,20,True,True,True,False,True,False,19,5,STOP_BEFORE_TARGET,False,True,False,True,False,,5,STOP_BEFORE_TARGET,2024-06-05,2024-06-07,2024-06-11,2024-06-18,2024-07-03
BAC|2024-06-05T00:00:00|Long,BAC,2024-06-05,Long,-0.006506464651903188,0.0010010239350302097,-0.013513536734218068,True,-0.007257280334624139,0.0010010239350302097,-0.018768769198781787,True,-0.013763744986527326,0.0010010239350302097,-0.037537538397563686,True,0.0007508156827209511,0.008758816237169453,-0.037537538397563686,True,0.01126128061184839,0.031031073745660498,-0.040540514739757616,True,20,True,True,True,False,True,False,19,4,STOP_BEFORE_TARGET,False,True,False,True,False,,4,STOP_BEFORE_TARGET,2024-06-06,2024-06-10,2024-06-12,2024-06-20,2024-07-05
BAC|2024-06-06T00:00:00|Long,BAC,2024-06-06,Long,0.0020150633455933153,0.0065490759832911305,-0.010579394850658397,True,-0.02115869361322642,0.0065490759832911305,-0.031234298605463895,True,-0.011083184709079319,0.0065490759832911305,-0.031234298605463895,True,-0.005289649381283956,0.01536525437352143,-0.031234298605463895,True,0.023173756958819514,0.037783374588755025,-0.034256941667898944,True,20,True,True,True,False,True,False,17,3,STOP_BEFORE_TARGET,False,True,False,True,False,,3,STOP_BEFORE_TARGET,2024-06-07,2024-06-11,2024-06-13,2024-06-21,2024-07-08
BAC|2024-06-07T00:00:00|Long,BAC,2024-06-07,Long,-0.002765224075592765,0.0015083301943750183,-0.014328801214565923,True,-0.009301129794838658,0.002513883657291771,-0.03318249711740062,True,-0.013574588169950275,0.002513883657291771,-0.03318249711740062,True,0.006033224882643795,0.014077460796264818,-0.03318249711740062,True,0.041226733031021645,0.051533512183633334,-0.03619906161129438,True,20,True,True,True,False,True,False,17,2,STOP_BEFORE_TARGET,True,True,False,True,False,20,2,STOP_BEFORE_TARGET,2024-06-10,2024-06-12,2024-06-14,2024-06-24,2024-07-09
BAC|2024-06-10T00:00:00|Long,BAC,2024-06-10,Long,-0.020418391630474986,-0.008066541708961372,-0.030501616847057877,True,-0.010335262574654447,0.005293746127125187,-0.030501616847057877,True,-0.004033270854480686,0.005293746127125187,-0.030501616847057877,True,-0.007310237313222112,0.016889387813662005,-0.030501616847057877,True,0.05218057991093983,0.05444930077663268,-0.03352654594772775,True,20,True,True,True,False,True,False,15,1,STOP_BEFORE_TARGET,True,True,False,True,False,19,1,STOP_BEFORE_TARGET,2024-06-11,2024-06-13,2024-06-17,2024-06-25,2024-07-10
BAC|2024-06-11T00:00:00|Long,BAC,2024-06-11,Long,0.014153351220330013,0.026248081362406417,0.006175961399897734,True,0.009778720075830583,0.026248081362406417,0.0012866504445505633,True,0.029078771239499757,0.029850741873202802,0.0012866504445505633,True,0.003602660510796385,0.03808542251649083,-0.01003601089868611,True,0.07591355421012591,0.07822956427637173,-0.013381380586626967,True,20,True,True,False,True,False,False,6,,TARGET_BEFORE_STOP,True,False,True,False,False,14,,TARGET_BEFORE_STOP,2024-06-12,2024-06-14,2024-06-18,2024-06-26,2024-07-11
BAC|2024-06-12T00:00:00|Long,BAC,2024-06-12,Long,-0.003806179306259372,-0.0015224910815359038,-0.012179638266805237,True,0.0025373883407324715,0.003044885367911254,-0.012687135293983798,True,0.014717123402698373,0.022836882247235124,-0.012687135293983798,True,-0.004059879422268375,0.023598079390422688,-0.027150461785512614,True,0.05531591762538235,0.0636893765859281,-0.027150461785512614,True,20,True,True,True,False,True,False,13,9,STOP_BEFORE_TARGET,True,False,True,False,False,17,,TARGET_BEFORE_STOP,2024-06-13,2024-06-17,2024-06-20,2024-06-27,2024-07-12
BAC|2024-06-13T00:00:00|Long,BAC,2024-06-13,Long,-0.0005093388670737165,0.00560369918769088,-0.008914887648610259,True,0.018594075092795093,0.019358180558393556,-0.008914887648610259,True,0.0058584657862157385,0.026744857275806666,-0.008914887648610259,True,0.01299037590510399,0.02750896274140513,-0.0234334744849114,True,0.06698933215880287,0.07564955037387633,-0.0234334744849114,True,20,True,True,True,False,True,False,12,8,STOP_BEFORE_TARGET,True,False,True,False,False,16,,TARGET_BEFORE_STOP,2024-06-14,2024-06-18,2024-06-21,2024-06-28,2024-07-15
BAC|2024-06-14T00:00:00|Long,BAC,2024-06-14,Long,0.006880648101872167,0.007390343741733751,-0.0066259461036961564,True,0.019113149029541532,0.027268084838319107,-0.0066259461036961564,True,0.01987764388208224,0.028032579690859816,-0.0066259461036961564,True,0.019622747454900002,0.028032579690859816,-0.022935817721251195,True,0.12461771611829109,0.13149846143466637,-0.022935817721251195,True,20,True,True,True,False,True,False,11,8,STOP_BEFORE_TARGET,True,False,True,False,False,15,,TARGET_BEFORE_STOP,2024-06-17,2024-06-20,2024-06-24,2024-07-01,2024-07-16
BAC|2024-06-17T00:00:00|Long,BAC,2024-06-17,Long,0.012148908563025307,0.01290817914189879,-0.0012654831481806461,True,-0.0005061160191319747,0.0202481165715922,-0.003543391434976062,True,-0.0032902368752346645,0.021007387150465462,-0.004049604004283336,True,0.03594032001941816,0.03669959059829142,-0.02961271117816411,True,0.11313595066054316,0.1247785501040859,-0.02961271117816411,True,20,True,True,True,False,True,False,10,6,STOP_BEFORE_TARGET,True,False,True,False,False,14,,TARGET_BEFORE_STOP,2024-06-18,2024-06-21,2024-06-25,2024-07-02,2024-07-17
BAC|2024-06-18T00:00:00|Long,BAC,2024-06-18,Long,0.0,0.008001992532961744,-0.00600154209535908,True,0.0007501569901915417,0.008752149523153285,-0.015503943999979342,True,-0.024756229980352207,0.008752149523153285,-0.038009512227205944,True,0.022755684151473998,0.030257540227216273,-0.041260351503495274,True,0.0755187926059171,0.11127773847127287,-0.041260351503495274,True,20,True,True,True,False,True,False,10,5,STOP_BEFORE_TARGET,True,True,False,True,False,17,5,STOP_BEFORE_TARGET,2024-06-20,2024-06-24,2024-06-26,2024-07-03,2024-07-18
BAC|2024-06-20T00:00:00|Long,BAC,2024-06-20,Long,-0.012503125256662195,-0.0020005458288782085,-0.015503943999979342,True,-0.015253828075731946,0.008752149523153285,-0.01600408045719892,True,-0.018504667352021165,0.008752149523153285,-0.041260351503495274,True,0.010502579427783987,0.030257540227216273,-0.041260351503495274,True,0.07276818517812278,0.11127773847127287,-0.041260351503495274,True,20,True,True,True,False,True,False,9,4,STOP_BEFORE_TARGET,True,True,False,True,False,16,4,STOP_BEFORE_TARGET,2024-06-21,2024-06-25,2024-06-27,2024-07-05,2024-07-19
BAC|2024-06-21T00:00:00|Long,BAC,2024-06-21,Long,0.013421087788554775,0.021524397011727148,0.004051654611586297,True,-0.012408246584957427,0.021524397011727148,-0.02582933437351209,True,0.0070903714205095,0.021524397011727148,-0.02912133393263394,True,0.02861476843223687,0.04330207677365294,-0.02912133393263394,True,0.07115719015342536,0.12534810680804132,-0.02912133393263394,True,20,True,True,True,False,True,False,7,3,STOP_BEFORE_TARGET,True,False,True,False,False,11,,TARGET_BEFORE_STOP,2024-06-24,2024-06-26,2024-06-28,2024-07-08,2024-07-22
BAC|2024-06-24T00:00:00|Long,BAC,2024-06-24,Long,-0.01599198856391515,0.0012493562340989417,-0.016741678560191042,True,-0.019240391028388815,0.0012493562340989417,-0.041979017640162763,True,-0.00024992843868221204,0.00799599428195763,-0.041979017640162763,True,0.03498245115362186,0.04522742010463632,-0.041979017640162763,True,0.059720123995770535,0.11044473059439608,-0.041979017640162763,True,20,True,True,True,False,True,False,10,2,STOP_BEFORE_TARGET,True,True,False,True,False,14,2,STOP_BEFORE_TARGET,2024-06-25,2024-06-27,2024-07-01,2024-07-09,2024-07-23
BAC|2024-06-25T00:00:00|Long,BAC,2024-06-25,Long,-0.009649595170349246,-0.0007618738745650555,-0.02310817223793593,True,0.009903488549273032,0.01726765583372103,-0.02640936737732591,True,0.03936006081816834,0.04012183782383638,-0.02640936737732591,True,0.05992891179127935,0.0622143396771806,-0.02640936737732591,True,0.07135595435188846,0.1284915546305221,-0.02640936737732591,True,20,True,True,True,False,True,False,5,1,STOP_BEFORE_TARGET,True,False,True,False,False,9,,TARGET_BEFORE_STOP,2024-06-26,2024-06-28,2024-07-02,2024-07-10,2024-07-24
BAC|2024-06-26T00:00:00|Long,BAC,2024-06-26,Long,0.0064102564102563875,0.008974319849258894,-0.016923073010566947,True,0.02589739285982562,0.034358978271484375,-0.016923073010566947,True,0.048717987843048816,0.056410275972806456,-0.016923073010566947,True,0.07205131726387215,0.07435901348407459,-0.016923073010566947,True,0.06871795654296875,0.1394871442745893,-0.016923073010566947,True,20,True,True,False,True,False,False,3,,TARGET_BEFORE_STOP,True,False,True,False,False,4,,TARGET_BEFORE_STOP,2024-06-27,2024-07-01,2024-07-03,2024-07-11,2024-07-25
BAC|2024-06-27T00:00:00|Long,BAC,2024-06-27,Long,0.013248419306080894,0.020636977663465395,0.0017834317152667367,True,0.04280255554587975,0.04356685565535434,0.0017834317152667367,True,0.029554136239798856,0.04968154810036829,0.0017834317152667367,True,0.05961783828249412,0.06802543105593162,0.0017834317152667367,True,0.06165600430433926,0.13222926437475113,0.0017834317152667367,True,20,True,True,False,True,False,False,3,,TARGET_BEFORE_STOP,True,False,True,False,False,7,,TARGET_BEFORE_STOP,2024-06-28,2024-07-02,2024-07-05,2024-07-12,2024-07-26
BAC|2024-06-28T00:00:00|Long,BAC,2024-06-28,Long,0.006034645738171696,0.01433240352686349,-0.0025145156567086824,True,0.02841340344753851,0.03595675857973557,-0.0025145156567086824,True,0.021372855527718837,0.03595675857973557,-0.0025145156567086824,True,0.05330648497568502,0.06185564637056551,-0.0025145156567086824,True,0.033190839316838305,0.11742514747780608,-0.0025145156567086824,True,20,True,True,False,True,False,False,3,,TARGET_BEFORE_STOP,True,False,True,False,False,6,,TARGET_BEFORE_STOP,2024-07-01,2024-07-03,2024-07-08,2024-07-15,2024-07-29
BAC|2024-07-01T00:00:00|Long,BAC,2024-07-01,Long,0.022994301980448606,0.02374408404881545,-0.0012496685618114123,True,0.009997539181690662,0.029742626626549917,-0.0012496685618114123,True,0.03524118736724002,0.045488717467452755,-0.0012496685618114123,True,0.10297432940317486,0.10972265404927595,-0.0012496685618114123,True,0.031742077256728285,0.1107223316925654,-0.0012496685618114123,True,20,True,True,False,True,False,False,5,,TARGET_BEFORE_STOP,True,False,True,False,False,9,,TARGET_BEFORE_STOP,2024-07-02,2024-07-05,2024-07-09,2024-07-16,2024-07-30
BAC|2024-07-02T00:00:00|Long,BAC,2024-07-02,Long,-0.000732928880361694,0.006596639524811598,-0.004397759683207658,True,-0.007573940165639725,0.006596639524811598,-0.0156364374511746,True,0.019789918574434795,0.021988798416038513,-0.0156364374511746,True,0.07451744965354568,0.08575612742151262,-0.0156364374511746,True,-0.015147787130760482,0.08575612742151262,-0.017346666972364422,True,20,True,True,False,True,False,False,8,,TARGET_BEFORE_STOP,True,False,True,False,False,9,,TARGET_BEFORE_STOP,2024-07-03,2024-07-08,2024-07-10,2024-07-17,2024-07-31
BAC|2024-07-03T00:00:00|Long,BAC,2024-07-03,Long,-0.011980480689145034,0.0014669329182246393,-0.014914439794472711,True,0.012713853879379178,0.022738392921265227,-0.014914439794472711,True,0.02224938419223088,0.02444987683844624,-0.014914439794472711,True,0.05158916178326356,0.08655249312375202,-0.014914439794472711,True,-0.034229864881376026,0.08655249312375202,-0.04694381202963338,True,20,True,True,True,True,False,False,7,20,TARGET_BEFORE_STOP,True,True,True,False,False,8,20,TARGET_BEFORE_STOP,2024-07-05,2024-07-09,2024-07-11,2024-07-18,2024-08-01
BAC|2024-07-05T00:00:00|Long,BAC,2024-07-05,Long,0.0051967108454742394,0.015590226936256224,0.0004949383281165343,True,0.03291269082100379,0.03513986609761188,0.0004949383281165343,True,0.029200700560045867,0.03736694697438625,0.0004949383281165343,True,0.06161845305293312,0.09972776031957742,0.0004949383281165343,True,-0.0700321214314149,0.09972776031957742,-0.07993069919408025,True,20,True,True,True,True,False,False,2,19,TARGET_BEFORE_STOP,True,True,True,False,False,7,19,TARGET_BEFORE_STOP,2024-07-08,2024-07-10,2024-07-12,2024-07-19,2024-08-02
BAC|2024-07-08T00:00:00|Long,BAC,2024-07-08,Long,0.01969471339479978,0.029788353790923594,-0.0004923795738451808,True,0.029295974217078413,0.031511635343481004,-0.0004923795738451808,True,0.03126539860065791,0.03963566353242287,-0.0004923795738451808,True,0.04135894508498028,0.09404233863299538,-0.0004923795738451808,True,-0.09773504456913218,0.09404233863299538,-0.1349089041441306,True,20,True,True,True,True,False,False,3,18,TARGET_BEFORE_STOP,True,True,True,False,False,6,18,TARGET_BEFORE_STOP,2024-07-09,2024-07-11,2024-07-15,2024-07-22,2024-08-05
BAC|2024-07-09T00:00:00|Long,BAC,2024-07-09,Long,0.0077258214309001705,0.008208598928495459,-0.008449987677293214,True,0.004104345513227026,0.012071463594966358,-0.008449987677293214,True,0.06542740267916636,0.0719460040722033,-0.008449987677293214,True,0.023901538441135184,0.07291165116535225,-0.008449987677293214,True,-0.108643172354698,0.07291165116535225,-0.15161755328143178,True,20,True,True,True,True,False,False,5,16,TARGET_BEFORE_STOP,True,True,True,False,False,5,17,TARGET_BEFORE_STOP,2024-07-10,2024-07-12,2024-07-16,2024-07-23,2024-08-06
BAC|2024-07-10T00:00:00|Long,BAC,2024-07-10,Long,0.0016770410160364957,0.003833249664066285,-0.008385296472063208,True,0.003593620152129162,0.011739287112255026,-0.015572628168202374,True,0.05366549529692821,0.06468607665713355,-0.015572628168202374,True,0.010780951848268217,0.06468607665713355,-0.015572628168202374,True,-0.10637283811363141,0.06468607665713355,-0.15812175427446684,True,20,True,True,True,True,False,False,4,14,TARGET_BEFORE_STOP,True,True,True,False,False,4,15,TARGET_BEFORE_STOP,2024-07-11,2024-07-15,2024-07-17,2024-07-24,2024-08-07
BAC|2024-07-11T00:00:00|Long,BAC,2024-07-11,Long,-0.005261928090814827,0.002630872806537843,-0.017220789214397736,True,0.055489108314315416,0.0619469042697145,-0.017220789214397736,True,0.02870119370550328,0.06290354381806029,-0.017220789214397736,True,-0.003109329439015096,0.06290354381806029,-0.017220789214397736,True,-0.08610385483311911,0.06290354381806029,-0.15953125483280883,True,20,True,True,True,True,False,False,3,13,TARGET_BEFORE_STOP,True,True,True,False,False,3,14,TARGET_BEFORE_STOP,2024-07-12,2024-07-16,2024-07-18,2024-07-25,2024-08-08
BAC|2024-07-12T00:00:00|Long,BAC,2024-07-12,Long,0.007213254050490336,0.0153882997667798,0.002644881220196904,True,0.057465722069725,0.06852605106191034,0.002644881220196904,True,0.03149798914365953,0.06852605106191034,0.002644881220196904,True,0.0019234916100967503,0.06852605106191034,-0.0043279707745944584,True,-0.07958647177559708,0.06852605106191034,-0.15508537483229867,True,20,True,True,True,True,False,False,2,13,TARGET_BEFORE_STOP,True,True,True,False,False,2,13,TARGET_BEFORE_STOP,2024-07-15,2024-07-17,2024-07-19,2024-07-26,2024-08-09
BAC|2024-07-15T00:00:00|Long,BAC,2024-07-15,Long,0.05347342351645712,0.05991888691339353,0.007877818951132154,True,0.026736666225913863,0.0608736995515613,0.007877818951132154,True,0.009787535292097083,0.0608736995515613,0.0016710359475802239,True,-0.019097618732795585,0.0608736995515613,-0.02172355838317297,True,-0.0888040409382862,0.0608736995515613,-0.16113631172952492,True,20,True,True,True,True,False,False,1,10,TARGET_BEFORE_STOP,True,True,True,False,False,1,12,TARGET_BEFORE_STOP,2024-07-16,2024-07-18,2024-07-22,2024-07-29,2024-08-12
BAC|2024-07-16T00:00:00|Long,BAC,2024-07-16,Long,-0.0033990827611215524,0.007024644257662027,-0.01087694381641735,True,-0.02787218473749431,0.007024644257662027,-0.03263091789151751,True,-0.038975780173861274,0.007024644257662027,-0.049172942014960586,True,-0.06458196736545152,0.007024644257662027,-0.07523225956191926,True,-0.12848406631331954,0.007024644257662027,-0.2037163258752387,True,20,True,False,True,False,True,False,,2,STOP_BEFORE_TARGET,False,True,False,True,False,,3,STOP_BEFORE_TARGET,2024-07-17,2024-07-19,2024-07-23,2024-07-30,2024-08-13
BAC|2024-07-17T00:00:00|Long,BAC,2024-07-17,Long,-0.0220555077489617,0.005911826715249813,-0.02387447130489795,True,-0.03819918878267359,0.005911826715249813,-0.04592997905385965,True,-0.040700339567041444,0.005911826715249813,-0.04592997905385965,True,-0.08344698060810163,0.005911826715249813,-0.08549336881921243,True,-0.1175533929685536,0.005911826715249813,-0.2010004603137472,True,20,True,False,True,False,True,False,,1,STOP_BEFORE_TARGET,False,True,False,True,False,,3,STOP_BEFORE_TARGET,2024-07-18,2024-07-22,2024-07-24,2024-07-31,2024-08-14
BAC|2024-07-18T00:00:00|Long,BAC,2024-07-18,Long,-0.002557470354497271,0.012787795238821342,-0.0074401233971684855,True,-0.013950209196374241,0.012787795238821342,-0.024412910440288482,True,-0.030922996239494127,0.012787795238821342,-0.03138801503847555,True,-0.08160889231599677,0.012787795238821342,-0.0936991150097124,True,-0.09253661235889232,0.012787795238821342,-0.18298068446900184,True,20,True,False,True,False,True,False,,2,STOP_BEFORE_TARGET,False,True,False,True,False,,5,STOP_BEFORE_TARGET,2024-07-19,2024-07-23,2024-07-25,2024-08-01,2024-08-15
BAC|2024-07-19T00:00:00|Long,BAC,2024-07-19,Long,-0.01398606684096304,-0.0006993611404895184,-0.02191147804130511,True,-0.016550183541173547,-0.0006993611404895184,-0.02191147804130511,True,-0.028671405901736557,-0.0006993611404895184,-0.0347319726216786,True,-0.12400931248487235,-0.0006993611404895184,-0.1333333570455144,True,-0.08298371204354127,-0.0006993611404895184,-0.1808858242475666,True,20,True,False,True,False,True,False,,1,STOP_BEFORE_TARGET,False,True,False,True,False,,5,STOP_BEFORE_TARGET,2024-07-22,2024-07-24,2024-07-26,2024-08-02,2024-08-16
BAC|2024-07-22T00:00:00|Long,BAC,2024-07-22,Long,0.002600487289257103,0.011347507113328437,-0.003546045245556906,True,-0.01465718541530281,0.011347507113328437,-0.015130009484437767,True,-0.02860517981788835,0.011347507113328437,-0.03120566710714545,True,-0.13356968825265314,0.011347507113328437,-0.16926713892559542,True,-0.06217496727070848,0.011347507113328437,-0.16926713892559542,True,20,True,False,True,False,True,False,,4,STOP_BEFORE_TARGET,False,True,False,True,False,,5,STOP_BEFORE_TARGET,2024-07-23,2024-07-25,2024-07-29,2024-08-05,2024-08-19
BAC|2024-07-23T00:00:00|Long,BAC,2024-07-23,Long,-0.005187484590772784,0.008016980754802727,-0.008016980754802727,True,-0.017448754565651203,0.008016980754802727,-0.023579344579059747,True,-0.02664468455979463,0.008016980754802727,-0.03772691534727102,True,-0.12945064131618478,0.008016980754802727,-0.1714218458835315,True,-0.08771519061748179,0.008016980754802727,-0.1714218458835315,True,20,True,False,True,False,True,False,,3,STOP_BEFORE_TARGET,False,True,False,True,False,,4,STOP_BEFORE_TARGET,2024-07-24,2024-07-26,2024-07-30,2024-08-06,2024-08-20
BAC|2024-07-24T00:00:00|Long,BAC,2024-07-24,Long,-0.012088133162686088,0.0026072674551338437,-0.012562190010628527,True,-0.02607249371714182,0.0026072674551338437,-0.028679761172275775,True,-0.044560258701402455,0.0026072674551338437,-0.04669346930859397,True,-0.11590423201750832,0.0026072674551338437,-0.1671011961730059,True,-0.08153587908702242,0.0026072674551338437,-0.1671011961730059,True,20,True,False,True,False,True,False,,3,STOP_BEFORE_TARGET,False,True,False,True,False,,4,STOP_BEFORE_TARGET,2024-07-25,2024-07-29,2024-07-31,2024-08-07,2024-08-21
BAC|2024-07-25T00:00:00|Long,BAC,2024-07-25,Long,-0.00023997447594137356,0.006717820951217757,-0.006477937998722649,True,-0.009596965521836531,0.006717820951217757,-0.020873294758031236,True,-0.05230326989477185,0.006717820951217757,-0.06477928846378078,True,-0.08325338760307599,0.006717820951217757,-0.15690980968431545,True,-0.05854123341755324,0.006717820951217757,-0.15690980968431545,True,20,True,False,True,False,True,False,,3,STOP_BEFORE_TARGET,False,True,False,True,False,,4,STOP_BEFORE_TARGET,2024-07-26,2024-07-30,2024-08-01,2024-08-08,2024-08-22
BAC|2024-07-26T00:00:00|Long,BAC,2024-07-26,Long,-0.013918839497086055,0.005039666628217532,-0.016558643077244195,True,-0.03263731354487642,0.005279607160316058,-0.03479714451542271,True,-0.09815206425755751,0.005279607160316058,-0.10775133335896603,True,-0.0813534806482148,0.005279607160316058,-0.15670744099440292,True,-0.04559629936815357,0.005279607160316058,-0.15670744099440292,True,20,True,False,True,False,True,False,,2,STOP_BEFORE_TARGET,False,True,False,True,False,,3,STOP_BEFORE_TARGET,2024-07-29,2024-07-31,2024-08-02,2024-08-09,2024-08-23
BAC|2024-07-29T00:00:00|Long,BAC,2024-07-29,Long,0.004623962667398951,0.019469438649056814,-0.0068142803177683176,True,-0.0386955499314533,0.019469438649056814,-0.051350708262741906,True,-0.10805545413047046,0.019469438649056814,-0.14480410661582133,True,-0.07106356711606565,0.019469438649056814,-0.14480410661582133,True,-0.02847412945480099,0.019469438649056814,-0.14480410661582133,True,20,True,False,True,False,True,False,,2,STOP_BEFORE_TARGET,False,True,False,True,False,,3,STOP_BEFORE_TARGET,2024-07-30,2024-08-01,2024-08-05,2024-08-12,2024-08-26
BAC|2024-07-30T00:00:00|Long,BAC,2024-07-30,Long,-0.023497999871364805,0.0024225361379737187,-0.025678236190388892,True,-0.08963171166802075,0.0024225361379737187,-0.09932167139930637,True,-0.10562017294773351,0.0024225361379737187,-0.14874029969031455,True,-0.06831394811567992,0.0024225361379737187,-0.14874029969031455,True,-0.039001953923482824,0.0024225361379737187,-0.14874029969031455,True,20,True,False,True,False,True,False,,1,STOP_BEFORE_TARGET,False,True,False,True,False,,2,STOP_BEFORE_TARGET,2024-07-31,2024-08-02,2024-08-06,2024-08-13,2024-08-27
BAC|2024-07-31T00:00:00|Long,BAC,2024-07-31,Long,-0.020094302795725327,0.0034730683423196407,-0.03299433852006595,True,-0.0907963215758456,0.0034730683423196407,-0.12825606071718387,True,-0.074671347895931,0.0034730683423196407,-0.12825606071718387,True,-0.03721160875459273,0.0034730683423196407,-0.12825606071718387,True,-0.00893080124254464,0.0034730683423196407,-0.12825606071718387,True,20,True,False,True,False,True,False,,1,STOP_BEFORE_TARGET,False,True,False,True,False,,1,STOP_BEFORE_TARGET,2024-08-01,2024-08-05,2024-08-07,2024-08-14,2024-08-28
BAC|2024-08-01T00:00:00|Long,BAC,2024-08-01,Long,-0.048607548580894,-0.024556992929193,-0.05873416948922072,True,-0.06531650205201744,-0.024556992929193,-0.11037976228738133,True,-0.03265825102600872,-0.023037970820559694,-0.11037976228738133,True,-0.011898765081091778,0.0045569697512855,-0.11037976228738133,True,0.016961978960640778,0.02126582664779475,-0.11037976228738133,True,20,True,False,True,False,True,False,,1,STOP_BEFORE_TARGET,False,True,False,True,False,,1,STOP_BEFORE_TARGET,2024-08-02,2024-08-06,2024-08-08,2024-08-15,2024-08-29
BAC|2024-08-02T00:00:00|Long,BAC,2024-08-02,Long,-0.024747212875526392,-0.016498209589486668,-0.064928215075017,True,-0.007450840349953247,0.026875951897867623,-0.064928215075017,True,0.018626847103124344,0.026875951897867623,-0.064928215075017,True,0.04683337508724672,0.05588074432678014,-0.064928215075017,True,0.08435332662293127,0.08728043159876608,-0.064928215075017,True,20,True,True,True,False,True,False,6,1,STOP_BEFORE_TARGET,True,True,False,True,False,9,1,STOP_BEFORE_TARGET,2024-08-05,2024-08-07,2024-08-09,2024-08-16,2024-08-30
BAC|2024-08-05T00:00:00|Long,BAC,2024-08-05,Long,0.007366893092098703,0.018008180625751935,-0.003001380785042862,True,0.042564733796592646,0.052933111758239226,-0.003001380785042862,True,0.04147330367757629,0.05675301309029179,-0.003001380785042862,True,0.08240099638014908,0.08431105113068038,-0.003001380785042862,True,0.11050474948004596,0.11596179599062317,-0.003001380785042862,True,20,True,True,False,True,False,False,2,,TARGET_BEFORE_STOP,True,False,True,False,False,2,,TARGET_BEFORE_STOP,2024-08-06,2024-08-08,2024-08-12,2024-08-19,2024-09-03
BAC|2024-08-06T00:00:00|Long,BAC,2024-08-06,Long,0.010292553818024519,0.04523299204947606,0.0094800191272153,True,0.03683642139222809,0.04523299204947606,0.0094800191272153,True,0.04171183618374852,0.04902495837102916,0.0094800191272153,True,0.04794150990106161,0.07638146395937495,0.0094800191272153,True,0.09696646827209077,0.10915500525089183,0.0094800191272153,True,20,True,True,False,True,False,False,1,,TARGET_BEFORE_STOP,True,False,True,False,False,6,,TARGET_BEFORE_STOP,2024-08-07,2024-08-09,2024-08-13,2024-08-20,2024-09-04
BAC|2024-08-07T00:00:00|Long,BAC,2024-08-07,Long,0.02439677925001016,0.030026781629849397,0.00965149109155683,True,0.02332436862412468,0.03833781057440233,0.00965149109155683,True,0.04048263182617329,0.04343160764129905,0.00965149109155683,True,0.03887401588734507,0.06541561638912619,0.00965149109155683,True,0.07613941583586215,0.09785527079186473,0.00965149109155683,True,20,True,True,False,True,False,False,1,,TARGET_BEFORE_STOP,True,False,True,False,False,6,,TARGET_BEFORE_STOP,2024-08-08,2024-08-12,2024-08-14,2024-08-21,2024-09-05
BAC|2024-08-08T00:00:00|Long,BAC,2024-08-08,Long,0.0018319732138560862,0.006281122329686806,-0.007851328035819227,True,0.006542790002358023,0.01360901518511115,-0.007851328035819227,True,0.021460343220930378,0.038471637161082484,-0.007851328035819227,True,0.026956362697551084,0.04004194270226735,-0.007851328035819227,True,0.01439411803817725,0.07170902235326793,-0.007851328035819227,True,20,True,True,False,True,False,False,5,,TARGET_BEFORE_STOP,True,False,True,False,False,11,,TARGET_BEFORE_STOP,2024-08-09,2024-08-13,2024-08-15,2024-08-22,2024-09-06
BAC|2024-08-09T00:00:00|Long,BAC,2024-08-09,Long,-0.002873579254423997,0.011755506198783516,-0.007053303719270154,True,0.013845418257452557,0.01671889785938485,-0.007053303719270154,True,0.0276907368624133,0.03657266380677293,-0.007053303719270154,True,0.038923765046529724,0.049373026382399265,-0.007053303719270154,True,0.031086794131504725,0.06974927034445488,-0.007053303719270154,True,20,True,True,False,True,False,False,4,,TARGET_BEFORE_STOP,True,False,True,False,False,11,,TARGET_BEFORE_STOP,2024-08-12,2024-08-14,2024-08-16,2024-08-23,2024-09-09
BAC|2024-08-12T00:00:00|Long,BAC,2024-08-12,Long,0.007597614080141257,0.008121597803565805,-0.0013099093387231031,True,0.02253080040887312,0.039559921631303396,-0.0013099093387231031,True,0.039297879799752966,0.04113187280157704,-0.0013099093387231031,True,0.045847526433044905,0.053183198621312266,-0.0013099093387231031,True,0.02908044704216528,0.07283213852118853,-0.0013099093387231031,True,20,True,True,False,True,False,False,3,,TARGET_BEFORE_STOP,True,False,True,False,False,9,,TARGET_BEFORE_STOP,2024-08-13,2024-08-15,2024-08-19,2024-08-26,2024-09-10
BAC|2024-08-13T00:00:00|Long,BAC,2024-08-13,Long,0.009100423742850916,0.011960454899188289,-0.0007799994802648591,True,0.022880943553389654,0.03172130134541984,-0.0007799994802648591,True,0.005980227449594144,0.033281399492048225,-0.003120097107158104,True,0.03146123539459911,0.04524185439123629,-0.003120097107158104,True,0.01404058576135947,0.06474263488664711,-0.011700488134466225,True,20,True,True,False,True,False,False,2,,TARGET_BEFORE_STOP,True,False,True,False,False,13,,TARGET_BEFORE_STOP,2024-08-14,2024-08-16,2024-08-20,2024-08-27,2024-09-11
BAC|2024-08-14T00:00:00|Long,BAC,2024-08-14,Long,0.005668575063675796,0.022416874545217125,0.004122644724311231,True,0.02215915396092072,0.02396290317618499,0.004122644724311231,True,-0.0015460286309679772,0.02396290317618499,-0.012110311880240698,True,0.029373855947167904,0.037619145395790365,-0.012110311880240698,True,-0.0007730634612856946,0.055140410047013866,-0.020613321913159566,True,20,True,True,True,True,False,False,7,19,TARGET_BEFORE_STOP,True,False,True,False,False,12,,TARGET_BEFORE_STOP,2024-08-15,2024-08-19,2024-08-21,2024-08-28,2024-09-12
BAC|2024-08-15T00:00:00|Long,BAC,2024-08-15,Long,0.00794264368400266,0.009992298279427825,-0.001024778428927231,True,-0.008711251940090814,0.018191209873840375,-0.017678674053020704,True,0.005380551005328638,0.018191209873840375,-0.017678674053020704,True,0.02920828658219543,0.033563961421026134,-0.017678674053020704,True,-0.009736030369017934,0.04919298087862156,-0.02613375582027233,True,20,True,True,True,True,False,False,9,18,TARGET_BEFORE_STOP,False,False,False,False,True,,,NEITHER,2024-08-16,2024-08-20,2024-08-22,2024-08-29,2024-09-13
BAC|2024-08-16T00:00:00|Long,BAC,2024-08-16,Long,0.008388358288700104,0.010167806922405154,0.002796151752031184,True,-0.014997461878481388,0.010167806922405154,-0.02541942033861988,True,0.010930358502998061,0.02109806845800999,-0.02541942033861988,True,0.03584137879875815,0.038637530550789334,-0.02541942033861988,True,-0.006100703546921826,0.04092528225996084,-0.0338078755947131,True,20,True,True,True,False,True,False,10,2,STOP_BEFORE_TARGET,False,True,False,True,False,,17,STOP_BEFORE_TARGET,2024-08-19,2024-08-21,2024-08-23,2024-08-30,2024-09-16
BAC|2024-08-19T00:00:00|Long,BAC,2024-08-19,Long,-0.02470379600378947,-0.010839337290797446,-0.03352654594772775,True,-0.010839337290797446,-0.009578958178915187,-0.03352654594772775,True,0.00630199172017365,0.013360287836086782,-0.03352654594772775,True,0.02596427127643408,0.031005883884725582,-0.03352654594772775,True,-0.003024929100669982,0.03226626299660773,-0.04184522117552303,True,20,True,True,True,False,True,False,10,1,STOP_BEFORE_TARGET,False,True,False,True,False,,1,STOP_BEFORE_TARGET,2024-08-20,2024-08-22,2024-08-26,2024-09-03,2024-09-17
BAC|2024-08-20T00:00:00|Long,BAC,2024-08-20,Long,0.0015508238671684271,0.007754020739372924,-0.007753922142903602,True,0.027914238030215976,0.038252768021931116,-0.007753922142903602,True,0.02532953158493534,0.039028229253750046,-0.007753922142903602,True,0.04678215139665354,0.0584130839092436,-0.007753922142903602,True,0.024037227660529625,0.0584130839092436,-0.017575609442031737,True,20,True,True,False,True,False,False,3,,TARGET_BEFORE_STOP,True,False,True,False,False,8,,TARGET_BEFORE_STOP,2024-08-21,2024-08-23,2024-08-27,2024-09-04,2024-09-18
BAC|2024-08-21T00:00:00|Long,BAC,2024-08-21,Long,0.012645204605594706,0.013935507497479849,-0.004645169165826579,True,0.030193501134072598,0.037419374527469795,-0.004645169165826579,True,0.03096776162424386,0.03922581826486904,-0.004645169165826579,True,0.03587095199092749,0.05677421323714715,-0.004645169165826579,True,0.05470964985509075,0.05935481902091744,-0.01909681750882053,True,20,True,True,False,True,False,False,2,,TARGET_BEFORE_STOP,True,False,True,False,False,7,,TARGET_BEFORE_STOP,2024-08-22,2024-08-26,2024-08-28,2024-09-05,2024-09-19
BAC|2024-08-22T00:00:00|Long,BAC,2024-08-22,Long,0.013506594205568323,0.02370021535928868,0.0007644948525407091,True,0.010958116006261065,0.024464807426332502,0.0007644948525407091,True,0.02370021535928868,0.028032579690859816,0.0007644948525407091,True,-0.012232500927669365,0.043577956455874256,-0.017329262897277986,True,0.02624869355859616,0.0461263374406784,-0.03134564995721101,True,20,True,True,True,True,False,False,6,12,TARGET_BEFORE_STOP,False,True,False,True,False,,13,STOP_BEFORE_TARGET,2024-08-23,2024-08-27,2024-08-29,2024-09-06,2024-09-20
BAC|2024-08-23T00:00:00|Long,BAC,2024-08-23,Long,0.0037716296066161448,0.01081217752643604,-0.002765919262897265,True,0.004526032263111102,0.012572290526649876,-0.011063581132624511,True,0.024641677921957816,0.02740759718485508,-0.011063581132624511,True,-0.007543355132196949,0.029670613316410632,-0.03042492005394104,True,0.0025144197377440225,0.03218503305415488,-0.04425451636842748,True,20,True,True,True,False,True,False,18,9,STOP_BEFORE_TARGET,False,True,False,True,False,,9,STOP_BEFORE_TARGET,2024-08-26,2024-08-28,2024-08-30,2024-09-09,2024-09-23
BAC|2024-08-26T00:00:00|Long,BAC,2024-08-26,Long,-0.006262525337350389,0.0052605939078747,-0.007765470260840401,True,0.006262525337350278,0.01052109225719633,-0.014779468059935907,True,0.019539144032349354,0.02454918341394019,-0.014779468059935907,True,-0.01603204957424842,0.02580166936969963,-0.03982956940933724,True,-0.01177348265440259,0.028306641281218514,-0.047845689755014575,True,20,True,False,True,False,True,False,,8,STOP_BEFORE_TARGET,False,True,False,True,False,,8,STOP_BEFORE_TARGET,2024-08-27,2024-08-29,2024-09-03,2024-09-10,2024-09-24
BAC|2024-08-27T00:00:00|Long,BAC,2024-08-27,Long,0.00705829611591291,0.015124837824874282,-0.008570616425104371,True,0.02722465038831645,0.029997542130914878,-0.008570616425104371,True,0.02092265866814258,0.03226626299660773,-0.008570616425104371,True,-0.01688929165289965,0.03226626299660773,-0.04184522117552303,True,-0.010587299932725891,0.03478702122037247,-0.04184522117552303,True,20,True,True,True,True,False,False,4,7,TARGET_BEFORE_STOP,False,True,False,True,False,,9,STOP_BEFORE_TARGET,2024-08-28,2024-08-30,2024-09-04,2024-09-11,2024-09-25
BAC|2024-08-28T00:00:00|Long,BAC,2024-08-28,Long,0.005506818568322691,0.00976218728912337,-0.010513190879140155,True,0.01877346647501832,0.02377974329904764,-0.010513190879140155,True,0.004755910465094271,0.025031288633357685,-0.010513190879140155,True,-0.029286657354158474,0.025031288633357685,-0.04856076106025853,True,-0.010763461751286951,0.027534379301978218,-0.04856076106025853,True,20,True,False,True,False,True,False,,6,STOP_BEFORE_TARGET,False,True,False,True,False,,6,STOP_BEFORE_TARGET,2024-08-29,2024-09-03,2024-09-05,2024-09-12,2024-09-26
BAC|2024-08-29T00:00:00|Long,BAC,2024-08-29,Long,0.014438682038653283,0.017177059319352317,-0.0009956958589308895,True,0.008215131842097101,0.01941754118866612,-0.0009956958589308895,True,-0.03510081931002318,0.01941754118866612,-0.040079583496196336,True,-0.03783910162688253,0.01941754118866612,-0.053771469899691615,True,-0.019168451037214096,0.02190692328175281,-0.053771469899691615,True,20,True,False,True,False,True,False,,5,STOP_BEFORE_TARGET,False,True,False,True,False,,5,STOP_BEFORE_TARGET,2024-08-30,2024-09-04,2024-09-06,2024-09-13,2024-09-27
BAC|2024-08-30T00:00:00|Long,BAC,2024-08-30,Long,-0.00122697514259007,0.003681019039973199,-0.012760747429783392,True,-0.01496934013132667,0.004907994182563158,-0.018159550391823265,True,-0.03141101298888038,0.004907994182563158,-0.05374229758795057,True,-0.040490834990893454,0.004907994182563158,-0.0672393049930502,True,-0.02625766122268025,0.00736194446774352,-0.0672393049930502,True,20,True,False,True,False,True,False,,4,STOP_BEFORE_TARGET,False,True,False,True,False,,4,STOP_BEFORE_TARGET,2024-09-03,2024-09-05,2024-09-09,2024-09-16,2024-09-30
BAC|2024-09-03T00:00:00|Long,BAC,2024-09-03,Long,-0.0049140235673305055,0.006142506027362105,-0.01031945886411434,True,-0.04766590675774074,0.006142506027362105,-0.05257983659786747,True,-0.03488948297356298,0.006142506027362105,-0.058230930895776245,True,-0.028255565216747436,0.006142506027362105,-0.06609342483982728,True,-0.03636362443471952,0.008599470947425525,-0.06609342483982728,True,20,True,False,True,False,True,False,,3,STOP_BEFORE_TARGET,False,True,False,True,False,,3,STOP_BEFORE_TARGET,2024-09-04,2024-09-06,2024-09-10,2024-09-17,2024-10-01
BAC|2024-09-04T00:00:00|Long,BAC,2024-09-04,Long,-0.008888903959297867,0.010864163622444023,-0.0120988068757234,True,-0.025432068624614224,0.010864163622444023,-0.047901200659481113,True,-0.03703703703703709,0.010864163622444023,-0.061481522925106113,True,-0.021728421434944023,0.010864163622444023,-0.061481522925106113,True,-0.03135803599416476,0.013580228075569023,-0.061481522925106113,True,20,True,False,True,False,True,False,,2,STOP_BEFORE_TARGET,False,True,False,True,False,,2,STOP_BEFORE_TARGET,2024-09-05,2024-09-09,2024-09-11,2024-09-18,2024-10-02
BAC|2024-09-05T00:00:00|Long,BAC,2024-09-05,Long,-0.0343796982834812,-0.006477287630459072,-0.039362183367767645,True,-0.02142502798775192,-0.006477287630459072,-0.045092117242545915,True,-0.03388143076809036,-0.006477287630459072,-0.053064302453988854,True,0.01818633665511671,0.02267064925882356,-0.053064302453988854,True,-0.022172381743432612,0.02267064925882356,-0.053064302453988854,True,20,True,False,True,False,True,False,,1,STOP_BEFORE_TARGET,False,True,False,True,False,,1,STOP_BEFORE_TARGET,2024-09-06,2024-09-10,2024-09-12,2024-09-19,2024-10-03
BAC|2024-09-06T00:00:00|Long,BAC,2024-09-06,Long,0.01831792904839924,0.02450982466662488,0.008771934141158066,True,0.006191994036631954,0.0278638255372341,-0.019349846039166008,True,-0.0028378947476163097,0.0278638255372341,-0.019349846039166008,True,0.038957745139828415,0.059081553526671104,-0.019349846039166008,True,0.034829781921542624,0.059081553526671104,-0.019349846039166008,True,20,True,True,False,True,False,False,8,,TARGET_BEFORE_STOP,True,False,True,False,False,9,,TARGET_BEFORE_STOP,2024-09-09,2024-09-11,2024-09-13,2024-09-20,2024-10-04
BAC|2024-09-09T00:00:00|Long,BAC,2024-09-09,Long,-0.004813844325563088,0.009374180908073848,-0.02888267936131894,True,-0.01748169293301982,0.009374180908073848,-0.036990191386265026,True,-0.009374277556088662,0.009374180908073848,-0.036990191386265026,True,0.010134220897156432,0.04003035134259547,-0.036990191386265026,True,0.01241443751241933,0.04003035134259547,-0.036990191386265026,True,20,True,True,True,False,True,False,8,1,STOP_BEFORE_TARGET,False,True,False,True,False,,2,STOP_BEFORE_TARGET,2024-09-10,2024-09-12,2024-09-16,2024-09-23,2024-10-07
BAC|2024-09-10T00:00:00|Long,BAC,2024-09-10,Long,-0.007128278716863168,-0.006364562315917532,-0.03233198821872274,True,-0.01603862711294224,0.0012729901555945666,-0.03233198821872274,True,0.006873738955052611,0.013238301270970254,-0.03233198821872274,True,0.004327952874891183,0.045061112850557805,-0.03233198821872274,True,0.01654790086759106,0.045061112850557805,-0.03233198821872274,True,20,True,True,True,False,True,False,7,1,STOP_BEFORE_TARGET,False,True,False,True,False,,1,STOP_BEFORE_TARGET,2024-09-11,2024-09-13,2024-09-17,2024-09-24,2024-10-08
BAC|2024-09-11T00:00:00|Long,BAC,2024-09-11,Long,-0.0056410569411057265,0.008461585411658756,-0.012051313351362225,True,0.0025640634390025063,0.008461585411658756,-0.014359009571564552,True,0.015897408509865762,0.028717921330378537,-0.014359009571564552,True,0.0064102564102563875,0.052564083001552575,-0.014359009571564552,True,0.030512785300230272,0.052564083001552575,-0.014359009571564552,True,20,True,True,False,True,False,False,6,,TARGET_BEFORE_STOP,True,False,True,False,False,6,,TARGET_BEFORE_STOP,2024-09-12,2024-09-16,2024-09-18,2024-09-25,2024-10-09
BAC|2024-09-12T00:00:00|Long,BAC,2024-09-12,Long,-0.0033521727052597816,0.007993846906888313,-0.008767410090002481,True,0.01985560809699516,0.026302230270007332,-0.008767410090002481,True,0.05389376530108758,0.0585353411350682,-0.008767410090002481,True,0.019082044913881102,0.0585353411350682,-0.008767410090002481,True,0.03068598449883253,0.0585353411350682,-0.008767410090002481,True,20,True,True,False,True,False,False,4,,TARGET_BEFORE_STOP,True,False,True,False,False,5,,TARGET_BEFORE_STOP,2024-09-13,2024-09-17,2024-09-19,2024-09-26,2024-10-10
BAC|2024-09-13T00:00:00|Long,BAC,2024-09-13,Long,0.011642870128760086,0.014488940141924589,0.0036222350354810917,True,0.025096956473763088,0.038033566571054056,0.0036222350354810917,True,0.041914589079642406,0.06209566924789578,0.0036222350354810917,True,0.019404915145936563,0.06209566924789578,0.0036222350354810917,True,0.08538160690242047,0.091073648230247,0.002069806292345433,True,20,True,True,False,True,False,False,3,,TARGET_BEFORE_STOP,True,False,True,False,False,4,,TARGET_BEFORE_STOP,2024-09-16,2024-09-18,2024-09-20,2024-09-27,2024-10-11
BAC|2024-09-16T00:00:00|Long,BAC,2024-09-16,Long,0.011508971368305643,0.017902833510409444,0.0028133149525406687,True,0.045268555673606325,0.04987214422092845,0.0028133149525406687,True,0.01969310710519112,0.04987214422092845,0.0028133149525406687,True,0.014833806999725807,0.04987214422092845,-0.004092067868442739,True,0.07186704559978074,0.07877242842076404,-0.009462888652787438,True,20,True,True,False,True,False,False,3,,TARGET_BEFORE_STOP,True,False,True,False,False,19,,TARGET_BEFORE_STOP,2024-09-17,2024-09-19,2024-09-23,2024-09-30,2024-10-14
BAC|2024-09-17T00:00:00|Long,BAC,2024-09-17,Long,0.001769903822365304,0.014412129097845838,-0.0032870055783317254,True,0.01820483526149963,0.03792667582644138,-0.0032870055783317254,True,-0.0025284064740863643,0.03792667582644138,-0.007585315874783394,True,-0.008343818526504454,0.03792667582644138,-0.015423530268490082,True,0.06548673078508971,0.09633379132206987,-0.020733241735585994,True,20,True,True,True,True,False,False,2,12,TARGET_BEFORE_STOP,True,False,True,False,False,18,,TARGET_BEFORE_STOP,2024-09-18,2024-09-20,2024-09-24,2024-10-01,2024-10-15
BAC|2024-09-18T00:00:00|Long,BAC,2024-09-18,Long,0.03154972321299199,0.03609289105823188,0.009843498237315229,True,0.006309944642598486,0.03609289105823188,0.003281198173143096,True,-0.009338691112053654,0.03609289105823188,-0.017163057130436754,True,-0.009843498237315229,0.03609289105823188,-0.017163057130436754,True,0.08026250355642062,0.09439681421740209,-0.02246338752251198,True,20,True,True,True,True,False,False,1,11,TARGET_BEFORE_STOP,True,False,True,False,False,17,,TARGET_BEFORE_STOP,2024-09-19,2024-09-23,2024-09-25,2024-10-02,2024-10-16
BAC|2024-09-19T00:00:00|Long,BAC,2024-09-19,Long,-0.014680657934957875,-0.003425480629000388,-0.015414662830501746,True,-0.03474426733682878,-0.003425480629000388,-0.039637851094263765,True,-0.03303152702232859,-0.003425480629000388,-0.04722291058515515,True,-0.039637851094263765,-0.003425480629000388,-0.052361131528655736,True,0.04232932682772028,0.060924926438503446,-0.052361131528655736,True,20,True,True,True,False,True,False,16,2,STOP_BEFORE_TARGET,True,True,False,True,False,18,3,STOP_BEFORE_TARGET,2024-09-20,2024-09-24,2024-09-26,2024-10-03,2024-10-17
BAC|2024-09-20T00:00:00|Long,BAC,2024-09-20,Long,-0.009932990348446635,0.004221459324879051,-0.012912849561773965,True,-0.025329040133324043,0.004221459324879051,-0.03302711238977096,True,-0.021604145070652447,0.004221459324879051,-0.03302711238977096,True,-0.0039731771937753235,0.004221459324879051,-0.03824188969509801,True,0.0509063623977517,0.07673206152129963,-0.03824188969509801,True,20,True,True,True,False,True,False,15,2,STOP_BEFORE_TARGET,True,True,False,True,False,17,3,STOP_BEFORE_TARGET,2024-09-23,2024-09-25,2024-09-27,2024-10-04,2024-10-18
BAC|2024-09-23T00:00:00|Long,BAC,2024-09-23,Long,-0.010534190624455486,0.002758982024039902,-0.015550512879220046,True,-0.008778492187046294,0.002758982024039902,-0.02332581715802462,True,-0.004765453518912444,0.002758982024039902,-0.02332581715802462,True,0.002257340230724658,0.01429645623512621,-0.02859291247025242,True,0.04740404916682772,0.08753453152655544,-0.02859291247025242,True,20,True,True,True,False,True,False,14,2,STOP_BEFORE_TARGET,True,False,True,False,False,14,,TARGET_BEFORE_STOP,2024-09-24,2024-09-26,2024-09-30,2024-10-07,2024-10-21
BAC|2024-09-24T00:00:00|Long,BAC,2024-09-24,Long,-0.005069727733119311,-0.0010139648860265638,-0.01292781055430503,True,-0.001267407759026451,0.011406863225265074,-0.01292781055430503,True,-0.0058301530491324804,0.011406863225265074,-0.01292781055430503,True,0.012167288541278243,0.025095002398569433,-0.018250981160424118,True,0.07224330593165584,0.09911279522927874,-0.018250981160424118,True,20,True,True,False,True,False,False,13,,TARGET_BEFORE_STOP,True,False,True,False,False,13,,TARGET_BEFORE_STOP,2024-09-25,2024-09-27,2024-10-01,2024-10-08,2024-10-22
BAC|2024-09-25T00:00:00|Long,BAC,2024-09-25,Long,0.006878992554488539,0.011974553393710119,-0.0035668634305334734,True,0.010955421787917974,0.016560548430035738,-0.005859860948696283,True,-0.0005095658028960726,0.016560548430035738,-0.007898124160280684,True,0.023949009597681092,0.030318436349273448,-0.013248419306080783,True,0.07872611853727118,0.10471339134653657,-0.013248419306080783,True,20,True,True,False,True,False,False,8,,TARGET_BEFORE_STOP,True,False,True,False,False,12,,TARGET_BEFORE_STOP,2024-09-26,2024-09-30,2024-10-02,2024-10-09,2024-10-23
BAC|2024-09-26T00:00:00|Long,BAC,2024-09-26,Long,-0.0030364101845852254,0.0096154115312157,-0.004301669576756817,True,-0.007591073724332764,0.0096154115312157,-0.014676159522684085,True,-0.006831995309621308,0.0096154115312157,-0.01998990147714308,True,0.011386658849368736,0.023279305624718916,-0.01998990147714308,True,0.07920043096812135,0.09716599463838138,-0.01998990147714308,True,20,True,True,False,True,False,False,11,,TARGET_BEFORE_STOP,True,False,True,False,False,11,,TARGET_BEFORE_STOP,2024-09-27,2024-10-01,2024-10-03,2024-10-10,2024-10-24
BAC|2024-09-27T00:00:00|Long,BAC,2024-09-27,Long,0.00710656772723639,0.00989846128285743,-0.009644696786766382,True,-0.004314770991339034,0.00989846128285743,-0.011675200034390376,True,0.018020280633905816,0.021573564497524123,-0.017005125829817613,True,0.06472079031229594,0.07030448060381422,-0.017005125829817613,True,0.06319791287657783,0.10050758708401641,-0.017005125829817613,True,20,True,True,False,True,False,False,10,,TARGET_BEFORE_STOP,True,False,True,False,False,10,,TARGET_BEFORE_STOP,2024-09-30,2024-10-02,2024-10-04,2024-10-11,2024-10-25
BAC|2024-09-30T00:00:00|Long,BAC,2024-09-30,Long,-0.011592718773559496,-0.003024166606901746,-0.018649235705027745,True,-0.0108367011559648,-0.003024166606901746,-0.023941551301236652,True,0.007056420794945284,0.019153183359075454,-0.023941551301236652,True,0.05619958480558407,0.06300403177350544,-0.023941551301236652,True,0.07409270675649404,0.0927419424615219,-0.023941551301236652,True,20,True,True,True,False,True,False,9,3,STOP_BEFORE_TARGET,True,False,True,False,False,9,,TARGET_BEFORE_STOP,2024-10-01,2024-10-03,2024-10-07,2024-10-14,2024-10-28
BAC|2024-10-01T00:00:00|Long,BAC,2024-10-01,Long,0.0002549291489548633,0.008159094463650929,-0.004334573644858453,True,0.022692487556033925,0.026262079225871204,-0.012493668108509381,True,0.018102984762220498,0.031106511168639495,-0.012493668108509381,True,0.07445176129683362,0.10555836972955146,-0.012493668108509381,True,0.08439565159540319,0.10555836972955146,-0.012493668108509381,True,20,True,True,False,True,False,False,4,,TARGET_BEFORE_STOP,True,False,True,False,False,8,,TARGET_BEFORE_STOP,2024-10-02,2024-10-04,2024-10-08,2024-10-15,2024-10-29
BAC|2024-10-02T00:00:00|Long,BAC,2024-10-02,Long,0.0005098255925835016,0.0010196511851670031,-0.012745348096720788,True,0.01860819655249779,0.030843719056635077,-0.012745348096720788,True,0.024471045008274572,0.030843719056635077,-0.012745348096720788,True,0.09100177763144335,0.10527660250591486,-0.012745348096720788,True,0.07851139095065895,0.10527660250591486,-0.012745348096720788,True,20,True,True,False,True,False,False,3,,TARGET_BEFORE_STOP,True,False,True,False,False,7,,TARGET_BEFORE_STOP,2024-10-03,2024-10-07,2024-10-09,2024-10-16,2024-10-30
BAC|2024-10-03T00:00:00|Long,BAC,2024-10-03,Long,0.021910843575835948,0.02547770700636942,0.009426724379229645,True,0.01732484853951033,0.030318436349273448,0.009426724379229645,True,0.018343980145302474,0.030318436349273448,0.009426724379229645,True,0.08535027959544195,0.10471339134653657,0.009426724379229645,True,0.06547769923119029,0.10471339134653657,0.009426724379229645,True,20,True,True,False,True,False,False,2,,TARGET_BEFORE_STOP,True,False,True,False,False,6,,TARGET_BEFORE_STOP,2024-10-04,2024-10-08,2024-10-10,2024-10-17,2024-10-31
BAC|2024-10-04T00:00:00|Long,BAC,2024-10-04,Long,-0.0037397537670491587,0.008227325139263497,-0.009972613308205092,True,0.0019944655981076753,0.008227325139263497,-0.009972613308205092,True,0.04587385002714317,0.05135870175135593,-0.009972613308205092,True,0.05509845551840509,0.08102717403502702,-0.009972613308205092,True,0.041136815908095814,0.08102717403502702,-0.009972613308205092,True,20,True,True,False,True,False,False,5,,TARGET_BEFORE_STOP,True,False,True,False,False,5,,TARGET_BEFORE_STOP,2024-10-07,2024-10-09,2024-10-11,2024-10-18,2024-11-01
BAC|2024-10-07T00:00:00|Long,BAC,2024-10-07,Long,-0.0007507202198243634,0.004754815959945313,-0.003753696562018294,True,0.0002503037152059573,0.010760768644333396,-0.006005952684387972,True,0.048798819009411964,0.05555558737652122,-0.006005952684387972,True,0.04504502698449708,0.08508512521963629,-0.006005952684387972,True,0.034284353803060386,0.08508512521963629,-0.006005952684387972,True,20,True,True,False,True,False,False,4,,TARGET_BEFORE_STOP,True,False,True,False,False,4,,TARGET_BEFORE_STOP,2024-10-08,2024-10-10,2024-10-14,2024-10-21,2024-11-04
BAC|2024-10-08T00:00:00|Long,BAC,2024-10-08,Long,0.006511352856150676,0.01152013726413692,-0.00525918063780817,True,0.05058854100489052,0.056098117872520614,-0.00525918063780817,True,0.0553468336484384,0.08590033255599994,-0.00525918063780817,True,0.05935384206790406,0.08590033255599994,-0.00525918063780817,True,0.04883548079228772,0.08590033255599994,-0.00525918063780817,True,20,True,True,False,True,False,False,3,,TARGET_BEFORE_STOP,True,False,True,False,False,3,,TARGET_BEFORE_STOP,2024-10-09,2024-10-11,2024-10-15,2024-10-22,2024-11-05
BAC|2024-10-09T00:00:00|Long,BAC,2024-10-09,Long,-0.005473934150862503,-0.0014928479881528567,-0.01045031558339482,True,0.04279674743656425,0.04951484813299567,-0.01045031558339482,True,0.06494154514892259,0.07887539417669687,-0.01045031558339482,True,0.053495934295705094,0.07887539417669687,-0.01045031558339482,True,0.1298830902978454,0.1333665288256436,-0.01045031558339482,True,20,True,True,False,True,False,False,2,,TARGET_BEFORE_STOP,True,False,True,False,False,4,,TARGET_BEFORE_STOP,2024-10-10,2024-10-14,2024-10-16,2024-10-23,2024-11-06
BAC|2024-10-10T00:00:00|Long,BAC,2024-10-10,Long,0.04953713989907893,0.05504120292852677,0.0107580758579775,True,0.05429067056974035,0.08481359234716579,0.0107580758579775,True,0.06579927878650449,0.08481359234716579,0.0107580758579775,True,0.06705029330315937,0.08481359234716579,0.0107580758579775,True,0.12009004479525287,0.13960464963576658,0.0107580758579775,True,20,True,True,False,True,False,False,1,,TARGET_BEFORE_STOP,True,False,True,False,False,1,,TARGET_BEFORE_STOP,2024-10-11,2024-10-15,2024-10-17,2024-10-24,2024-11-07
BAC|2024-10-11T00:00:00|Long,BAC,2024-10-11,Long,-0.0009535378974935282,0.005482706509019275,-0.005482706509019164,True,0.020262180182652578,0.03361143794442478,-0.005482706509019164,True,0.00881999821586743,0.03361143794442478,-0.005482706509019164,True,-0.0014303068462402369,0.03361143794442478,-0.009058428157430298,True,0.07580453509753293,0.08581641021807784,-0.020023841175468737,True,20,True,True,True,True,False,False,2,16,TARGET_BEFORE_STOP,True,False,True,False,False,18,,TARGET_BEFORE_STOP,2024-10-14,2024-10-16,2024-10-18,2024-10-25,2024-11-08
BAC|2024-10-14T00:00:00|Long,BAC,2024-10-14,Long,0.005487939467280434,0.034597966313974826,0.003340476978242801,True,0.01646381840184108,0.034597966313974826,0.003340476978242801,True,-0.0035791344887864396,0.034597966313974826,-0.004056267467531627,True,0.016941042401757533,0.034597966313974826,-0.008112625956234298,True,0.09949897396384921,0.10999762889849363,-0.019088504890795055,True,20,True,True,False,True,False,False,1,,TARGET_BEFORE_STOP,True,False,True,False,False,17,,TARGET_BEFORE_STOP,2024-10-15,2024-10-17,2024-10-21,2024-10-28,2024-11-11
BAC|2024-10-15T00:00:00|Long,BAC,2024-10-15,Long,0.015662075390875163,0.022781184109567754,0.00023735492110432688,True,0.004271483336091286,0.022781184109567754,-0.0007118837145556611,True,0.0037968640182612923,0.022781184109567754,-0.01352633372282952,True,0.009254850386738234,0.022781184109567754,-0.01352633372282952,True,0.08827720158004881,0.10393927697092398,-0.024442306459783514,True,20,True,True,True,False,True,False,16,14,STOP_BEFORE_TARGET,True,False,True,False,False,16,,TARGET_BEFORE_STOP,2024-10-16,2024-10-18,2024-10-22,2024-10-29,2024-11-12
BAC|2024-10-16T00:00:00|Long,BAC,2024-10-16,Long,-0.00467291510524781,0.00467291510524781,-0.007710234164482799,True,-0.024299087244534445,0.00467291510524781,-0.024766298539461107,True,-0.010747642352160192,0.00467291510524781,-0.02873830757387652,True,-0.011448548422992588,0.00467291510524781,-0.02873830757387652,True,0.07172896611095969,0.08691591792090447,-0.03948594992603671,True,20,True,True,True,False,True,False,15,3,STOP_BEFORE_TARGET,True,True,False,True,False,15,13,STOP_BEFORE_TARGET,2024-10-17,2024-10-21,2024-10-23,2024-10-30,2024-11-13
BAC|2024-10-17T00:00:00|Long,BAC,2024-10-17,Long,-0.00657274153347609,0.0011737805997384942,-0.01150229768358324,True,-0.007042235863993995,0.0011737805997384942,-0.024178375966904864,True,0.0011737805997384942,0.0014084829915537167,-0.024178375966904864,True,-0.018309831155762013,0.008920213186065729,-0.024178375966904864,True,0.07746486314459666,0.09201882920310256,-0.034976476928154976,True,20,True,True,True,False,True,False,14,2,STOP_BEFORE_TARGET,True,True,False,True,False,14,12,STOP_BEFORE_TARGET,2024-10-18,2024-10-22,2024-10-24,2024-10-31,2024-11-14
BAC|2024-10-18T00:00:00|Long,BAC,2024-10-18,Long,-0.013232546723281335,0.002126657685181721,-0.013705057196121806,True,0.0004726006121904547,0.003544459521753085,-0.017722117330065235,True,-0.010160687813718705,0.015595459644883514,-0.017722117330065235,True,-0.013232546723281335,0.015595459644883514,-0.017722117330065235,True,0.10467864690739992,0.10680530459258186,-0.02859166099239463,True,20,True,True,True,False,True,False,13,11,STOP_BEFORE_TARGET,True,False,True,False,False,13,,TARGET_BEFORE_STOP,2024-10-21,2024-10-23,2024-10-25,2024-11-01,2024-11-15
BAC|2024-10-21T00:00:00|Long,BAC,2024-10-21,Long,0.012931056926046347,0.015565171264476207,-0.004549775726667482,True,0.021312338125425212,0.02155176154341043,-0.004549775726667482,True,0.02059388517523253,0.029214589792596835,-0.004549775726667482,True,-0.010296851239498084,0.029214589792596835,-0.015565079916358027,True,0.11877402055862474,0.1259579106237223,-0.015565079916358027,True,20,True,True,False,True,False,False,12,,TARGET_BEFORE_STOP,True,False,True,False,False,12,,TARGET_BEFORE_STOP,2024-10-22,2024-10-24,2024-10-28,2024-11-04,2024-11-18
BAC|2024-10-22T00:00:00|Long,BAC,2024-10-22,Long,0.0009456481382699167,0.004018959496661978,-0.006619356603948967,True,-0.00969266796234114,0.016075657622707684,-0.012056698126045706,True,0.005437341522096739,0.016075657622707684,-0.012056698126045706,True,-0.009929034905923562,0.016075657622707684,-0.02813235574875339,True,0.09716313674896337,0.11158395522068387,-0.02813235574875339,True,20,True,True,True,False,True,False,11,9,STOP_BEFORE_TARGET,True,False,True,False,False,11,,TARGET_BEFORE_STOP,2024-10-23,2024-10-25,2024-10-29,2024-11-05,2024-11-19
BAC|2024-10-23T00:00:00|Long,BAC,2024-10-23,Long,0.0073217140333918795,0.007557857668185619,-0.008738756035695294,True,0.006613102935469906,0.015115715336371238,-0.01299006223614596,True,-0.0007085210011517074,0.015115715336371238,-0.01653284743544503,True,0.0725082589456858,0.07581481041342064,-0.029050532305233134,True,0.08786020801362127,0.11053378101817812,-0.029050532305233134,True,20,True,True,True,False,True,False,10,8,STOP_BEFORE_TARGET,True,False,True,False,False,10,,TARGET_BEFORE_STOP,2024-10-24,2024-10-28,2024-10-30,2024-11-06,2024-11-20
BAC|2024-10-24T00:00:00|Long,BAC,2024-10-24,Long,-0.017819510176789066,0.007737350634259288,-0.02016414020125501,True,-0.002813663359641727,0.007737350634259288,-0.02016414020125501,True,-0.01946076908229566,0.007737350634259288,-0.023681174679856087,True,0.0497068899422759,0.06799525457043654,-0.03610787480494959,True,0.08933170978392457,0.10316524158883889,-0.03610787480494959,True,20,True,True,True,False,True,False,9,1,STOP_BEFORE_TARGET,True,True,False,True,False,9,7,STOP_BEFORE_TARGET,2024-10-25,2024-10-29,2024-10-31,2024-11-07,2024-11-21
BAC|2024-10-25T00:00:00|Long,BAC,2024-10-25,Long,0.01742658278521536,0.020529974286991326,0.0028646200437620895,True,0.010026306750110958,0.02411081764016587,-0.0059680115455379434,True,-0.003103391501775965,0.02411081764016587,-0.0059680115455379434,True,0.07734546969860889,0.08737168538409068,-0.018620166881397116,True,0.1219861705611367,0.12723804986189147,-0.018620166881397116,True,20,True,True,False,True,False,False,8,,TARGET_BEFORE_STOP,True,False,True,False,False,8,,TARGET_BEFORE_STOP,2024-10-28,2024-10-30,2024-11-01,2024-11-08,2024-11-22
BAC|2024-10-28T00:00:00|Long,BAC,2024-10-28,Long,-0.002111688288207847,0.00445805833336399,-0.0035194208104361024,True,-0.018770512836921993,0.006569746621571726,-0.022993889413337687,True,-0.030267412791158188,0.006569746621571726,-0.03542933738563625,True,0.08118261346509414,0.09150637314918475,-0.03542933738563625,True,0.11450026256252244,0.1201314611660318,-0.03542933738563625,True,20,True,True,True,False,True,False,7,2,STOP_BEFORE_TARGET,True,True,False,True,False,7,5,STOP_BEFORE_TARGET,2024-10-29,2024-10-31,2024-11-04,2024-11-11,2024-11-25
BAC|2024-10-29T00:00:00|Long,BAC,2024-10-29,Long,-0.005172758342822936,0.008699806188617654,-0.020926391140215106,True,-0.018104878435559635,0.008699806188617654,-0.020926391140215106,True,-0.015283276036632598,0.008699806188617654,-0.03338815447219223,True,0.07829771753192927,0.09381617194894165,-0.03338815447219223,True,0.12273692383090684,0.12485308078296642,-0.03338815447219223,True,20,True,True,True,False,True,False,6,1,STOP_BEFORE_TARGET,True,True,False,True,False,6,4,STOP_BEFORE_TARGET,2024-10-30,2024-11-01,2024-11-05,2024-11-12,2024-11-26
BAC|2024-10-30T00:00:00|Long,BAC,2024-10-30,Long,-0.011581225775523563,0.005672367194037298,-0.01205393806846855,True,-0.02316236139039629,0.005672367194037298,-0.028362106452139657,True,0.07326869235409728,0.07657758824406091,-0.028362106452139657,True,0.08414080460987794,0.09950363856831013,-0.028362106452139657,True,0.12904748067248661,0.13401082450743207,-0.028362106452139657,True,20,True,True,True,False,True,False,5,3,STOP_BEFORE_TARGET,True,False,True,False,False,5,,TARGET_BEFORE_STOP,2024-10-31,2024-11-04,2024-11-06,2024-11-13,2024-11-27
BAC|2024-10-31T00:00:00|Long,BAC,2024-10-31,Long,-0.0014347530781652074,0.014586337034982355,-0.001673832982664547,True,0.0014347530781650963,0.014586337034982355,-0.016977500948201274,True,0.07054043004463617,0.08919176397550199,-0.016977500948201274,True,0.09756102010588119,0.11238643704536289,-0.016977500948201274,True,0.13605926992422224,0.14968919612415088,-0.016977500948201274,True,20,True,True,False,True,False,False,4,,TARGET_BEFORE_STOP,True,False,True,False,False,4,,TARGET_BEFORE_STOP,2024-11-01,2024-11-05,2024-11-07,2024-11-14,2024-11-29
BAC|2024-11-01T00:00:00|Long,BAC,2024-11-01,Long,-0.010296851239498084,0.006226105045037844,-0.015565079916358027,True,0.08740425461168688,0.09075673055219124,-0.015565079916358027,True,0.08069930273067838,0.09075673055219124,-0.015565079916358027,True,0.11949238216069902,0.12164755831504004,-0.015565079916358027,True,0.12643684880781114,0.15134108629172593,-0.015565079916358027,True,20,True,True,False,True,False,False,3,,TARGET_BEFORE_STOP,True,False,True,False,False,3,,TARGET_BEFORE_STOP,2024-11-04,2024-11-06,2024-11-08,2024-11-15,2024-12-02
BAC|2024-11-04T00:00:00|Long,BAC,2024-11-04,Long,0.013307505751119608,0.016452854109664683,0.0012097564685560336,True,0.08323248183657772,0.10210494118185642,0.0012097564685560336,True,0.11492861818435562,0.1255746043255508,0.0012097564685560336,True,0.13041372249827687,0.13767235360811458,0.0012097564685560336,True,0.13283323543538872,0.1633196153146106,0.0012097564685560336,True,20,True,True,False,True,False,False,2,,TARGET_BEFORE_STOP,True,False,True,False,False,2,,TARGET_BEFORE_STOP,2024-11-05,2024-11-07,2024-11-11,2024-11-18,2024-12-03
BAC|2024-11-05T00:00:00|Long,BAC,2024-11-05,Long,0.08428841187361846,0.08763128164625122,0.050620794599234076,True,0.0776026723283525,0.08763128164625122,0.050620794599234076,True,0.09503341549020261,0.11079272376573646,0.050620794599234076,True,0.10816615720541911,0.12273159643163689,0.050620794599234076,True,0.10721102553141848,0.14804203927443882,0.050620794599234076,True,20,True,True,False,True,False,False,1,,TARGET_BEFORE_STOP,True,False,True,False,False,1,,TARGET_BEFORE_STOP,2024-11-06,2024-11-08,2024-11-12,2024-11-19,2024-12-04
BAC|2024-11-06T00:00:00|Long,BAC,2024-11-06,Long,-0.014093798542148872,-0.003963891340687531,-0.019819456703437877,True,0.014754503102707206,0.024443968599018095,-0.019819456703437877,True,0.010129907201461341,0.024443968599018095,-0.019819456703437877,True,0.014314061397556976,0.03545475921078012,-0.019819456703437877,True,0.03501431750562989,0.058797665549755296,-0.019819456703437877,True,20,True,True,False,True,False,False,7,,TARGET_BEFORE_STOP,True,False,True,False,False,13,,TARGET_BEFORE_STOP,2024-11-07,2024-11-11,2024-11-13,2024-11-20,2024-12-05
BAC|2024-11-07T00:00:00|Long,BAC,2024-11-07,Long,0.008041112501019354,0.016305551368600346,0.004020556250509566,True,0.0243466638696197,0.039088675052638466,0.004020556250509566,True,0.025240139748966106,0.039088675052638466,0.004020556250509566,True,0.037748461233618746,0.05092693223105593,0.004020556250509566,True,0.04422603354905652,0.0739334674882055,0.004020556250509566,True,20,True,True,False,True,False,False,2,,TARGET_BEFORE_STOP,True,False,True,False,False,7,,TARGET_BEFORE_STOP,2024-11-08,2024-11-12,2024-11-14,2024-11-21,2024-12-06
BAC|2024-11-08T00:00:00|Long,BAC,2024-11-08,Long,0.021050315542993303,0.030799897113906516,0.009971210996876811,True,0.016397027393211028,0.030799897113906516,0.009971210996876811,True,0.035896275061896965,0.03789051726127224,0.009971210996876811,True,0.0414358273349551,0.04631066038384146,0.009971210996876811,True,0.01728337604334662,0.06536673372745949,0.009971210996876811,True,20,True,True,False,True,False,False,1,,TARGET_BEFORE_STOP,True,False,True,False,False,11,,TARGET_BEFORE_STOP,2024-11-11,2024-11-13,2024-11-15,2024-11-22,2024-12-09
BAC|2024-11-11T00:00:00|Long,BAC,2024-11-11,Long,-0.004774331856793879,0.00802949039024159,-0.005208369551432002,True,-0.0039062564675176326,0.008680505540086036,-0.007595535479828941,True,0.013888875091518038,0.020399274942638712,-0.00998270140822588,True,0.03081593126127724,0.03602430081270924,-0.00998270140822588,True,-0.007161497785190818,0.043402776053106384,-0.010633716558070327,True,20,True,True,False,True,False,False,10,,TARGET_BEFORE_STOP,False,False,False,False,True,,,NEITHER,2024-11-12,2024-11-14,2024-11-18,2024-11-25,2024-12-10
BAC|2024-11-12T00:00:00|Long,BAC,2024-11-12,Long,0.00021801834714652024,0.013519383419825282,-0.000654138222800249,True,0.019406876969110698,0.021369374818872577,-0.005233355326485167,True,0.011993005445717353,0.025294370518396114,-0.005233355326485167,True,0.041212371663637226,0.043174869513399106,-0.005233355326485167,True,0.0047972354508314385,0.04840822483988427,-0.008504129621847545,True,20,True,True,False,True,False,False,9,,TARGET_BEFORE_STOP,False,False,False,False,True,,,NEITHER,2024-11-13,2024-11-15,2024-11-19,2024-11-26,2024-12-11
BAC|2024-11-13T00:00:00|Long,BAC,2024-11-13,Long,0.000654078802981628,0.0063222350617009315,-0.0030520905364818107,True,0.018530680370858033,0.025070886258066416,-0.0054501854332118516,True,0.00414219415370809,0.025070886258066416,-0.0054501854332118516,True,0.04142144255770175,0.04599957836242452,-0.0054501854332118516,True,0.00457821896795263,0.04817970243364722,-0.008720246795201003,True,20,True,True,False,True,False,False,8,,TARGET_BEFORE_STOP,False,False,False,False,True,,,NEITHER,2024-11-14,2024-11-18,2024-11-20,2024-11-27,2024-12-12
BAC|2024-11-14T00:00:00|Long,BAC,2024-11-14,Long,0.018518484659349133,0.020479272232245993,-0.006100274176162546,True,0.011111074173835389,0.024400847378039714,-0.006100274176162546,True,0.012200382134584853,0.02505441553271548,-0.006100274176162546,True,0.03507618174580163,0.04749455844672856,-0.006100274176162546,True,-0.005010966215413193,0.04749455844672856,-0.011328985631307464,True,20,True,True,False,True,False,False,7,,TARGET_BEFORE_STOP,False,False,False,False,True,,,NEITHER,2024-11-15,2024-11-19,2024-11-21,2024-11-29,2024-12-13
BAC|2024-11-15T00:00:00|Long,BAC,2024-11-15,Long,-0.0006416851186497041,0.005775410861255104,-0.005561461423170155,True,-0.014759328913561132,0.005775410861255104,-0.01775404986213236,True,0.005347593582887722,0.01005350204712574,-0.01775404986213236,True,0.006203228139622263,0.028449237027907692,-0.01775404986213236,True,-0.027379653033088203,0.028449237027907692,-0.03401069845107785,True,20,True,False,True,False,True,False,,16,STOP_BEFORE_TARGET,False,True,False,True,False,,20,STOP_BEFORE_TARGET,2024-11-18,2024-11-20,2024-11-22,2024-12-02,2024-12-16
BAC|2024-11-18T00:00:00|Long,BAC,2024-11-18,Long,-0.006635303193306519,-0.0021404598930970797,-0.01648117375096425,True,-0.005565114071856114,0.0070633135217297305,-0.017123352543991444,True,0.016695178915175912,0.021832201008412655,-0.017123352543991444,True,0.002140378242900809,0.029109601344550207,-0.017123352543991444,True,-0.035744904537856614,0.029109601344550207,-0.044948677952683425,True,20,True,False,True,False,True,False,,15,STOP_BEFORE_TARGET,False,True,False,True,False,,19,STOP_BEFORE_TARGET,2024-11-19,2024-11-21,2024-11-25,2024-12-03,2024-12-17
BAC|2024-11-19T00:00:00|Long,BAC,2024-11-19,Long,-0.0075414452762729844,0.004955818638063381,-0.010558105582370914,True,0.01271278074828075,0.017453164747988748,-0.010558105582370914,True,0.028873091079370194,0.030812331606924648,-0.010558105582370914,True,-0.0008619029445994242,0.03598366707893241,-0.010558105582370914,True,-0.06270200079680399,0.03598366707893241,-0.06593409574125753,True,20,True,True,True,True,False,False,5,15,TARGET_BEFORE_STOP,False,True,False,True,False,,19,STOP_BEFORE_TARGET,2024-11-20,2024-11-22,2024-11-26,2024-12-04,2024-12-18
BAC|2024-11-20T00:00:00|Long,BAC,2024-11-20,Long,0.008684274842718276,0.021493656844387532,0.00521054834159651,True,0.031263538510096556,0.036474169671865564,0.004776322176434533,True,0.03712546750952206,0.041684718013462074,0.004776322176434533,True,0.020408132841569282,0.04385584883927107,0.0015197501679800052,True,-0.05818498100892033,0.04385584883927107,-0.05970473117690034,True,20,True,True,True,True,False,False,3,18,TARGET_BEFORE_STOP,False,True,False,True,False,,18,STOP_BEFORE_TARGET,2024-11-21,2024-11-25,2024-11-27,2024-12-05,2024-12-19
BAC|2024-11-21T00:00:00|Long,BAC,2024-11-21,Long,0.011622921355326055,0.016358203857228748,-0.0038743071184420552,True,0.02776584031312379,0.029702993872344763,-0.0038743071184420552,True,0.02260007011949061,0.03486876406597794,-0.0038743071184420552,True,0.006241948369393402,0.03486876406597794,-0.007102841645722502,True,-0.04928973225685407,0.03486876406597794,-0.07232029006807505,True,20,True,True,True,True,False,False,4,13,TARGET_BEFORE_STOP,False,True,False,True,False,,17,STOP_BEFORE_TARGET,2024-11-22,2024-11-26,2024-11-29,2024-12-06,2024-12-20
BAC|2024-11-22T00:00:00|Long,BAC,2024-11-22,Long,0.010638297872340496,0.015744716563123262,0.0034042520725980907,True,0.016382988463056858,0.020851054090134546,0.0034042520725980907,True,0.0008510833090924486,0.022978762362865668,-0.0031915218272107193,True,-0.02319149260825304,0.022978762362865668,-0.0234042228536403,True,-0.06617022575216092,0.022978762362865668,-0.08978726001496007,True,20,True,False,True,False,True,False,,10,STOP_BEFORE_TARGET,False,True,False,True,False,,12,STOP_BEFORE_TARGET,2024-11-25,2024-11-27,2024-12-02,2024-12-09,2024-12-23
BAC|2024-11-25T00:00:00|Long,BAC,2024-11-25,Long,0.0052631578947368585,0.007157897949218839,-0.0061052824321545796,True,0.00021049097964631613,0.012210564864309159,-0.0061052824321545796,True,-0.014315795898437456,0.012210564864309159,-0.01789470471833876,True,-0.0368421052631579,0.012210564864309159,-0.040210523103412776,True,-0.06568418803967924,0.012210564864309159,-0.09936844675164469,True,20,True,False,True,False,True,False,,6,STOP_BEFORE_TARGET,False,True,False,True,False,,9,STOP_BEFORE_TARGET,2024-11-26,2024-11-29,2024-12-03,2024-12-10,2024-12-24
BAC|2024-11-26T00:00:00|Long,BAC,2024-11-26,Long,0.00041885775421302007,0.004816744340027768,-0.002094208882117199,True,-0.014869090774296434,0.006911033111092868,-0.018848199494846174,True,-0.02890054592911484,0.006911033111092868,-0.03392667920177517,True,-0.03497378364283377,0.006911033111092868,-0.04774866553501311,True,-0.0670157227840723,0.006911033111092868,-0.10408379519797117,True,20,True,False,True,False,True,False,,4,STOP_BEFORE_TARGET,False,True,False,True,False,,5,STOP_BEFORE_TARGET,2024-11-27,2024-12-02,2024-12-04,2024-12-11,2024-12-26
BAC|2024-11-27T00:00:00|Long,BAC,2024-11-27,Long,-0.00544279116053914,0.0064894571974121185,-0.0056520924257138505,True,-0.019886974122585666,0.0064894571974121185,-0.02344565461905368,True,-0.016118912505443173,0.0064894571974121185,-0.03433115708463219,True,-0.03537782312150517,0.0064894571974121185,-0.04814735639565493,True,-0.0718023921353832,0.0064894571974121185,-0.10445889953211862,True,20,True,False,True,False,True,False,,3,STOP_BEFORE_TARGET,False,True,False,True,False,,4,STOP_BEFORE_TARGET,2024-11-29,2024-12-03,2024-12-05,2024-12-12,2024-12-27
BAC|2024-11-29T00:00:00|Long,BAC,2024-11-29,Long,-0.009892599928652102,0.006524971253272227,-0.013891809529131716,True,-0.023994936432817138,0.006524971253272227,-0.02904645973840214,True,-0.01599659752437299,0.006524971253272227,-0.02904645973840214,True,-0.03872869327705153,0.006524971253272227,-0.044832610580257115,True,-0.07577349192389782,0.006524971253272227,-0.09955798167419694,True,20,True,False,True,False,True,False,,3,STOP_BEFORE_TARGET,False,True,False,True,False,,6,STOP_BEFORE_TARGET,2024-12-02,2024-12-04,2024-12-06,2024-12-13,2024-12-30
BAC|2024-12-02T00:00:00|Long,BAC,2024-12-02,Long,-0.004676896607595626,0.009353712120438118,-0.008290803190008078,True,-0.0008503595822452192,0.009353712120438118,-0.019345234474936635,True,-0.02402213108253226,0.009353712120438118,-0.02423468043071697,True,-0.03337584320297027,0.009353712120438118,-0.03996600832324104,True,-0.0656887774755106,0.009353712120438118,-0.09056126814028809,True,20,True,False,True,False,True,False,,5,STOP_BEFORE_TARGET,False,True,False,True,False,,6,STOP_BEFORE_TARGET,2024-12-03,2024-12-05,2024-12-09,2024-12-16,2024-12-31
BAC|2024-12-03T00:00:00|Long,BAC,2024-12-03,Long,-0.009611293589760539,-0.000854355313713584,-0.014737262520428063,True,-0.0014950810610953047,0.008970567842378818,-0.014737262520428063,True,-0.022853475049093297,0.008970567842378818,-0.026270814828140643,True,-0.03780436713585322,0.008970567842378818,-0.046988483068756914,True,-0.05403671071737659,0.008970567842378818,-0.08628793126570544,True,20,True,False,True,False,True,False,,5,STOP_BEFORE_TARGET,False,True,False,True,False,,8,STOP_BEFORE_TARGET,2024-12-04,2024-12-06,2024-12-10,2024-12-17,2025-01-02
BAC|2024-12-04T00:00:00|Long,BAC,2024-12-04,Long,0.01358639384574234,0.01876219035199944,0.0028035598686599883,True,-0.009920187514957046,0.01876219035199944,-0.01013580799724112,True,-0.006253981184171864,0.01876219035199944,-0.01940905179885155,True,-0.06189344399383434,0.01876219035199944,-0.06512832709355687,True,-0.033642389357940394,0.01876219035199944,-0.07742075124611114,True,20,True,False,True,False,True,False,,7,STOP_BEFORE_TARGET,False,True,False,True,False,,9,STOP_BEFORE_TARGET,2024-12-05,2024-12-09,2024-12-11,2024-12-18,2025-01-03
BAC|2024-12-05T00:00:00|Long,BAC,2024-12-05,Long,-0.005319148936170248,0.0012766249636386728,-0.012765924981299914,True,-0.02659574468085102,0.0012766249636386728,-0.02999999675344911,True,-0.019574429126495985,0.0012766249636386728,-0.03255316551695475,True,-0.07702125386988867,0.0012766249636386728,-0.0785106090789146,True,-0.034042520725980685,0.0012766249636386728,-0.08978726001496007,True,20,True,False,True,False,True,False,,2,STOP_BEFORE_TARGET,False,True,False,True,False,,4,STOP_BEFORE_TARGET,2024-12-06,2024-12-10,2024-12-12,2024-12-19,2025-01-06
BAC|2024-12-06T00:00:00|Long,BAC,2024-12-06,Long,-0.017967917702414793,0.0,-0.018181785542697226,True,-0.014331511635193861,0.0,-0.027379653033088203,True,-0.02310164344502008,0.0,-0.02930478998683994,True,-0.0551872049423463,0.0,-0.07807489894928143,True,-0.014331511635193861,0.0,-0.08491981220755351,True,20,True,False,True,False,True,False,,2,STOP_BEFORE_TARGET,False,True,False,True,False,,6,STOP_BEFORE_TARGET,2024-12-09,2024-12-11,2024-12-13,2024-12-20,2025-01-07
BAC|2024-12-09T00:00:00|Long,BAC,2024-12-09,Long,-0.003485076191328429,0.008277087113444104,-0.006970152382656969,True,0.0037029401918449167,0.012197808215034911,-0.009583938753460641,True,-0.009583938753460641,0.012197808215034911,-0.01633631022637172,True,-0.04399913884725348,0.012197808215034911,-0.06817689127680682,True,0.006534507472394591,0.016118529316625718,-0.06817689127680682,True,20,True,False,True,False,True,False,,6,STOP_BEFORE_TARGET,False,True,False,True,False,,7,STOP_BEFORE_TARGET,2024-12-10,2024-12-12,2024-12-16,2024-12-23,2025-01-08
BAC|2024-12-10T00:00:00|Long,BAC,2024-12-10,Long,0.007213154777151676,0.008961745298625257,-0.006120191897199478,True,-0.0017486739028347298,0.015737731600068416,-0.008087408347208003,True,-0.015300563124359678,0.015737731600068416,-0.024699476898693673,True,-0.029945331844475787,0.015737731600068416,-0.06491805946892082,True,-0.013989057697233576,0.019672164500085465,-0.06491805946892082,True,20,True,False,True,False,True,False,,5,STOP_BEFORE_TARGET,False,True,False,True,False,,6,STOP_BEFORE_TARGET,2024-12-11,2024-12-13,2024-12-17,2024-12-24,2025-01-10
BAC|2024-12-11T00:00:00|Long,BAC,2024-12-11,Long,0.0,0.008463528084879712,-0.0034723015571050952,True,-0.013237859941673591,0.008463528084879712,-0.019965320032226286,True,-0.05598962084493553,0.008463528084879712,-0.059244862162608714,True,-0.033203179973899766,0.008463528084879712,-0.07161464671500606,True,-0.022135425721191315,0.012369784552397345,-0.07161464671500606,True,20,True,False,True,False,True,False,,4,STOP_BEFORE_TARGET,False,True,False,True,False,,4,STOP_BEFORE_TARGET,2024-12-12,2024-12-16,2024-12-18,2024-12-26,2025-01-13
BAC|2024-12-12T00:00:00|Long,BAC,2024-12-12,Long,-0.00889764856374331,0.00043395491041264833,-0.015190988175432407,True,-0.022352485960623225,0.00043395491041264833,-0.03168408943477907,True,-0.05859376422853879,0.00043395491041264833,-0.060112854767659485,True,-0.037760451591261845,0.00043395491041264833,-0.07161464671500606,True,-0.006510482635346371,0.012369784552397345,-0.07161464671500606,True,20,True,False,True,False,True,False,,3,STOP_BEFORE_TARGET,False,True,False,True,False,,3,STOP_BEFORE_TARGET,2024-12-13,2024-12-17,2024-12-19,2024-12-27,2025-01-14
BAC|2024-12-13T00:00:00|Long,BAC,2024-12-13,Long,-0.004379175744705477,0.00021900890368931059,-0.011167031792876037,True,-0.04751474175492454,0.00021900890368931059,-0.05079920709087682,True,-0.03284431924983022,0.00021900890368931059,-0.05627326029918189,True,-0.038537297834401185,0.00021900890368931059,-0.06328004172361845,True,0.03131159103369874,0.039194241018045695,-0.06328004172361845,True,20,True,True,True,False,True,False,20,2,STOP_BEFORE_TARGET,False,True,False,True,False,,3,STOP_BEFORE_TARGET,2024-12-16,2024-12-18,2024-12-20,2024-12-30,2025-01-15
BAC|2024-12-16T00:00:00|Long,BAC,2024-12-16,Long,-0.00923690284510803,-0.00615796319500983,-0.01869369399601739,True,-0.045964374235298755,-0.0008797210128318467,-0.04750384406034791,True,-0.03474822495353902,-0.0008797210128318467,-0.05915993774333694,True,-0.033428643434291194,-0.0008797210128318467,-0.05915993774333694,True,0.02573121041423221,0.04486468102185226,-0.05915993774333694,True,20,True,True,True,False,True,False,19,2,STOP_BEFORE_TARGET,False,True,False,True,False,,2,STOP_BEFORE_TARGET,2024-12-17,2024-12-19,2024-12-23,2024-12-31,2025-01-16
BAC|2024-12-17T00:00:00|Long,BAC,2024-12-17,Long,-0.03440619896360475,0.008435095994466124,-0.03773586663106843,True,-0.01953387531672357,0.008435095994466124,-0.04328525629219715,True,-0.01487232364688118,0.008435095994466124,-0.05038846828428467,True,-0.016870107311966143,0.008435095994466124,-0.05038846828428467,True,0.03285237663264606,0.05460597394303468,-0.05038846828428467,True,20,True,True,True,False,True,False,13,1,STOP_BEFORE_TARGET,True,True,False,True,False,18,1,STOP_BEFORE_TARGET,2024-12-18,2024-12-20,2024-12-24,2025-01-02,2025-01-17
BAC|2024-12-18T00:00:00|Long,BAC,2024-12-18,Long,-0.0027585961352819544,0.022528725108881043,-0.00436778452204567,True,0.008965503210308867,0.022528725108881043,-0.01655175220007188,True,0.02413791349564476,0.02482762830010765,-0.01655175220007188,True,0.030114974098643943,0.031034447680944766,-0.01655175220007188,True,0.07264367465315202,0.09218386946053347,-0.01655175220007188,True,20,True,True,False,True,False,False,10,,TARGET_BEFORE_STOP,True,False,True,False,False,11,,TARGET_BEFORE_STOP,2024-12-19,2024-12-23,2024-12-26,2025-01-03,2025-01-21
BAC|2024-12-19T00:00:00|Long,BAC,2024-12-19,Long,0.018211089934959235,0.02351314966917739,-0.006454647005528669,True,0.023052097173298813,0.023974114228284105,-0.013831311066042518,True,0.022129992181541658,0.03227288328055522,-0.013831311066042518,True,0.046565246842476204,0.06385431972245037,-0.013831311066042518,True,0.055555550670179255,0.09520509801124843,-0.013831311066042518,True,20,True,True,False,True,False,False,5,,TARGET_BEFORE_STOP,True,False,True,False,False,10,,TARGET_BEFORE_STOP,2024-12-20,2024-12-24,2024-12-27,2025-01-06,2025-01-22
BAC|2024-12-20T00:00:00|Long,BAC,2024-12-20,Long,-0.00633911684184163,-0.0013583328295433406,-0.03146931055627045,True,0.00860314883106339,0.009282401609824742,-0.03146931055627045,True,-0.005886310443997234,0.013810292860289008,-0.03146931055627045,True,0.04324210417224439,0.056146784236844605,-0.03146931055627045,True,0.050260387428857634,0.07561694116021389,-0.03146931055627045,True,20,True,True,True,False,True,False,9,1,STOP_BEFORE_TARGET,True,True,False,True,False,10,1,STOP_BEFORE_TARGET,2024-12-23,2024-12-26,2024-12-30,2025-01-07,2025-01-23
BAC|2024-12-23T00:00:00|Long,BAC,2024-12-23,Long,0.0111643127200034,0.012075616009734391,0.00091139020468467,True,0.01025292251531873,0.020277954021989508,0.00091139020468467,True,0.001367085307027116,0.020277954021989508,-0.007746642909912671,True,0.05285941506236158,0.06288453348398582,-0.007746642909912671,True,0.05992255877623753,0.08247890139498493,-0.007746642909912671,True,20,True,True,False,True,False,False,8,,TARGET_BEFORE_STOP,True,False,True,False,False,8,,TARGET_BEFORE_STOP,2024-12-24,2024-12-27,2024-12-31,2025-01-08,2025-01-24
BAC|2024-12-24T00:00:00|Long,BAC,2024-12-24,Long,0.0038305129529943027,0.004506551557592164,-0.0060838317094510375,True,-0.010590383267043202,0.00901301715986258,-0.018702158879644548,True,-0.002027943903150309,0.00901301715986258,-0.018702158879644548,True,0.016448840123187702,0.05114917537472863,-0.018702158879644548,True,0.06106352003717386,0.07052720094832776,-0.018702158879644548,True,20,True,True,False,True,False,False,7,,TARGET_BEFORE_STOP,True,False,True,False,False,8,,TARGET_BEFORE_STOP,2024-12-26,2024-12-30,2025-01-02,2025-01-10,2025-01-27
BAC|2024-12-26T00:00:00|Long,BAC,2024-12-26,Long,-0.004713784243972841,0.005162728309207054,-0.010998829902603147,True,-0.013467979447729483,0.005162728309207054,-0.022446689497765737,True,0.005836187220721101,0.006733989723864742,-0.022446689497765737,True,0.01144785959516259,0.04713809932170321,-0.022446689497765737,True,0.05140293950044161,0.06644218036282856,-0.022446689497765737,True,20,True,True,True,False,True,False,6,2,STOP_BEFORE_TARGET,True,False,True,False,False,12,,TARGET_BEFORE_STOP,2024-12-27,2024-12-31,2025-01-03,2025-01-13,2025-01-28
BAC|2024-12-27T00:00:00|Long,BAC,2024-12-27,Long,-0.00969779665530024,-0.004510617100838665,-0.017816890230236804,True,-0.0011276327669933472,0.0056382498678320125,-0.017816890230236804,True,0.023906210411439366,0.040820960014935403,-0.017816890230236804,True,0.03247628826688076,0.05209745975059943,-0.017816890230236804,True,0.0543527252845859,0.07149296702833441,-0.017816890230236804,True,20,True,True,False,True,False,False,5,,TARGET_BEFORE_STOP,True,False,True,False,False,6,,TARGET_BEFORE_STOP,2024-12-30,2025-01-02,2025-01-06,2025-01-14,2025-01-29
BAC|2024-12-30T00:00:00|Long,BAC,2024-12-30,Long,0.0009109750778033554,0.007287626871697261,-0.004554788513651986,True,0.02049650487375132,0.021407393076189773,-0.004554788513651986,True,0.04941931202877181,0.062400402823692636,-0.004554788513651986,True,0.0726485683852034,0.08084717033470379,-0.004554788513651986,True,0.06399456577216611,0.08198584574427548,-0.004554788513651986,True,20,True,True,False,True,False,False,4,,TARGET_BEFORE_STOP,True,False,True,False,False,4,,TARGET_BEFORE_STOP,2024-12-31,2025-01-03,2025-01-07,2025-01-15,2025-01-30
BAC|2024-12-31T00:00:00|Long,BAC,2024-12-31,Long,0.00773606704631935,0.014561988135119996,-0.003413003942548176,True,0.03299205319154752,0.05005689931169677,-0.003413003942548176,True,0.05142203145167934,0.06143346339179612,-0.003413003942548176,True,0.06120588350426859,0.08100108070067868,-0.003413003942548176,True,0.053469816457949015,0.08100108070067868,-0.003413003942548176,True,20,True,True,False,True,False,False,3,,TARGET_BEFORE_STOP,True,False,True,False,False,3,,TARGET_BEFORE_STOP,2025-01-02,2025-01-06,2025-01-08,2025-01-16,2025-01-31
BAC|2025-01-02T00:00:00|Long,BAC,2025-01-02,Long,0.011740809370391458,0.012643882298892128,-0.0031609705747229766,True,0.04041546350250358,0.05328517863101201,-0.0031609705747229766,True,0.018514330049081984,0.05328517863101201,-0.0031609705747229766,True,0.05057570145554502,0.07270258160859466,-0.0031609705747229766,True,0.04335060124761014,0.07270258160859466,-0.0031609705747229766,True,20,True,True,False,True,False,False,2,,TARGET_BEFORE_STOP,True,False,True,False,False,3,,TARGET_BEFORE_STOP,2025-01-03,2025-01-07,2025-01-10,2025-01-17,2025-02-03
BAC|2025-01-03T00:00:00|Long,BAC,2025-01-03,Long,0.013166706862445254,0.029904041765698164,0.006471704796753963,True,0.031242974074446428,0.041062265034533585,0.006471704796753963,True,0.0055791116344177105,0.041062265034533585,-0.0026780348784715136,True,0.041285392042495817,0.06025433754732079,-0.0026780348784715136,True,0.04240119734328185,0.06025433754732079,-0.0026780348784715136,True,20,True,True,False,True,False,False,2,,TARGET_BEFORE_STOP,True,False,True,False,False,7,,TARGET_BEFORE_STOP,2025-01-06,2025-01-08,2025-01-13,2025-01-21,2025-02-04
BAC|2025-01-06T00:00:00|Long,BAC,2025-01-06,Long,0.014977979786810591,0.02753303872220081,0.005506607744440117,True,-0.006387685149350397,0.02753303872220081,-0.014537441084355396,True,0.008369983274149506,0.02753303872220081,-0.015638829852576253,True,0.008590294637460083,0.046475698782775465,-0.015638829852576253,True,0.037665176806170875,0.046475698782775465,-0.015638829852576253,True,20,True,True,False,True,False,False,6,,TARGET_BEFORE_STOP,False,False,False,False,True,,,NEITHER,2025-01-07,2025-01-10,2025-01-14,2025-01-22,2025-02-05
BAC|2025-01-07T00:00:00|Long,BAC,2025-01-07,Long,0.0028211208388095876,0.003906173683292158,-0.008463610869105187,True,-0.022135425721191315,0.003906173683292158,-0.03016499889565838,True,0.02213534293696573,0.029947855872000995,-0.03016499889565838,True,0.00672737730632722,0.031032908716483565,-0.03016499889565838,True,0.03602430081270924,0.04123258757991577,-0.03016499889565838,True,20,True,True,True,False,True,False,6,2,STOP_BEFORE_TARGET,False,True,False,True,False,,3,STOP_BEFORE_TARGET,2025-01-08,2025-01-13,2025-01-15,2025-01-23,2025-02-06
BAC|2025-01-08T00:00:00|Long,BAC,2025-01-08,Long,-0.02380433879927757,-0.0034624507808282967,-0.03181124075156716,True,-0.009305351951852114,-0.0034624507808282967,-0.03289332369353837,True,0.009305351951852003,0.02813242291314766,-0.03289332369353837,True,0.006708534504065389,0.02813242291314766,-0.03289332369353837,True,0.02575205507429046,0.038303408198041344,-0.03289332369353837,True,20,True,True,True,False,True,False,19,1,STOP_BEFORE_TARGET,False,True,False,True,False,,1,STOP_BEFORE_TARGET,2025-01-10,2025-01-14,2025-01-16,2025-01-24,2025-02-07
BAC|2025-01-10T00:00:00|Long,BAC,2025-01-10,Long,-0.0011083847569063332,0.005098637533238026,-0.009310617999552795,True,0.0441143391009593,0.052094844653622685,-0.009310617999552795,True,0.031478566830687615,0.05320322941052913,-0.009310617999552795,True,0.043892695975312535,0.05320322941052913,-0.009310617999552795,True,0.03458207797575974,0.06362223216698815,-0.009310617999552795,True,20,True,True,False,True,False,False,3,,TARGET_BEFORE_STOP,True,False,True,False,False,3,,TARGET_BEFORE_STOP,2025-01-13,2025-01-15,2025-01-17,2025-01-27,2025-02-10
BAC|2025-01-13T00:00:00|Long,BAC,2025-01-13,Long,0.015978637018698283,0.019085591865162455,0.0037727066969437395,True,0.03506431354203099,0.05437187912946673,0.0037727066969437395,True,0.035508176328407304,0.05437187912946673,0.0037727066969437395,True,0.039502856747624326,0.05437187912946673,0.0037727066969437395,True,0.038393242110768666,0.06480244296388582,0.0011096146368558824,True,20,True,True,False,True,False,False,2,,TARGET_BEFORE_STOP,True,False,True,False,False,2,,TARGET_BEFORE_STOP,2025-01-14,2025-01-16,2025-01-21,2025-01-28,2025-02-11
BAC|2025-01-14T00:00:00|Long,BAC,2025-01-14,Long,0.028833545872027466,0.036697255351075375,0.023154246429783143,True,0.01638270030577571,0.037789418706116074,0.0008737640147213899,True,0.00021848266704171948,0.037789418706116074,-0.00043688200736069494,True,0.021188319060021277,0.037789418706116074,-0.00043688200736069494,True,0.009392754841449191,0.048055937562286655,-0.014635172276332709,True,20,True,True,False,True,False,False,1,,TARGET_BEFORE_STOP,False,False,False,False,True,,,NEITHER,2025-01-15,2025-01-17,2025-01-22,2025-01-29,2025-02-12
BAC|2025-01-15T00:00:00|Long,BAC,2025-01-15,Long,-0.009766435230892823,0.00870488026952665,-0.02717619576994601,True,-0.009341797048055933,0.00870488026952665,-0.02717619576994601,True,-0.015074291029176234,0.00870488026952665,-0.02845011031845679,True,-0.008067882499545265,0.00870488026952665,-0.02845011031845679,True,-0.016348124586234913,0.018683675087563856,-0.042250486799122244,True,20,True,False,True,False,True,False,,1,STOP_BEFORE_TARGET,False,True,False,True,False,,12,STOP_BEFORE_TARGET,2025-01-16,2025-01-21,2025-01-23,2025-01-30,2025-02-13
BAC|2025-01-16T00:00:00|Long,BAC,2025-01-16,Long,-0.002358503683342117,0.005145833653678489,-0.012006808874831187,True,-0.01822466735086936,0.01093486584272263,-0.01886794767648614,True,-0.002572875931713625,0.01093486584272263,-0.01886794767648614,True,-0.00728988329839797,0.017152642528509565,-0.01886794767648614,True,0.006861057011403826,0.028730706906597847,-0.03280443394766541,True,20,True,False,True,False,True,False,,11,STOP_BEFORE_TARGET,False,True,False,True,False,,11,STOP_BEFORE_TARGET,2025-01-17,2025-01-22,2025-01-24,2025-01-31,2025-02-14
BAC|2025-01-17T00:00:00|Long,BAC,2025-01-17,Long,0.0027939194396255917,0.013324796106762404,0.00021496102499196645,True,-0.0030087984810076573,0.013324796106762404,-0.016548473629152016,True,0.01203527590764053,0.013324796106762404,-0.016548473629152016,True,-0.006877277094763268,0.019557272110159785,-0.030517906860060506,True,0.0,0.031162707951426283,-0.030517906860060506,True,20,True,True,True,False,True,False,13,10,STOP_BEFORE_TARGET,False,True,False,True,False,,10,STOP_BEFORE_TARGET,2025-01-21,2025-01-23,2025-01-27,2025-02-03,2025-02-18
BAC|2025-01-21T00:00:00|Long,BAC,2025-01-21,Long,-0.018645497958204915,0.0015002077808214942,-0.019288502546551567,True,-0.0030004155616430994,0.004929265816298267,-0.019288502546551567,True,0.0038577005093103356,0.01671664770354986,-0.019288502546551567,True,0.0010715653069879316,0.01671664770354986,-0.03321901504777891,True,-0.013930594256419737,0.028289749231480643,-0.03321901504777891,True,20,True,False,True,False,True,False,,9,STOP_BEFORE_TARGET,False,True,False,True,False,,9,STOP_BEFORE_TARGET,2025-01-22,2025-01-24,2025-01-28,2025-02-04,2025-02-19
BAC|2025-01-22T00:00:00|Long,BAC,2025-01-22,Long,0.013103264077848786,0.024022678578896617,0.005678058884795556,True,0.028390461041019943,0.02948238582942042,0.005678058884795556,True,0.020965255847966713,0.036034017868344925,0.005678058884795556,True,0.028827247618084417,0.036034017868344925,-0.014850410386106683,True,-0.01070106286677619,0.04782700552352148,-0.016379121751571635,True,20,True,True,False,True,False,False,4,,TARGET_BEFORE_STOP,False,False,False,False,True,,,NEITHER,2025-01-23,2025-01-27,2025-01-29,2025-02-05,2025-02-20
BAC|2025-01-23T00:00:00|Long,BAC,2025-01-23,Long,0.0028023511495074427,0.010131520303662711,-0.0051734827964469154,True,0.009700383032121174,0.022634172254264895,-0.0051734827964469154,True,0.007113641633897494,0.022634172254264895,-0.0051734827964469154,True,0.0291011490963633,0.034274631892810214,-0.027592127530454258,True,-0.03405902214152623,0.034274631892810214,-0.03987925196079878,True,20,True,True,True,False,True,False,10,7,STOP_BEFORE_TARGET,False,True,False,True,False,,20,STOP_BEFORE_TARGET,2025-01-24,2025-01-28,2025-01-30,2025-02-06,2025-02-21
BAC|2025-01-24T00:00:00|Long,BAC,2025-01-24,Long,0.012252787816322774,0.013327577940324353,-0.003009445147696077,True,0.004944100171390797,0.01977640068556319,-0.003009445147696077,True,-0.004729174947082582,0.01977640068556319,-0.007738620094778659,True,0.018916617787100076,0.031384330827731066,-0.0303095407037296,True,-0.04428205831943888,0.031384330827731066,-0.04471199076928556,True,20,True,True,True,False,True,False,9,6,STOP_BEFORE_TARGET,False,True,False,True,False,,6,STOP_BEFORE_TARGET,2025-01-27,2025-01-29,2025-01-31,2025-02-07,2025-02-24
BAC|2025-01-27T00:00:00|Long,BAC,2025-01-27,Long,-0.005308982781692784,0.007432543490910604,-0.008069676510594648,True,-0.007857271834483814,0.007432543490910604,-0.014652763314358719,True,-0.018687642073980215,0.007432543490910604,-0.04204713390996906,True,-0.00891913319774107,0.018899965741442593,-0.04204713390996906,True,-0.06689321545278848,0.018899965741442593,-0.07942241805792949,True,20,True,False,True,False,True,False,,5,STOP_BEFORE_TARGET,False,True,False,True,False,,5,STOP_BEFORE_TARGET,2025-01-28,2025-01-30,2025-02-03,2025-02-10,2025-02-25
BAC|2025-01-28T00:00:00|Long,BAC,2025-01-28,Long,-0.0019214379226025757,0.011742084442118772,-0.004269871099229716,True,-0.011528627535615121,0.011742084442118772,-0.01451751287277081,True,-0.0027754284306519272,0.011742084442118772,-0.03693423434245535,True,-0.0010674474145531132,0.024338159392287118,-0.03693423434245535,True,-0.06191292733628828,0.024338159392287118,-0.07450900228645652,True,20,True,False,True,False,True,False,,4,STOP_BEFORE_TARGET,False,True,False,True,False,,4,STOP_BEFORE_TARGET,2025-01-29,2025-01-31,2025-02-04,2025-02-11,2025-02-26
BAC|2025-01-29T00:00:00|Long,BAC,2025-01-29,Long,-0.0006416851186497041,0.008983918052306139,-0.0074865983769217825,True,-0.011550821722509985,0.008983918052306139,-0.03508020084809493,True,0.007700547815006731,0.008983918052306139,-0.03508020084809493,True,-0.011550821722509985,0.026310150636071228,-0.03508020084809493,True,-0.05625670733936328,0.026310150636071228,-0.07272730536639371,True,20,True,False,True,False,True,False,,3,STOP_BEFORE_TARGET,False,True,False,True,False,,3,STOP_BEFORE_TARGET,2025-01-30,2025-02-03,2025-02-05,2025-02-12,2025-02-27
BAC|2025-01-30T00:00:00|Long,BAC,2025-01-30,Long,-0.008989768250615149,0.00235446505730863,-0.011986330450754812,True,-0.00021408681440782118,0.008775681436207439,-0.03446062860199839,True,0.021832201008412655,0.026969141451453016,-0.03446062860199839,True,-0.008347589457587956,0.026969141451453016,-0.03446062860199839,True,-0.013270606386613037,0.026969141451453016,-0.07213190621854426,True,20,True,False,True,False,True,False,,2,STOP_BEFORE_TARGET,False,True,False,True,False,,2,STOP_BEFORE_TARGET,2025-01-31,2025-02-04,2025-02-06,2025-02-13,2025-02-28
BAC|2025-01-31T00:00:00|Long,BAC,2025-01-31,Long,-0.0019438478201064813,0.0038876956402129625,-0.02570191460729998,True,0.017494630380958,0.01792660571774518,-0.02570191460729998,True,0.023758149178064514,0.03628510438140653,-0.02570191460729998,True,0.014254856550490302,0.03628510438140653,-0.02570191460729998,True,-0.015982675506767685,0.03628510438140653,-0.0637149203358548,True,20,True,True,True,False,True,False,4,1,STOP_BEFORE_TARGET,False,True,False,True,False,,14,STOP_BEFORE_TARGET,2025-02-03,2025-02-05,2025-02-07,2025-02-14,2025-03-03
BAC|2025-02-03T00:00:00|Long,BAC,2025-02-03,Long,0.010820169009005953,0.019909153903266752,0.0012984499995625232,True,0.03310977330246789,0.038303408198041344,0.0012984499995625232,True,0.009954535675964271,0.038303408198041344,0.0012984499995625232,True,0.006924901561656593,0.038303408198041344,-0.005842901171023707,True,-0.07660681639608269,0.038303408198041344,-0.09045661951939599,True,20,True,True,True,True,False,False,3,12,TARGET_BEFORE_STOP,False,True,False,True,False,,13,STOP_BEFORE_TARGET,2025-02-04,2025-02-06,2025-02-10,2025-02-18,2025-03-04
BAC|2025-02-04T00:00:00|Long,BAC,2025-02-04,Long,0.008563509606487552,0.008991693253579847,-0.0014986019309832788,True,0.014772049987807012,0.02718904908276576,-0.0014986019309832788,True,0.0017127345883696243,0.02718904908276576,-0.009205744243286018,True,-0.014986100977513184,0.02718904908276576,-0.027617232729858165,True,-0.0946263809800546,0.02718904908276576,-0.10704346174269352,True,20,True,False,True,False,True,False,,10,STOP_BEFORE_TARGET,False,True,False,True,False,,11,STOP_BEFORE_TARGET,2025-02-05,2025-02-07,2025-02-11,2025-02-19,2025-03-05
BAC|2025-02-05T00:00:00|Long,BAC,2025-02-05,Long,0.01337297940889437,0.018467393772302332,0.0012735631037237294,True,-0.009339894623341727,0.018467393772302332,-0.015071090538611553,True,-0.019104256298420608,0.018467393772302332,-0.024835533187946734,True,-0.03842074612270974,0.018467393772302332,-0.04393970851211104,True,-0.11993210470554361,0.018467393772302332,-0.13054556243260917,True,20,True,False,True,False,True,False,,5,STOP_BEFORE_TARGET,False,True,False,True,False,,9,STOP_BEFORE_TARGET,2025-02-06,2025-02-10,2025-02-12,2025-02-20,2025-03-06
BAC|2025-02-06T00:00:00|Long,BAC,2025-02-06,Long,-0.0071219132935482765,0.004817753124212176,-0.007540858770307524,True,-0.019899470664827223,0.004817753124212176,-0.03058238055798934,True,-0.029534976913251576,0.004817753124212176,-0.03770429385153762,True,-0.06137411399583936,0.004817753124212176,-0.06702975807356992,True,-0.13280267971686222,0.004817753124212176,-0.14935066647329487,True,20,True,False,True,False,True,False,,2,STOP_BEFORE_TARGET,False,True,False,True,False,,3,STOP_BEFORE_TARGET,2025-02-07,2025-02-11,2025-02-13,2025-02-21,2025-03-07
BAC|2025-02-07T00:00:00|Long,BAC,2025-02-07,Long,-0.015400914207461258,0.0033755240983432966,-0.02109704573435578,True,-0.025105535930342704,0.0033755240983432966,-0.030801747936079815,True,-0.009282751629575814,0.0033755240983432966,-0.030801747936079815,True,-0.06202536596546526,0.0033755240983432966,-0.062447316537613484,True,-0.15970462977076572,0.0033755240983432966,-0.17341774168963398,True,20,True,False,True,False,True,False,,1,STOP_BEFORE_TARGET,False,True,False,True,False,,3,STOP_BEFORE_TARGET,2025-02-10,2025-02-12,2025-02-14,2025-02-24,2025-03-10
BAC|2025-02-10T00:00:00|Long,BAC,2025-02-10,Long,0.0025713038630861274,0.005571076632342242,-0.008356533210835848,True,-0.007285115732377778,0.005571076632342242,-0.015641730680891253,True,-0.002999772769256226,0.008999400045446082,-0.015641730680891253,True,-0.05849581421352823,0.008999400045446082,-0.07113777212516326,True,-0.15127486255809508,0.008999400045446082,-0.16048849705662627,True,20,True,False,True,False,True,False,,6,STOP_BEFORE_TARGET,False,True,False,True,False,,7,STOP_BEFORE_TARGET,2025-02-11,2025-02-13,2025-02-18,2025-02-25,2025-03-11
BAC|2025-02-11T00:00:00|Long,BAC,2025-02-11,Long,-0.012395849961657324,-0.004488118836581734,-0.018166323406424323,True,0.0036332157644582974,0.006411609984837474,-0.018166323406424323,True,-0.01667028379423041,0.006411609984837474,-0.029279818759896492,True,-0.06091049867606613,0.006411609984837474,-0.07352003364173221,True,-0.1470399857554201,0.006411609984837474,-0.162641599945474,True,20,True,False,True,False,True,False,,5,STOP_BEFORE_TARGET,False,True,False,True,False,,6,STOP_BEFORE_TARGET,2025-02-12,2025-02-14,2025-02-19,2025-02-26,2025-03-12
BAC|2025-02-12T00:00:00|Long,BAC,2025-02-12,Long,0.0025968999991250463,0.0077905348946982755,-0.00519363489557334,True,0.006924901561656593,0.01904352057022507,-0.00519363489557334,True,-0.019692704294337116,0.01904352057022507,-0.025319155856431297,True,-0.04522830975969805,0.01904352057022507,-0.0618913799397276,True,-0.14152783045011774,0.01904352057022507,-0.15213154985019406,True,20,True,False,True,False,True,False,,5,STOP_BEFORE_TARGET,False,True,False,True,False,,6,STOP_BEFORE_TARGET,2025-02-13,2025-02-18,2025-02-20,2025-02-27,2025-03-13
BAC|2025-02-13T00:00:00|Long,BAC,2025-02-13,Long,0.013598040762339947,0.016404020969059907,0.0032375934654311767,True,-0.006907047202121763,0.016404020969059907,-0.019641779109523028,True,-0.03280812427563573,0.016404020969059907,-0.03863589131843115,True,-0.004964458187856624,0.016404020969059907,-0.06432124410010531,True,-0.11741856737333112,0.016404020969059907,-0.15432767630685285,True,20,True,False,True,False,True,False,,4,STOP_BEFORE_TARGET,False,True,False,True,False,,5,STOP_BEFORE_TARGET,2025-02-14,2025-02-19,2025-02-21,2025-02-28,2025-03-14
BAC|2025-02-14T00:00:00|Long,BAC,2025-02-14,Long,-0.009156735808326766,-0.006601311001648846,-0.017035759213314572,True,-0.03534923082996799,-0.006601311001648846,-0.040885822111954906,True,-0.05323679831217509,-0.006601311001648846,-0.05366270244662141,True,-0.029812558315073567,0.0,-0.07687394976004613,True,-0.11754686042123164,0.0,-0.16567289035295862,True,20,True,False,True,False,True,False,,2,STOP_BEFORE_TARGET,False,True,False,True,False,,2,STOP_BEFORE_TARGET,2025-02-18,2025-02-20,2025-02-24,2025-03-03,2025-03-17
BAC|2025-02-18T00:00:00|Long,BAC,2025-02-18,Long,-0.011175595774892688,-0.01010095461715299,-0.023855590790289205,True,-0.03696534388844985,-0.007307117161137189,-0.0427680618090831,True,-0.055663017849471585,-0.007307117161137189,-0.0683430128648681,True,-0.08295724718714237,0.009241356468014938,-0.0967118013766688,True,-0.10487851668694392,0.009241356468014938,-0.15796257612178177,True,20,True,False,True,False,True,False,,1,STOP_BEFORE_TARGET,False,True,False,True,False,,2,STOP_BEFORE_TARGET,2025-02-19,2025-02-21,2025-02-25,2025-03-04,2025-03-18
BAC|2025-02-19T00:00:00|Long,BAC,2025-02-19,Long,-0.015431408614948072,0.003912199777054592,-0.021082317787259885,True,-0.03368831327114241,0.003912199777054592,-0.03412301134750184,True,-0.04499021452594654,0.003912199777054592,-0.05781351759291853,True,-0.08085193526870571,0.020647702621080954,-0.09345793075258813,True,-0.08259072757414343,0.020647702621080954,-0.1484459523042605,True,20,True,False,True,False,True,False,,1,STOP_BEFORE_TARGET,False,True,False,True,False,,2,STOP_BEFORE_TARGET,2025-02-20,2025-02-24,2025-02-26,2025-03-05,2025-03-19
BAC|2025-02-20T00:00:00|Long,BAC,2025-02-20,Long,-0.010816730066711688,0.004635741457162279,-0.016777005172914805,True,-0.030022089034361987,0.004635741457162279,-0.04304637518280863,True,-0.02604857229689328,0.004635741457162279,-0.04304637518280863,True,-0.0847682167165763,0.036644588860258454,-0.09580574449628854,True,-0.06225164994080479,0.036644588860258454,-0.13509931644497497,True,20,True,True,True,False,True,False,7,3,STOP_BEFORE_TARGET,False,True,False,True,False,,3,STOP_BEFORE_TARGET,2025-02-21,2025-02-25,2025-02-27,2025-03-06,2025-03-20
BAC|2025-02-21T00:00:00|Long,BAC,2025-02-21,Long,-0.007810807366477324,0.012943494723995475,-0.008257146512889224,True,-0.019415369781724534,0.012943494723995475,-0.03258207664416979,True,0.028788151334424583,0.031019847066484196,-0.03258207664416979,True,-0.07609907928823756,0.04798030897769956,-0.09372909248431449,True,-0.052220488303369006,0.04798030897769956,-0.1256416178436226,True,20,True,True,True,False,True,False,5,2,STOP_BEFORE_TARGET,False,True,False,True,False,,2,STOP_BEFORE_TARGET,2025-02-24,2025-02-26,2025-02-28,2025-03-07,2025-03-21
BAC|2025-02-24T00:00:00|Long,BAC,2025-02-24,Long,-0.01169591696967165,0.008547032747194594,-0.02496627605058188,True,-0.007647327026298445,0.008547032747194594,-0.02496627605058188,True,0.024741392520687855,0.05623032054611787,-0.02496627605058188,True,-0.10413849187493485,0.05623032054611787,-0.11875840953718952,True,-0.03126404449553588,0.05623032054611787,-0.11875840953718952,True,20,True,True,True,False,True,False,4,1,STOP_BEFORE_TARGET,True,True,True,False,False,5,6,TARGET_BEFORE_STOP,2025-02-25,2025-02-27,2025-03-03,2025-03-10,2025-03-24
BAC|2025-02-25T00:00:00|Long,BAC,2025-02-25,Long,0.0,0.013882581461456267,-0.0018206194551129151,True,0.04915794071279622,0.05143382355175419,-0.0018206194551129151,True,-0.028903060934364677,0.06873009904756722,-0.043468363839481605,True,-0.09854342630146162,0.06873009904756722,-0.10832950546884701,True,-0.015020479472908521,0.06873009904756722,-0.10832950546884701,True,20,True,True,True,True,False,False,3,5,TARGET_BEFORE_STOP,True,True,True,False,False,3,5,TARGET_BEFORE_STOP,2025-02-26,2025-02-28,2025-03-04,2025-03-11,2025-03-25
BAC|2025-02-26T00:00:00|Long,BAC,2025-02-26,Long,0.004096502294070881,0.01911698176697918,0.0,True,0.03686852064663726,0.06873009904756722,0.0,True,-0.037551155274244574,0.06873009904756722,-0.05075101529204007,True,-0.09171595141669475,0.06873009904756722,-0.10832950546884701,True,-0.02548928008395457,0.06873009904756722,-0.10832950546884701,True,20,True,True,True,True,False,False,2,4,TARGET_BEFORE_STOP,True,True,True,False,False,2,4,TARGET_BEFORE_STOP,2025-02-27,2025-03-03,2025-03-05,2025-03-12,2025-03-26
BAC|2025-02-27T00:00:00|Long,BAC,2025-02-27,Long,0.044877597238684785,0.04714419495489852,0.0018132781729709446,True,-0.03286493195926987,0.06436990528881159,-0.04737081149558875,True,-0.060290115861489135,0.06436990528881159,-0.07162284505697103,True,-0.10086130713216124,0.06436990528881159,-0.11196733332509068,True,-0.03535805975431172,0.06436990528881159,-0.11196733332509068,True,20,True,True,True,True,False,False,1,3,TARGET_BEFORE_STOP,True,True,True,False,False,2,3,TARGET_BEFORE_STOP,2025-02-28,2025-03-04,2025-03-06,2025-03-13,2025-03-27
BAC|2025-02-28T00:00:00|Long,BAC,2025-02-28,Long,-0.011713603442594755,0.018655111471084673,-0.019088878146318544,True,-0.08264637060091329,0.018655111471084673,-0.09522775563892538,True,-0.1019522148331653,0.018655111471084673,-0.11908889469598183,True,-0.11301516826290925,0.018655111471084673,-0.15010842511914513,True,-0.10520604413563506,0.018655111471084673,-0.15010842511914513,True,20,True,False,True,False,True,False,,2,STOP_BEFORE_TARGET,False,True,False,True,False,,2,STOP_BEFORE_TARGET,2025-03-03,2025-03-05,2025-03-07,2025-03-14,2025-03-28
BAC|2025-03-03T00:00:00|Long,BAC,2025-03-03,Long,-0.06343290424130521,-0.015803362576832902,-0.07748030043000742,True,-0.08999126789363832,-0.015803362576832902,-0.10096580663219767,True,-0.12576820389639998,-0.015803362576832902,-0.14003513774816145,True,-0.09043025949067096,-0.015803362576832902,-0.14003513774816145,True,-0.08406500692732588,-0.015803362576832902,-0.14003513774816145,True,20,True,False,True,False,True,False,,1,STOP_BEFORE_TARGET,False,True,False,True,False,,1,STOP_BEFORE_TARGET,2025-03-04,2025-03-06,2025-03-10,2025-03-17,2025-03-31
BAC|2025-03-04T00:00:00|Long,BAC,2025-03-04,Long,-0.00890549026773868,0.001406172389636584,-0.022498221834265975,True,-0.029763222347421903,0.001406172389636584,-0.048277423177697454,True,-0.07171309327172126,0.001406172389636584,-0.08179043856415036,True,-0.023904304823916034,0.001406172389636584,-0.08179043856415036,True,-0.02765400846296029,0.024607525118714335,-0.08179043856415036,True,20,True,False,True,False,True,False,,1,STOP_BEFORE_TARGET,False,True,False,True,False,,2,STOP_BEFORE_TARGET,2025-03-05,2025-03-07,2025-03-11,2025-03-18,2025-04-01
BAC|2025-03-05T00:00:00|Long,BAC,2025-03-05,Long,-0.019626432090001256,-0.009458536704170184,-0.0314495578685684,True,-0.05816975718176054,-0.009458536704170184,-0.07353985677521435,True,-0.05627810396290123,-0.009458536704170184,-0.07353985677521435,True,-0.0018917434221504825,0.009694959530293312,-0.07353985677521435,True,-0.01040440841524548,0.03381414694296536,-0.07353985677521435,True,20,True,True,True,False,True,False,15,1,STOP_BEFORE_TARGET,False,True,False,True,False,,1,STOP_BEFORE_TARGET,2025-03-06,2025-03-10,2025-03-12,2025-03-19,2025-04-02
BAC|2025-03-06T00:00:00|Long,BAC,2025-03-06,Long,-0.001447119149026177,0.006512312197922698,-0.020501652023418138,True,-0.04462128593760495,0.006512312197922698,-0.054992735881433386,True,-0.04317416678857877,0.006512312197922698,-0.054992735881433386,True,0.024602037633562723,0.030390790256972222,-0.054992735881433386,True,-0.10226719627105518,0.05451042417115892,-0.10709114145571275,True,20,True,True,True,False,True,False,10,1,STOP_BEFORE_TARGET,True,True,False,True,False,14,2,STOP_BEFORE_TARGET,2025-03-07,2025-03-11,2025-03-13,2025-03-20,2025-04-03
BAC|2025-03-07T00:00:00|Long,BAC,2025-03-07,Long,-0.037922696544897994,-0.018840641672599134,-0.053623215914990086,True,-0.03599037738043087,-0.01787443601914429,-0.053623215914990086,True,-0.01231889172544276,-0.009178769422935829,-0.053623215914990086,True,0.0258454023040402,0.031884049424468985,-0.053623215914990086,True,-0.16932371685659375,0.056038637906184574,-0.18671505004901057,True,20,True,True,True,False,True,False,8,1,STOP_BEFORE_TARGET,True,True,False,True,False,12,1,STOP_BEFORE_TARGET,2025-03-10,2025-03-12,2025-03-14,2025-03-21,2025-04-04
BAC|2025-03-10T00:00:00|Long,BAC,2025-03-10,Long,-0.005523505161669218,0.0208385131358515,-0.01405978778676309,True,-0.004017164317191235,0.0208385131358515,-0.015817249288299973,True,0.04042171030981501,0.04870696805231889,-0.015817249288299973,True,0.08134566193374781,0.08335424409234338,-0.015817249288299973,True,-0.10670348492643944,0.09766505676169657,-0.1579211806770029,True,20,True,True,True,True,False,False,5,18,TARGET_BEFORE_STOP,True,True,True,False,False,6,18,TARGET_BEFORE_STOP,2025-03-11,2025-03-13,2025-03-17,2025-03-24,2025-04-07
BAC|2025-03-11T00:00:00|Long,BAC,2025-03-11,Long,0.00757382561065012,0.022469057711042906,-0.010350917472719323,True,0.032315040635529924,0.03559706704583143,-0.010350917472719323,True,0.05150216824268905,0.056046482870362624,-0.010350917472719323,True,0.09265332270624116,0.09896486009951921,-0.010350917472719323,True,-0.11562741127193432,0.10376169015451797,-0.15324412020427747,True,20,True,True,True,True,False,False,3,17,TARGET_BEFORE_STOP,True,True,True,False,False,4,17,TARGET_BEFORE_STOP,2025-03-12,2025-03-14,2025-03-18,2025-03-25,2025-04-08
BAC|2025-03-12T00:00:00|Long,BAC,2025-03-12,Long,-0.006013572522786115,0.007015754957840015,-0.014532648924453273,True,0.03833622613747223,0.04660487640849165,-0.014532648924453273,True,0.0576296478540248,0.06990731461273758,-0.014532648924453273,True,0.07291405308288423,0.0954648305652166,-0.014532648924453273,True,-0.06915555830833131,0.0954648305652166,-0.1713856221182476,True,20,True,True,True,True,False,False,3,16,TARGET_BEFORE_STOP,True,True,True,False,False,5,16,TARGET_BEFORE_STOP,2025-03-13,2025-03-17,2025-03-19,2025-03-26,2025-04-09
BAC|2025-03-13T00:00:00|Long,BAC,2025-03-13,Long,0.030753750365891674,0.03403081298539545,0.012603983440347521,True,0.049911859045246754,0.05444930077663268,0.012603983440347521,True,0.07083442155262709,0.0768843759147293,0.012603983440347521,True,0.0728511050602485,0.10209234279542412,0.012603983440347521,True,-0.09629442579139347,0.10209234279542412,-0.1663725429482813,True,20,True,True,True,True,False,False,1,15,TARGET_BEFORE_STOP,True,True,True,False,False,2,15,TARGET_BEFORE_STOP,2025-03-14,2025-03-18,2025-03-20,2025-03-27,2025-04-10
BAC|2025-03-14T00:00:00|Long,BAC,2025-03-14,Long,0.013450702990222663,0.02152118075937204,-0.0073367386045130045,True,0.03228172449321143,0.04426513573754742,-0.0073367386045130045,True,0.038640299697697555,0.044754264083407325,-0.0073367386045130045,True,0.00880412364209282,0.06921012162624596,-0.0073367386045130045,True,-0.12081190267661335,0.06921012162624596,-0.19124479852166254,True,20,True,True,True,True,False,False,3,14,TARGET_BEFORE_STOP,True,True,True,False,False,6,14,TARGET_BEFORE_STOP,2025-03-17,2025-03-19,2025-03-21,2025-03-28,2025-04-11
BAC|2025-03-17T00:00:00|Long,BAC,2025-03-17,Long,0.00506763769616958,0.009411274548024151,-0.003619636007539895,True,0.025096548021047438,0.03088809450802321,-0.003619636007539895,True,0.039334003912458115,0.041264550092619645,-0.003619636007539895,True,0.006998091822822294,0.055019369438989996,-0.02027027462415243,True,-0.1151061924671325,0.055019369438989996,-0.2019787453972095,True,20,True,True,True,True,False,False,2,10,TARGET_BEFORE_STOP,True,True,True,False,False,6,13,TARGET_BEFORE_STOP,2025-03-18,2025-03-20,2025-03-24,2025-03-31,2025-04-14
BAC|2025-03-18T00:00:00|Long,BAC,2025-03-18,Long,0.013445319041484272,0.025210064792149822,-0.008403415990294483,True,0.01968786710163073,0.02569026784211248,-0.008403415990294483,True,0.03913558688359675,0.0451379876240785,-0.008403415990294483,True,-0.0038415328103336144,0.04969987080403926,-0.02521015638151658,True,-0.08787514317707756,0.04969987080403926,-0.20600243737622836,True,20,True,True,True,True,False,False,4,9,TARGET_BEFORE_STOP,False,True,False,True,False,,12,STOP_BEFORE_TARGET,2025-03-19,2025-03-21,2025-03-25,2025-04-01,2025-04-15
BAC|2025-03-19T00:00:00|Long,BAC,2025-03-19,Long,0.006396599469792319,0.01208249578991527,-0.013266940789860127,True,0.02037433378357778,0.022269662681704272,-0.013266940789860127,True,0.01445156653831714,0.03577356477095828,-0.013266940789860127,True,-0.008528799293056388,0.03577356477095828,-0.038142635519360035,True,-0.11561235155802507,0.03577356477095828,-0.21653635602685128,True,20,True,True,True,True,False,False,4,7,TARGET_BEFORE_STOP,False,True,False,True,False,,8,STOP_BEFORE_TARGET,2025-03-20,2025-03-24,2025-03-26,2025-04-02,2025-04-16
BAC|2025-03-20T00:00:00|Long,BAC,2025-03-20,Long,-0.0002353653870278416,0.0042372953652416445,-0.013888892630549043,True,0.018832373956716664,0.024717496430680663,-0.013888892630549043,True,0.0018832822955929807,0.02919024698279271,-0.013888892630549043,True,-0.12382293734027416,0.02919024698279271,-0.12853105327941394,True,-0.11935027658800468,0.02919024698279271,-0.22151600632801527,True,20,True,False,True,False,True,False,,6,STOP_BEFORE_TARGET,False,True,False,True,False,,6,STOP_BEFORE_TARGET,2025-03-21,2025-03-25,2025-03-27,2025-04-03,2025-04-17
BAC|2025-03-21T00:00:00|Long,BAC,2025-03-21,Long,0.01412758316165541,0.01601130882106716,0.006592860165974823,True,0.008241075207468418,0.029432539770934962,0.00612192875112183,True,-0.02872618755914713,0.029432539770934962,-0.03484811631026896,True,-0.1902519801933954,0.029432539770934962,-0.20720515184416854,True,-0.13068054843973764,0.029432539770934962,-0.22133273500582396,True,20,True,False,True,False,True,False,,5,STOP_BEFORE_TARGET,False,True,False,True,False,,5,STOP_BEFORE_TARGET,2025-03-24,2025-03-26,2025-03-28,2025-04-04,2025-04-21
BAC|2025-03-24T00:00:00|Long,BAC,2025-03-24,Long,0.00487576238589793,0.010680266722359333,-0.0006965121780690975,True,-0.011841149875710166,0.015091746702682762,-0.01276989182627375,True,-0.03111214678622165,0.015091746702682762,-0.05734853118654537,True,-0.17390290032134859,0.015091746702682762,-0.22126767696360372,True,-0.11028558239276731,0.015091746702682762,-0.23218017345845754,True,20,True,False,True,False,True,False,,4,STOP_BEFORE_TARGET,False,True,False,True,False,,4,STOP_BEFORE_TARGET,2025-03-25,2025-03-27,2025-03-31,2025-04-07,2025-04-22
BAC|2025-03-25T00:00:00|Long,BAC,2025-03-25,Long,-0.010628444950250282,0.01016641529150708,-0.012707930974426018,True,-0.04690385481868198,0.01016641529150708,-0.05291120992187981,True,-0.04135852937422746,0.01016641529150708,-0.06192237478661311,True,-0.1906192290362636,0.01016641529150708,-0.22504616770989117,True,-0.10466725755694373,0.01016641529150708,-0.23590571562947094,True,20,True,False,True,False,True,False,,3,STOP_BEFORE_TARGET,False,True,False,True,False,,3,STOP_BEFORE_TARGET,2025-03-26,2025-03-28,2025-04-01,2025-04-08,2025-04-23
BAC|2025-03-26T00:00:00|Long,BAC,2025-03-26,Long,-0.0060718898502147844,0.006305475471460875,-0.007006054161574626,True,-0.025455398420276998,0.006305475471460875,-0.05184496115191384,True,-0.02265299457300962,0.006305475471460875,-0.05184496115191384,True,-0.13241471764024004,0.006305475471460875,-0.22769733931545333,True,-0.07566552748390509,0.006305475471460875,-0.22769733931545333,True,20,True,False,True,False,True,False,,2,STOP_BEFORE_TARGET,False,True,False,True,False,,2,STOP_BEFORE_TARGET,2025-03-27,2025-03-31,2025-04-02,2025-04-09,2025-04-24
BAC|2025-03-27T00:00:00|Long,BAC,2025-03-27,Long,-0.030780106461958945,0.001409717026733981,-0.036889089383570606,True,-0.025140969461897367,0.001409717026733981,-0.04605269821255087,True,-0.12546992434871174,0.001409717026733981,-0.13016919024358942,True,-0.15765983746844647,0.001409717026733981,-0.22297935555101622,True,-0.06743427288475445,0.001409717026733981,-0.22297935555101622,True,20,True,False,True,False,True,False,,1,STOP_BEFORE_TARGET,False,True,False,True,False,,1,STOP_BEFORE_TARGET,2025-03-28,2025-04-01,2025-04-03,2025-04-10,2025-04-25
BAC|2025-03-28T00:00:00|Long,BAC,2025-03-28,Long,0.011636352539062589,0.015757612748579453,-0.015757612748579564,True,0.014545417554450824,0.017454575047348486,-0.015757612748579564,True,-0.16630304509943183,0.017454575047348486,-0.18375762014678032,True,-0.12848482998934663,0.017454575047348486,-0.19830303770123103,True,-0.035636393229166674,0.017454575047348486,-0.19830303770123103,True,20,True,False,True,False,True,False,,4,STOP_BEFORE_TARGET,False,True,False,True,False,,4,STOP_BEFORE_TARGET,2025-03-31,2025-04-02,2025-04-04,2025-04-11,2025-04-28
BAC|2025-03-31T00:00:00|Long,BAC,2025-03-31,Long,-0.005751206959075605,-0.000718878016437885,-0.0182122772554546,True,-0.10807568586164218,0.005751298372862035,-0.11286841927006275,True,-0.14737593526587567,0.005751298372862035,-0.1962616514869504,True,-0.12125572558824538,0.005751298372862035,-0.2075245612846709,True,-0.041696570401550614,0.005751298372862035,-0.2075245612846709,True,20,True,False,True,False,True,False,,2,STOP_BEFORE_TARGET,False,True,False,True,False,,3,STOP_BEFORE_TARGET,2025-04-01,2025-04-03,2025-04-07,2025-04-14,2025-04-29
BAC|2025-04-01T00:00:00|Long,BAC,2025-04-01,Long,0.008676712005078802,0.011569041282672332,-0.01614851666757844,True,-0.17112562066979242,0.011569041282672332,-0.1884792285650846,True,-0.15570023229289587,0.011569041282672332,-0.1916124473686267,True,-0.08435767313589893,0.011569041282672332,-0.20294050718278323,True,-0.038804544353324255,0.011569041282672332,-0.20294050718278323,True,20,True,False,True,False,True,False,,2,STOP_BEFORE_TARGET,False,True,False,True,False,,2,STOP_BEFORE_TARGET,2025-04-02,2025-04-04,2025-04-08,2025-04-15,2025-04-30
BAC|2025-04-02T00:00:00|Long,BAC,2025-04-02,Long,-0.1106331522635785,-0.0719234989553107,-0.11541214318906512,True,-0.14982071377956208,-0.0719234989553107,-0.19856625714651888,True,-0.11230578541474834,-0.0719234989553107,-0.20979687214866183,True,-0.10800470269697737,-0.0719234989553107,-0.20979687214866183,True,-0.04014337793141498,-0.03369175385475853,-0.20979687214866183,True,20,True,False,True,False,True,False,,1,STOP_BEFORE_TARGET,False,True,False,True,False,,1,STOP_BEFORE_TARGET,2025-04-03,2025-04-07,2025-04-09,2025-04-16,2025-05-01
BAC|2025-04-03T00:00:00|Long,BAC,2025-04-03,Long,-0.07603443681459465,-0.03842021113047045,-0.09537890745106081,True,-0.058839397355744616,0.0029554166239622592,-0.09887157937890745,True,-0.036808240237777956,0.016926309316388277,-0.11149923132110284,True,0.005104745311058645,0.04110689761197084,-0.11149923132110284,True,0.1034389668955622,0.1077377267602746,-0.11149923132110284,True,20,True,True,True,False,True,False,8,1,STOP_BEFORE_TARGET,True,True,False,True,False,13,1,STOP_BEFORE_TARGET,2025-04-04,2025-04-08,2025-04-10,2025-04-17,2025-05-02
BAC|2025-04-04T00:00:00|Long,BAC,2025-04-04,Long,0.03460315389724733,0.06513526368776401,-0.02471644341979684,True,0.08025595188179158,0.10061061779239622,-0.038383242752296876,True,0.045362064582082695,0.10061061779239622,-0.038383242752296876,True,0.07356786345446742,0.12678106099833042,-0.038383242752296876,True,0.19569641354114387,0.20645543515058895,-0.038383242752296876,True,20,True,True,True,,,False,1,1,AMBIGUOUS,True,True,True,False,False,1,3,TARGET_BEFORE_STOP,2025-04-07,2025-04-09,2025-04-11,2025-04-21,2025-05-05
BAC|2025-04-07T00:00:00|Long,BAC,2025-04-07,Long,-0.015458207516947375,0.04918493282573633,-0.03513209487552593,True,0.00758843814422594,0.06379978994506752,-0.07054530655025726,True,0.030635083805399477,0.06379978994506752,-0.07054530655025726,True,0.07700949192695172,0.08909494114130423,-0.07054530655025726,True,0.14783580806176944,0.1661045402829009,-0.07054530655025726,True,20,True,True,True,,,False,1,1,AMBIGUOUS,True,True,False,True,False,2,1,STOP_BEFORE_TARGET,2025-04-08,2025-04-10,2025-04-14,2025-04-22,2025-05-06
BAC|2025-04-08T00:00:00|Long,BAC,2025-04-08,Long,0.06051963518294423,0.08050242058503487,-0.05595201692188001,True,0.026263260511053987,0.08050242058503487,-0.05595201692188001,True,0.08449908656346627,0.10619472881345593,-0.05595201692188001,True,0.10619472881345593,0.14558956513103039,-0.05595201692188001,True,0.16842711194628635,0.1844134491659719,-0.05595201692188001,True,20,True,True,True,,,False,1,1,AMBIGUOUS,True,True,,,False,1,1,AMBIGUOUS,2025-04-09,2025-04-11,2025-04-15,2025-04-23,2025-05-07
BAC|2025-04-09T00:00:00|Long,BAC,2025-04-09,Long,-0.03499335123451397,-0.020188424473618016,-0.06783311855339291,True,-0.012920682024715968,-0.0043068597803597175,-0.06783311855339291,True,0.0048452300883592425,0.04306859780359695,-0.06783311855339291,True,0.06541050350921318,0.08021532758647254,-0.06783311855339291,True,0.11978456972989071,0.13458949649078678,-0.06783311855339291,True,20,True,True,True,False,True,False,4,1,STOP_BEFORE_TARGET,True,True,False,True,False,9,1,STOP_BEFORE_TARGET,2025-04-10,2025-04-14,2025-04-16,2025-04-24,2025-05-08
BAC|2025-04-10T00:00:00|Long,BAC,2025-04-10,Long,0.0027894642419732385,0.01059975130513724,-0.029009683266257746,True,0.059693257892061036,0.08089265409515489,-0.029009683266257746,True,0.04351468451015772,0.08089265409515489,-0.029009683266257746,True,0.10711297952661991,0.11938640937694123,-0.029009683266257746,True,0.16569045172189156,0.17573231017863433,-0.029009683266257746,True,20,True,True,True,False,True,False,2,1,STOP_BEFORE_TARGET,True,False,True,False,False,3,,TARGET_BEFORE_STOP,2025-04-11,2025-04-15,2025-04-17,2025-04-25,2025-05-09
BAC|2025-04-11T00:00:00|Long,BAC,2025-04-11,Long,0.020027743831040334,0.028929093002953987,0.00890124306072626,True,0.038386677018874105,0.07788592983694853,0.00890124306072626,True,0.026981846604182014,0.07788592983694853,0.00890124306072626,True,0.1065367993067119,0.11627260685582264,0.00890124306072626,True,0.20611960195146972,0.22280940616253453,0.00890124306072626,True,20,True,True,False,True,False,False,2,,TARGET_BEFORE_STOP,True,False,True,False,False,2,,TARGET_BEFORE_STOP,2025-04-14,2025-04-16,2025-04-21,2025-04-28,2025-05-12
BAC|2025-04-14T00:00:00|Long,BAC,2025-04-14,Long,0.03599682507318347,0.056722168936898854,0.03081541108644492,True,0.020180030417713102,0.056722168936898854,0.008181158078482742,True,0.044995953320669635,0.056722168936898854,-0.004908549208244795,True,0.09053732411508797,0.09462779912658315,-0.004908549208244795,True,0.20752661549888596,0.21325344695937298,-0.004908549208244795,True,20,True,True,False,True,False,False,1,,TARGET_BEFORE_STOP,True,False,True,False,False,1,,TARGET_BEFORE_STOP,2025-04-15,2025-04-17,2025-04-22,2025-04-29,2025-05-13
BAC|2025-04-15T00:00:00|Long,BAC,2025-04-15,Long,-0.01737298810876875,0.004474813409699463,-0.026849181697768176,True,-0.02816539779538829,0.004474813409699463,-0.03948407301203727,True,0.020005219477628566,0.05633059476439595,-0.03948407301203727,True,0.04974991592905642,0.056593777736005935,-0.03948407301203727,True,0.17767832855416765,0.1824163249354771,-0.03948407301203727,True,20,True,True,True,False,True,False,5,1,STOP_BEFORE_TARGET,True,True,False,True,False,5,3,STOP_BEFORE_TARGET,2025-04-16,2025-04-21,2025-04-23,2025-04-30,2025-05-14
BAC|2025-04-16T00:00:00|Long,BAC,2025-04-16,Long,0.002142995243329171,0.014465498910874786,-0.0024109335165641843,True,0.026520166493695596,0.03107419744209894,-0.022502012091762058,True,0.06027323572559351,0.07500667290970342,-0.022502012091762058,True,0.07607811943711296,0.0833109199868054,-0.022502012091762058,True,0.18885611816915793,0.20492894015391228,-0.022502012091762058,True,20,True,True,True,False,True,False,3,2,STOP_BEFORE_TARGET,True,False,True,False,False,4,,TARGET_BEFORE_STOP,2025-04-17,2025-04-22,2025-04-24,2025-05-01,2025-05-15
BAC|2025-04-17T00:00:00|Long,BAC,2025-04-17,Long,-0.013098147031954444,-0.0034750352484759217,-0.024592306140010733,True,0.03581930387739862,0.07270786505740356,-0.024592306140010733,True,0.060946238668712516,0.07270786505740356,-0.024592306140010733,True,0.09783479984871724,0.10211172708915339,-0.024592306140010733,True,0.19460034239482837,0.20235230488374034,-0.024592306140010733,True,20,True,True,True,False,True,False,3,1,STOP_BEFORE_TARGET,True,False,True,False,False,3,,TARGET_BEFORE_STOP,2025-04-21,2025-04-23,2025-04-25,2025-05-02,2025-05-16
BAC|2025-04-21T00:00:00|Long,BAC,2025-04-21,Long,0.03791986986219564,0.04252447419789074,0.013001174992943065,True,0.07204777340283819,0.0869448282332248,0.013001174992943065,True,0.07746480910600928,0.0869448282332248,0.013001174992943065,True,0.1137595062632537,0.1237812496254529,0.013001174992943065,True,0.21262195769612102,0.2226435977349872,0.013001174992943065,True,20,True,True,False,True,False,False,1,,TARGET_BEFORE_STOP,True,False,True,False,False,2,,TARGET_BEFORE_STOP,2025-04-22,2025-04-24,2025-04-28,2025-05-05,2025-05-19
BAC|2025-04-22T00:00:00|Long,BAC,2025-04-22,Long,0.011221302416499324,0.04723385667290314,0.009133571944374808,True,0.03575153817315413,0.04723385667290314,0.007306857555499757,True,0.04358042789515326,0.04749477320768469,0.007306857555499757,True,0.065762016644902,0.08272447831127572,0.007306857555499757,True,0.1662317062268961,0.17797494126142643,0.007306857555499757,True,20,True,True,False,True,False,False,1,,TARGET_BEFORE_STOP,True,False,True,False,False,7,,TARGET_BEFORE_STOP,2025-04-23,2025-04-25,2025-04-29,2025-05-06,2025-05-20
BAC|2025-04-23T00:00:00|Long,BAC,2025-04-23,Long,0.021419402091733764,0.02451614872101815,-0.0038710071194556495,True,0.02658061365927411,0.03432262789818541,-0.0038710071194556495,True,0.02916131788684484,0.03587095199092749,-0.0038710071194556495,True,0.05625807239163305,0.070709720734627,-0.0038710071194556495,True,0.11612903225806459,0.1649032100554435,-0.0038710071194556495,True,20,True,True,False,True,False,False,3,,TARGET_BEFORE_STOP,True,False,True,False,False,7,,TARGET_BEFORE_STOP,2025-04-24,2025-04-28,2025-04-30,2025-05-07,2025-05-21
BAC|2025-04-24T00:00:00|Long,BAC,2025-04-24,Long,0.0027791003174737483,0.00530568657801056,-0.006569027897984303,True,0.010358762719672843,0.014148497541361271,-0.006569027897984303,True,0.014906425229816778,0.021728063564149247,-0.01920167006243456,True,0.051035789530497366,0.06493177301492148,-0.01920167006243456,True,0.0942394989812696,0.14047491918586386,-0.01920167006243456,True,20,True,True,False,True,False,False,6,,TARGET_BEFORE_STOP,True,False,True,False,False,10,,TARGET_BEFORE_STOP,2025-04-25,2025-04-29,2025-05-01,2025-05-08,2025-05-22
BAC|2025-04-25T00:00:00|Long,BAC,2025-04-25,Long,0.0022675776190963504,0.00982623375762115,-0.005794899223845129,True,0.004787161702706433,0.011337888095481752,-0.021919852909727977,True,0.03476949145537578,0.03880072987684646,-0.021919852909727977,True,0.05291011240814658,0.061980422884532205,-0.021919852909727977,True,0.08843543103245288,0.13731420890682355,-0.021919852909727977,True,20,True,True,True,False,True,False,5,3,STOP_BEFORE_TARGET,True,False,True,False,False,9,,TARGET_BEFORE_STOP,2025-04-28,2025-04-30,2025-05-02,2025-05-09,2025-05-23
BAC|2025-04-28T00:00:00|Long,BAC,2025-04-28,Long,0.005279107732884425,0.009049789376537776,-0.0075414591821626464,True,0.009803906526297146,0.01659124855870031,-0.024132707740862958,True,0.03368527384885889,0.042986499538554046,-0.024132707740862958,True,0.0899950211390621,0.1050779395033874,-0.024132707740862958,True,0.11161394111748968,0.13474109539543577,-0.024132707740862958,True,20,True,True,True,False,True,False,4,2,STOP_BEFORE_TARGET,True,False,True,False,False,8,,TARGET_BEFORE_STOP,2025-04-29,2025-05-01,2025-05-05,2025-05-12,2025-05-27
BAC|2025-04-29T00:00:00|Long,BAC,2025-04-29,Long,-0.0027507028190697502,0.00025002053297207283,-0.02925736270405266,True,0.027006700950926943,0.031007697217407815,-0.02925736270405266,True,0.02125527477981537,0.037509375769986475,-0.02925736270405266,True,0.107276742204792,0.11252812730995942,-0.02925736270405266,True,0.10177543195792782,0.12878213290885498,-0.02925736270405266,True,20,True,True,True,False,True,False,3,1,STOP_BEFORE_TARGET,True,False,True,False,False,7,,TARGET_BEFORE_STOP,2025-04-30,2025-05-02,2025-05-06,2025-05-13,2025-05-28
BAC|2025-04-30T00:00:00|Long,BAC,2025-04-30,Long,0.007271742554238125,0.014042064784232755,-0.007522548370752169,True,0.03109322544028048,0.04037112756345396,-0.007522548370752169,True,0.026328967124828795,0.04037112756345396,-0.007522548370752169,True,0.12186560883111963,0.12637906133005705,-0.007522548370752169,True,0.10932799632840173,0.13189564144065846,-0.007522548370752169,True,20,True,True,False,True,False,False,2,,TARGET_BEFORE_STOP,True,False,True,False,False,6,,TARGET_BEFORE_STOP,2025-05-01,2025-05-05,2025-05-07,2025-05-14,2025-05-29
BAC|2025-05-01T00:00:00|Long,BAC,2025-05-01,Long,0.02240481869313804,0.02638788702038042,0.013193990992109939,True,0.016679163907967087,0.032860432404548945,0.009708818076253012,True,0.0355987147214083,0.04929060112490369,0.009708818076253012,True,0.10480465748252388,0.11974113996872271,0.009708818076253012,True,0.0985811072859677,0.12372420829596509,0.009708818076253012,True,20,True,True,False,True,False,False,2,,TARGET_BEFORE_STOP,True,False,True,False,False,7,,TARGET_BEFORE_STOP,2025-05-02,2025-05-06,2025-05-08,2025-05-15,2025-05-30
BAC|2025-05-02T00:00:00|Long,BAC,2025-05-02,Long,0.0012174150823489605,0.010226491033928697,-0.010956921506774742,True,-0.0034087993837039754,0.010226491033928697,-0.012417782452466719,True,0.017531074410839675,0.026296611616259513,-0.012417782452466719,True,0.0881421708980672,0.09520330841163505,-0.012417782452466719,True,0.07328955828090256,0.09909909240484205,-0.012417782452466719,True,20,True,True,False,True,False,False,6,,TARGET_BEFORE_STOP,True,False,True,False,False,6,,TARGET_BEFORE_STOP,2025-05-05,2025-05-07,2025-05-09,2025-05-16,2025-06-02
BAC|2025-05-05T00:00:00|Long,BAC,2025-05-05,Long,-0.006809309011916342,0.0036478971248852243,-0.013618618023832796,True,0.01167314092180427,0.025048701866464906,-0.013618618023832796,True,0.054474750404963634,0.06906615336474964,-0.013618618023832796,True,0.08876463085335029,0.09776265958622221,-0.013618618023832796,True,0.08584636881536856,0.09776265958622221,-0.013618618023832796,True,20,True,True,False,True,False,False,5,,TARGET_BEFORE_STOP,True,False,True,False,False,5,,TARGET_BEFORE_STOP,2025-05-06,2025-05-08,2025-05-12,2025-05-19,2025-06-03
BAC|2025-05-06T00:00:00|Long,BAC,2025-05-06,Long,0.0022037255693347912,0.012242899072768987,0.0004897271716195473,True,0.023261526919442277,0.03207642919678122,0.0004897271716195473,True,0.08423111199452338,0.0893732005935759,0.0004897271716195473,True,0.09427028549795757,0.10528891334463109,0.0004897271716195473,True,0.08619002068100201,0.10528891334463109,0.0004897271716195473,True,20,True,True,False,True,False,False,2,,TARGET_BEFORE_STOP,True,False,True,False,False,4,,TARGET_BEFORE_STOP,2025-05-07,2025-05-09,2025-05-13,2025-05-20,2025-06-04
BAC|2025-05-07T00:00:00|Long,BAC,2025-05-07,Long,0.016369366331536295,0.029807017141625813,0.0078182187255873,True,0.059369662522785305,0.07402879933313167,0.0078182187255873,True,0.09308578902720477,0.09748345550989357,0.0078182187255873,True,0.05668213236076736,0.10285851583392924,0.0078182187255873,True,0.08429026966078923,0.10285851583392924,0.0078182187255873,True,20,True,True,False,True,False,False,3,,TARGET_BEFORE_STOP,True,False,True,False,False,3,,TARGET_BEFORE_STOP,2025-05-08,2025-05-12,2025-05-14,2025-05-21,2025-06-05
BAC|2025-05-08T00:00:00|Long,BAC,2025-05-08,Long,0.0045673665474879055,0.009134641395519116,0.002163465285795141,True,0.06442308662205787,0.06947123342188455,0.002163465285795141,True,0.06682698788375085,0.08125002865608022,0.002163465285795141,True,0.04110584043010723,0.08509617897533195,0.002163465285795141,True,0.08100968437963951,0.08581730350411143,0.002163465285795141,True,20,True,True,False,True,False,False,2,,TARGET_BEFORE_STOP,True,False,True,False,False,2,,TARGET_BEFORE_STOP,2025-05-09,2025-05-13,2025-05-15,2025-05-22,2025-06-06
BAC|2025-05-09T00:00:00|Long,BAC,2025-05-09,Long,0.037568788237113404,0.051926253204245265,0.0275184897340921,True,0.07059106720055985,0.07489823366467063,0.0275184897340921,True,0.06939453571785226,0.07633401667439821,0.0275184897340921,True,0.03374012482704236,0.08016268008446925,0.013400276293980218,True,0.07370179346449901,0.08638431517741951,0.013400276293980218,True,20,True,True,False,True,False,False,1,,TARGET_BEFORE_STOP,True,False,True,False,False,1,,TARGET_BEFORE_STOP,2025-05-12,2025-05-14,2025-05-16,2025-05-23,2025-06-09
BAC|2025-05-12T00:00:00|Long,BAC,2025-05-12,Long,0.021217669649332915,0.026060909875667004,0.0013837075126661436,True,0.023523995466000036,0.03736159845666642,0.0013837075126661436,True,0.03251844620766664,0.04105163178599969,0.0013837075126661436,True,0.019833962136666772,0.04105163178599969,-0.02329340687300052,True,0.03989851286633317,0.047047990932000294,-0.02329340687300052,True,20,True,True,True,True,False,False,2,9,TARGET_BEFORE_STOP,False,False,False,False,True,,,NEITHER,2025-05-13,2025-05-15,2025-05-19,2025-05-27,2025-06-10
BAC|2025-05-13T00:00:00|Long,BAC,2025-05-13,Long,0.010388502977669356,0.014453464482651945,-0.003387482279059384,True,0.009259256068539168,0.015808509083941935,-0.014001782948888541,True,0.009259256068539168,0.01942187520460492,-0.014001782948888541,True,-0.004968324572509175,0.01942187520460492,-0.04358627728955933,True,0.010162619136065754,0.025519446686244507,-0.04358627728955933,True,20,True,False,True,False,True,False,,6,STOP_BEFORE_TARGET,False,True,False,True,False,,8,STOP_BEFORE_TARGET,2025-05-14,2025-05-16,2025-05-20,2025-05-28,2025-06-11
BAC|2025-05-14T00:00:00|Long,BAC,2025-05-14,Long,-0.00804650417625774,0.005364279275050565,-0.01631656972612372,True,0.0006705135934608197,0.008940493879645128,-0.024139512528773333,True,-0.03330356778202648,0.008940493879645128,-0.035538669936017286,True,-0.011175681297317608,0.008940493879645128,-0.053419828222670884,True,-0.0026822249012070642,0.014975372011838406,-0.053419828222670884,True,20,True,False,True,False,True,False,,2,STOP_BEFORE_TARGET,False,True,False,True,False,,5,STOP_BEFORE_TARGET,2025-05-15,2025-05-19,2025-05-21,2025-05-29,2025-06-12
BAC|2025-05-15T00:00:00|Long,BAC,2025-05-15,Long,0.006985073256712271,0.009238392013169117,-0.016223551225202804,True,0.006985073256712271,0.017124792772464037,-0.016223551225202804,True,-0.024109951984497835,0.017124792772464037,-0.03199643869911439,True,-0.005633167958159713,0.017124792772464037,-0.04574138226987545,True,-0.006534495460742473,0.023208624481914963,-0.04574138226987545,True,20,True,False,True,False,True,False,,4,STOP_BEFORE_TARGET,False,True,False,True,False,,5,STOP_BEFORE_TARGET,2025-05-16,2025-05-20,2025-05-22,2025-05-30,2025-06-13
BAC|2025-05-16T00:00:00|Long,BAC,2025-05-16,Long,0.0017901506715838345,0.010069384129954173,-0.0129782509326547,True,-0.03222194385677091,0.010069384129954173,-0.034459546837168564,True,-0.033340745346969736,0.010069384129954173,-0.05236071211667903,True,-0.01364951475495757,0.010069384129954173,-0.05236071211667903,True,-0.006265356632379371,0.016111014607926633,-0.05236071211667903,True,20,True,False,True,False,True,False,,3,STOP_BEFORE_TARGET,False,True,False,True,False,,3,STOP_BEFORE_TARGET,2025-05-19,2025-05-21,2025-05-23,2025-06-02,2025-06-16
BAC|2025-05-19T00:00:00|Long,BAC,2025-05-19,Long,-0.001786951758693034,0.00312708037116316,-0.008041112501019243,True,-0.0326111027372008,0.00312708037116316,-0.040428888871658186,True,-0.01228499511809078,0.00312708037116316,-0.054054097808768686,True,-0.002680342431489846,0.00312708037116316,-0.054054097808768686,True,-0.01206166875152892,0.014295273243345452,-0.054054097808768686,True,20,True,False,True,False,True,False,,2,STOP_BEFORE_TARGET,False,True,False,True,False,,2,STOP_BEFORE_TARGET,2025-05-20,2025-05-22,2025-05-27,2025-06-03,2025-06-17
BAC|2025-05-20T00:00:00|Long,BAC,2025-05-20,Long,-0.03222194385677091,-0.004475205960795425,-0.034459546837168564,True,-0.033340745346969736,-0.004475205960795425,-0.05236071211667903,True,-0.014097052422853529,-0.004475205960795425,-0.05236071211667903,True,-0.007384158122578199,0.008950582639755122,-0.05236071211667903,True,0.008279318817452364,0.016111014607926633,-0.05236071211667903,True,20,True,False,True,False,True,False,,1,STOP_BEFORE_TARGET,False,True,False,True,False,,1,STOP_BEFORE_TARGET,2025-05-21,2025-05-23,2025-05-28,2025-06-04,2025-06-18
BAC|2025-05-21T00:00:00|Long,BAC,2025-05-21,Long,0.0013873149893877113,0.007398836874548342,-0.006705223480401035,True,0.022427773889089675,0.022427773889089675,-0.02080928383535041,True,0.02289021221888543,0.02797685744445455,-0.02080928383535041,True,0.026127192326363735,0.04254335612919968,-0.02080928383535041,True,0.052023121387283267,0.055491364760206,-0.02080928383535041,True,20,True,True,True,False,True,False,8,2,STOP_BEFORE_TARGET,True,False,True,False,False,20,,TARGET_BEFORE_STOP,2025-05-22,2025-05-27,2025-05-29,2025-06-05,2025-06-20
BAC|2025-05-22T00:00:00|Long,BAC,2025-05-22,Long,-0.0025398431508570907,0.0027706979468895554,-0.022165847811816297,True,0.01731701630613469,0.026090907817768683,-0.022165847811816297,True,0.01893326411506213,0.026552705488733563,-0.022165847811816297,True,0.03832832590108892,0.04294612645293849,-0.022165847811816297,True,0.0690371223496069,0.07065337015853412,-0.022165847811816297,True,20,True,True,True,False,True,False,7,1,STOP_BEFORE_TARGET,True,False,True,False,False,19,,TARGET_BEFORE_STOP,2025-05-23,2025-05-28,2025-05-30,2025-06-06,2025-06-23
BAC|2025-05-23T00:00:00|Long,BAC,2025-05-23,Long,0.02361112129050502,0.02361112129050502,0.0023147794526634513,True,0.02407409484167289,0.029166627298167436,0.0023147794526634513,True,0.020370394735505837,0.029166627298167436,0.0023147794526634513,True,0.038657364339168554,0.05092594268717687,0.0023147794526634513,True,0.08009256998534431,0.09236106003017674,0.0023147794526634513,True,20,True,True,False,True,False,False,6,,TARGET_BEFORE_STOP,True,False,True,False,False,10,,TARGET_BEFORE_STOP,2025-05-27,2025-05-29,2025-06-02,2025-06-09,2025-06-24
BAC|2025-05-27T00:00:00|Long,BAC,2025-05-27,Long,-0.003618268724452256,0.004975065579664983,-0.005879740593691785,True,-0.002035281549150114,0.005427359953512845,-0.01130710054720463,True,0.009724113371902376,0.011533204600963076,-0.019448226743804864,True,0.01967433079756331,0.026684764192709265,-0.019448226743804864,True,0.059475286766537794,0.06716411858929017,-0.019448226743804864,True,20,True,True,False,True,False,False,17,,TARGET_BEFORE_STOP,True,False,True,False,False,19,,TARGET_BEFORE_STOP,2025-05-28,2025-05-30,2025-06-03,2025-06-10,2025-06-25
BAC|2025-05-28T00:00:00|Long,BAC,2025-05-28,Long,0.004085344974249061,0.009078477047531841,-0.0036314081349325678,True,0.0004539368393163823,0.009078477047531841,-0.01588744305767975,True,0.006808879430548753,0.023377184457403555,-0.01588744305767975,True,0.015206494508905433,0.03064000072726869,-0.01588744305767975,True,0.07716744451221702,0.07989106554811598,-0.01588744305767975,True,20,True,True,False,True,False,False,8,,TARGET_BEFORE_STOP,True,False,True,False,False,17,,TARGET_BEFORE_STOP,2025-05-29,2025-06-02,2025-06-04,2025-06-11,2025-06-26
BAC|2025-05-29T00:00:00|Long,BAC,2025-05-29,Long,-0.002486451315057314,0.001356183461063365,-0.011754078617424057,True,0.009267627302366632,0.011075900659561544,-0.019891524293127794,True,0.0031645430455888857,0.019213346335265058,-0.019891524293127794,True,0.00858944934450423,0.026446612218705923,-0.019891524293127794,True,0.06509939295096734,0.07753156329892308,-0.019891524293127794,True,20,True,True,False,True,False,False,15,,TARGET_BEFORE_STOP,True,False,True,False,False,17,,TARGET_BEFORE_STOP,2025-05-30,2025-06-03,2025-06-05,2025-06-12,2025-06-27
BAC|2025-05-30T00:00:00|Long,BAC,2025-05-30,Long,-0.0011329987729520319,0.0004532167976338819,-0.01744845771871084,True,0.005211863509391845,0.0217538876328347,-0.01744845771871084,True,0.019034673289296755,0.023566668381104883,-0.01744845771871084,True,-0.0009064335952677638,0.029005183510446342,-0.01744845771871084,True,0.0722863935984317,0.08021747145136127,-0.01744845771871084,True,20,True,True,False,True,False,False,14,,TARGET_BEFORE_STOP,True,False,True,False,False,15,,TARGET_BEFORE_STOP,2025-06-02,2025-06-04,2025-06-06,2025-06-13,2025-06-30
BAC|2025-06-02T00:00:00|Long,BAC,2025-06-02,Long,0.012931027022386576,0.014745863978701479,-0.0031761161191030673,True,0.00680579003173265,0.022912846632906714,-0.0031761161191030673,True,0.017921893557488966,0.02994554537187577,-0.0031761161191030673,True,0.007486343072811152,0.030172367538796818,-0.009528175276678041,True,0.09233211265333652,0.09845726310367486,-0.009528175276678041,True,20,True,True,False,True,False,False,7,,TARGET_BEFORE_STOP,True,False,True,False,False,14,,TARGET_BEFORE_STOP,2025-06-03,2025-06-05,2025-06-09,2025-06-16,2025-07-01
BAC|2025-06-03T00:00:00|Long,BAC,2025-06-03,Long,-0.0064949810888418336,0.009854392198709316,-0.006942919657266788,True,0.007166846223706225,0.011646061036862942,-0.01433377788295842,True,0.009854392198709316,0.016797311855976105,-0.01433377788295842,True,-0.009406539065830666,0.01702123842241554,-0.022172489241528814,True,0.09092939350160156,0.0913773320700264,-0.022172489241528814,True,20,True,True,True,False,True,False,13,8,STOP_BEFORE_TARGET,True,False,True,False,False,14,,TARGET_BEFORE_STOP,2025-06-04,2025-06-06,2025-06-10,2025-06-17,2025-07-02
BAC|2025-06-04T00:00:00|Long,BAC,2025-06-04,Long,0.0004508669406781962,0.004959450353384076,-0.00789004247075431,True,0.011496806008027827,0.02344456495080971,-0.00789004247075431,True,0.008340823417356535,0.023669955424110656,-0.00789004247075431,True,0.01577999894743254,0.023669955424110656,-0.01577999894743254,True,0.10302073110787546,0.11158703099260903,-0.01577999894743254,True,20,True,True,False,True,False,False,12,,TARGET_BEFORE_STOP,True,False,True,False,False,13,,TARGET_BEFORE_STOP,2025-06-05,2025-06-09,2025-06-11,2025-06-18,2025-07-03
BAC|2025-06-05T00:00:00|Long,BAC,2025-06-05,Long,0.013294279819469734,0.01780074542174015,0.0058584568561446115,True,0.015998176371896378,0.022983335583930176,0.0058584568561446115,True,0.005407793104853287,0.023208624481914963,-0.008111775612601457,True,0.025236568385065494,0.028616503542089777,-0.016223551225202804,True,0.09643980793799112,0.11108607901133505,-0.016223551225202804,True,20,True,True,False,True,False,False,11,,TARGET_BEFORE_STOP,True,False,True,False,False,12,,TARGET_BEFORE_STOP,2025-06-06,2025-06-10,2025-06-12,2025-06-20,2025-07-07
BAC|2025-06-06T00:00:00|Long,BAC,2025-06-06,Long,-0.0022237555282146326,0.009561936702323637,-0.0042250930898080075,True,-0.005336928440115463,0.009784269841345283,-0.009339603563302101,True,-0.01956862451029029,0.009784269841345283,-0.029130561212613926,True,0.029575227490657108,0.031131813946607467,-0.029130561212613926,True,0.048476767756282735,0.09650878440692279,-0.029130561212613926,True,20,True,True,True,False,True,False,10,4,STOP_BEFORE_TARGET,True,False,True,False,False,13,,TARGET_BEFORE_STOP,2025-06-09,2025-06-11,2025-06-13,2025-06-23,2025-07-08
BAC|2025-06-09T00:00:00|Long,BAC,2025-06-09,Long,0.004903080587033148,0.007354620880549723,-0.0026743689489926448,True,-0.0055716515701174085,0.012034787795450974,-0.01894358133173657,True,-0.010251818485018438,0.012034787795450974,-0.026966773195370553,True,0.039893045646037795,0.05170491976935665,-0.026966773195370553,True,0.043904641577854786,0.09895258629594417,-0.026966773195370553,True,20,True,True,True,False,True,False,9,4,STOP_BEFORE_TARGET,True,False,True,False,False,10,,TARGET_BEFORE_STOP,2025-06-10,2025-06-12,2025-06-16,2025-06-24,2025-07-09
BAC|2025-06-10T00:00:00|Long,BAC,2025-06-10,Long,-0.007984045445404653,0.00709691048439387,-0.011976068168106924,True,-0.02217786641419217,0.00709691048439387,-0.03171435574044257,True,-0.019072978652500683,0.00709691048439387,-0.03171435574044257,True,0.03903300766416584,0.04657348562906516,-0.03171435574044257,True,0.0416944125471983,0.09359062334048196,-0.03171435574044257,True,20,True,True,True,False,True,False,9,2,STOP_BEFORE_TARGET,True,True,False,True,False,11,3,STOP_BEFORE_TARGET,2025-06-11,2025-06-13,2025-06-17,2025-06-25,2025-07-10
BAC|2025-06-11T00:00:00|Long,BAC,2025-06-11,Long,-0.002459213312705155,-0.0017884645020370682,-0.0158729955675998,True,-0.007154028573643445,0.003577014286821667,-0.0239212990336356,True,0.007377639938115355,0.010507516778740955,-0.0239212990336356,True,0.06103285424044147,0.06371567891761876,-0.0239212990336356,True,0.0447127212266456,0.10239217254473743,-0.0239212990336356,True,20,True,True,True,False,True,False,7,2,STOP_BEFORE_TARGET,True,False,True,False,False,8,,TARGET_BEFORE_STOP,2025-06-12,2025-06-16,2025-06-18,2025-06-26,2025-07-11
BAC|2025-06-12T00:00:00|Long,BAC,2025-06-12,Long,-0.011878054504347979,-0.0035858326141234853,-0.021514995684741134,True,-0.008740461653613973,0.0060511085662697806,-0.021514995684741134,True,0.0197221221241759,0.023083877603101266,-0.021514995684741134,True,0.05602868802880079,0.06835498229653836,-0.021514995684741134,True,0.0549081313668236,0.10510987345754619,-0.021514995684741134,True,20,True,True,True,False,True,False,6,1,STOP_BEFORE_TARGET,True,False,True,False,False,7,,TARGET_BEFORE_STOP,2025-06-13,2025-06-17,2025-06-20,2025-06-27,2025-07-14
BAC|2025-06-13T00:00:00|Long,BAC,2025-06-13,Long,0.007257874659032826,0.018144686647581842,0.005896990715205108,True,0.022000481228081625,0.025175790576322132,-0.0006803987115684418,True,0.050124723901660895,0.05171237857578115,-0.0006803987115684418,True,0.07325923182258687,0.08119750519318814,-0.0006803987115684418,True,0.04672264382312785,0.11839422097159447,-0.0006803987115684418,True,20,True,True,False,True,False,False,4,,TARGET_BEFORE_STOP,True,False,True,False,False,5,,TARGET_BEFORE_STOP,2025-06-16,2025-06-18,2025-06-23,2025-06-30,2025-07-15
BAC|2025-06-16T00:00:00|Long,BAC,2025-06-16,Long,-0.004053148070124801,0.005854499491702914,-0.00788107352676537,True,0.024544025136973957,0.027921677161164338,-0.00788107352676537,True,0.05066426497930099,0.06259848657619105,-0.00788107352676537,True,0.08421530491594309,0.09029494112387115,-0.00788107352676537,True,0.03647824673386402,0.11033554475827012,-0.00788107352676537,True,20,True,True,False,True,False,False,4,,TARGET_BEFORE_STOP,True,False,True,False,False,5,,TARGET_BEFORE_STOP,2025-06-17,2025-06-20,2025-06-24,2025-07-01,2025-07-16
BAC|2025-06-17T00:00:00|Long,BAC,2025-06-17,Long,0.01876558534128181,0.021930844014068862,-0.00045219213137392966,True,0.04680080751182292,0.048383436848216554,-0.00045219213137392966,True,0.059235789260699834,0.06692288300039606,-0.00045219213137392966,True,0.10128870876334206,0.1017409008947161,-0.00045219213137392966,True,0.06307937925396323,0.11485421396406914,-0.00045219213137392966,True,20,True,True,False,True,False,False,2,,TARGET_BEFORE_STOP,True,False,True,False,False,4,,TARGET_BEFORE_STOP,2025-06-18,2025-06-23,2025-06-25,2025-07-02,2025-07-17
BAC|2025-06-18T00:00:00|Long,BAC,2025-06-18,Long,0.009764727325769496,0.013093655894507172,0.0046604322696965905,True,0.035508176328407304,0.04727024386378531,0.0011096146368558824,True,0.05326226449261107,0.055925441210869176,0.0011096146368558824,True,0.08588545969682726,0.09431868332163784,0.0011096146368558824,True,0.05015530964614667,0.09431868332163784,-0.0011096992950260232,True,20,True,True,False,True,False,False,3,,TARGET_BEFORE_STOP,True,False,True,False,False,5,,TARGET_BEFORE_STOP,2025-06-20,2025-06-24,2025-06-26,2025-07-03,2025-07-18
BAC|2025-06-20T00:00:00|Long,BAC,2025-06-20,Long,0.017582400814517563,0.019120855645819113,-0.008571415157108464,True,0.029670296134529428,0.03714282696063709,-0.008571415157108464,True,0.03560437212933554,0.047692267449347625,-0.008571415157108464,True,0.06945054609696943,0.0837362939184838,-0.008571415157108464,True,0.04351647345574339,0.0837362939184838,-0.01076926765861097,True,20,True,True,False,True,False,False,2,,TARGET_BEFORE_STOP,True,False,True,False,False,7,,TARGET_BEFORE_STOP,2025-06-23,2025-06-25,2025-06-27,2025-07-07,2025-07-21
BAC|2025-06-23T00:00:00|Long,BAC,2025-06-23,Long,0.007775391280425925,0.019222449337235492,0.005831543460319333,True,0.025053992797554825,0.027645844818277476,0.00345572030342578,True,0.022030247830916228,0.029589610247512832,0.00345572030342578,True,0.018358581054532364,0.06501084634621623,0.00345572030342578,True,0.0317494869314483,0.06501084634621623,-0.02786179129123545,True,20,True,True,True,True,False,False,6,16,TARGET_BEFORE_STOP,True,False,True,False,False,7,,TARGET_BEFORE_STOP,2025-06-24,2025-06-26,2025-06-30,2025-07-08,2025-07-22
BAC|2025-06-24T00:00:00|Long,BAC,2025-06-24,Long,0.00407198086863092,0.006858116070953324,-0.004286342983144009,True,0.009858531632596312,0.021645913519847904,-0.004286342983144009,True,0.031933169381470394,0.037719638390243615,-0.004286342983144009,True,0.0038577005093103356,0.056793860577474486,-0.004286342983144009,True,0.031718807266957416,0.056793860577474486,-0.03536222741694717,True,20,True,True,True,True,False,False,5,15,TARGET_BEFORE_STOP,True,True,True,False,False,7,15,TARGET_BEFORE_STOP,2025-06-25,2025-06-27,2025-07-01,2025-07-09,2025-07-23
BAC|2025-06-25T00:00:00|Long,BAC,2025-06-25,Long,0.013020290933168699,0.015581715703509191,0.0010673010327937327,True,0.010032043458074957,0.0175026621458092,0.0010673010327937327,True,0.03970118828027247,0.04012809240866266,0.0010673010327937327,True,0.0025614247703404924,0.052508067861064545,-0.0029882474750937416,True,0.03287088507330482,0.052508067861064545,-0.03927428415188239,True,20,True,True,True,True,False,False,4,14,TARGET_BEFORE_STOP,True,True,True,False,False,6,14,TARGET_BEFORE_STOP,2025-06-26,2025-06-30,2025-07-02,2025-07-10,2025-07-24
BAC|2025-06-26T00:00:00|Long,BAC,2025-06-26,Long,-0.0071639308711897165,0.00442475955591326,-0.011588690427102977,True,0.014538610508148864,0.020227541150263928,-0.011588690427102977,True,0.030973477645600322,0.03898024282566026,-0.011588690427102977,True,-0.015381364439915446,0.03898024282566026,-0.02549513501504741,True,0.02085970707046836,0.03898024282566026,-0.05162243595029925,True,20,True,True,True,True,False,False,5,10,TARGET_BEFORE_STOP,False,True,False,True,False,,12,STOP_BEFORE_TARGET,2025-06-27,2025-07-01,2025-07-03,2025-07-11,2025-07-25
BAC|2025-06-27T00:00:00|Long,BAC,2025-06-27,Long,0.0042444984608036584,0.010611205673471735,-0.0019100202595079274,True,0.033743637279923355,0.03416809522171116,-0.003820040519015855,True,0.032682532903991035,0.04647713266233411,-0.003820040519015855,True,-0.0010611043759323202,0.04647713266233411,-0.018463475203860047,True,0.0235568895482392,0.04647713266233411,-0.044779300895182894,True,20,True,True,True,True,False,False,3,11,TARGET_BEFORE_STOP,False,True,False,True,False,,12,STOP_BEFORE_TARGET,2025-06-30,2025-07-02,2025-07-07,2025-07-14,2025-07-28
BAC|2025-06-30T00:00:00|Long,BAC,2025-06-30,Long,0.017540190963810876,0.02324595268840235,-0.008030453731317277,True,0.0340236817568631,0.04205413548818049,-0.008030453731317277,True,-0.003592522612883897,0.04205413548818049,-0.011834348624314761,True,-0.02472523618957856,0.04205413548818049,-0.028951795027898353,True,0.01331363212549097,0.04205413548818049,-0.04881659738353039,True,20,True,True,True,True,False,False,3,8,TARGET_BEFORE_STOP,False,True,False,True,False,,11,STOP_BEFORE_TARGET,2025-07-01,2025-07-03,2025-07-08,2025-07-15,2025-07-29
BAC|2025-07-01T00:00:00|Long,BAC,2025-07-01,Long,0.011630270837951429,0.01204564897148952,-0.0018691619882819088,True,0.010591865116745591,0.024091377168257155,-0.0018691619882819088,True,-0.027206673557153227,0.024091377168257155,-0.029906591812511207,True,-0.04402913145169074,0.024091377168257155,-0.06521294091046004,True,-0.003946052655972032,0.024091377168257155,-0.06521294091046004,True,20,True,False,True,False,True,False,,4,STOP_BEFORE_TARGET,False,True,False,True,False,,7,STOP_BEFORE_TARGET,2025-07-02,2025-07-07,2025-07-09,2025-07-16,2025-07-30
BAC|2025-07-02T00:00:00|Long,BAC,2025-07-02,Long,0.004516551526137391,0.012317846440067504,0.0020530135639078573,True,-0.03202622845236369,0.012317846440067504,-0.04003286387991445,True,-0.03572157455293801,0.012317846440067504,-0.041059331504638474,True,-0.03469510692821398,0.012317846440067504,-0.07595977894647321,True,-0.029562690490134158,0.012317846440067504,-0.07595977894647321,True,20,True,False,True,False,True,False,,3,STOP_BEFORE_TARGET,False,True,False,True,False,,3,STOP_BEFORE_TARGET,2025-07-03,2025-07-08,2025-07-10,2025-07-17,2025-07-31
BAC|2025-07-03T00:00:00|Long,BAC,2025-07-03,Long,-0.005518096384215854,0.005722435674443638,-0.011444949311226083,True,-0.04271408419277711,0.005722435674443638,-0.04537096273977126,True,-0.044962206196976884,0.005722435674443638,-0.054772129337025466,True,-0.03290416105272853,0.005722435674443638,-0.08011448925390507,True,-0.06683017448127371,0.005722435674443638,-0.08011448925390507,True,20,True,False,True,False,True,False,,2,STOP_BEFORE_TARGET,False,True,False,True,False,,2,STOP_BEFORE_TARGET,2025-07-07,2025-07-09,2025-07-11,2025-07-18,2025-08-01
BAC|2025-07-07T00:00:00|Long,BAC,2025-07-07,Long,-0.031031613774522238,-0.017879139634461638,-0.03904647619886814,True,-0.034730756925780426,-0.017879139634461638,-0.0400739985420111,True,-0.032675712239494614,-0.017879139634461638,-0.0495273295308134,True,-0.024249903593835276,-0.012741449523817394,-0.07501030697337796,True,-0.05774766506581608,0.006987261686273394,-0.07501030697337796,True,20,True,False,True,False,True,False,,1,STOP_BEFORE_TARGET,False,True,False,True,False,,1,STOP_BEFORE_TARGET,2025-07-08,2025-07-10,2025-07-14,2025-07-21,2025-08-04
BAC|2025-07-08T00:00:00|Long,BAC,2025-07-08,Long,-0.006574790313015555,0.006362655935353123,-0.009331970883707186,True,-0.008907783033942351,0.006362655935353123,-0.0190880487116194,True,-0.021208907054883874,0.006362655935353123,-0.025450704646972633,True,0.013149499720471303,0.021633013999089012,-0.0453871290581217,True,-0.03372216545348783,0.03923644568931128,-0.050901409293945266,True,20,True,True,True,False,True,False,12,5,STOP_BEFORE_TARGET,False,True,False,True,False,,6,STOP_BEFORE_TARGET,2025-07-09,2025-07-11,2025-07-15,2025-07-22,2025-08-05
BAC|2025-07-09T00:00:00|Long,BAC,2025-07-09,Long,0.0027754284306520383,0.008112746944434868,-0.0012809857620741383,True,0.004910323259758265,0.008112746944434868,-0.012596074950168235,True,-0.017292941303422737,0.008112746944434868,-0.03906921061257895,True,0.027754039983467482,0.03138345892216887,-0.03906921061257895,True,-0.03031601150761576,0.046114428701443444,-0.044619986032865544,True,20,True,True,True,False,True,False,10,5,STOP_BEFORE_TARGET,False,True,False,True,False,,5,STOP_BEFORE_TARGET,2025-07-10,2025-07-14,2025-07-16,2025-07-23,2025-08-06
BAC|2025-07-10T00:00:00|Long,BAC,2025-07-10,Long,-0.005109680055980337,-0.003406426298783738,-0.015328958952331662,True,-0.01745794493321806,0.0021289859808864,-0.0217159981106001,True,0.0010644929904430889,0.005322546167825237,-0.041728823679612836,True,0.030232023249754825,0.04321904889374584,-0.041728823679612836,True,-0.043644943548654336,0.04321904889374584,-0.047264235959283085,True,20,True,True,True,False,True,False,10,3,STOP_BEFORE_TARGET,False,True,False,True,False,,4,STOP_BEFORE_TARGET,2025-07-11,2025-07-15,2025-07-17,2025-07-24,2025-08-07
BAC|2025-07-11T00:00:00|Long,BAC,2025-07-11,Long,0.007275843268104154,0.007275843268104154,-0.003851921826215521,True,-0.014979686920535196,0.007275843268104154,-0.03680721672484766,True,0.012625725623100603,0.013909726776081266,-0.03680721672484766,True,0.03680721672484766,0.048576941579294486,-0.03680721672484766,True,-0.015407687304862083,0.048576941579294486,-0.04237105845564437,True,20,True,True,True,False,True,False,7,3,STOP_BEFORE_TARGET,False,True,False,True,False,,3,STOP_BEFORE_TARGET,2025-07-14,2025-07-16,2025-07-18,2025-07-25,2025-08-08
BAC|2025-07-14T00:00:00|Long,BAC,2025-07-14,Long,-0.0195453192035282,-0.001274726443170393,-0.023794326304359847,True,-0.0010622315144405148,0.003186775586391244,-0.043764635365347804,True,0.008710428087323585,0.020607631761038414,-0.043764635365347804,True,0.024644143933140183,0.04100276859334673,-0.043764635365347804,True,-0.01933290531786791,0.04100276859334673,-0.049288287866280256,True,20,True,True,True,False,True,False,8,1,STOP_BEFORE_TARGET,False,True,False,True,False,,2,STOP_BEFORE_TARGET,2025-07-15,2025-07-17,2025-07-21,2025-07-28,2025-08-11
BAC|2025-07-15T00:00:00|Long,BAC,2025-07-15,Long,-0.0026002761129864105,0.008884070072721517,-0.02470212712141384,True,0.025352072161671124,0.02665221021816433,-0.02470212712141384,True,0.03510290093872137,0.04377024000603069,-0.02470212712141384,True,0.039003232449541514,0.0617551111568857,-0.02470212712141384,True,0.029252403672491267,0.0617551111568857,-0.03033589338223197,True,20,True,True,True,False,True,False,4,1,STOP_BEFORE_TARGET,True,True,True,False,False,7,15,TARGET_BEFORE_STOP,2025-07-16,2025-07-18,2025-07-22,2025-07-29,2025-08-12
BAC|2025-07-16T00:00:00|Long,BAC,2025-07-16,Long,0.021507749396510345,0.02585275848283275,-0.012817731223865647,True,0.03150121228314329,0.04366722115001487,-0.012817731223865647,True,0.04583968425609841,0.04953297098542664,-0.012817731223865647,True,0.041929184365823824,0.06452316531537594,-0.012817731223865647,True,0.026287267678880566,0.06452316531537594,-0.02780792555381484,True,20,True,True,True,True,False,False,3,14,TARGET_BEFORE_STOP,True,False,True,False,False,6,,TARGET_BEFORE_STOP,2025-07-17,2025-07-21,2025-07-23,2025-07-30,2025-08-13
BAC|2025-07-17T00:00:00|Long,BAC,2025-07-17,Long,0.006380247429602415,0.007656329367221826,-0.002552082745991391,True,0.015950659138629586,0.024457628668350218,-0.002552082745991391,True,0.02913651464370748,0.04210973039047272,-0.002552082745991391,True,0.005316886379543195,0.04210973039047272,-0.002552082745991391,True,0.014674577201010175,0.04210973039047272,-0.048277338061762265,True,20,True,True,True,True,False,False,5,11,TARGET_BEFORE_STOP,False,True,False,True,False,,11,STOP_BEFORE_TARGET,2025-07-18,2025-07-22,2025-07-24,2025-07-31,2025-08-14
BAC|2025-07-18T00:00:00|Long,BAC,2025-07-18,Long,0.0033812309476750624,0.015215579571989712,-0.002535903057029998,True,0.01732881868369729,0.020921421911485716,-0.002535903057029998,True,0.023879988913838357,0.03550296525803942,-0.002535903057029998,True,-0.035080301312717,0.03550296525803942,-0.04226542715338932,True,-0.008030453731317277,0.03550296525803942,-0.05431106744291292,True,20,True,True,True,True,False,False,4,10,TARGET_BEFORE_STOP,False,True,False,True,False,,10,STOP_BEFORE_TARGET,2025-07-21,2025-07-23,2025-07-25,2025-08-01,2025-08-15
BAC|2025-07-21T00:00:00|Long,BAC,2025-07-21,Long,0.006107854219109088,0.014532405925892888,-0.00042123963682605403,True,0.019165961587733538,0.03201348930956782,-0.00042123963682605403,True,0.01579612483637094,0.03201348930956782,-0.00042123963682605403,True,-0.03433026714048826,0.03201348930956782,-0.04549283631501844,True,0.009267030980435909,0.03201348930956782,-0.057497884763200724,True,20,True,True,True,True,False,False,3,9,TARGET_BEFORE_STOP,False,True,False,True,False,,9,STOP_BEFORE_TARGET,2025-07-22,2025-07-24,2025-07-28,2025-08-04,2025-08-18
BAC|2025-07-22T00:00:00|Long,BAC,2025-07-22,Long,0.007745424499459697,0.011304184851427701,0.000837364771698379,True,0.014234881696871815,0.025748367813474227,0.000837364771698379,True,0.003768061617142493,0.025748367813474227,0.000837364771698379,True,-0.04626332558708368,0.025748367813474227,-0.06321960286422512,True,0.0064894571974121185,0.025748367813474227,-0.06321960286422512,True,20,True,False,True,False,True,False,,8,STOP_BEFORE_TARGET,False,True,False,True,False,,8,STOP_BEFORE_TARGET,2025-07-23,2025-07-25,2025-07-29,2025-08-05,2025-08-19
BAC|2025-07-23T00:00:00|Long,BAC,2025-07-23,Long,0.0051931866051031506,0.017864574600233274,0.0014540859100897752,True,0.0018695503475067987,0.017864574600233274,-0.004154565132430399,True,-0.0037391006950134864,0.017864574600233274,-0.008309051023121738,True,-0.056501895620879594,0.017864574600233274,-0.07041959768652162,True,0.0043622577302693255,0.017864574600233274,-0.07041959768652162,True,20,True,False,True,False,True,False,,7,STOP_BEFORE_TARGET,False,True,False,True,False,,7,STOP_BEFORE_TARGET,2025-07-24,2025-07-28,2025-07-30,2025-08-06,2025-08-20
BAC|2025-07-24T00:00:00|Long,BAC,2025-07-24,Long,0.0012399539997483,0.0033064651669811873,-0.00929945791724307,True,-0.009092759501111103,0.0033064651669811873,-0.010332713500859403,True,-0.023145256168867756,0.0033064651669811873,-0.02479852816853223,True,-0.07170905692231577,0.0033064651669811873,-0.07522214167308094,True,-0.0026865275832808067,0.0033064651669811873,-0.07522214167308094,True,20,True,False,True,False,True,False,,5,STOP_BEFORE_TARGET,False,True,False,True,False,,6,STOP_BEFORE_TARGET,2025-07-25,2025-07-29,2025-07-31,2025-08-07,2025-08-21
BAC|2025-07-25T00:00:00|Long,BAC,2025-07-25,Long,-0.004540788797497974,0.0018575882594564774,-0.007636716740111682,True,-0.010113553575867296,0.0018575882594564774,-0.014654263638644749,True,-0.05758515730842839,0.0018575882594564774,-0.06460270420696146,True,-0.05036124670760922,0.0018575882594564774,-0.0763674036052786,True,0.021259004397885306,0.02497418091679804,-0.0763674036052786,True,20,True,False,True,False,True,False,,4,STOP_BEFORE_TARGET,False,True,False,True,False,,5,STOP_BEFORE_TARGET,2025-07-28,2025-07-30,2025-08-01,2025-08-08,2025-08-22
BAC|2025-07-28T00:00:00|Long,BAC,2025-07-28,Long,-0.005805489984541112,0.005805489984541001,-0.007049557450029442,True,-0.019904604884600108,0.005805489984541001,-0.02156336150525129,True,-0.04934690215020643,0.005805489984541001,-0.06033588793347888,True,-0.042919338885986535,0.005805489984541001,-0.07215425202707704,True,0.02591747899365715,0.02964960229625313,-0.07215425202707704,True,20,True,False,True,False,True,False,,3,STOP_BEFORE_TARGET,False,True,False,True,False,,4,STOP_BEFORE_TARGET,2025-07-29,2025-07-31,2025-08-04,2025-08-11,2025-08-25
BAC|2025-07-29T00:00:00|Long,BAC,2025-07-29,Long,0.00020851556567502705,0.01147026544962304,-0.004379542880736831,True,-0.04775809966821287,0.01147026544962304,-0.05484882223709919,True,-0.04984357354787927,0.01147026544962304,-0.06673619837380129,True,-0.009384791569956752,0.01147026544962304,-0.06673619837380129,True,0.04796661523388779,0.048175130799562815,-0.06673619837380129,True,20,True,True,True,False,True,False,18,3,STOP_BEFORE_TARGET,False,True,False,True,False,,3,STOP_BEFORE_TARGET,2025-07-30,2025-08-01,2025-08-05,2025-08-12,2025-08-26
BAC|2025-07-30T00:00:00|Long,BAC,2025-07-30,Long,-0.014386960798178472,0.001459543289417553,-0.01605505572273802,True,-0.04399500939595902,0.001459543289417553,-0.05504585988416233,True,-0.052960820767606775,0.001459543289417553,-0.06693075783464542,True,-0.015012456625316362,0.001459543289417553,-0.06693075783464542,True,0.05045875791991139,0.05567143525044416,-0.06693075783464542,True,20,True,True,True,False,True,False,17,2,STOP_BEFORE_TARGET,True,True,False,True,False,20,2,STOP_BEFORE_TARGET,2025-07-31,2025-08-04,2025-08-06,2025-08-13,2025-08-27
BAC|2025-07-31T00:00:00|Long,BAC,2025-07-31,Long,-0.034059669870113884,-0.0181933700449185,-0.04125239568554273,True,-0.03617514423340362,-0.0181933700449185,-0.05331077709667731,True,-0.04971445453904988,-0.0181933700449185,-0.05331077709667731,True,0.009308200178718584,0.010365937360363509,-0.05331077709667731,True,0.06811933974022777,0.07129255128516232,-0.05331077709667731,True,20,True,True,True,False,True,False,16,1,STOP_BEFORE_TARGET,True,True,False,True,False,16,1,STOP_BEFORE_TARGET,2025-08-01,2025-08-05,2025-08-07,2025-08-14,2025-08-28
BAC|2025-08-01T00:00:00|Long,BAC,2025-08-01,Long,0.004161161352254306,0.009855470092932084,-0.00043803017587629167,True,-0.0052562785648015975,0.009855470092932084,-0.01992991350094553,True,0.007665319213550736,0.01401663144518639,-0.01992991350094553,True,0.028033262890372557,0.047306172900360544,-0.01992991350094553,True,0.11125715830116478,0.11519926279262416,-0.01992991350094553,True,20,True,True,False,True,False,False,7,,TARGET_BEFORE_STOP,True,False,True,False,False,11,,TARGET_BEFORE_STOP,2025-08-04,2025-08-06,2025-08-08,2025-08-15,2025-08-29
BAC|2025-08-04T00:00:00|Long,BAC,2025-08-04,Long,-0.006324909716055038,0.0032715710113615515,-0.02399124341829506,True,-0.02028354059162507,0.0032715710113615515,-0.02399124341829506,True,0.0067612079303773776,0.014612911798039585,-0.02399124341829506,True,0.0451472140395508,0.047764504128442686,-0.02399124341829506,True,0.0996728428988638,0.11057796867072645,-0.02399124341829506,True,20,True,True,True,False,True,False,6,1,STOP_BEFORE_TARGET,True,False,True,False,False,12,,TARGET_BEFORE_STOP,2025-08-05,2025-08-07,2025-08-11,2025-08-18,2025-09-02
BAC|2025-08-05T00:00:00|Long,BAC,2025-08-05,Long,-0.0030729411792287387,0.008340589156363265,-0.003731386710234763,True,0.009877017881434691,0.01624227044477977,-0.01712033736793095,True,0.0425811801631395,0.046093029210314995,-0.01712033736793095,True,0.05531168528982944,0.05618958475480906,-0.01712033736793095,True,0.09877084864703423,0.1176469849449242,-0.01712033736793095,True,20,True,True,False,True,False,False,5,,TARGET_BEFORE_STOP,True,False,True,False,False,9,,TARGET_BEFORE_STOP,2025-08-06,2025-08-08,2025-08-12,2025-08-19,2025-09-03
BAC|2025-08-06T00:00:00|Long,BAC,2025-08-06,Long,-0.011008366802221947,0.007485692784997777,-0.014090696068896347,True,0.016292419821644755,0.024218457357192413,-0.014090696068896347,True,0.04007053242828751,0.05151915999388579,-0.014090696068896347,True,0.06450903617999448,0.06781157981553054,-0.014090696068896347,True,0.11448703154054307,0.12109203482444153,-0.014090696068896347,True,20,True,True,False,True,False,False,4,,TARGET_BEFORE_STOP,True,False,True,False,False,5,,TARGET_BEFORE_STOP,2025-08-07,2025-08-11,2025-08-13,2025-08-20,2025-09-04
BAC|2025-08-07T00:00:00|Long,BAC,2025-08-07,Long,0.024265365027139385,0.03072130731005407,0.0013357385515766484,True,0.05743548388740427,0.060997368436249255,0.0013357385515766484,True,0.06211044143488342,0.06322351443351737,0.0013357385515766484,True,0.0743544142639112,0.07969728354819172,0.0013357385515766484,True,0.10796977930803497,0.1335707979647247,0.0013357385515766484,True,20,True,True,False,True,False,False,1,,TARGET_BEFORE_STOP,True,False,True,False,False,3,,TARGET_BEFORE_STOP,2025-08-08,2025-08-12,2025-08-14,2025-08-21,2025-09-05
BAC|2025-08-08T00:00:00|Long,BAC,2025-08-08,Long,0.003260194117605586,0.011084593671714549,-0.0043468149432335235,True,0.026733392779932696,0.03803521112455632,-0.0043468149432335235,True,0.020213004544721525,0.03933930535363461,-0.0043468149432335235,True,0.07541841658966386,0.07933061636671845,-0.0043468149432335235,True,0.07498371851330443,0.10671593189591944,-0.0043468149432335235,True,20,True,True,False,True,False,False,2,,TARGET_BEFORE_STOP,True,False,True,False,False,8,,TARGET_BEFORE_STOP,2025-08-11,2025-08-13,2025-08-15,2025-08-22,2025-09-08
BAC|2025-08-11T00:00:00|Long,BAC,2025-08-11,Long,0.029029466139892435,0.032495667351785995,0.004332772175055899,True,0.03357883973536113,0.03466201211893627,0.004332772175055899,True,0.03812821333082983,0.040727926220316846,0.004332772175055899,True,0.07192373712735933,0.07582322382083428,0.004332772175055899,True,0.08947142724799595,0.10311954803440204,0.004332772175055899,True,20,True,True,False,True,False,False,1,,TARGET_BEFORE_STOP,True,False,True,False,False,7,,TARGET_BEFORE_STOP,2025-08-12,2025-08-14,2025-08-18,2025-08-25,2025-09-09
BAC|2025-08-12T00:00:00|Long,BAC,2025-08-12,Long,-0.005473648874383175,0.005473648874383175,-0.010736806769120033,True,-0.011789502595600299,0.006736835680509978,-0.012842118112664447,True,0.012210564864309159,0.013052609092310874,-0.014947349146792743,True,0.05789473684210522,0.05810522782175154,-0.014947349146792743,True,0.055368443539268064,0.07199996145148035,-0.014947349146792743,True,20,True,True,False,True,False,False,8,,TARGET_BEFORE_STOP,True,False,True,False,False,10,,TARGET_BEFORE_STOP,2025-08-13,2025-08-15,2025-08-19,2025-08-26,2025-09-10
BAC|2025-08-13T00:00:00|Long,BAC,2025-08-13,Long,0.009949140332484285,0.010372520033014476,-0.007409023632145573,True,0.014394506060918966,0.01693478426409989,-0.0095258413833752,True,0.023496967743764197,0.02667227512202963,-0.0095258413833752,True,0.06646907870622987,0.07176120383572471,-0.0095258413833752,True,0.07430140128748453,0.0787467670159192,-0.0095258413833752,True,20,True,True,False,True,False,False,7,,TARGET_BEFORE_STOP,True,False,True,False,False,7,,TARGET_BEFORE_STOP,2025-08-14,2025-08-18,2025-08-20,2025-08-27,2025-09-11
BAC|2025-08-14T00:00:00|Long,BAC,2025-08-14,Long,-0.016139184081734204,0.0023056091482374086,-0.01697752198987923,True,0.0077552453087859075,0.008593583216930822,-0.019283131138116638,True,0.011527965785259164,0.01655839301377071,-0.019283131138116638,True,0.05826876225824318,0.061412709314625724,-0.019283131138116638,True,0.06015516247444408,0.06811989231535587,-0.019283131138116638,True,20,True,True,False,True,False,False,6,,TARGET_BEFORE_STOP,True,False,True,False,False,8,,TARGET_BEFORE_STOP,2025-08-15,2025-08-19,2025-08-21,2025-08-28,2025-09-12
BAC|2025-08-15T00:00:00|Long,BAC,2025-08-15,Long,0.020877707092192166,0.023434220728597355,-0.003195520144227082,True,0.030038344453845234,0.03323394586559214,-0.003195520144227082,True,0.054111652957784306,0.05794634214487249,-0.003195520144227082,True,0.08095447726740246,0.08478908518697104,-0.003195520144227082,True,0.07775887585565555,0.08841077220478533,-0.003195520144227082,True,20,True,True,False,True,False,False,3,,TARGET_BEFORE_STOP,True,False,True,False,False,5,,TARGET_BEFORE_STOP,2025-08-18,2025-08-20,2025-08-22,2025-08-29,2025-09-15
BAC|2025-08-18T00:00:00|Long,BAC,2025-08-18,Long,0.00333897471250455,0.0041736387850921375,-0.006051692652567997,True,0.0070951620529950965,0.012103544516213205,-0.006051692652567997,True,0.03255428699707208,0.03631055394310123,-0.006051692652567997,True,0.05217028579980476,0.0626043429597658,-0.006051692652567997,True,0.05717866826302309,0.06615196378903265,-0.006051692652567997,True,20,True,True,False,True,False,False,4,,TARGET_BEFORE_STOP,True,False,True,False,False,7,,TARGET_BEFORE_STOP,2025-08-19,2025-08-21,2025-08-25,2025-09-02,2025-09-16
BAC|2025-08-19T00:00:00|Long,BAC,2025-08-19,Long,0.005615570565390859,0.00873540251560545,-0.0043677805984250195,True,0.029118087725974018,0.03286185432998279,-0.005615649906013154,True,0.04513307167853964,0.04534102344959701,-0.005615649906013154,True,0.04118135330347372,0.059068141217421655,-0.005615649906013154,True,0.0690515717218596,0.07383525586239914,-0.005615649906013154,True,20,True,True,False,True,False,False,3,,TARGET_BEFORE_STOP,True,False,True,False,False,6,,TARGET_BEFORE_STOP,2025-08-20,2025-08-22,2025-08-26,2025-09-03,2025-09-17
BAC|2025-08-20T00:00:00|Long,BAC,2025-08-20,Long,-0.0018614303087529649,0.0028956196228349107,-0.011168502954950643,True,0.0233712741215506,0.02709413473905653,-0.011168502954950643,True,0.04198557720908069,0.04715620818922028,-0.011168502954950643,True,0.04694933876737695,0.053154080164031114,-0.011168502954950643,True,0.07817999407005893,0.07942089501084926,-0.011168502954950643,True,20,True,True,False,True,False,False,4,,TARGET_BEFORE_STOP,True,False,True,False,False,7,,TARGET_BEFORE_STOP,2025-08-21,2025-08-25,2025-08-27,2025-09-04,2025-09-18
BAC|2025-08-21T00:00:00|Long,BAC,2025-08-21,Long,0.0252797609435218,0.02900956433009738,0.004144234767828658,True,0.04123501342060498,0.04144218958887991,0.004144234767828658,True,0.04620811095094024,0.049316227743283925,0.004144234767828658,True,0.03128889740463836,0.05511810899142189,0.004144234767828658,True,0.08267720300948489,0.09117284871341713,0.004144234767828658,True,20,True,True,False,True,False,False,3,,TARGET_BEFORE_STOP,True,False,True,False,False,6,,TARGET_BEFORE_STOP,2025-08-22,2025-08-26,2025-08-28,2025-09-05,2025-09-19
BAC|2025-08-22T00:00:00|Long,BAC,2025-08-22,Long,0.0,0.003637839669382581,-0.0054567595040739825,True,0.018189198346913127,0.023241744877084303,-0.0054567595040739825,True,0.02546487768567829,0.0291026402593193,-0.0054567595040739825,True,-0.0004042129739026956,0.0291026402593193,-0.012126080834114261,True,,,,False,20,False,True,,True,False,False,15,,TARGET_BEFORE_STOP,True,,True,False,False,18,,TARGET_BEFORE_STOP,2025-08-25,2025-08-27,2025-08-29,2025-09-08,
BAC|2025-08-25T00:00:00|Long,BAC,2025-08-25,Long,0.015561852564416334,0.015763920503496953,-0.00464833355626848,True,0.020412331155507113,0.023443812816164922,-0.00464833355626848,True,0.018997547198976728,0.0291026402593193,-0.00464833355626848,True,0.016370278512221725,0.0291026402593193,-0.012126080834114261,True,,,,False,20,False,True,,True,False,False,14,,TARGET_BEFORE_STOP,True,,True,False,False,17,,TARGET_BEFORE_STOP,2025-08-26,2025-08-28,2025-09-02,2025-09-09,
BAC|2025-08-26T00:00:00|Long,BAC,2025-08-26,Long,0.002587085932641564,0.007562210310750883,-0.005174095950909563,True,0.00975127718341895,0.013333296894434188,-0.005174095950909563,True,-0.0037810671981887145,0.013333296894434188,-0.011542324996113185,True,-0.002388038445467977,0.013333296894434188,-0.02726366033601524,True,,,,False,20,False,True,True,False,True,False,16,7,STOP_BEFORE_TARGET,,,,,,,,CENSORED,2025-08-27,2025-08-29,2025-09-03,2025-09-10,
BAC|2025-08-27T00:00:00|Long,BAC,2025-08-27,Long,0.002183418182203578,0.005160744660995142,-0.0019849600376775633,True,0.0007939082965877642,0.010718481329525797,-0.014092951252819064,True,0.00476375265345963,0.010718481329525797,-0.014092951252819064,True,0.0073441628431987205,0.0115124653445966,-0.029773719098813767,True,,,,False,20,False,True,True,False,True,False,15,6,STOP_BEFORE_TARGET,,,,,,,,CENSORED,2025-08-28,2025-09-02,2025-09-04,2025-09-11,
BAC|2025-08-28T00:00:00|Long,BAC,2025-08-28,Long,0.004951475375106318,0.008516468135945754,0.0003960515429124456,True,-0.008516543689464195,0.008516468135945754,-0.01624090873958528,True,-0.014260273257431733,0.008516468135945754,-0.024955478200505588,True,0.0017825341571788833,0.009308722328807306,-0.03188751350424701,True,,,,False,20,False,True,True,False,True,False,14,5,STOP_BEFORE_TARGET,,True,False,True,False,,6,STOP_BEFORE_TARGET,2025-08-29,2025-09-03,2025-09-05,2025-09-12,
BAC|2025-08-29T00:00:00|Long,BAC,2025-08-29,Long,-0.0063067303692520005,-0.005321254411354448,-0.021087967562594234,True,-0.0023650520814421094,0.0017737514704514457,-0.021087967562594234,True,-0.025226695933227572,0.0017737514704514457,-0.03665748026849036,True,-0.002956277511172445,0.00689788061772223,-0.03665748026849036,True,,,,False,20,False,True,True,False,True,False,14,1,STOP_BEFORE_TARGET,,True,False,True,False,,5,STOP_BEFORE_TARGET,2025-09-02,2025-09-04,2025-09-08,2025-09-15,
BAC|2025-09-02T00:00:00|Long,BAC,2025-09-02,Long,-0.007139960506306164,0.0029750402881072446,-0.014279996671029638,True,-0.012891664712157525,0.00813176669970428,-0.02360171895924279,True,-0.0025782875473810973,0.00813176669970428,-0.030543378753603245,True,0.004760049329288085,0.013288417452883783,-0.030543378753603245,True,,,,False,20,False,True,True,False,True,False,12,3,STOP_BEFORE_TARGET,,True,False,True,False,,4,STOP_BEFORE_TARGET,2025-09-03,2025-09-05,2025-09-09,2025-09-16,
BAC|2025-09-03T00:00:00|Long,BAC,2025-09-03,Long,0.011186527032189142,0.015381550871760519,0.0011985129234486358,True,-0.011985662651988749,0.015381550871760519,-0.02357171939282765,True,0.001398315879023615,0.015381550871760519,-0.02357171939282765,True,0.02676788085952464,0.03136235820524513,-0.02357171939282765,True,,,,False,20,False,True,True,False,True,False,10,3,STOP_BEFORE_TARGET,True,,True,False,False,12,,TARGET_BEFORE_STOP,2025-09-04,2025-09-08,2025-09-10,2025-09-17,
BAC|2025-09-04T00:00:00|Long,BAC,2025-09-04,Long,-0.016791752114907577,0.003358395638675127,-0.02745949069494935,True,-0.006519123337032751,0.003358395638675127,-0.03437372383414916,True,0.0025681760343410076,0.006716715917860938,-0.03437372383414916,True,0.029830149507951598,0.03101540355496324,-0.03437372383414916,True,,,,False,20,False,True,True,False,True,False,10,1,STOP_BEFORE_TARGET,,True,False,True,False,,2,STOP_BEFORE_TARGET,2025-09-05,2025-09-09,2025-09-11,2025-09-18,
BAC|2025-09-05T00:00:00|Long,BAC,2025-09-05,Long,-0.006228679333730169,0.002812927232485052,-0.017882245960671006,True,0.007233285252972177,0.017279497738429406,-0.017882245960671006,True,0.01627489181918751,0.023909958122641628,-0.017882245960671006,True,0.04982920473028596,0.05806709590250003,-0.017882245960671006,True,,,,False,20,False,True,,True,False,False,8,,TARGET_BEFORE_STOP,True,,True,False,False,10,,TARGET_BEFORE_STOP,2025-09-08,2025-09-10,2025-09-12,2025-09-19,
BAC|2025-09-08T00:00:00|Long,BAC,2025-09-08,Long,0.016781274695074844,0.022240240784066057,0.0,True,0.026081701160652226,0.03032753796533938,0.0,True,0.022846766862759216,0.03295594618453901,0.0,True,,,,False,,,,False,20,False,True,,True,False,False,3,,TARGET_BEFORE_STOP,True,,True,False,False,8,,TARGET_BEFORE_STOP,2025-09-09,2025-09-11,2025-09-15,,
BAC|2025-09-09T00:00:00|Long,BAC,2025-09-09,Long,-0.0031815439351624564,0.0067607903439690364,-0.006363087870324913,True,0.005766572086854049,0.013322691524120689,-0.006363087870324913,True,0.0073573061274399,0.01590771967581217,-0.006363087870324913,True,,,,False,,,,False,20,False,True,,True,False,False,7,,TARGET_BEFORE_STOP,,,,,,,,CENSORED,2025-09-10,2025-09-12,2025-09-16,,
BAC|2025-09-10T00:00:00|Long,BAC,2025-09-10,Long,0.012367822036196019,0.016556912002248847,-0.0027927266440351817,True,0.00917612357214237,0.019150190784321675,-0.0027927266440351817,True,0.02533413985046651,0.029922201636537915,-0.0027927266440351817,True,,,,False,,,,False,20,False,True,,True,False,False,6,,TARGET_BEFORE_STOP,True,,True,False,False,7,,TARGET_BEFORE_STOP,2025-09-11,2025-09-15,2025-09-17,,
BAC|2025-09-11T00:00:00|Long,BAC,2025-09-11,Long,-0.003349717614685943,0.0035468040428725534,-0.00571430375423343,True,-0.0017734020214362767,0.006699510395820507,-0.01064041212861766,True,0.027192139273206628,0.028374357176531806,-0.01064041212861766,True,,,,False,,,,False,20,False,True,,True,False,False,6,,TARGET_BEFORE_STOP,,,,,,,,CENSORED,2025-09-12,2025-09-16,2025-09-18,,
BAC|2025-09-12T00:00:00|Long,BAC,2025-09-12,Long,0.00019767341184762088,0.010083003224014897,-0.0023725334566586653,True,0.016211934858427757,0.02075917752173506,-0.007315198362742303,True,0.0330169653714798,0.04112293280069368,-0.007315198362742303,True,,,,False,,,,False,20,False,True,,True,False,False,4,,TARGET_BEFORE_STOP,,,,,,,,CENSORED,2025-09-15,2025-09-17,2025-09-19,,
BAC|2025-09-15T00:00:00|Long,BAC,2025-09-15,Long,0.0013836666260740316,0.005732376253264615,-0.007511386973099166,True,0.03044081658198139,0.031626773459087376,-0.007511386973099166,True,,,,False,,,,False,,,,False,20,False,True,,True,False,False,3,,TARGET_BEFORE_STOP,,,,,,,,CENSORED,2025-09-16,2025-09-18,,,
BAC|2025-09-16T00:00:00|Long,BAC,2025-09-16,Long,0.014607218331932126,0.019147280371590414,0.002566148213714925,True,0.031385711752407675,0.03947887891875235,0.002566148213714925,True,,,,False,,,,False,,,,False,20,False,True,,True,False,False,2,,TARGET_BEFORE_STOP,,,,,,,,CENSORED,2025-09-17,2025-09-19,,,
BAC|2025-09-17T00:00:00|Long,BAC,2025-09-17,Long,0.014202325302826946,0.0153695929450961,-0.0019455697636119318,True,,,,False,,,,False,,,,False,,,,False,20,False,,,,,,,,CENSORED,,,,,,,,CENSORED,2025-09-18,,,,
BAC|2025-09-18T00:00:00|Long,BAC,2025-09-18,Long,0.0023019169274132167,0.010166866841309963,-0.00709769305583885,True,,,,False,,,,False,,,,False,,,,False,20,False,,,,,,,,CENSORED,,,,,,,,CENSORED,2025-09-19,,,,
BAC|2025-09-19T00:00:00|Long,BAC,2025-09-19,Long,,,,False,,,,False,,,,False,,,,False,,,,False,20,False,,,,,,,,CENSORED,,,,,,,,CENSORED,,,,,
