observation_id,symbol,timestamp,direction,forward_return_1,mfe_1,mae_1,complete_1,forward_return_3,mfe_3,mae_3,complete_3,forward_return_5,mfe_5,mae_5,complete_5,forward_return_10,mfe_10,mae_10,complete_10,forward_return_20,mfe_20,mae_20,complete_20,path_horizon,path_complete,target_3_stop_2_target_hit,target_3_stop_2_stop_hit,target_3_stop_2_target_before_stop,target_3_stop_2_stop_before_target,target_3_stop_2_neither,target_3_stop_2_bars_to_target,target_3_stop_2_bars_to_stop,target_3_stop_2_path_status,target_5_stop_3_target_hit,target_5_stop_3_stop_hit,target_5_stop_3_target_before_stop,target_5_stop_3_stop_before_target,target_5_stop_3_neither,target_5_stop_3_bars_to_target,target_5_stop_3_bars_to_stop,target_5_stop_3_path_status,label_end_1,label_end_3,label_end_5,label_end_10,label_end_20
MU|2021-09-23T00:00:00|Long,MU,2021-09-23,Long,0.00013509097929209624,0.006212845472509887,-0.013101042797254991,True,-0.012695872903603855,0.024851381890039326,-0.013236133776547199,True,-0.041328977860020766,0.024851381890039326,-0.05159372835749254,True,-0.04727174441817161,0.024851381890039326,-0.06766615443382296,True,-0.07293356913973836,0.024851381890039326,-0.11304703731880572,True,20,True,False,True,False,True,False,,4,STOP_BEFORE_TARGET,False,True,False,True,False,,4,STOP_BEFORE_TARGET,2021-09-24,2021-09-28,2021-09-30,2021-10-07,2021-10-21
MU|2021-09-24T00:00:00|Long,MU,2021-09-24,Long,0.015259921767027507,0.024712952413804334,-0.007292382083359361,True,-0.03254562542590156,0.024712952413804334,-0.0517218321838242,True,-0.0413234984723696,0.024712952413804334,-0.05334239587911738,True,-0.0530722504147485,0.024712952413804334,-0.0677920873136516,True,-0.08831871230249866,0.024712952413804334,-0.11316684047879422,True,20,True,False,True,False,True,False,,3,STOP_BEFORE_TARGET,False,True,False,True,False,,3,STOP_BEFORE_TARGET,2021-09-27,2021-09-29,2021-10-01,2021-10-08,2021-10-22
MU|2021-09-27T00:00:00|Long,MU,2021-09-27,Long,-0.02766695693816712,-0.0025273003542827244,-0.028199025511789988,True,-0.05586588096825318,-0.0025273003542827244,-0.06597498090368037,True,-0.060654396649155284,-0.0025273003542827244,-0.06757118662454908,True,-0.07927639079914106,-0.0025273003542827244,-0.08180369115342379,True,-0.08539502717324843,-0.0025273003542827244,-0.12649643652070786,True,20,True,False,True,False,True,False,,1,STOP_BEFORE_TARGET,False,True,False,True,False,,2,STOP_BEFORE_TARGET,2021-09-28,2021-09-30,2021-10-04,2021-10-11,2021-10-25
MU|2021-09-28T00:00:00|Long,MU,2021-09-28,Long,-0.01997262811147016,0.0030095926852995447,-0.0393980480647691,True,-0.028864578035505017,0.0030095926852995447,-0.04103967253928276,True,-0.03556769532685489,0.0030095926852995447,-0.047742789830632626,True,-0.08727766602726561,0.0030095926852995447,-0.10164159316372834,True,-0.05690829164911093,0.0030095926852995447,-0.10164159316372834,True,20,True,False,True,False,True,False,,1,STOP_BEFORE_TARGET,False,True,False,True,False,,1,STOP_BEFORE_TARGET,2021-09-29,2021-10-01,2021-10-05,2021-10-12,2021-10-26
MU|2021-09-29T00:00:00|Long,MU,2021-09-29,Long,-0.009212675018674177,0.013400322342986604,-0.01088775524765817,True,-0.014237809209331043,0.013400322342986604,-0.02149638370530005,True,-0.02372971751431685,0.013400322342986604,-0.036432169634114886,True,-0.07342269934455792,0.013400322342986604,-0.08333335108271589,True,-0.04745954152492893,0.013400322342986604,-0.08333335108271589,True,20,True,False,True,False,True,False,,2,STOP_BEFORE_TARGET,False,True,False,True,False,,5,STOP_BEFORE_TARGET,2021-09-30,2021-10-04,2021-10-06,2021-10-13,2021-10-27
MU|2021-09-30T00:00:00|Long,MU,2021-09-30,Long,0.00014080735930210864,0.008312148633238925,-0.012397926756741118,True,-0.006762515275180014,0.008312148633238925,-0.01930124939122313,True,-0.006198963378370559,0.009720974631995727,-0.027472590665159946,True,-0.044801354674283034,0.009720974631995727,-0.0748098751318188,True,-0.019723886442196803,0.009720974631995727,-0.0748098751318188,True,20,True,False,True,False,True,False,,4,STOP_BEFORE_TARGET,False,True,False,True,False,,8,STOP_BEFORE_TARGET,2021-10-01,2021-10-05,2021-10-07,2021-10-14,2021-10-28
MU|2021-10-01T00:00:00|Long,MU,2021-10-01,Long,-0.005211933065521812,0.008170190850938175,-0.008874450942045975,True,-0.014790751570076588,0.008170190850938175,-0.027609510402210602,True,-0.01225517880500615,0.009578818504554887,-0.027609510402210602,True,-0.046626252404538215,0.009578818504554887,-0.07494013036925773,True,-0.026623460297538926,0.009578818504554887,-0.07494013036925773,True,20,True,False,True,False,True,False,,3,STOP_BEFORE_TARGET,False,True,False,True,False,,7,STOP_BEFORE_TARGET,2021-10-04,2021-10-06,2021-10-08,2021-10-15,2021-10-29
MU|2021-10-04T00:00:00|Long,MU,2021-10-04,Long,-0.0016992741704168202,0.00835452159365957,-0.01430192717288381,True,-0.0011328494469445838,0.014868243861886565,-0.022514923611527515,True,-0.01982443318365157,0.014868243861886565,-0.022514923611527515,True,-0.04757859642697604,0.014868243861886565,-0.07009352003850344,True,0.0011327414124751023,0.014868243861886565,-0.07009352003850344,True,20,True,False,True,False,True,False,,2,STOP_BEFORE_TARGET,False,True,False,True,False,,6,STOP_BEFORE_TARGET,2021-10-05,2021-10-07,2021-10-11,2021-10-18,2021-11-01
MU|2021-10-05T00:00:00|Long,MU,2021-10-05,Long,-0.007943227781471607,-0.001702166618184786,-0.020851081144725225,True,-0.005390031963375397,0.01659571870844423,-0.020851081144725225,True,-0.053617003961657805,0.01659571870844423,-0.0685106642702793,True,-0.04156028801667777,0.01659571870844423,-0.0685106642702793,True,0.00368797356355266,0.01659571870844423,-0.0685106642702793,True,20,True,False,True,False,True,False,,1,STOP_BEFORE_TARGET,False,True,False,True,False,,5,STOP_BEFORE_TARGET,2021-10-06,2021-10-08,2021-10-12,2021-10-19,2021-11-02
MU|2021-10-06T00:00:00|Long,MU,2021-10-06,Long,0.008578759696552085,0.024735425609806017,0.00257363881745043,True,-0.01029455526980172,0.024735425609806017,-0.01086648712755156,True,-0.05090084449125887,0.024735425609806017,-0.061052389525411144,True,-0.023877691450453264,0.024735425609806017,-0.061052389525411144,True,0.01873030473070436,0.024735425609806017,-0.061052389525411144,True,20,True,False,True,False,True,False,,4,STOP_BEFORE_TARGET,False,True,False,True,False,,4,STOP_BEFORE_TARGET,2021-10-07,2021-10-11,2021-10-13,2021-10-20,2021-11-03
MU|2021-10-07T00:00:00|Long,MU,2021-10-07,Long,-0.005954042578596885,0.0056705630945186325,-0.011908193314188797,True,-0.05415366664651344,0.0056705630945186325,-0.06903888125000068,True,-0.038843178738411366,0.0056705630945186325,-0.06903888125000068,True,-0.026935093581217595,0.0056705630945186325,-0.06903888125000068,True,0.02409975795546071,0.027502160706369017,-0.06903888125000068,True,20,True,False,True,False,True,False,,3,STOP_BEFORE_TARGET,False,True,False,True,False,,3,STOP_BEFORE_TARGET,2021-10-08,2021-10-12,2021-10-14,2021-10-21,2021-11-04
MU|2021-10-08T00:00:00|Long,MU,2021-10-08,Long,-0.012835161018626362,0.003422673336692439,-0.013405624708879071,True,-0.05333721258797819,0.003422673336692439,-0.06346269827911022,True,-0.03479752347164855,0.003422673336692439,-0.06346269827911022,True,-0.037221912551604786,0.003422673336692439,-0.06346269827911022,True,0.03993147907427552,0.051625712712396465,-0.06346269827911022,True,20,True,True,True,False,True,False,19,2,STOP_BEFORE_TARGET,True,True,False,True,False,20,2,STOP_BEFORE_TARGET,2021-10-11,2021-10-13,2021-10-15,2021-10-22,2021-11-05
MU|2021-10-11T00:00:00|Long,MU,2021-10-11,Long,-0.03611672863207449,0.0030337919787533085,-0.05128579874534933,True,-0.020514275410336236,0.0030337919787533085,-0.05128579874534933,True,-0.028315502021205363,0.0030337919787533085,-0.05128579874534933,True,-0.006645464841960602,0.027448735804278313,-0.05128579874534933,True,0.07714527945274696,0.08393524207069825,-0.05128579874534933,True,20,True,True,True,False,True,False,17,1,STOP_BEFORE_TARGET,True,True,False,True,False,19,1,STOP_BEFORE_TARGET,2021-10-12,2021-10-14,2021-10-18,2021-10-25,2021-11-08
MU|2021-10-12T00:00:00|Long,MU,2021-10-12,Long,-0.005095982629863216,0.010491560782900367,-0.0073440925480301456,True,0.014388475223450214,0.026079104195663838,-0.0073440925480301456,True,0.01273978505050355,0.026079104195663838,-0.0073440925480301456,True,0.033273398982107016,0.06594726386955752,-0.0073440925480301456,True,0.1329435694679686,0.14313542037825888,-0.0073440925480301456,True,20,True,True,False,True,False,False,6,,TARGET_BEFORE_STOP,True,False,True,False,False,9,,TARGET_BEFORE_STOP,2021-10-13,2021-10-15,2021-10-19,2021-10-26,2021-11-09
MU|2021-10-13T00:00:00|Long,MU,2021-10-13,Long,0.0213920737736506,0.025610193551931504,0.006477859640972472,True,0.013257079229047175,0.031334768260292245,-0.0013557749565286104,True,0.028472423438540062,0.04248267266505512,-0.0013557749565286104,True,0.02802049845303034,0.07140713602424853,-0.0013557749565286104,True,0.10590549411825156,0.14899065680722345,-0.0013557749565286104,True,20,True,True,False,True,False,False,2,,TARGET_BEFORE_STOP,True,False,True,False,False,8,,TARGET_BEFORE_STOP,2021-10-14,2021-10-18,2021-10-20,2021-10-27,2021-11-10
MU|2021-10-14T00:00:00|Long,MU,2021-10-14,Long,-0.0017699519348166604,0.009734454321646657,-0.004719759298239756,True,-0.003392379743080709,0.009734454321646657,-0.022271416936039845,True,0.012389325959902608,0.02064887659983783,-0.022271416936039845,True,0.026253668129454732,0.04896754491721422,-0.022271416936039845,True,0.09955751764269283,0.12492615354077041,-0.022271416936039845,True,20,True,True,True,False,True,False,7,2,STOP_BEFORE_TARGET,True,False,True,False,False,14,,TARGET_BEFORE_STOP,2021-10-15,2021-10-19,2021-10-21,2021-10-28,2021-11-11
MU|2021-10-15T00:00:00|Long,MU,2021-10-15,Long,-0.006205646676292864,-0.0007388157732319822,-0.020537815948297733,True,0.008717439941345662,0.02245857914025695,-0.020537815948297733,True,-0.0025117932650527974,0.02245857914025695,-0.020537815948297733,True,0.02098106032125302,0.05082745901145014,-0.020537815948297733,True,0.14213951984640216,0.15277772297970693,-0.020537815948297733,True,20,True,True,True,False,True,False,6,1,STOP_BEFORE_TARGET,True,False,True,False,False,6,,TARGET_BEFORE_STOP,2021-10-18,2021-10-20,2021-10-22,2021-10-29,2021-11-12
MU|2021-10-18T00:00:00|Long,MU,2021-10-18,Long,0.004608943632887108,0.009366595798524502,-0.009218000697149287,True,0.020517353695928886,0.02884321662795064,-0.009218000697149287,True,0.022301515794808546,0.05738924305315063,-0.009218000697149287,True,0.05114473242275919,0.05738924305315063,-0.009218000697149287,True,0.1415402370012464,0.16384175279605495,-0.009218000697149287,True,20,True,True,False,True,False,False,5,,TARGET_BEFORE_STOP,True,False,True,False,False,5,,TARGET_BEFORE_STOP,2021-10-19,2021-10-21,2021-10-25,2021-11-01,2021-11-15
MU|2021-10-19T00:00:00|Long,MU,2021-10-19,Long,0.010359581935824869,0.024123091028263266,-0.008287665548659784,True,-0.0008879319056492863,0.024123091028263266,-0.008287665548659784,True,0.02027531082979972,0.05253815402976447,-0.008287665548659784,True,0.04721033677391895,0.05253815402976447,-0.008287665548659784,True,0.13674704610776112,0.15850228108396802,-0.008287665548659784,True,20,True,True,False,True,False,False,4,,TARGET_BEFORE_STOP,True,False,True,False,False,4,,TARGET_BEFORE_STOP,2021-10-20,2021-10-22,2021-10-26,2021-11-02,2021-11-16
MU|2021-10-20T00:00:00|Long,MU,2021-10-20,Long,0.005419697740963736,0.006298525359887508,-0.008788611449009553,True,0.007177464732068817,0.04174609995099621,-0.01743071437711252,True,-0.000439413809461775,0.04174609995099621,-0.01743071437711252,True,0.043650263709750003,0.044822108370486724,-0.01743071437711252,True,0.10531716412698078,0.14662373851525734,-0.01743071437711252,True,20,True,True,False,True,False,False,3,,TARGET_BEFORE_STOP,True,False,True,False,False,11,,TARGET_BEFORE_STOP,2021-10-21,2021-10-25,2021-10-27,2021-11-03,2021-11-17
MU|2021-10-21T00:00:00|Long,MU,2021-10-21,Long,-0.01646266409478414,0.006555899653898578,-0.022727237361091945,True,0.004370673869834807,0.03613058535818703,-0.022727237361091945,True,0.013694674384685523,0.03613058535818703,-0.022727237361091945,True,0.052447530683748855,0.055944114239958154,-0.022727237361091945,True,0.1220862081575389,0.14044288279965,-0.022727237361091945,True,20,True,True,True,False,True,False,2,1,STOP_BEFORE_TARGET,True,False,True,False,False,10,,TARGET_BEFORE_STOP,2021-10-22,2021-10-26,2021-10-28,2021-11-04,2021-11-18
MU|2021-10-22T00:00:00|Long,MU,2021-10-22,Long,0.018515774854777733,0.05347356682150339,0.01525698039852541,True,0.01081314922885035,0.05347356682150339,-0.000888834040727704,True,0.023552011369843084,0.05347356682150339,-0.000888834040727704,True,0.08013621480559063,0.09228255858987189,-0.000888834040727704,True,0.22989181087193766,0.24218631249822709,-0.000888834040727704,True,20,True,True,False,True,False,False,1,,TARGET_BEFORE_STOP,True,False,True,False,False,1,,TARGET_BEFORE_STOP,2021-10-25,2021-10-27,2021-10-29,2021-11-05,2021-11-19
MU|2021-10-25T00:00:00|Long,MU,2021-10-25,Long,0.002617805404065532,0.015415903514570006,-0.004217581537487192,True,0.011925533294772084,0.0231238552718549,-0.019051849146148103,True,0.02821400162507426,0.03214076520960685,-0.019051849146148103,True,0.0843512978791372,0.09118668482068992,-0.019051849146148103,True,0.21960439216107486,0.2750144770974483,-0.019051849146148103,True,20,True,True,False,True,False,False,5,,TARGET_BEFORE_STOP,True,False,True,False,False,8,,TARGET_BEFORE_STOP,2021-10-26,2021-10-28,2021-11-01,2021-11-08,2021-11-22
MU|2021-10-26T00:00:00|Long,MU,2021-10-26,Long,-0.010153822930767498,-0.0036263416180247754,-0.021613075723785347,True,0.002320801088610658,0.020452509178734646,-0.021613075723785347,True,0.026399762552533623,0.029445876231614765,-0.021613075723785347,True,0.09646059850572763,0.10632425213344154,-0.021613075723785347,True,0.23890340350221728,0.272265679987747,-0.021613075723785347,True,20,True,True,True,False,True,False,6,1,STOP_BEFORE_TARGET,True,False,True,False,False,7,,TARGET_BEFORE_STOP,2021-10-27,2021-10-29,2021-11-02,2021-11-09,2021-11-23
MU|2021-10-27T00:00:00|Long,MU,2021-10-27,Long,0.01963663553976458,0.030920291272046097,0.013774948283011623,True,0.03604922569581048,0.0400059121101326,-0.0029307877271838034,True,0.04410905964914402,0.04528141946097164,-0.0029307877271838034,True,0.07576210375417869,0.117672904904357,-0.0029307877271838034,True,0.2633353133535763,0.285316556714611,-0.0029307877271838034,True,20,True,True,False,True,False,False,1,,TARGET_BEFORE_STOP,True,False,True,False,False,6,,TARGET_BEFORE_STOP,2021-10-28,2021-11-01,2021-11-03,2021-11-10,2021-11-24
MU|2021-10-28T00:00:00|Long,MU,2021-10-28,Long,-0.0068985821256383195,-0.0004311408236192804,-0.022132809356150585,True,0.01695890017423274,0.019976995588810942,-0.022132809356150585,True,0.03822931823390152,0.041678664121342246,-0.022132809356150585,True,0.07142858709274891,0.09614824139061562,-0.022132809356150585,True,0.19890767424087086,0.26056333395102405,-0.022132809356150585,True,20,True,True,True,False,True,False,5,1,STOP_BEFORE_TARGET,True,False,True,False,False,6,,TARGET_BEFORE_STOP,2021-10-29,2021-11-02,2021-11-04,2021-11-11,2021-11-26
MU|2021-10-29T00:00:00|Long,MU,2021-10-29,Long,0.023154826475434875,0.027062268999649364,-0.002315427442082574,True,0.03111434983148542,0.03227211875798752,-0.002315427442082574,True,0.05528219651487931,0.06714905198422239,-0.002315427442082574,True,0.11866866510435203,0.1290882542101064,-0.002315427442082574,True,0.24659915038795632,0.26931984111868346,-0.002315427442082574,True,20,True,True,False,True,False,False,3,,TARGET_BEFORE_STOP,True,False,True,False,False,5,,TARGET_BEFORE_STOP,2021-11-01,2021-11-03,2021-11-05,2021-11-12,2021-11-29
MU|2021-11-01T00:00:00|Long,MU,2021-11-01,Long,0.0008487297111512415,0.002121662409529046,-0.009335163524802015,True,0.021782192107515197,0.025176895127654753,-0.009335163524802015,True,0.054596899249901965,0.061244724440717935,-0.009335163524802015,True,0.08599720075668049,0.10721360902750576,-0.009335163524802015,True,0.18811886316620963,0.24059410000658255,-0.009335163524802015,True,20,True,True,False,True,False,False,4,,TARGET_BEFORE_STOP,True,False,True,False,False,5,,TARGET_BEFORE_STOP,2021-11-02,2021-11-04,2021-11-08,2021-11-15,2021-11-30
MU|2021-11-02T00:00:00|Long,MU,2021-11-02,Long,0.006924785881523343,0.00805539397422339,-0.007066138848291437,True,0.03052566375784327,0.04211412715621221,-0.007066138848291437,True,0.06825881933074607,0.0778687724772511,-0.007066138848291437,True,0.08550021537189245,0.10627468083718483,-0.007066138848291437,True,0.20336346742816858,0.25847937200898574,-0.007066138848291437,True,20,True,True,False,True,False,False,3,,TARGET_BEFORE_STOP,True,False,True,False,False,4,,TARGET_BEFORE_STOP,2021-11-03,2021-11-05,2021-11-09,2021-11-16,2021-12-01
MU|2021-11-03T00:00:00|Long,MU,2021-11-03,Long,0.013894706859923334,0.017263205009594218,-0.0029473555715460176,True,0.046456106085526416,0.05305261444627196,-0.0029473555715460176,True,0.030315840871710575,0.07045609323601965,-0.0029473555715460176,True,0.05908770644873895,0.09866664953399118,-0.0029473555715460176,True,0.1632280316269188,0.24982460423519748,-0.0029473555715460176,True,20,True,True,False,True,False,False,2,,TARGET_BEFORE_STOP,True,False,True,False,False,3,,TARGET_BEFORE_STOP,2021-11-04,2021-11-08,2021-11-10,2021-11-17,2021-12-02
MU|2021-11-04T00:00:00|Long,MU,2021-11-04,Long,0.009413072055430183,0.02076412021535079,0.0016611676374678197,True,0.046373180691928306,0.05578625274735827,0.0016611676374678197,True,0.031976816947648645,0.05578625274735827,0.0016611676374678197,True,0.06616831285503388,0.08361020340722591,0.0016611676374678197,True,0.12984503267153125,0.2326966456960402,0.0016611676374678197,True,20,True,True,False,True,False,False,2,,TARGET_BEFORE_STOP,True,False,True,False,False,3,,TARGET_BEFORE_STOP,2021-11-05,2021-11-09,2021-11-11,2021-11-18,2021-12-03
MU|2021-11-05T00:00:00|Long,MU,2021-11-05,Long,0.022490392633428113,0.02893582917354154,0.0027427946058546926,True,0.006719768314156882,0.04594073722217629,0.0027427946058546926,True,0.060065894031766875,0.06993964073209535,0.0027427946058546926,True,0.13864510236174343,0.1500274645654791,0.0027427946058546926,True,0.13069115494513883,0.2212013890269382,0.0027427946058546926,True,20,True,True,False,True,False,False,2,,TARGET_BEFORE_STOP,True,False,True,False,False,5,,TARGET_BEFORE_STOP,2021-11-08,2021-11-10,2021-11-12,2021-11-19,2021-12-06
MU|2021-11-08T00:00:00|Long,MU,2021-11-08,Long,0.01381436176265205,0.022934537828127377,0.0,True,-0.00013404650165238507,0.022934537828127377,-0.018240352130950543,True,0.02977469545862732,0.04989272186844862,-0.018240352130950543,True,0.12473180467112144,0.17583155900788405,-0.018240352130950543,True,0.151153495728112,0.19434020879328684,-0.018240352130950543,True,20,True,True,False,True,False,False,4,,TARGET_BEFORE_STOP,True,False,True,False,False,9,,TARGET_BEFORE_STOP,2021-11-09,2021-11-11,2021-11-15,2021-11-22,2021-12-07
MU|2021-11-09T00:00:00|Long,MU,2021-11-09,Long,-0.028839698126675195,-0.005820807425957808,-0.03161793233809718,True,0.022622129867864826,0.03214711500068845,-0.03161793233809718,True,0.016139717949577248,0.03558675184189486,-0.03161793233809718,True,0.12991146712486779,0.1603387132393166,-0.03161793233809718,True,0.13798122516838363,0.17806597917666722,-0.03161793233809718,True,20,True,True,True,False,True,False,3,1,STOP_BEFORE_TARGET,True,True,False,True,False,8,1,STOP_BEFORE_TARGET,2021-11-10,2021-11-12,2021-11-16,2021-11-23,2021-12-08
MU|2021-11-10T00:00:00|Long,MU,2021-11-10,Long,0.015529210363421475,0.021114226195895425,0.002860633074468044,True,0.04590648343649284,0.0663396659071569,0.002860633074468044,True,0.027925287019449963,0.0663396659071569,0.002860633074468044,True,0.17436309472587608,0.19479627719654014,0.002860633074468044,True,0.15692679564614243,0.21304997424650773,0.002860633074468044,True,20,True,True,False,True,False,False,2,,TARGET_BEFORE_STOP,True,False,True,False,False,2,,TARGET_BEFORE_STOP,2021-11-11,2021-11-15,2021-11-17,2021-11-24,2021-12-09
MU|2021-11-11T00:00:00|Long,MU,2021-11-11,Long,0.036887993124437024,0.046545854450193325,0.005365444401211672,True,0.030315149756156234,0.050033475182414744,0.005365444401211672,True,0.03313203876858006,0.050033475182414744,0.005365444401211672,True,0.11898047959876457,0.1765257611536013,0.005365444401211672,True,0.1474178056859301,0.19450032738339518,0.005365444401211672,True,20,True,True,False,True,False,False,1,,TARGET_BEFORE_STOP,True,False,True,False,False,2,,TARGET_BEFORE_STOP,2021-11-12,2021-11-16,2021-11-18,2021-11-26,2021-12-10
MU|2021-11-12T00:00:00|Long,MU,2021-11-12,Long,-0.006727092521752631,0.012677822624183932,-0.0090556862872051,True,-0.023803413902236725,0.012677822624183932,-0.0272962552011643,True,0.07412672058631653,0.08486413065470866,-0.0272962552011643,True,0.11435958588477191,0.1346700597895787,-0.0272962552011643,True,0.09120304196680062,0.15200516864317004,-0.0272962552011643,True,20,True,True,True,False,True,False,5,3,STOP_BEFORE_TARGET,True,False,True,False,False,5,,TARGET_BEFORE_STOP,2021-11-15,2021-11-17,2021-11-19,2021-11-29,2021-12-13
MU|2021-11-15T00:00:00|Long,MU,2021-11-15,Long,0.00039071085925779236,0.004818999120403733,-0.01302422526567737,True,0.003125786241015671,0.009377458090000124,-0.020708470476289653,True,0.09221153872906496,0.1418338051938708,-0.020708470476289653,True,0.09403492231690347,0.14235478612853236,-0.020708470476289653,True,0.0847877343023069,0.15980729965535567,-0.020708470476289653,True,20,True,True,True,False,True,False,4,2,STOP_BEFORE_TARGET,True,False,True,False,False,4,,TARGET_BEFORE_STOP,2021-11-16,2021-11-18,2021-11-22,2021-11-30,2021-12-14
MU|2021-11-16T00:00:00|Long,MU,2021-11-16,Long,-0.017575817172644226,-0.003124565439368121,-0.021090940875915343,True,0.08097905765402813,0.0917849664866841,-0.021090940875915343,True,0.11196467096558882,0.14190863002650067,-0.021090940875915343,True,0.10857966713152245,0.15935432732994026,-0.021090940875915343,True,0.11521945560230606,0.15935432732994026,-0.021090940875915343,True,20,True,True,True,False,True,False,3,1,STOP_BEFORE_TARGET,True,False,True,False,False,3,,TARGET_BEFORE_STOP,2021-11-17,2021-11-19,2021-11-23,2021-12-01,2021-12-15
MU|2021-11-17T00:00:00|Long,MU,2021-11-17,Long,0.020673172243845794,0.027034202760110038,0.0038431078590752676,True,0.11131727574599681,0.16180757000545865,0.0038431078590752676,True,0.14245958296349914,0.16233766430724317,0.0038431078590752676,True,0.0983302181151513,0.18009546954899935,0.0038431078590752676,True,0.09581239656311236,0.18009546954899935,0.0038431078590752676,True,20,True,True,False,True,False,False,2,,TARGET_BEFORE_STOP,True,False,True,False,False,2,,TARGET_BEFORE_STOP,2021-11-18,2021-11-22,2021-11-24,2021-12-02,2021-12-16
MU|2021-11-18T00:00:00|Long,MU,2021-11-18,Long,0.07803171122017316,0.08880815717227009,0.024798802198874315,True,0.10893284062221875,0.13879515589888825,0.024798802198874315,True,0.08309532335528935,0.13879515589888825,0.024798802198874315,True,0.05972482866798123,0.15619328658818366,0.024798802198874315,True,0.07764221783398284,0.15619328658818366,0.024798802198874315,True,20,True,True,False,True,False,False,1,,TARGET_BEFORE_STOP,True,False,True,False,False,1,,TARGET_BEFORE_STOP,2021-11-19,2021-11-23,2021-11-26,2021-12-03,2021-12-17
MU|2021-11-19T00:00:00|Long,MU,2021-11-19,Long,0.009996409048022903,0.05588340910352274,0.007587677852279873,True,0.03829941409042514,0.056365173720112294,0.007587677852279873,True,0.0374563489831945,0.056365173720112294,-0.01264597660845801,True,-0.006985449109741637,0.07250396677064619,-0.03010959938281199,True,-0.012043839753124841,0.07250396677064619,-0.03010959938281199,True,20,True,True,True,True,False,False,1,8,TARGET_BEFORE_STOP,True,True,True,False,False,1,10,TARGET_BEFORE_STOP,2021-11-22,2021-11-24,2021-11-29,2021-12-06,2021-12-20
MU|2021-11-22T00:00:00|Long,MU,2021-11-22,Long,0.018483222519396048,0.045909831219889785,0.005604593575988082,True,-0.0052468690460746314,0.045909831219889785,-0.022418283326197663,True,0.0016694417914320248,0.045909831219889785,-0.022418283326197663,True,0.023491547893692122,0.061888891052137796,-0.03970906041996425,True,0.08132601532538475,0.0868113370654835,-0.03970906041996425,True,20,True,True,True,True,False,False,1,3,TARGET_BEFORE_STOP,True,True,True,False,False,6,8,TARGET_BEFORE_STOP,2021-11-23,2021-11-26,2021-11-30,2021-12-07,2021-12-21
MU|2021-11-23T00:00:00|Long,MU,2021-11-23,Long,0.009366530711415688,0.020489403172527343,-0.009366620038124607,True,0.008546958157582996,0.020489403172527343,-0.04015923379122199,True,-0.0030441649113968072,0.04261795145272029,-0.04015923379122199,True,0.0071419383538515735,0.04261795145272029,-0.05713622144448438,True,0.05772149004096527,0.06708811007908988,-0.05713622144448438,True,20,True,True,True,False,True,False,5,2,STOP_BEFORE_TARGET,True,True,False,True,False,19,2,STOP_BEFORE_TARGET,2021-11-24,2021-11-29,2021-12-01,2021-12-08,2021-12-22
MU|2021-11-24T00:00:00|Long,MU,2021-11-24,Long,-0.03236284590136196,-0.025055052263698308,-0.04906618457789691,True,-0.025635066789725824,0.008235692982399456,-0.04906618457789691,True,-0.038626631091734476,0.032942860427389364,-0.05637397821556067,True,-0.014847451489271801,0.032942860427389364,-0.0658856323569873,True,0.09523256201903108,0.10196034113066732,-0.0658856323569873,True,20,True,True,True,False,True,False,4,1,STOP_BEFORE_TARGET,True,True,False,True,False,18,1,STOP_BEFORE_TARGET,2021-11-26,2021-11-30,2021-12-02,2021-12-09,2021-12-23
MU|2021-11-26T00:00:00|Long,MU,2021-11-26,Long,0.032606105015663855,0.034164451410669816,0.008870840438828242,True,0.02073847272724616,0.06748987061124612,0.0063533779780660105,True,-0.021577504937339675,0.06748987061124612,-0.033325327742955824,True,0.025413603369883964,0.06748987061124612,-0.03464396371473788,True,0.1319827664576616,0.13881565673979557,-0.03464396371473788,True,20,True,True,True,True,False,False,1,4,TARGET_BEFORE_STOP,True,True,True,False,False,3,5,TARGET_BEFORE_STOP,2021-11-29,2021-12-01,2021-12-03,2021-12-10,2021-12-27
MU|2021-11-29T00:00:00|Long,MU,2021-11-29,Long,-0.0248432714744784,0.009055012593726763,-0.025423757336007435,True,-0.037845393073246636,0.0337822577516651,-0.0556071621716655,True,-0.042837270345391754,0.0337822577516651,-0.06512654574067389,True,-0.020780136152896866,0.0337822577516651,-0.06512654574067389,True,0.07894129440375841,0.10285582392767334,-0.06512654574067389,True,20,True,True,True,False,True,False,2,1,STOP_BEFORE_TARGET,True,True,False,True,False,16,3,STOP_BEFORE_TARGET,2021-11-30,2021-12-02,2021-12-06,2021-12-13,2021-12-28
MU|2021-11-30T00:00:00|Long,MU,2021-11-30,Long,0.013690494355701244,0.06011908394949783,0.011904761904761862,True,-0.028333300635928205,0.06011908394949783,-0.04000000726608999,True,0.021785736083984375,0.06011908394949783,-0.04130953834170392,True,-0.00845237005324595,0.06011908394949783,-0.04130953834170392,True,0.14488093058268237,0.1517857142857142,-0.04130953834170392,True,20,True,True,True,True,False,False,1,2,TARGET_BEFORE_STOP,True,True,True,False,False,1,2,TARGET_BEFORE_STOP,2021-12-01,2021-12-03,2021-12-07,2021-12-14,2021-12-29
MU|2021-12-01T00:00:00|Long,MU,2021-12-01,Long,-0.026658887043836788,-0.018320671286355283,-0.044627163636666634,True,-0.03170880245746244,-0.008455680655323317,-0.054257224472014975,True,0.010217206125628708,0.022196116920491393,-0.054257224472014975,True,0.0059894553974313425,0.026189027452469427,-0.054257224472014975,True,0.10264236884497602,0.13623016167058566,-0.054257224472014975,True,20,True,True,True,False,True,False,14,1,STOP_BEFORE_TARGET,True,True,False,True,False,14,1,STOP_BEFORE_TARGET,2021-12-02,2021-12-06,2021-12-08,2021-12-15,2021-12-30
MU|2021-12-02T00:00:00|Long,MU,2021-12-02,Long,-0.01520263692798296,0.01870177489290259,-0.027027002147700374,True,0.03559368575528099,0.050193096042094876,-0.028354229633184236,True,0.02473459362564423,0.050193096042094876,-0.028354229633184236,True,-0.002292408522056033,0.05429536859467521,-0.028354229633184236,True,0.12391414832047909,0.16735042478551754,-0.028354229633184236,True,20,True,True,True,False,True,False,3,1,STOP_BEFORE_TARGET,True,False,True,False,False,3,,TARGET_BEFORE_STOP,2021-12-03,2021-12-07,2021-12-09,2021-12-16,2021-12-31
MU|2021-12-03T00:00:00|Long,MU,2021-12-03,Long,0.010169004823942007,0.019725564275590246,-0.01335461811572658,True,0.05390827920143182,0.06640526815189651,-0.01335461811572658,True,0.04802742020379891,0.06640526815189651,-0.01335461811572658,True,0.016907586461405222,0.07057086881900587,-0.01335461811572658,True,0.17311929402023551,0.18537119265230073,-0.01335461811572658,True,20,True,True,False,True,False,False,2,,TARGET_BEFORE_STOP,True,False,True,False,False,2,,TARGET_BEFORE_STOP,2021-12-06,2021-12-08,2021-12-10,2021-12-17,2022-01-03
MU|2021-12-06T00:00:00|Long,MU,2021-12-06,Long,0.040994602885604525,0.055670153270794165,0.022801758064256328,True,0.03007887748607696,0.055670153270794165,0.019163152086549173,True,0.023044288613759845,0.05979382034750813,0.019163152086549173,True,-0.005093974341914942,0.05979382034750813,-0.018677905920354898,True,0.1684657356429966,0.17343849097695663,-0.018677905920354898,True,20,True,True,False,True,False,False,1,,TARGET_BEFORE_STOP,True,False,True,False,False,1,,TARGET_BEFORE_STOP,2021-12-07,2021-12-09,2021-12-13,2021-12-20,2022-01-04
MU|2021-12-07T00:00:00|Long,MU,2021-12-07,Long,0.002213617708941573,0.005941914201980314,-0.020971723329342162,True,-0.0033787825858162535,0.008272155066129327,-0.020971723329342162,True,-0.029593392302693977,0.018058900026755698,-0.03402071661017736,True,0.05650702983401645,0.06186645048715955,-0.05732259191406863,True,0.09984853212159028,0.14703477627821027,-0.05732259191406863,True,20,True,True,True,False,True,False,10,1,STOP_BEFORE_TARGET,True,True,False,True,False,10,5,STOP_BEFORE_TARGET,2021-12-08,2021-12-10,2021-12-14,2021-12-21,2022-01-05
MU|2021-12-08T00:00:00|Long,MU,2021-12-08,Long,-0.01267142967249213,0.006045155693491289,-0.016159026318219194,True,-0.019414069217822072,0.01581028439229981,-0.021971628265586296,True,-0.0041849918042986545,0.01581028439229981,-0.04603579677995551,True,0.050220877277521225,0.05952107587061528,-0.05940471030428618,True,0.11195077026998135,0.14450128795927708,-0.05940471030428618,True,20,True,True,True,False,True,False,9,2,STOP_BEFORE_TARGET,True,True,False,True,False,9,4,STOP_BEFORE_TARGET,2021-12-09,2021-12-13,2021-12-15,2021-12-22,2022-01-06
MU|2021-12-09T00:00:00|Long,MU,2021-12-09,Long,0.007182392654652814,0.008830801805075339,-0.009419557858038274,True,-0.019310012760573314,0.028847249963955157,-0.023784253335782712,True,-0.02637463623832137,0.028847249963955157,-0.03379256724678392,True,0.11173905368738346,0.11856822864288308,-0.0473330581493171,True,0.11209227138653666,0.15918988101360543,-0.0473330581493171,True,20,True,True,True,False,True,False,8,3,STOP_BEFORE_TARGET,True,True,False,True,False,8,4,STOP_BEFORE_TARGET,2021-12-10,2021-12-14,2021-12-16,2021-12-23,2022-01-07
MU|2021-12-10T00:00:00|Long,MU,2021-12-10,Long,-0.013911648686810274,0.021510361447244497,-0.015665232089586256,True,0.0014028845604121543,0.021510361447244497,-0.04068276034238272,True,-0.029693720929879985,0.021510361447244497,-0.05377599280906831,True,0.10392797865910142,0.11059152423688445,-0.054126691651432135,True,0.09761513192368221,0.1509234965459465,-0.054126691651432135,True,20,True,True,True,False,True,False,7,2,STOP_BEFORE_TARGET,True,True,False,True,False,7,2,STOP_BEFORE_TARGET,2021-12-13,2021-12-15,2021-12-17,2021-12-27,2022-01-10
MU|2021-12-13T00:00:00|Long,MU,2021-12-13,Long,-0.012566657709175422,0.004979231494285807,-0.017071663758873812,True,-0.019679858479477508,0.02335508306271672,-0.027148796170161416,True,-0.027504442641288263,0.02335508306271672,-0.04078239329271738,True,0.10183763038147053,0.1262596528575679,-0.04078239329271738,True,0.1167753248643284,0.16716062512374585,-0.04078239329271738,True,20,True,True,True,False,True,False,6,2,STOP_BEFORE_TARGET,True,True,False,True,False,6,4,STOP_BEFORE_TARGET,2021-12-14,2021-12-16,2021-12-20,2021-12-28,2022-01-11
MU|2021-12-14T00:00:00|Long,MU,2021-12-14,Long,0.02845482915753217,0.030015607786287646,-0.014767719335014307,True,-0.0034818214952532234,0.036378901980921974,-0.028214652999037138,True,0.08872612928823687,0.09424899012886989,-0.028574825636414114,True,0.15464037833882194,0.16160402132932838,-0.028574825636414114,True,0.14191378994955284,0.18201459798385766,-0.028574825636414114,True,20,True,True,True,True,False,False,1,3,TARGET_BEFORE_STOP,True,False,True,False,False,5,,TARGET_BEFORE_STOP,2021-12-15,2021-12-17,2021-12-21,2021-12-29,2022-01-12
MU|2021-12-15T00:00:00|Long,MU,2021-12-15,Long,-0.034671971675584556,0.007704833113459042,-0.041209505694346116,True,-0.04237689385505117,0.007704833113459042,-0.05545178376055926,True,0.054634514075457385,0.0639737974931125,-0.05545178376055926,True,0.09607746177554155,0.12946527975454836,-0.05545178376055926,True,0.11627362431316746,0.14931114568455595,-0.05545178376055926,True,20,True,True,True,False,True,False,4,1,STOP_BEFORE_TARGET,True,True,False,True,False,4,1,STOP_BEFORE_TARGET,2021-12-16,2021-12-20,2021-12-22,2021-12-30,2022-01-13
MU|2021-12-16T00:00:00|Long,MU,2021-12-16,Long,0.0037489121954423776,0.007255997779734624,-0.02116338067881962,True,0.09662592366509126,0.10218885837172165,-0.02152616672805363,True,0.14185506568162065,0.14886923685020514,-0.02152616672805363,True,0.1264965385855994,0.17003261752902477,-0.02152616672805363,True,0.17740957474684316,0.1905912932824425,-0.02152616672805363,True,20,True,True,True,False,True,False,3,1,STOP_BEFORE_TARGET,True,False,True,False,False,3,,TARGET_BEFORE_STOP,2021-12-17,2021-12-21,2021-12-23,2021-12-31,2022-01-14
MU|2021-12-17T00:00:00|Long,MU,2021-12-17,Long,-0.011686761695218428,0.003012048192771122,-0.025180678769766596,True,0.08843369081795927,0.09807228180299332,-0.025180678769766596,True,0.13771084705031056,0.14457831325301207,-0.025180678769766596,True,0.1536144578313252,0.1656626506024097,-0.025180678769766596,True,0.11891569574195215,0.18614454154508664,-0.025180678769766596,True,20,True,True,True,False,True,False,2,1,STOP_BEFORE_TARGET,True,False,True,False,False,2,,TARGET_BEFORE_STOP,2021-12-20,2021-12-22,2021-12-27,2022-01-03,2022-01-18
MU|2021-12-20T00:00:00|Long,MU,2021-12-20,Long,0.10544924606364914,0.11105693948456796,0.06485431883447634,True,0.15104229640407452,0.15811290276376977,0.06485431883447634,True,0.13300016852935626,0.15811290276376977,0.06485431883447634,True,0.1744483453802681,0.17944656149889182,0.06485431883447634,True,0.09715959209199254,0.20017064992434785,0.06485431883447634,True,20,True,True,False,True,False,False,1,,TARGET_BEFORE_STOP,True,False,True,False,False,1,,TARGET_BEFORE_STOP,2021-12-21,2021-12-23,2021-12-28,2022-01-04,2022-01-19
MU|2021-12-21T00:00:00|Long,MU,2021-12-21,Long,-0.0037494923482676024,-0.0022055243446086337,-0.019408933946926887,True,0.04135421247661775,0.04764004940764921,-0.019408933946926887,True,0.060542543507867475,0.06693868189673746,-0.019408933946926887,True,0.04102339223846241,0.08568589123199333,-0.019408933946926887,True,-0.06186590859584895,0.08568589123199333,-0.06340979246414724,True,20,True,True,True,True,False,False,2,20,TARGET_BEFORE_STOP,True,True,True,False,False,5,20,TARGET_BEFORE_STOP,2021-12-22,2021-12-27,2021-12-29,2022-01-05,2022-01-20
MU|2021-12-22T00:00:00|Long,MU,2021-12-22,Long,0.0451627407177948,0.05158295163838589,0.00011071658884143076,True,0.028780232553818674,0.05158295163838589,0.00011071658884143076,True,0.03929602828939749,0.07095421653698786,0.00011071658884143076,True,0.05877800977684067,0.08977198294339583,0.00011071658884143076,True,-0.09309272054051987,0.08977198294339583,-0.09763117171087277,True,20,True,True,True,True,False,False,1,19,TARGET_BEFORE_STOP,True,True,True,False,False,1,19,TARGET_BEFORE_STOP,2021-12-23,2021-12-28,2021-12-30,2022-01-06,2022-01-21
MU|2021-12-23T00:00:00|Long,MU,2021-12-23,Long,0.00010593239170120228,0.005401420738410989,-0.017898695666015763,True,0.01853420921348392,0.02467699508832477,-0.02499471146068888,True,-0.01345050484743715,0.02467699508832477,-0.02499471146068888,True,0.00031771637236421846,0.04268162314604185,-0.02499471146068888,True,-0.12147851560195855,0.04268162314604185,-0.17771657598713875,True,20,True,True,True,False,True,False,8,2,STOP_BEFORE_TARGET,False,True,False,True,False,,11,STOP_BEFORE_TARGET,2021-12-27,2021-12-29,2021-12-31,2022-01-07,2022-01-24
MU|2021-12-27T00:00:00|Long,MU,2021-12-27,Long,-0.015778861155927193,-0.005718531333074095,-0.025097985162795045,True,-0.005718531333074095,0.024568460100884426,-0.025097985162795045,True,0.01397860521612082,0.024568460100884426,-0.025097985162795045,True,-0.005718531333074095,0.042571181087310395,-0.03589960159581429,True,-0.14518690077480811,0.042571181087310395,-0.17780367321048363,True,20,True,True,True,False,True,False,7,1,STOP_BEFORE_TARGET,False,True,False,True,False,,10,STOP_BEFORE_TARGET,2021-12-28,2021-12-30,2022-01-03,2022-01-10,2022-01-25
MU|2021-12-28T00:00:00|Long,MU,2021-12-28,Long,0.03475355759297938,0.04099416245438281,0.010436853832822557,True,0.0022595123623441182,0.04099416245438281,0.0009683272598077775,True,0.036582674921144864,0.04099416245438281,0.0009683272598077775,True,0.013557074174065153,0.05928549991495524,-0.02044331263146626,True,-0.11803314969374068,0.05928549991495524,-0.16462236550298837,True,20,True,True,True,True,False,False,1,9,TARGET_BEFORE_STOP,True,True,True,False,False,6,15,TARGET_BEFORE_STOP,2021-12-29,2021-12-31,2022-01-04,2022-01-11,2022-01-26
MU|2021-12-29T00:00:00|Long,MU,2021-12-29,Long,-0.023708004811349936,-0.006862805919528148,-0.02849119180553672,True,-0.004367247342643044,-0.003431442625952408,-0.03265050898859634,True,-0.01840487341963959,0.023708004811350047,-0.03265050898859634,True,-0.011022123102587766,0.023708004811350047,-0.053343010825537496,True,-0.18144948820303752,0.023708004811350047,-0.1926796207975855,True,20,True,False,True,False,True,False,,1,STOP_BEFORE_TARGET,False,True,False,True,False,,2,STOP_BEFORE_TARGET,2021-12-30,2022-01-03,2022-01-05,2022-01-12,2022-01-27
MU|2021-12-30T00:00:00|Long,MU,2021-12-30,Long,-0.007881540830546818,0.005644890645886136,-0.009159661475579672,True,0.02609433341323797,0.028757023812909566,-0.009159661475579672,True,0.01874536316617026,0.04856744688717618,-0.009159661475579672,True,0.01842585331962776,0.04856744688717618,-0.03035465430448503,True,-0.15571416382599224,0.04856744688717618,-0.19565451982106796,True,20,True,True,True,True,False,False,4,7,TARGET_BEFORE_STOP,False,True,False,True,False,,7,STOP_BEFORE_TARGET,2021-12-31,2022-01-04,2022-01-06,2022-01-13,2022-01-28
MU|2021-12-31T00:00:00|Long,MU,2021-12-31,Long,0.02791195310285377,0.02887809734779645,0.0035426927069133196,True,0.013419216097948494,0.056897427112664545,0.0035426927069133196,True,0.013955935599229363,0.056897427112664545,0.0035426927069133196,True,0.04519590998936307,0.056897427112664545,-0.022651643325688697,True,-0.11680090933535647,0.056897427112664545,-0.18926467626427834,True,20,True,True,True,True,False,False,2,6,TARGET_BEFORE_STOP,True,True,True,False,False,3,12,TARGET_BEFORE_STOP,2022-01-03,2022-01-05,2022-01-07,2022-01-14,2022-01-31
MU|2022-01-03T00:00:00|Long,MU,2022-01-03,Long,0.006161841648988142,0.00877280770642952,-0.023080930386137455,True,-0.0010443704869044224,0.028198401548221286,-0.023080930386137455,True,-0.019425593841791766,0.028198401548221286,-0.049190590960549896,True,-0.03007830029679337,0.028198401548221286,-0.049190590960549896,True,-0.14934729035778394,0.028198401548221286,-0.21127940842750492,True,20,True,False,True,False,True,False,,1,STOP_BEFORE_TARGET,False,True,False,True,False,,5,STOP_BEFORE_TARGET,2022-01-04,2022-01-06,2022-01-10,2022-01-18,2022-02-01
MU|2022-01-04T00:00:00|Long,MU,2022-01-04,Long,-0.02013696165409462,0.021901605673216196,-0.020655988576022688,True,-0.01961801392455631,0.021901605673216196,-0.024911708404751653,True,-0.022212990149417022,0.021901605673216196,-0.0550134484516146,True,-0.06580855905012217,0.021901605673216196,-0.06819597202164551,True,-0.12279421477419561,0.021901605673216196,-0.21610961683870944,True,20,True,False,True,False,True,False,,1,STOP_BEFORE_TARGET,False,True,False,True,False,,4,STOP_BEFORE_TARGET,2022-01-05,2022-01-07,2022-01-11,2022-01-19,2022-02-02
MU|2022-01-05T00:00:00|Long,MU,2022-01-05,Long,0.013241525209693128,0.024470312725159094,-0.0029660887157942906,True,-0.005402564915114483,0.029555093966417978,-0.03559322622924377,True,0.007521176620723047,0.029555093966417978,-0.03559322622924377,True,-0.09883476356191534,0.03930083712398669,-0.10031780791981249,True,-0.1316737299179832,0.03930083712398669,-0.20000004849191366,True,20,True,True,True,False,True,False,6,3,STOP_BEFORE_TARGET,False,True,False,True,False,,3,STOP_BEFORE_TARGET,2022-01-06,2022-01-10,2022-01-12,2022-01-20,2022-02-03
MU|2022-01-06T00:00:00|Long,MU,2022-01-06,Long,-0.012545787333960945,0.01610037523220198,-0.017877669181322497,True,-0.015159483058078238,0.01610037523220198,-0.04819655553381552,True,-0.000313630724707914,0.025718756353674266,-0.04819655553381552,True,-0.14343963410174188,0.025718756353674266,-0.14772613337585272,True,-0.15138529143688417,0.025718756353674266,-0.2104548307546672,True,20,True,False,True,False,True,False,,2,STOP_BEFORE_TARGET,False,True,False,True,False,,2,STOP_BEFORE_TARGET,2022-01-07,2022-01-11,2022-01-13,2022-01-21,2022-02-04
MU|2022-01-07T00:00:00|Long,MU,2022-01-07,Long,-0.005929037339203136,0.012916900583614277,-0.03610371776489829,True,0.006987863244411141,0.018846018699892886,-0.03610371776489829,True,0.030809992124235075,0.03875070175084305,-0.03610371776489829,True,-0.12175754760798885,0.03875070175084305,-0.17797774591570914,True,-0.1437797209152043,0.03875070175084305,-0.20042351420666815,True,20,True,True,True,False,True,False,4,1,STOP_BEFORE_TARGET,False,True,False,True,False,,1,STOP_BEFORE_TARGET,2022-01-10,2022-01-12,2022-01-14,2022-01-24,2022-02-07
MU|2022-01-10T00:00:00|Long,MU,2022-01-10,Long,0.0033017100927570375,0.004047260154310672,-0.023857683228577065,True,0.01842585331962776,0.04494622694787642,-0.023857683228577065,True,-0.010863741076761135,0.04494622694787642,-0.023857683228577065,True,-0.1402705107525789,0.04494622694787642,-0.17307487597866145,True,-0.10405790506527113,0.04494622694787642,-0.19565451982106796,True,20,True,True,True,False,True,False,3,1,STOP_BEFORE_TARGET,False,True,False,True,False,,6,STOP_BEFORE_TARGET,2022-01-11,2022-01-13,2022-01-18,2022-01-25,2022-02-08
MU|2022-01-11T00:00:00|Long,MU,2022-01-11,Long,0.00966033642877262,0.02154996257385,-0.004458579432609522,True,0.033545687521047585,0.04150747121847265,-0.004458579432609522,True,-0.0445859563089992,0.04150747121847265,-0.04702760561244845,True,-0.12983010747079726,0.04150747121847265,-0.17579615812187954,True,-0.06454346495362184,0.04150747121847265,-0.19830149586352352,True,20,True,True,True,True,False,False,2,5,TARGET_BEFORE_STOP,False,True,False,True,False,,5,STOP_BEFORE_TARGET,2022-01-12,2022-01-14,2022-01-19,2022-01-26,2022-02-09
MU|2022-01-12T00:00:00|Long,MU,2022-01-12,Long,0.00536223460159424,0.03154242435861665,0.0019977125453363165,True,-0.023551654393804466,0.03154242435861665,-0.0270213403252203,True,-0.10556198981282117,0.03154242435861665,-0.10703396319890057,True,-0.17232677199525315,0.03154242435861665,-0.18368206401632314,True,-0.043002880254844666,0.03154242435861665,-0.20597207277436425,True,20,True,True,True,True,False,False,1,3,TARGET_BEFORE_STOP,False,True,False,True,False,,4,STOP_BEFORE_TARGET,2022-01-13,2022-01-18,2022-01-20,2022-01-27,2022-02-10
MU|2022-01-13T00:00:00|Long,MU,2022-01-13,Long,0.01819700704653804,0.018929068255631787,-0.012758849463081923,True,-0.05877434203256093,0.018929068255631787,-0.06117973159883361,True,-0.14317090617209383,0.018929068255631787,-0.14745875024584887,True,-0.1709893916950349,0.018929068255631787,-0.2102071274436782,True,-0.06128425477964161,0.018929068255631787,-0.2102071274436782,True,20,True,False,True,False,True,False,,2,STOP_BEFORE_TARGET,False,True,False,True,False,,2,STOP_BEFORE_TARGET,2022-01-14,2022-01-19,2022-01-21,2022-01-28,2022-02-11
MU|2022-01-14T00:00:00|Long,MU,2022-01-14,Long,-0.046117479823558516,-0.014482371130546845,-0.049506980942970014,True,-0.12623254764257508,-0.014482371130546845,-0.1276705035666792,True,-0.1480074319204273,-0.014482371130546845,-0.2025472585977618,True,-0.15499182285009916,-0.014482371130546845,-0.22432214287561403,True,-0.07703368891723883,-0.014482371130546845,-0.22432214287561403,True,20,True,False,True,False,True,False,,1,STOP_BEFORE_TARGET,False,True,False,True,False,,1,STOP_BEFORE_TARGET,2022-01-18,2022-01-20,2022-01-24,2022-01-31,2022-02-14
MU|2022-01-18T00:00:00|Long,MU,2022-01-18,Long,-0.03090344203406048,0.0205663397892506,-0.033380058273226654,True,-0.11779909677895306,0.0205663397892506,-0.12221390942010446,True,-0.13082805175566847,0.0205663397892506,-0.1639927092334894,True,-0.12296764790135795,0.0205663397892506,-0.18682034661783375,True,0.033702995163668925,0.03908686493014635,-0.18682034661783375,True,20,True,True,True,False,True,False,20,1,STOP_BEFORE_TARGET,False,True,False,True,False,,1,STOP_BEFORE_TARGET,2022-01-19,2022-01-21,2022-01-25,2022-02-01,2022-02-15
MU|2022-01-19T00:00:00|Long,MU,2022-01-19,Long,-0.054777781168619755,0.0036666870117187944,-0.056333329942491295,True,-0.07833336724175344,0.0036666870117187944,-0.1373333401150174,True,-0.08922220865885422,0.0036666870117187944,-0.1373333401150174,True,-0.060999976264105915,0.0036666870117187944,-0.1608889261881511,True,0.06733330620659728,0.07222222222222219,-0.1608889261881511,True,20,True,True,True,False,True,False,16,1,STOP_BEFORE_TARGET,True,True,False,True,False,16,1,STOP_BEFORE_TARGET,2022-01-20,2022-01-24,2022-01-26,2022-02-02,2022-02-16
MU|2022-01-20T00:00:00|Long,MU,2022-01-20,Long,-0.03691077231588935,0.000822848184734104,-0.04173037574342209,True,-0.05113434218556545,0.000822848184734104,-0.0873398416813187,True,-0.07464439281651292,0.000822848184734104,-0.0873398416813187,True,-0.036440560541223355,0.0012930599594001002,-0.11226052763626437,True,0.10179856228019069,0.13435994294321363,-0.11226052763626437,True,20,True,True,True,False,True,False,14,1,STOP_BEFORE_TARGET,True,True,False,True,False,15,1,STOP_BEFORE_TARGET,2022-01-21,2022-01-25,2022-01-27,2022-02-03,2022-02-17
MU|2022-01-21T00:00:00|Long,MU,2022-01-21,Long,0.012449611122508086,0.01354815825969724,-0.052361783224066816,True,0.0004882328253186241,0.034907855482711136,-0.052361783224066816,True,-0.03246678447700846,0.034907855482711136,-0.0782375642406099,True,-0.009276237439272417,0.039668009128454695,-0.0782375642406099,True,0.10826318459102557,0.1778347325833438,-0.0782375642406099,True,20,True,True,True,False,True,False,3,1,STOP_BEFORE_TARGET,True,True,False,True,False,13,1,STOP_BEFORE_TARGET,2022-01-24,2022-01-26,2022-01-28,2022-02-04,2022-02-18
MU|2022-01-24T00:00:00|Long,MU,2022-01-24,Long,-0.02688361434094444,-0.006389376718453299,-0.03978294808645211,True,-0.05099452541485239,0.02218208601542515,-0.05497284781624556,True,-0.008197713444161758,0.02218208601542515,-0.08957203831860094,True,-0.02507527761523609,0.02688370631677106,-0.08957203831860094,True,0.09186260430288673,0.16335145931605677,-0.08957203831860094,True,20,True,True,True,False,True,False,12,1,STOP_BEFORE_TARGET,True,True,False,True,False,12,1,STOP_BEFORE_TARGET,2022-01-25,2022-01-27,2022-01-31,2022-02-07,2022-02-22
MU|2022-01-25T00:00:00|Long,MU,2022-01-25,Long,0.015485629101791965,0.0504212045747634,-0.0013627429222999865,True,-0.017963386468146103,0.0504212045747634,-0.06442027377352189,True,0.009043554466050097,0.0504212045747634,-0.06442027377352189,True,0.04212093006022988,0.055252713293180156,-0.06442027377352189,True,0.08164019125659294,0.19549056665833664,-0.06442027377352189,True,20,True,True,True,True,False,False,1,2,TARGET_BEFORE_STOP,True,True,True,False,False,1,3,TARGET_BEFORE_STOP,2022-01-26,2022-01-28,2022-02-01,2022-02-08,2022-02-23
MU|2022-01-26T00:00:00|Long,MU,2022-01-26,Long,-0.03964865135538331,0.021105229983845897,-0.043674536754191084,True,0.003659819664459274,0.021105229983845897,-0.07868737930441372,True,0.03098695715141475,0.03330481501627136,-0.07868737930441372,True,0.07502746656450698,0.0830791442866754,-0.07868737930441372,True,0.08368916076847555,0.17725995562907282,-0.07868737930441372,True,20,True,True,True,False,True,False,5,1,STOP_BEFORE_TARGET,True,True,False,True,False,10,1,STOP_BEFORE_TARGET,2022-01-27,2022-01-31,2022-02-02,2022-02-09,2022-02-24
MU|2022-01-27T00:00:00|Long,MU,2022-01-27,Long,0.006986730358670812,0.007113790014099619,-0.040650464024575284,True,0.03467982323685592,0.0466209109760547,-0.040650464024575284,True,0.041285568465479816,0.08206299522736415,-0.040650464024575284,True,0.15624993942617493,0.2022357459613251,-0.040650464024575284,True,0.144562970997834,0.2258638021288646,-0.040650464024575284,True,20,True,True,True,False,True,False,2,1,STOP_BEFORE_TARGET,True,True,False,True,False,4,1,STOP_BEFORE_TARGET,2022-01-28,2022-02-01,2022-02-03,2022-02-10,2022-02-25
MU|2022-01-28T00:00:00|Long,MU,2022-01-28,Long,0.03784534031845954,0.0383499564055203,-0.015768891799358142,True,0.06610326371979736,0.06850006982623902,-0.015768891799358142,True,0.02396873478415995,0.07455536662529072,-0.015768891799358142,True,0.13233260927710155,0.19389432821335206,-0.015768891799358142,True,0.12097898793242812,0.21735844691045125,-0.015768891799358142,True,20,True,True,False,True,False,False,1,,TARGET_BEFORE_STOP,True,False,True,False,False,3,,TARGET_BEFORE_STOP,2022-01-31,2022-02-02,2022-02-04,2022-02-11,2022-02-28
MU|2022-01-31T00:00:00|Long,MU,2022-01-31,Long,-0.009967177929784521,0.0014586453321818738,-0.022486915638849858,True,-0.003646474226379648,0.035371384232998127,-0.022486915638849858,True,-0.017017065195205183,0.035371384232998127,-0.029536895640320582,True,0.09225725388339168,0.1503586149425784,-0.029536895640320582,True,0.04849891401448514,0.1729671075431225,-0.029536895640320582,True,20,True,True,True,False,True,False,3,1,STOP_BEFORE_TARGET,True,False,True,False,False,7,,TARGET_BEFORE_STOP,2022-02-01,2022-02-03,2022-02-07,2022-02-14,2022-03-01
MU|2022-02-01T00:00:00|Long,MU,2022-02-01,Long,0.03756912587649053,0.03990178172830672,0.0133824924263386,True,-0.0034376769771372606,0.04579500916745083,-0.019766736288211795,True,0.0327809195626676,0.04579500916745083,-0.019766736288211795,True,0.17863724489767252,0.18477598054818123,-0.019766736288211795,True,0.14548810985279426,0.18477598054818123,-0.019766736288211795,True,20,True,True,False,True,False,False,1,,TARGET_BEFORE_STOP,True,False,True,False,False,6,,TARGET_BEFORE_STOP,2022-02-02,2022-02-04,2022-02-08,2022-02-15,2022-03-02
MU|2022-02-02T00:00:00|Long,MU,2022-02-02,Long,-0.03005562479377122,0.007928033984252902,-0.033132208980946376,True,-0.04307181750842637,0.007928033984252902,-0.05525979979046469,True,0.04271684438644585,0.050526523904036225,-0.05525979979046469,True,0.13667015892088896,0.14187667211795363,-0.05525979979046469,True,0.055259709512458066,0.14187667211795363,-0.05525979979046469,True,20,True,True,True,False,True,False,5,1,STOP_BEFORE_TARGET,True,True,False,True,False,5,1,STOP_BEFORE_TARGET,2022-02-03,2022-02-07,2022-02-09,2022-02-16,2022-03-03
MU|2022-02-03T00:00:00|Long,MU,2022-02-03,Long,-0.009759705256119466,0.002683923599205107,-0.025985175687352924,True,0.02622912643480446,0.029644995351812087,-0.025985175687352924,True,0.11040618869818353,0.15456872002272526,-0.025985175687352924,True,0.1434671460424506,0.17725995562907282,-0.025985175687352924,True,-0.0007319453178024071,0.17725995562907282,-0.025985175687352924,True,20,True,True,True,False,True,False,4,1,STOP_BEFORE_TARGET,True,False,True,False,False,4,,TARGET_BEFORE_STOP,2022-02-04,2022-02-08,2022-02-10,2022-02-17,2022-03-04
MU|2022-02-04T00:00:00|Long,MU,2022-02-04,Long,-0.0036958904660669978,0.010718279736451786,-0.008500613866906592,True,0.08562282535932964,0.09375385957890847,-0.008500613866906592,True,0.10582732735075506,0.16594802913099715,-0.008500613866906592,True,0.11863995441725694,0.18886290719321175,-0.008500613866906592,True,-0.06738944615124909,0.18886290719321175,-0.06825182999261026,True,20,True,True,True,True,False,False,2,20,TARGET_BEFORE_STOP,True,True,True,False,False,3,20,TARGET_BEFORE_STOP,2022-02-07,2022-02-09,2022-02-11,2022-02-18,2022-03-07
MU|2022-02-07T00:00:00|Long,MU,2022-02-07,Long,0.04018795461383062,0.04365028637823398,0.0016074842216258212,True,0.1255099981669454,0.17027323080743173,0.0016074842216258212,True,0.11116603880849363,0.17027323080743173,0.0016074842216258212,True,0.11994554988007788,0.19327311391835678,0.0016074842216258212,True,-0.04587608456127401,0.19327311391835678,-0.085816770195418,True,20,True,True,True,True,False,False,1,19,TARGET_BEFORE_STOP,True,True,True,False,False,2,19,TARGET_BEFORE_STOP,2022-02-08,2022-02-10,2022-02-14,2022-02-22,2022-03-08
MU|2022-02-08T00:00:00|Long,MU,2022-02-08,Long,0.047551115898679885,0.05539700285975302,-0.006657217899473156,True,0.0670470661614142,0.12505939490704376,-0.006657217899473156,True,0.14122678156831947,0.1471706710556544,-0.006657217899473156,True,0.037921953255539265,0.1471706710556544,-0.006657217899473156,True,-0.05563480922931785,0.1471706710556544,-0.12113649677478511,True,20,True,True,True,True,False,False,1,17,TARGET_BEFORE_STOP,True,True,True,False,False,1,17,TARGET_BEFORE_STOP,2022-02-09,2022-02-11,2022-02-15,2022-02-23,2022-03-09
MU|2022-02-09T00:00:00|Long,MU,2022-02-09,Long,0.03290959834425178,0.07398997321660095,0.004085344974249061,True,0.019745776322470876,0.07398997321660095,0.004085344974249061,True,0.09010434140413937,0.09509756005702141,0.004085344974249061,True,0.008057184093769099,0.09509756005702141,-0.04913755896611838,True,-0.14071721674293602,0.09509756005702141,-0.1623922462774019,True,20,True,True,True,True,False,False,1,10,TARGET_BEFORE_STOP,True,True,True,False,False,1,10,TARGET_BEFORE_STOP,2022-02-10,2022-02-14,2022-02-16,2022-02-24,2022-03-10
MU|2022-02-10T00:00:00|Long,MU,2022-02-10,Long,-0.013843051563460107,0.03911234145556808,-0.02274225193549162,True,0.05471328873437131,0.06020658711319604,-0.025379011687424846,True,0.029773750975782054,0.06020658711319604,-0.025379011687424846,True,-0.010107648899978283,0.06020658711319604,-0.07943304761800185,True,-0.1999560274607921,0.06020658711319604,-0.2019336182300122,True,20,True,True,True,,,False,1,1,AMBIGUOUS,True,True,True,False,False,3,8,TARGET_BEFORE_STOP,2022-02-11,2022-02-15,2022-02-17,2022-02-25,2022-03-11
MU|2022-02-11T00:00:00|Long,MU,2022-02-11,Long,0.001114064970378692,0.03799015097548053,-0.011697894683248777,True,0.07018711310636627,0.07508910097328325,-0.011697894683248777,True,0.011586462686898225,0.07508910097328325,-0.011697894683248777,True,-0.010026754728826304,0.07508910097328325,-0.0665107072038873,True,-0.22682709587563066,0.07508910097328325,-0.23172908374254775,True,20,True,True,True,True,False,False,1,7,TARGET_BEFORE_STOP,True,True,True,False,False,2,8,TARGET_BEFORE_STOP,2022-02-14,2022-02-16,2022-02-18,2022-02-28,2022-03-14
MU|2022-02-14T00:00:00|Long,MU,2022-02-14,Long,0.0683285037607837,0.07389271471787118,0.012797702181925219,True,0.043067023372980184,0.07389271471787118,0.012797702181925219,True,0.007901169370689631,0.07389271471787118,-0.013242849246866917,True,-0.04006230191040516,0.07389271471787118,-0.06754951762291639,True,-0.18640106706242843,0.07389271471787118,-0.2394836871387903,True,20,True,True,True,True,False,False,1,6,TARGET_BEFORE_STOP,True,True,True,False,False,1,6,TARGET_BEFORE_STOP,2022-02-15,2022-02-17,2022-02-22,2022-03-01,2022-03-15
MU|2022-02-15T00:00:00|Long,MU,2022-02-15,Long,0.0006249745686848218,0.0051041444142658765,-0.025312503178914425,True,-0.05416663487752282,0.0051041444142658765,-0.07395831743876136,True,-0.09052085876464844,0.0051041444142658765,-0.09302083651224768,True,-0.028124968210856083,0.0051041444142658765,-0.12718749046325684,True,-0.17010418574015296,0.0051041444142658765,-0.28812503814697266,True,20,True,False,True,False,True,False,,1,STOP_BEFORE_TARGET,False,True,False,True,False,,3,STOP_BEFORE_TARGET,2022-02-16,2022-02-18,2022-02-23,2022-03-02,2022-03-16
MU|2022-02-16T00:00:00|Long,MU,2022-02-16,Long,-0.024255613792191988,-0.0006245842194317897,-0.026754109516363367,True,-0.057151759351449005,-0.0006245842194317897,-0.07693108034008389,True,-0.07526541652396956,-0.0006245842194317897,-0.1277326353832361,True,-0.0716218762052474,-0.0006245842194317897,-0.1277326353832361,True,-0.1617739049602661,-0.0006245842194317897,-0.2885696640143547,True,20,True,False,True,False,True,False,,1,STOP_BEFORE_TARGET,False,True,False,True,False,,2,STOP_BEFORE_TARGET,2022-02-17,2022-02-22,2022-02-24,2022-03-03,2022-03-17
MU|2022-02-17T00:00:00|Long,MU,2022-02-17,Long,-0.03126000427011655,0.010135462650358695,-0.051531010968403956,True,-0.06849467159295619,0.010135462650358695,-0.07105519495979729,True,-0.0387283127366278,0.010135462650358695,-0.10604931276438434,True,-0.12610689503351913,0.010135462650358695,-0.14093679975196527,True,-0.15277925084769461,0.010135462650358695,-0.2708845205345314,True,20,True,False,True,False,True,False,,1,STOP_BEFORE_TARGET,False,True,False,True,False,,1,STOP_BEFORE_TARGET,2022-02-18,2022-02-23,2022-02-25,2022-03-04,2022-03-18
MU|2022-02-18T00:00:00|Long,MU,2022-02-18,Long,-0.002533076533075551,0.034911872933950816,-0.023458202766781344,True,-0.021696047956960784,0.034911872933950816,-0.0772026641038176,True,-0.02136566493616099,0.034911872933950816,-0.0772026641038176,True,-0.1662996211014257,0.036013177678005714,-0.1670705428246807,True,-0.13711458325105963,0.036013177678005714,-0.24735689382151826,True,20,True,True,True,,,False,1,1,AMBIGUOUS,False,True,False,True,False,,2,STOP_BEFORE_TARGET,2022-02-22,2022-02-24,2022-02-28,2022-03-07,2022-03-21
MU|2022-02-22T00:00:00|Long,MU,2022-02-22,Long,-0.03599428229231594,0.014353572442731277,-0.03864414278230377,True,-0.005189369794488141,0.014353572442731277,-0.07485921168314114,True,-0.04758747458447932,0.014353572442731277,-0.07485921168314114,True,-0.14806222897096,0.03864414278230388,-0.1837252892317207,True,-0.12642151912137545,0.03864414278230388,-0.24544554965041,True,20,True,True,True,False,True,False,6,1,STOP_BEFORE_TARGET,False,True,False,True,False,,1,STOP_BEFORE_TARGET,2022-02-23,2022-02-25,2022-03-01,2022-03-08,2022-03-22
MU|2022-02-23T00:00:00|Long,MU,2022-02-23,Long,0.017409280895247514,0.018669166514620583,-0.0403160776714504,True,0.017752870176380497,0.03630747780301391,-0.0403160776714504,True,0.06860618097193472,0.07742529292471723,-0.0403160776714504,True,-0.09013853324077747,0.07742529292471723,-0.1532470235661002,True,-0.1335470892080809,0.07742529292471723,-0.21727181022966302,True,20,True,True,True,False,True,False,2,1,STOP_BEFORE_TARGET,True,True,False,True,False,5,1,STOP_BEFORE_TARGET,2022-02-24,2022-02-28,2022-03-02,2022-03-09,2022-03-23
MU|2022-02-24T00:00:00|Long,MU,2022-02-24,Long,0.014296933658538125,0.018574822603482977,-0.017449093997608522,True,-0.028931663197667046,0.018574822603482977,-0.04694357855441911,True,0.0039400930643540555,0.058989055001208435,-0.04694357855441911,True,-0.14758527907367835,0.058989055001208435,-0.16908706476250446,True,-0.11955423311574576,0.058989055001208435,-0.2306653728560526,True,20,True,True,True,False,True,False,4,3,STOP_BEFORE_TARGET,True,True,False,True,False,4,3,STOP_BEFORE_TARGET,2022-02-25,2022-03-01,2022-03-03,2022-03-10,2022-03-24
MU|2022-02-25T00:00:00|Long,MU,2022-02-25,Long,-0.013762462650048657,-0.003884555827396885,-0.03263035362709976,True,0.03551614463740349,0.04406216745767644,-0.060377301932743266,True,-0.09089894506895113,0.04406216745767644,-0.10632632622969795,True,-0.1917868931402935,0.04406216745767644,-0.1937846768053786,True,-0.13318535186708902,0.04406216745767644,-0.24150946176187194,True,20,True,True,True,False,True,False,3,1,STOP_BEFORE_TARGET,False,True,False,True,False,,1,STOP_BEFORE_TARGET,2022-02-28,2022-03-02,2022-03-04,2022-03-11,2022-03-25
MU|2022-02-28T00:00:00|Long,MU,2022-02-28,Long,-0.029259491967842832,0.01102853613333088,-0.047265326574316036,True,0.0036011669212945296,0.058631544549705206,-0.047265326574316036,True,-0.14809817208774956,0.058631544549705206,-0.14888592466870176,True,-0.21899616194922356,0.058631544549705206,-0.22394779866297565,True,-0.10128291625232744,0.058631544549705206,-0.23092509713611797,True,20,True,True,True,False,True,False,2,1,STOP_BEFORE_TARGET,True,True,False,True,False,2,1,STOP_BEFORE_TARGET,2022-03-01,2022-03-03,2022-03-07,2022-03-14,2022-03-28
MU|2022-03-01T00:00:00|Long,MU,2022-03-01,Long,0.08161373453723164,0.09054019667492486,0.008926462137693214,True,-0.05042891683739048,0.09054019667492486,-0.0665430715396792,True,-0.10549499476883228,0.09054019667492486,-0.14293996667866882,True,-0.15244610712055284,0.09054019667492486,-0.20774409175226738,True,-0.04880592372144632,0.09054019667492486,-0.20774409175226738,True,20,True,True,True,True,False,False,1,3,TARGET_BEFORE_STOP,True,True,True,False,False,1,3,TARGET_BEFORE_STOP,2022-03-02,2022-03-04,2022-03-08,2022-03-15,2022-03-29
MU|2022-03-02T00:00:00|Long,MU,2022-03-02,Long,-0.044158656075246605,-0.011897112261998521,-0.05262597536449776,True,-0.18863885881924447,-0.011897112261998521,-0.1893891234766356,True,-0.14855305634516203,-0.011897112261998521,-0.2076098833119716,True,-0.1460879360877545,-0.011897112261998521,-0.2675241789651467,True,-0.15155411497472648,-0.011897112261998521,-0.2675241789651467,True,20,True,False,True,False,True,False,,1,STOP_BEFORE_TARGET,False,True,False,True,False,,1,STOP_BEFORE_TARGET,2022-03-03,2022-03-07,2022-03-09,2022-03-16,2022-03-30
MU|2022-03-03T00:00:00|Long,MU,2022-03-03,Long,-0.08152048237484111,-0.019735390560750243,-0.09710701538993793,True,-0.13478354565971895,-0.019735390560750243,-0.1710024663356603,True,-0.15093069116856095,-0.019735390560750243,-0.17234809031156728,True,-0.09710701538993793,-0.019735390560750243,-0.23368472635086612,True,-0.12659790173685503,-0.019735390560750243,-0.23368472635086612,True,20,True,False,True,False,True,False,,1,STOP_BEFORE_TARGET,False,True,False,True,False,,1,STOP_BEFORE_TARGET,2022-03-04,2022-03-08,2022-03-10,2022-03-17,2022-03-31
MU|2022-03-04T00:00:00|Long,MU,2022-03-04,Long,-0.07581499739011566,0.012941002456383632,-0.07666959013452546,True,-0.03015506177843963,0.012941002456383632,-0.09742403858083393,True,-0.11097550434477743,0.012941002456383632,-0.11317304185092025,True,-0.030521302505526204,0.012941002456383632,-0.16566971941787467,True,-0.06995486632586034,0.052862825150417736,-0.16566971941787467,True,20,True,True,True,False,True,False,18,1,STOP_BEFORE_TARGET,True,True,False,True,False,18,1,STOP_BEFORE_TARGET,2022-03-07,2022-03-09,2022-03-11,2022-03-18,2022-04-01
MU|2022-03-07T00:00:00|Long,MU,2022-03-07,Long,0.019286747327948106,0.06010572305397521,-0.0233817267426919,True,0.00026425724263390293,0.06327610447332477,-0.024966967844670784,True,-0.0832231925540331,0.06327610447332477,-0.08903564247668094,True,0.03500662658798759,0.07265522089466492,-0.09722590365999306,True,0.026023795245990078,0.13923383540865641,-0.09722590365999306,True,20,True,True,True,,,False,1,1,AMBIGUOUS,True,True,True,False,False,1,4,TARGET_BEFORE_STOP,2022-03-08,2022-03-10,2022-03-14,2022-03-21,2022-04-04
MU|2022-03-08T00:00:00|Long,MU,2022-03-08,Long,0.029548971890685616,0.043156999010037556,0.004924795689253969,True,-0.056246808726065245,0.043156999010037556,-0.05857962750046575,True,-0.05248837298522091,0.043156999010037556,-0.11430802106804394,True,0.02540174950037155,0.05235864559862269,-0.11430802106804394,True,-0.0330482494910771,0.11767747240425575,-0.11430802106804394,True,20,True,True,True,True,False,False,1,2,TARGET_BEFORE_STOP,True,True,False,True,False,8,2,STOP_BEFORE_TARGET,2022-03-09,2022-03-11,2022-03-15,2022-03-22,2022-04-05
MU|2022-03-09T00:00:00|Long,MU,2022-03-09,Long,-0.0468278084891417,-0.02139985555628121,-0.0708711569711381,True,-0.12638470049057082,-0.02139985555628121,-0.1319235024528541,True,0.0028952129968613516,0.003398749178860516,-0.13972816921428,True,-0.04770897279771347,0.0221550157697199,-0.13972816921428,True,-0.07124878509771082,0.08559913410600473,-0.13972816921428,True,20,True,True,True,False,True,False,14,1,STOP_BEFORE_TARGET,True,True,False,True,False,15,1,STOP_BEFORE_TARGET,2022-03-10,2022-03-14,2022-03-16,2022-03-23,2022-04-06
MU|2022-03-10T00:00:00|Long,MU,2022-03-10,Long,-0.03829901583633355,0.012942362806923846,-0.04067619890915375,True,-0.034469104176901966,0.012942362806923846,-0.09746440522764654,True,0.06339138067856864,0.06418384220816353,-0.09746440522764654,True,0.03288428187569448,0.07237183886944698,-0.09746440522764654,True,-0.03222401481867798,0.13893286415043082,-0.09746440522764654,True,20,True,True,True,False,True,False,4,1,STOP_BEFORE_TARGET,True,True,False,True,False,4,1,STOP_BEFORE_TARGET,2022-03-11,2022-03-15,2022-03-17,2022-03-24,2022-04-07
MU|2022-03-11T00:00:00|Long,MU,2022-03-11,Long,-0.046965094524552664,-0.004668996694802141,-0.05300742414897208,True,0.0940675432961855,0.09461685551391397,-0.06152160636787285,True,0.09049717103684007,0.11507823796398053,-0.06152160636787285,True,0.07250753641066221,0.11507823796398053,-0.06152160636787285,True,-0.009338098160196928,0.18429000583886523,-0.06152160636787285,True,20,True,True,True,False,True,False,3,1,STOP_BEFORE_TARGET,True,True,False,True,False,3,1,STOP_BEFORE_TARGET,2022-03-14,2022-03-16,2022-03-18,2022-03-25,2022-04-08
MU|2022-03-14T00:00:00|Long,MU,2022-03-14,Long,0.05345819888907655,0.059510045570790204,-0.01527384963519074,True,0.16023047366995957,0.16109510171994468,-0.01527384963519074,True,0.1289624892141361,0.17002874874524498,-0.01527384963519074,True,0.15072044458921474,0.17002874874524498,-0.01527384963519074,True,0.037896213192981865,0.2426512387267179,-0.01527384963519074,True,20,True,True,False,True,False,False,1,,TARGET_BEFORE_STOP,True,False,True,False,False,1,,TARGET_BEFORE_STOP,2022-03-15,2022-03-17,2022-03-21,2022-03-28,2022-04-11
MU|2022-03-15T00:00:00|Long,MU,2022-03-15,Long,0.08972777327080106,0.09027490656574555,0.04158119122073867,True,0.08617156338616971,0.11065512611615502,0.04158119122073867,True,0.08220492526407552,0.11065512611615502,0.033100781681605795,True,0.12228152601246789,0.12912053566676684,0.026945714734738946,True,-0.015729743075888813,0.17959235595408973,-0.041307676750769184,True,20,True,True,True,True,False,False,1,16,TARGET_BEFORE_STOP,True,True,True,False,False,1,18,TARGET_BEFORE_STOP,2022-03-16,2022-03-18,2022-03-22,2022-03-29,2022-04-12
MU|2022-03-16T00:00:00|Long,MU,2022-03-16,Long,0.010668990757582542,0.0114221624579387,-0.03100290294302921,True,-0.01656834097102744,0.019204202516139413,-0.051964346489243085,True,-0.05045809885098462,0.019204202516139413,-0.057612607548418016,True,-0.006401336997077123,0.08246516688618621,-0.057612607548418016,True,-0.09150246119082905,0.08246516688618621,-0.1202460405576975,True,20,True,True,True,False,True,False,9,1,STOP_BEFORE_TARGET,True,True,False,True,False,10,1,STOP_BEFORE_TARGET,2022-03-17,2022-03-21,2022-03-23,2022-03-30,2022-04-13
MU|2022-03-17T00:00:00|Long,MU,2022-03-17,Long,-0.013785308336231927,0.008445110947906898,-0.030551405700840695,True,-0.01738690952373423,0.008445110947906898,-0.06197215687786817,True,-0.02868849546571195,0.008445110947906898,-0.06756079283170413,True,-0.03266265974992977,0.0710382694880014,-0.06756079283170413,True,-0.12903626208165175,0.0710382694880014,-0.1295330444611228,True,20,True,True,True,False,True,False,9,1,STOP_BEFORE_TARGET,True,True,False,True,False,9,1,STOP_BEFORE_TARGET,2022-03-18,2022-03-22,2022-03-24,2022-03-31,2022-04-14
MU|2022-03-18T00:00:00|Long,MU,2022-03-18,Long,-0.013348509496342809,0.006044524687109254,-0.04886040428006999,True,-0.04734922507029882,0.006044524687109254,-0.05452715818373344,True,-0.01649672745970865,0.006044524687109254,-0.05452715818373344,True,-0.04067501836012122,0.08600924174140423,-0.06737194127681911,True,-0.10401714841088394,0.08600924174140423,-0.11786928823449616,True,20,True,True,True,False,True,False,7,1,STOP_BEFORE_TARGET,True,True,False,True,False,8,1,STOP_BEFORE_TARGET,2022-03-21,2022-03-23,2022-03-25,2022-04-01,2022-04-18
MU|2022-03-21T00:00:00|Long,MU,2022-03-21,Long,0.009827750956693082,0.017613336435077454,-0.01072107663369104,True,-0.0017868461056151919,0.017613336435077454,-0.04173575886088221,True,0.019272522854345997,0.023356756435153336,-0.04173575886088221,True,-0.008679008531192078,0.10070197247361135,-0.054754320345575036,True,-0.07172935834891914,0.10070197247361135,-0.10593485110411027,True,20,True,True,True,False,True,False,6,2,STOP_BEFORE_TARGET,True,True,False,True,False,6,2,STOP_BEFORE_TARGET,2022-03-22,2022-03-24,2022-03-28,2022-04-04,2022-04-19
MU|2022-03-22T00:00:00|Long,MU,2022-03-22,Long,-0.043857445655271166,-0.01137514528104322,-0.05106168826190882,True,-0.01289186346122817,-0.007330659895354308,-0.05106168826190882,True,0.03703235848664521,0.0433518729285427,-0.05106168826190882,True,-0.05700204726579461,0.08998982393861299,-0.0639535517231371,True,-0.07482312427745186,0.08998982393861299,-0.1146359881188963,True,20,True,True,True,False,True,False,5,1,STOP_BEFORE_TARGET,True,True,False,True,False,6,1,STOP_BEFORE_TARGET,2022-03-23,2022-03-25,2022-03-29,2022-04-05,2022-04-20
MU|2022-03-23T00:00:00|Long,MU,2022-03-23,Long,0.03384001992013186,0.03820223835236547,-0.004362218432233611,True,0.0556510112300852,0.059881013720101794,-0.0068738170782858266,True,0.04639791229917867,0.1399867299971953,-0.0068738170782858266,True,-0.024719136931442454,0.1399867299971953,-0.05525446425464853,True,-0.06252482830837114,0.1399867299971953,-0.07402509400089574,True,20,True,True,True,True,False,False,1,7,TARGET_BEFORE_STOP,True,True,True,False,False,3,10,TARGET_BEFORE_STOP,2022-03-24,2022-03-28,2022-03-30,2022-04-06,2022-04-21
MU|2022-03-24T00:00:00|Long,MU,2022-03-24,Long,-0.0014064775813735775,0.001150798725722435,-0.03938117717822831,True,0.04909863204495979,0.05549167648752462,-0.03938117717822831,True,-0.004091544541236947,0.1026722781395748,-0.03938117717822831,True,-0.06303542210569535,0.1026722781395748,-0.08617821177174323,True,-0.11251752365907364,0.1026722781395748,-0.11379621058767997,True,20,True,True,True,False,True,False,3,1,STOP_BEFORE_TARGET,True,True,False,True,False,3,1,STOP_BEFORE_TARGET,2022-03-25,2022-03-29,2022-03-31,2022-04-07,2022-04-22
MU|2022-03-25T00:00:00|Long,MU,2022-03-25,Long,0.022535239060390788,0.026632546372506116,-0.010627424420881604,True,0.013572409842485644,0.10422534633397817,-0.010627424420881604,True,-0.024583843872692412,0.10422534633397817,-0.051728565870151955,True,-0.07631240974284448,0.10422534633397817,-0.09308574628814315,True,-0.10217664383416447,0.10422534633397817,-0.13021764875341457,True,20,True,True,True,True,False,False,2,5,TARGET_BEFORE_STOP,True,True,True,False,False,2,5,TARGET_BEFORE_STOP,2022-03-28,2022-03-30,2022-04-01,2022-04-08,2022-04-25
MU|2022-03-28T00:00:00|Long,MU,2022-03-28,Long,0.027423020594397274,0.033683977220726025,-0.007513128844671257,True,-0.024668184393274006,0.07988977215949311,-0.037941381870013724,True,-0.027423020594397274,0.07988977215949311,-0.07262713507926033,True,-0.09804660369661644,0.07988977215949311,-0.12233914597784934,True,-0.1600300360834247,0.07988977215949311,-0.16053092407768488,True,20,True,True,True,True,False,False,1,3,TARGET_BEFORE_STOP,True,True,True,False,False,2,3,TARGET_BEFORE_STOP,2022-03-29,2022-03-31,2022-04-04,2022-04-11,2022-04-26
MU|2022-03-29T00:00:00|Long,MU,2022-03-29,Long,-0.03522241660156189,0.051066357783907,-0.04204758621959381,True,-0.07154177365330727,0.051066357783907,-0.09737970988403133,True,-0.0906764432015077,0.051066357783907,-0.09737970988403133,True,-0.12297384024373892,0.051066357783907,-0.14576485397962413,True,-0.1898842321946862,0.051066357783907,-0.19731873052086868,True,20,True,True,True,,,False,1,1,AMBIGUOUS,True,True,,,False,1,1,AMBIGUOUS,2022-03-30,2022-04-01,2022-04-05,2022-04-12,2022-04-27
MU|2022-03-30T00:00:00|Long,MU,2022-03-30,Long,-0.016043509521322052,0.010106055903913669,-0.029434079374227706,True,-0.01882270621820681,0.010106055903913669,-0.06442655214222515,True,-0.06796367652756552,0.010106055903913669,-0.09714504908603405,True,-0.08564939483367806,0.010106055903913669,-0.11457815695579843,True,-0.11344116904370416,0.010106055903913669,-0.1680141793389529,True,20,True,False,True,False,True,False,,1,STOP_BEFORE_TARGET,False,True,False,True,False,,2,STOP_BEFORE_TARGET,2022-03-31,2022-04-04,2022-04-06,2022-04-13,2022-04-28
MU|2022-03-31T00:00:00|Long,MU,2022-03-31,Long,-0.021954026163465534,0.013095445891048385,-0.049171932996108,True,-0.04211065354986743,0.013095445891048385,-0.049171932996108,True,-0.05918603988285853,0.013095445891048385,-0.08242390832267132,True,-0.09962770826856326,0.013095445891048385,-0.10014126476927965,True,-0.12453456187253886,0.013095445891048385,-0.15444856687077668,True,20,True,False,True,False,True,False,,1,STOP_BEFORE_TARGET,False,True,False,True,False,,1,STOP_BEFORE_TARGET,2022-04-01,2022-04-05,2022-04-07,2022-04-14,2022-04-29
MU|2022-04-01T00:00:00|Long,MU,2022-04-01,Long,0.019558911233927834,0.026253609766185848,0.004331869647318243,True,-0.031504351749337633,0.026253609766185848,-0.06182723898141873,True,-0.05303230374564416,0.026253609766185848,-0.07022838609463233,True,-0.06602781253802559,0.026253609766185848,-0.08046727787951302,True,-0.07324759528355596,0.026253609766185848,-0.13546862238753576,True,20,True,False,True,False,True,False,,2,STOP_BEFORE_TARGET,False,True,False,True,False,,3,STOP_BEFORE_TARGET,2022-04-04,2022-04-06,2022-04-08,2022-04-18,2022-05-02
MU|2022-04-04T00:00:00|Long,MU,2022-04-04,Long,-0.03939742024890669,0.004506224827761418,-0.04338863392087633,True,-0.05652117282273461,0.004506224827761418,-0.07982486280939716,True,-0.07261490308497875,0.004506224827761418,-0.09759240388504853,True,-0.06360235520112156,0.004506224827761418,-0.09810731681250628,True,-0.08252859770605403,0.004506224827761418,-0.15205353208461547,True,20,True,False,True,False,True,False,,1,STOP_BEFORE_TARGET,False,True,False,True,False,,1,STOP_BEFORE_TARGET,2022-04-05,2022-04-07,2022-04-11,2022-04-19,2022-05-03
MU|2022-04-05T00:00:00|Long,MU,2022-04-05,Long,-0.011124538590869926,0.003752831751860697,-0.04208550280071688,True,-0.033105497929193595,0.003752831751860697,-0.05066343316411159,True,-0.03551804723496055,0.003752831751860697,-0.06058174823059603,True,-0.018898319938007724,0.021712943751903246,-0.06111777940343677,True,-0.013268970053220697,0.021712943751903246,-0.11727650353062735,True,20,True,False,True,False,True,False,,1,STOP_BEFORE_TARGET,False,True,False,True,False,,1,STOP_BEFORE_TARGET,2022-04-06,2022-04-08,2022-04-12,2022-04-20,2022-05-04
MU|2022-04-06T00:00:00|Long,MU,2022-04-06,Long,-0.0067769044222362185,0.012198448641496107,-0.02236380527485049,True,-0.02371916547782682,0.012198448641496107,-0.05001358772645692,True,-0.018975353063732436,0.012198448641496107,-0.05001358772645692,True,-0.038763901567779646,0.03320689371337049,-0.050555649081763354,True,-0.03374895506867692,0.03320689371337049,-0.1073461412304565,True,20,True,True,True,False,True,False,9,1,STOP_BEFORE_TARGET,False,True,False,True,False,,2,STOP_BEFORE_TARGET,2022-04-07,2022-04-11,2022-04-13,2022-04-21,2022-05-05
MU|2022-04-07T00:00:00|Long,MU,2022-04-07,Long,-0.01555676048906418,-0.005867908192395688,-0.033433365025305695,True,-0.018013096572227938,0.004230316099313791,-0.04353169342993346,True,-0.04298582939890616,0.006413772223422987,-0.04353169342993346,True,-0.05281106961864268,0.040256613356687954,-0.05417578175267024,True,-0.039983629284715105,0.040256613356687954,-0.10125543521490366,True,20,True,True,True,False,True,False,8,1,STOP_BEFORE_TARGET,False,True,False,True,False,,1,STOP_BEFORE_TARGET,2022-04-08,2022-04-12,2022-04-14,2022-04-22,2022-05-06
MU|2022-04-08T00:00:00|Long,MU,2022-04-08,Long,-0.001524821337430593,0.010673749362013929,-0.02841700955228965,True,0.0033268348461334973,0.022317724202567613,-0.02841700955228965,True,-0.013723286278702007,0.022317724202567613,-0.028971393894834496,True,-0.028001062658121634,0.056695370139856704,-0.05835873468383701,True,-0.05835873468383701,0.056695370139856704,-0.08705293640739908,True,20,True,True,True,False,True,False,7,1,STOP_BEFORE_TARGET,True,True,True,False,False,7,9,TARGET_BEFORE_STOP,2022-04-11,2022-04-13,2022-04-18,2022-04-25,2022-05-09
MU|2022-04-11T00:00:00|Long,MU,2022-04-11,Long,-0.0009718130780301815,0.021657609121633392,-0.0063862153584385295,True,-0.02637791972898118,0.023878956682663377,-0.02693325661923862,True,0.009718236699983285,0.023878956682663377,-0.027488487589814592,True,-0.068721324894218,0.05830910244085552,-0.06927666178447545,True,-0.043315218243267006,0.05830910244085552,-0.0856587293281853,True,20,True,True,True,False,True,False,6,3,STOP_BEFORE_TARGET,True,True,True,False,False,6,8,TARGET_BEFORE_STOP,2022-04-12,2022-04-14,2022-04-19,2022-04-26,2022-05-10
MU|2022-04-12T00:00:00|Long,MU,2022-04-12,Long,0.00583655050429166,0.024874943556156603,-0.001389639735871917,True,-0.011256219690093494,0.024874943556156603,-0.026542468830116683,True,0.01723176597478715,0.05933858152844684,-0.026542468830116683,True,-0.07629235594243011,0.05933858152844684,-0.08476929616077966,True,-0.06948304702075636,0.05933858152844684,-0.08476929616077966,True,20,True,True,True,False,True,False,5,2,STOP_BEFORE_TARGET,True,True,True,False,False,5,7,TARGET_BEFORE_STOP,2022-04-13,2022-04-18,2022-04-20,2022-04-27,2022-05-11
MU|2022-04-13T00:00:00|Long,MU,2022-04-13,Long,-0.03108593652086311,0.0059408720847315966,-0.031638588041245086,True,0.0048356744514672645,0.01423053948296138,-0.03219113415412744,True,-0.02017130616019347,0.05319157570614319,-0.03219113415412744,True,-0.03039509576851085,0.05319157570614319,-0.0900800896722681,True,-0.0645205629477249,0.05319157570614319,-0.0900800896722681,True,20,True,True,True,False,True,False,4,1,STOP_BEFORE_TARGET,True,True,False,True,False,4,1,STOP_BEFORE_TARGET,2022-04-14,2022-04-19,2022-04-21,2022-04-28,2022-05-12
MU|2022-04-14T00:00:00|Long,MU,2022-04-14,Long,0.01454447900197553,0.028090707227385714,-0.0011406559930566829,True,0.043775842222417705,0.08698141084296607,-0.0011406559930566829,True,-0.01026655667341414,0.08698141084296607,-0.01169256704604038,True,-0.027662838842007376,0.08698141084296607,-0.060886878800758826,True,0.02552404086170279,0.08698141084296607,-0.060886878800758826,True,20,True,True,True,True,False,False,2,6,TARGET_BEFORE_STOP,True,True,True,False,False,3,6,TARGET_BEFORE_STOP,2022-04-18,2022-04-20,2022-04-22,2022-04-29,2022-05-13
MU|2022-04-18T00:00:00|Long,MU,2022-04-18,Long,0.02220663102136422,0.03176390847171606,-0.00534089774649249,True,-0.0032326542797042057,0.0713984781744097,-0.007027406736149433,True,-0.01447644071971299,0.0713984781744097,-0.04525651653755669,True,-0.007730190301651119,0.0713984781744097,-0.07434997613602645,True,-0.009557277450351842,0.0713984781744097,-0.07434997613602645,True,20,True,True,True,True,False,False,1,4,TARGET_BEFORE_STOP,True,True,True,False,False,2,5,TARGET_BEFORE_STOP,2022-04-19,2022-04-21,2022-04-25,2022-05-02,2022-05-16
MU|2022-04-19T00:00:00|Long,MU,2022-04-19,Long,0.006462169250866401,0.04812319315899405,0.0021998628534312115,True,-0.045648281886236375,0.04812319315899405,-0.04702331418239658,True,-0.07768460422242329,0.04812319315899405,-0.07823459616084016,True,-0.02021175791081531,0.04812319315899405,-0.09445899119331047,True,0.024061596579497024,0.04812319315899405,-0.09445899119331047,True,20,True,True,True,True,False,False,1,2,TARGET_BEFORE_STOP,False,True,False,True,False,,3,STOP_BEFORE_TARGET,2022-04-20,2022-04-22,2022-04-26,2022-05-03,2022-05-17
MU|2022-04-20T00:00:00|Long,MU,2022-04-20,Long,-0.031147525605895843,0.017622964061589697,-0.0348360044900865,True,-0.04207642527414224,0.017622964061589697,-0.07199449266087654,True,-0.09193983617646417,0.017622964061589697,-0.1002731781953563,True,0.005737784369537868,0.017622964061589697,-0.1002731781953563,True,-0.02937150254261045,0.020901727766098555,-0.1002731781953563,True,20,True,False,True,False,True,False,,1,STOP_BEFORE_TARGET,False,True,False,True,False,,1,STOP_BEFORE_TARGET,2022-04-21,2022-04-25,2022-04-27,2022-05-04,2022-05-18
MU|2022-04-21T00:00:00|Long,MU,2022-04-21,Long,-0.02129151925862771,0.0008460968631913701,-0.02270164483812065,True,-0.05414546583522184,0.0008460968631913701,-0.05470949455152352,True,-0.010434262307885467,0.0008460968631913701,-0.07134796516124897,True,0.005217184942681641,0.04201922495590926,-0.07134796516124897,True,-0.0214325533320725,0.05372257876984299,-0.07134796516124897,True,20,True,True,True,False,True,False,9,1,STOP_BEFORE_TARGET,True,True,False,True,False,18,2,STOP_BEFORE_TARGET,2022-04-22,2022-04-26,2022-04-28,2022-05-05,2022-05-19
MU|2022-04-22T00:00:00|Long,MU,2022-04-22,Long,0.010229059890688896,0.010949351199225132,-0.02132262323653389,True,-0.042357042015417457,0.010949351199225132,-0.05114540937123946,True,-0.017576734711643893,0.027661692373507796,-0.05114540937123946,True,0.013542641729103577,0.06468805110034315,-0.05114540937123946,True,-0.007347674820954886,0.07664600798354937,-0.05114540937123946,True,20,True,True,True,False,True,False,7,1,STOP_BEFORE_TARGET,True,True,False,True,False,8,2,STOP_BEFORE_TARGET,2022-04-25,2022-04-27,2022-04-29,2022-05-06,2022-05-20
MU|2022-04-25T00:00:00|Long,MU,2022-04-25,Long,-0.04335426121579167,-0.013690802151593573,-0.043924724906044266,True,0.0008556411329672109,0.009840199443593933,-0.06075302295161589,True,0.0068453466733851,0.017256118612055227,-0.06075302295161589,True,-0.031232207011187008,0.0539075674734073,-0.06075302295161589,True,-0.0075585622922303974,0.06574444423529746,-0.06075302295161589,True,20,True,True,True,False,True,False,7,1,STOP_BEFORE_TARGET,True,True,False,True,False,7,1,STOP_BEFORE_TARGET,2022-04-26,2022-04-28,2022-05-02,2022-05-09,2022-05-23
MU|2022-04-26T00:00:00|Long,MU,2022-04-26,Long,-0.009093628409371335,0.020870624443405594,-0.01818725681874278,True,0.016547414729462417,0.06335718372077426,-0.01818725681874278,True,0.062313658185391585,0.07274891353921786,-0.01818725681874278,True,0.027280885228114116,0.10166964085661223,-0.01818725681874278,True,-0.0068574697661933914,0.11404295344454418,-0.01818725681874278,True,20,True,True,False,True,False,False,2,,TARGET_BEFORE_STOP,True,False,True,False,False,2,,TARGET_BEFORE_STOP,2022-04-27,2022-04-29,2022-05-03,2022-05-10,2022-05-24
MU|2022-04-27T00:00:00|Long,MU,2022-04-27,Long,0.05581463842845724,0.06529255691571834,0.008876129487821682,True,0.0621332507532979,0.07311569912891525,0.008876129487821682,True,0.10756734458509265,0.11177975280165309,0.008876129487821682,True,0.007371714378980876,0.11177975280165309,0.005265510270700657,True,0.021062155862317855,0.12426661628611146,-0.009026605432560397,True,20,True,True,False,True,False,False,1,,TARGET_BEFORE_STOP,True,False,True,False,False,1,,TARGET_BEFORE_STOP,2022-04-28,2022-05-02,2022-05-04,2022-05-11,2022-05-25
MU|2022-04-28T00:00:00|Long,MU,2022-04-28,Long,-0.02835562631969335,0.01638645655283777,-0.030778051477866386,True,0.015389025738933082,0.02536333387797951,-0.03704757000306458,True,0.01581648055749163,0.05300657173734402,-0.03704757000306458,True,-0.03519522955204324,0.05300657173734402,-0.0614134730671394,True,0.005984584883427679,0.06483332903921712,-0.0614134730671394,True,20,True,True,True,False,True,False,4,1,STOP_BEFORE_TARGET,True,True,False,True,False,4,1,STOP_BEFORE_TARGET,2022-04-29,2022-05-03,2022-05-05,2022-05-12,2022-05-26
MU|2022-04-29T00:00:00|Long,MU,2022-04-29,Long,0.035342366130367564,0.0373954440690103,-0.00894560182595272,True,0.0796304459710444,0.08373660184832965,-0.00894560182595272,True,0.03167613954216919,0.08373660184832965,-0.00894560182595272,True,0.05470003804068124,0.08373660184832965,-0.034022578263107284,True,0.07523092931146369,0.09590850097339398,-0.034022578263107284,True,20,True,True,True,True,False,False,1,8,TARGET_BEFORE_STOP,True,True,True,False,False,2,9,TARGET_BEFORE_STOP,2022-05-02,2022-05-04,2022-05-06,2022-05-13,2022-05-27
MU|2022-05-02T00:00:00|Long,MU,2022-05-02,Long,0.009348493999632446,0.019263465152199455,-0.005665744115072924,True,0.0097734058968737,0.04674225386800046,-0.006232221268007598,True,-0.03781867176560938,0.04674225386800046,-0.04419256635439095,True,-0.00184132090973943,0.04674225386800046,-0.06699710807037584,True,0.04589232200843707,0.05849865399538756,-0.06699710807037584,True,20,True,True,True,True,False,False,2,4,TARGET_BEFORE_STOP,True,True,False,True,False,11,5,STOP_BEFORE_TARGET,2022-05-03,2022-05-05,2022-05-09,2022-05-16,2022-05-31
MU|2022-05-03T00:00:00|Long,MU,2022-05-03,Long,0.033118166427217544,0.037047422263634555,-0.015436408099149146,True,-0.012770188532547189,0.037047422263634555,-0.03325852758257297,True,-0.032977805271862226,0.037047422263634555,-0.05304516792001368,True,0.045186656247179435,0.04869493568172212,-0.0756384960436034,True,0.032135852468113235,0.057956737715535,-0.0756384960436034,True,20,True,True,True,True,False,False,1,3,TARGET_BEFORE_STOP,True,True,False,True,False,20,3,STOP_BEFORE_TARGET,2022-05-04,2022-05-06,2022-05-10,2022-05-17,2022-06-01
MU|2022-05-04T00:00:00|Long,MU,2022-05-04,Long,-0.03164903211257841,-0.01439833127468193,-0.044281472624392415,True,-0.07728881050157832,-0.01439833127468193,-0.08340123825835499,True,-0.09046459404565266,-0.01439833127468193,-0.09236624284252037,True,-0.03490898667405351,0.015077432340942165,-0.10527030305442109,True,0.0237707135929337,0.024314056625194036,-0.10527030305442109,True,20,True,False,True,False,True,False,,1,STOP_BEFORE_TARGET,False,True,False,True,False,,1,STOP_BEFORE_TARGET,2022-05-05,2022-05-09,2022-05-11,2022-05-18,2022-06-02
MU|2022-05-05T00:00:00|Long,MU,2022-05-05,Long,-0.013185614102040444,0.008696910346749576,-0.03366533167425134,True,-0.03338472749127985,0.008696910346749576,-0.053443645808172735,True,-0.05021744683797502,0.008696910346749576,-0.07602746667611293,True,-0.026511423276427304,0.04825364563373147,-0.07602746667611293,True,-0.01893671562328536,0.057792154491117076,-0.07602746667611293,True,20,True,True,True,False,True,False,8,1,STOP_BEFORE_TARGET,True,True,False,True,False,18,1,STOP_BEFORE_TARGET,2022-05-06,2022-05-10,2022-05-12,2022-05-19,2022-06-03
MU|2022-05-06T00:00:00|Long,MU,2022-05-06,Long,-0.03439940613268855,0.01492541683769999,-0.04079595137792724,True,-0.04818762563151269,0.01492541683769999,-0.05017766674999169,True,0.022316982642178074,0.032409365014209435,-0.06368153268954324,True,-0.02061118663386441,0.062260198689609414,-0.06368153268954324,True,0.001421442449041077,0.0719261591718392,-0.06368153268954324,True,20,True,True,True,False,True,False,5,1,STOP_BEFORE_TARGET,True,True,False,True,False,7,1,STOP_BEFORE_TARGET,2022-05-09,2022-05-11,2022-05-13,2022-05-20,2022-06-06
MU|2022-05-09T00:00:00|Long,MU,2022-05-09,Long,0.014426664986470161,0.03915789814168713,-0.004710727121840397,True,-0.003238645954876662,0.043427012144697796,-0.0303252988273105,True,0.037391445666367984,0.06918882566064233,-0.0303252988273105,True,0.024436861846861557,0.10010309172985088,-0.0303252988273105,True,0.04166055966937865,0.11011340090283595,-0.0303252988273105,True,20,True,True,True,True,False,False,1,3,TARGET_BEFORE_STOP,True,True,False,True,False,4,3,STOP_BEFORE_TARGET,2022-05-10,2022-05-12,2022-05-16,2022-05-23,2022-06-07
MU|2022-05-10T00:00:00|Long,MU,2022-05-10,Long,-0.028297844638033864,0.02858791883059797,-0.03032947113938933,True,0.043680080494481244,0.0539833608128808,-0.044115523929349476,True,0.08083005948070965,0.08445797976389291,-0.044115523929349476,True,-0.03323176307979958,0.08445797976389291,-0.044115523929349476,True,-0.004498696437578942,0.09432592736276502,-0.044115523929349476,True,20,True,True,True,False,True,False,3,1,STOP_BEFORE_TARGET,True,True,False,True,False,3,1,STOP_BEFORE_TARGET,2022-05-11,2022-05-13,2022-05-17,2022-05-24,2022-06-08
MU|2022-05-11T00:00:00|Long,MU,2022-05-11,Long,0.011200716999022697,0.028972557764806117,-0.016278320680912062,True,0.05241938745851038,0.08467739316711143,-0.016278320680912062,True,0.061081302616588395,0.11603949191604346,-0.016278320680912062,True,0.013590257983148613,0.11603949191604346,-0.016278320680912062,True,-0.01403826843277578,0.1261948132194075,-0.016278320680912062,True,20,True,True,False,True,False,False,2,,TARGET_BEFORE_STOP,True,False,True,False,False,2,,TARGET_BEFORE_STOP,2022-05-12,2022-05-16,2022-05-18,2022-05-25,2022-06-09
MU|2022-05-12T00:00:00|Long,MU,2022-05-12,Long,0.062176918348801236,0.07266280070107944,0.004578312845743948,True,0.09998529558411184,0.10367751244100631,0.004578312845743948,True,0.024959422009412036,0.10367751244100631,0.004578312845743948,True,0.04268201785149883,0.10367751244100631,-0.02673161398711077,True,-0.07517353745992206,0.1137203467988599,-0.08019495463884885,True,20,True,True,True,True,False,False,1,6,TARGET_BEFORE_STOP,True,True,True,False,False,1,20,TARGET_BEFORE_STOP,2022-05-13,2022-05-17,2022-05-19,2022-05-26,2022-06-10
MU|2022-05-13T00:00:00|Long,MU,2022-05-13,Long,-0.020161248403205434,0.0016685588103066973,-0.02224692039566767,True,-0.012096706609249552,0.03907126334162814,-0.025444964928334368,True,-0.041991055616717565,0.03907126334162814,-0.08078417278245253,True,0.019466095126840832,0.03907126334162814,-0.08370407113922607,True,-0.18186872009689925,0.04852621776999744,-0.18548382477087944,True,20,True,True,True,False,True,False,2,1,STOP_BEFORE_TARGET,False,True,False,True,False,,4,STOP_BEFORE_TARGET,2022-05-16,2022-05-18,2022-05-20,2022-05-27,2022-06-13
MU|2022-05-16T00:00:00|Long,MU,2022-05-16,Long,0.05690367627029902,0.06045128512043996,0.023839935803523504,True,-0.015183761548025476,0.06045128512043996,-0.02015039228533655,True,-0.012487652441731,0.06045128512043996,-0.06187030700761009,True,0.047821698010662717,0.06045128512043996,-0.06485028544999683,True,-0.16702143116049506,0.07010078552340016,-0.18092805135718126,True,20,True,True,True,True,False,False,1,3,TARGET_BEFORE_STOP,True,True,True,False,False,1,4,TARGET_BEFORE_STOP,2022-05-17,2022-05-19,2022-05-23,2022-05-31,2022-06-14
MU|2022-05-17T00:00:00|Long,MU,2022-05-17,Long,-0.04605263360070022,-0.003490898556817279,-0.058942089435798706,True,-0.07491946266856908,-0.003490898556817279,-0.11237919400285368,True,-0.10553168979710914,-0.003490898556817279,-0.11372181577532947,True,-0.012486577111428199,0.012217991295647934,-0.11519873045569551,True,-0.2062299104826626,0.012486577111428199,-0.22730938986050642,True,20,True,False,True,False,True,False,,1,STOP_BEFORE_TARGET,False,True,False,True,False,,1,STOP_BEFORE_TARGET,2022-05-18,2022-05-20,2022-05-24,2022-06-01,2022-06-15
MU|2022-05-18T00:00:00|Long,MU,2022-05-18,Long,-0.023223102815026375,0.00914840068354228,-0.02814918950169587,True,-0.02054900283119787,0.00914840068354228,-0.06952853243099233,True,-0.044757215602921896,0.00914840068354228,-0.07248418444299409,True,0.06080224502843756,0.06136524170414792,-0.07248418444299409,True,-0.2257565663795953,0.06136524170414792,-0.2364532347664997,True,20,True,True,True,False,True,False,7,1,STOP_BEFORE_TARGET,True,True,False,True,False,9,2,STOP_BEFORE_TARGET,2022-05-19,2022-05-23,2022-05-25,2022-06-02,2022-06-16
MU|2022-05-19T00:00:00|Long,MU,2022-05-19,Long,-0.007204610792602817,0.018587909036951622,-0.047406352207363,True,-0.04005761841748989,0.018587909036951622,-0.048847252379156325,True,0.017291021928792283,0.0236311146050463,-0.05043227554821983,True,0.007780992848047452,0.0865994525085041,-0.05043227554821983,True,-0.19668589662478453,0.0865994525085041,-0.22766574501970394,True,20,True,True,True,False,True,False,6,1,STOP_BEFORE_TARGET,True,True,False,True,False,6,1,STOP_BEFORE_TARGET,2022-05-20,2022-05-24,2022-05-26,2022-06-03,2022-06-17
MU|2022-05-20T00:00:00|Long,MU,2022-05-20,Long,0.01001443826895354,0.018867857671599708,-0.0055153102234659634,True,-0.014949183693559243,0.018867857671599708,-0.04354136333180192,True,0.06415091539998241,0.06589260979656308,-0.04354136333180192,True,0.022496304615916562,0.09448478943480576,-0.04354136333180192,True,-0.17561686532435838,0.09448478943480576,-0.22206099728475504,True,20,True,True,True,False,True,False,4,2,STOP_BEFORE_TARGET,True,True,False,True,False,5,2,STOP_BEFORE_TARGET,2022-05-23,2022-05-25,2022-05-27,2022-06-06,2022-06-21
MU|2022-05-23T00:00:00|Long,MU,2022-05-23,Long,-0.042678455921853264,-0.016956354905550697,-0.05144409239910974,True,0.014513610998432291,0.02083639393507508,-0.053024788133270495,True,0.06107199631631466,0.07026882133029289,-0.053024788133270495,True,0.01681284466030064,0.08363281549779078,-0.053024788133270495,True,-0.1904008748752919,0.08363281549779078,-0.229774374266826,True,20,True,True,True,False,True,False,4,1,STOP_BEFORE_TARGET,True,True,False,True,False,4,1,STOP_BEFORE_TARGET,2022-05-24,2022-05-26,2022-05-31,2022-06-07,2022-06-22
MU|2022-05-24T00:00:00|Long,MU,2022-05-24,Long,0.018763133420377054,0.03347336589014893,-0.010807583173509605,True,0.10057034932478937,0.10237165136073378,-0.010807583173509605,True,0.10402281626341314,0.13164209368809066,-0.010807583173509605,True,0.029720739206073432,0.13194236795462033,-0.010807583173509605,True,-0.15610929296175213,0.13194236795462033,-0.19543686183845044,True,20,True,True,True,True,False,False,1,12,TARGET_BEFORE_STOP,True,True,True,False,False,2,12,TARGET_BEFORE_STOP,2022-05-25,2022-05-27,2022-06-01,2022-06-08,2022-06-23
MU|2022-05-25T00:00:00|Long,MU,2022-05-25,Long,0.04022389298748852,0.046706910868733686,-0.02239581863782203,True,0.0879621828453403,0.09739207813255102,-0.02239581863782203,True,0.1105053734564303,0.1110947489376235,-0.02239581863782203,True,-0.027258082048755905,0.1110947489376235,-0.027552713583413047,True,-0.13894215026163304,0.1110947489376235,-0.21025495351375367,True,20,True,True,True,,,False,1,1,AMBIGUOUS,True,True,True,False,False,2,11,TARGET_BEFORE_STOP,2022-05-26,2022-05-31,2022-06-02,2022-06-09,2022-06-24
MU|2022-05-26T00:00:00|Long,MU,2022-05-26,Long,0.03852693030439891,0.04022668595844481,0.014730891473157204,True,0.041784768291716956,0.06784703992993935,0.014730891473157204,True,-0.009348385934551673,0.06813038657148729,-0.021104786061938774,True,-0.11303115743212733,0.06813038657148729,-0.11784702372017719,True,-0.16742209561317367,0.06813038657148729,-0.24079320633741186,True,20,True,True,True,True,False,False,1,5,TARGET_BEFORE_STOP,True,True,True,False,False,2,7,TARGET_BEFORE_STOP,2022-05-27,2022-06-01,2022-06-03,2022-06-10,2022-06-27
MU|2022-05-27T00:00:00|Long,MU,2022-05-27,Long,0.007092152826387865,0.015821108387037652,-0.01895798411666605,True,0.027959670762280675,0.02850523698832874,-0.01895798411666605,True,-0.03914351825596951,0.02850523698832874,-0.0574195185760461,True,-0.1974904473882383,0.02850523698832874,-0.20103652380143222,True,-0.21085650775805997,0.02850523698832874,-0.26895801013069554,True,20,True,False,True,False,True,False,,4,STOP_BEFORE_TARGET,False,True,False,True,False,,4,STOP_BEFORE_TARGET,2022-05-31,2022-06-02,2022-06-06,2022-06-13,2022-06-28
MU|2022-05-31T00:00:00|Long,MU,2022-05-31,Long,-0.003927319887799152,0.020991374981453426,-0.017470115792392882,True,-0.052816821369249034,0.02126228876061176,-0.06405736676766183,True,-0.04171173286041552,0.02126228876061176,-0.07746470578267628,True,-0.20503787006801566,0.02126228876061176,-0.21830980385511756,True,-0.2413325672252602,0.02126228876061176,-0.2741061601784436,True,20,True,False,True,False,True,False,,3,STOP_BEFORE_TARGET,False,True,False,True,False,,3,STOP_BEFORE_TARGET,2022-06-01,2022-06-03,2022-06-07,2022-06-14,2022-06-29
MU|2022-06-01T00:00:00|Long,MU,2022-06-01,Long,0.024745066204055366,0.025288926351813457,-0.005710479686102499,True,-0.042148279740166994,0.025288926351813457,-0.060367127901840845,True,-0.06730121512236176,0.025288926351813457,-0.0787219670331335,True,-0.19619311381562443,0.025288926351813457,-0.2175391318942287,True,-0.24840249509716772,0.025288926351813457,-0.2712441026494278,True,20,True,False,True,False,True,False,,2,STOP_BEFORE_TARGET,False,True,False,True,False,,2,STOP_BEFORE_TARGET,2022-06-02,2022-06-06,2022-06-08,2022-06-15,2022-06-30
MU|2022-06-02T00:00:00|Long,MU,2022-06-02,Long,-0.07204458149528237,-0.04882579502549733,-0.08305694451516199,True,-0.061164925598475195,-0.04285529042361713,-0.09619211537482375,True,-0.12405474011926632,-0.04285529042361713,-0.12432005313953576,True,-0.27013405443947847,-0.04285529042361713,-0.2802176194366638,True,-0.28817832598112925,-0.04285529042361713,-0.3180310514422815,True,20,True,False,True,False,True,False,,1,STOP_BEFORE_TARGET,False,True,False,True,False,,1,STOP_BEFORE_TARGET,2022-06-03,2022-06-07,2022-06-09,2022-06-16,2022-07-01
MU|2022-06-03T00:00:00|Long,MU,2022-06-03,Long,0.0072918857454029595,0.03145548858230707,0.0010008534798502389,True,-0.019159335437652802,0.03145548858230707,-0.031169577195856224,True,-0.1046611846439951,0.03145548858230707,-0.10952249635002098,True,-0.2028882177019401,0.03145548858230707,-0.23362887327569581,True,-0.18887621444161207,0.03145548858230707,-0.265084361858003,True,20,True,True,True,True,False,False,1,2,TARGET_BEFORE_STOP,False,True,False,True,False,,3,STOP_BEFORE_TARGET,2022-06-06,2022-06-08,2022-06-10,2022-06-17,2022-07-05
MU|2022-06-06T00:00:00|Long,MU,2022-06-06,Long,0.00440035772061198,0.0059617575093495745,-0.03307302061875095,True,-0.06288148327998355,0.0059617575093495745,-0.06316532492558502,True,-0.16479769054048166,0.0059617575093495745,-0.16848822755674608,True,-0.19375441167456608,0.0059617575093495745,-0.2391767097804185,True,-0.18566357108527576,0.0059617575093495745,-0.27040448896483027,True,20,True,False,True,False,True,False,,1,STOP_BEFORE_TARGET,False,True,False,True,False,,1,STOP_BEFORE_TARGET,2022-06-07,2022-06-09,2022-06-13,2022-06-21,2022-07-06
MU|2022-06-07T00:00:00|Long,MU,2022-06-07,Long,-0.030525771578565508,-0.005087628596427529,-0.0423968330897484,True,-0.11503678573488718,-0.005087628596427529,-0.11984176230813981,True,-0.1704352884285184,-0.005087628596427529,-0.18428491410192616,True,-0.20378747241811146,-0.005087628596427529,-0.24250993702730717,True,-0.16831547912024758,-0.005087628596427529,-0.27360090483150046,True,20,True,False,True,False,True,False,,1,STOP_BEFORE_TARGET,False,True,False,True,False,,1,STOP_BEFORE_TARGET,2022-06-08,2022-06-10,2022-06-14,2022-06-22,2022-07-07
MU|2022-06-08T00:00:00|Long,MU,2022-06-08,Long,-0.0376093569743734,0.0013120112140980744,-0.037900853235469434,True,-0.14227403117530824,0.0013120112140980744,-0.14606409425572198,True,-0.13819241622596534,0.0013120112140980744,-0.16107870966249493,True,-0.18046643627970693,0.0013120112140980744,-0.21865889699193874,True,-0.13790086435703608,0.0013120112140980744,-0.25072882406448993,True,20,True,False,True,False,True,False,,1,STOP_BEFORE_TARGET,False,True,False,True,False,,1,STOP_BEFORE_TARGET,2022-06-09,2022-06-13,2022-06-15,2022-06-23,2022-07-08
MU|2022-06-09T00:00:00|Long,MU,2022-06-09,Long,-0.05149951354229154,-0.0069675720669847285,-0.056649470674614344,True,-0.11087543550936729,-0.0069675720669847285,-0.12571941600113623,True,-0.16676762922388766,-0.0069675720669847285,-0.1782792675179956,True,-0.11481366861222786,-0.0069675720669847285,-0.1881247924942101,True,-0.12435619035490553,-0.0069675720669847285,-0.22144798334707172,True,20,True,False,True,False,True,False,,1,STOP_BEFORE_TARGET,False,True,False,True,False,,1,STOP_BEFORE_TARGET,2022-06-10,2022-06-14,2022-06-16,2022-06-24,2022-07-11
MU|2022-06-10T00:00:00|Long,MU,2022-06-10,Long,-0.06036408246203562,-0.02650910053859601,-0.06451608383488805,True,-0.055892686996164676,-0.02650910053859601,-0.08096454457527436,True,-0.10970934284680589,-0.02650910053859601,-0.14404344636887056,True,-0.06132226474109126,-0.02650910053859601,-0.14404344636887056,True,-0.054934504717109034,-0.02650910053859601,-0.17917594374618995,True,20,True,False,True,False,True,False,,1,STOP_BEFORE_TARGET,False,True,False,True,False,,1,STOP_BEFORE_TARGET,2022-06-13,2022-06-15,2022-06-17,2022-06-27,2022-07-12
MU|2022-06-13T00:00:00|Long,MU,2022-06-13,Long,-0.0023793234072974068,0.01750507778086008,-0.01903465209008004,True,-0.06509180525361091,0.021074127723506697,-0.07800816010681155,True,-0.03467030778784963,0.021074127723506697,-0.0890550928769216,True,-0.016655328682782522,0.02974167225461888,-0.0890550928769216,True,0.00033991260557120206,0.02974167225461888,-0.12644457184593938,True,20,True,False,True,False,True,False,,2,STOP_BEFORE_TARGET,False,True,False,True,False,,3,STOP_BEFORE_TARGET,2022-06-14,2022-06-16,2022-06-21,2022-06-28,2022-07-13
MU|2022-06-14T00:00:00|Long,MU,2022-06-14,Long,0.00715499426723154,0.023509387566933437,-0.019591167136831844,True,-0.05025554897099682,0.023509387566933437,-0.08688249101417855,True,-0.04020443917679739,0.023509387566933437,-0.08688249101417855,True,-0.04565588194792347,0.03219760417518924,-0.08688249101417855,True,0.011073214697332912,0.03219760417518924,-0.12436114381908903,True,20,True,True,True,False,True,False,9,2,STOP_BEFORE_TARGET,False,True,False,True,False,,2,STOP_BEFORE_TARGET,2022-06-15,2022-06-17,2022-06-22,2022-06-29,2022-07-14
MU|2022-06-15T00:00:00|Long,MU,2022-06-15,Long,-0.06951963268955585,-0.03585925186377836,-0.08237481427385929,True,-0.03924221476216894,-0.020297712865692596,-0.0933694275624658,True,-0.04905273619038597,-0.020297712865692596,-0.0933694275624658,True,-0.0649526424554262,0.02486470309982236,-0.0933694275624658,True,0.04076454484021208,0.0436400858874717,-0.13058182587081013,True,20,True,True,True,False,True,False,20,1,STOP_BEFORE_TARGET,False,True,False,True,False,,1,STOP_BEFORE_TARGET,2022-06-16,2022-06-21,2022-06-23,2022-06-30,2022-07-15
MU|2022-06-16T00:00:00|Long,MU,2022-06-16,Long,0.013452130540733576,0.023813877717902443,-0.025631701334922208,True,0.02417745631041157,0.05289947166337239,-0.025631701334922208,True,0.06235230703203154,0.07253229958570895,-0.025631701334922208,True,-0.024722720180886393,0.10143613890768721,-0.06562437567356172,True,0.09889115810564952,0.13306678300072106,-0.06562437567356172,True,20,True,True,True,False,True,False,2,1,STOP_BEFORE_TARGET,True,True,True,False,False,2,10,TARGET_BEFORE_STOP,2022-06-17,2022-06-22,2022-06-24,2022-07-01,2022-07-18
MU|2022-06-17T00:00:00|Long,MU,2022-06-17,Long,0.018834067032476254,0.03892373397211313,0.010582962378258065,True,0.008430515169562725,0.03892373397211313,-0.014170420009459117,True,0.0543497538887332,0.07713003115803674,-0.014170420009459117,True,0.01757846712531541,0.0868161462347603,-0.07802687845957124,True,0.11928253858078763,0.12573988020687366,-0.07802687845957124,True,20,True,True,True,True,False,False,1,8,TARGET_BEFORE_STOP,True,True,True,False,False,4,9,TARGET_BEFORE_STOP,2022-06-21,2022-06-23,2022-06-27,2022-07-05,2022-07-19
MU|2022-06-21T00:00:00|Long,MU,2022-06-21,Long,-0.008098575539636998,0.005985918259767242,-0.02112677427918841,True,0.02887322907881984,0.03873240831848479,-0.03239436931871187,True,0.018661996259313085,0.06672536912737259,-0.03239436931871187,True,0.010035206029585853,0.06672536912737259,-0.09507038351610186,True,0.1144366212554262,0.1183098822353239,-0.09507038351610186,True,20,True,True,True,False,True,False,3,1,STOP_BEFORE_TARGET,True,True,False,True,False,4,2,STOP_BEFORE_TARGET,2022-06-22,2022-06-24,2022-06-28,2022-07-06,2022-07-20
MU|2022-06-22T00:00:00|Long,MU,2022-06-22,Long,-0.002129906488458788,0.008697225366341987,-0.024494161597048647,True,0.04330845971069652,0.06585017881478028,-0.024494161597048647,True,-0.005679795774894414,0.07543485957560447,-0.024494161597048647,True,0.04455091080467288,0.07543485957560447,-0.08768190651987551,True,0.12957045114110155,0.13028044254009008,-0.08768190651987551,True,20,True,True,True,False,True,False,2,1,STOP_BEFORE_TARGET,True,True,True,False,False,3,6,TARGET_BEFORE_STOP,2022-06-23,2022-06-27,2022-06-29,2022-07-07,2022-07-21
MU|2022-06-23T00:00:00|Long,MU,2022-06-23,Long,0.039487679790165764,0.04944857201947439,0.01618640746448441,True,0.02917110199287065,0.07773032438632366,0.01618640746448441,True,-0.016720071522518754,0.07773032438632366,-0.035574527865066874,True,0.05193877811354475,0.07773032438632366,-0.08573460672656907,True,0.09018142270970242,0.13269297265197322,-0.08573460672656907,True,20,True,True,True,True,False,False,1,5,TARGET_BEFORE_STOP,True,True,True,False,False,2,5,TARGET_BEFORE_STOP,2022-06-24,2022-06-28,2022-06-30,2022-07-08,2022-07-22
MU|2022-06-24T00:00:00|Long,MU,2022-06-24,Long,0.00581793567039024,0.0275496346369819,-0.0011978045254817937,True,-0.04140996279625675,0.03678989692679924,-0.053388073326525065,True,-0.08196436025651943,0.03678989692679924,-0.12046538785530647,True,-0.0107802407293357,0.03678989692679924,-0.12046538785530647,True,0.02926083058442086,0.08966464410681807,-0.12046538785530647,True,20,True,True,True,True,False,False,2,3,TARGET_BEFORE_STOP,True,True,False,True,False,14,3,STOP_BEFORE_TARGET,2022-06-27,2022-06-29,2022-07-01,2022-07-11,2022-07-25
MU|2022-06-27T00:00:00|Long,MU,2022-06-27,Long,-0.015651551344865733,0.03079281066485029,-0.016502167848759908,True,-0.05954406384289934,0.03079281066485029,-0.07757736735782039,True,-0.034875795842693735,0.03079281066485029,-0.12555286503369756,True,0.00680506182691154,0.03079281066485029,-0.12555286503369756,True,0.014971097080477946,0.08336171533921077,-0.12555286503369756,True,20,True,True,True,True,False,False,1,2,TARGET_BEFORE_STOP,True,True,False,True,False,14,2,STOP_BEFORE_TARGET,2022-06-28,2022-06-30,2022-07-05,2022-07-12,2022-07-26
MU|2022-06-28T00:00:00|Long,MU,2022-06-28,Long,-0.03180090102278188,-0.0058762555997461385,-0.04389908207282178,True,-0.07276182233083939,-0.0058762555997461385,-0.11164879046539311,True,-0.008468746513962788,0.0044935761975550825,-0.11164879046539311,True,0.01728309694869057,0.044417553883752126,-0.11164879046539311,True,0.0696508596056924,0.1005876189669963,-0.11164879046539311,True,20,True,True,True,False,True,False,7,1,STOP_BEFORE_TARGET,True,True,False,True,False,12,1,STOP_BEFORE_TARGET,2022-06-29,2022-07-01,2022-07-06,2022-07-13,2022-07-27
MU|2022-06-29T00:00:00|Long,MU,2022-06-29,Long,-0.013209597865403877,0.006961788405240643,-0.03213136776779679,True,0.012674028537503546,0.015530148603634997,-0.08247052649290887,True,0.05051763643756302,0.058729041211055266,-0.08247052649290887,True,0.0594430201561329,0.0787218816739752,-0.08247052649290887,True,0.10799712937564054,0.13673687584467942,-0.08247052649290887,True,20,True,True,True,False,True,False,4,1,STOP_BEFORE_TARGET,True,True,False,True,False,5,1,STOP_BEFORE_TARGET,2022-06-30,2022-07-05,2022-07-07,2022-07-14,2022-07-28
MU|2022-06-30T00:00:00|Long,MU,2022-06-30,Long,-0.02948620277517855,-0.0238784320544988,-0.07018808500536877,True,0.03780752892076089,0.051374822997490854,-0.07018808500536877,True,0.0698263512226629,0.09316211359627702,-0.07018808500536877,True,0.11306078397275066,0.1161360731803589,-0.07018808500536877,True,0.11903042648978834,0.15195372126210716,-0.07018808500536877,True,20,True,True,True,False,True,False,3,1,STOP_BEFORE_TARGET,True,True,False,True,False,3,1,STOP_BEFORE_TARGET,2022-07-01,2022-07-06,2022-07-08,2022-07-15,2022-07-29
MU|2022-07-01T00:00:00|Long,MU,2022-07-01,Long,0.05740909466464306,0.060391384373151835,-0.029077377985507136,True,0.09692445107823322,0.10549859620566693,-0.029077377985507136,True,0.07753960352462363,0.12637462416522838,-0.029077377985507136,True,0.1267474192667164,0.1617893766692411,-0.029077377985507136,True,0.16570361857977223,0.19273065905879294,-0.029077377985507136,True,20,True,True,True,,,False,1,1,AMBIGUOUS,True,False,True,False,False,1,,TARGET_BEFORE_STOP,2022-07-05,2022-07-07,2022-07-11,2022-07-18,2022-08-01
MU|2022-07-05T00:00:00|Long,MU,2022-07-05,Long,0.011281498233962628,0.02450201658495632,-0.0047593946755217775,True,0.04248192961147179,0.06522123731350904,-0.0047593946755217775,True,0.04318704006185281,0.06522123731350904,-0.0047593946755217775,True,0.09994715369988993,0.10629294602421857,-0.0047593946755217775,True,0.10118106336653998,0.127974655293718,-0.0047593946755217775,True,20,True,True,False,True,False,False,2,,TARGET_BEFORE_STOP,True,False,True,False,False,3,,TARGET_BEFORE_STOP,2022-07-06,2022-07-08,2022-07-12,2022-07-19,2022-08-02
MU|2022-07-06T00:00:00|Long,MU,2022-07-06,Long,0.02579744761706415,0.033815626242378105,0.008192456500847323,True,0.0076695563813529155,0.05333800645393327,0.005926445161548166,True,0.02597179198549182,0.05333800645393327,-0.0001742778755333685,True,0.1033641348366845,0.10719891302736095,-0.0008715223634553348,True,0.11992332571391251,0.12480390414357778,-0.0008715223634553348,True,20,True,True,False,True,False,False,1,,TARGET_BEFORE_STOP,True,False,True,False,False,2,,TARGET_BEFORE_STOP,2022-07-07,2022-07-11,2022-07-13,2022-07-20,2022-08-03
MU|2022-07-07T00:00:00|Long,MU,2022-07-07,Long,0.004927798182609466,0.026847950246752905,-0.01274426541115048,True,0.0056075078948354395,0.026847950246752905,-0.01937127305363895,True,0.008496176940766986,0.026847950246752905,-0.02599828069612753,True,0.08139339064951234,0.08207310036173832,-0.02599828069612753,True,0.10195412328920384,0.10433304246130892,-0.02599828069612753,True,20,True,True,True,False,True,False,6,4,STOP_BEFORE_TARGET,True,False,True,False,False,7,,TARGET_BEFORE_STOP,2022-07-08,2022-07-12,2022-07-14,2022-07-21,2022-08-04
MU|2022-07-08T00:00:00|Long,MU,2022-07-08,Long,-0.022488975821501556,-0.008961765045091385,-0.024179917482821,True,-0.0047345076460363344,0.015894529102257415,-0.03009805204036642,True,0.040412570414513294,0.04328713898734171,-0.030774428704894108,True,0.03635443943300465,0.07676700984751794,-0.030774428704894108,True,0.05613797309922419,0.09891779733675565,-0.030774428704894108,True,20,True,True,True,False,True,False,5,1,STOP_BEFORE_TARGET,True,True,False,True,False,6,3,STOP_BEFORE_TARGET,2022-07-11,2022-07-13,2022-07-15,2022-07-22,2022-08-05
MU|2022-07-11T00:00:00|Long,MU,2022-07-11,Long,0.023698303050339042,0.039266569864024214,0.005016382873916703,True,0.026638939011365936,0.039266569864024214,-0.008476071040074085,True,0.045666828004403914,0.07818717091143279,-0.008476071040074085,True,0.04047742772877716,0.1015395051451562,-0.008476071040074085,True,0.06296487291436326,0.12419990174564788,-0.008476071040074085,True,20,True,True,False,True,False,False,1,,TARGET_BEFORE_STOP,True,False,True,False,False,4,,TARGET_BEFORE_STOP,2022-07-12,2022-07-14,2022-07-18,2022-07-25,2022-08-08
MU|2022-07-12T00:00:00|Long,MU,2022-07-12,Long,-0.005407226988409342,0.004055388011691807,-0.03075362766878942,True,0.039709335282236635,0.04258196087814614,-0.031429547157148074,True,0.054410294087502864,0.0604933761050408,-0.031429547157148074,True,0.008110840482614012,0.07603920204114023,-0.031429547157148074,True,-0.000506907386653932,0.09817501738143153,-0.031429547157148074,True,20,True,True,True,False,True,False,3,1,STOP_BEFORE_TARGET,True,True,False,True,False,4,1,STOP_BEFORE_TARGET,2022-07-13,2022-07-15,2022-07-19,2022-07-26,2022-08-09
MU|2022-07-13T00:00:00|Long,MU,2022-07-13,Long,0.008324802220327499,0.013591560121728019,-0.026163793740370922,True,0.027013254096165618,0.05895346898947973,-0.026163793740370922,True,0.07543320728284408,0.07917091061994608,-0.026163793740370922,True,0.051478062315276185,0.08188922264429155,-0.026163793740370922,True,0.04315326009494869,0.10414538209059931,-0.026163793740370922,True,20,True,True,True,False,True,False,2,1,STOP_BEFORE_TARGET,True,False,True,False,False,3,,TARGET_BEFORE_STOP,2022-07-14,2022-07-18,2022-07-20,2022-07-27,2022-08-10
MU|2022-07-14T00:00:00|Long,MU,2022-07-14,Long,0.036731261351697464,0.039595658790843036,0.0008425114244883236,True,0.051390111713107034,0.05745576975707922,0.0008425114244883236,True,0.07228308383862814,0.0729570672683797,0.0008425114244883236,True,0.04582984482955221,0.0729570672683797,0.0008425114244883236,True,0.0500421448536037,0.09502947825866737,-0.02712715816423006,True,20,True,True,True,True,False,False,1,18,TARGET_BEFORE_STOP,True,False,True,False,False,2,,TARGET_BEFORE_STOP,2022-07-15,2022-07-19,2022-07-21,2022-07-28,2022-08-11
MU|2022-07-15T00:00:00|Long,MU,2022-07-15,Long,-0.017552381566450004,0.01300183760164475,-0.022590596736955182,True,0.028766463398000708,0.03234197493818858,-0.022590596736955182,True,-0.0039005016826082484,0.034942330059046345,-0.022590596736955182,True,0.005363267310281916,0.034942330059046345,-0.032179417869622085,True,0.057045379585014544,0.0632211842487036,-0.0615959235498198,True,20,True,True,True,False,True,False,3,1,STOP_BEFORE_TARGET,True,True,False,True,False,14,7,STOP_BEFORE_TARGET,2022-07-18,2022-07-20,2022-07-22,2022-07-29,2022-08-12
MU|2022-07-18T00:00:00|Long,MU,2022-07-18,Long,0.03225807672999981,0.03821335863423103,0.015384620238846125,True,0.05277086164512834,0.053432580669487306,0.015384620238846125,True,-0.004962766472692448,0.053432580669487306,-0.012406947734230789,True,0.0345740302102564,0.058560808450769164,-0.014888362523076681,True,0.07030597405564154,0.08221666407410289,-0.04483042266782067,True,20,True,True,True,True,False,False,1,16,TARGET_BEFORE_STOP,True,True,True,False,False,2,16,TARGET_BEFORE_STOP,2022-07-19,2022-07-21,2022-07-25,2022-08-01,2022-08-15
MU|2022-07-19T00:00:00|Long,MU,2022-07-19,Long,0.014423039890606226,0.017948700392583783,-0.00881415125494367,True,-0.017788470884751773,0.02051280044866699,-0.022275691832623346,True,-0.04391028223501636,0.02051280044866699,-0.04567311248600514,True,0.0011217899537259157,0.02548077105300184,-0.04567311248600514,True,0.023397420653381795,0.04839738091695289,-0.07467948290801696,True,20,True,True,True,False,True,False,11,3,STOP_BEFORE_TARGET,False,True,False,True,False,,4,STOP_BEFORE_TARGET,2022-07-20,2022-07-22,2022-07-26,2022-08-02,2022-08-16
MU|2022-07-20T00:00:00|Long,MU,2022-07-20,Long,0.005371250500566083,0.006003176503875052,-0.021642953371201035,True,-0.049762997616868754,0.006003176503875052,-0.05687201449464452,True,-0.022274879374510115,0.006003176503875052,-0.05924170687516328,True,0.015007911127797424,0.01943127262339983,-0.05924170687516328,True,-0.026540289501175596,0.0334912947462338,-0.08783566549142252,True,20,True,True,True,False,True,False,17,1,STOP_BEFORE_TARGET,False,True,False,True,False,,2,STOP_BEFORE_TARGET,2022-07-21,2022-07-25,2022-07-27,2022-08-03,2022-08-17
MU|2022-07-21T00:00:00|Long,MU,2022-07-21,Long,-0.03692643772248905,-0.011313658510503366,-0.041326227110917046,True,-0.0625392768762928,-0.011313658510503366,-0.06426775914226612,True,-0.024670014297322407,-0.011313658510503366,-0.06426775914226612,True,0.019013185042070724,0.021213049765375747,-0.06426775914226612,True,-0.010370833654022027,0.02796981138227994,-0.09270895298187765,True,20,True,False,True,False,True,False,,1,STOP_BEFORE_TARGET,False,True,False,True,False,,1,STOP_BEFORE_TARGET,2022-07-22,2022-07-26,2022-07-28,2022-08-04,2022-08-18
MU|2022-07-22T00:00:00|Long,MU,2022-07-22,Long,-0.018600087658990794,0.00881058749324537,-0.025942243903361972,True,0.009789500165745535,0.017947437717241277,-0.028389650064860383,True,0.009300043829495452,0.017947437717241277,-0.028389650064860383,True,0.019089543995240765,0.060368688088970446,-0.028389650064860383,True,-0.012726424903618083,0.06738451936246692,-0.0579213441675962,True,20,True,True,True,False,True,False,6,1,STOP_BEFORE_TARGET,True,True,True,False,False,8,12,TARGET_BEFORE_STOP,2022-07-25,2022-07-27,2022-07-29,2022-08-05,2022-08-19
MU|2022-07-25T00:00:00|Long,MU,2022-07-25,Long,-0.00814632861241038,0.00897750768298411,-0.009975100142935456,True,0.03192016825002497,0.037240196291695726,-0.009975100142935456,True,0.03973398718236387,0.06384039991978674,-0.009975100142935456,True,0.02161262184675472,0.08046543998520539,-0.009975100142935456,True,-0.030590192949475625,0.08761423955740133,-0.04006649686243535,True,20,True,True,True,True,False,False,2,11,TARGET_BEFORE_STOP,True,True,True,False,False,5,11,TARGET_BEFORE_STOP,2022-07-26,2022-07-28,2022-08-01,2022-08-08,2022-08-22
MU|2022-07-26T00:00:00|Long,MU,2022-07-26,Long,0.03737847046496534,0.04575929515954824,-0.0008380696813347077,True,0.03687564144428812,0.04575929515954824,-0.0008380696813347077,True,0.04710025780217819,0.07257797254658405,-0.0008380696813347077,True,-0.008548413054602522,0.08933955799513171,-0.03218233613570143,True,-0.030170956112374636,0.09654707234772242,-0.03218233613570143,True,20,True,True,True,True,False,False,1,10,TARGET_BEFORE_STOP,True,True,True,False,False,4,10,TARGET_BEFORE_STOP,2022-07-27,2022-07-29,2022-08-02,2022-08-09,2022-08-23
MU|2022-07-27T00:00:00|Long,MU,2022-07-27,Long,0.002908390805476113,0.006624654248755579,-0.027468101142424484,True,0.010502529201634303,0.03393120551831186,-0.027468101142424484,True,0.03813218021692677,0.042656316298009145,-0.027468101142424484,True,-0.007917238141894156,0.05008884318456763,-0.06705441512535804,True,-0.057844531453593806,0.057036658815790675,-0.07319435811877795,True,20,True,True,True,False,True,False,3,1,STOP_BEFORE_TARGET,True,True,True,False,False,6,9,TARGET_BEFORE_STOP,2022-07-28,2022-08-01,2022-08-03,2022-08-10,2022-08-24
MU|2022-07-28T00:00:00|Long,MU,2022-07-28,Long,-0.003383262212101612,0.0003222242284841581,-0.020944083187565243,True,0.006444361653706654,0.03093284989660927,-0.020944083187565243,True,0.044788122973499656,0.04704363111490073,-0.020944083187565243,True,0.004027710669069817,0.04704363111490073,-0.06975991683013472,True,-0.014016415920126257,0.053971298382339716,-0.07588205425535721,True,20,True,True,True,False,True,False,2,1,STOP_BEFORE_TARGET,True,True,False,True,False,11,8,STOP_BEFORE_TARGET,2022-07-29,2022-08-02,2022-08-04,2022-08-11,2022-08-25
MU|2022-07-29T00:00:00|Long,MU,2022-07-29,Long,0.010992568678733328,0.034432606645639074,0.002263165022100111,True,0.03863561859145048,0.043161948635650704,-0.015842216821322475,True,0.009699296285178072,0.050598079898728665,-0.015842216821322475,True,0.051406405978011716,0.0575492648475342,-0.06660198660255645,True,-0.06838020531038413,0.0575492648475342,-0.07274490713870085,True,20,True,True,True,True,False,False,1,7,TARGET_BEFORE_STOP,True,True,True,False,False,4,7,TARGET_BEFORE_STOP,2022-08-01,2022-08-03,2022-08-05,2022-08-12,2022-08-26
MU|2022-08-01T00:00:00|Long,MU,2022-08-01,Long,-0.001119278762383935,0.012152195561361268,-0.02654300964360823,True,0.03693632115090395,0.03917487867567182,-0.02654300964360823,True,-0.017428847723557794,0.03917487867567182,-0.02654300964360823,True,0.034537831805157015,0.046050483070954495,-0.07675086611437532,True,-0.0884234492011522,0.046050483070954495,-0.0962584005378394,True,20,True,True,True,False,True,False,2,1,STOP_BEFORE_TARGET,False,True,False,True,False,,6,STOP_BEFORE_TARGET,2022-08-02,2022-08-04,2022-08-08,2022-08-15,2022-08-29
MU|2022-08-02T00:00:00|Long,MU,2022-08-02,Long,0.028493656867529582,0.032975788672004125,-0.00048027202509803857,True,-0.0001601110298546926,0.04033930836920252,-0.010725179615020286,True,-0.053145503921071535,0.04033930836920252,-0.07571633503776476,True,0.02225067012144999,0.04722261710576903,-0.07571633503776476,True,-0.09876743817955591,0.04722261710576903,-0.1102929286859855,True,20,True,True,True,True,False,False,1,4,TARGET_BEFORE_STOP,False,True,False,True,False,,5,STOP_BEFORE_TARGET,2022-08-03,2022-08-05,2022-08-09,2022-08-16,2022-08-30
MU|2022-08-03T00:00:00|Long,MU,2022-08-03,Long,0.009338497651690147,0.011517476478903221,-0.009338497651690147,True,-0.04357975466242092,0.011517476478903221,-0.050894948758967606,True,-0.04435795290460842,0.011517476478903221,-0.10132293107444679,True,-0.040933868764439496,0.018210088232611943,-0.10132293107444679,True,-0.12015566102261677,0.018210088232611943,-0.1349416057423395,True,20,True,False,True,False,True,False,,2,STOP_BEFORE_TARGET,False,True,False,True,False,,2,STOP_BEFORE_TARGET,2022-08-04,2022-08-08,2022-08-10,2022-08-17,2022-08-31
MU|2022-08-04T00:00:00|Long,MU,2022-08-04,Long,-0.03685427056104229,-0.025134884992609963,-0.04703160075289248,True,-0.08789509764625236,-0.025134884992609963,-0.10963757845717759,True,-0.039013089264859246,-0.011565150619075037,-0.10963757845717759,True,-0.02883575907300917,0.008789509764625336,-0.10963757845717759,True,-0.11626826951798575,0.008789509764625336,-0.15512718265688585,True,20,True,False,True,False,True,False,,1,STOP_BEFORE_TARGET,False,True,False,True,False,,1,STOP_BEFORE_TARGET,2022-08-05,2022-08-09,2022-08-11,2022-08-18,2022-09-01
MU|2022-08-05T00:00:00|Long,MU,2022-08-05,Long,-0.016170322387729308,0.0025616370438257263,-0.023695157923949606,True,-0.016970822512504036,0.0025616370438257263,-0.07556832332998276,True,0.04130646604021582,0.04739031584789921,-0.07556832332998276,True,-0.031219993460169904,0.04739031584789921,-0.07556832332998276,True,-0.09814276886439888,0.04739031584789921,-0.12279856358262498,True,20,True,True,True,False,True,False,5,1,STOP_BEFORE_TARGET,False,True,False,True,False,,2,STOP_BEFORE_TARGET,2022-08-08,2022-08-10,2022-08-12,2022-08-19,2022-09-02
MU|2022-08-08T00:00:00|Long,MU,2022-08-08,Long,-0.03742879102529939,-0.014808784965238408,-0.06037427239073623,True,0.014157834354486587,0.04312445367421147,-0.06037427239073623,True,0.05288846452322282,0.06460532720448997,-0.06037427239073623,True,-0.05109844346075543,0.06460532720448997,-0.06037427239073623,True,-0.10122052308344986,0.06460532720448997,-0.1083807935675204,True,20,True,True,True,False,True,False,3,1,STOP_BEFORE_TARGET,True,True,False,True,False,4,1,STOP_BEFORE_TARGET,2022-08-09,2022-08-11,2022-08-15,2022-08-22,2022-09-06
MU|2022-08-09T00:00:00|Long,MU,2022-08-09,Long,0.03803888321144999,0.04074386788236528,0.00405744476041181,True,0.09957733284371062,0.10600163112968297,0.00405744476041181,True,0.07962804671124091,0.10600163112968297,0.00405744476041181,True,-0.021808975185959256,0.10600163112968297,-0.023499630912732217,True,-0.07016063260899874,0.10600163112968297,-0.08689776959848228,True,20,True,True,True,True,False,False,1,10,TARGET_BEFORE_STOP,True,True,True,False,False,2,11,TARGET_BEFORE_STOP,2022-08-10,2022-08-12,2022-08-16,2022-08-23,2022-09-07
MU|2022-08-10T00:00:00|Long,MU,2022-08-10,Long,0.014983683160945116,0.04397389057236745,0.009771961876388735,True,0.05374585244875596,0.06547225640331722,0.009771961876388735,True,0.0035830195527459807,0.06547225640331722,-0.010423504697731234,True,-0.05032573413350028,0.06547225640331722,-0.0657980588782976,True,-0.09788276851585043,0.06547225640331722,-0.1247556947402284,True,20,True,True,True,True,False,False,1,8,TARGET_BEFORE_STOP,True,True,True,False,False,2,8,TARGET_BEFORE_STOP,2022-08-11,2022-08-15,2022-08-17,2022-08-24,2022-09-08
MU|2022-08-11T00:00:00|Long,MU,2022-08-11,Long,0.0436457194162827,0.049743236349510944,-0.0014441616339636587,True,0.02471118297606867,0.049743236349510944,-0.0014441616339636587,True,0.0105904982452516,0.049743236349510944,-0.025032114584887855,True,-0.017971741613756476,0.049743236349510944,-0.07958920264379576,True,-0.07830553741996449,0.049743236349510944,-0.13767647718826936,True,20,True,True,True,True,False,False,1,4,TARGET_BEFORE_STOP,False,True,False,True,False,,6,STOP_BEFORE_TARGET,2022-08-12,2022-08-16,2022-08-18,2022-08-25,2022-09-09
MU|2022-08-12T00:00:00|Long,MU,2022-08-12,Long,-0.005227613199556225,0.001230040435555857,-0.01768145002600019,True,-0.052583055588889205,0.001230040435555857,-0.06580569701333372,True,-0.06964948539711147,0.001230040435555857,-0.07318576367200036,True,-0.11392988534911108,0.001230040435555857,-0.11808118384177779,True,-0.10916362529022261,0.001230040435555857,-0.1737392232164443,True,20,True,False,True,False,True,False,,2,STOP_BEFORE_TARGET,False,True,False,True,False,,3,STOP_BEFORE_TARGET,2022-08-15,2022-08-17,2022-08-19,2022-08-26,2022-09-12
MU|2022-08-15T00:00:00|Long,MU,2022-08-15,Long,-0.01298294246540066,-0.0021638237442334063,-0.022874741844624902,True,-0.02658419609172158,-0.0021638237442334063,-0.06089642677820917,True,-0.09876346022184446,-0.0021638237442334063,-0.10401848601202923,True,-0.11885624404064077,-0.0021638237442334063,-0.1264296271454578,True,-0.17125190941231494,-0.0021638237442334063,-0.17867075894673312,True,20,True,False,True,False,True,False,,1,STOP_BEFORE_TARGET,False,True,False,True,False,,2,STOP_BEFORE_TARGET,2022-08-16,2022-08-18,2022-08-22,2022-08-29,2022-09-13
MU|2022-08-16T00:00:00|Long,MU,2022-08-16,Long,-0.035076756295922995,-0.01644220524624207,-0.04854372469761381,True,-0.052458538315067416,-0.0068901101973201095,-0.05606015967488698,True,-0.09395552681888664,-0.0068901101973201095,-0.09552148810705718,True,-0.11838398529651062,-0.0068901101973201095,-0.12965860789476258,True,-0.16833698555050514,-0.0068901101973201095,-0.17851552485001054,True,20,True,False,True,False,True,False,,1,STOP_BEFORE_TARGET,False,True,False,True,False,,1,STOP_BEFORE_TARGET,2022-08-17,2022-08-19,2022-08-23,2022-08-30,2022-09-14
MU|2022-08-17T00:00:00|Long,MU,2022-08-17,Long,0.022070766535632558,0.029211283159064738,-0.006004526749404326,True,-0.053716287178983024,0.029211283159064738,-0.059233978812891164,True,-0.053716287178983024,0.029211283159064738,-0.06913337220667981,True,-0.08260305486558706,0.029211283159064738,-0.09802007798647872,True,-0.14492048782810063,0.029211283159064738,-0.1564427062114131,True,20,True,False,True,False,True,False,,2,STOP_BEFORE_TARGET,False,True,False,True,False,,3,STOP_BEFORE_TARGET,2022-08-18,2022-08-22,2022-08-24,2022-08-31,2022-09-15
MU|2022-08-18T00:00:00|Long,MU,2022-08-18,Long,-0.039218819286377826,-0.011590974079743632,-0.04287076504547682,True,-0.08129563304380683,-0.011590974079743632,-0.08288347504992333,True,-0.028262921439101474,-0.011590974079743632,-0.08923466136445146,True,-0.09002855208252003,-0.011590974079743632,-0.13004126208696654,True,-0.16084473073585437,-0.011590974079743632,-0.18243883688922524,True,20,True,False,True,False,True,False,,1,STOP_BEFORE_TARGET,False,True,False,True,False,,1,STOP_BEFORE_TARGET,2022-08-19,2022-08-23,2022-08-25,2022-09-01,2022-09-16
MU|2022-08-19T00:00:00|Long,MU,2022-08-19,Long,-0.03635757741310819,-0.01487353720288187,-0.0419764860566223,True,-0.03635757741310819,-0.01487353720288187,-0.052057474773729684,True,-0.04759539470013652,0.012559943105468818,-0.052057474773729684,True,-0.06907943491036284,0.012559943105468818,-0.09452978953348157,True,-0.13898529302089424,0.012559943105468818,-0.14906621869557268,True,20,True,False,True,False,True,False,,1,STOP_BEFORE_TARGET,False,True,False,True,False,,1,STOP_BEFORE_TARGET,2022-08-22,2022-08-24,2022-08-26,2022-09-02,2022-09-19
MU|2022-08-22T00:00:00|Long,MU,2022-08-22,Long,-0.00771738556579038,0.01680671444273396,-0.009432396480953287,True,0.04956267058110897,0.05076314551123451,-0.016292243878673673,True,-0.022294683950278227,0.05076314551123451,-0.030698008461156667,True,-0.05282115860943004,0.05076314551123451,-0.06036701037321557,True,-0.12879440849525403,0.05076314551123451,-0.13239583328563054,True,20,True,True,True,True,False,False,3,5,TARGET_BEFORE_STOP,True,True,True,False,False,3,5,TARGET_BEFORE_STOP,2022-08-23,2022-08-25,2022-08-29,2022-09-06,2022-09-20
MU|2022-08-23T00:00:00|Long,MU,2022-08-23,Long,0.007777406812867316,0.012270983010422398,-0.008641548474345284,True,-0.00397510438662485,0.05893535795784355,-0.008641548474345284,True,-0.02696165497467906,0.05893535795784355,-0.039405439945483955,True,-0.049429667822020185,0.05893535795784355,-0.06653996281032815,True,-0.13411686924251687,0.05893535795784355,-0.14068439861357573,True,20,True,True,True,True,False,False,2,4,TARGET_BEFORE_STOP,True,True,True,False,False,2,5,TARGET_BEFORE_STOP,2022-08-24,2022-08-26,2022-08-30,2022-09-07,2022-09-21
MU|2022-08-24T00:00:00|Long,MU,2022-08-24,Long,0.04956267058110897,0.05076314551123451,0.0046304313394742724,True,-0.022294683950278227,0.05076314551123451,-0.030698008461156667,True,-0.030526540080128894,0.05076314551123451,-0.04681871853782549,True,-0.05007720656614645,0.05076314551123451,-0.07837419974607507,True,-0.14834507498127159,0.05076314551123451,-0.153661510686811,True,20,True,True,True,True,False,False,1,3,TARGET_BEFORE_STOP,True,True,True,False,False,1,3,TARGET_BEFORE_STOP,2022-08-25,2022-08-29,2022-08-31,2022-09-08,2022-09-22
MU|2022-08-25T00:00:00|Long,MU,2022-08-25,Long,-0.05833332761959842,0.00032680486134539777,-0.058660132480943816,True,-0.08006538341166447,0.00032680486134539777,-0.09183004676183004,True,-0.06356208073781733,0.00032680486134539777,-0.10473855829253154,True,-0.06143794263655289,0.00032680486134539777,-0.12189540835741564,True,-0.18137258415754998,0.00032680486134539777,-0.2083333307361811,True,20,True,False,True,False,True,False,,1,STOP_BEFORE_TARGET,False,True,False,True,False,,1,STOP_BEFORE_TARGET,2022-08-26,2022-08-30,2022-09-01,2022-09-09,2022-09-23
MU|2022-08-26T00:00:00|Long,MU,2022-08-26,Long,-0.010758333074629367,0.006420248568925979,-0.019260811899684094,True,-0.01908732029205107,0.006420248568925979,-0.03557173692635485,True,-0.022557681987963596,0.020301893931295334,-0.04927989068109129,True,0.005379100344408361,0.020301893931295334,-0.06749955435625776,True,-0.15183064094789833,0.020301893931295334,-0.15929203774134182,True,20,True,False,True,False,True,False,,2,STOP_BEFORE_TARGET,False,True,False,True,False,,2,STOP_BEFORE_TARGET,2022-08-29,2022-08-31,2022-09-02,2022-09-12,2022-09-26
MU|2022-08-29T00:00:00|Long,MU,2022-08-29,Long,-0.012453939754011212,0.013857234498969584,-0.025083257894754074,True,0.005262288380817104,0.013857234498969584,-0.03894049239372366,True,-0.03122257203478207,0.03139801733429004,-0.03894049239372366,True,-0.05946324310569229,0.03139801733429004,-0.067882810837113,True,-0.11278717207135658,0.03139801733429004,-0.15014905824616664,True,20,True,True,True,False,True,False,4,1,STOP_BEFORE_TARGET,False,True,False,True,False,,3,STOP_BEFORE_TARGET,2022-08-30,2022-09-01,2022-09-06,2022-09-13,2022-09-27
MU|2022-08-30T00:00:00|Long,MU,2022-08-30,Long,0.004085249473412489,0.015275321882872284,-0.008703336952214036,True,0.000532905762002045,0.044404973958762195,-0.026820574458182533,True,-0.02309057290723371,0.044404973958762195,-0.04067497240781326,True,-0.05666072237899977,0.044404973958762195,-0.06820604271092312,True,-0.09413853124125304,0.044404973958762195,-0.13943159112786774,True,20,True,True,True,False,True,False,3,2,STOP_BEFORE_TARGET,False,True,False,True,False,,5,STOP_BEFORE_TARGET,2022-08-31,2022-09-02,2022-09-07,2022-09-14,2022-09-28
MU|2022-08-31T00:00:00|Long,MU,2022-08-31,Long,0.013798029556650215,0.015390107294689148,-0.030780079627505175,True,-0.022996625953168204,0.04015567852081792,-0.030780079627505175,True,-0.020166273027869663,0.04015567852081792,-0.049354274917335905,True,-0.06792853768810314,0.04015567852081792,-0.08048822457655713,True,-0.11533699979755718,0.04015567852081792,-0.14293292394898438,True,20,True,True,True,False,True,False,2,1,STOP_BEFORE_TARGET,False,True,False,True,False,,1,STOP_BEFORE_TARGET,2022-09-01,2022-09-06,2022-09-08,2022-09-15,2022-09-29
MU|2022-09-01T00:00:00|Long,MU,2022-09-01,Long,-0.017099974153779174,0.02599891516428987,-0.022858163355437222,True,-0.04030712472409015,0.02599891516428987,-0.057581625766558786,True,0.002268317052921187,0.02599891516428987,-0.06229278676109051,True,-0.0778224182916959,0.02599891516428987,-0.10155294984055951,True,-0.12580706205549141,0.02599891516428987,-0.15459780837626558,True,20,True,False,True,False,True,False,,1,STOP_BEFORE_TARGET,False,True,False,True,False,,2,STOP_BEFORE_TARGET,2022-09-02,2022-09-07,2022-09-09,2022-09-16,2022-09-30
MU|2022-09-02T00:00:00|Long,MU,2022-09-02,Long,-0.019527822706583486,0.006390853611792924,-0.021303048534216384,True,-0.016687420750056248,0.006390853611792924,-0.04597905322914486,True,0.028581515059825646,0.03213203443561574,-0.04597905322914486,True,-0.0750932579342044,0.03213203443561574,-0.08592224383560387,True,-0.0818391702556287,0.03213203443561574,-0.13988994873014537,True,20,True,True,True,False,True,False,5,1,STOP_BEFORE_TARGET,False,True,False,True,False,,2,STOP_BEFORE_TARGET,2022-09-06,2022-09-08,2022-09-12,2022-09-19,2022-10-03
MU|2022-09-06T00:00:00|Long,MU,2022-09-06,Long,-0.004164395150147326,0.008872020324607766,-0.022089466427935522,True,0.040014468636426326,0.04435996348444382,-0.026978053161671234,True,-0.029150835120328678,0.052688753784738473,-0.037841755747066275,True,-0.08021003697072282,0.052688753784738473,-0.0840123017944272,True,-0.022994757709394076,0.052688753784738473,-0.12275934882295214,True,20,True,True,True,False,True,False,3,1,STOP_BEFORE_TARGET,True,True,True,False,False,4,5,TARGET_BEFORE_STOP,2022-09-07,2022-09-09,2022-09-13,2022-09-20,2022-10-04
MU|2022-09-07T00:00:00|Long,MU,2022-09-07,Long,0.007090897993607959,0.016727239435369246,-0.022909060391512748,True,0.05345452048561783,0.057090897993608,-0.022909060391512748,True,-0.034363625266335185,0.057090897993608,-0.04618183482776994,True,-0.08909093683416192,0.057090897993608,-0.09599997780539771,True,-0.004909099232066727,0.057090897993608,-0.11909089521928262,True,20,True,True,True,False,True,False,2,1,STOP_BEFORE_TARGET,True,True,True,False,False,3,4,TARGET_BEFORE_STOP,2022-09-08,2022-09-12,2022-09-14,2022-09-21,2022-10-05
MU|2022-09-08T00:00:00|Long,MU,2022-09-08,Long,0.03701027730005113,0.04134321972849331,0.014081942370316236,True,-0.03195523519168797,0.04964795144074219,-0.040621051178789,True,-0.04874527518850347,0.04964795144074219,-0.06156345703172883,True,-0.1034482687376086,0.04964795144074219,-0.10904497169314153,True,-0.01390143466778182,0.04964795144074219,-0.12529335084278714,True,20,True,True,True,True,False,False,1,3,TARGET_BEFORE_STOP,False,True,False,True,False,,3,STOP_BEFORE_TARGET,2022-09-09,2022-09-13,2022-09-15,2022-09-22,2022-10-06
MU|2022-09-09T00:00:00|Long,MU,2022-09-09,Long,0.008704735584159629,0.012186643100196015,-0.007137880522536499,True,-0.07538297562465501,0.012186643100196015,-0.08669915844880749,True,-0.0799094753190609,0.012186643100196015,-0.10358630032201122,True,-0.1277855210319394,0.012186643100196015,-0.15651110861254924,True,-0.07886488314069129,0.012186643100196015,-0.15651110861254924,True,20,True,False,True,False,True,False,,2,STOP_BEFORE_TARGET,False,True,False,True,False,,2,STOP_BEFORE_TARGET,2022-09-12,2022-09-14,2022-09-16,2022-09-23,2022-10-07
MU|2022-09-12T00:00:00|Long,MU,2022-09-12,Long,-0.07455988604101904,-0.02934064529747038,-0.08284431050793739,True,-0.09061097902028381,-0.02934064529747038,-0.10286501942934523,True,-0.10079392977230395,-0.02934064529747038,-0.1113220072682033,True,-0.15636861880105923,-0.02934064529747038,-0.1637900947307731,True,-0.11322053355330497,-0.02934064529747038,-0.1637900947307731,True,20,True,False,True,False,True,False,,1,STOP_BEFORE_TARGET,False,True,False,True,False,,1,STOP_BEFORE_TARGET,2022-09-13,2022-09-15,2022-09-19,2022-09-26,2022-10-10
MU|2022-09-13T00:00:00|Long,MU,2022-09-13,Long,-0.009511345238575442,0.0113763637169495,-0.0216337163468745,True,-0.01436032213916727,0.0113763637169495,-0.03972393315642875,True,-0.05259231165607736,0.0113763637169495,-0.056508743745891876,True,-0.056695210022139064,0.0113763637169495,-0.09641921432174827,True,0.0016784810589463017,0.029466651669684207,-0.09641921432174827,True,20,True,False,True,False,True,False,,1,STOP_BEFORE_TARGET,False,True,False,True,False,,2,STOP_BEFORE_TARGET,2022-09-14,2022-09-16,2022-09-20,2022-09-27,2022-10-11
MU|2022-09-14T00:00:00|Long,MU,2022-09-14,Long,-0.007908152491354237,0.0064018103686789285,-0.021276615611542482,True,-0.019017174253875058,0.0064018103686789285,-0.030502709720719,True,-0.05667486540461075,0.0064018103686789285,-0.06382977500828158,True,-0.03972887565624139,0.0064018103686789285,-0.08774241750816014,True,-0.0067783958993477,0.03935229012557251,-0.08774241750816014,True,20,True,True,True,False,True,False,14,1,STOP_BEFORE_TARGET,False,True,False,True,False,,2,STOP_BEFORE_TARGET,2022-09-15,2022-09-19,2022-09-21,2022-09-28,2022-10-12
MU|2022-09-15T00:00:00|Long,MU,2022-09-15,Long,0.003036626524621111,0.006073253049242,-0.022774662735214002,True,-0.03587017344673793,0.006073253049242,-0.03985573218551175,True,-0.05750614648452357,0.006073253049242,-0.06338964205049002,True,-0.050863548586567386,0.006073253049242,-0.08047063910190044,True,0.041184324163990205,0.06130194774002162,-0.08047063910190044,True,20,True,True,True,False,True,False,13,1,STOP_BEFORE_TARGET,True,True,False,True,False,20,3,STOP_BEFORE_TARGET,2022-09-16,2022-09-20,2022-09-22,2022-09-29,2022-10-13
MU|2022-09-16T00:00:00|Long,MU,2022-09-16,Long,-0.014191107316062657,-0.0015136805802671294,-0.018353783046575423,True,-0.052034060158896445,-0.0015136805802671294,-0.05922416922964768,True,-0.052034060158896445,-0.0015136805802671294,-0.08325445294641165,True,-0.052034060158896445,-0.0015136805802671294,-0.08325445294641165,True,-0.0024597399653970564,0.05808892683937339,-0.08325445294641165,True,20,True,True,True,False,True,False,12,2,STOP_BEFORE_TARGET,True,True,False,True,False,19,2,STOP_BEFORE_TARGET,2022-09-19,2022-09-21,2022-09-23,2022-09-30,2022-10-14
MU|2022-09-19T00:00:00|Long,MU,2022-09-19,Long,-0.024952001442116734,-0.009788835632817294,-0.02898269416040855,True,-0.0468329884485692,0.007869479067561969,-0.052783110950875956,True,-0.06180417467008725,0.007869479067561969,-0.07005753969445228,True,-0.007293613522977749,0.01900195215856959,-0.07005753969445228,True,0.02687143122613156,0.0733205337178977,-0.07005753969445228,True,20,True,True,True,False,True,False,11,1,STOP_BEFORE_TARGET,True,True,False,True,False,11,2,STOP_BEFORE_TARGET,2022-09-20,2022-09-22,2022-09-26,2022-10-03,2022-10-17
MU|2022-09-20T00:00:00|Long,MU,2022-09-20,Long,-0.013779542784496224,0.03366139980618632,-0.021259803790892984,True,-0.013779542784496224,0.03366139980618632,-0.046259813177451425,True,-0.004330657663580539,0.03366139980618632,-0.046259813177451425,True,0.06220472233997132,0.0789370511113121,-0.046259813177451425,True,0.034448819415007215,0.1007873820625873,-0.046259813177451425,True,20,True,True,True,,,False,1,1,AMBIGUOUS,True,True,False,True,False,10,3,STOP_BEFORE_TARGET,2022-09-21,2022-09-23,2022-09-27,2022-10-04,2022-10-18
MU|2022-09-21T00:00:00|Long,MU,2022-09-21,Long,-0.008782407986225094,0.005389230858023675,-0.014970060336177649,True,-0.02435124637051722,0.00718564114403164,-0.03293408705459222,True,0.01796410286007899,0.021756490734244682,-0.03293408705459222,True,0.09241519379500263,0.1017964559710065,-0.03293408705459222,True,0.058483041804667124,0.11616766211740526,-0.03293408705459222,True,20,True,True,True,False,True,False,7,2,STOP_BEFORE_TARGET,True,True,False,True,False,8,2,STOP_BEFORE_TARGET,2022-09-22,2022-09-26,2022-09-28,2022-10-05,2022-10-19
MU|2022-09-22T00:00:00|Long,MU,2022-09-22,Long,0.00886022207130388,0.009867130084019404,-0.024365668308307775,True,0.01852601664255782,0.019935595680804052,-0.024365668308307775,True,0.007047895191230724,0.03080948014494611,-0.024365668308307775,True,0.09987916028419264,0.1115586172482852,-0.024365668308307775,True,0.08135322045793103,0.12605715547257357,-0.024365668308307775,True,20,True,True,True,False,True,False,4,1,STOP_BEFORE_TARGET,True,False,True,False,False,7,,TARGET_BEFORE_STOP,2022-09-23,2022-09-27,2022-09-29,2022-10-06,2022-10-20
MU|2022-09-23T00:00:00|Long,MU,2022-09-23,Long,-0.02435124637051722,0.00718564114403164,-0.02574844591056069,True,0.01796410286007899,0.021756490734244682,-0.02574844591056069,True,0.0,0.03912181554620897,-0.02574844591056069,True,0.05608785347054468,0.1017964559710065,-0.02574844591056069,True,0.11876249389534199,0.1233533032614369,-0.02574844591056069,True,20,True,True,True,False,True,False,5,1,STOP_BEFORE_TARGET,True,False,True,False,False,6,,TARGET_BEFORE_STOP,2022-09-26,2022-09-28,2022-09-30,2022-10-07,2022-10-21
MU|2022-09-26T00:00:00|Long,MU,2022-09-26,Long,0.03477906558493049,0.03621113787000829,0.010638307004924963,True,0.023117782911733054,0.04725854149173858,0.006955813116986009,True,0.05810147484715267,0.0861292756234997,0.006955813116986009,True,0.051145661730166436,0.129296226610494,0.006955813116986009,True,0.15057284062034415,0.16223404525145502,0.006955813116986009,True,20,True,True,False,True,False,False,1,,TARGET_BEFORE_STOP,True,False,True,False,False,4,,TARGET_BEFORE_STOP,2022-09-27,2022-09-29,2022-10-03,2022-10-10,2022-10-24
MU|2022-09-27T00:00:00|Long,MU,2022-09-27,Long,0.0083036408410615,0.012060039018815916,-0.009489982988472034,True,-0.009489982988472034,0.029260567193725384,-0.02688810915614792,True,0.06682477522851227,0.08362988116064529,-0.02688810915614792,True,0.06188211032242874,0.09134042634708273,-0.02688810915614792,True,0.10458673209422797,0.12752069424169288,-0.02688810915614792,True,20,True,True,True,False,True,False,4,2,STOP_BEFORE_TARGET,True,False,True,False,False,5,,TARGET_BEFORE_STOP,2022-09-28,2022-09-30,2022-10-04,2022-10-11,2022-10-25
MU|2022-09-28T00:00:00|Long,MU,2022-09-28,Long,-0.019411797616995963,-0.0137255051556755,-0.03490193684895837,True,0.014117670994178821,0.040980395148782156,-0.03490193684895837,True,0.07313724592620252,0.08235295613606763,-0.03490193684895837,True,0.03431372549019618,0.08235295613606763,-0.03490193684895837,True,0.08725491692038134,0.12627448287664667,-0.03490193684895837,True,20,True,True,True,False,True,False,3,1,STOP_BEFORE_TARGET,True,True,False,True,False,4,1,STOP_BEFORE_TARGET,2022-09-29,2022-10-03,2022-10-05,2022-10-12,2022-10-26
MU|2022-09-29T00:00:00|Long,MU,2022-09-29,Long,0.0017996431835338722,0.040991864038418147,-0.003999139271237961,True,0.07898422106602365,0.09598086808355344,-0.003999139271237961,True,0.09218157898570856,0.1037792964526365,-0.003999139271237961,True,0.09698065290136304,0.1181763656422159,-0.003999139271237961,True,0.04399121849184673,0.14857029703151547,-0.003999139271237961,True,20,True,True,False,True,False,False,1,,TARGET_BEFORE_STOP,True,False,True,False,False,2,,TARGET_BEFORE_STOP,2022-09-30,2022-10-04,2022-10-06,2022-10-13,2022-10-27
MU|2022-09-30T00:00:00|Long,MU,2022-09-30,Long,0.03233538514814205,0.05968067404256039,0.01077846171604735,True,0.09241519379500263,0.1017964559710065,0.01077846171604735,True,0.05608785347054468,0.1017964559710065,0.01077846171604735,True,0.052295465596378765,0.11616766211740526,0.0045908855077589905,True,0.07864276569671835,0.14650699353572505,0.0045908855077589905,True,20,True,True,False,True,False,False,1,,TARGET_BEFORE_STOP,True,False,True,False,False,1,,TARGET_BEFORE_STOP,2022-10-03,2022-10-05,2022-10-07,2022-10-14,2022-10-28
MU|2022-10-03T00:00:00|Long,MU,2022-10-03,Long,0.043310089151213704,0.05974478112253001,0.018174760334938034,True,0.056071106781428126,0.06728537239174148,0.008700636844959364,True,-0.0065738620371840195,0.06728537239174148,-0.0183681504353711,True,0.034416062205821385,0.0812064355977038,-0.026875470936609913,True,0.0460169605035754,0.11059546154295496,-0.026875470936609913,True,20,True,True,True,True,False,False,1,6,TARGET_BEFORE_STOP,True,False,True,False,False,1,,TARGET_BEFORE_STOP,2022-10-04,2022-10-06,2022-10-10,2022-10-17,2022-10-31
MU|2022-10-04T00:00:00|Long,MU,2022-10-04,Long,0.014269838228837983,0.022980016669859715,-0.0331727380633412,True,-0.019458844604811953,0.022980016669859715,-0.0331727380633412,True,-0.004633061605665234,0.022980016669859715,-0.06727200361392383,True,-0.02613046462815538,0.036323186021636866,-0.06727200361392383,True,0.01667905005835868,0.06449220906747044,-0.06727200361392383,True,20,True,True,True,False,True,False,7,1,STOP_BEFORE_TARGET,True,True,False,True,False,14,1,STOP_BEFORE_TARGET,2022-10-05,2022-10-07,2022-10-11,2022-10-18,2022-11-01
MU|2022-10-05T00:00:00|Long,MU,2022-10-05,Long,-0.00200987778680084,0.006943195163412685,-0.02612827182781574,True,-0.06120954690554725,0.006943195163412685,-0.07235518212304459,True,-0.036177591061522296,0.006943195163412685,-0.08039462356995031,True,-0.031061589204427587,0.021743077592950355,-0.08039462356995031,True,-0.02338751671848771,0.04951578854630334,-0.08039462356995031,True,20,True,True,True,False,True,False,13,1,STOP_BEFORE_TARGET,False,True,False,True,False,,2,STOP_BEFORE_TARGET,2022-10-06,2022-10-10,2022-10-12,2022-10-19,2022-11-02
MU|2022-10-06T00:00:00|Long,MU,2022-10-06,Long,-0.031307197325381786,0.0005492968616047644,-0.03863055019431416,True,-0.01666056142818584,0.0029293271794392783,-0.07854260682392222,True,0.004394025689493208,0.023800792063026988,-0.07854260682392222,True,-0.01684361382160804,0.023800792063026988,-0.07854260682392222,True,-0.02087146488358782,0.05162943518803376,-0.07854260682392222,True,20,True,True,True,False,True,False,11,1,STOP_BEFORE_TARGET,True,True,False,True,False,14,1,STOP_BEFORE_TARGET,2022-10-07,2022-10-11,2022-10-13,2022-10-20,2022-11-03
MU|2022-10-07T00:00:00|Long,MU,2022-10-07,Long,-0.02891700592911095,0.00415802724130776,-0.04044602902702721,True,-0.003024000148809991,0.03534301525756334,-0.04876201141179204,True,-0.0035909776461334753,0.05688902533006579,-0.04876201141179204,True,0.059346047981552186,0.0636930436893508,-0.04876201141179204,True,0.061425061602206066,0.08561706279268577,-0.04876201141179204,True,20,True,True,True,False,True,False,2,1,STOP_BEFORE_TARGET,True,True,False,True,False,4,1,STOP_BEFORE_TARGET,2022-10-10,2022-10-12,2022-10-14,2022-10-21,2022-11-04
MU|2022-10-10T00:00:00|Long,MU,2022-10-10,Long,0.04534834503542551,0.06617356248541562,-0.020435952028660886,True,0.06773062417073206,0.08836117178766378,-0.020435952028660886,True,0.04126116947865088,0.08836117178766378,-0.020435952028660886,True,0.09458934428414256,0.10568314893526654,-0.020435952028660886,True,0.10081744253583369,0.11794467560559063,-0.020435952028660886,True,20,True,True,True,,,False,1,1,AMBIGUOUS,True,False,True,False,False,1,,TARGET_BEFORE_STOP,2022-10-11,2022-10-13,2022-10-17,2022-10-24,2022-11-07
MU|2022-10-11T00:00:00|Long,MU,2022-10-11,Long,-0.017873749782844173,0.0011171359954158522,-0.024576423707402872,True,-0.01843228226856808,0.041146883674245904,-0.055296917829672276,True,-0.021597465410262084,0.041146883674245904,-0.055296917829672276,True,0.04021597252338349,0.06181343793364569,-0.055296917829672276,True,0.07037800518389736,0.07745298674962653,-0.055296917829672276,True,20,True,True,True,False,True,False,2,1,STOP_BEFORE_TARGET,True,True,False,True,False,9,2,STOP_BEFORE_TARGET,2022-10-12,2022-10-14,2022-10-18,2022-10-25,2022-11-08
MU|2022-10-12T00:00:00|Long,MU,2022-10-12,Long,0.04000001157064581,0.060094752017920694,-0.03810423358356785,True,0.014218009478673022,0.060094752017920694,-0.03810423358356785,True,0.005308033730746509,0.060094752017920694,-0.03810423358356785,True,0.05118484858652983,0.08890992657268226,-0.03810423358356785,True,0.061042677169727444,0.0970615911257775,-0.03810423358356785,True,20,True,True,True,,,False,1,1,AMBIGUOUS,True,True,,,False,1,1,AMBIGUOUS,2022-10-13,2022-10-17,2022-10-19,2022-10-26,2022-11-09
MU|2022-10-13T00:00:00|Long,MU,2022-10-13,Long,-0.039008373420335696,0.010572329746711295,-0.04119580953493518,True,-0.042107206481786674,0.010572329746711295,-0.05833030855518517,True,-0.021144729028552467,0.010572329746711295,-0.05833030855518517,True,-0.048304803069558755,0.047028763901810766,-0.05833030855518517,True,0.09861465160813898,0.1006197666122901,-0.06197596587772103,True,20,True,True,True,False,True,False,7,1,STOP_BEFORE_TARGET,True,True,False,True,False,18,1,STOP_BEFORE_TARGET,2022-10-14,2022-10-18,2022-10-20,2022-10-27,2022-11-10
MU|2022-10-14T00:00:00|Long,MU,2022-10-14,Long,0.014795120660781924,0.04305767081189371,0.0024658052050066104,True,0.005880074950984859,0.045902847361751986,-0.020106247131017718,True,0.06316384558522614,0.06752650751449041,-0.020106247131017718,True,0.02503792989871667,0.08952953901208027,-0.02389988822184752,True,0.18588768987380244,0.19840665482316067,-0.02389988822184752,True,20,True,True,True,True,False,False,1,2,TARGET_BEFORE_STOP,True,False,True,False,False,5,,TARGET_BEFORE_STOP,2022-10-17,2022-10-19,2022-10-21,2022-10-28,2022-11-11
MU|2022-10-17T00:00:00|Long,MU,2022-10-17,Long,-0.0177570236063449,0.030654194199036144,-0.03439252621659605,True,0.003738332017559909,0.030654194199036144,-0.03439252621659605,True,0.051214984644239125,0.06186918454749568,-0.03439252621659605,True,0.011214924749926913,0.07364483414409317,-0.03813085823415596,True,0.15476633232330617,0.1809345851434725,-0.03813085823415596,True,20,True,True,True,,,False,1,1,AMBIGUOUS,True,True,False,True,False,4,1,STOP_BEFORE_TARGET,2022-10-18,2022-10-20,2022-10-24,2022-10-31,2022-11-14
MU|2022-10-18T00:00:00|Long,MU,2022-10-18,Long,0.009134149366415434,0.016745976800978113,-0.009324412385984693,True,0.0666032359812414,0.07098001134899667,-0.009324412385984693,True,0.06317792089486485,0.08525213334497694,-0.009324412385984693,True,0.043958161880655267,0.09305422379910899,-0.02074215353782871,True,0.20076116822510293,0.22626076835335818,-0.02074215353782871,True,20,True,True,True,True,False,False,2,8,TARGET_BEFORE_STOP,True,False,True,False,False,3,,TARGET_BEFORE_STOP,2022-10-19,2022-10-21,2022-10-25,2022-11-01,2022-11-15
MU|2022-10-19T00:00:00|Long,MU,2022-10-19,Long,0.012634395607494353,0.03903450391238472,0.002640003637018662,True,0.06053183053104494,0.07128045787302306,0.002640003637018662,True,0.04563458493963535,0.08316047423960704,0.002640003637018662,True,0.007920082845759957,0.08316047423960704,-0.02960587838891582,True,0.11012634899150431,0.21516130350287477,-0.02960587838891582,True,20,True,True,True,True,False,False,1,7,TARGET_BEFORE_STOP,True,False,True,False,False,2,,TARGET_BEFORE_STOP,2022-10-20,2022-10-24,2022-10-26,2022-11-02,2022-11-16
MU|2022-10-20T00:00:00|Long,MU,2022-10-20,Long,0.04376160969708809,0.04804465511549827,-0.006703921885230502,True,0.04040964875447295,0.06201113536399783,-0.006703921885230502,True,-0.027746772016716714,0.06964614172502315,-0.029422752488024395,True,-0.004096856938128002,0.06964614172502315,-0.04171325226521627,True,0.09385476431884254,0.20000002841487685,-0.04171325226521627,True,20,True,True,True,True,False,False,1,5,TARGET_BEFORE_STOP,True,True,True,False,False,2,6,TARGET_BEFORE_STOP,2022-10-21,2022-10-25,2022-10-27,2022-11-03,2022-11-17
MU|2022-10-21T00:00:00|Long,MU,2022-10-21,Long,0.0033898741122662113,0.013559360331408365,-0.017484381009381877,True,-0.010704700843677695,0.02479927579962138,-0.019446925377782698,True,-0.03586080907926548,0.02479927579962138,-0.08189117243650124,True,0.0019625443684008204,0.02479927579962138,-0.08189117243650124,True,0.04513831629673404,0.1496878379758868,-0.08189117243650124,True,20,True,True,True,False,True,False,12,4,STOP_BEFORE_TARGET,True,True,False,True,False,14,4,STOP_BEFORE_TARGET,2022-10-24,2022-10-26,2022-10-28,2022-11-04,2022-11-18
MU|2022-10-24T00:00:00|Long,MU,2022-10-24,Long,-0.0065789960088799004,0.014046889709332211,-0.016002871604171687,True,-0.07165722748435033,0.021337071700366694,-0.07325751464476749,True,-0.03805126494448641,0.021337071700366694,-0.08499293121152784,True,0.005689894830617437,0.021337071700366694,-0.08499293121152784,True,0.016358430680800673,0.14580370764958706,-0.08499293121152784,True,20,True,True,True,False,True,False,13,2,STOP_BEFORE_TARGET,True,True,False,True,False,13,3,STOP_BEFORE_TARGET,2022-10-25,2022-10-27,2022-10-31,2022-11-07,2022-11-21
MU|2022-10-25T00:00:00|Long,MU,2022-10-25,Long,-0.00751741859629107,0.02810094370573224,-0.016287808570062068,True,-0.0327545740351366,0.02810094370573224,-0.0789332366515465,True,-0.01807765063257949,0.02810094370573224,-0.0789332366515465,True,0.02899593301508907,0.03579738747513406,-0.0789332366515465,True,0.0492214077783093,0.15339186814679917,-0.0789332366515465,True,20,True,True,True,False,True,False,10,2,STOP_BEFORE_TARGET,True,True,False,True,False,12,2,STOP_BEFORE_TARGET,2022-10-26,2022-10-28,2022-11-01,2022-11-08,2022-11-22
MU|2022-10-26T00:00:00|Long,MU,2022-10-26,Long,-0.05843104840193769,0.014066704572855304,-0.06005413499074874,True,-0.024346298832166102,0.014066704572855304,-0.07195674704360966,True,-0.036068529711125286,0.014788091677940596,-0.07195674704360966,True,0.009377825980323884,0.043642887928736274,-0.07195674704360966,True,0.06275923344192669,0.16212807132142282,-0.07195674704360966,True,20,True,True,True,False,True,False,9,1,STOP_BEFORE_TARGET,True,True,False,True,False,11,1,STOP_BEFORE_TARGET,2022-10-27,2022-10-31,2022-11-02,2022-11-09,2022-11-23
MU|2022-10-27T00:00:00|Long,MU,2022-10-27,Long,0.03505079224563579,0.042712116095392494,-0.014365064415851503,True,0.050756590161807225,0.06186553531652783,-0.014365064415851503,True,0.024324851178581408,0.07776290834102828,-0.014365064415851503,True,0.15437658522556985,0.15648347303021404,-0.014365064415851503,True,0.1187512137839386,0.23424638137124232,-0.014365064415851503,True,20,True,True,False,True,False,False,1,,TARGET_BEFORE_STOP,True,False,True,False,False,2,,TARGET_BEFORE_STOP,2022-10-28,2022-11-01,2022-11-03,2022-11-10,2022-11-25
MU|2022-10-28T00:00:00|Long,MU,2022-10-28,Long,0.0011102434784842075,0.016469270439866124,-0.016099236340539225,True,-0.0109178412766896,0.041265719919623134,-0.016099236340539225,True,0.039230179422066414,0.05310878762513349,-0.03941526706198151,True,0.15692078827851685,0.16913396067360598,-0.03941526706198151,True,0.03164320976133306,0.1924500619853,-0.03941526706198151,True,20,True,True,True,True,False,False,3,4,TARGET_BEFORE_STOP,True,True,False,True,False,5,4,STOP_BEFORE_TARGET,2022-10-31,2022-11-02,2022-11-04,2022-11-11,2022-11-28
MU|2022-10-31T00:00:00|Long,MU,2022-10-31,Long,0.014048099032646366,0.02476894991464529,0.00018488237546354647,True,-0.011460239359920577,0.04011094352767142,-0.04048056725466598,True,0.04547140422465401,0.05194087712655282,-0.04048056725466598,True,0.14195934421050915,0.16783737684203692,-0.04048056725466598,True,0.018853983115204587,0.19112762031280517,-0.04048056725466598,True,20,True,True,True,True,False,False,2,3,TARGET_BEFORE_STOP,True,True,False,True,False,4,3,STOP_BEFORE_TARGET,2022-11-01,2022-11-03,2022-11-07,2022-11-14,2022-11-29
MU|2022-11-01T00:00:00|Long,MU,2022-11-01,Long,-0.02570178329793993,0.02570178329794004,-0.026248677094154793,True,0.023696668293788692,0.037367831101950966,-0.05377325428579771,True,0.04794023038379214,0.05486690280796758,-0.05377325428579771,True,0.15020046977933732,0.1746263529797889,-0.05377325428579771,True,0.05085674233479498,0.1746263529797889,-0.05377325428579771,True,20,True,True,True,False,True,False,3,1,STOP_BEFORE_TARGET,True,True,False,True,False,5,2,STOP_BEFORE_TARGET,2022-11-02,2022-11-04,2022-11-08,2022-11-15,2022-11-30
MU|2022-11-02T00:00:00|Long,MU,2022-11-02,Long,0.000561249370789163,0.017212313485750474,-0.028811990524706066,True,0.058185230420201295,0.06473337764424714,-0.028811990524706066,True,0.04714687412148666,0.08269407120401762,-0.028811990524706066,True,0.10140314483780832,0.20561275063791795,-0.028811990524706066,True,0.03816652734160142,0.20561275063791795,-0.028811990524706066,True,20,True,True,True,False,True,False,2,1,STOP_BEFORE_TARGET,True,False,True,False,False,2,,TARGET_BEFORE_STOP,2022-11-03,2022-11-07,2022-11-09,2022-11-16,2022-12-01
MU|2022-11-03T00:00:00|Long,MU,2022-11-03,Long,0.05011219760873842,0.06413613190977885,0.025056098804369098,True,0.07498134200737105,0.08208675069605031,0.025056098804369098,True,0.12696336899114735,0.1290202241013403,0.025056098804369098,True,0.09835456584243851,0.2049364807962304,0.025056098804369098,True,0.02243830914754863,0.2049364807962304,-0.016267743816969826,True,20,True,True,False,True,False,False,1,,TARGET_BEFORE_STOP,True,False,True,False,False,1,,TARGET_BEFORE_STOP,2022-11-04,2022-11-08,2022-11-10,2022-11-17,2022-12-02
MU|2022-11-04T00:00:00|Long,MU,2022-11-04,Long,0.007122534312067552,0.011752134067046782,-0.012464401083357779,True,-0.003383166439195451,0.03044870172932268,-0.012464401083357779,True,0.11324787442364337,0.12500000849069015,-0.012464401083357779,True,0.043091203529518785,0.14743594402583837,-0.012464401083357779,True,-0.03774926883270735,0.14743594402583837,-0.06321223729889547,True,20,True,True,True,True,False,False,2,16,TARGET_BEFORE_STOP,True,True,True,False,False,4,17,TARGET_BEFORE_STOP,2022-11-07,2022-11-09,2022-11-11,2022-11-18,2022-12-05
MU|2022-11-07T00:00:00|Long,MU,2022-11-07,Long,0.01644272069651942,0.023161200968647044,-0.001414459496326459,True,0.06559404162646665,0.06753888971134492,-0.018564409941009052,True,0.09229132389078876,0.11704382551537362,-0.018564409941009052,True,0.010608176441884387,0.13932109046652807,-0.018564409941009052,True,-0.050919395300355164,0.13932109046652807,-0.06983735267030489,True,20,True,True,True,True,False,False,3,15,TARGET_BEFORE_STOP,True,True,True,False,False,3,15,TARGET_BEFORE_STOP,2022-11-08,2022-11-10,2022-11-14,2022-11-21,2022-12-06
MU|2022-11-08T00:00:00|Long,MU,2022-11-08,Long,-0.026439387952444493,-0.014611238964400974,-0.03444082969430862,True,0.08749345333870262,0.09897370778543935,-0.03444082969430862,True,0.09758212962021107,0.1208905994090903,-0.03444082969430862,True,0.019655543928105645,0.1208905994090903,-0.03444082969430862,True,-0.06383722171671458,0.1208905994090903,-0.08784141423410885,True,20,True,True,True,False,True,False,2,1,STOP_BEFORE_TARGET,True,True,False,True,False,2,1,STOP_BEFORE_TARGET,2022-11-09,2022-11-11,2022-11-15,2022-11-22,2022-12-07
MU|2022-11-09T00:00:00|Long,MU,2022-11-09,Long,0.07682685623151264,0.0787922056678616,0.03734143482231711,True,0.10380556426439114,0.12881899101702543,0.03734143482231711,True,0.05181342947887835,0.15133108872561718,0.03734143482231711,True,0.05288545685037005,0.15133108872561718,0.009647973719006053,True,-0.013757377898338308,0.15133108872561718,-0.0630695464892791,True,20,True,True,True,True,False,False,1,13,TARGET_BEFORE_STOP,True,True,True,False,False,1,14,TARGET_BEFORE_STOP,2022-11-10,2022-11-14,2022-11-16,2022-11-23,2022-12-08
MU|2022-11-10T00:00:00|Long,MU,2022-11-10,Long,0.037332005689576286,0.04828272482678009,-0.006470870859238587,True,0.04695533424361997,0.06918868345728413,-0.006470870859238587,True,-0.025385743615002565,0.06918868345728413,-0.06238596495225557,True,-0.0308611348303377,0.06918868345728413,-0.06238596495225557,True,-0.08959683897236981,0.06918868345728413,-0.1299154101805895,True,20,True,True,True,True,False,False,1,4,TARGET_BEFORE_STOP,True,True,True,False,False,3,4,TARGET_BEFORE_STOP,2022-11-11,2022-11-15,2022-11-17,2022-11-25,2022-12-09
MU|2022-11-11T00:00:00|Long,MU,2022-11-11,Long,-0.011836239172242413,0.0036788154278999396,-0.024472149201766102,True,-0.05838134195703848,0.030710204247993644,-0.07037750309761104,True,-0.0630198112261805,0.030710204247993644,-0.09612927210854094,True,-0.10828535521744354,0.030710204247993644,-0.11276390251825541,True,-0.11468333223200122,0.030710204247993644,-0.1612284350167973,True,20,True,True,True,False,True,False,2,1,STOP_BEFORE_TARGET,False,True,False,True,False,,3,STOP_BEFORE_TARGET,2022-11-14,2022-11-16,2022-11-18,2022-11-28,2022-12-12
MU|2022-11-14T00:00:00|Long,MU,2022-11-14,Long,0.021366133391161002,0.04305606530702577,0.010359329917353666,True,-0.04920681710742947,0.04305606530702577,-0.08530269604876883,True,-0.0747814668690634,0.04305606530702577,-0.08530269604876883,True,-0.10780187729048551,0.04305606530702577,-0.11346711654326425,True,-0.10585945662112406,0.04305606530702577,-0.1511816176292613,True,20,True,True,True,True,False,False,1,2,TARGET_BEFORE_STOP,False,True,False,True,False,,2,STOP_BEFORE_TARGET,2022-11-15,2022-11-17,2022-11-21,2022-11-29,2022-12-13
MU|2022-11-15T00:00:00|Long,MU,2022-11-15,Long,-0.0670364444457342,-0.02725827967668293,-0.07892234013727828,True,-0.07163227816748952,-0.02725827967668293,-0.10443740589455985,True,-0.07099840967624882,-0.02725827967668293,-0.10443740589455985,True,-0.08637079366138767,-0.02725827967668293,-0.16624402721771447,True,-0.13486526984661285,-0.02725827967668293,-0.1689381950109562,True,20,True,False,True,False,True,False,,1,STOP_BEFORE_TARGET,False,True,False,True,False,,1,STOP_BEFORE_TARGET,2022-11-16,2022-11-18,2022-11-22,2022-11-30,2022-12-14
MU|2022-11-16T00:00:00|Long,MU,2022-11-16,Long,-0.0022082088632000563,0.0020384363641807735,-0.040088341314260756,True,-0.02904703780360518,0.013419414470202451,-0.040088341314260756,True,0.0010192181820902757,0.013419414470202451,-0.040088341314260756,True,-0.05741459681915029,0.013419414470202451,-0.10633596798220268,True,-0.11601831391673778,0.013419414470202451,-0.11924580576069188,True,20,True,False,True,False,True,False,,1,STOP_BEFORE_TARGET,False,True,False,True,False,,1,STOP_BEFORE_TARGET,2022-11-17,2022-11-21,2022-11-23,2022-12-01,2022-12-15
MU|2022-11-17T00:00:00|Long,MU,2022-11-17,Long,-0.0027238652168912747,0.0156622087616074,-0.010895525809634377,True,-0.0020429476192205254,0.0156622087616074,-0.03268644754476435,True,-0.0056180085397522506,0.0156622087616074,-0.03268644754476435,True,-0.06911816917396085,0.0156622087616074,-0.10435820382964678,True,-0.11355127328993087,0.0156622087616074,-0.12121216450683414,True,20,True,False,True,False,True,False,,2,STOP_BEFORE_TARGET,False,True,False,True,False,,2,STOP_BEFORE_TARGET,2022-11-18,2022-11-22,2022-11-25,2022-12-02,2022-12-16
MU|2022-11-18T00:00:00|Long,MU,2022-11-18,Long,-0.024240388174412764,-0.009559599791513551,-0.030044419276502143,True,0.0059747091700421695,0.008193914770106225,-0.030044419276502143,True,-0.04831003316142668,0.009388856604114704,-0.05308980049746048,True,-0.07750086673982615,0.009388856604114704,-0.10191193298219192,True,-0.1171048206883959,0.009388856604114704,-0.12768868424596502,True,20,True,False,True,False,True,False,,1,STOP_BEFORE_TARGET,False,True,False,True,False,,1,STOP_BEFORE_TARGET,2022-11-21,2022-11-23,2022-11-28,2022-12-05,2022-12-19
MU|2022-11-21T00:00:00|Long,MU,2022-11-21,Long,0.02554232135007184,0.026592030472730732,-0.003149060630795786,True,0.021868439526537164,0.03446468204972031,-0.003149060630795786,True,-0.03568930932423198,0.03446468204972031,-0.04181244569678988,True,-0.06088172763341748,0.03446468204972031,-0.07960110652915875,True,-0.11336598249710639,0.03446468204972031,-0.11738976736152751,True,20,True,True,True,True,False,False,2,4,TARGET_BEFORE_STOP,False,True,False,True,False,,5,STOP_BEFORE_TARGET,2022-11-22,2022-11-25,2022-11-29,2022-12-06,2022-12-20
MU|2022-11-22T00:00:00|Long,MU,2022-11-22,Long,0.00528832103274568,0.007506012443253773,-0.014841333124138822,True,-0.048959382193432766,0.008700138954677916,-0.05373588823912934,True,-0.016547209547597808,0.008700138954677916,-0.10252470882022191,True,-0.08188330475130245,0.008700138954677916,-0.1054247768301193,True,-0.12674855749842795,0.008700138954677916,-0.13937219921205868,True,20,True,False,True,False,True,False,,3,STOP_BEFORE_TARGET,False,True,False,True,False,,3,STOP_BEFORE_TARGET,2022-11-23,2022-11-28,2022-11-30,2022-12-07,2022-12-21
MU|2022-11-23T00:00:00|Long,MU,2022-11-23,Long,-0.008824036230625998,0.0033938700475772965,-0.00916342970865247,True,-0.06465300107857608,0.0033938700475772965,-0.07059222511232088,True,-0.0583743188341177,0.0033938700475772965,-0.10724587921424356,True,-0.0632954271664703,0.0033938700475772965,-0.11013069141112464,True,-0.16120821229939175,0.0033938700475772965,-0.1781774978045909,True,20,True,False,True,False,True,False,,2,STOP_BEFORE_TARGET,False,True,False,True,False,,2,STOP_BEFORE_TARGET,2022-11-25,2022-11-29,2022-12-01,2022-12-08,2022-12-22
MU|2022-11-25T00:00:00|Long,MU,2022-11-25,Long,-0.045540144741670674,-0.011128257619875792,-0.05033382356427518,True,-0.013011441936630619,-0.011128257619875792,-0.09929805259736735,True,-0.06385892059545328,-0.008389003248533755,-0.09929805259736735,True,-0.06060607643853955,-0.008389003248533755,-0.10220854710321714,True,-0.1405581083020052,-0.008389003248533755,-0.17086114652127493,True,20,True,False,True,False,True,False,,1,STOP_BEFORE_TARGET,False,True,False,True,False,,1,STOP_BEFORE_TARGET,2022-11-28,2022-11-30,2022-12-02,2022-12-09,2022-12-23
MU|2022-11-28T00:00:00|Long,MU,2022-11-28,Long,-0.011300467589510976,0.013811667403832661,-0.0175784671253153,True,-0.004663647023017137,0.03892373397211313,-0.05632285900714684,True,-0.03067262931789516,0.03892373397211313,-0.05632285900714684,True,-0.007174915262401882,0.03892373397211313,-0.05937222194243974,True,-0.10278026084728842,0.03892373397211313,-0.13130044295648824,True,20,True,True,True,,,False,2,2,AMBIGUOUS,False,True,False,True,False,,2,STOP_BEFORE_TARGET,2022-11-29,2022-12-01,2022-12-05,2022-12-12,2022-12-27
MU|2022-11-29T00:00:00|Long,MU,2022-11-29,Long,0.045899902812418736,0.04644414773038319,-0.04553698059092792,True,-0.007982558694399122,0.05079824548836953,-0.04553698059092792,True,-0.02612479416932645,0.05079824548836953,-0.04553698059092792,True,0.0021771180861291928,0.05079824548836953,-0.04862119660937636,True,-0.1088534128495644,0.05079824548836953,-0.12137153041269533,True,20,True,True,True,,,False,1,1,AMBIGUOUS,True,True,False,True,False,2,1,STOP_BEFORE_TARGET,2022-11-30,2022-12-02,2022-12-06,2022-12-13,2022-12-28
MU|2022-11-30T00:00:00|Long,MU,2022-11-30,Long,-0.03746747251069005,0.00468337616513681,-0.0442324888857657,True,-0.06261926304947352,0.00468337616513681,-0.07406765558968598,True,-0.0664354159528584,0.00468337616513681,-0.09037298805328164,True,-0.0530789469609535,0.00468337616513681,-0.09037298805328164,True,-0.12142237319556226,0.00468337616513681,-0.15993063272625063,True,20,True,False,True,False,True,False,,1,STOP_BEFORE_TARGET,False,True,False,True,False,,1,STOP_BEFORE_TARGET,2022-12-01,2022-12-05,2022-12-07,2022-12-14,2022-12-29
MU|2022-12-01T00:00:00|Long,MU,2022-12-01,Long,-0.014597249032078152,-0.001261551764354163,-0.03802487919495523,True,-0.03261851357977874,-0.001261551764354163,-0.04054784523232635,True,-0.005226183217793667,0.0037844490560565713,-0.05496491186702168,True,-0.0621733764387008,0.043250993667080184,-0.06559746069999173,True,-0.09929720615540472,0.043250993667080184,-0.12723015245520686,True,20,True,True,True,False,True,False,8,1,STOP_BEFORE_TARGET,False,True,False,True,False,,1,STOP_BEFORE_TARGET,2022-12-02,2022-12-06,2022-12-08,2022-12-15,2022-12-30
MU|2022-12-02T00:00:00|Long,MU,2022-12-02,Long,-0.01170445109869278,0.01079005393736332,-0.017922449465377244,True,-0.01572788232538025,0.01079005393736332,-0.040965648609456395,True,0.003474737118664528,0.02158010787472664,-0.040965648609456395,True,-0.04773227132013225,0.05870517678414888,-0.05596198530016039,True,-0.07882226315355467,0.05870517678414888,-0.1143013892669712,True,20,True,True,True,False,True,False,7,2,STOP_BEFORE_TARGET,True,True,False,True,False,7,3,STOP_BEFORE_TARGET,2022-12-05,2022-12-07,2022-12-09,2022-12-16,2023-01-03
MU|2022-12-05T00:00:00|Long,MU,2022-12-05,Long,-0.006661743231912598,0.01091784127668971,-0.014803834631888058,True,0.021465577863800656,0.03071798333251219,-0.02960773985402787,True,0.02424125715026304,0.03367875025888978,-0.02960773985402787,True,-0.0429311557276012,0.07124349387297801,-0.05440418933378477,True,0.0029607669263775893,0.07124349387297801,-0.10381200065338336,True,20,True,True,True,False,True,False,3,2,STOP_BEFORE_TARGET,True,True,True,False,False,6,8,TARGET_BEFORE_STOP,2022-12-06,2022-12-08,2022-12-12,2022-12-19,2023-01-04
MU|2022-12-06T00:00:00|Long,MU,2022-12-06,Long,0.0026080363050022815,0.010432216283668971,-0.023099882105388825,True,0.022168379656179793,0.04061103377016173,-0.023099882105388825,True,0.029061128249296964,0.07842770232001528,-0.023099882105388825,True,-0.055886735896883755,0.07842770232001528,-0.06017137712133902,True,0.01918775658422578,0.07842770232001528,-0.09780178781954663,True,20,True,True,True,False,True,False,2,1,STOP_BEFORE_TARGET,True,True,True,False,False,5,7,TARGET_BEFORE_STOP,2022-12-07,2022-12-09,2022-12-13,2022-12-20,2023-01-05
MU|2022-12-07T00:00:00|Long,MU,2022-12-07,Long,0.025641045632483372,0.03493127236669302,0.004273495792279647,True,0.028428071125463195,0.037904142086487846,-0.008918609159384472,True,0.01430695767613921,0.07562243994616047,-0.008918609159384472,True,-0.048866612468007053,0.07562243994616047,-0.0626161083425062,True,0.0548123519075967,0.07562243994616047,-0.10014863285416897,True,20,True,True,True,True,False,False,1,6,TARGET_BEFORE_STOP,True,True,True,False,False,4,6,TARGET_BEFORE_STOP,2022-12-08,2022-12-12,2022-12-14,2022-12-21,2023-01-06
MU|2022-12-08T00:00:00|Long,MU,2022-12-08,Long,-0.005978293958217584,0.01195651880960158,-0.012318845937993594,True,0.0007246542567840297,0.04873185850596973,-0.03369566276528646,True,-0.057246373256097716,0.04873185850596973,-0.060688446422404896,True,-0.10452899235533297,0.04873185850596973,-0.1226449341339314,True,0.02101448969890085,0.04873185850596973,-0.1226449341339314,True,20,True,True,True,False,True,False,3,2,STOP_BEFORE_TARGET,False,True,False,True,False,,2,STOP_BEFORE_TARGET,2022-12-09,2022-12-13,2022-12-15,2022-12-22,2023-01-09
MU|2022-12-09T00:00:00|Long,MU,2022-12-09,Long,0.008747941526884295,0.009294735669005183,-0.027884067962097192,True,-0.005102948510067651,0.05503919293879855,-0.027884067962097192,True,-0.05102969366805432,0.05503919293879855,-0.05923091057527685,True,-0.08511022890200193,0.05503919293879855,-0.11736830238877083,True,0.042646258395097725,0.05503919293879855,-0.11736830238877083,True,20,True,True,True,False,True,False,2,1,STOP_BEFORE_TARGET,True,True,True,False,False,2,4,TARGET_BEFORE_STOP,2022-12-12,2022-12-14,2022-12-16,2022-12-23,2023-01-10
MU|2022-12-12T00:00:00|Long,MU,2022-12-12,Long,-0.0019872953692261497,0.04588981003703041,-0.012646738347598552,True,-0.05980122221938888,0.04588981003703041,-0.06323396741621279,True,-0.06558260801244964,0.04588981003703041,-0.07678410329111551,True,-0.09629626311280681,0.04588981003703041,-0.12502255392438288,True,0.048961210006843725,0.056368614861675104,-0.12502255392438288,True,20,True,True,True,True,False,False,1,2,TARGET_BEFORE_STOP,True,True,False,True,False,20,3,STOP_BEFORE_TARGET,2022-12-13,2022-12-15,2022-12-19,2022-12-27,2023-01-11
MU|2022-12-13T00:00:00|Long,MU,2022-12-13,Long,-0.011766862891539054,0.01556837019412205,-0.021361337243328893,True,-0.05738598637440451,0.01556837019412205,-0.06553227075648604,True,-0.08254889997710768,0.01556837019412205,-0.08671254109310689,True,-0.11078932948272668,0.01556837019412205,-0.12328025283072419,True,0.03674870958753407,0.058472111587487774,-0.12328025283072419,True,20,True,True,True,False,True,False,16,1,STOP_BEFORE_TARGET,True,True,False,True,False,19,2,STOP_BEFORE_TARGET,2022-12-14,2022-12-16,2022-12-20,2022-12-28,2023-01-12
MU|2022-12-14T00:00:00|Long,MU,2022-12-14,Long,-0.04671183788116662,-0.01593696518507015,-0.05019237352643435,True,-0.05257371173956138,-0.01593696518507015,-0.06393115348436851,True,-0.062282497094254485,-0.01593696518507015,-0.07583805418714906,True,-0.0721743655558903,-0.01593696518507015,-0.11284117659267101,True,0.04286499626391671,0.07107530788184646,-0.11284117659267101,True,20,True,True,True,False,True,False,15,1,STOP_BEFORE_TARGET,True,True,False,True,False,16,1,STOP_BEFORE_TARGET,2022-12-15,2022-12-19,2022-12-21,2022-12-29,2023-01-13
MU|2022-12-15T00:00:00|Long,MU,2022-12-15,Long,0.0005764561638952337,0.009607993681852722,-0.008070752810407034,True,-0.02613375454314748,0.009607993681852722,-0.030553422840418842,True,-0.05015373874777951,0.009607993681852722,-0.06936972611148506,True,-0.03958496035837633,0.009607993681852722,-0.06936972611148506,True,0.09242885230539222,0.12605683019187697,-0.06936972611148506,True,20,True,True,True,False,True,False,12,3,STOP_BEFORE_TARGET,True,True,False,True,False,13,3,STOP_BEFORE_TARGET,2022-12-16,2022-12-20,2022-12-22,2022-12-30,2023-01-17
MU|2022-12-16T00:00:00|Long,MU,2022-12-16,Long,-0.006721691495532811,0.004225105089159298,-0.018628792517537573,True,-0.016900347095694435,0.004225105089159298,-0.031111944332233077,True,-0.03591317347502587,0.004225105089159298,-0.06990588459731173,True,-0.03264837282317934,0.004225105089159298,-0.06990588459731173,True,0.08526980320206001,0.12540808176624507,-0.06990588459731173,True,20,True,True,True,False,True,False,11,2,STOP_BEFORE_TARGET,True,True,False,True,False,12,2,STOP_BEFORE_TARGET,2022-12-19,2022-12-21,2022-12-23,2023-01-03,2023-01-18
MU|2022-12-19T00:00:00|Long,MU,2022-12-19,Long,-0.020108292555705454,0.004833719916849555,-0.024555306028401613,True,-0.04427689213995367,0.004833719916849555,-0.06361177180735222,True,-0.03286931018591999,0.004833719916849555,-0.06361177180735222,True,0.04795049272434282,0.054137648317373444,-0.06361177180735222,True,0.08971382985565524,0.13302391900686872,-0.06361177180735222,True,20,True,True,True,False,True,False,10,1,STOP_BEFORE_TARGET,True,True,False,True,False,10,3,STOP_BEFORE_TARGET,2022-12-20,2022-12-22,2022-12-27,2023-01-04,2023-01-19
MU|2022-12-20T00:00:00|Long,MU,2022-12-20,Long,0.010063108099096052,0.02111285888676173,0.0013812094396745689,True,-0.009471182702169512,0.02111285888676173,-0.04439621125594617,True,-0.030781400234752954,0.02111285888676173,-0.04439621125594617,True,0.0795185231852753,0.09293605083091605,-0.04439621125594617,True,0.1535122086118521,0.15627462749120125,-0.04439621125594617,True,20,True,True,True,False,True,False,9,2,STOP_BEFORE_TARGET,True,True,False,True,False,9,2,STOP_BEFORE_TARGET,2022-12-21,2022-12-23,2022-12-28,2023-01-05,2023-01-20
MU|2022-12-21T00:00:00|Long,MU,2022-12-21,Long,-0.03438168331215585,-0.023832729805335684,-0.05391674927869883,True,-0.022855991411081078,-0.012502430295329381,-0.05391674927869883,True,-0.01054887898645751,-0.001953476788509212,-0.05391674927869883,True,0.10900570386308339,0.11916394710812916,-0.05391674927869883,True,0.20765777209005254,0.20941593100785583,-0.05391674927869883,True,20,True,True,True,False,True,False,8,1,STOP_BEFORE_TARGET,True,True,False,True,False,8,1,STOP_BEFORE_TARGET,2022-12-22,2022-12-27,2022-12-29,2023-01-06,2023-01-23
MU|2022-12-22T00:00:00|Long,MU,2022-12-22,Long,0.015577593627549513,0.022658282924742146,-0.008901448998431705,True,-0.006271522787317352,0.03358284113217569,-0.01840986934642652,True,0.0111268305414709,0.03358284113217569,-0.01840986934642652,True,0.14019826547421932,0.16366579208256238,-0.01840986934642652,True,0.23932830150354478,0.2524782412540174,-0.01840986934642652,True,20,True,True,False,True,False,False,3,,TARGET_BEFORE_STOP,True,False,True,False,False,7,,TARGET_BEFORE_STOP,2022-12-23,2022-12-28,2022-12-30,2023-01-09,2023-01-24
MU|2022-12-23T00:00:00|Long,MU,2022-12-23,Long,-0.0035856633952218164,0.002191247184855971,-0.0334661410287479,True,0.008964158488054652,0.017729071237494676,-0.0334661410287479,True,0.003386417656607188,0.017729071237494676,-0.0334661410287479,True,0.13964139870508507,0.14581672477240804,-0.0334661410287479,True,0.2258964139490558,0.23326691048812997,-0.0334661410287479,True,20,True,True,True,False,True,False,6,1,STOP_BEFORE_TARGET,True,True,False,True,False,6,1,STOP_BEFORE_TARGET,2022-12-27,2022-12-29,2023-01-03,2023-01-10,2023-01-25
MU|2022-12-27T00:00:00|Long,MU,2022-12-27,Long,-0.017992833219561022,0.021391437125789503,-0.023790456133917948,True,-0.0007996984238558547,0.021391437125789503,-0.023790456133917948,True,0.08356657870695794,0.08996401357092654,-0.023790456133917948,True,0.1607357225499475,0.1689324407358721,-0.023790456133917948,True,0.2554977741371307,0.260495774891071,-0.023790456133917948,True,20,True,True,True,False,True,False,5,1,STOP_BEFORE_TARGET,True,False,True,False,False,5,,TARGET_BEFORE_STOP,2022-12-28,2022-12-30,2023-01-04,2023-01-11,2023-01-26
MU|2022-12-28T00:00:00|Long,MU,2022-12-28,Long,0.03114826195570175,0.036848562961105946,0.0044788523104042355,True,0.025447883289521078,0.037459287308605926,0.0002036265563509776,True,0.11380293717716894,0.12764659189953065,0.0002036265563509776,True,0.16592023011198753,0.19035021360208315,0.0002036265563509776,True,0.30028502281634784,0.3098533741238796,0.0002036265563509776,True,20,True,True,False,True,False,False,1,,TARGET_BEFORE_STOP,True,False,True,False,False,4,,TARGET_BEFORE_STOP,2022-12-29,2023-01-03,2023-01-05,2023-01-12,2023-01-27
MU|2022-12-29T00:00:00|Long,MU,2022-12-29,Long,-0.013228074303220927,-0.012438322786492817,-0.030009879802018302,True,0.07008882784034509,0.07640668934447015,-0.030009879802018302,True,0.12082919540995163,0.1310957391828671,-0.030009879802018302,True,0.12398812616201393,0.1543928817223963,-0.030009879802018302,True,0.21836124828037362,0.2702861678102222,-0.030009879802018302,True,20,True,True,True,False,True,False,3,1,STOP_BEFORE_TARGET,True,True,False,True,False,3,1,STOP_BEFORE_TARGET,2022-12-30,2023-01-04,2023-01-06,2023-01-13,2023-01-30
MU|2022-12-30T00:00:00|Long,MU,2022-12-30,Long,0.007803109108051487,0.019607834157904902,-0.008603447561307043,True,0.09463784684990184,0.108243295257342,-0.008603447561307043,True,0.12765108296417083,0.15086036383724966,-0.008603447561307043,True,0.13745496188088535,0.17246896780381737,-0.008603447561307043,True,0.206482588822418,0.28731486448932775,-0.008603447561307043,True,20,True,True,False,True,False,False,2,,TARGET_BEFORE_STOP,True,False,True,False,False,2,,TARGET_BEFORE_STOP,2023-01-03,2023-01-05,2023-01-09,2023-01-17,2023-01-31
MU|2023-01-03T00:00:00|Long,MU,2023-01-03,Long,0.07603736176834142,0.08239034373399412,0.04685329879682909,True,0.12705979078009544,0.13738340540766103,0.04685329879682909,True,0.1357951220494884,0.14194960646212906,0.04685329879682909,True,0.12189794559955303,0.16339090166282788,0.04685329879682909,True,0.2428032519670078,0.27734758193855535,0.04685329879682909,True,20,True,True,False,True,False,False,1,,TARGET_BEFORE_STOP,True,False,True,False,False,1,,TARGET_BEFORE_STOP,2023-01-04,2023-01-06,2023-01-10,2023-01-18,2023-02-01
MU|2023-01-04T00:00:00|Long,MU,2023-01-04,Long,0.009409562995466247,0.02195569391066643,-0.005719582452533567,True,0.0398523951477332,0.061254606053333216,-0.005719582452533567,True,0.07121772243573354,0.07878229515973345,-0.005719582452533567,True,0.0398523951477332,0.0811807684362662,-0.005719582452533567,True,0.16549810479226612,0.1870847865722658,-0.005719582452533567,True,20,True,True,False,True,False,False,2,,TARGET_BEFORE_STOP,True,False,True,False,False,2,,TARGET_BEFORE_STOP,2023-01-05,2023-01-09,2023-01-11,2023-01-19,2023-02-02
MU|2023-01-05T00:00:00|Long,MU,2023-01-05,Long,0.03765310560708213,0.04715777507272745,-0.01242917778386099,True,0.045695486050730594,0.05136175142230126,-0.01242917778386099,True,0.04679220281722829,0.0687260500667346,-0.01242917778386099,True,0.06854322907609589,0.07110216513881218,-0.01242917778386099,True,0.14074211098140577,0.17601896206485357,-0.01242917778386099,True,20,True,True,False,True,False,False,1,,TARGET_BEFORE_STOP,True,False,True,False,False,2,,TARGET_BEFORE_STOP,2023-01-06,2023-01-10,2023-01-12,2023-01-20,2023-02-03
MU|2023-01-06T00:00:00|Long,MU,2023-01-06,Long,-0.007222121615396926,0.013211202993700821,-0.019728710989143527,True,0.022723285276122107,0.029945406891519033,-0.019728710989143527,True,0.002818387284163393,0.029945406891519033,-0.019728710989143527,True,0.08895542005178769,0.09054076709885783,-0.02624628618023961,True,0.05654393268608238,0.1333450029784473,-0.02624628618023961,True,20,True,True,True,True,False,False,6,8,TARGET_BEFORE_STOP,True,False,True,False,False,10,,TARGET_BEFORE_STOP,2023-01-09,2023-01-11,2023-01-13,2023-01-23,2023-02-06
MU|2023-01-09T00:00:00|Long,MU,2023-01-09,Long,0.015081590931796063,0.016323601117497866,-0.008871540003286715,True,0.016146200098602792,0.03743790964338678,-0.008871540003286715,True,0.008694071299912842,0.03974446131141662,-0.008871540003286715,True,0.08694105142152297,0.09847408049958717,-0.019162558895649218,True,0.10237757976006656,0.14158970264584037,-0.019162558895649218,True,20,True,True,False,True,False,False,2,,TARGET_BEFORE_STOP,True,False,True,False,False,9,,TARGET_BEFORE_STOP,2023-01-10,2023-01-12,2023-01-17,2023-01-24,2023-02-07
MU|2023-01-10T00:00:00|Long,MU,2023-01-10,Long,0.014857582632771926,0.022024159349662398,-0.005069059957493516,True,-0.004894227998211376,0.022024159349662398,-0.019052616151565838,True,-0.012235636674384098,0.024296441389485945,-0.019052616151565838,True,0.07568610208612792,0.08215348432360092,-0.033735366825055624,True,0.053137580216330305,0.12462851542595321,-0.033735366825055624,True,20,True,True,True,False,True,False,8,6,STOP_BEFORE_TARGET,True,True,False,True,False,8,6,STOP_BEFORE_TARGET,2023-01-11,2023-01-13,2023-01-18,2023-01-25,2023-02-08
MU|2023-01-11T00:00:00|Long,MU,2023-01-11,Long,-0.013606629294548478,0.0031002463127496327,-0.028074423519822256,True,-0.020840559258521685,0.00930067323557604,-0.033413751214596,True,-0.029280067563372314,0.00930067323557604,-0.04788154543986989,True,0.08163964436194515,0.08594553471824495,-0.04788154543986989,True,0.036513931824672996,0.10816387902271996,-0.04788154543986989,True,20,True,True,True,False,True,False,7,1,STOP_BEFORE_TARGET,True,True,False,True,False,7,2,STOP_BEFORE_TARGET,2023-01-12,2023-01-17,2023-01-19,2023-01-26,2023-02-09
MU|2023-01-12T00:00:00|Long,MU,2023-01-12,Long,-0.005936793257730777,-0.0052383313194103165,-0.02008034776823564,True,-0.013270510392102475,0.023223293272684575,-0.02008034776823564,True,0.02077874309755945,0.023223293272684575,-0.034747715427982495,True,0.11524355546301335,0.12345025010679089,-0.034747715427982495,True,0.04452591612848256,0.12345025010679089,-0.034747715427982495,True,20,True,True,True,False,True,False,6,1,STOP_BEFORE_TARGET,True,True,False,True,False,6,4,STOP_BEFORE_TARGET,2023-01-13,2023-01-18,2023-01-20,2023-01-27,2023-02-10
MU|2023-01-13T00:00:00|Long,MU,2023-01-13,Long,-0.0014052666542391234,0.029334237835819676,-0.006674882594031706,True,-0.010012290387646394,0.029334237835819676,-0.028982988179061975,True,0.08589494753970461,0.08747583902232248,-0.028982988179061975,True,0.08396273939352672,0.13015977503940346,-0.028982988179061975,True,0.05603370120514417,0.13015977503940346,-0.028982988179061975,True,20,True,True,True,False,True,False,5,3,STOP_BEFORE_TARGET,True,False,True,False,False,5,,TARGET_BEFORE_STOP,2023-01-17,2023-01-19,2023-01-23,2023-01-30,2023-02-13
MU|2023-01-17T00:00:00|Long,MU,2023-01-17,Long,-0.005980653680099257,0.021108193406297326,-0.008619135917700804,True,0.02832015221749673,0.030255079452395917,-0.02761653011369747,True,0.07757255876479219,0.08900618309769004,-0.02761653011369747,True,0.06068603088019331,0.13175018583648823,-0.02761653011369747,True,0.09182060441178974,0.13175018583648823,-0.02761653011369747,True,20,True,True,True,False,True,False,3,2,STOP_BEFORE_TARGET,True,False,True,False,False,4,,TARGET_BEFORE_STOP,2023-01-18,2023-01-20,2023-01-24,2023-01-31,2023-02-14
MU|2023-01-18T00:00:00|Long,MU,2023-01-18,Long,-0.0026543570277276496,0.0102637028540431,-0.021766051650502938,True,0.09396569688567191,0.09555833810423642,-0.021766051650502938,True,0.08901084309672425,0.09555833810423642,-0.021766051650502938,True,0.10776854244335188,0.13855951599584082,-0.021766051650502938,True,0.0943196246569995,0.13855951599584082,-0.021766051650502938,True,20,True,True,True,False,True,False,2,1,STOP_BEFORE_TARGET,True,False,True,False,False,3,,TARGET_BEFORE_STOP,2023-01-19,2023-01-23,2023-01-25,2023-02-01,2023-02-15
MU|2023-01-19T00:00:00|Long,MU,2023-01-19,Long,0.037260440940012796,0.03921219057025249,0.007097191391942204,True,0.08694105142152297,0.09847408049958717,0.007097191391942204,True,0.11426541087592113,0.11870118087756443,0.007097191391942204,True,0.1208303315266992,0.14158970264584037,0.007097191391942204,True,0.06547194085784391,0.14158970264584037,0.007097191391942204,True,20,True,True,False,True,False,False,1,,TARGET_BEFORE_STOP,True,False,True,False,False,2,,TARGET_BEFORE_STOP,2023-01-20,2023-01-24,2023-01-26,2023-02-02,2023-02-16
MU|2023-01-20T00:00:00|Long,MU,2023-01-20,Long,0.05747520805630657,0.0590147248882833,0.006842311531700895,True,0.0526856291359874,0.0590147248882833,0.006842311531700895,True,0.09254190783675598,0.10058154884541781,0.006842311531700895,True,0.06756758167634991,0.10058154884541781,0.0032501273414613507,True,0.009408129416249578,0.10058154884541781,0.0008552726281829681,True,20,True,True,False,True,False,False,1,,TARGET_BEFORE_STOP,True,False,True,False,False,1,,TARGET_BEFORE_STOP,2023-01-23,2023-01-25,2023-01-27,2023-02-03,2023-02-17
MU|2023-01-23T00:00:00|Long,MU,2023-01-23,Long,-0.009058579360327945,-0.0016175748077440488,-0.015367207499662805,True,0.015852467600681264,0.019896466326565054,-0.02264641754755814,True,-0.0017793693124326104,0.040763452855167026,-0.02264641754755814,True,-0.029763833090765024,0.040763452855167026,-0.051277874225074016,True,-0.06826271823900443,0.040763452855167026,-0.07004202584491348,True,20,True,True,True,False,True,False,4,2,STOP_BEFORE_TARGET,False,True,False,True,False,,6,STOP_BEFORE_TARGET,2023-01-24,2023-01-26,2023-01-30,2023-02-06,2023-02-21
MU|2023-01-24T00:00:00|Long,MU,2023-01-24,Long,0.004570724806822524,0.006692782544004627,-0.013712049879254229,True,0.04260530006306151,0.05027747471019417,-0.013712049879254229,True,-0.01567089635611718,0.05027747471019417,-0.04260523779245473,True,0.014201808201425026,0.05027747471019417,-0.04260523779245473,True,-0.06986612629064393,0.05027747471019417,-0.07231466881907089,True,20,True,True,True,True,False,False,3,5,TARGET_BEFORE_STOP,True,True,True,False,False,3,5,TARGET_BEFORE_STOP,2023-01-25,2023-01-27,2023-01-31,2023-02-07,2023-02-22
MU|2023-01-25T00:00:00|Long,MU,2023-01-25,Long,0.020474460558795426,0.024536858938398298,-0.004062398379602872,True,0.002762401144235538,0.04549878746681668,-0.004062398379602872,True,0.01722452945765718,0.04549878746681668,-0.04696131535024484,True,-0.020961990515698248,0.04549878746681668,-0.04696131535024484,True,-0.0453363807933157,0.04549878746681668,-0.07653557059477167,True,20,True,True,True,True,False,False,2,4,TARGET_BEFORE_STOP,False,True,False,True,False,,4,STOP_BEFORE_TARGET,2023-01-26,2023-01-30,2023-02-01,2023-02-08,2023-02-23
MU|2023-01-26T00:00:00|Long,MU,2023-01-26,Long,0.017038211908015022,0.024522247126418373,-0.013375798770586256,True,-0.039808917681079525,0.024522247126418373,-0.06608276690443937,True,0.0058917028085951895,0.024522247126418373,-0.06608276690443937,True,-0.04171972872156671,0.024522247126418373,-0.06608276690443937,True,-0.07356686286643033,0.024522247126418373,-0.0950636541167782,True,20,True,False,True,False,True,False,,3,STOP_BEFORE_TARGET,False,True,False,True,False,,3,STOP_BEFORE_TARGET,2023-01-27,2023-01-31,2023-02-02,2023-02-09,2023-02-24
MU|2023-01-27T00:00:00|Long,MU,2023-01-27,Long,-0.033818692399160355,-0.009237516243222554,-0.03413183562912969,True,-0.019884147158325205,-0.009237516243222554,-0.08172847179115839,True,-0.022858918254088256,0.000782828211941311,-0.08172847179115839,True,-0.06341004078268009,0.000782828211941311,-0.08172847179115839,True,-0.0934710741481719,0.000782828211941311,-0.11022384873276736,True,20,True,False,True,False,True,False,,1,STOP_BEFORE_TARGET,False,True,False,True,False,,1,STOP_BEFORE_TARGET,2023-01-30,2023-02-01,2023-02-03,2023-02-10,2023-02-27
MU|2023-01-30T00:00:00|Long,MU,2023-01-30,Long,-0.02284880681138901,-0.022200598804245963,-0.049586738032600275,True,0.023659035912058757,0.03581265787165977,-0.049586738032600275,True,-0.02803434723549736,0.03581265787165977,-0.049586738032600275,True,-0.02576568102701471,0.03581265787165977,-0.049586738032600275,True,-0.06303677600648727,0.03581265787165977,-0.07907952237591043,True,20,True,True,True,False,True,False,3,1,STOP_BEFORE_TARGET,False,True,False,True,False,,1,STOP_BEFORE_TARGET,2023-01-31,2023-02-02,2023-02-06,2023-02-13,2023-02-28
MU|2023-01-31T00:00:00|Long,MU,2023-01-31,Long,0.03814260806237235,0.0485903871019453,0.0014925398627960718,True,0.03499171869068207,0.060033150542063485,0.0014925398627960718,True,0.0303482894561955,0.060033150542063485,-0.009950223577321893,True,0.029353241793671936,0.060033150542063485,-0.02421225709693442,True,-0.04908787930221781,0.060033150542063485,-0.05754556301674363,True,20,True,True,True,True,False,False,1,9,TARGET_BEFORE_STOP,True,True,True,False,False,2,14,TARGET_BEFORE_STOP,2023-02-01,2023-02-03,2023-02-07,2023-02-14,2023-03-01
MU|2023-02-01T00:00:00|Long,MU,2023-02-01,Long,0.009105426656837112,0.02108625761979699,-0.011821052425032397,True,-0.04185301910139627,0.02108625761979699,-0.04568685088445523,True,-0.03753991264221168,0.02108625761979699,-0.046325843160850866,True,-0.012140548563230213,0.02108625761979699,-0.060063872415070274,True,-0.09856227347187552,0.02108625761979699,-0.12587855344238652,True,20,True,False,True,False,True,False,,3,STOP_BEFORE_TARGET,False,True,False,True,False,,3,STOP_BEFORE_TARGET,2023-02-02,2023-02-06,2023-02-08,2023-02-15,2023-03-02
MU|2023-02-02T00:00:00|Long,MU,2023-02-02,Long,-0.012031001164518385,0.009814829263155245,-0.020104427416158144,True,-0.016463465742846073,0.009814829263155245,-0.054931098727049266,True,-0.04733256214085868,0.009814829263155245,-0.05508943554073287,True,-0.04939051800413974,0.009814829263155245,-0.06854516608939953,True,-0.10115560511112687,0.009814829263155245,-0.13376598374505333,True,20,True,False,True,False,True,False,,1,STOP_BEFORE_TARGET,False,True,False,True,False,,2,STOP_BEFORE_TARGET,2023-02-03,2023-02-07,2023-02-09,2023-02-16,2023-03-03
MU|2023-02-03T00:00:00|Long,MU,2023-02-03,Long,-0.03893607292288026,-0.01970837278070159,-0.04278157627741164,True,-0.034609835806652,-0.0003204688000733036,-0.04342251387755813,True,-0.0414997622002925,-0.0003204688000733036,-0.050632909071271937,True,-0.05447847354897706,-0.0003204688000733036,-0.06249001018128708,True,-0.08940871703252862,-0.0003204688000733036,-0.1232174114005844,True,20,True,False,True,False,True,False,,1,STOP_BEFORE_TARGET,False,True,False,True,False,,1,STOP_BEFORE_TARGET,2023-02-06,2023-02-08,2023-02-10,2023-02-17,2023-03-06
MU|2023-02-06T00:00:00|Long,MU,2023-02-06,Long,0.035845307473951094,0.04018005778267897,-0.004668202424705004,True,0.0033344575602842763,0.04018005778267897,-0.004834960282437684,True,0.0023341012123525573,0.04018005778267897,-0.019006325414285485,True,-0.03967991140845706,0.04018005778267897,-0.041513802647099696,True,-0.07369120044478938,0.04018005778267897,-0.08769587131839263,True,20,True,True,True,True,False,False,1,9,TARGET_BEFORE_STOP,False,True,False,True,False,,10,STOP_BEFORE_TARGET,2023-02-07,2023-02-09,2023-02-13,2023-02-21,2023-03-07
MU|2023-02-07T00:00:00|Long,MU,2023-02-07,Long,-0.030259150745130747,0.0032190690407389866,-0.03058106378906822,True,-0.03718012769319745,0.0032190690407389866,-0.04635443455019084,True,-0.0009657391318121933,0.0032190690407389866,-0.05295349845432007,True,-0.08289073615551346,0.0032190690407389866,-0.0853049918870914,True,-0.08433931415391427,0.0032190690407389866,-0.11926605053954975,True,20,True,False,True,False,True,False,,1,STOP_BEFORE_TARGET,False,True,False,True,False,,1,STOP_BEFORE_TARGET,2023-02-08,2023-02-10,2023-02-14,2023-02-22,2023-03-08
MU|2023-02-08T00:00:00|Long,MU,2023-02-08,Long,-0.0011618206609829151,0.026058086221148802,-0.009294628602340538,True,-0.0021576940766013797,0.026058086221148802,-0.023402487093976965,True,0.02639004402635514,0.034190894162506424,-0.023402487093976965,True,-0.024896265560165998,0.034190894162506424,-0.056763455086229264,True,-0.07717844856230549,0.034190894162506424,-0.09178421210451249,True,20,True,True,True,False,True,False,4,3,STOP_BEFORE_TARGET,False,True,False,True,False,,8,STOP_BEFORE_TARGET,2023-02-09,2023-02-13,2023-02-15,2023-02-23,2023-03-09
MU|2023-02-09T00:00:00|Long,MU,2023-02-09,Long,-0.005982063950248917,0.009637720395749838,-0.015453644075435369,True,0.03140577235068398,0.03539383611355751,-0.022266536154747163,True,-0.002160203846061637,0.03539383611355751,-0.022266536154747163,True,-0.03323363226749587,0.03539383611355751,-0.05566630869280631,True,-0.08723828470217665,0.03539383611355751,-0.09388503651092506,True,20,True,True,True,False,True,False,3,2,STOP_BEFORE_TARGET,False,True,False,True,False,,7,STOP_BEFORE_TARGET,2023-02-10,2023-02-14,2023-02-16,2023-02-24,2023-03-10
MU|2023-02-10T00:00:00|Long,MU,2023-02-10,Long,0.0050150324070714625,0.007689720608816009,-0.016382473206885018,True,0.03376797840302315,0.04162490289484633,-0.016382473206885018,True,-0.013540644891730014,0.04162490289484633,-0.021899053493381393,True,-0.032096258420934665,0.04162490289484633,-0.04998324772690088,True,-0.09896352723414548,0.04162490289484633,-0.11802075241237198,True,20,True,True,True,True,False,False,2,5,TARGET_BEFORE_STOP,False,True,False,True,False,,6,STOP_BEFORE_TARGET,2023-02-13,2023-02-15,2023-02-17,2023-02-27,2023-03-13
MU|2023-02-13T00:00:00|Long,MU,2023-02-13,Long,0.032435143007051304,0.03642718696464886,-0.018130408715124058,True,-0.0011643329352605258,0.03642718696464886,-0.018130408715124058,True,-0.04191617602353592,0.03642718696464886,-0.04374579674224088,True,-0.03825680768335371,0.03642718696464886,-0.05472383831140126,True,-0.09730536556976777,0.03642718696464886,-0.12242183534784079,True,20,True,True,True,True,False,False,1,4,TARGET_BEFORE_STOP,False,True,False,True,False,,5,STOP_BEFORE_TARGET,2023-02-14,2023-02-16,2023-02-21,2023-02-28,2023-03-14
MU|2023-02-14T00:00:00|Long,MU,2023-02-14,Long,-0.003705486440585659,-0.0020944267561527896,-0.025938466542087202,True,-0.04929920071428928,-0.0020944267561527896,-0.057354622052428805,True,-0.08200419168057971,-0.0020944267561527896,-0.08442078120722907,True,-0.07620427848384126,-0.0020944267561527896,-0.08442078120722907,True,-0.1279200687247799,-0.0020944267561527896,-0.14999196744103316,True,20,True,False,True,False,True,False,,1,STOP_BEFORE_TARGET,False,True,False,True,False,,2,STOP_BEFORE_TARGET,2023-02-15,2023-02-17,2023-02-22,2023-03-01,2023-03-15
MU|2023-02-15T00:00:00|Long,MU,2023-02-15,Long,-0.028945680968799903,-0.007923701119950444,-0.03217984595013812,True,-0.06856406319541963,-0.007923701119950444,-0.07034279533291776,True,-0.04996766081764925,-0.007923701119950444,-0.0810154965907377,True,-0.08748382655341425,-0.007923701119950444,-0.11513581685505225,True,-0.08521992957244728,-0.007923701119950444,-0.14683055964828784,True,20,True,False,True,False,True,False,,1,STOP_BEFORE_TARGET,False,True,False,True,False,,1,STOP_BEFORE_TARGET,2023-02-16,2023-02-21,2023-02-23,2023-03-02,2023-03-16
MU|2023-02-16T00:00:00|Long,MU,2023-02-16,Long,-0.01731891638202543,0.0021648804290907986,-0.025645311158920325,True,-0.051124058848106224,0.0021648804290907986,-0.05362193916596425,True,-0.031140698678488454,0.0021648804290907986,-0.05362193916596425,True,-0.05445462946393431,0.0021648804290907986,-0.08875933528851654,True,-0.056452946423290906,0.0021648804290907986,-0.12139885109321091,True,20,True,False,True,False,True,False,,1,STOP_BEFORE_TARGET,False,True,False,True,False,,2,STOP_BEFORE_TARGET,2023-02-17,2023-02-22,2023-02-24,2023-03-03,2023-03-17
MU|2023-02-17T00:00:00|Long,MU,2023-02-17,Long,-0.02389425330482664,0.011862409470430713,-0.02575828988816875,True,-0.0044060045573383055,0.012540276216153723,-0.03694283261287634,True,-0.01881031735683425,0.012540276216153723,-0.03694283261287634,True,-0.03694283261287634,0.012540276216153723,-0.0726994953881337,True,-0.02321638655910352,0.012540276216153723,-0.1059142548343257,True,20,True,False,True,False,True,False,,1,STOP_BEFORE_TARGET,False,True,False,True,False,,2,STOP_BEFORE_TARGET,2023-02-21,2023-02-23,2023-02-27,2023-03-06,2023-03-20
MU|2023-02-21T00:00:00|Long,MU,2023-02-21,Long,-0.010763870630366768,0.01684029941665588,-0.013367997629589401,True,0.010069476500338403,0.037326416368654414,-0.013367997629589401,True,0.003819465738388317,0.037326416368654414,-0.013367997629589401,True,-0.03541661727207546,0.037326416368654414,-0.04999995364083065,True,0.017881989952776012,0.037326416368654414,-0.08402778265284916,True,20,True,True,True,True,False,False,2,7,TARGET_BEFORE_STOP,False,True,False,True,False,,7,STOP_BEFORE_TARGET,2023-02-22,2023-02-24,2023-02-28,2023-03-07,2023-03-21
MU|2023-02-22T00:00:00|Long,MU,2023-02-22,Long,0.03106353934684858,0.048613557037858746,0.00807299207034351,True,0.016146051088691715,0.048613557037858746,0.006493487800232511,True,0.006318017080444438,0.048613557037858746,0.004212033702964524,True,-0.0015795042701111095,0.048613557037858746,-0.039663010524561004,True,0.02088449695102046,0.06019656603600532,-0.07406109607942446,True,20,True,True,True,True,False,False,1,6,TARGET_BEFORE_STOP,True,True,False,True,False,20,6,STOP_BEFORE_TARGET,2023-02-23,2023-02-27,2023-03-01,2023-03-08,2023-03-22
MU|2023-02-23T00:00:00|Long,MU,2023-02-23,Long,-0.009702122465093055,-0.006468103287067817,-0.0238298132064495,True,-0.015829792428523892,0.013787257417719356,-0.0238298132064495,True,-0.03948935650764629,0.013787257417719356,-0.06859572390292556,True,-0.053617047249002625,0.013787257417719356,-0.06859572390292556,True,0.044085108980219445,0.05157444730718086,-0.10195747537815825,True,20,True,True,True,False,True,False,20,1,STOP_BEFORE_TARGET,True,True,False,True,False,20,5,STOP_BEFORE_TARGET,2023-02-24,2023-02-28,2023-03-02,2023-03-09,2023-03-23
MU|2023-02-24T00:00:00|Long,MU,2023-02-24,Long,-0.004812629388590173,0.023719509468487665,-0.0060157867357377715,True,-0.014437953732928444,0.023719509468487665,-0.01650049981844459,True,-0.024063278077266714,0.023719509468487665,-0.05947059240845087,True,-0.05586112036700819,0.023719509468487665,-0.06273636140827243,True,0.05122034249922858,0.06187690710274607,-0.09315919483005586,True,20,True,True,True,False,True,False,18,4,STOP_BEFORE_TARGET,True,True,False,True,False,19,4,STOP_BEFORE_TARGET,2023-02-27,2023-03-01,2023-03-03,2023-03-10,2023-03-24
MU|2023-02-27T00:00:00|Long,MU,2023-02-27,Long,-0.0013817241614221265,0.014507774273761376,-0.00863557835618567,True,-0.02538862145014098,0.014507774273761376,-0.05492228361607987,True,-0.018480132411498706,0.014507774273761376,-0.05492228361607987,True,-0.0690846268494858,0.014507774273761376,-0.08877380084434594,True,0.032642475644904634,0.06701204060735244,-0.08877380084434594,True,20,True,True,True,False,True,False,17,3,STOP_BEFORE_TARGET,True,True,False,True,False,18,3,STOP_BEFORE_TARGET,2023-02-28,2023-03-02,2023-03-06,2023-03-13,2023-03-27
MU|2023-02-28T00:00:00|Long,MU,2023-02-28,Long,-0.008301617861808719,0.012625381288296156,-0.01037700583341239,True,-0.017986871688282613,0.012625381288296156,-0.053614640098287536,True,-0.03908679234627366,0.014354926244127597,-0.053614640098287536,True,-0.06139742746104382,0.014354926244127597,-0.08751299550324909,True,0.025250762576592534,0.06848839684146757,-0.08751299550324909,True,20,True,True,True,False,True,False,16,2,STOP_BEFORE_TARGET,True,True,False,True,False,17,2,STOP_BEFORE_TARGET,2023-03-01,2023-03-03,2023-03-07,2023-03-14,2023-03-28
MU|2023-03-01T00:00:00|Long,MU,2023-03-01,Long,-0.01587024494228295,-0.011161482175537696,-0.04569234260398791,True,-0.008894285318731154,0.022846204565834638,-0.04569234260398791,True,-0.00784793794457539,0.022846204565834638,-0.04569234260398791,True,-0.055981846458502016,0.022846204565834638,-0.0798744649261739,True,0.10812697499896373,0.12347397972648744,-0.0798744649261739,True,20,True,True,True,False,True,False,14,1,STOP_BEFORE_TARGET,True,True,False,True,False,15,1,STOP_BEFORE_TARGET,2023-03-02,2023-03-06,2023-03-08,2023-03-15,2023-03-29
MU|2023-03-02T00:00:00|Long,MU,2023-03-02,Long,0.006202347549677301,0.007797246576811245,-0.017543889298472948,True,-0.015417312195282196,0.03934079760229081,-0.01984757975948548,True,-0.01470852076140361,0.03934079760229081,-0.01984757975948548,True,0.002480939019871009,0.03934079760229081,-0.06503636299477322,True,0.11802232520635392,0.1415913134956457,-0.06503636299477322,True,20,True,True,True,True,False,False,2,6,TARGET_BEFORE_STOP,True,True,False,True,False,13,6,STOP_BEFORE_TARGET,2023-03-03,2023-03-07,2023-03-09,2023-03-16,2023-03-30
MU|2023-03-03T00:00:00|Long,MU,2023-03-03,Long,0.0008806455236494148,0.03293418081692301,-0.004226802904705895,True,0.0019373126579156352,0.03293418081692301,-0.025889352546831113,True,-0.03258186886040648,0.03293418081692301,-0.03962662994667754,True,-0.0021134014523529476,0.03293418081692301,-0.07079958690012234,True,0.06269815867958539,0.13455441271397373,-0.07079958690012234,True,20,True,True,True,True,False,False,1,2,TARGET_BEFORE_STOP,True,True,False,True,False,13,5,STOP_BEFORE_TARGET,2023-03-06,2023-03-08,2023-03-10,2023-03-17,2023-03-31
MU|2023-03-06T00:00:00|Long,MU,2023-03-06,Long,-0.022347359085772234,-0.0017596742142582666,-0.026746443934356323,True,-0.021643556524776675,0.012845319702900593,-0.026746443934356323,True,-0.05155727979538238,0.012845319702900593,-0.07161716308968047,True,0.014252991949599503,0.018300141955331917,-0.07161716308968047,True,0.04891780203634877,0.13355615156329415,-0.07161716308968047,True,20,True,True,True,False,True,False,11,1,STOP_BEFORE_TARGET,True,True,False,True,False,12,4,STOP_BEFORE_TARGET,2023-03-07,2023-03-09,2023-03-13,2023-03-20,2023-04-03
MU|2023-03-07T00:00:00|Long,MU,2023-03-07,Long,0.02393804865881055,0.024477983478021992,-0.003779749711649183,True,-0.011339111816834668,0.035997119340631434,-0.018538563148583487,True,-0.023218158452880777,0.035997119340631434,-0.05039602200412907,True,0.055255572695144695,0.07127427981627665,-0.05039602200412907,True,0.030777520558066263,0.1594671810053896,-0.05039602200412907,True,20,True,True,True,True,False,False,2,4,TARGET_BEFORE_STOP,True,True,False,True,False,10,4,STOP_BEFORE_TARGET,2023-03-08,2023-03-10,2023-03-14,2023-03-21,2023-04-04
MU|2023-03-08T00:00:00|Long,MU,2023-03-08,Long,-0.022675354708512563,0.011777148722636355,-0.02372997870635829,True,-0.05255753024869225,0.011777148722636355,-0.07259625790867419,True,-0.04851464846447873,0.011777148722636355,-0.07259625790867419,True,0.02249953933959392,0.06187380023780009,-0.07259625790867419,True,0.0022851304185265153,0.13236067604294988,-0.07259625790867419,True,20,True,True,True,False,True,False,9,1,STOP_BEFORE_TARGET,True,True,False,True,False,10,2,STOP_BEFORE_TARGET,2023-03-09,2023-03-13,2023-03-15,2023-03-22,2023-04-05
MU|2023-03-09T00:00:00|Long,MU,2023-03-09,Long,-0.012050327110299519,0.016366904179604624,-0.019244599355919934,True,-0.023920828288807705,0.016366904179604624,-0.05107914083684306,True,0.01744606559934736,0.01996404030241483,-0.05107914083684306,True,0.10323744309342864,0.11115108767587922,-0.05107914083684306,True,0.0532374636763282,0.15863309238991197,-0.05107914083684306,True,20,True,True,True,False,True,False,6,2,STOP_BEFORE_TARGET,True,True,False,True,False,8,2,STOP_BEFORE_TARGET,2023-03-10,2023-03-14,2023-03-16,2023-03-23,2023-04-06
MU|2023-03-10T00:00:00|Long,MU,2023-03-10,Long,-0.018751115484698544,-0.0069179149099590775,-0.03950486021457589,True,-0.014563976563189085,0.008920405262101472,-0.03950486021457589,True,0.03149462101993317,0.05079193337023269,-0.03950486021457589,True,0.11341706731520462,0.12470414047086131,-0.03950486021457589,True,0.15182960324509698,0.17276529785264416,-0.03950486021457589,True,20,True,True,True,False,True,False,4,1,STOP_BEFORE_TARGET,True,True,False,True,False,5,1,STOP_BEFORE_TARGET,2023-03-13,2023-03-15,2023-03-17,2023-03-24,2023-04-10
MU|2023-03-13T00:00:00|Long,MU,2023-03-13,Long,0.00686454399648051,0.028200307978407224,-0.0037105891888227216,True,0.04953614273393603,0.05213353393403142,-0.018923941166753777,True,0.06938771350449513,0.07365486630088047,-0.018923941166753777,True,0.10927642343053523,0.14619660538663548,-0.018923941166753777,True,0.17940626892751532,0.1951761845130089,-0.018923941166753777,True,20,True,True,False,True,False,False,3,,TARGET_BEFORE_STOP,True,False,True,False,False,3,,TARGET_BEFORE_STOP,2023-03-14,2023-03-16,2023-03-20,2023-03-27,2023-04-11
MU|2023-03-14T00:00:00|Long,MU,2023-03-14,Long,-0.002579682853649401,0.0,-0.025612665891356023,True,0.04403905232152128,0.06357104724228746,-0.025612665891356023,True,0.08033905608209446,0.09673852875836775,-0.025612665891356023,True,0.09231616508705032,0.13838213116246334,-0.025612665891356023,True,0.14169888634318006,0.1870277800915261,-0.025612665891356023,True,20,True,True,True,False,True,False,2,1,STOP_BEFORE_TARGET,True,False,True,False,False,3,,TARGET_BEFORE_STOP,2023-03-15,2023-03-17,2023-03-21,2023-03-28,2023-04-12
MU|2023-03-15T00:00:00|Long,MU,2023-03-15,Long,0.04507664102275877,0.04766299585161371,-0.009606511130663464,True,0.06484386204087356,0.06909288361297561,-0.009606511130663464,True,0.07463508259950502,0.11601697127983335,-0.009606511130663464,True,0.17384074749178202,0.1900978551225505,-0.009606511130663464,True,0.1638647470322987,0.1900978551225505,-0.009606511130663464,True,20,True,True,False,True,False,False,1,,TARGET_BEFORE_STOP,True,False,True,False,False,2,,TARGET_BEFORE_STOP,2023-03-16,2023-03-20,2023-03-22,2023-03-29,2023-04-13
MU|2023-03-16T00:00:00|Long,MU,2023-03-16,Long,0.0015909519723069643,0.020328823264676776,-0.006186997984960474,True,0.036415085458794794,0.05214779527759772,-0.008661797178944664,True,0.08432031966583331,0.09209826962310097,-0.008661797178944664,True,0.11525544445707703,0.1387661042331474,-0.008661797178944664,True,0.1071239421244945,0.1387661042331474,-0.009899264209157321,True,20,True,True,False,True,False,False,3,,TARGET_BEFORE_STOP,True,False,True,False,False,3,,TARGET_BEFORE_STOP,2023-03-17,2023-03-21,2023-03-23,2023-03-30,2023-04-14
MU|2023-03-17T00:00:00|Long,MU,2023-03-17,Long,0.017296144455974494,0.021355437482019735,-0.010236463429569076,True,0.026650164588769787,0.0661842571496456,-0.010236463429569076,True,0.07942110857957463,0.09036355357700576,-0.010236463429569076,True,0.06494882306894079,0.13695725983817897,-0.010236463429569076,True,0.10377693406195432,0.13695725983817897,-0.011471964836381687,True,20,True,True,False,True,False,False,2,,TARGET_BEFORE_STOP,True,False,True,False,False,2,,TARGET_BEFORE_STOP,2023-03-20,2023-03-22,2023-03-24,2023-03-31,2023-04-17
MU|2023-03-20T00:00:00|Long,MU,2023-03-20,Long,0.01717560182078337,0.032616257599282106,-0.0006939784169138763,True,0.06419154757319334,0.0718251116149724,-0.0006939784169138763,True,0.037300512641313954,0.0718251116149724,-0.0006939784169138763,True,0.03417767594662591,0.11762662822849523,-0.0006939784169138763,True,0.07442749758768707,0.11762662822849523,-0.02827899176570714,True,20,True,True,True,True,False,False,1,12,TARGET_BEFORE_STOP,True,False,True,False,False,3,,TARGET_BEFORE_STOP,2023-03-21,2023-03-23,2023-03-27,2023-04-03,2023-04-18
MU|2023-03-21T00:00:00|Long,MU,2023-03-21,Long,-0.007845862029500883,0.030359862644875335,-0.009210317340775376,True,0.043151948374648086,0.053726721026698065,-0.009210317340775376,True,0.011086435260788896,0.053726721026698065,-0.013815476011163175,True,-0.023196325866880696,0.09875485238527237,-0.02865427723980407,True,0.034453358706524106,0.09875485238527237,-0.04468706632869002,True,20,True,True,True,True,False,False,1,10,TARGET_BEFORE_STOP,True,True,True,False,False,2,11,TARGET_BEFORE_STOP,2023-03-22,2023-03-24,2023-03-28,2023-04-04,2023-04-19
MU|2023-03-22T00:00:00|Long,MU,2023-03-22,Long,0.054495480203314184,0.06205949327807958,0.01650340260251948,True,0.027849455003883472,0.06205949327807958,0.01650340260251948,True,0.0923156767340052,0.10744370288353622,-0.006016821130105265,True,-0.01976960198351152,0.10744370288353622,-0.037132541093412796,True,0.05655838093671717,0.10744370288353622,-0.037132541093412796,True,20,True,True,True,True,False,False,1,9,TARGET_BEFORE_STOP,True,True,True,False,False,1,10,TARGET_BEFORE_STOP,2023-03-23,2023-03-27,2023-03-29,2023-04-05,2023-04-20
MU|2023-03-23T00:00:00|Long,MU,2023-03-23,Long,-0.0029344686131075326,0.0009781769341663527,-0.013694166131371532,True,-0.03358332846701351,0.0013041737228305372,-0.05738507416053806,True,0.028529507591241288,0.05021190102210138,-0.05738507416053806,True,-0.045321140730052445,0.05021190102210138,-0.08689275868594559,True,-0.0034235259854951128,0.05021190102210138,-0.08689275868594559,True,20,True,True,True,False,True,False,4,2,STOP_BEFORE_TARGET,True,True,False,True,False,4,2,STOP_BEFORE_TARGET,2023-03-24,2023-03-28,2023-03-30,2023-04-06,2023-04-21
MU|2023-03-24T00:00:00|Long,MU,2023-03-24,Long,-0.022400244200503128,0.004251117105655178,-0.03253763380365671,True,0.03891434064835009,0.05330278498473784,-0.054610859400275436,True,-0.01340745089715556,0.05330278498473784,-0.054610859400275436,True,0.034499683054542096,0.05330278498473784,-0.08420538814139356,True,-0.02697844228246382,0.05330278498473784,-0.08420538814139356,True,20,True,True,True,False,True,False,3,1,STOP_BEFORE_TARGET,True,True,False,True,False,3,1,STOP_BEFORE_TARGET,2023-03-27,2023-03-29,2023-03-31,2023-04-10,2023-04-24
MU|2023-03-27T00:00:00|Long,MU,2023-03-27,Long,-0.00852989008899685,0.0013379831933846287,-0.03294867353299402,True,0.055193162510949856,0.07743765148890591,-0.03294867353299402,True,-0.003010541937105704,0.07743765148890591,-0.03294867353299402,True,0.06322125307603432,0.07743765148890591,-0.06322131687762667,True,-0.027596613156271155,0.07743765148890591,-0.06322131687762667,True,20,True,True,True,False,True,False,2,1,STOP_BEFORE_TARGET,True,True,False,True,False,2,1,STOP_BEFORE_TARGET,2023-03-28,2023-03-30,2023-04-03,2023-04-11,2023-04-25
MU|2023-03-28T00:00:00|Long,MU,2023-03-28,Long,0.07186238569421577,0.0867071439860343,0.026821865474518036,True,0.01788126509984367,0.0867071439860343,0.010458885953934294,True,-0.03390685497509116,0.0867071439860343,-0.039304960599478966,True,0.04520918286711839,0.0867071439860343,-0.055161952177800955,True,0.029352255639291336,0.0867071439860343,-0.055161952177800955,True,20,True,True,True,True,False,False,1,4,TARGET_BEFORE_STOP,True,True,True,False,False,1,5,TARGET_BEFORE_STOP,2023-03-29,2023-03-31,2023-04-04,2023-04-12,2023-04-26
MU|2023-03-29T00:00:00|Long,MU,2023-03-29,Long,-0.0070821648796906,0.008813307373700452,-0.01668242615703175,True,-0.06185080655570785,0.008813307373700452,-0.08923515741179333,True,-0.10261253326753372,0.008813307373700452,-0.11850806555707849,True,-0.008498597855628676,0.01290525154247879,-0.11850806555707849,True,-0.025810503084957803,0.01290525154247879,-0.11850806555707849,True,20,True,False,True,False,True,False,,2,STOP_BEFORE_TARGET,False,True,False,True,False,,2,STOP_BEFORE_TARGET,2023-03-30,2023-04-03,2023-04-05,2023-04-13,2023-04-27
MU|2023-03-30T00:00:00|Long,MU,2023-03-30,Long,-0.04358852422489967,-0.022666037434097563,-0.05056266633370954,True,-0.09224916279518325,-0.022666037434097563,-0.09732127714056726,True,-0.07180216782914461,-0.022666037434097563,-0.11222066593645863,True,-0.007291156813442945,0.020129980261405667,-0.11222066593645863,True,0.020129980261405667,0.02139803907993776,-0.11222066593645863,True,20,True,False,True,False,True,False,,1,STOP_BEFORE_TARGET,False,True,False,True,False,,1,STOP_BEFORE_TARGET,2023-03-31,2023-04-04,2023-04-06,2023-04-14,2023-04-28
MU|2023-03-31T00:00:00|Long,MU,2023-03-31,Long,-0.012098103089000722,-0.008783539575018429,-0.040934723474593704,True,-0.05502153938396748,-0.00397748886078686,-0.07176005668055974,True,0.04855817530272444,0.05684455247765974,-0.07176005668055974,True,0.036460072213723604,0.06662248007288518,-0.07176005668055974,True,0.03331120842642221,0.06794833076649431,-0.07176005668055974,True,20,True,True,True,False,True,False,5,1,STOP_BEFORE_TARGET,True,True,False,True,False,5,1,STOP_BEFORE_TARGET,2023-04-03,2023-04-05,2023-04-10,2023-04-17,2023-05-01
MU|2023-04-03T00:00:00|Long,MU,2023-04-03,Long,-0.039255160688281165,0.008220061378164889,-0.044623382321358096,True,-0.01761448123317433,0.008220061378164889,-0.06039258936349012,True,0.06643179070501448,0.07851032137656233,-0.06039258936349012,True,0.03891963883693261,0.07968461585915732,-0.06039258936349012,True,0.038416388057034734,0.08102670326455153,-0.06039258936349012,True,20,True,True,True,False,True,False,4,1,STOP_BEFORE_TARGET,True,True,False,True,False,4,1,STOP_BEFORE_TARGET,2023-04-04,2023-04-06,2023-04-11,2023-04-18,2023-05-02
MU|2023-04-04T00:00:00|Long,MU,2023-04-04,Long,-0.004365287201008039,-0.002793781144285301,-0.022001084794118553,True,0.10476689282419271,0.11349746722620879,-0.022001084794118553,True,0.081892763911672,0.12379954768494761,-0.022001084794118553,True,0.059018701608147595,0.12379954768494761,-0.022001084794118553,True,0.06355857098923745,0.12519647156158875,-0.022001084794118553,True,20,True,True,True,False,True,False,2,1,STOP_BEFORE_TARGET,True,False,True,False,False,3,,TARGET_BEFORE_STOP,2023-04-05,2023-04-10,2023-04-12,2023-04-19,2023-05-03
MU|2023-04-05T00:00:00|Long,MU,2023-04-05,Long,0.027008083184216547,0.037355332357336346,-0.003858316712327725,True,0.11487196044328907,0.1274991301192423,-0.003858316712327725,True,0.10487547341683867,0.12872676418206686,-0.003858316712327725,True,0.07786739023262235,0.12872676418206686,-0.003858316712327725,True,0.0612065562215256,0.13012981276874558,-0.003858316712327725,True,20,True,True,False,True,False,False,1,,TARGET_BEFORE_STOP,True,False,True,False,False,2,,TARGET_BEFORE_STOP,2023-04-06,2023-04-11,2023-04-13,2023-04-20,2023-05-04
MU|2023-04-06T00:00:00|Long,MU,2023-04-06,Long,0.08043031034867543,0.088968561514565,0.04166664223853411,True,0.05806006884303749,0.09904370049598232,0.04166664223853411,True,0.06950135927900658,0.09904370049598232,0.03808059238286532,True,0.04388660578133763,0.09904370049598232,0.022370176363951222,True,0.045594229957840904,0.10040985195053431,-0.00905059053219004,True,20,True,True,False,True,False,False,1,,TARGET_BEFORE_STOP,True,False,True,False,False,1,,TARGET_BEFORE_STOP,2023-04-10,2023-04-12,2023-04-14,2023-04-21,2023-05-05
MU|2023-04-10T00:00:00|Long,MU,2023-04-10,Long,0.004741571596175609,0.016121391660880002,-0.003635206900146404,True,-0.004267432524264203,0.017227756356909207,-0.039197084309994135,True,-0.01153784632455701,0.017227756356909207,-0.039197084309994135,True,-0.059427882235285945,0.017227756356909207,-0.061956724439403255,True,-0.037932693354112534,0.018492207605144806,-0.08281968769645887,True,20,True,False,True,False,True,False,,2,STOP_BEFORE_TARGET,False,True,False,True,False,,3,STOP_BEFORE_TARGET,2023-04-11,2023-04-13,2023-04-17,2023-04-24,2023-05-08
MU|2023-04-11T00:00:00|Long,MU,2023-04-11,Long,-0.02532642155231357,0.012427260017615849,-0.027214087628463224,True,-0.014786827610847375,0.012427260017615849,-0.04373130081237386,True,-0.025798323069395335,0.012427260017615849,-0.04373130081237386,True,-0.08541765504551169,0.012427260017615849,-0.08714804061857506,True,-0.041529013722228836,0.01368574407359735,-0.08714804061857506,True,20,True,False,True,False,True,False,,1,STOP_BEFORE_TARGET,False,True,False,True,False,,2,STOP_BEFORE_TARGET,2023-04-12,2023-04-14,2023-04-18,2023-04-25,2023-05-09
MU|2023-04-12T00:00:00|Long,MU,2023-04-12,Long,0.016785037619343246,0.02275661504593951,-0.01888312114643842,True,0.009360907676321029,0.02275661504593951,-0.01888312114643842,True,-0.021142633601523686,0.024047800201472125,-0.025500291150801102,True,-0.015171056174927422,0.024047800201472125,-0.0634280239387649,True,-0.031794664866280575,0.040025877882155836,-0.0634280239387649,True,20,True,True,True,False,True,False,12,5,STOP_BEFORE_TARGET,False,True,False,True,False,,6,STOP_BEFORE_TARGET,2023-04-13,2023-04-17,2023-04-19,2023-04-26,2023-05-10
MU|2023-04-13T00:00:00|Long,MU,2023-04-13,Long,-0.005872998918805772,0.003492082868303603,-0.019523802257719547,True,-0.01698412214006695,0.007142869253007111,-0.02412699139307417,True,-0.024444458976624506,0.007142869253007111,-0.0496825566367497,True,-0.01746029324001741,0.007142869253007111,-0.07888890826512895,True,-0.022063482375372034,0.022857181609623023,-0.07888890826512895,True,20,True,False,True,False,True,False,,3,STOP_BEFORE_TARGET,False,True,False,True,False,,4,STOP_BEFORE_TARGET,2023-04-14,2023-04-18,2023-04-20,2023-04-27,2023-05-11
MU|2023-04-14T00:00:00|Long,MU,2023-04-14,Long,-0.0014370134289157788,0.0022353406875432746,-0.010378437087554482,True,-0.031614234527681306,0.013092761948581222,-0.03592527481442864,True,-0.023950183209619058,0.013092761948581222,-0.04406837121443985,True,0.02762253732607811,0.028899909666654677,-0.07344726505457799,True,-0.027303255149399686,0.028899909666654677,-0.07344726505457799,True,20,True,False,True,False,True,False,,3,STOP_BEFORE_TARGET,False,True,False,True,False,,3,STOP_BEFORE_TARGET,2023-04-17,2023-04-19,2023-04-21,2023-04-28,2023-05-12
MU|2023-04-17T00:00:00|Long,MU,2023-04-17,Long,-0.009753767211732045,0.014550684907108424,-0.01694917425285547,True,-0.01726897689869633,0.014550684907108424,-0.042692707779920624,True,-0.048449033412819364,0.014550684907108424,-0.051007393583427985,True,-0.0030380946374286566,0.03038058039758007,-0.07211388023997822,True,0.03357848486375237,0.037256184792862745,-0.07211388023997822,True,20,True,True,True,False,True,False,9,2,STOP_BEFORE_TARGET,False,True,False,True,False,,2,STOP_BEFORE_TARGET,2023-04-18,2023-04-20,2023-04-24,2023-05-01,2023-05-15
MU|2023-04-18T00:00:00|Long,MU,2023-04-18,Long,-0.020668476876947506,-0.011626049041742914,-0.025028245267601057,True,-0.012917798048092122,0.0003229526508172764,-0.03326338387114225,True,-0.06119814139917901,0.0003229526508172764,-0.06297435018021413,True,-0.0004843981777660211,0.0405296645222315,-0.06297435018021413,True,0.029065061007437443,0.053124509919506346,-0.06297435018021413,True,20,True,True,True,False,True,False,8,1,STOP_BEFORE_TARGET,True,True,False,True,False,20,2,STOP_BEFORE_TARGET,2023-04-19,2023-04-21,2023-04-25,2023-05-02,2023-05-16
MU|2023-04-19T00:00:00|Long,MU,2023-04-19,Long,0.013355276804867477,0.021434446897842907,-0.01286071845622827,True,-0.018796424990348504,0.021434446897842907,-0.021434509794746037,True,0.006100559317000043,0.021434446897842907,-0.04319872515525158,True,0.004286864220807374,0.06248970849423929,-0.04319872515525158,True,0.07040390001052899,0.07699914346997438,-0.04319872515525158,True,20,True,True,True,False,True,False,7,3,STOP_BEFORE_TARGET,True,True,False,True,False,7,4,STOP_BEFORE_TARGET,2023-04-20,2023-04-24,2023-04-26,2023-05-03,2023-05-17
MU|2023-04-20T00:00:00|Long,MU,2023-04-20,Long,-0.0053693137206829444,-0.000162680144519034,-0.011877636724871965,True,-0.05401886990367677,-0.000162680144519034,-0.05580866183322708,True,0.007159167718201465,0.008135372721252088,-0.05580866183322708,True,-0.015457220583972697,0.04848687603847468,-0.05580866183322708,True,0.09941426458457592,0.11601037031611838,-0.05580866183322708,True,20,True,True,True,False,True,False,6,2,STOP_BEFORE_TARGET,True,True,False,True,False,17,2,STOP_BEFORE_TARGET,2023-04-21,2023-04-25,2023-04-27,2023-05-04,2023-05-18
MU|2023-04-21T00:00:00|Long,MU,2023-04-21,Long,-0.026500944189039255,-0.004089644947354643,-0.02911831445922497,True,-0.001799453761320735,0.0008179165088650908,-0.05071163478901508,True,0.05283820523145821,0.05414692156806589,-0.05071163478901508,True,0.0016358330177299596,0.05414692156806589,-0.05071163478901508,True,0.11516435429120353,0.12203492784930514,-0.05071163478901508,True,20,True,True,True,False,True,False,5,1,STOP_BEFORE_TARGET,True,True,False,True,False,5,2,STOP_BEFORE_TARGET,2023-04-24,2023-04-26,2023-04-28,2023-05-05,2023-05-19
MU|2023-04-24T00:00:00|Long,MU,2023-04-24,Long,-0.023021323651912118,-0.002856632057470554,-0.024869762795822536,True,0.04016137240388562,0.041169565317445755,-0.024869762795822536,True,0.04772307566273715,0.08284329119345935,-0.024869762795822536,True,0.02285331286691461,0.08284329119345935,-0.024869762795822536,True,0.11292228574923024,0.15257936939097339,-0.024869762795822536,True,20,True,True,True,False,True,False,3,1,STOP_BEFORE_TARGET,True,False,True,False,False,4,,TARGET_BEFORE_STOP,2023-04-25,2023-04-27,2023-05-01,2023-05-08,2023-05-22
MU|2023-04-25T00:00:00|Long,MU,2023-04-25,Long,0.04953562260662836,0.052287597995203994,0.02063984822045084,True,0.10698316625387805,0.10835918675430012,0.02063984822045084,True,0.06467152004992838,0.10835918675430012,0.02063984822045084,True,0.04798763234978787,0.10835918675430012,0.02063984822045084,True,0.13536296575853157,0.179738511488577,0.02063984822045084,True,20,True,True,False,True,False,False,1,,TARGET_BEFORE_STOP,True,False,True,False,False,1,,TARGET_BEFORE_STOP,2023-04-26,2023-04-28,2023-05-02,2023-05-09,2023-05-23
MU|2023-04-26T00:00:00|Long,MU,2023-04-26,Long,0.014421518543323186,0.015404762695136798,-0.014585371730117758,True,0.02179609974401764,0.056047229727731684,-0.014585371730117758,True,-0.0018026976323558541,0.056047229727731684,-0.014585371730117758,True,-0.016879691438380307,0.056047229727731684,-0.024090481967803612,True,0.0902982346803991,0.12405761755715972,-0.024090481967803612,True,20,True,True,True,True,False,False,2,9,TARGET_BEFORE_STOP,True,False,True,False,False,2,,TARGET_BEFORE_STOP,2023-04-27,2023-05-01,2023-05-03,2023-05-10,2023-05-24
MU|2023-04-27T00:00:00|Long,MU,2023-04-27,Long,0.03974150280827038,0.041033939465501046,0.00646199840583872,True,0.0,0.041033939465501046,-0.010500832146299044,True,-0.022455624718596745,0.041033939465501046,-0.03231017690950866,True,-0.004684990442303971,0.041033939465501046,-0.03796449484473563,True,0.12455571719573055,0.12891753684695506,-0.03796449484473563,True,20,True,True,True,True,False,False,1,5,TARGET_BEFORE_STOP,True,True,False,True,False,13,5,STOP_BEFORE_TARGET,2023-04-28,2023-05-02,2023-05-04,2023-05-11,2023-05-25
MU|2023-04-28T00:00:00|Long,MU,2023-04-28,Long,-0.031230610894481314,-0.004039809412131223,-0.03185206988221856,True,-0.053604734776596,-0.004039809412131223,-0.055003121223680895,True,-0.04863270724723723,-0.004039809412131223,-0.06929768555277671,True,-0.053449384847472525,-0.004039809412131223,-0.07473588141199272,True,0.1486948353646378,0.1589495902816025,-0.07473588141199272,True,20,True,True,True,False,True,False,14,1,STOP_BEFORE_TARGET,True,True,False,True,False,14,1,STOP_BEFORE_TARGET,2023-05-01,2023-05-03,2023-05-05,2023-05-12,2023-05-26
MU|2023-05-01T00:00:00|Long,MU,2023-05-01,Long,-0.007217272802804708,0.0036889071782264526,-0.017642317578847377,True,-0.029510829151849882,0.0036889071782264526,-0.039294258351250444,True,-0.02373696196401054,0.0036889071782264526,-0.039294258351250444,True,0.03672816313664917,0.040417070314875625,-0.044907767531425224,True,0.14979958614051614,0.19919805088849096,-0.044907767531425224,True,20,True,True,True,False,True,False,10,2,STOP_BEFORE_TARGET,True,True,False,True,False,13,3,STOP_BEFORE_TARGET,2023-05-02,2023-05-04,2023-05-08,2023-05-15,2023-05-30
MU|2023-05-02T00:00:00|Long,MU,2023-05-02,Long,-0.01599356468598634,0.004523405046764184,-0.017447525111985107,True,-0.01082394131060671,0.004523405046764184,-0.03231017690950866,True,-0.015670455521678672,0.004523405046764184,-0.03796449484473563,True,0.029563779826279113,0.053634888739642506,-0.03796449484473563,True,0.10177698331282592,0.20791590953041994,-0.03796449484473563,True,20,True,True,True,False,True,False,9,2,STOP_BEFORE_TARGET,True,True,False,True,False,10,2,STOP_BEFORE_TARGET,2023-05-03,2023-05-05,2023-05-09,2023-05-16,2023-05-31
MU|2023-05-03T00:00:00|Long,MU,2023-05-03,Long,-0.006567091231012401,0.0008208707467707299,-0.016581814547092177,True,-0.0006567216487859406,0.013626692384402395,-0.016581814547092177,True,-0.015104222151535618,0.02298475668011979,-0.02232803503133396,True,0.06583481089441467,0.07240190212542696,-0.02232803503133396,True,0.13429644575554955,0.22754879051675392,-0.02232803503133396,True,20,True,True,True,False,True,False,8,4,STOP_BEFORE_TARGET,True,False,True,False,False,8,,TARGET_BEFORE_STOP,2023-05-04,2023-05-08,2023-05-10,2023-05-17,2023-06-01
MU|2023-05-04T00:00:00|Long,MU,2023-05-04,Long,0.011898880196248518,0.02032727468273432,-0.006610439964915615,True,0.006941034461954709,0.02032727468273432,-0.01586513156671221,True,0.018178851748982927,0.029747200490621406,-0.01586513156671221,True,0.11667495569535702,0.13353161858347073,-0.01586513156671221,True,0.14311684163987737,0.2356635054881271,-0.01586513156671221,True,20,True,True,False,True,False,False,7,,TARGET_BEFORE_STOP,True,False,True,False,False,7,,TARGET_BEFORE_STOP,2023-05-05,2023-05-09,2023-05-11,2023-05-18,2023-06-02
MU|2023-05-05T00:00:00|Long,MU,2023-05-05,Long,-0.0058794808597578685,0.0019598061862142746,-0.015025284596167587,True,-0.02025147596014898,0.017638442579273717,-0.027437535811459912,True,-0.005062900140594961,0.017638442579273717,-0.027437535811459912,True,0.11334311087037952,0.12020246367268683,-0.027437535811459912,True,0.10681034051484528,0.2211333856288895,-0.027437535811459912,True,20,True,True,True,False,True,False,6,2,STOP_BEFORE_TARGET,True,False,True,False,False,6,,TARGET_BEFORE_STOP,2023-05-08,2023-05-10,2023-05-12,2023-05-19,2023-06-05
MU|2023-05-08T00:00:00|Long,MU,2023-05-08,Long,0.0009857298232938128,0.008542803793138987,-0.021685554755822123,True,0.012157083808969293,0.023657014402409526,-0.021685554755822123,True,0.06193528049807284,0.0657138801525754,-0.021685554755822123,True,0.08805658812392658,0.12682762512686674,-0.021685554755822123,True,0.10957782324107646,0.22835547815166102,-0.021685554755822123,True,20,True,True,True,False,True,False,5,1,STOP_BEFORE_TARGET,True,False,True,False,False,5,,TARGET_BEFORE_STOP,2023-05-09,2023-05-11,2023-05-15,2023-05-22,2023-06-06
MU|2023-05-09T00:00:00|Long,MU,2023-05-09,Long,-0.01542751718366786,0.02264895882493545,-0.01870998496534715,True,-0.00016415782341006047,0.02264895882493545,-0.01870998496534715,True,0.045954361119914466,0.0704086803551669,-0.01870998496534715,True,0.08337439365847432,0.1257179713498895,-0.01870998496534715,True,0.1006072086445935,0.22714584389580206,-0.01870998496534715,True,20,True,True,False,True,False,False,4,,TARGET_BEFORE_STOP,True,False,True,False,False,4,,TARGET_BEFORE_STOP,2023-05-10,2023-05-12,2023-05-16,2023-05-23,2023-06-07
MU|2023-05-10T00:00:00|Long,MU,2023-05-10,Long,0.02700448218967555,0.03033838379567011,0.0013335224890673736,True,0.07751287849773036,0.08134690667739886,0.0013335224890673736,True,0.0821803025927923,0.0888481058047812,0.0013335224890673736,True,0.1090181183171659,0.14335713316892207,0.0013335224890673736,True,0.0888481058047812,0.24637430490195888,0.0013335224890673736,True,20,True,True,False,True,False,False,1,,TARGET_BEFORE_STOP,True,False,True,False,False,3,,TARGET_BEFORE_STOP,2023-05-11,2023-05-15,2023-05-17,2023-05-24,2023-06-08
MU|2023-05-11T00:00:00|Long,MU,2023-05-11,Long,-0.01119952011963321,0.00941402386968937,-0.023697436617576506,True,0.03440998069927903,0.058594393354786334,-0.023697436617576506,True,0.09673752678832592,0.11329322607353287,-0.023697436617576506,True,0.12984904919244333,0.13423140011585888,-0.023697436617576506,True,0.062002916036043576,0.2136016215280434,-0.023697436617576506,True,20,True,True,True,False,True,False,2,1,STOP_BEFORE_TARGET,True,False,True,False,False,2,,TARGET_BEFORE_STOP,2023-05-12,2023-05-16,2023-05-18,2023-05-25,2023-06-09
MU|2023-05-12T00:00:00|Long,MU,2023-05-12,Long,0.06106371195853777,0.06483921038018492,0.01444519196594185,True,0.06565988378573273,0.07222589721156392,0.01444519196594185,True,0.11900853936164069,0.1259027971024329,0.01444519196594185,True,0.2135588070792569,0.224392622781032,0.01444519196594185,True,0.10718974024240224,0.22734732256084156,0.01444519196594185,True,20,True,True,False,True,False,False,1,,TARGET_BEFORE_STOP,True,False,True,False,False,1,,TARGET_BEFORE_STOP,2023-05-15,2023-05-17,2023-05-19,2023-05-26,2023-06-12
MU|2023-05-15T00:00:00|Long,MU,2023-05-15,Long,-0.014077968069378444,0.008972800688911597,-0.02073020057612318,True,0.04532797544619083,0.06110762663272462,-0.02073020057612318,True,0.024597833884568043,0.06110762663272462,-0.02073020057612318,True,0.10906564230083848,0.1567140679001957,-0.02073020057612318,True,0.04996911181052477,0.1567140679001957,-0.02073020057612318,True,20,True,True,True,False,True,False,3,1,STOP_BEFORE_TARGET,True,False,True,False,False,3,,TARGET_BEFORE_STOP,2023-05-16,2023-05-18,2023-05-22,2023-05-30,2023-06-13
MU|2023-05-16T00:00:00|Long,MU,2023-05-16,Long,0.018672503299177468,0.024949006182467315,-0.0045504615975267,True,0.0696688946901125,0.07625916884611605,-0.0045504615975267,True,0.03577597066328386,0.07625916884611605,-0.0045504615975267,True,0.07013961145635061,0.17323077326422154,-0.0045504615975267,True,0.08457560400221786,0.17323077326422154,-0.0045504615975267,True,20,True,True,False,True,False,False,2,,TARGET_BEFORE_STOP,True,False,True,False,False,2,,TARGET_BEFORE_STOP,2023-05-17,2023-05-19,2023-05-23,2023-05-31,2023-06-14
MU|2023-05-17T00:00:00|Long,MU,2023-05-17,Long,0.040819494772360354,0.05653108860839229,0.0024646282597389213,True,0.020178761936794576,0.05653108860839229,-0.002464510739795145,True,0.02479976364388925,0.05653108860839229,-0.002464510739795145,True,0.06423287564016045,0.1517251810218454,-0.002464510739795145,True,0.060073962351780974,0.1517251810218454,-0.014017191287447384,True,20,True,True,False,True,False,False,1,,TARGET_BEFORE_STOP,True,False,True,False,False,1,,TARGET_BEFORE_STOP,2023-05-18,2023-05-22,2023-05-24,2023-06-01,2023-06-15
MU|2023-05-18T00:00:00|Long,MU,2023-05-18,Long,0.008879657789417683,0.012135558658098233,-0.01687138367318597,True,-0.02308713283468078,0.012135558658098233,-0.041586466942207134,True,0.03019092681279978,0.034186733299196526,-0.041586466942207134,True,0.02367912507543868,0.10655611929496134,-0.041586466942207134,True,0.001332010769448777,0.10655611929496134,-0.05268606740672288,True,20,True,True,True,False,True,False,5,2,STOP_BEFORE_TARGET,True,True,False,True,False,6,2,STOP_BEFORE_TARGET,2023-05-19,2023-05-23,2023-05-25,2023-06-02,2023-06-16
MU|2023-05-19T00:00:00|Long,MU,2023-05-19,Long,-0.02845819076016165,-0.02083025094743496,-0.05002194696065376,True,-0.02405749499338461,-0.008948226884791799,-0.05002194696065376,True,0.08449467934494415,0.09417629956560458,-0.05002194696065376,True,-0.005867706272891238,0.09681676179254617,-0.05002194696065376,True,-0.018629847105452235,0.09681676179254617,-0.061023854253379195,True,20,True,True,True,False,True,False,5,1,STOP_BEFORE_TARGET,True,True,False,True,False,5,1,STOP_BEFORE_TARGET,2023-05-22,2023-05-24,2023-05-26,2023-06-05,2023-06-20
MU|2023-05-22T00:00:00|Long,MU,2023-05-22,Long,-0.003321775774605795,0.020081445481625826,-0.00785149095733062,True,0.05103423044087951,0.05511088194897784,-0.020383603126818972,True,0.08243996387931718,0.12894447913747187,-0.020383603126818972,True,0.019779518227317272,0.12894447913747187,-0.020383603126818972,True,-0.006492530324336276,0.12894447913747187,-0.03351956980492454,True,20,True,True,True,False,True,False,3,2,STOP_BEFORE_TARGET,True,True,True,False,False,3,12,TARGET_BEFORE_STOP,2023-05-23,2023-05-25,2023-05-30,2023-06-06,2023-06-21
MU|2023-05-23T00:00:00|Long,MU,2023-05-23,Long,0.007877543194033665,0.010907456406639593,-0.01711869180795378,True,0.11998178931429426,0.1299802139674664,-0.01711869180795378,True,0.033176711727596064,0.1327070780691264,-0.01711869180795378,True,0.015906610943540178,0.1327070780691264,-0.01711869180795378,True,0.003635780275756284,0.1327070780691264,-0.03029843864983417,True,20,True,True,True,True,False,False,2,11,TARGET_BEFORE_STOP,True,True,True,False,False,2,11,TARGET_BEFORE_STOP,2023-05-24,2023-05-26,2023-05-31,2023-06-07,2023-06-22
MU|2023-05-24T00:00:00|Long,MU,2023-05-24,Long,0.04629493292600406,0.050353202098112115,0.0147302476313671,True,0.07755905240922822,0.12385387065922648,0.0147302476313671,True,0.038478845717195176,0.12385387065922648,0.0147302476313671,True,-0.018187270504643194,0.12385387065922648,-0.03787759941836333,True,-0.018788516803475153,0.12385387065922648,-0.03787759941836333,True,20,True,True,True,True,False,False,1,10,TARGET_BEFORE_STOP,True,True,True,False,False,1,10,TARGET_BEFORE_STOP,2023-05-25,2023-05-30,2023-06-01,2023-06-08,2023-06-23
MU|2023-05-25T00:00:00|Long,MU,2023-05-25,Long,0.062060043915324936,0.07154138319025516,0.002729527937656684,True,-0.02025576281778818,0.07412722292014329,-0.024278155819394298,True,-0.006320965917946286,0.07412722292014329,-0.024278155819394298,True,-0.06004884741452199,0.07412722292014329,-0.08044818883808957,True,-0.05976158060097403,0.07412722292014329,-0.08044818883808957,True,20,True,True,True,True,False,False,1,3,TARGET_BEFORE_STOP,True,True,True,False,False,1,6,TARGET_BEFORE_STOP,2023-05-26,2023-05-31,2023-06-02,2023-06-09,2023-06-26
MU|2023-05-26T00:00:00|Long,MU,2023-05-26,Long,-0.030298902401231453,0.011362049701382437,-0.03178680460463312,True,-0.06546738735704172,0.011362049701382437,-0.08129314366862939,True,-0.08332211060031769,0.011362049701382437,-0.08683887653786271,True,-0.08765052522906502,0.011362049701382437,-0.13418095668871277,True,-0.09657783525193053,0.011362049701382437,-0.13715676109551622,True,20,True,False,True,False,True,False,,1,STOP_BEFORE_TARGET,False,True,False,True,False,,1,STOP_BEFORE_TARGET,2023-05-30,2023-06-01,2023-06-05,2023-06-12,2023-06-27
MU|2023-05-30T00:00:00|Long,MU,2023-05-30,Long,-0.04868189948823787,-0.02566611667769203,-0.0525875874469699,True,-0.03515140447261933,-0.015901790358846535,-0.0525875874469699,True,-0.05788814875924697,-0.015901790358846535,-0.06793140717999535,True,-0.053284970912734764,-0.015901790358846535,-0.10712791245129061,True,-0.0644441705851253,-0.015901790358846535,-0.11019669768229878,True,20,True,False,True,False,True,False,,1,STOP_BEFORE_TARGET,False,True,False,True,False,,1,STOP_BEFORE_TARGET,2023-05-31,2023-06-02,2023-06-06,2023-06-13,2023-06-28
MU|2023-05-31T00:00:00|Long,MU,2023-05-31,Long,0.013049845006941396,0.02331384220576771,-0.0014662533518438048,True,-0.006304990094092133,0.03445756904210828,-0.010117226435293891,True,-0.016715534320530745,0.03445756904210828,-0.02023456473854779,True,0.013489821693658532,0.03445756904210828,-0.06143687682554522,True,-0.056744798978869304,0.03445756904210828,-0.0681817876723746,True,20,True,True,True,True,False,False,2,4,TARGET_BEFORE_STOP,False,True,False,True,False,,6,STOP_BEFORE_TARGET,2023-06-01,2023-06-05,2023-06-07,2023-06-14,2023-06-29
MU|2023-06-01T00:00:00|Long,MU,2023-06-01,Long,0.0011579365363318939,0.021131955293888005,-0.011579034082601969,True,-0.02243444065017597,0.021131955293888005,-0.032855648623351885,True,-0.054566461758499885,0.021131955293888005,-0.0735272032265859,True,-0.003907897776488034,0.021131955293888005,-0.0735272032265859,True,-0.08655371319305583,0.021131955293888005,-0.0895932137807478,True,20,True,False,True,False,True,False,,2,STOP_BEFORE_TARGET,False,True,False,True,False,,3,STOP_BEFORE_TARGET,2023-06-02,2023-06-06,2023-06-08,2023-06-15,2023-06-30
MU|2023-06-02T00:00:00|Long,MU,2023-06-02,Long,-0.02024001102991868,0.004770881014752426,-0.02399878670894806,True,-0.03050456362884324,0.004770881014752426,-0.03397424513994207,True,-0.05406965393630225,0.004770881014752426,-0.07459875913415137,True,-0.02183019440231626,0.019228015993381975,-0.07459875913415137,True,-0.07618905280573551,0.019228015993381975,-0.09064618778436506,True,20,True,False,True,False,True,False,,1,STOP_BEFORE_TARGET,False,True,False,True,False,,2,STOP_BEFORE_TARGET,2023-06-05,2023-06-07,2023-06-09,2023-06-16,2023-07-03
MU|2023-06-05T00:00:00|Long,MU,2023-06-05,Long,-0.0033937692036553058,0.015788693342567717,-0.01401795772907688,True,-0.03615164629778467,0.015788693342567717,-0.05548169828957228,True,-0.004721849058213823,0.015788693342567717,-0.05548169828957228,True,-0.012837467320082951,0.04028336272926314,-0.05548169828957228,True,-0.08425550468666854,0.04028336272926314,-0.08484574989116545,True,20,True,True,True,False,True,False,9,3,STOP_BEFORE_TARGET,False,True,False,True,False,,3,STOP_BEFORE_TARGET,2023-06-06,2023-06-08,2023-06-12,2023-06-20,2023-07-05
MU|2023-06-06T00:00:00|Long,MU,2023-06-06,Long,-0.0071069492216018215,0.016730785284283067,-0.008883601806157992,True,-0.03124075483787081,0.016730785284283067,-0.052265305470040824,True,0.004886020529780932,0.019840040268382042,-0.052265305470040824,True,-0.025762479126196003,0.04382586681002176,-0.052265305470040824,True,-0.09342613692266555,0.04382586681002176,-0.10423453982969755,True,20,True,True,True,False,True,False,8,2,STOP_BEFORE_TARGET,False,True,False,True,False,,2,STOP_BEFORE_TARGET,2023-06-07,2023-06-09,2023-06-13,2023-06-21,2023-07-06
MU|2023-06-07T00:00:00|Long,MU,2023-06-07,Long,-0.02594688230116926,-0.008052504252710646,-0.04548159161053267,True,0.00581567855423315,0.007157819481192096,-0.04548159161053267,True,0.03071883780175133,0.03206086495902927,-0.04548159161053267,True,-0.012078699494225464,0.05129738393444683,-0.04548159161053267,True,-0.09558598666983398,0.05129738393444683,-0.09782281236831158,True,20,True,True,True,False,True,False,5,1,STOP_BEFORE_TARGET,True,True,False,True,False,7,1,STOP_BEFORE_TARGET,2023-06-08,2023-06-12,2023-06-14,2023-06-22,2023-07-07
MU|2023-06-08T00:00:00|Long,MU,2023-06-08,Long,0.0016840264982469488,0.016534014637177963,-0.013012836468038858,True,0.039038626204400684,0.05450088143334497,-0.013012836468038858,True,0.05358236399804106,0.06429879007753558,-0.013012836468038858,True,-0.0006123838902973855,0.07930190338911203,-0.013012836468038858,True,-0.04347826340870187,0.07930190338911203,-0.07379056517671945,True,20,True,True,True,True,False,False,2,12,TARGET_BEFORE_STOP,True,True,True,False,False,3,15,TARGET_BEFORE_STOP,2023-06-09,2023-06-13,2023-06-15,2023-06-23,2023-07-10
MU|2023-06-09T00:00:00|Long,MU,2023-06-09,Long,0.030872636919529572,0.032248213365584366,0.0055020725763788025,True,0.0563961856059223,0.05777164544805702,0.0055020725763788025,True,0.034082276425684066,0.07748738607942762,0.0055020725763788025,True,0.0003056188747232458,0.07748738607942762,-0.00901733095725643,True,-0.027968849495938697,0.07748738607942762,-0.07534770414460468,True,20,True,True,True,True,False,False,1,11,TARGET_BEFORE_STOP,True,True,True,False,False,2,14,TARGET_BEFORE_STOP,2023-06-12,2023-06-14,2023-06-16,2023-06-26,2023-07-11
MU|2023-06-12T00:00:00|Long,MU,2023-06-12,Long,0.0062269209391090374,0.021200895031516342,0.002223892255977633,True,0.02031138337386884,0.030689396419285808,0.0010378013045417855,True,-0.008154120789439334,0.04521872779472824,-0.0249073444208594,True,-0.009784967569698932,0.04521872779472824,-0.05426236024181508,True,-0.05426236024181508,0.04521872779472824,-0.1030392477789921,True,20,True,True,True,True,False,False,3,4,TARGET_BEFORE_STOP,False,True,False,True,False,,6,STOP_BEFORE_TARGET,2023-06-13,2023-06-15,2023-06-20,2023-06-27,2023-07-12
MU|2023-06-13T00:00:00|Long,MU,2023-06-13,Long,0.018417562242738494,0.019743572766513617,-0.005157007357469934,True,-0.0030941369673546104,0.03875051049044509,-0.026668706567562817,True,-0.030499478577499572,0.03875051049044509,-0.0372772404052808,True,-0.011787284800104159,0.03875051049044509,-0.060114950139149026,True,-0.049211784766774014,0.03875051049044509,-0.10858998745146198,True,20,True,True,True,,,False,3,3,AMBIGUOUS,False,True,False,True,False,,4,STOP_BEFORE_TARGET,2023-06-14,2023-06-16,2023-06-21,2023-06-28,2023-07-13
MU|2023-06-14T00:00:00|Long,MU,2023-06-14,Long,-0.0043403217568975805,0.005786948503906819,-0.010995400839564518,True,-0.032118071939933546,0.01996523724800059,-0.048466521562476106,True,-0.04152202882723344,0.01996523724800059,-0.054687590545246745,True,-0.06929977901026929,0.01996523724800059,-0.08058453831292589,True,-0.07291667701469484,0.01996523724800059,-0.12471068292902066,True,20,True,False,True,False,True,False,,2,STOP_BEFORE_TARGET,False,True,False,True,False,,2,STOP_BEFORE_TARGET,2023-06-15,2023-06-20,2023-06-22,2023-06-29,2023-07-14
MU|2023-06-15T00:00:00|Long,MU,2023-06-15,Long,-0.01685550767013566,0.024411512825132098,-0.04010465196846025,True,-0.04388254368582234,0.024411512825132098,-0.050566744730679125,True,-0.051438548840818665,0.024411512825132098,-0.05783207460887163,True,-0.08297005390574119,0.024411512825132098,-0.08602147915136571,True,-0.053182157061097746,0.024411512825132098,-0.12089508473871646,True,20,True,False,True,False,True,False,,1,STOP_BEFORE_TARGET,False,True,False,True,False,,1,STOP_BEFORE_TARGET,2023-06-16,2023-06-21,2023-06-23,2023-06-30,2023-07-17
MU|2023-06-16T00:00:00|Long,MU,2023-06-16,Long,-0.011232664722069519,-0.0005912047496643424,-0.027933888807951668,True,-0.020839544572756163,-0.0005912047496643424,-0.03428919891587279,True,-0.032663414044490025,-0.0005912047496643424,-0.04167908914551233,True,-0.05557200609990698,0.004286037103707896,-0.07035178655918606,True,-0.040201020890963446,0.004286037103707896,-0.10582328221361126,True,20,True,False,True,False,True,False,,1,STOP_BEFORE_TARGET,False,True,False,True,False,,2,STOP_BEFORE_TARGET,2023-06-20,2023-06-22,2023-06-26,2023-07-03,2023-07-18
MU|2023-06-20T00:00:00|Long,MU,2023-06-20,Long,-0.016442428236650763,0.004484236405394304,-0.023318462666773287,True,-0.024215287139498276,0.004484236405394304,-0.030792304050866304,True,-0.0016442542278419792,0.004484236405394304,-0.04648730253240008,True,-0.07234678687885587,0.015694998481533773,-0.07294470787459562,True,-0.028998541063647076,0.015694998481533773,-0.09566519252474448,True,20,True,False,True,False,True,False,,1,STOP_BEFORE_TARGET,False,True,False,True,False,,3,STOP_BEFORE_TARGET,2023-06-21,2023-06-23,2023-06-27,2023-07-05,2023-07-19
MU|2023-06-21T00:00:00|Long,MU,2023-06-21,Long,0.006838859078596382,0.013069917484275662,-0.004407308542208277,True,-0.005319241448063616,0.013677718157192986,-0.014589767011288002,True,0.019300859941715043,0.0293313102684456,-0.0305471435107596,True,-0.0694529376530082,0.03267467776244937,-0.08054715510558363,True,-0.016869309405326938,0.03267467776244937,-0.08054715510558363,True,20,True,True,True,False,True,False,6,4,STOP_BEFORE_TARGET,False,True,False,True,False,,4,STOP_BEFORE_TARGET,2023-06-22,2023-06-26,2023-06-28,2023-07-06,2023-07-20
MU|2023-06-22T00:00:00|Long,MU,2023-06-22,Long,-0.014641527859669767,-0.004377372309846694,-0.021283074145047154,True,0.008150957215507182,0.008905605100235858,-0.03713206165241745,True,-0.028981104436910377,0.025660331294221628,-0.0407547284971993,True,-0.08452827885465797,0.025660331294221628,-0.08679245283018866,True,-0.009056580741450437,0.025660331294221628,-0.08679245283018866,True,20,True,False,True,False,True,False,,1,STOP_BEFORE_TARGET,False,True,False,True,False,,3,STOP_BEFORE_TARGET,2023-06-23,2023-06-27,2023-06-29,2023-07-07,2023-07-21
MU|2023-06-23T00:00:00|Long,MU,2023-06-23,Long,0.0026041386661181942,0.021752423337906945,0.001991496403852988,True,0.02742035767462414,0.03753070807981884,-0.022824722604652847,True,-0.03324139414098015,0.0409007080096957,-0.03645829194121808,True,-0.042892145977621365,0.0409007080096957,-0.07322302188542351,True,0.003063795670599001,0.0409007080096957,-0.07322302188542351,True,20,True,True,True,False,True,False,3,2,STOP_BEFORE_TARGET,False,True,False,True,False,,5,STOP_BEFORE_TARGET,2023-06-26,2023-06-28,2023-06-30,2023-07-10,2023-07-24
MU|2023-06-26T00:00:00|Long,MU,2023-06-26,Long,0.02047370557320005,0.021237577608256286,-0.0253628129887854,True,-0.01711222565943271,0.03819709880165467,-0.02902976011876912,True,-0.023682131316049015,0.03819709880165467,-0.038960970836710906,True,-0.02826582979956549,0.03819709880165467,-0.07563020899995831,True,0.003514184379801888,0.03819709880165467,-0.07563020899995831,True,20,True,True,True,False,True,False,2,1,STOP_BEFORE_TARGET,False,True,False,True,False,,4,STOP_BEFORE_TARGET,2023-06-27,2023-06-29,2023-07-03,2023-07-11,2023-07-25
MU|2023-06-27T00:00:00|Long,MU,2023-06-27,Long,0.0041922260137561285,0.014073999528688708,-0.02096124429837276,True,-0.05509807238706377,0.017367809804074597,-0.05824224189738092,True,-0.07081897705344542,0.017367809804074597,-0.07141788280249506,True,-0.04491690311240226,0.017367809804074597,-0.09417578723322106,True,0.008833602781901817,0.017367809804074597,-0.09417578723322106,True,20,True,False,True,False,True,False,,1,STOP_BEFORE_TARGET,False,True,False,True,False,,2,STOP_BEFORE_TARGET,2023-06-28,2023-06-30,2023-07-05,2023-07-12,2023-07-26
MU|2023-06-28T00:00:00|Long,MU,2023-06-28,Long,-0.040852808651212436,0.013120579356225681,-0.05248248805397426,True,-0.04726402539688601,0.013120579356225681,-0.062173821200525725,True,-0.08707320976830957,0.013120579356225681,-0.09795735387980364,True,-0.03787089499157037,0.013120579356225681,-0.09795735387980364,True,0.05963918321455841,0.07857457383398625,-0.09795735387980364,True,20,True,True,True,False,True,False,20,1,STOP_BEFORE_TARGET,True,True,False,True,False,20,1,STOP_BEFORE_TARGET,2023-06-29,2023-07-03,2023-07-06,2023-07-13,2023-07-27
MU|2023-06-29T00:00:00|Long,MU,2023-06-29,Long,-0.018964731633416165,0.011969479576397157,-0.022229135154251844,True,-0.035286808536477476,0.011969479576397157,-0.03590861662584133,True,-0.057205039646047284,0.011969479576397157,-0.059536790331720324,True,-0.0038862116101995303,0.01880924996163369,-0.059536790331720324,True,0.10679301914571182,0.12451413460040017,-0.059536790331720324,True,20,True,True,True,False,True,False,16,1,STOP_BEFORE_TARGET,True,True,False,True,False,18,3,STOP_BEFORE_TARGET,2023-06-30,2023-07-05,2023-07-07,2023-07-14,2023-07-28
MU|2023-06-30T00:00:00|Long,MU,2023-06-30,Long,0.012517840403851288,0.019172858069568477,0.0023767661183802247,True,-0.02978927348967364,0.019172858069568477,-0.04135637117904667,True,-0.009982586943786176,0.019172858069568477,-0.04135637117904667,True,0.03248301429142386,0.040564055361042906,-0.04135637117904667,True,0.13119947233749119,0.14625250575619742,-0.04135637117904667,True,20,True,True,True,False,True,False,9,3,STOP_BEFORE_TARGET,True,True,False,True,False,15,3,STOP_BEFORE_TARGET,2023-07-03,2023-07-06,2023-07-10,2023-07-17,2023-07-31
MU|2023-07-03T00:00:00|Long,MU,2023-07-03,Long,-0.028794993875590258,-0.002347441663489769,-0.02942098627891032,True,-0.050860718660292625,-0.002347441663489769,-0.053208160323782394,True,-0.004694883326979538,-0.002347441663489769,-0.053208160323782394,True,0.016275444298794683,0.027699477320819454,-0.053208160323782394,True,0.10735524955462372,0.13208129280863323,-0.053208160323782394,True,20,True,True,True,False,True,False,13,1,STOP_BEFORE_TARGET,True,True,False,True,False,16,2,STOP_BEFORE_TARGET,2023-07-05,2023-07-07,2023-07-11,2023-07-18,2023-08-01
MU|2023-07-05T00:00:00|Long,MU,2023-07-05,Long,-0.013374183253110572,-0.004350635703979755,-0.025136985800364497,True,0.006767614560931445,0.01240735482959665,-0.025136985800364497,True,0.027876240798487606,0.04253940568050574,-0.025136985800364497,True,0.046728934047844284,0.05961973382314234,-0.025136985800364497,True,0.09845305608201094,0.16564606408506855,-0.025136985800364497,True,20,True,True,True,False,True,False,5,1,STOP_BEFORE_TARGET,True,False,True,False,False,7,,TARGET_BEFORE_STOP,2023-07-06,2023-07-10,2023-07-12,2023-07-19,2023-08-02
MU|2023-07-06T00:00:00|Long,MU,2023-07-06,Long,-0.009472448484297957,0.004246319421431943,-0.009799093232186196,True,0.03870649925858549,0.03984972472563686,-0.010615673951349214,True,0.05389513737925489,0.05667152428463207,-0.010615673951349214,True,0.056508295362361016,0.07398338441713292,-0.010615673951349214,True,0.1298383279826021,0.1814469521266393,-0.010615673951349214,True,20,True,True,False,True,False,False,3,,TARGET_BEFORE_STOP,True,False,True,False,False,4,,TARGET_BEFORE_STOP,2023-07-07,2023-07-11,2023-07-13,2023-07-20,2023-08-03
MU|2023-07-07T00:00:00|Long,MU,2023-07-07,Long,0.030173091019240594,0.03594394477048102,-0.001154158170867503,True,0.05177245359686622,0.06677650981814365,-0.001154158170867503,True,0.05655400196011917,0.08062653366235972,-0.001154158170867503,True,0.08244022875855217,0.09084916731419024,-0.001154158170867503,True,0.15267933888310448,0.1927451692977069,-0.001154158170867503,True,20,True,True,False,True,False,False,1,,TARGET_BEFORE_STOP,True,False,True,False,False,3,,TARGET_BEFORE_STOP,2023-07-10,2023-07-12,2023-07-14,2023-07-21,2023-08-04
MU|2023-07-10T00:00:00|Long,MU,2023-07-10,Long,0.017925719271615126,0.019046072910172684,-0.0027208413922985564,True,0.032810487389244525,0.03553132878154308,-0.0027208413922985564,True,0.04289379224565093,0.0510563164225466,-0.0027208413922985564,True,0.048015426323255284,0.06658130406355012,-0.0027208413922985564,True,0.11043530348487374,0.1578104492300607,-0.0027208413922985564,True,20,True,True,False,True,False,False,2,,TARGET_BEFORE_STOP,True,False,True,False,False,5,,TARGET_BEFORE_STOP,2023-07-11,2023-07-13,2023-07-17,2023-07-24,2023-08-07
MU|2023-07-11T00:00:00|Long,MU,2023-07-11,Long,0.002987459842213047,0.01729557390742209,-0.007389896498143811,True,0.007547222774366924,0.030503183772805365,-0.007389896498143811,True,0.021069245274123682,0.03254716579382477,-0.007389896498143811,True,0.032704432090529645,0.047798757680227455,-0.007389896498143811,True,0.06367929479441359,0.13742135335625583,-0.007389896498143811,True,20,True,True,False,True,False,False,3,,TARGET_BEFORE_STOP,True,False,True,False,False,11,,TARGET_BEFORE_STOP,2023-07-12,2023-07-14,2023-07-18,2023-07-25,2023-08-08
MU|2023-07-12T00:00:00|Long,MU,2023-07-12,Long,0.011600530696800782,0.01348174632401089,-0.003762371453554514,True,0.021476763237489704,0.029471660549237555,-0.00705440909987376,True,0.018341403858806338,0.030882602170077655,-0.00705440909987376,True,0.05627835532789227,0.06411657437200424,-0.00705440909987376,True,0.04561837264383084,0.13403347389327425,-0.00705440909987376,True,20,True,True,False,True,False,False,5,,TARGET_BEFORE_STOP,True,False,True,False,False,10,,TARGET_BEFORE_STOP,2023-07-13,2023-07-17,2023-07-19,2023-07-26,2023-08-09
MU|2023-07-13T00:00:00|Long,MU,2023-07-13,Long,-0.0069734535371873685,0.01565166829903153,-0.01317214458701954,True,0.00635369083938242,0.017666192642392886,-0.01844101424484712,True,0.0024795237120120994,0.019060954287949183,-0.01844101424484712,True,0.10134822623963191,0.12102894322538593,-0.01844101424484712,True,0.01410202509412306,0.12102894322538593,-0.01844101424484712,True,20,True,True,False,True,False,False,7,,TARGET_BEFORE_STOP,True,False,True,False,False,9,,TARGET_BEFORE_STOP,2023-07-14,2023-07-18,2023-07-20,2023-07-27,2023-08-10
MU|2023-07-14T00:00:00|Long,MU,2023-07-14,Long,0.016853960677187363,0.024812676224364116,-0.011548090782172449,True,0.013732790703378184,0.026217232477693475,-0.011548090782172449,True,0.024500618757213655,0.03245945336485101,-0.011548090782172449,True,0.11111103173747083,0.1289012838765704,-0.011548090782172449,True,0.004525607166677714,0.1289012838765704,-0.011548090782172449,True,20,True,True,False,True,False,False,5,,TARGET_BEFORE_STOP,True,False,True,False,False,8,,TARGET_BEFORE_STOP,2023-07-17,2023-07-19,2023-07-21,2023-07-28,2023-08-11
MU|2023-07-17T00:00:00|Long,MU,2023-07-17,Long,-0.003376323025455208,-0.000613887557999071,-0.021639097342919467,True,-0.007213032447639822,0.009208079195827112,-0.021639097342919467,True,0.004910983376913203,0.022713254210568357,-0.021639097342919467,True,0.09561073323207636,0.1101901822015463,-0.021639097342919467,True,0.04788205865313322,0.1101901822015463,-0.021639097342919467,True,20,True,True,True,False,True,False,7,1,STOP_BEFORE_TARGET,True,False,True,False,False,8,,TARGET_BEFORE_STOP,2023-07-18,2023-07-20,2023-07-24,2023-07-31,2023-08-14
MU|2023-07-18T00:00:00|Long,MU,2023-07-18,Long,0.0003079248893538278,0.012627035170873047,-0.002155826676704442,True,0.010933154570070602,0.018786590311632656,-0.010625229680716775,True,0.011395100645972711,0.02617796249355009,-0.010625229680716775,True,0.08962118072101188,0.11395124142721125,-0.010625229680716775,True,0.006005533954211328,0.11395124142721125,-0.013397023619871495,True,20,True,True,False,True,False,False,6,,TARGET_BEFORE_STOP,True,False,True,False,False,7,,TARGET_BEFORE_STOP,2023-07-19,2023-07-21,2023-07-25,2023-08-01,2023-08-15
MU|2023-07-19T00:00:00|Long,MU,2023-07-19,Long,-0.004156352322531753,0.0090825735160176,-0.010929789015997171,True,0.008004991991837018,0.02586207402791274,-0.010929789015997171,True,0.03725366691890497,0.044950711362360174,-0.010929789015997171,True,0.04941501123327363,0.11360833370427192,-0.010929789015997171,True,-0.01139159289099212,0.11360833370427192,-0.01370072971354419,True,20,True,True,False,True,False,False,5,,TARGET_BEFORE_STOP,True,False,True,False,False,6,,TARGET_BEFORE_STOP,2023-07-20,2023-07-24,2023-07-26,2023-08-02,2023-08-16
MU|2023-07-20T00:00:00|Long,MU,2023-07-20,Long,0.014839991470740665,0.02272377748067944,-0.005410513067032996,True,0.015303722776425,0.030143714247165443,-0.005410513067032996,True,0.09862416158040377,0.11825620046024032,-0.005410513067032996,True,0.069407909944607,0.11825620046024032,-0.005410513067032996,True,-0.017467939797014997,0.11825620046024032,-0.019941271708804997,True,20,True,True,False,True,False,False,2,,TARGET_BEFORE_STOP,True,False,True,False,False,5,,TARGET_BEFORE_STOP,2023-07-21,2023-07-25,2023-07-27,2023-08-03,2023-08-17
MU|2023-07-21T00:00:00|Long,MU,2023-07-21,Long,-0.0025894617668561493,0.01507993664523033,-0.00654989025409658,True,0.026351800263966663,0.03396794631695488,-0.009901013111518031,True,0.08453915146027069,0.10190395516403083,-0.009901013111518031,True,0.06488959691114693,0.10190395516403083,-0.009901013111518031,True,-0.03137854265668183,0.10190395516403083,-0.059405962455942096,True,20,True,True,True,True,False,False,3,15,TARGET_BEFORE_STOP,True,True,True,False,False,4,19,TARGET_BEFORE_STOP,2023-07-24,2023-07-26,2023-07-28,2023-08-04,2023-08-18
MU|2023-07-24T00:00:00|Long,MU,2023-07-24,Long,0.0030543209833389096,0.007941304465607368,-0.006108758481554788,True,0.0853695181935068,0.10476470111895053,-0.007330533480841117,True,0.09025650167577526,0.10476470111895053,-0.007330533480841117,True,0.05956007477924796,0.10476470111895053,-0.007330533480841117,True,-0.023213258926932934,0.10476470111895053,-0.05696400680679914,True,20,True,True,True,True,False,False,2,14,TARGET_BEFORE_STOP,True,True,True,False,False,3,18,TARGET_BEFORE_STOP,2023-07-25,2023-07-27,2023-07-31,2023-08-07,2023-08-21
MU|2023-07-25T00:00:00|Long,MU,2023-07-25,Long,0.02588302284322963,0.033495690286542645,-0.010353232369309184,True,0.08404379746373736,0.10140066994168406,-0.010353232369309184,True,0.07734472910248091,0.10140066994168406,-0.010353232369309184,True,0.029993928312267215,0.10140066994168406,-0.010353232369309184,True,-0.0345615171622462,0.10140066994168406,-0.05983557075084367,True,20,True,True,True,True,False,False,1,13,TARGET_BEFORE_STOP,True,True,True,False,False,2,17,TARGET_BEFORE_STOP,2023-07-26,2023-07-28,2023-08-01,2023-08-08,2023-08-22
MU|2023-07-26T00:00:00|Long,MU,2023-07-26,Long,0.054764063398935026,0.07361233729081307,0.03829032259160292,True,0.059513242797395005,0.07361233729081307,0.03829032259160292,True,0.011724561408872347,0.07361233729081307,-0.0005936615784785104,True,-0.010092020375398358,0.07361233729081307,-0.011279230302987053,True,-0.03250215050877914,0.07361233729081307,-0.08355591396424966,True,20,True,True,True,True,False,False,1,11,TARGET_BEFORE_STOP,True,True,True,False,False,1,11,TARGET_BEFORE_STOP,2023-07-27,2023-07-31,2023-08-02,2023-08-09,2023-08-23
MU|2023-07-27T00:00:00|Long,MU,2023-07-27,Long,0.0018291438578328378,0.014914838372666273,-0.005768904382656204,True,-0.00436186238813685,0.014914838372666273,-0.016603353176343316,True,-0.026593490892980576,0.014914838372666273,-0.05501612564379388,True,-0.07921763441104923,0.014914838372666273,-0.08639368813864778,True,-0.10384129871682968,0.014914838372666273,-0.13113831060706982,True,20,True,False,True,False,True,False,,4,STOP_BEFORE_TARGET,False,True,False,True,False,,4,STOP_BEFORE_TARGET,2023-07-28,2023-08-01,2023-08-03,2023-08-10,2023-08-24
MU|2023-07-28T00:00:00|Long,MU,2023-07-28,Long,0.0026685737296361367,0.008005614034486186,-0.004634750221970352,True,-0.042556164454606527,0.008005614034486186,-0.05421349404210696,True,-0.018117884008766905,0.008005614034486186,-0.05674148116986055,True,-0.09592688896637347,0.008005614034486186,-0.1001404151548071,True,-0.10505612427169819,0.008005614034486186,-0.132724681928171,True,20,True,False,True,False,True,False,,3,STOP_BEFORE_TARGET,False,True,False,True,False,,3,STOP_BEFORE_TARGET,2023-07-31,2023-08-02,2023-08-04,2023-08-11,2023-08-25
MU|2023-07-31T00:00:00|Long,MU,2023-07-31,Long,-0.008824726975825148,-0.0043423107051979715,-0.021011346306545886,True,-0.030956704067336194,-0.0043423107051979715,-0.05925193673768836,True,-0.028155233974156868,-0.0043423107051979715,-0.05925193673768836,True,-0.04356353322511042,-0.0043423107051979715,-0.10253536570117439,True,-0.0851660160111486,-0.0043423107051979715,-0.13503291038052923,True,20,True,False,True,False,True,False,,1,STOP_BEFORE_TARGET,False,True,False,True,False,,2,STOP_BEFORE_TARGET,2023-08-01,2023-08-03,2023-08-07,2023-08-14,2023-08-28
MU|2023-08-01T00:00:00|Long,MU,2023-08-01,Long,-0.03660265530092499,-0.012860424457836972,-0.04833247166606203,True,-0.012012414477950983,0.0024024613314457266,-0.05087617814355361,True,-0.043951392262030264,0.0024024613314457266,-0.05370269837530339,True,-0.0767382722052734,0.0024024613314457266,-0.09454497229276992,True,-0.0576597188790311,0.0024024613314457266,-0.12733185223601307,True,20,True,False,True,False,True,False,,1,STOP_BEFORE_TARGET,False,True,False,True,False,,1,STOP_BEFORE_TARGET,2023-08-02,2023-08-04,2023-08-08,2023-08-15,2023-08-29
MU|2023-08-02T00:00:00|Long,MU,2023-08-02,Long,0.014815933157682926,0.017896453769583598,-0.014815821240494631,True,0.017749730335534508,0.040487050174042416,-0.014815821240494631,True,-0.021563756200492,0.040487050174042416,-0.022737207921319502,True,-0.057943333641478634,0.040487050174042416,-0.06014373748346147,True,-0.0011735636380159065,0.040487050174042416,-0.09417629956560458,True,20,True,True,True,True,False,False,2,5,TARGET_BEFORE_STOP,False,True,False,True,False,,6,STOP_BEFORE_TARGET,2023-08-03,2023-08-07,2023-08-09,2023-08-16,2023-08-30
MU|2023-08-03T00:00:00|Long,MU,2023-08-03,Long,0.010552231189842498,0.02529632830702755,-0.0007227963506394319,True,-0.02211620081739729,0.02529632830702755,-0.03209021698337622,True,-0.05406183647399776,0.02529632830702755,-0.06143394017421,True,-0.0812373360377725,0.02529632830702755,-0.08355014099160729,True,0.01098586488693054,0.02529632830702755,-0.10740098688059552,True,20,True,False,True,False,True,False,,3,STOP_BEFORE_TARGET,False,True,False,True,False,,3,STOP_BEFORE_TARGET,2023-08-04,2023-08-08,2023-08-10,2023-08-17,2023-08-31
MU|2023-08-04T00:00:00|Long,MU,2023-08-04,Long,-0.00758126707091944,0.004577309083988235,-0.015448459082831323,True,-0.0459162715736916,0.004577309083988235,-0.047060516995945934,True,-0.07924475218601623,0.004577309083988235,-0.08353602719735498,True,-0.09040199082333722,0.004577309083988235,-0.11672154533918333,True,0.006865909060153719,0.010155901119734523,-0.11672154533918333,True,20,True,False,True,False,True,False,,2,STOP_BEFORE_TARGET,False,True,False,True,False,,2,STOP_BEFORE_TARGET,2023-08-07,2023-08-09,2023-08-11,2023-08-18,2023-09-01
MU|2023-08-07T00:00:00|Long,MU,2023-08-07,Long,-0.024935079216277023,-0.008936222855744691,-0.03488034397156292,True,-0.05678862738521684,-0.008936222855744691,-0.06413948002892089,True,-0.015854691808407373,-0.008936222855744691,-0.07653499234366368,True,-0.07812047252103771,-0.008936222855744691,-0.10997402068997753,True,0.013116225110034074,0.025655901976901818,-0.10997402068997753,True,20,True,False,True,False,True,False,,1,STOP_BEFORE_TARGET,False,True,False,True,False,,1,STOP_BEFORE_TARGET,2023-08-08,2023-08-10,2023-08-14,2023-08-21,2023-09-05
MU|2023-08-08T00:00:00|Long,MU,2023-08-08,Long,-0.014042935051129302,0.004730224502682567,-0.015225406593713964,True,-0.04848482934685727,0.004730224502682567,-0.05291946415825566,True,-0.0342941558388099,0.012269058571080516,-0.05291946415825566,True,-0.06267555924362878,0.012269058571080516,-0.08721361999706556,True,0.04079825682154126,0.051884731072589174,-0.08721361999706556,True,20,True,True,True,False,True,False,17,2,STOP_BEFORE_TARGET,True,True,False,True,False,19,2,STOP_BEFORE_TARGET,2023-08-09,2023-08-11,2023-08-15,2023-08-22,2023-09-06
MU|2023-08-09T00:00:00|Long,MU,2023-08-09,Long,-0.018890473230660954,0.011394335397349575,-0.026536682519489263,True,0.0236881844579504,0.026686753975006194,-0.03943024548350116,True,-0.0371813469416421,0.026686753975006194,-0.03943024548350116,True,-0.02263859933918233,0.026686753975006194,-0.07421285119522991,True,0.04752632598768636,0.0668666704337042,-0.07421285119522991,True,20,True,True,True,False,True,False,16,1,STOP_BEFORE_TARGET,True,True,False,True,False,16,2,STOP_BEFORE_TARGET,2023-08-10,2023-08-14,2023-08-16,2023-08-23,2023-09-07
MU|2023-08-10T00:00:00|Long,MU,2023-08-10,Long,-0.01635085047226692,-0.001986627108226391,-0.020935249013914747,True,-0.0016809383595309813,0.046454779983379435,-0.020935249013914747,True,-0.028728621607228,0.046454779983379435,-0.031173606959350675,True,-0.026742111085099496,0.046454779983379435,-0.05638756576621784,True,0.07243272748978935,0.08740832835122081,-0.05638756576621784,True,20,True,True,True,False,True,False,2,1,STOP_BEFORE_TARGET,True,True,False,True,False,15,5,STOP_BEFORE_TARGET,2023-08-11,2023-08-15,2023-08-17,2023-08-24,2023-09-08
MU|2023-08-11T00:00:00|Long,MU,2023-08-11,Long,0.0607425177237928,0.06384962614546108,-0.0026410717894348457,True,-0.002330301685234404,0.06384962614546108,-0.004349951790335704,True,-0.012117485796372063,0.06384962614546108,-0.04070223139335116,True,-0.010097894953304487,0.06384962614546108,-0.04070223139335116,True,0.08792909416203787,0.10548393080327911,-0.04070223139335116,True,20,True,True,True,True,False,False,1,5,TARGET_BEFORE_STOP,True,True,True,False,False,1,5,TARGET_BEFORE_STOP,2023-08-14,2023-08-16,2023-08-18,2023-08-25,2023-09-11
MU|2023-08-14T00:00:00|Long,MU,2023-08-14,Long,-0.04320440833306893,-0.009519647590796265,-0.04335089539237302,True,-0.0691270868539764,-0.009519647590796265,-0.07147037698684944,True,-0.06326888945601572,-0.009519647590796265,-0.09563560187521314,True,-0.043497382451677113,-0.009519647590796265,-0.09563560187521314,True,0.029730504036159955,0.04994147221841083,-0.09563560187521314,True,20,True,True,True,False,True,False,13,1,STOP_BEFORE_TARGET,False,True,False,True,False,,1,STOP_BEFORE_TARGET,2023-08-15,2023-08-17,2023-08-21,2023-08-28,2023-09-12
MU|2023-08-15T00:00:00|Long,MU,2023-08-15,Long,-0.01699067165529944,-0.0015306669419616892,-0.01898064378401143,True,-0.026634036885020973,-0.0015306669419616892,-0.054798740712003635,True,-0.029389284093512824,-0.0015306669419616892,-0.054798740712003635,True,0.020664295672488064,0.02602168836055485,-0.054798740712003635,True,0.08449405308974711,0.09995405780308486,-0.054798740712003635,True,20,True,True,True,False,True,False,11,2,STOP_BEFORE_TARGET,True,True,False,True,False,11,3,STOP_BEFORE_TARGET,2023-08-16,2023-08-18,2023-08-22,2023-08-29,2023-09-13
MU|2023-08-16T00:00:00|Long,MU,2023-08-16,Long,-0.01027716964912384,0.007629988390775111,-0.012768602915564364,True,-0.00404861618324992,0.007629988390775111,-0.03846155673860141,True,0.015104347590551237,0.021800085631695332,-0.03846155673860141,True,0.06026152356938752,0.069760131460334,-0.03846155673860141,True,0.11787604408179009,0.1247275301148425,-0.03846155673860141,True,20,True,True,True,False,True,False,6,2,STOP_BEFORE_TARGET,True,True,False,True,False,10,2,STOP_BEFORE_TARGET,2023-08-17,2023-08-21,2023-08-23,2023-08-30,2023-09-14
MU|2023-08-17T00:00:00|Long,MU,2023-08-17,Long,0.00047197574966517664,0.0047199375484376915,-0.028477050569284734,True,-0.0023599987828498703,0.023914418264981308,-0.028477050569284734,True,0.0020452682600569094,0.04216482744767047,-0.028477050569284734,True,0.10037761060836314,0.10981748570523853,-0.028477050569284734,True,0.09943353907450869,0.13640657325860062,-0.028477050569284734,True,20,True,True,True,False,True,False,4,1,STOP_BEFORE_TARGET,True,False,True,False,False,8,,TARGET_BEFORE_STOP,2023-08-18,2023-08-22,2023-08-24,2023-08-31,2023-09-15
MU|2023-08-18T00:00:00|Long,MU,2023-08-18,Long,0.0058185081144350725,0.009435481795543543,-0.011479785193971526,True,0.025161224799167492,0.031923299089841706,-0.011479785193971526,True,0.002044363387376791,0.04167318296623401,-0.015096698886131188,True,0.10693504042685253,0.110552014107961,-0.015096698886131188,True,0.10866488175548294,0.13587046994202723,-0.015096698886131188,True,20,True,True,False,True,False,False,3,,TARGET_BEFORE_STOP,True,False,True,False,False,7,,TARGET_BEFORE_STOP,2023-08-21,2023-08-23,2023-08-25,2023-09-01,2023-09-18
MU|2023-08-21T00:00:00|Long,MU,2023-08-21,Long,-0.008599112647487028,0.017510987533049027,-0.010475268582484487,True,-0.004221395585185639,0.035647260974560835,-0.012351484159403792,True,0.02110691828400646,0.035647260974560835,-0.020794215687853224,True,0.09896813511042413,0.11257042965444075,-0.020794215687853224,True,0.10553471070387599,0.12929963087614582,-0.020794215687853224,True,20,True,True,True,True,False,False,3,4,TARGET_BEFORE_STOP,True,False,True,False,False,7,,TARGET_BEFORE_STOP,2023-08-22,2023-08-24,2023-08-28,2023-09-05,2023-09-19
MU|2023-08-22T00:00:00|Long,MU,2023-08-22,Long,0.028071323107987434,0.034852592721779097,-0.0037849184520474255,True,0.004888840467386801,0.04463015333807663,-0.012300879690487987,True,0.05156916047362414,0.05708877055032047,-0.012300879690487987,True,0.11039274296706925,0.12222053041076553,-0.012300879690487987,True,0.09888031024840882,0.1403563749029857,-0.012300879690487987,True,20,True,True,False,True,False,False,1,,TARGET_BEFORE_STOP,True,False,True,False,False,5,,TARGET_BEFORE_STOP,2023-08-23,2023-08-25,2023-08-29,2023-09-06,2023-09-20
MU|2023-08-23T00:00:00|Long,MU,2023-08-23,Long,-0.02300972171377802,0.016106694018105605,-0.027918445181181473,True,0.0018406981545269208,0.016106694018105605,-0.03926984625582708,True,0.044485255221319076,0.05384252761749431,-0.03926984625582708,True,0.07179015385652487,0.09157847825008214,-0.03926984625582708,True,0.04157077746558513,0.10921912640802645,-0.03926984625582708,True,20,True,True,True,False,True,False,5,1,STOP_BEFORE_TARGET,True,True,False,True,False,5,2,STOP_BEFORE_TARGET,2023-08-24,2023-08-28,2023-08-30,2023-09-07,2023-09-21
MU|2023-08-24T00:00:00|Long,MU,2023-08-24,Long,0.0004710722977085968,0.010990748595273159,-0.01664307711492441,True,0.046946172757694304,0.0524415171079502,-0.01664307711492441,True,0.09813163682619819,0.10755224425371157,-0.01664307711492441,True,0.10189985583929895,0.1172869398095382,-0.01664307711492441,True,0.08148843992175103,0.1353430541333045,-0.01664307711492441,True,20,True,True,False,True,False,False,2,,TARGET_BEFORE_STOP,True,False,True,False,False,3,,TARGET_BEFORE_STOP,2023-08-25,2023-08-29,2023-08-31,2023-09-08,2023-09-22
MU|2023-08-25T00:00:00|Long,MU,2023-08-25,Long,0.024952861070787646,0.03750783653268219,0.014752078207758146,True,0.06858121521453531,0.07815435706427798,0.014752078207758146,True,0.10467667986764218,0.10828627422620074,0.014752078207758146,True,0.0990269528831016,0.11676086470301161,0.014752078207758146,True,0.07627119455817755,0.1348084772964453,0.014752078207758146,True,20,True,True,False,True,False,False,1,,TARGET_BEFORE_STOP,True,False,True,False,False,2,,TARGET_BEFORE_STOP,2023-08-28,2023-08-30,2023-09-01,2023-09-11,2023-09-25
MU|2023-08-28T00:00:00|Long,MU,2023-08-28,Long,0.020976922336475523,0.026335955979174486,-0.006737020800176463,True,0.07089274316169791,0.08007967466606347,-0.006737020800176463,True,0.07625177680439688,0.08957290341753898,-0.006737020800176463,True,0.07655795723333458,0.09768802819336497,-0.006737020800176463,True,0.040269560268364035,0.10718114012666824,-0.006737020800176463,True,20,True,True,False,True,False,False,2,,TARGET_BEFORE_STOP,True,False,True,False,False,2,,TARGET_BEFORE_STOP,2023-08-29,2023-08-31,2023-09-05,2023-09-12,2023-09-26
MU|2023-08-29T00:00:00|Long,MU,2023-08-29,Long,0.02114571125167486,0.030293890729175876,-0.00239957500565513,True,0.05563885824074721,0.05908821870686798,-0.00239957500565513,True,0.05593886232547107,0.06718661272390314,-0.00239957500565513,True,0.06253746475495481,0.07768446732855971,-0.00239957500565513,True,0.022945392505916207,0.0844330718004056,-0.00239957500565513,True,20,True,True,False,True,False,False,1,,TARGET_BEFORE_STOP,True,False,True,False,False,2,,TARGET_BEFORE_STOP,2023-08-30,2023-09-01,2023-09-06,2023-09-13,2023-09-27
MU|2023-08-30T00:00:00|Long,MU,2023-08-30,Long,0.027170013262082238,0.03598185797336195,-0.0017623017130451446,True,0.03231024667293836,0.04508749433593895,-0.0017623017130451446,True,0.02614196657991119,0.04508749433593895,-0.0017623017130451446,True,0.05433991447547992,0.060801986219804594,-0.0017623017130451446,True,-0.04244381766900196,0.06197681667893984,-0.06256417588416496,True,20,True,True,True,True,False,False,1,20,TARGET_BEFORE_STOP,True,True,True,False,False,8,20,TARGET_BEFORE_STOP,2023-08-31,2023-09-05,2023-09-07,2023-09-14,2023-09-28
MU|2023-08-31T00:00:00|Long,MU,2023-08-31,Long,0.006434042501202164,0.009722623412051767,-0.0055761992570012575,True,0.006720062972501051,0.01744353986440328,-0.005862219728300144,True,0.0034314820616512254,0.01744353986440328,-0.012010350843051354,True,-0.0008579523290487279,0.032742362533456415,-0.012010350843051354,True,-0.02730917351210449,0.033886117164108054,-0.08736060047281735,True,20,True,True,True,True,False,False,9,14,TARGET_BEFORE_STOP,False,True,False,True,False,,14,STOP_BEFORE_TARGET,2023-09-01,2023-09-06,2023-09-08,2023-09-15,2023-09-29
MU|2023-09-01T00:00:00|Long,MU,2023-09-01,Long,-0.001420634678053423,0.010939114634715752,-0.01221765332872038,True,-0.007387365358364817,0.010939114634715752,-0.01832647999308057,True,-0.005114371550974939,0.010939114634715752,-0.01832647999308057,True,0.0015627306621022186,0.026140133303591773,-0.01832647999308057,True,-0.03452195377534184,0.027276576013547604,-0.09319502224002663,True,20,True,False,True,False,True,False,,13,STOP_BEFORE_TARGET,False,True,False,True,False,,13,STOP_BEFORE_TARGET,2023-09-05,2023-09-07,2023-09-11,2023-09-18,2023-10-02
MU|2023-09-05T00:00:00|Long,MU,2023-09-05,Long,0.001707252027585593,0.0052639456787983985,-0.00924742520148858,True,-0.0015649538898677706,0.0052639456787983985,-0.0169298965131095,True,0.000284487733759331,0.019917506155127107,-0.0169298965131095,True,0.005975219284035216,0.027599977466747916,-0.0169298965131095,True,-0.03499785250293308,0.028738036943461998,-0.0919049509223383,True,20,True,False,True,False,True,False,,12,STOP_BEFORE_TARGET,False,True,False,True,False,,12,STOP_BEFORE_TARGET,2023-09-06,2023-09-08,2023-09-12,2023-09-19,2023-10-03
MU|2023-09-06T00:00:00|Long,MU,2023-09-06,Long,-0.007669377750905371,-0.00170434228576255,-0.018605384460351204,True,-0.005397029726572744,0.00639109394741233,-0.018605384460351204,True,0.006249038334427803,0.020593621258714556,-0.018605384460351204,True,-0.010367892614191687,0.026984715206126886,-0.018605384460351204,True,-0.032665856158668904,0.026984715206126886,-0.09345265571397299,True,20,True,False,True,False,True,False,,11,STOP_BEFORE_TARGET,False,True,False,True,False,,11,STOP_BEFORE_TARGET,2023-09-07,2023-09-11,2023-09-13,2023-09-20,2023-10-04
MU|2023-09-07T00:00:00|Long,MU,2023-09-07,Long,0.004436776104304929,0.010591066762277057,-0.0037212269358782857,True,0.006297334975176261,0.02604837016287731,-0.008014958722978971,True,0.027479577693865664,0.03377702186317744,-0.008014958722978971,True,-0.028195236056427597,0.034921922371486946,-0.029197092247533085,True,-0.011736076464721967,0.034921922371486946,-0.08644626704015423,True,20,True,True,True,True,False,False,5,10,TARGET_BEFORE_STOP,False,True,False,True,False,,12,STOP_BEFORE_TARGET,2023-09-08,2023-09-12,2023-09-14,2023-09-21,2023-10-05
MU|2023-09-08T00:00:00|Long,MU,2023-09-08,Long,-0.0021373828045971877,0.009689374497275915,-0.012396733297219242,True,0.00954685332048788,0.023938448245516497,-0.012396733297219242,True,-0.004274765609194375,0.029210644668615338,-0.012396733297219242,True,-0.018523839357434957,0.030350487947502724,-0.03405527756135074,True,-0.003134813618501764,0.030350487947502724,-0.09048159655896693,True,20,True,True,True,True,False,False,8,9,TARGET_BEFORE_STOP,False,True,False,True,False,,9,STOP_BEFORE_TARGET,2023-09-11,2023-09-13,2023-09-15,2023-09-22,2023-10-06
MU|2023-09-11T00:00:00|Long,MU,2023-09-11,Long,0.0039982690872137905,0.023704179509426604,-0.0034270722255171915,True,0.02513211719133679,0.03141517372533653,-0.0034270722255171915,True,0.0067114269441066465,0.03141517372533653,-0.0055690332207135596,True,-0.02070536874935447,0.03255745850406777,-0.034556593047674666,True,-0.007853711722837775,0.03255745850406777,-0.08853344361438298,True,20,True,True,True,True,False,False,3,8,TARGET_BEFORE_STOP,False,True,False,True,False,,8,STOP_BEFORE_TARGET,2023-09-12,2023-09-14,2023-09-18,2023-09-25,2023-10-09
MU|2023-09-12T00:00:00|Long,MU,2023-09-12,Long,0.007680286364358357,0.022045272444592312,0.0007111798249763712,True,-0.00611577755805548,0.027307721021321063,-0.00952920199416818,True,0.005689113067392171,0.027307721021321063,-0.00952920199416818,True,-0.033707796892076924,0.028445456826154514,-0.03868583864529895,True,-0.017636152849189957,0.028445456826154514,-0.09216321935068872,True,20,True,False,True,False,True,False,,7,STOP_BEFORE_TARGET,False,True,False,True,False,,7,STOP_BEFORE_TARGET,2023-09-13,2023-09-15,2023-09-19,2023-09-26,2023-10-10
MU|2023-09-13T00:00:00|Long,MU,2023-09-13,Long,0.013267501223018341,0.019477839273582598,0.006069164635661206,True,-0.004939992683965055,0.019477839273582598,-0.017078321955287357,True,-0.01651373597943928,0.0206069035415144,-0.017078321955287357,True,-0.03726181293585673,0.0206069035415144,-0.05786871647737113,True,-0.009033160246040173,0.0206069035415144,-0.09908252356040004,True,20,True,False,True,False,True,False,,6,STOP_BEFORE_TARGET,False,True,False,True,False,,6,STOP_BEFORE_TARGET,2023-09-14,2023-09-18,2023-09-20,2023-09-27,2023-10-11
MU|2023-09-14T00:00:00|Long,MU,2023-09-14,Long,-0.02660542746554362,-0.0022287736463139085,-0.029948481661237647,True,-0.015043903291288241,-0.0022287736463139085,-0.029948481661237647,True,-0.05418581055912863,0.007243301802966506,-0.05516087246094681,True,-0.09179556878734929,0.007243301802966506,-0.11087893833347207,True,-0.028416226347841134,0.007243301802966506,-0.11087893833347207,True,20,True,False,True,False,True,False,,1,STOP_BEFORE_TARGET,False,True,False,True,False,,5,STOP_BEFORE_TARGET,2023-09-15,2023-09-19,2023-09-21,2023-09-28,2023-10-12
MU|2023-09-15T00:00:00|Long,MU,2023-09-15,Long,0.00887239225745251,0.016743071613137817,0.0004293991109156625,True,-0.002862005668330281,0.034773903844950826,-0.0032912956007280503,True,-0.014310246698687301,0.034773903844950826,-0.0299083631945678,True,-0.026473934556867862,0.034773903844950826,-0.08657692701994724,True,-0.009587839085276162,0.034773903844950826,-0.08657692701994724,True,20,True,True,True,True,False,False,3,4,TARGET_BEFORE_STOP,False,True,False,True,False,,6,STOP_BEFORE_TARGET,2023-09-18,2023-09-20,2023-09-22,2023-09-29,2023-10-13
MU|2023-09-18T00:00:00|Long,MU,2023-09-18,Long,0.0029787104180518664,0.007943227781471718,-0.00751771318151595,True,-0.03687941098044101,0.025673724235372397,-0.037872314453125,True,-0.027234016580784615,0.025673724235372397,-0.040992899143949435,True,-0.036028381780529695,0.025673724235372397,-0.09460990310560724,True,-0.02014181799922432,0.025673724235372397,-0.09460990310560724,True,20,True,False,True,False,True,False,,3,STOP_BEFORE_TARGET,False,True,False,True,False,,3,STOP_BEFORE_TARGET,2023-09-19,2023-09-21,2023-09-25,2023-10-02,2023-10-16
MU|2023-09-19T00:00:00|Long,MU,2023-09-19,Long,-0.014566522311312724,0.022627612711600742,-0.014990773190753925,True,-0.02588038261559733,0.022627612711600742,-0.04129540668579246,True,-0.03917404439161809,0.022627612711600742,-0.04412392571034773,True,-0.0407297028808814,0.022627612711600742,-0.0972987886083676,True,-0.024183271200864165,0.022627612711600742,-0.0972987886083676,True,20,True,False,True,False,True,False,,2,STOP_BEFORE_TARGET,False,True,False,True,False,,2,STOP_BEFORE_TARGET,2023-09-20,2023-09-22,2023-09-26,2023-10-03,2023-10-17
MU|2023-09-20T00:00:00|Long,MU,2023-09-20,Long,-0.025545332541634047,-0.005597006141509264,-0.02654992058006167,True,-0.01578643038610017,0.001004588038427734,-0.02970722855565866,True,-0.021096458298866194,0.001004588038427734,-0.0420493727374186,True,-0.022531568426350845,0.001004588038427734,-0.08395520161452352,True,-0.0077497260786784095,0.014925386207986113,-0.08395520161452352,True,20,True,False,True,False,True,False,,1,STOP_BEFORE_TARGET,False,True,False,True,False,,5,STOP_BEFORE_TARGET,2023-09-21,2023-09-25,2023-09-27,2023-10-04,2023-10-18
MU|2023-09-21T00:00:00|Long,MU,2023-09-21,Long,0.014432926443536997,0.027245926841636292,-0.0016200384076521246,True,0.0005891150902566089,0.027245926841636292,-0.00456561385893528,True,-0.039764425875714604,0.027245926841636292,-0.05994108399648579,True,0.016936693667681357,0.027245926841636292,-0.05994108399648579,True,-0.005449230313213094,0.04153165878427001,-0.05994108399648579,True,20,True,True,True,False,True,False,11,5,STOP_BEFORE_TARGET,False,True,False,True,False,,5,STOP_BEFORE_TARGET,2023-09-22,2023-09-26,2023-09-28,2023-10-05,2023-10-19
MU|2023-09-22T00:00:00|Long,MU,2023-09-22,Long,-0.004355334412391998,0.004500656218781929,-0.018437814949294085,True,-0.009727035360938108,0.004500656218781929,-0.03092330630591411,True,-0.012340280313802077,0.004500656218781929,-0.07331584819586634,True,0.015679469717184036,0.021051170665730146,-0.07331584819586634,True,-0.024099827219904113,0.026713182936340063,-0.07331584819586634,True,20,True,False,True,False,True,False,,3,STOP_BEFORE_TARGET,False,True,False,True,False,,3,STOP_BEFORE_TARGET,2023-09-25,2023-09-27,2023-09-29,2023-10-06,2023-10-20
MU|2023-09-25T00:00:00|Long,MU,2023-09-25,Long,-0.00933215766346962,0.0068533276196312,-0.014435775251259386,True,-0.04928557586129945,0.0068533276196312,-0.06926217371211973,True,-0.009040576407527534,0.010207012679390282,-0.06926217371211973,True,0.013123381479283713,0.02551764294657044,-0.06926217371211973,True,-0.02478863418266808,0.031204423046244267,-0.06926217371211973,True,20,True,True,True,False,True,False,13,2,STOP_BEFORE_TARGET,False,True,False,True,False,,3,STOP_BEFORE_TARGET,2023-09-26,2023-09-28,2023-10-02,2023-10-09,2023-10-23
MU|2023-09-26T00:00:00|Long,MU,2023-09-26,Long,0.0039740452364460666,0.013394112452375317,-0.017515490118395927,True,0.001324644313462242,0.013394112452375317,-0.060494560828080135,True,-0.001619084580493313,0.025169252620316218,-0.060494560828080135,True,0.016632281613361943,0.03517808807424827,-0.060494560828080135,True,0.0019134125514652656,0.04091843802470341,-0.060494560828080135,True,20,True,True,True,False,True,False,8,2,STOP_BEFORE_TARGET,False,True,False,True,False,,2,STOP_BEFORE_TARGET,2023-09-27,2023-09-29,2023-10-03,2023-10-10,2023-10-24
MU|2023-09-27T00:00:00|Long,MU,2023-09-27,Long,-0.04412845882761007,-0.016419920269973853,-0.06421341903250422,True,-0.003665151786476306,0.015686845172056207,-0.06421341903250422,True,-0.0014660383442792746,0.021111310082601253,-0.06421341903250422,True,0.029321214291810227,0.031080527415878967,-0.06421341903250422,True,-0.025069624797311008,0.03679815525465746,-0.06421341903250422,True,20,True,True,True,False,True,False,7,1,STOP_BEFORE_TARGET,False,True,False,True,False,,1,STOP_BEFORE_TARGET,2023-09-28,2023-10-02,2023-10-04,2023-10-11,2023-10-25
MU|2023-09-28T00:00:00|Long,MU,2023-09-28,Long,0.043404938090736866,0.05414120512143028,0.01779146804301579,True,0.04033750009068693,0.06825160714607503,0.01779146804301579,True,0.05904917613066574,0.06825160714607503,0.01779146804301579,True,0.06978532614610011,0.08466264617838704,0.01779146804301579,True,-0.010276046016952756,0.08466264617838704,-0.02024533653237448,True,20,True,True,True,True,False,False,1,20,TARGET_BEFORE_STOP,True,False,True,False,False,1,,TARGET_BEFORE_STOP,2023-09-29,2023-10-03,2023-10-05,2023-10-12,2023-10-26
MU|2023-09-29T00:00:00|Long,MU,2023-09-29,Long,-0.001028953345292738,0.018374246985587206,-0.014258433604416254,True,0.0011759787224785434,0.023813064466422285,-0.014258433604416254,True,0.028369841831646925,0.033808659312482,-0.014258433604416254,True,0.017345293640294468,0.039541415400184965,-0.014258433604416254,True,-0.03498452588745682,0.039541415400184965,-0.06100246634789863,True,20,True,True,True,True,False,False,5,16,TARGET_BEFORE_STOP,False,True,False,True,False,,18,STOP_BEFORE_TARGET,2023-10-02,2023-10-04,2023-10-06,2023-10-13,2023-10-27
MU|2023-10-02T00:00:00|Long,MU,2023-10-02,Long,-0.0019128495463395234,0.024867605417498773,-0.012507334984871998,True,0.016038904973060708,0.024867605417498773,-0.012507334984871998,True,0.022366160873127816,0.034873495857999925,-0.012507334984871998,True,0.016480323155830146,0.04061215676003549,-0.012507334984871998,True,-0.027810468144639167,0.04061215676003549,-0.060035286511497477,True,20,True,True,True,True,False,False,4,15,TARGET_BEFORE_STOP,False,True,False,True,False,,17,STOP_BEFORE_TARGET,2023-10-03,2023-10-05,2023-10-09,2023-10-16,2023-10-30
MU|2023-10-03T00:00:00|Long,MU,2023-10-03,Long,0.004127948868323461,0.00987760800322679,-0.010467331052725903,True,0.03140199315817793,0.03685684700741709,-0.010467331052725903,True,0.018280964621790963,0.03685684700741709,-0.010467331052725903,True,0.01724897740471021,0.04260650614232042,-0.010467331052725903,True,-0.014153015753467613,0.04260650614232042,-0.05823382951953604,True,20,True,True,True,True,False,False,3,14,TARGET_BEFORE_STOP,False,True,False,True,False,,17,STOP_BEFORE_TARGET,2023-10-04,2023-10-06,2023-10-10,2023-10-17,2023-10-31
MU|2023-10-04T00:00:00|Long,MU,2023-10-04,Long,0.013801239656183295,0.020995452831613193,0.003376827565379603,True,0.020114560773822898,0.03259435032754543,-0.001615043449799125,True,0.030832454196189296,0.03259435032754543,-0.001615043449799125,True,0.015122577742868737,0.03832037273473299,-0.007194213175429898,True,0.01893996335291881,0.03832037273473299,-0.06210541042916151,True,20,True,True,True,True,False,False,2,13,TARGET_BEFORE_STOP,False,True,False,True,False,,15,STOP_BEFORE_TARGET,2023-10-05,2023-10-09,2023-10-11,2023-10-18,2023-11-01
MU|2023-10-05T00:00:00|Long,MU,2023-10-05,Long,0.013178797863813818,0.018537273319704672,-0.015206415718342026,True,0.0002895965558671332,0.018537273319704672,-0.015206415718342026,True,0.010137536818318305,0.02418534533146266,-0.015206415718342026,True,-0.022013094935297683,0.02418534533146266,-0.027081863344456836,True,0.020130330604135382,0.028674810138022977,-0.07487330565021555,True,20,True,False,True,False,True,False,,8,STOP_BEFORE_TARGET,False,True,False,True,False,,12,STOP_BEFORE_TARGET,2023-10-06,2023-10-10,2023-10-12,2023-10-19,2023-11-02
MU|2023-10-06T00:00:00|Long,MU,2023-10-06,Long,-0.006861002484569778,-0.00014296935908175712,-0.0197255184602233,True,0.0035734706013665907,0.00443106864852072,-0.0197255184602233,True,-0.010720411804099883,0.010863381163181751,-0.0197255184602233,True,-0.039165207255951295,0.010863381163181751,-0.04030874402126894,True,0.03745001116164293,0.046169288153270927,-0.08690677667128288,True,20,True,True,True,False,True,False,20,6,STOP_BEFORE_TARGET,False,True,False,True,False,,7,STOP_BEFORE_TARGET,2023-10-09,2023-10-11,2023-10-13,2023-10-20,2023-11-03
MU|2023-10-09T00:00:00|Long,MU,2023-10-09,Long,-0.005901031121186007,0.009067317544323439,-0.008491708963429101,True,0.0038859618598372503,0.017846830798199598,-0.008491708963429101,True,-0.005757074072435087,0.017846830798199598,-0.019286181671599345,True,-0.03742092656730078,0.017846830798199598,-0.04677604840207128,True,0.04951057348601062,0.05339664515290243,-0.08059876249645459,True,20,True,True,True,False,True,False,19,6,STOP_BEFORE_TARGET,True,True,False,True,False,19,8,STOP_BEFORE_TARGET,2023-10-10,2023-10-12,2023-10-16,2023-10-23,2023-11-06
MU|2023-10-10T00:00:00|Long,MU,2023-10-10,Long,0.016504986168891733,0.017373634769714874,-0.0020269203745041375,True,0.0020269203745042486,0.023888830652514903,-0.0020269203745041375,True,-0.0010134601872521243,0.023888830652514903,-0.02099315121831169,True,-0.014478065794387596,0.023888830652514903,-0.04111765383580046,True,0.054003234014971424,0.05964967083807249,-0.07514114159027419,True,20,True,True,True,False,True,False,18,5,STOP_BEFORE_TARGET,True,True,False,True,False,18,9,STOP_BEFORE_TARGET,2023-10-11,2023-10-13,2023-10-17,2023-10-24,2023-11-07
MU|2023-10-11T00:00:00|Long,MU,2023-10-11,Long,-0.006551760297264897,0.007263953039179816,-0.012961060313075756,True,-0.01609453451293197,0.007263953039179816,-0.02948297567037017,True,-0.015239990154918726,0.007263953039179816,-0.03688928032564831,True,-0.052841463222481955,0.007263953039179816,-0.061387232798681635,True,0.02948297567037006,0.04244414464880175,-0.0901580700598148,True,20,True,True,True,False,True,False,17,3,STOP_BEFORE_TARGET,False,True,False,True,False,,4,STOP_BEFORE_TARGET,2023-10-12,2023-10-16,2023-10-18,2023-10-25,2023-11-08
MU|2023-10-12T00:00:00|Long,MU,2023-10-12,Long,-0.007741948609711002,0.004444409442204256,-0.009462418094758118,True,-0.010752688172043001,0.004444409442204256,-0.030537595031082,True,-0.03182797449036734,0.004444409442204256,-0.036845873760920744,True,-0.07483872717853945,0.004444409442204256,-0.08415769077970991,True,0.05476702071432582,0.09103940464689741,-0.08415769077970991,True,20,True,True,True,False,True,False,16,2,STOP_BEFORE_TARGET,True,True,False,True,False,20,3,STOP_BEFORE_TARGET,2023-10-13,2023-10-17,2023-10-19,2023-10-26,2023-11-09
MU|2023-10-13T00:00:00|Long,MU,2023-10-13,Long,-0.001878301620251488,0.011847994591408506,-0.015460189408733505,True,-0.0010114101394335107,0.011847994591408506,-0.022973506125177012,True,-0.028753039879984454,0.011847994591408506,-0.0299089686780335,True,-0.051437618923367956,0.011847994591408506,-0.07701196484415518,True,0.08886001455328252,0.09955208034664187,-0.07701196484415518,True,20,True,True,True,False,True,False,15,2,STOP_BEFORE_TARGET,True,True,False,True,False,15,6,STOP_BEFORE_TARGET,2023-10-16,2023-10-18,2023-10-20,2023-10-27,2023-11-10
MU|2023-10-16T00:00:00|Long,MU,2023-10-16,Long,-0.0011581040667940634,0.00796171696272352,-0.021134902226020436,True,-0.022437796911884522,0.010133134477241734,-0.02750436415050539,True,-0.03184719917954193,0.010133134477241734,-0.04125649100431672,True,-0.04357269913790496,0.010133134477241734,-0.07527505247693567,True,0.08251298200863344,0.10162125733920568,-0.07527505247693567,True,20,True,True,True,False,True,False,14,1,STOP_BEFORE_TARGET,True,True,False,True,False,14,5,STOP_BEFORE_TARGET,2023-10-17,2023-10-19,2023-10-23,2023-10-30,2023-11-13
MU|2023-10-17T00:00:00|Long,MU,2023-10-17,Long,0.0020289766615715354,0.007971058721127688,-0.014782560044440674,True,-0.025797083757925776,0.011304330134737306,-0.026956530584805294,True,-0.013478265292402591,0.011304330134737306,-0.040144878885020385,True,-0.030869525411854615,0.011304330134737306,-0.0742028830707937,True,0.1184057705644248,0.12246372388756788,-0.0742028830707937,True,20,True,True,True,False,True,False,13,2,STOP_BEFORE_TARGET,True,True,False,True,False,13,4,STOP_BEFORE_TARGET,2023-10-18,2023-10-20,2023-10-24,2023-10-31,2023-11-14
MU|2023-10-18T00:00:00|Long,MU,2023-10-18,Long,-0.023286095235236726,0.009256572104399785,-0.028348265863104793,True,-0.032687332313873774,0.009256572104399785,-0.04208845904546721,True,-0.03818338751741002,0.009256572104399785,-0.046861410071904364,True,0.003760516900863653,0.009256572104399785,-0.07607750025986726,True,0.11570726165204093,0.12091409725414626,-0.07607750025986726,True,20,True,True,True,False,True,False,12,1,STOP_BEFORE_TARGET,True,True,False,True,False,12,3,STOP_BEFORE_TARGET,2023-10-19,2023-10-23,2023-10-25,2023-11-01,2023-11-15
MU|2023-10-19T00:00:00|Long,MU,2023-10-19,Long,-0.0045905162771717745,0.014660119675184102,-0.00577520208349247,True,0.007996459725879479,0.014660119675184102,-0.019250635952355877,True,-0.04442470093631523,0.024729723073196652,-0.05405001891249328,True,0.043092014137597,0.05182881775903447,-0.05405001891249328,True,0.13534724648107876,0.14763810752147832,-0.05405001891249328,True,20,True,True,True,False,True,False,9,4,STOP_BEFORE_TARGET,True,True,False,True,False,10,5,STOP_BEFORE_TARGET,2023-10-20,2023-10-24,2023-10-26,2023-11-02,2023-11-16
MU|2023-10-20T00:00:00|Long,MU,2023-10-20,Long,-0.005058077374453185,0.01398396941886304,-0.014727727548220049,True,-0.010711115852841901,0.029455455096440097,-0.019637007897251757,True,-0.02335613904066214,0.029455455096440097,-0.049687594345940056,True,0.07973818079462824,0.08881286986445969,-0.049687594345940056,True,0.1538232096119927,0.1594763615892567,-0.049687594345940056,True,20,True,True,True,False,True,False,8,4,STOP_BEFORE_TARGET,True,True,False,True,False,9,4,STOP_BEFORE_TARGET,2023-10-23,2023-10-25,2023-10-27,2023-11-03,2023-11-17
MU|2023-10-23T00:00:00|Long,MU,2023-10-23,Long,0.017793099435951865,0.02197968422655694,0.0037380384310232717,True,-0.03513753843644174,0.034688992076859826,-0.044856404134338,True,-0.012111208012233532,0.034688992076859826,-0.044856404134338,True,0.09031102218262532,0.09434816757062303,-0.044856404134338,True,0.1755383668554813,0.1798745051245738,-0.044856404134338,True,20,True,True,True,True,False,False,2,3,TARGET_BEFORE_STOP,True,True,False,True,False,8,3,STOP_BEFORE_TARGET,2023-10-24,2023-10-26,2023-10-30,2023-11-06,2023-11-20
MU|2023-10-24T00:00:00|Long,MU,2023-10-24,Long,-0.02306448805439898,0.016600517973909934,-0.031878921384956516,True,-0.035551611279488804,0.016600517973909934,-0.061554262457673814,True,-0.01762886666111485,0.016600517973909934,-0.061554262457673814,True,0.06948734212045604,0.07521672938939838,-0.061554262457673814,True,0.1269281537885094,0.15924789210935453,-0.061554262457673814,True,20,True,True,True,False,True,False,7,1,STOP_BEFORE_TARGET,True,True,False,True,False,8,1,STOP_BEFORE_TARGET,2023-10-25,2023-10-27,2023-10-31,2023-11-07,2023-11-21
MU|2023-10-25T00:00:00|Long,MU,2023-10-25,Long,-0.029624078506813922,0.014135375058740518,-0.039398480178718276,True,-0.006466170002643379,0.0157895195753055,-0.039398480178718276,True,0.04360904550193845,0.04751885206179507,-0.039398480178718276,True,0.08691727487664469,0.10060154047227443,-0.039398480178718276,True,0.15939847329505397,0.18661659642269735,-0.039398480178718276,True,20,True,True,True,False,True,False,5,1,STOP_BEFORE_TARGET,True,True,False,True,False,6,1,STOP_BEFORE_TARGET,2023-10-26,2023-10-30,2023-11-01,2023-11-08,2023-11-22
MU|2023-10-26T00:00:00|Long,MU,2023-10-26,Long,0.017356311293490467,0.026964170102042218,0.005423810332278789,True,0.0362622657918894,0.04680000510754456,0.005423810332278789,True,0.09158536764152991,0.10072834531162878,0.005423810332278789,True,0.14008989751333512,0.17929644992549143,0.005423810332278789,True,0.1912289508867029,0.22284216883366859,0.005423810332278789,True,20,True,True,False,True,False,False,2,,TARGET_BEFORE_STOP,True,False,True,False,False,4,,TARGET_BEFORE_STOP,2023-10-27,2023-10-31,2023-11-02,2023-11-09,2023-11-24
MU|2023-10-27T00:00:00|Long,MU,2023-10-27,Long,0.006397534793350257,0.028941378243988902,-0.007311551344661882,True,0.05712109539741239,0.06108152388465293,-0.007311551344661882,True,0.10555978894294471,0.11485149642464387,-0.007311551344661882,True,0.14790554240345322,0.15917740602218955,-0.007311551344661882,True,0.18065499367393634,0.2019802258649368,-0.007311551344661882,True,20,True,True,False,True,False,False,3,,TARGET_BEFORE_STOP,True,False,True,False,False,3,,TARGET_BEFORE_STOP,2023-10-30,2023-11-01,2023-11-03,2023-11-10,2023-11-27
MU|2023-10-30T00:00:00|Long,MU,2023-10-30,Long,0.012108416156394908,0.01513546245828623,-0.01225968763939922,True,0.06614201251350038,0.07507187993617026,-0.01225968763939922,True,0.10367789474437838,0.10776453427378785,-0.01225968763939922,True,0.13182986415474396,0.1518086699807053,-0.01225968763939922,True,0.15211144389554332,0.19433939801109168,-0.01225968763939922,True,20,True,True,False,True,False,False,2,,TARGET_BEFORE_STOP,True,False,True,False,False,2,,TARGET_BEFORE_STOP,2023-10-31,2023-11-02,2023-11-06,2023-11-13,2023-11-28
MU|2023-10-31T00:00:00|Long,MU,2023-10-31,Long,0.03783458464754119,0.04172275760329547,0.001944029431412142,True,0.08538954463800308,0.09451173074981312,0.001944029431412142,True,0.0886795283626467,0.09451173074981312,0.001944029431412142,True,0.15403013308369795,0.15821734360854256,0.001944029431412142,True,0.14685209049623005,0.18169572898821817,0.001944029431412142,True,20,True,True,False,True,False,False,1,,TARGET_BEFORE_STOP,True,False,True,False,False,2,,TARGET_BEFORE_STOP,2023-11-01,2023-11-03,2023-11-07,2023-11-14,2023-11-29
MU|2023-11-01T00:00:00|Long,MU,2023-11-01,Long,0.014985603640650158,0.02348699160777623,0.0050432055680946775,True,0.050720411609123994,0.05461096299996582,0.0050432055680946775,True,0.04149851858928311,0.05461096299996582,0.0050432055680946775,True,0.11152734428807354,0.1167146728534385,0.0050432055680946775,True,0.09682998664196374,0.13861664129215123,0.0050432055680946775,True,20,True,True,False,True,False,False,2,,TARGET_BEFORE_STOP,True,False,True,False,False,2,,TARGET_BEFORE_STOP,2023-11-02,2023-11-06,2023-11-08,2023-11-15,2023-11-30
MU|2023-11-02T00:00:00|Long,MU,2023-11-02,Long,0.03038045592670935,0.03904031664802288,0.010079486937315973,True,0.033503698588237096,0.03904031664802288,0.010079486937315973,True,0.04443493959304701,0.08035201357954191,0.010079486937315973,True,0.08844400215234693,0.10022710553518843,0.010079486937315973,True,0.0779386381812841,0.1218057056258226,0.010079486937315973,True,20,True,True,False,True,False,False,1,,TARGET_BEFORE_STOP,True,False,True,False,False,5,,TARGET_BEFORE_STOP,2023-11-03,2023-11-07,2023-11-09,2023-11-16,2023-12-01
MU|2023-11-03T00:00:00|Long,MU,2023-11-03,Long,0.00468443550996378,0.005648884298311119,-0.007715695423814006,True,-0.004133412016937288,0.00757778187500624,-0.011986810755490795,True,0.03830254490442031,0.0484981613979556,-0.011986810755490795,True,0.0686138826385132,0.07384955187557174,-0.011986810755490795,True,0.023560196215660634,0.0887296038790708,-0.011986810755490795,True,20,True,True,False,True,False,False,4,,TARGET_BEFORE_STOP,True,False,True,False,False,7,,TARGET_BEFORE_STOP,2023-11-06,2023-11-08,2023-11-10,2023-11-17,2023-12-04
MU|2023-11-06T00:00:00|Long,MU,2023-11-06,Long,-0.0016455721365966625,0.0028798558659604012,-0.016593515014485583,True,0.00891389937192466,0.04360944027738678,-0.016593515014485583,True,0.025507414386410243,0.04360944027738678,-0.016593515014485583,True,0.07816791992274341,0.08214489363104582,-0.016593515014485583,True,0.010559576135437343,0.08365329988062076,-0.016593515014485583,True,20,True,True,False,True,False,False,3,,TARGET_BEFORE_STOP,True,False,True,False,False,6,,TARGET_BEFORE_STOP,2023-11-07,2023-11-09,2023-11-13,2023-11-20,2023-12-05
MU|2023-11-07T00:00:00|Long,MU,2023-11-07,Long,-0.007142915531078153,-0.00027478395085667184,-0.01483518936512751,True,0.035164800154935394,0.045329605549839336,-0.01483518936512751,True,0.060027402939538455,0.0638735398565633,-0.01483518936512751,True,0.05370873446165936,0.08392857629425654,-0.01483518936512751,True,0.004532887195424218,0.0854394688264839,-0.01483518936512751,True,20,True,True,False,True,False,False,2,,TARGET_BEFORE_STOP,True,False,True,False,False,5,,TARGET_BEFORE_STOP,2023-11-08,2023-11-10,2023-11-14,2023-11-21,2023-12-06
MU|2023-11-08T00:00:00|Long,MU,2023-11-08,Long,0.017847273620829718,0.05285002434059782,0.016878821822179813,True,0.034587715027965205,0.05285002434059782,0.015356953916682903,True,0.06723852645863082,0.07221916586692423,0.015356953916682903,True,0.06668511035178382,0.09172668780829496,0.015356953916682903,True,0.018954105834523727,0.09324845016046224,0.00899282701793691,True,20,True,True,False,True,False,False,1,,TARGET_BEFORE_STOP,True,False,True,False,False,1,,TARGET_BEFORE_STOP,2023-11-09,2023-11-13,2023-11-15,2023-11-22,2023-12-07
MU|2023-11-09T00:00:00|Long,MU,2023-11-09,Long,0.02433058207085015,0.030447164238973423,0.0,True,0.048932968452551906,0.05273885101960829,-0.002446653607753757,True,0.04213671995351631,0.05341851735052083,-0.002446653607753757,True,0.04485528157464391,0.07258398789501208,-0.002446653607753757,True,0.01889356253111729,0.07407906715847923,-0.008699189782563788,True,20,True,True,False,True,False,False,1,,TARGET_BEFORE_STOP,True,False,True,False,False,3,,TARGET_BEFORE_STOP,2023-11-10,2023-11-14,2023-11-16,2023-11-24,2023-12-08
MU|2023-11-10T00:00:00|Long,MU,2023-11-10,Long,-0.00769641489327455,-0.0021231908282043355,-0.026141204946228735,True,0.023619941147563717,0.028397019271712676,-0.026141204946228735,True,0.029193165212634042,0.03423569280996386,-0.026141204946228735,True,0.028529744008303215,0.04710725879784805,-0.026141204946228735,True,0.03224522671834995,0.0485668259430998,-0.03224522671835006,True,20,True,True,True,False,True,False,5,1,STOP_BEFORE_TARGET,False,True,False,True,False,,16,STOP_BEFORE_TARGET,2023-11-13,2023-11-15,2023-11-17,2023-11-27,2023-12-11
MU|2023-11-13T00:00:00|Long,MU,2023-11-13,Long,0.03196040958361346,0.035704709983019,0.015111057786288074,True,0.02527412972052212,0.03637337877914182,0.015111057786288074,True,0.051350682401298364,0.055228736964835434,0.015111057786288074,True,0.01791928308584212,0.055228736964835434,-0.010564334426628186,True,0.04519931717019854,0.05669962467214407,-0.02473921508853072,True,20,True,True,True,True,False,False,1,15,TARGET_BEFORE_STOP,True,False,True,False,False,5,,TARGET_BEFORE_STOP,2023-11-14,2023-11-16,2023-11-20,2023-11-28,2023-12-12
MU|2023-11-14T00:00:00|Long,MU,2023-11-14,Long,-0.0003887362966006336,0.004276296992157924,-0.011144235204836983,True,0.005053769585359191,0.009978026315035082,-0.011144235204836983,True,-0.005960853899019125,0.0225476938505913,-0.011144235204836983,True,-0.006219978475161092,0.023973027316535056,-0.04120772814084983,True,0.03395105363157014,0.04017103210673123,-0.05494360456620806,True,20,True,True,True,False,True,False,20,9,STOP_BEFORE_TARGET,False,True,False,True,False,,9,STOP_BEFORE_TARGET,2023-11-15,2023-11-17,2023-11-21,2023-11-29,2023-12-13
MU|2023-11-15T00:00:00|Long,MU,2023-11-15,Long,-0.006092834125251412,0.004407622115314425,-0.008555821077740555,True,0.019185939443139288,0.02294534983751184,-0.00868548320257334,True,-0.0005185495961088638,0.02294534983751184,-0.010759681587009018,True,-0.01322266853949805,0.024371237597783146,-0.04083486583876761,True,0.06546542768621655,0.06818773888837137,-0.05457608397437452,True,20,True,True,True,False,True,False,19,8,STOP_BEFORE_TARGET,True,True,False,True,False,20,8,STOP_BEFORE_TARGET,2023-11-16,2023-11-20,2023-11-22,2023-11-30,2023-12-14
MU|2023-11-16T00:00:00|Long,MU,2023-11-16,Long,0.011608183264688376,0.016564553316702035,-0.0026085424940468505,True,0.0005217284007128509,0.029216193382816114,-0.004695456096898365,True,0.0026086420035644764,0.029216193382816114,-0.004695456096898365,True,-0.009651726639394398,0.030650822097879615,-0.034955006771622665,True,0.061823472105989596,0.08243119663180187,-0.04878046110720258,True,20,True,True,True,False,True,False,8,7,STOP_BEFORE_TARGET,True,True,False,True,False,19,7,STOP_BEFORE_TARGET,2023-11-17,2023-11-21,2023-11-24,2023-12-01,2023-12-15
MU|2023-11-17T00:00:00|Long,MU,2023-11-17,Long,0.01366690589678643,0.017405958561251156,-0.005544099003496394,True,-0.005930880595053423,0.017405958561251156,-0.016116555432530433,True,-0.0006446031967124455,0.017405958561251156,-0.016116555432530433,True,-0.04216086572973454,0.01882412494107788,-0.05453836849780014,True,0.051572977384097385,0.07001032073361801,-0.05969568590973939,True,20,True,True,True,False,True,False,17,6,STOP_BEFORE_TARGET,True,True,False,True,False,18,6,STOP_BEFORE_TARGET,2023-11-20,2023-11-22,2023-11-27,2023-12-04,2023-12-18
MU|2023-11-20T00:00:00|Long,MU,2023-11-20,Long,-0.02429411848618146,-0.00877642352201835,-0.029381901644473185,True,-0.022258966406307867,-0.0021623733452137417,-0.029381901644473185,True,-0.031798523437582604,-0.0021623733452137417,-0.05889092751289415,True,-0.06270669210056867,0.005087686116899359,-0.07097432760261857,True,0.04515384505653186,0.055583756862403355,-0.07237347039718367,True,20,True,True,True,False,True,False,17,1,STOP_BEFORE_TARGET,True,True,False,True,False,18,5,STOP_BEFORE_TARGET,2023-11-21,2023-11-24,2023-11-28,2023-12-05,2023-12-19
MU|2023-11-21T00:00:00|Long,MU,2023-11-21,Long,0.00508407501372754,0.022682803865679224,0.001825047468639207,True,0.010428927927333964,0.022682803865679224,-0.004432229721658909,True,-0.00026067844225086123,0.030113382690175605,-0.03545823560378192,True,-0.046669298315496155,0.030113382690175605,-0.049276480568515746,True,0.025811541918456138,0.0818667560193993,-0.049276480568515746,True,20,True,True,True,False,True,False,5,4,STOP_BEFORE_TARGET,True,True,False,True,False,16,4,STOP_BEFORE_TARGET,2023-11-22,2023-11-27,2023-11-29,2023-12-06,2023-12-20
MU|2023-11-22T00:00:00|Long,MU,2023-11-22,Long,-0.00298308342530329,-0.0011672677000225118,-0.009468167859745025,True,-0.012710710076965892,0.015434532619422514,-0.04033723309859005,True,-0.012710710076965892,0.02490270047916754,-0.04033723309859005,True,-0.04474704301583343,0.02490270047916754,-0.05408558043415512,True,0.10869007845214518,0.11569388256135116,-0.05408558043415512,True,20,True,True,True,False,True,False,14,3,STOP_BEFORE_TARGET,True,True,False,True,False,15,3,STOP_BEFORE_TARGET,2023-11-24,2023-11-28,2023-11-30,2023-12-07,2023-12-21
MU|2023-11-24T00:00:00|Long,MU,2023-11-24,Long,0.008325736526357819,0.018472721714693163,-0.002731872992966622,True,-0.0023416196012011614,0.027969218416347363,-0.03746591361921814,True,-0.012228468945228999,0.027969218416347363,-0.03746591361921814,True,-0.02484719128222357,0.027969218416347363,-0.05125539613150909,True,0.12514628299028185,0.13815525871904177,-0.05125539613150909,True,20,True,True,True,False,True,False,13,2,STOP_BEFORE_TARGET,True,True,False,True,False,14,2,STOP_BEFORE_TARGET,2023-11-27,2023-11-29,2023-12-01,2023-12-08,2023-12-22
MU|2023-11-27T00:00:00|Long,MU,2023-11-27,Long,-0.01793316154482094,-0.01638503725272511,-0.04541354890268523,True,-0.01793316154482094,0.019481285836916884,-0.04541354890268523,True,-0.04154304131025177,0.019481285836916884,-0.05392852780250312,True,0.00361242125635286,0.019481285836916884,-0.059089171782048755,True,0.1232098459445059,0.13366017707163746,-0.059089171782048755,True,20,True,True,True,False,True,False,12,1,STOP_BEFORE_TARGET,True,True,False,True,False,13,1,STOP_BEFORE_TARGET,2023-11-28,2023-11-30,2023-12-04,2023-12-11,2023-12-26
MU|2023-11-28T00:00:00|Long,MU,2023-11-28,Long,0.007488172283990346,0.03809765885241756,0.003415587197250991,True,-0.0024960908375004642,0.03809765885241756,-0.015107744145878232,True,-0.03192328189038185,0.03809765885241756,-0.04046245034053142,True,0.026799800865994428,0.03809765885241756,-0.04190754501187255,True,0.13846558769338224,0.15436152884962429,-0.04190754501187255,True,20,True,True,True,True,False,False,1,4,TARGET_BEFORE_STOP,True,True,False,True,False,11,4,STOP_BEFORE_TARGET,2023-11-29,2023-12-01,2023-12-05,2023-12-12,2023-12-27
MU|2023-11-29T00:00:00|Long,MU,2023-11-29,Long,-0.007432516321272953,0.004042216048051328,-0.022427971912209355,True,-0.031294842215093044,0.004042216048051328,-0.04381275920441807,True,-0.04642072075441961,0.004042216048051328,-0.04902858282086031,True,0.04042245893119634,0.04668136768407849,-0.04902858282086031,True,0.1213977997419795,0.14578171794579986,-0.04902858282086031,True,20,True,True,True,False,True,False,10,1,STOP_BEFORE_TARGET,True,True,False,True,False,11,3,STOP_BEFORE_TARGET,2023-11-30,2023-12-04,2023-12-06,2023-12-13,2023-12-28
MU|2023-11-30T00:00:00|Long,MU,2023-11-30,Long,-0.0024960908375004642,0.0055175795295694385,-0.013531350125150277,True,-0.03192328189038185,0.0055175795295694385,-0.04046245034053142,True,-0.03244877997346152,0.0055175795295694385,-0.04190754501187255,True,0.07974250493700596,0.08250129470179068,-0.04190754501187255,True,0.1211244516372878,0.15436152884962429,-0.04190754501187255,True,20,True,True,True,False,True,False,7,2,STOP_BEFORE_TARGET,True,True,False,True,False,9,2,STOP_BEFORE_TARGET,2023-12-01,2023-12-05,2023-12-07,2023-12-14,2023-12-29
MU|2023-12-01T00:00:00|Long,MU,2023-12-01,Long,-0.021598832912643195,-0.004346132355173893,-0.03424204482643556,True,-0.03687611010804848,-0.004346132355173893,-0.03951007491034486,True,-0.012774940297702098,-0.004346132355173893,-0.03951007491034486,True,0.07217178104712918,0.09298034413563028,-0.03951007491034486,True,0.08441980780919223,0.15725013029655366,-0.03951007491034486,True,20,True,True,True,False,True,False,6,1,STOP_BEFORE_TARGET,True,True,False,True,False,8,1,STOP_BEFORE_TARGET,2023-12-04,2023-12-06,2023-12-08,2023-12-15,2024-01-02
MU|2023-12-04T00:00:00|Long,MU,2023-12-04,Long,-0.008076436488449246,-0.004307439640337085,-0.01682595214154503,True,-0.00861487928067406,0.014941453717489006,-0.018306644145797968,True,0.04711266599632613,0.05680443086144993,-0.018306644145797968,True,0.09785969246834281,0.11710858582616868,-0.018306644145797968,True,0.10728228728608502,0.182797168713136,-0.018306644145797968,True,20,True,True,False,True,False,False,5,,TARGET_BEFORE_STOP,True,False,True,False,False,5,,TARGET_BEFORE_STOP,2023-12-05,2023-12-07,2023-12-11,2023-12-18,2024-01-03
MU|2023-12-05T00:00:00|Long,MU,2023-12-05,Long,-0.007599473055161843,0.023205306389185498,-0.010313504017519515,True,0.017234314031624898,0.023205306389185498,-0.010313504017519515,True,0.06065953416486036,0.06540914011580856,-0.010313504017519515,True,0.11507661075573772,0.12620430335523558,-0.010313504017519515,True,0.12240461859447693,0.19242773558666726,-0.010313504017519515,True,20,True,True,False,True,False,False,4,,TARGET_BEFORE_STOP,True,False,True,False,False,4,,TARGET_BEFORE_STOP,2023-12-06,2023-12-08,2023-12-12,2023-12-19,2024-01-04
MU|2023-12-06T00:00:00|Long,MU,2023-12-06,Long,0.007110683604417023,0.014768246569354382,-0.0019143907412343397,True,0.06372219112713795,0.07356768884004095,-0.0019143907412343397,True,0.0910707495178813,0.09763434510883595,-0.0019143907412343397,True,0.07602906326826675,0.1348284012124823,-0.0019143907412343397,True,0.14111855712317678,0.2015589504548374,-0.0019143907412343397,True,20,True,True,False,True,False,False,2,,TARGET_BEFORE_STOP,True,False,True,False,False,3,,TARGET_BEFORE_STOP,2023-12-07,2023-12-11,2023-12-13,2023-12-20,2024-01-05
MU|2023-12-07T00:00:00|Long,MU,2023-12-07,Long,0.01778679608218936,0.023082103367572104,-0.002987117666600758,True,0.06123560139568718,0.0659877869607901,-0.002987117666600758,True,0.11595384573789302,0.11880515707695483,-0.002987117666600758,True,0.16062459722961298,0.1679564814786998,-0.002987117666600758,True,0.1534283121283131,0.19307536898972844,-0.002987117666600758,True,20,True,True,False,True,False,False,2,,TARGET_BEFORE_STOP,True,False,True,False,False,2,,TARGET_BEFORE_STOP,2023-12-08,2023-12-12,2023-12-14,2023-12-21,2024-01-08
MU|2023-12-08T00:00:00|Long,MU,2023-12-08,Long,0.03775349340473633,0.047358632538899936,0.026814329786282398,True,0.06443439020872654,0.07083774844513946,0.026814329786282398,True,0.08604595326059417,0.10712378438329284,0.026814329786282398,True,0.15381535379027533,0.16715580219227033,0.026814329786282398,True,0.11165958976533408,0.1722252377239366,0.026814329786282398,True,20,True,True,False,True,False,False,1,,TARGET_BEFORE_STOP,True,False,True,False,False,3,,TARGET_BEFORE_STOP,2023-12-11,2023-12-13,2023-12-15,2023-12-22,2024-01-09
MU|2023-12-11T00:00:00|Long,MU,2023-12-11,Long,0.004756430675246115,0.0060419233213984125,-0.008870065989014853,True,0.05656255912192232,0.059262123101882835,-0.008870065989014853,True,0.04846376910523853,0.06684659836794316,-0.008870065989014853,True,0.11916694348844081,0.1295796594989198,-0.008870065989014853,True,0.05900496572657099,0.1295796594989198,-0.008870065989014853,True,20,True,True,False,True,False,False,2,,TARGET_BEFORE_STOP,True,False,True,False,False,3,,TARGET_BEFORE_STOP,2023-12-12,2023-12-14,2023-12-18,2023-12-26,2024-01-10
MU|2023-12-12T00:00:00|Long,MU,2023-12-12,Long,0.020854620995983453,0.026995814765806037,-0.0016633172559014087,True,0.04158136959729375,0.061796238169851136,-0.0016633172559014087,True,0.05130494266826546,0.061796238169851136,-0.0016633172559014087,True,0.10875127433138365,0.12423232637564352,-0.0016633172559014087,True,0.06691396471971345,0.12423232637564352,-0.0016633172559014087,True,20,True,True,False,True,False,False,2,,TARGET_BEFORE_STOP,True,False,True,False,False,2,,TARGET_BEFORE_STOP,2023-12-13,2023-12-15,2023-12-19,2023-12-27,2024-01-11
MU|2023-12-13T00:00:00|Long,MU,2023-12-13,Long,0.030078976041368444,0.032710873297454146,0.01253289871570118,True,0.022183188654682162,0.04010523764287188,0.01253289871570118,True,-0.013786169463585352,0.04010523764287188,-0.014538208407059106,True,0.07782928955029211,0.10126584457128751,-0.014538208407059106,True,0.03258551753713701,0.10126584457128751,-0.014538208407059106,True,20,True,True,False,True,False,False,1,,TARGET_BEFORE_STOP,True,False,True,False,False,6,,TARGET_BEFORE_STOP,2023-12-14,2023-12-18,2023-12-20,2023-12-28,2024-01-12
MU|2023-12-14T00:00:00|Long,MU,2023-12-14,Long,-0.009490190487011385,0.009733488241877142,-0.013140306594158213,True,-0.00024339058117439638,0.009733488241877142,-0.01679042270130504,True,0.040029210582793295,0.04659927105356365,-0.04331433364448711,True,0.03832575499349855,0.06910816567045464,-0.04331433364448711,True,0.02944394813311435,0.06910816567045464,-0.04331433364448711,True,20,True,True,True,False,True,False,5,4,STOP_BEFORE_TARGET,True,True,False,True,False,6,4,STOP_BEFORE_TARGET,2023-12-15,2023-12-19,2023-12-21,2023-12-29,2024-01-16
MU|2023-12-15T00:00:00|Long,MU,2023-12-15,Long,0.0018424504328353741,0.005527538729882542,-0.007370176594094446,True,-0.03341114234550879,0.010563726105779603,-0.034148216234331175,True,0.062400122505147815,0.07468362520772076,-0.034148216234331175,True,0.011423567546332114,0.07935141621273911,-0.034148216234331175,True,0.022970090075771,0.07935141621273911,-0.034148216234331175,True,20,True,True,True,False,True,False,4,3,STOP_BEFORE_TARGET,True,True,False,True,False,4,3,STOP_BEFORE_TARGET,2023-12-18,2023-12-20,2023-12-22,2024-01-02,2024-01-17
MU|2023-12-18T00:00:00|Long,MU,2023-12-18,Long,0.007479164156587004,0.008705236705807584,-0.00478174842229806,True,0.04806284840216746,0.05468365887662685,-0.03592447759786688,True,0.06743501918386796,0.07736642198223564,-0.03592447759786688,True,0.0085826949312231,0.07736642198223564,-0.03592447759786688,True,0.039970601199300404,0.07736642198223564,-0.03592447759786688,True,20,True,True,True,False,True,False,3,2,STOP_BEFORE_TARGET,True,True,False,True,False,3,2,STOP_BEFORE_TARGET,2023-12-19,2023-12-21,2023-12-26,2024-01-03,2024-01-18
MU|2023-12-19T00:00:00|Long,MU,2023-12-19,Long,-0.042351172022470185,-0.0066933848681907104,-0.04308142867727638,True,0.052573929549591725,0.06474382150874636,-0.04308142867727638,True,0.05464288174781751,0.06936843987652574,-0.04308142867727638,True,0.006571752799812369,0.06936843987652574,-0.04308142867727638,True,0.0649872713433175,0.06936843987652574,-0.04308142867727638,True,20,True,True,True,False,True,False,2,1,STOP_BEFORE_TARGET,True,True,False,True,False,3,1,STOP_BEFORE_TARGET,2023-12-20,2023-12-22,2023-12-27,2024-01-04,2024-01-19
MU|2023-12-20T00:00:00|Long,MU,2023-12-20,Long,0.08628797439145175,0.09315026018862027,0.0561697551380369,True,0.10636669027199397,0.11666031287788248,0.0561697551380369,True,0.09289614095560461,0.11666031287788248,0.0561697551380369,True,0.0604904607847776,0.11666031287788248,0.024018291155293303,True,0.13407034051395494,0.14309307608956168,0.024018291155293303,True,20,True,True,False,True,False,False,1,,TARGET_BEFORE_STOP,True,False,True,False,False,1,,TARGET_BEFORE_STOP,2023-12-21,2023-12-26,2023-12-28,2024-01-05,2024-01-22
MU|2023-12-21T00:00:00|Long,MU,2023-12-21,Long,0.011815564660410338,0.023514207158403133,0.0016378028094343744,True,0.013804401717774084,0.02795974842991833,0.0016378028094343744,True,-0.0016378920629933624,0.02795974842991833,-0.005264442676232273,True,-0.00620035549692588,0.02795974842991833,-0.05732336609087707,True,0.023982163568750048,0.05229285699303876,-0.05732336609087707,True,20,True,True,True,False,True,False,19,6,STOP_BEFORE_TARGET,True,True,False,True,False,19,6,STOP_BEFORE_TARGET,2023-12-22,2023-12-27,2023-12-29,2024-01-08,2024-01-23
MU|2023-12-22T00:00:00|Long,MU,2023-12-22,Long,0.006590353901060553,0.015955658652994087,-0.0006936936070718325,True,-0.005665370284102966,0.015955658652994087,-0.00751533751801825,True,-0.0479824445413396,0.015955658652994087,-0.0548040002409933,True,-0.03653597075689785,0.015955658652994087,-0.06833155484665043,True,0.018383674489038215,0.040004615214842554,-0.06833155484665043,True,20,True,True,True,False,True,False,18,5,STOP_BEFORE_TARGET,False,True,False,True,False,,5,STOP_BEFORE_TARGET,2023-12-26,2023-12-28,2024-01-02,2024-01-09,2024-01-24
MU|2023-12-26T00:00:00|Long,MU,2023-12-26,Long,-0.004594462528156762,0.004939126088148393,-0.009648476469635625,True,-0.01975650435259335,0.004939126088148393,-0.02331723910204142,True,-0.0551343390416793,0.004939126088148393,-0.07443137961470592,True,-0.05375603533673445,0.004939126088148393,-0.07443137961470592,True,0.024580742587411164,0.03422930669080215,-0.07443137961470592,True,20,True,True,True,False,True,False,17,3,STOP_BEFORE_TARGET,False,True,False,True,False,,4,STOP_BEFORE_TARGET,2023-12-27,2023-12-29,2024-01-03,2024-01-10,2024-01-25
MU|2023-12-27T00:00:00|Long,MU,2023-12-27,Long,-0.007616012395784688,0.001038499124019543,-0.009462350445033296,True,-0.0498500708707863,0.001038499124019543,-0.05665824434134192,True,-0.045580480160581804,0.001038499124019543,-0.07015926118305793,True,-0.03773371952776283,0.001038499124019543,-0.07015926118305793,True,0.01603968764031105,0.03900296688881655,-0.07015926118305793,True,20,True,True,True,False,True,False,16,3,STOP_BEFORE_TARGET,False,True,False,True,False,,3,STOP_BEFORE_TARGET,2023-12-28,2024-01-02,2024-01-04,2024-01-11,2024-01-26
MU|2023-12-28T00:00:00|Long,MU,2023-12-28,Long,-0.007674461187318293,0.0016278998796330768,-0.011279083961664216,True,-0.04348834725313411,0.0016278998796330768,-0.06302323452261993,True,-0.02965119827625362,0.0016278998796330768,-0.06302323452261993,True,-0.0419767512831577,0.0016278998796330768,-0.06302323452261993,True,0.03569767087004916,0.04697675483171326,-0.06302323452261993,True,20,True,True,True,False,True,False,15,2,STOP_BEFORE_TARGET,False,True,False,True,False,,2,STOP_BEFORE_TARGET,2023-12-29,2024-01-03,2024-01-05,2024-01-12,2024-01-29
MU|2023-12-29T00:00:00|Long,MU,2023-12-29,Long,-0.03515350514103566,-0.01476440779124455,-0.04206698490677907,True,-0.030817873989646083,-0.012655193906783047,-0.055776830455786186,True,-0.004569948516335742,0.001992099901981792,-0.055776830455786186,True,-0.008553969520326166,0.001992099901981792,-0.055776830455786186,True,0.00960871056253687,0.0550738783609479,-0.055776830455786186,True,20,True,True,True,False,True,False,14,1,STOP_BEFORE_TARGET,True,True,False,True,False,14,1,STOP_BEFORE_TARGET,2024-01-02,2024-01-04,2024-01-08,2024-01-16,2024-01-30
MU|2024-01-02T00:00:00|Long,MU,2024-01-02,Long,-0.0009715108722120336,0.003036191536541999,-0.021374721704062516,True,0.013480697834823419,0.023318021420123847,-0.021374721704062516,True,0.012023385197899028,0.03849897910283362,-0.021374721704062516,True,0.01141610982770569,0.03849897910283362,-0.021374721704062516,True,0.0414136970338943,0.09351475491982009,-0.021374721704062516,True,20,True,True,True,False,True,False,4,1,STOP_BEFORE_TARGET,True,False,True,False,False,12,,TARGET_BEFORE_STOP,2024-01-03,2024-01-05,2024-01-09,2024-01-17,2024-01-31
MU|2024-01-03T00:00:00|Long,MU,2024-01-03,Long,0.005470422277608966,0.024313152784603664,0.004254783187842115,True,0.03270112742711606,0.03950887327498109,-0.015195720490377318,True,0.0014587298087931355,0.03950887327498109,-0.015195720490377318,True,0.031120805885151093,0.043277382277453036,-0.015195720490377318,True,0.04072451236474772,0.09457814949253773,-0.015195720490377318,True,20,True,True,False,True,False,False,3,,TARGET_BEFORE_STOP,True,False,True,False,False,11,,TARGET_BEFORE_STOP,2024-01-04,2024-01-08,2024-01-10,2024-01-18,2024-02-01
MU|2024-01-04T00:00:00|Long,MU,2024-01-04,Long,0.008946897254995312,0.009914154321132962,-0.020553705320513482,True,0.007496103898499751,0.033853259373127775,-0.020553705320513482,True,0.008221500576747642,0.033853259373127775,-0.020553705320513482,True,0.058034132570301544,0.06141944005907218,-0.020553705320513482,True,0.045580997632590936,0.08862292240589276,-0.020553705320513482,True,20,True,True,True,False,True,False,2,1,STOP_BEFORE_TARGET,True,False,True,False,False,10,,TARGET_BEFORE_STOP,2024-01-05,2024-01-09,2024-01-11,2024-01-19,2024-02-02
MU|2024-01-05T00:00:00|Long,MU,2024-01-05,Long,0.01797483588801496,0.024685503455032398,0.0045536836034660855,True,-0.012822045943127636,0.024685503455032398,-0.021449890372590596,True,-0.012702188104946055,0.024685503455032398,-0.021449890372590596,True,0.06938287749870686,0.07789095551473135,-0.021449890372590596,True,0.04230085725324595,0.0789694932088787,-0.021449890372590596,True,20,True,True,True,False,True,False,9,3,STOP_BEFORE_TARGET,True,False,True,False,False,9,,TARGET_BEFORE_STOP,2024-01-08,2024-01-10,2024-01-12,2024-01-22,2024-02-05
MU|2024-01-08T00:00:00|Long,MU,2024-01-08,Long,-0.019069984407115603,-0.008946374739706942,-0.024131789240819934,True,-0.018363715298827077,-0.008946374739706942,-0.03872858627808218,True,-0.004002311360855937,0.003178390608129744,-0.03872858627808218,True,0.030370829002225985,0.058858153968461835,-0.03872858627808218,True,-0.004120052815709152,0.05991764744131034,-0.03872858627808218,True,20,True,True,True,False,True,False,8,1,STOP_BEFORE_TARGET,True,True,False,True,False,9,2,STOP_BEFORE_TARGET,2024-01-09,2024-01-11,2024-01-16,2024-01-23,2024-02-06
MU|2024-01-09T00:00:00|Long,MU,2024-01-09,Long,-0.011400510701569222,-0.003720210982555705,-0.020040779218163274,True,-0.011280480268223592,0.0014399989745683683,-0.020040779218163274,True,-0.0006000606103332418,0.022680899413398237,-0.020040779218163274,True,0.05700227883866216,0.07944311738536913,-0.020040779218163274,True,0.022080838803064884,0.0805232081726901,-0.020040779218163274,True,20,True,True,True,False,True,False,7,1,STOP_BEFORE_TARGET,True,False,True,False,False,7,,TARGET_BEFORE_STOP,2024-01-10,2024-01-12,2024-01-17,2024-01-24,2024-02-07
MU|2024-01-10T00:00:00|Long,MU,2024-01-10,Long,0.012260283684199402,0.012988586192017815,-0.006797737038896523,True,0.027069718757984917,0.034474436294877675,-0.008133020044711281,True,0.02961887014757103,0.04175773920972703,-0.008133020044711281,True,0.0827870832994142,0.0929837814699801,-0.008133020044711281,True,0.030347172655389665,0.0929837814699801,-0.008133020044711281,True,20,True,True,False,True,False,False,3,,TARGET_BEFORE_STOP,True,False,True,False,False,6,,TARGET_BEFORE_STOP,2024-01-11,2024-01-16,2024-01-18,2024-01-25,2024-02-08
MU|2024-01-11T00:00:00|Long,MU,2024-01-11,Long,-0.011991845632800646,-0.0040771835997018835,-0.020146304322725905,True,-0.0013191103388497938,0.021945099465750184,-0.020146304322725905,True,0.04940643694372615,0.05276413908242694,-0.020146304322725905,True,0.055882044564301125,0.07974579175622831,-0.020146304322725905,True,0.02602228306545218,0.07974579175622831,-0.020146304322725905,True,20,True,True,True,False,True,False,5,1,STOP_BEFORE_TARGET,True,False,True,False,False,5,,TARGET_BEFORE_STOP,2024-01-12,2024-01-17,2024-01-19,2024-01-26,2024-02-09
MU|2024-01-12T00:00:00|Long,MU,2024-01-12,Long,0.026945032614990483,0.034348851220045606,-0.000728214091979762,True,0.02949387453789787,0.041631269942778104,-0.000728214091979762,True,0.08314114000323358,0.0917586796285812,-0.000728214091979762,True,0.0810778050086387,0.09285109336752906,-0.000728214091979762,True,0.04017474915784036,0.09285109336752906,-0.000728214091979762,True,20,True,True,False,True,False,False,1,,TARGET_BEFORE_STOP,True,False,True,False,False,4,,TARGET_BEFORE_STOP,2024-01-16,2024-01-18,2024-01-22,2024-01-29,2024-02-12
MU|2024-01-16T00:00:00|Long,MU,2024-01-16,Long,-0.015719203657492575,-0.007564110448311956,-0.023401528692240103,True,0.034274926190274835,0.03758421323999772,-0.023401528692240103,True,0.03451126519183667,0.06311306346022305,-0.023401528692240103,True,0.018319383531220312,0.0641768143955248,-0.023401528692240103,True,-0.03640233788956937,0.0641768143955248,-0.04538475286118071,True,20,True,True,True,False,True,False,3,1,STOP_BEFORE_TARGET,True,True,True,False,False,4,20,TARGET_BEFORE_STOP,2024-01-17,2024-01-19,2024-01-23,2024-01-30,2024-02-13
MU|2024-01-17T00:00:00|Long,MU,2024-01-17,Long,0.0184918460386696,0.03049953113302384,0.009125866322891918,True,0.07156579216898695,0.0800912375926146,0.009125866322891918,True,0.05763692509744711,0.0800912375926146,0.009125866322891918,True,0.029658996840873586,0.08117197688901712,0.009125866322891918,True,-0.017411106742266758,0.08117197688901712,-0.030139315238011832,True,20,True,True,True,True,False,False,1,19,TARGET_BEFORE_STOP,True,True,True,False,False,2,19,TARGET_BEFORE_STOP,2024-01-18,2024-01-22,2024-01-24,2024-01-31,2024-02-14
MU|2024-01-18T00:00:00|Long,MU,2024-01-18,Long,0.031714247242214944,0.03501534109159343,0.009431773810848476,True,0.03195000111085866,0.06048098646398614,0.009431773810848476,True,0.05163873224683879,0.0615421037430357,0.009431773810848476,True,0.009313851902496006,0.0615421037430357,-0.0023578984786815083,True,-0.03760908338697988,0.0615421037430357,-0.0477482087518204,True,20,True,True,True,True,False,False,1,14,TARGET_BEFORE_STOP,True,True,True,False,False,2,18,TARGET_BEFORE_STOP,2024-01-19,2024-01-23,2024-01-25,2024-02-01,2024-02-15
MU|2024-01-19T00:00:00|Long,MU,2024-01-19,Long,0.019769119932666834,0.027882467745953043,0.005713632588211226,True,0.006513537663236146,0.027882467745953043,-0.01028455609540313,True,0.006170733657241856,0.02891096694705042,-0.013941277464533663,True,-0.011770069182416854,0.02891096694705042,-0.033024789385211695,True,-0.09153241847441584,0.02891096694705042,-0.09438923476852146,True,20,True,False,True,False,True,False,,8,STOP_BEFORE_TARGET,False,True,False,True,False,,8,STOP_BEFORE_TARGET,2024-01-22,2024-01-24,2024-01-26,2024-02-02,2024-02-16
MU|2024-01-22T00:00:00|Long,MU,2024-01-22,Long,-0.01916180104669074,-0.0006723168985878214,-0.026445547589033502,True,-0.0004482397633895907,0.008964624281805333,-0.029471059125671717,True,-0.0019049548746609135,0.008964624281805333,-0.0330568917397952,True,-0.02532490543406285,0.008964624281805333,-0.05177045302309635,True,-0.09558492809825536,0.008964624281805333,-0.11306585140548342,True,20,True,False,True,False,True,False,,1,STOP_BEFORE_TARGET,False,True,False,True,False,,4,STOP_BEFORE_TARGET,2024-01-23,2024-01-25,2024-01-29,2024-02-05,2024-02-20
MU|2024-01-23T00:00:00|Long,MU,2024-01-23,Long,0.0062835948752224535,0.011881651205658761,-0.010510661279283795,True,0.005940869184427822,0.02867590736016501,-0.014166547253086748,True,-0.01565172096759515,0.02867590736016501,-0.020221600225648118,True,-0.033474241357681844,0.02867590736016501,-0.04352790599484069,True,-0.0690049240233277,0.02867590736016501,-0.09573857386366214,True,20,True,False,True,False,True,False,,5,STOP_BEFORE_TARGET,False,True,False,True,False,,6,STOP_BEFORE_TARGET,2024-01-24,2024-01-26,2024-01-30,2024-02-06,2024-02-21
MU|2024-01-24T00:00:00|Long,MU,2024-01-24,Long,0.012715657287743376,0.022252486872469834,0.004768371482903655,True,0.011239757529392769,0.022252486872469834,-0.02032244412256856,True,-0.026453244580124324,0.022252486872469834,-0.03735241652058385,True,-0.03303818802923075,0.022252486872469834,-0.06369210369809075,True,-0.024636672613921662,0.022252486872469834,-0.10138510580760796,True,20,True,False,True,False,True,False,,2,STOP_BEFORE_TARGET,False,True,False,True,False,,5,STOP_BEFORE_TARGET,2024-01-25,2024-01-29,2024-01-31,2024-02-07,2024-02-22
MU|2024-01-25T00:00:00|Long,MU,2024-01-25,Long,-0.012892308697629806,-0.00784749968823828,-0.03262327502548401,True,-0.034080643387204956,0.004148012995972561,-0.03856496557962619,True,-0.04024659709320055,0.004148012995972561,-0.05134522823266097,True,-0.04843049150921919,0.004148012995972561,-0.07544838517700969,True,-0.035874406476706144,0.004148012995972561,-0.11266811397084164,True,20,True,False,True,False,True,False,,1,STOP_BEFORE_TARGET,False,True,False,True,False,,1,STOP_BEFORE_TARGET,2024-01-26,2024-01-30,2024-02-01,2024-02-08,2024-02-23
MU|2024-01-26T00:00:00|Long,MU,2024-01-26,Long,0.011584288560067657,0.017262880072507425,-0.0003407882754276059,True,-0.02612155561659457,0.017262880072507425,-0.0370244409226671,True,-0.017830773883123374,0.017262880072507425,-0.03895514124127342,True,-0.028279448118819217,0.017262880072507425,-0.06337310207445002,True,0.016013583007896237,0.04883583501792321,-0.10107894625111236,True,20,True,True,True,False,True,False,20,2,STOP_BEFORE_TARGET,False,True,False,True,False,,3,STOP_BEFORE_TARGET,2024-01-29,2024-01-31,2024-02-02,2024-02-09,2024-02-26
MU|2024-01-29T00:00:00|Long,MU,2024-01-29,Long,-0.032670888544798604,-0.0031435812311240152,-0.037161755584760536,True,-0.038845841431766726,-0.0031435812311240152,-0.04996067097214518,True,-0.023464649658150538,-0.0031435812311240152,-0.04996067097214518,True,-0.037835441317261576,-0.0031435812311240152,-0.07409900636279687,True,0.031211393160680778,0.041315822586553974,-0.11137305717900159,True,20,True,True,True,False,True,False,19,1,STOP_BEFORE_TARGET,False,True,False,True,False,,1,STOP_BEFORE_TARGET,2024-01-30,2024-02-01,2024-02-05,2024-02-12,2024-02-27
MU|2024-01-30T00:00:00|Long,MU,2024-01-30,Long,-0.004758630973569544,0.008820734384092921,-0.01590068115543175,True,0.003714016727287328,0.008820734384092921,-0.017873733171678063,True,-0.018105909026026712,0.012302663806175174,-0.02831943288878125,True,-0.053737287442208403,0.012302663806175174,-0.06255811037544479,True,0.04120235923254101,0.07648556241634319,-0.08136028131708706,True,20,True,True,True,False,True,False,18,5,STOP_BEFORE_TARGET,True,True,False,True,False,18,6,STOP_BEFORE_TARGET,2024-01-31,2024-02-02,2024-02-06,2024-02-13,2024-02-28
MU|2024-01-31T00:00:00|Long,MU,2024-01-31,Long,-0.0016326459434220508,0.005131223806486895,-0.0131778105354865,True,0.014344062471528751,0.017142871378462043,-0.0131778105354865,True,-0.006763869749908946,0.017142871378462043,-0.03825071462736884,True,-0.04571426436087833,0.017142871378462043,-0.05807584089718476,True,0.056676391957452665,0.08163265306122458,-0.07696791223464827,True,20,True,True,True,False,True,False,17,4,STOP_BEFORE_TARGET,True,True,False,True,False,17,5,STOP_BEFORE_TARGET,2024-02-01,2024-02-05,2024-02-07,2024-02-14,2024-02-29
MU|2024-02-01T00:00:00|Long,MU,2024-02-01,Long,0.010162396219827174,0.011680878318777621,-0.007826167085254077,True,-0.011797712055013676,0.018806221222674502,-0.022076852893047505,True,-0.008527080384640562,0.018806221222674502,-0.03667795079151959,True,-0.046489934920668,0.018806221222674502,-0.056535497404259116,True,0.11143558985530255,0.12206514278401515,-0.07545846324514038,True,20,True,True,True,False,True,False,16,3,STOP_BEFORE_TARGET,True,True,False,True,False,16,4,STOP_BEFORE_TARGET,2024-02-02,2024-02-06,2024-02-08,2024-02-15,2024-03-01
MU|2024-02-02T00:00:00|Long,MU,2024-02-02,Long,0.0057816834018418195,0.008556866732709167,-0.010060160878940128,True,-0.015148070503436806,0.008556866732709167,-0.04636912558478712,True,-0.010638364507719267,0.008556866732709167,-0.04636912558478712,True,-0.08071233910716502,0.008556866732709167,-0.08360318080808593,True,0.10742359997131046,0.12604062758295975,-0.08475949984415676,True,20,True,True,True,False,True,False,15,2,STOP_BEFORE_TARGET,True,True,False,True,False,15,2,STOP_BEFORE_TARGET,2024-02-05,2024-02-07,2024-02-09,2024-02-16,2024-03-04
MU|2024-02-05T00:00:00|Long,MU,2024-02-05,Long,-0.027362667175877764,0.0024143375071037365,-0.03747990354579123,True,-0.024143550499739375,0.0024143375071037365,-0.05185102278880238,True,-0.014716099784898073,0.0024143375071037365,-0.05185102278880238,True,-0.0720855832429802,0.0024143375071037365,-0.09002071198966588,True,0.08611172194410432,0.11956764193037173,-0.09002071198966588,True,20,True,True,True,False,True,False,14,1,STOP_BEFORE_TARGET,True,True,False,True,False,14,1,STOP_BEFORE_TARGET,2024-02-06,2024-02-08,2024-02-12,2024-02-20,2024-03-05
MU|2024-02-06T00:00:00|Long,MU,2024-02-06,Long,0.006737585166725291,0.008037828811353842,-0.02517727295313754,True,0.011347507113328437,0.016903077198201277,-0.02517727295313754,True,-0.036288413122883445,0.02730502635522991,-0.045271890072507204,True,-0.0367612371920184,0.02730502635522991,-0.06442076887163684,True,0.12955081893796128,0.15106381808276548,-0.06442076887163684,True,20,True,True,True,False,True,False,13,1,STOP_BEFORE_TARGET,True,True,False,True,False,13,5,STOP_BEFORE_TARGET,2024-02-07,2024-02-09,2024-02-13,2024-02-21,2024-03-06
MU|2024-02-07T00:00:00|Long,MU,2024-02-07,Long,-0.003404965618903577,0.010097459537872,-0.007514375993984634,True,0.006222834222040952,0.020429793713421684,-0.014206869912953057,True,-0.039215644119955595,0.020429793713421684,-0.051661402142465174,True,0.008688570025517262,0.020429793713421684,-0.07068212718667666,True,0.16214636004329153,0.17048261811229226,-0.07068212718667666,True,20,True,True,True,False,True,False,12,4,STOP_BEFORE_TARGET,True,True,False,True,False,12,4,STOP_BEFORE_TARGET,2024-02-08,2024-02-12,2024-02-14,2024-02-22,2024-03-07
MU|2024-02-08T00:00:00|Long,MU,2024-02-08,Long,0.008011313939438214,0.008718255385361307,-0.010838810069686566,True,-0.03946746680633517,0.023916193147728526,-0.0484213094173499,True,-0.038289350909105124,0.023916193147728526,-0.0484213094173499,True,0.013195131748628075,0.023916193147728526,-0.0675070206521281,True,0.15009432028051872,0.1999293328207521,-0.0675070206521281,True,20,True,True,True,False,True,False,11,3,STOP_BEFORE_TARGET,True,True,False,True,False,11,3,STOP_BEFORE_TARGET,2024-02-09,2024-02-13,2024-02-15,2024-02-23,2024-03-08
MU|2024-02-09T00:00:00|Long,MU,2024-02-09,Long,0.0016362715479574241,0.015778472908336783,-0.0019868884267895126,True,-0.04359508922361366,0.015778472908336783,-0.055984117019720836,True,-0.07082746296765263,0.015778472908336783,-0.0737493891847355,True,0.04558206682051491,0.07935952675638358,-0.0749181418375463,True,0.10460501207363304,0.190392723005532,-0.0749181418375463,True,20,True,True,True,False,True,False,10,2,STOP_BEFORE_TARGET,True,True,False,True,False,10,2,STOP_BEFORE_TARGET,2024-02-12,2024-02-14,2024-02-16,2024-02-26,2024-03-11
MU|2024-02-12T00:00:00|Long,MU,2024-02-12,Long,-0.04865809005178556,-0.025087444259570324,-0.05752625998520411,True,-0.04749124667159865,-0.025087444259570324,-0.05752625998520411,True,-0.058226348208427536,-0.025087444259570324,-0.07642935420778485,True,0.07176198068703732,0.08226374915760615,-0.07642935420778485,True,0.13675614513476964,0.18844809919459582,-0.07642935420778485,True,20,True,True,True,False,True,False,9,1,STOP_BEFORE_TARGET,True,True,False,True,False,9,1,STOP_BEFORE_TARGET,2024-02-13,2024-02-15,2024-02-20,2024-02-27,2024-03-12
MU|2024-02-13T00:00:00|Long,MU,2024-02-13,Long,0.003679664617313838,0.020237968239708692,-0.0004906281874923479,True,-0.024898795654248906,0.020237968239708692,-0.02796515164275759,True,-0.0004906281874923479,0.020237968239708692,-0.029191675322609356,True,0.10033117168711336,0.1376180717367097,-0.029191675322609356,True,0.15491236442922252,0.24923341100287288,-0.029191675322609356,True,20,True,True,True,False,True,False,6,3,STOP_BEFORE_TARGET,True,False,True,False,False,6,,TARGET_BEFORE_STOP,2024-02-14,2024-02-16,2024-02-21,2024-02-28,2024-03-13
MU|2024-02-14T00:00:00|Long,MU,2024-02-14,Long,-0.0024441472951405308,0.010753968394560331,-0.003910542437538855,True,-0.013686945148728924,0.010753968394560331,-0.03275082787739492,True,0.04985948600463441,0.05474759412554353,-0.03275082787739492,True,0.10729559553748946,0.13344736557003412,-0.03275082787739492,True,0.11731636636085074,0.24465350354506255,-0.03275082787739492,True,20,True,True,True,False,True,False,5,2,STOP_BEFORE_TARGET,True,True,False,True,False,5,2,STOP_BEFORE_TARGET,2024-02-15,2024-02-20,2024-02-22,2024-02-29,2024-03-14
MU|2024-02-15T00:00:00|Long,MU,2024-02-15,Long,-0.026093315265042216,-0.0035526267951111468,-0.02915591490257352,True,-0.0017150483199676048,-0.0015925181647917785,-0.030380936064961395,True,0.05353427531077193,0.06357959838334959,-0.030380936064961395,True,0.16562544073704277,0.17677325481683237,-0.030380936064961395,True,0.14234966479918,0.24770307363763244,-0.030380936064961395,True,20,True,True,True,False,True,False,4,1,STOP_BEFORE_TARGET,True,True,False,True,False,4,2,STOP_BEFORE_TARGET,2024-02-16,2024-02-21,2024-02-23,2024-03-01,2024-03-15
MU|2024-02-16T00:00:00|Long,MU,2024-02-16,Long,0.015220114270096285,0.01597480054171574,-0.004402496529825051,True,0.08062897688187887,0.08566034664897804,-0.004402496529825051,True,0.12528300735185738,0.16163520093234074,-0.004402496529825051,True,0.20465404582473457,0.22490562582915685,-0.004402496529825051,True,0.1796226261546776,0.28113205627825266,-0.004402496529825051,True,20,True,True,False,True,False,False,3,,TARGET_BEFORE_STOP,True,False,True,False,False,3,,TARGET_BEFORE_STOP,2024-02-20,2024-02-22,2024-02-26,2024-03-04,2024-03-18
MU|2024-02-20T00:00:00|Long,MU,2024-02-20,Long,0.009664214944179461,0.00978814179765397,-0.009540288090704951,True,0.06554331527114421,0.07570314310072934,-0.009540288090704951,True,0.13802502188098287,0.14917607548137934,-0.009540288090704951,True,0.17048695691136095,0.20654191993606852,-0.009540288090704951,True,0.16466362366845977,0.2619254073776274,-0.009540288090704951,True,20,True,True,False,True,False,False,2,,TARGET_BEFORE_STOP,True,False,True,False,False,2,,TARGET_BEFORE_STOP,2024-02-21,2024-02-23,2024-02-27,2024-03-05,2024-03-19
MU|2024-02-21T00:00:00|Long,MU,2024-02-21,Long,0.05423985659846209,0.059148359567784414,0.029328745273056844,True,0.09780342900520056,0.13326789661360294,0.029328745273056844,True,0.10087129017287344,0.13817649320661807,0.029328745273056844,True,0.17265922277167878,0.1949932483273893,0.029328745273056844,True,0.1811265495540375,0.2498466209851702,0.029328745273056844,True,20,True,True,False,True,False,False,1,,TARGET_BEFORE_STOP,True,False,True,False,False,1,,TARGET_BEFORE_STOP,2024-02-22,2024-02-26,2024-02-28,2024-03-06,2024-03-20
MU|2024-02-22T00:00:00|Long,MU,2024-02-22,Long,0.0010475652898884746,0.010592433871775109,-0.01001048275744476,True,0.06914206214417318,0.07961815907717629,-0.01001048275744476,True,0.054708377929159946,0.07961815907717629,-0.01001048275744476,True,0.15213594619585313,0.16040039799666017,-0.01001048275744476,True,0.2786636455769407,0.32114998442328324,-0.01001048275744476,True,20,True,True,False,True,False,False,2,,TARGET_BEFORE_STOP,True,False,True,False,False,2,,TARGET_BEFORE_STOP,2024-02-23,2024-02-27,2024-02-29,2024-03-07,2024-03-21
MU|2024-02-23T00:00:00|Long,MU,2024-02-23,Long,0.040232547493868065,0.07383719155954771,0.0337209479753362,True,0.04313952423805412,0.07848837209302317,0.0337209479753362,True,0.10639536657998727,0.11697671579760183,0.03279069412586311,True,0.1351163110067679,0.18430230783861745,0.03279069412586311,True,0.2815116172613099,0.319767441860465,0.03279069412586311,True,20,True,True,False,True,False,False,1,,TARGET_BEFORE_STOP,True,False,True,False,False,1,,TARGET_BEFORE_STOP,2024-02-26,2024-02-28,2024-03-01,2024-03-08,2024-03-22
MU|2024-02-26T00:00:00|Long,MU,2024-02-26,Long,0.026715844110301035,0.0367762234428457,0.011513512070621568,True,0.012854924409210211,0.0367762234428457,-0.007154028573643445,True,0.07053429044455428,0.08853116756089885,-0.007154028573643445,True,0.05644984466173919,0.13849764717691504,-0.007154028573643445,True,0.30930022861746176,0.3571429119674807,-0.007154028573643445,True,20,True,True,False,True,False,False,1,,TARGET_BEFORE_STOP,True,False,True,False,False,4,,TARGET_BEFORE_STOP,2024-02-27,2024-02-29,2024-03-04,2024-03-11,2024-03-25
MU|2024-02-27T00:00:00|Long,MU,2024-02-27,Long,-0.023298850573757912,-0.011540528864487754,-0.02776260712820533,True,0.0359281775348923,0.045835592318042684,-0.03298855557575853,True,0.02852479902131111,0.06020684671927312,-0.03298855557575853,True,0.06064234934520529,0.10887316457405838,-0.03298855557575853,True,0.29341322836526706,0.3332607634062834,-0.03298855557575853,True,20,True,True,True,False,True,False,3,1,STOP_BEFORE_TARGET,True,True,False,True,False,4,2,STOP_BEFORE_TARGET,2024-02-28,2024-03-01,2024-03-05,2024-03-12,2024-03-26
MU|2024-02-28T00:00:00|Long,MU,2024-02-28,Long,0.010032343496419571,0.012484703578331535,-0.009920849389491115,True,0.06755097113408226,0.08549769532070894,-0.009920849389491115,True,0.06521010515909853,0.08549769532070894,-0.009920849389491115,True,0.04960433199254077,0.135324930482021,-0.009920849389491115,True,0.32928325958081794,0.36506521384714286,-0.009920849389491115,True,20,True,True,False,True,False,False,2,,TARGET_BEFORE_STOP,True,False,True,False,False,2,,TARGET_BEFORE_STOP,2024-02-29,2024-03-04,2024-03-06,2024-03-13,2024-03-27
MU|2024-02-29T00:00:00|Long,MU,2024-02-29,Long,0.05010485470638737,0.06014785246143739,0.014457538348632282,True,0.04260016095740515,0.0747157774800078,0.014457538348632282,True,0.09237393985433684,0.10020970941277496,0.014457538348632282,True,0.009049770326682305,0.12404809389754523,-0.0034212289648559713,True,0.30107050651736045,0.3515064370332037,-0.0034212289648559713,True,20,True,True,False,True,False,False,1,,TARGET_BEFORE_STOP,True,False,True,False,False,1,,TARGET_BEFORE_STOP,2024-03-01,2024-03-05,2024-03-07,2024-03-14,2024-03-28
MU|2024-03-01T00:00:00|Long,MU,2024-03-01,Long,0.0065159759037825005,0.023436633649790872,-0.005570139472385827,True,0.0043089440477133145,0.023436633649790872,-0.019653207741393786,True,0.02595902449913612,0.07041510079660829,-0.019653207741393786,True,-0.019968486551859344,0.07041510079660829,-0.05097213238406506,True,0.306358392626517,0.3387282733650103,-0.05097213238406506,True,20,True,True,True,True,False,False,4,8,TARGET_BEFORE_STOP,True,True,True,False,False,5,9,TARGET_BEFORE_STOP,2024-03-04,2024-03-06,2024-03-08,2024-03-15,2024-04-01
MU|2024-03-04T00:00:00|Long,MU,2024-03-04,Long,-0.013574140836700166,-0.004176609695154765,-0.025999769771839154,True,0.03351787434879894,0.040931460120539276,-0.025999769771839154,True,-0.013156463934439921,0.06348545519652449,-0.025999769771839154,True,-0.020778927989172136,0.06348545519652449,-0.05711594218484928,True,0.28171665764475007,0.33006162387330606,-0.05711594218484928,True,20,True,True,True,False,True,False,3,1,STOP_BEFORE_TARGET,True,True,True,False,False,4,8,TARGET_BEFORE_STOP,2024-03-05,2024-03-07,2024-03-11,2024-03-18,2024-04-02
MU|2024-03-05T00:00:00|Long,MU,2024-03-05,Long,0.011538015494930942,0.020747317234533158,0.0009526446144567657,True,0.033343934425488,0.07812000802431074,0.0009526446144567657,True,0.031226811793410914,0.07812000802431074,-0.009950274470836407,True,-0.004975137235418203,0.07812000802431074,-0.04414097718918475,True,0.35503326826233295,0.35789136362564467,-0.04414097718918475,True,20,True,True,True,True,False,False,2,7,TARGET_BEFORE_STOP,True,True,True,False,False,2,7,TARGET_BEFORE_STOP,2024-03-06,2024-03-08,2024-03-12,2024-03-19,2024-04-03
MU|2024-03-06T00:00:00|Long,MU,2024-03-06,Long,0.035789094660062304,0.04321897225123039,0.01998748127780381,True,-0.010987813407168256,0.06582253114511172,-0.02124318575931483,True,-0.014650417876224342,0.06582253114511172,-0.025742979775237873,True,0.007220620123845833,0.06582253114511172,-0.055043895366476026,True,0.2985558759752309,0.366052706375287,-0.055043895366476026,True,20,True,True,True,True,False,False,1,3,TARGET_BEFORE_STOP,True,True,True,False,False,2,6,TARGET_BEFORE_STOP,2024-03-07,2024-03-11,2024-03-13,2024-03-20,2024-04-04
MU|2024-03-07T00:00:00|Long,MU,2024-03-07,Long,-0.013740155225568484,0.028995706403827537,-0.01677110129127002,True,-0.015760811629423,0.028995706403827537,-0.05506167299250697,True,-0.07627806421193595,0.028995706403827537,-0.08769448384311196,True,0.10982011263415514,0.1466962633927742,-0.08769448384311196,True,0.24853503374222563,0.31885218083283107,-0.08769448384311196,True,20,True,True,True,False,True,False,10,2,STOP_BEFORE_TARGET,True,True,False,True,False,10,2,STOP_BEFORE_TARGET,2024-03-08,2024-03-12,2024-03-14,2024-03-21,2024-04-05
MU|2024-03-08T00:00:00|Long,MU,2024-03-08,Long,-0.031858231129382464,-0.011882848079001862,-0.0418971916841947,True,-0.03544354627252666,-0.0012292844007959491,-0.04630202976120279,True,-0.04476544379870995,-0.0012292844007959491,-0.07498462906036452,True,0.1289694323260142,0.1626715509795862,-0.07498462906036452,True,0.25947545061452115,0.33722587188416586,-0.07498462906036452,True,20,True,True,True,False,True,False,9,1,STOP_BEFORE_TARGET,True,True,False,True,False,9,1,STOP_BEFORE_TARGET,2024-03-11,2024-03-13,2024-03-15,2024-03-22,2024-04-08
MU|2024-03-11T00:00:00|Long,MU,2024-03-11,Long,0.030790349877680256,0.03163684050561799,-0.009205403945795831,True,-0.032589162643495095,0.03163684050561799,-0.04454554004140421,True,-0.007724085709799655,0.03163684050561799,-0.04454554004140421,True,0.2393396953327982,0.2846259752179898,-0.04454554004140421,True,0.29753459402798677,0.38122939726492944,-0.04454554004140421,True,20,True,True,True,True,False,False,1,3,TARGET_BEFORE_STOP,True,True,False,True,False,8,3,STOP_BEFORE_TARGET,2024-03-12,2024-03-14,2024-03-18,2024-03-25,2024-04-09
MU|2024-03-12T00:00:00|Long,MU,2024-03-12,Long,-0.03346329878986931,-0.02135087117788237,-0.044344074892431196,True,-0.042804334298115254,-0.02135087117788237,-0.07308555995700228,True,-0.035105709640995575,-0.0034900055869535596,-0.07308555995700228,True,0.21946217701354698,0.2570314246167722,-0.07308555995700228,True,0.2543625461409218,0.3399712147371523,-0.07308555995700228,True,20,True,True,True,False,True,False,7,1,STOP_BEFORE_TARGET,True,True,False,True,False,7,1,STOP_BEFORE_TARGET,2024-03-13,2024-03-15,2024-03-19,2024-03-26,2024-04-10
MU|2024-03-13T00:00:00|Long,MU,2024-03-13,Long,-0.028993237582383036,-0.0075404278489095145,-0.040994057564006425,True,-0.00403573564181392,0.031011024377437968,-0.040994057564006425,True,0.022196221926567894,0.031011024377437968,-0.040994057564006425,True,0.2664612931401893,0.3005521911821185,-0.040994057564006425,True,0.35418433705458074,0.38636351114186485,-0.040994057564006425,True,20,True,True,True,False,True,False,3,1,STOP_BEFORE_TARGET,True,True,False,True,False,6,1,STOP_BEFORE_TARGET,2024-03-14,2024-03-18,2024-03-20,2024-03-27,2024-04-11
MU|2024-03-14T00:00:00|Long,MU,2024-03-14,Long,0.019905935565453392,0.03576502933557668,0.006452984096263048,True,0.028108932366248007,0.06179592592169181,-0.004703054836930121,True,0.20146558140066606,0.24138684918690578,-0.004703054836930121,True,0.2894017171186072,0.3393853076203073,-0.004703054836930121,True,0.3400415206619074,0.42775886306918287,-0.004703054836930121,True,20,True,True,False,True,False,False,1,,TARGET_BEFORE_STOP,True,False,True,False,False,2,,TARGET_BEFORE_STOP,2024-03-15,2024-03-19,2024-03-21,2024-03-28,2024-04-12
MU|2024-03-15T00:00:00|Long,MU,2024-03-15,Long,0.005683633021950296,0.041072405694956515,0.004718524840817695,True,0.03217158176943702,0.041072405694956515,-0.024128686327077764,True,0.18187666578522954,0.21715817694369965,-0.024128686327077764,True,0.3329759040402982,0.36600533247633216,-0.024128686327077764,True,0.30155498923948554,0.39989268939552614,-0.024128686327077764,True,20,True,True,True,True,False,False,1,2,TARGET_BEFORE_STOP,True,False,True,False,False,4,,TARGET_BEFORE_STOP,2024-03-18,2024-03-20,2024-03-22,2024-04-01,2024-04-15
MU|2024-03-18T00:00:00|Long,MU,2024-03-18,Long,0.002345929020759252,0.004052088801011822,-0.029643834671392533,True,0.17135849759012656,0.21027939301974663,-0.029643834671392533,True,0.2489869777997471,0.2946257756713917,-0.029643834671392533,True,0.3089144977372149,0.358285337081266,-0.029643834671392533,True,0.29846447246860786,0.3919811791994945,-0.029643834671392533,True,20,True,True,True,False,True,False,2,1,STOP_BEFORE_TARGET,True,False,True,False,False,3,,TARGET_BEFORE_STOP,2024-03-19,2024-03-21,2024-03-25,2024-04-02,2024-04-16
MU|2024-03-19T00:00:00|Long,MU,2024-03-19,Long,0.02393617021276606,0.028510641544423176,-0.004361741086269966,True,0.17244679877098568,0.20744680851063824,-0.004361741086269966,True,0.2638298196995512,0.3027659477071558,-0.004361741086269966,True,0.3618084522003824,0.3646808380776263,-0.004361741086269966,True,0.23755321096866688,0.3887233328312001,-0.004361741086269966,True,20,True,True,False,True,False,False,2,,TARGET_BEFORE_STOP,True,False,True,False,False,2,,TARGET_BEFORE_STOP,2024-03-20,2024-03-22,2024-03-26,2024-04-03,2024-04-17
MU|2024-03-20T00:00:00|Long,MU,2024-03-20,Long,0.1412986854454139,0.17922077922077917,0.13018180549918834,True,0.2169350363991478,0.26140263545048703,0.1122078239143669,True,0.23896103896103904,0.27231167879971596,0.1122078239143669,True,0.2892467151988636,0.35625967050527607,0.1122078239143669,True,0.1629090940797484,0.35625967050527607,0.1122078239143669,True,20,True,True,False,True,False,False,1,,TARGET_BEFORE_STOP,True,False,True,False,False,1,,TARGET_BEFORE_STOP,2024-03-21,2024-03-25,2024-03-27,2024-04-04,2024-04-18
MU|2024-03-21T00:00:00|Long,MU,2024-03-21,Long,0.0032772017783539997,0.01356393158367264,-0.0254892622781685,True,0.08147478108290729,0.11479290655905006,-0.0254892622781685,True,0.07319072396183457,0.11479290655905006,-0.0254892622781685,True,0.12498865314202234,0.18834770231595366,-0.0254892622781685,True,-0.028038251013542626,0.18834770231595366,-0.037596698323040356,True,20,True,True,True,False,True,False,2,1,STOP_BEFORE_TARGET,True,True,True,False,False,2,20,TARGET_BEFORE_STOP,2024-03-22,2024-03-26,2024-03-28,2024-04-05,2024-04-19
MU|2024-03-22T00:00:00|Long,MU,2024-03-22,Long,0.06278920448625858,0.1016242144149937,-0.0004536378076271941,True,0.08202523355978308,0.11115143908685399,-0.0004536378076271941,True,0.12784687491454916,0.1557934698446466,-0.0004536378076271941,True,0.11559747726705538,0.18446596833811624,-0.0004536378076271941,True,-0.009890176453546395,0.18446596833811624,-0.040740385637133336,True,20,True,True,True,True,False,False,1,19,TARGET_BEFORE_STOP,True,True,True,False,False,1,19,TARGET_BEFORE_STOP,2024-03-25,2024-03-27,2024-04-01,2024-04-08,2024-04-22
MU|2024-03-25T00:00:00|Long,MU,2024-03-25,Long,0.014257712264149403,0.04550501115032812,0.008879031331975762,True,0.00648853542262251,0.04550501115032812,-0.0004268370488826889,True,0.04798090052390935,0.08750960676472563,-0.0004268370488826889,True,0.046956374361560194,0.11448814434530807,-0.0004268370488826889,True,-0.03987021496159937,0.11448814434530807,-0.09741309912292251,True,20,True,True,True,True,False,False,1,17,TARGET_BEFORE_STOP,True,True,True,False,False,4,17,TARGET_BEFORE_STOP,2024-03-26,2024-03-28,2024-04-02,2024-04-09,2024-04-23
MU|2024-03-26T00:00:00|Long,MU,2024-03-26,Long,0.003787853002378494,0.011026915193116826,-0.014478124381476443,True,0.04629629510702804,0.07222217155939048,-0.014478124381476443,True,0.07752517860681873,0.07979794178463862,-0.014478124381476443,True,0.028619476507951713,0.09882146408077297,-0.014478124381476443,True,-0.05909094353644517,0.09882146408077297,-0.1101010226856316,True,20,True,True,True,True,False,False,3,15,TARGET_BEFORE_STOP,True,True,True,False,False,3,16,TARGET_BEFORE_STOP,2024-03-27,2024-04-01,2024-04-03,2024-04-10,2024-04-24
MU|2024-03-27T00:00:00|Long,MU,2024-03-27,Long,-0.011404617277581242,0.0031865597770899257,-0.01593292684175185,True,0.029350104821803003,0.06817607759679634,-0.01593292684175185,True,0.040586971386923576,0.0946749961101283,-0.01593292684175185,True,0.06926626529333735,0.0946749961101283,-0.01593292684175185,True,-0.06431864292616618,0.0946749961101283,-0.11345910926035119,True,20,True,True,True,True,False,False,2,14,TARGET_BEFORE_STOP,True,True,True,False,False,2,15,TARGET_BEFORE_STOP,2024-03-28,2024-04-02,2024-04-04,2024-04-11,2024-04-25
MU|2024-03-28T00:00:00|Long,MU,2024-03-28,Long,0.05437275167780031,0.0804987523360936,0.009415562101097397,True,0.0858426937787915,0.08813300062295837,0.009415562101097397,True,0.04826535304830837,0.10730336722348932,0.009415562101097397,True,0.039273876303238975,0.10730336722348932,0.009415562101097397,True,-0.025871601217648532,0.10730336722348932,-0.10323181128130465,True,20,True,True,True,True,False,False,1,14,TARGET_BEFORE_STOP,True,True,True,False,False,1,14,TARGET_BEFORE_STOP,2024-04-01,2024-04-03,2024-04-05,2024-04-12,2024-04-26
MU|2024-04-01T00:00:00|Long,MU,2024-04-01,Long,-0.012469855299298782,-0.00498795439549482,-0.027192315364667263,True,-0.001689514953428728,0.050201046509843694,-0.027192315364667263,True,-0.010860869431785103,0.050201046509843694,-0.027192315364667263,True,-0.02357200509444679,0.050201046509843694,-0.03515689975295,True,-0.07996783746873515,0.050201046509843694,-0.14947708266200188,True,20,True,True,True,False,True,False,2,1,STOP_BEFORE_TARGET,True,True,True,False,False,3,7,TARGET_BEFORE_STOP,2024-04-02,2024-04-04,2024-04-08,2024-04-15,2024-04-29
MU|2024-04-02T00:00:00|Long,MU,2024-04-02,Long,0.042851279078093274,0.045050906552316805,-0.011568213188963838,True,0.0067617257112397855,0.06346226709680503,-0.012627316103933306,True,-0.0009776191167578663,0.06346226709680503,-0.012627316103933306,True,-0.00798373406870545,0.06346226709680503,-0.03576374248186098,True,-0.07975560827313521,0.06346226709680503,-0.13873726093113548,True,20,True,True,True,True,False,False,1,6,TARGET_BEFORE_STOP,True,True,True,False,False,2,10,TARGET_BEFORE_STOP,2024-04-03,2024-04-05,2024-04-09,2024-04-16,2024-04-30
MU|2024-04-03T00:00:00|Long,MU,2024-04-03,Long,-0.030622594618859855,0.019764072243294795,-0.034059785704656065,True,-0.03952814448658959,0.019764072243294795,-0.053198952041436764,True,-0.04538706201009557,0.019764072243294795,-0.0631200261572441,True,-0.09124281835007442,0.019764072243294795,-0.09225840219814307,True,-0.14303568740186112,0.019764072243294795,-0.17412697635060437,True,20,True,False,True,False,True,False,,1,STOP_BEFORE_TARGET,False,True,False,True,False,,1,STOP_BEFORE_TARGET,2024-04-04,2024-04-08,2024-04-10,2024-04-17,2024-05-01
MU|2024-04-04T00:00:00|Long,MU,2024-04-04,Long,-0.004109876072904806,0.012893916921061788,-0.02328954367747038,True,-0.01176564693012927,0.04520912866397242,-0.02328954367747038,True,0.027560689010154737,0.04520912866397242,-0.0335240241396042,True,-0.09799336281390325,0.04520912866397242,-0.10161973852123163,True,-0.0947698835836378,0.04520912866397242,-0.14803767958189762,True,20,True,True,True,False,True,False,2,1,STOP_BEFORE_TARGET,False,True,False,True,False,,4,STOP_BEFORE_TARGET,2024-04-05,2024-04-09,2024-04-11,2024-04-18,2024-05-02
MU|2024-04-05T00:00:00|Long,MU,2024-04-05,Long,-0.0050979517193548984,0.049522536223572056,-0.007849176293339144,True,-0.011166894824124474,0.049522536223572056,-0.029535535457175355,True,-0.00857748156888205,0.049522536223572056,-0.029535535457175355,True,-0.13602528676904468,0.049522536223572056,-0.14452177007383316,True,-0.071856325871821,0.049522536223572056,-0.14452177007383316,True,20,True,True,True,True,False,False,1,3,TARGET_BEFORE_STOP,False,True,False,True,False,,7,STOP_BEFORE_TARGET,2024-04-08,2024-04-10,2024-04-12,2024-04-19,2024-05-03
MU|2024-04-08T00:00:00|Long,MU,2024-04-08,Long,-0.0026026816003820175,0.025945526804275865,-0.013664093915211728,True,0.03708829037147421,0.03749492252766973,-0.02456280372530406,True,-0.01285070549717282,0.03749492252766973,-0.02456280372530406,True,-0.11248470553018486,0.03749492252766973,-0.1401382363172592,True,-0.022936150994874338,0.03749492252766973,-0.1401382363172592,True,20,True,True,True,False,True,False,3,2,STOP_BEFORE_TARGET,False,True,False,True,False,,6,STOP_BEFORE_TARGET,2024-04-09,2024-04-11,2024-04-15,2024-04-22,2024-05-06
MU|2024-04-09T00:00:00|Long,MU,2024-04-09,Long,-0.0035064854832147496,0.015086081260301532,-0.022017426475698043,True,-0.0008970122548747073,0.04020223775254439,-0.022017426475698043,True,-0.00701297096642961,0.04020223775254439,-0.03482016422329648,True,-0.08293238519714519,0.04020223775254439,-0.1378944500648558,True,-0.027888756793150726,0.04020223775254439,-0.1378944500648558,True,20,True,True,True,False,True,False,2,1,STOP_BEFORE_TARGET,False,True,False,True,False,,5,STOP_BEFORE_TARGET,2024-04-10,2024-04-12,2024-04-16,2024-04-23,2024-05-07
MU|2024-04-10T00:00:00|Long,MU,2024-04-10,Long,0.04345339869556075,0.043862526548358094,-0.0009819567936513174,True,-0.006792096746219278,0.043862526548358094,-0.013011426985256591,True,-0.048035967788720435,0.043862526548358094,-0.04909983756007208,True,-0.08527003624524399,0.043862526548358094,-0.13486085220214172,True,-0.023567899552712657,0.043862526548358094,-0.13486085220214172,True,20,True,True,True,True,False,False,1,4,TARGET_BEFORE_STOP,False,True,False,True,False,,4,STOP_BEFORE_TARGET,2024-04-11,2024-04-15,2024-04-17,2024-04-24,2024-05-08
MU|2024-04-11T00:00:00|Long,MU,2024-04-11,Long,-0.03913422797870236,-0.011920666982947581,-0.04454552748816776,True,-0.04501611949650419,-0.011920666982947581,-0.07175908848392243,True,-0.12218650748989213,-0.011920666982947581,-0.12571561846709545,True,-0.12493137823146083,-0.011920666982947581,-0.17088856207724878,True,-0.07607249953045503,-0.011920666982947581,-0.17088856207724878,True,20,True,False,True,False,True,False,,1,STOP_BEFORE_TARGET,False,True,False,True,False,,1,STOP_BEFORE_TARGET,2024-04-12,2024-04-16,2024-04-18,2024-04-25,2024-05-09
MU|2024-04-12T00:00:00|Long,MU,2024-04-12,Long,-0.009386173098213657,0.018445985946395904,-0.015589259590654159,True,-0.05052232273597612,0.018445985946395904,-0.051583413875173956,True,-0.1285504442665304,0.018445985946395904,-0.13712043652193506,True,-0.06268364769507528,0.018445985946395904,-0.13712043652193506,True,-0.01044726423741138,0.018445985946395904,-0.13712043652193506,True,20,True,False,True,False,True,False,,2,STOP_BEFORE_TARGET,False,True,False,True,False,,2,STOP_BEFORE_TARGET,2024-04-15,2024-04-17,2024-04-19,2024-04-26,2024-05-10
MU|2024-04-15T00:00:00|Long,MU,2024-04-15,Long,0.003295656978104855,0.009722338950915121,-0.024800214782191965,True,-0.07777871160732175,0.025129730191500554,-0.08148635713800345,True,-0.1009310350398338,0.025129730191500554,-0.12894455937811733,True,-0.05775728744826025,0.025129730191500554,-0.12894455937811733,True,0.013429984481596824,0.025129730191500554,-0.12894455937811733,True,20,True,False,True,False,True,False,,1,STOP_BEFORE_TARGET,False,True,False,True,False,,2,STOP_BEFORE_TARGET,2024-04-16,2024-04-18,2024-04-22,2024-04-29,2024-05-13
MU|2024-04-16T00:00:00|Long,MU,2024-04-16,Long,-0.04467434476456045,0.02176235196627796,-0.04574197132608182,True,-0.12318305340820668,0.02176235196627796,-0.13180582955429665,True,-0.0764555950993685,0.02176235196627796,-0.13180582955429665,True,-0.07234949331909502,0.02176235196627796,-0.13180582955429665,True,0.024965106342560217,0.026853940729308023,-0.13180582955429665,True,20,True,False,True,False,True,False,,1,STOP_BEFORE_TARGET,False,True,False,True,False,,1,STOP_BEFORE_TARGET,2024-04-17,2024-04-19,2024-04-23,2024-04-30,2024-05-14
MU|2024-04-17T00:00:00|Long,MU,2024-04-17,Long,-0.037823445857664506,0.011089150650928525,-0.041691725245261435,True,-0.061978844416625156,0.011089150650928525,-0.0912060555604598,True,-0.03911289418155217,0.011089150650928525,-0.0912060555604598,True,-0.05699307812649412,0.011089150650928525,-0.0912060555604598,True,0.09868473778768938,0.09988820540090027,-0.0912060555604598,True,20,True,True,True,False,True,False,13,1,STOP_BEFORE_TARGET,True,True,False,True,False,18,1,STOP_BEFORE_TARGET,2024-04-18,2024-04-22,2024-04-24,2024-05-01,2024-05-15
MU|2024-04-18T00:00:00|Long,MU,2024-04-18,Long,-0.04610027381435444,-0.009380890278700926,-0.055481095930860036,True,0.004735091377216394,0.00857678086174607,-0.055481095930860036,True,-0.0031269407055019016,0.018046963616178857,-0.055481095930860036,True,0.0035736757329429825,0.03886356171054128,-0.055481095930860036,True,0.1425891096306433,0.16260166647024588,-0.055481095930860036,True,20,True,True,True,False,True,False,8,1,STOP_BEFORE_TARGET,True,True,False,True,False,12,1,STOP_BEFORE_TARGET,2024-04-19,2024-04-23,2024-04-25,2024-05-02,2024-05-16
MU|2024-04-19T00:00:00|Long,MU,2024-04-19,Long,0.022009985739455784,0.032406170484710506,-0.001311224070901229,True,0.04692331454293264,0.06724735909825519,-0.001311224070901229,True,0.07558302845885012,0.07764354384350991,-0.001311224070901229,True,0.07427180438794889,0.08906998628109486,-0.001311224070901229,True,0.17345700903572725,0.2187881331291872,-0.001311224070901229,True,20,True,True,False,True,False,False,1,,TARGET_BEFORE_STOP,True,False,True,False,False,2,,TARGET_BEFORE_STOP,2024-04-22,2024-04-24,2024-04-26,2024-05-03,2024-05-17
MU|2024-04-22T00:00:00|Long,MU,2024-04-22,Long,0.03060847006801648,0.03454908860130601,-0.0019244783649827735,True,0.02254397931225971,0.04426314222954364,-0.009622461742383903,True,0.04802050707365524,0.05443543495693115,-0.009622461742383903,True,0.10089804096142951,0.11226172737961848,-0.009622461742383903,True,0.18218472097720562,0.20069648987032207,-0.009622461742383903,True,20,True,True,False,True,False,False,1,,TARGET_BEFORE_STOP,True,False,True,False,False,4,,TARGET_BEFORE_STOP,2024-04-23,2024-04-25,2024-04-29,2024-05-06,2024-05-20
MU|2024-04-23T00:00:00|Long,MU,2024-04-23,Long,-0.006046597107519203,0.013249136367592618,-0.02872128537999452,True,0.021163055955836008,0.02311931793782196,-0.03903609661557039,True,0.004446025289618127,0.033967630499044166,-0.03903609661557039,True,0.060021341409845164,0.07958389338874228,-0.03903609661557039,True,0.13373644885262959,0.16503650488248023,-0.03903609661557039,True,20,True,True,True,False,True,False,5,1,STOP_BEFORE_TARGET,True,True,False,True,False,9,2,STOP_BEFORE_TARGET,2024-04-24,2024-04-26,2024-04-30,2024-05-07,2024-05-21
MU|2024-04-24T00:00:00|Long,MU,2024-04-24,Long,-0.0017892015604425993,0.011451053795627164,-0.03319018719796052,True,0.02308106869949733,0.029343342414710927,-0.03319018719796052,True,-0.018607996544726446,0.0402576493929383,-0.03319018719796052,True,0.06745393628438512,0.08615141338323307,-0.03319018719796052,True,0.12971909248835667,0.17212386565822335,-0.03319018719796052,True,20,True,True,True,False,True,False,4,1,STOP_BEFORE_TARGET,True,True,False,True,False,8,1,STOP_BEFORE_TARGET,2024-04-25,2024-04-29,2024-05-01,2024-05-08,2024-05-22
MU|2024-04-25T00:00:00|Long,MU,2024-04-25,Long,0.02921665579260302,0.03118834621286526,0.00017921350365890376,True,0.012367783032549484,0.042122216088134934,0.00017921350365890376,True,0.006721634591255743,0.042122216088134934,-0.025362984267912503,True,0.055834339714136316,0.08809824045296644,-0.025362984267912503,True,0.13165436969838118,0.1825595517378651,-0.025362984267912503,True,20,True,True,True,True,False,False,1,4,TARGET_BEFORE_STOP,True,False,True,False,False,7,,TARGET_BEFORE_STOP,2024-04-26,2024-04-30,2024-05-02,2024-05-09,2024-05-23
MU|2024-04-26T00:00:00|Long,MU,2024-04-26,Long,-0.00417969124734896,-0.0007836671957549557,-0.023772168361157586,True,-0.04475792018074576,0.01253920661203578,-0.05303027283257822,True,-0.0012190821500596138,0.01253920661203578,-0.05303027283257822,True,0.05572972596627701,0.061041469520820346,-0.05303027283257822,True,0.12756887515190352,0.14898990905580733,-0.05303027283257822,True,20,True,True,True,False,True,False,6,1,STOP_BEFORE_TARGET,True,True,False,True,False,6,3,STOP_BEFORE_TARGET,2024-04-29,2024-05-01,2024-05-03,2024-05-10,2024-05-24
MU|2024-04-29T00:00:00|Long,MU,2024-04-29,Long,-0.01224205594969352,0.016789070992462962,-0.012504374759913617,True,-0.017750951105828583,0.016789070992462962,-0.049055618926288846,True,0.050454674818741774,0.061297674875982366,-0.049055618926288846,True,0.07555088617992167,0.08525708244109143,-0.049055618926288846,True,0.16010840731786757,0.16561736918784042,-0.049055618926288846,True,20,True,True,True,False,True,False,5,2,STOP_BEFORE_TARGET,True,True,False,True,False,5,2,STOP_BEFORE_TARGET,2024-04-30,2024-05-02,2024-05-06,2024-05-13,2024-05-28
MU|2024-04-30T00:00:00|Long,MU,2024-04-30,Long,-0.028859792516398697,0.006816610115985666,-0.037269822225515226,True,0.015403663933002854,0.022308819873276153,-0.037269822225515226,True,0.05532932056175199,0.07480528192389335,-0.037269822225515226,True,0.10490437827694699,0.10694052699151624,-0.037269822225515226,True,0.1648371361322143,0.18006377595731649,-0.037269822225515226,True,20,True,True,True,False,True,False,4,1,STOP_BEFORE_TARGET,True,True,False,True,False,4,1,STOP_BEFORE_TARGET,2024-05-01,2024-05-03,2024-05-07,2024-05-14,2024-05-29
MU|2024-05-01T00:00:00|Long,MU,2024-05-01,Long,0.023974521020756034,0.0247037993551249,-0.002461227443732672,True,0.09507748947428674,0.10638109501357507,-0.002461227443732672,True,0.08769373759527865,0.10674573418075939,-0.002461227443732672,True,0.16508660997407398,0.1663628122853147,-0.002461227443732672,True,0.1512306693601142,0.2151322402921343,-0.002461227443732672,True,20,True,True,False,True,False,False,2,,TARGET_BEFORE_STOP,True,False,True,False,False,2,,TARGET_BEFORE_STOP,2024-05-02,2024-05-06,2024-05-08,2024-05-15,2024-05-30
MU|2024-05-02T00:00:00|Long,MU,2024-05-02,Long,0.021098505105982213,0.028042388271448004,0.009970578642667371,True,0.06124808280307459,0.0808332741301927,0.009970578642667371,True,0.048784791580267495,0.0808332741301927,0.009970578642667371,True,0.1385204068811119,0.15846170000539272,0.009970578642667371,True,0.11279264633148589,0.18668210521568573,0.009970578642667371,True,20,True,True,False,True,False,False,2,,TARGET_BEFORE_STOP,True,False,True,False,False,2,,TARGET_BEFORE_STOP,2024-05-03,2024-05-07,2024-05-09,2024-05-16,2024-05-31
MU|2024-05-03T00:00:00|Long,MU,2024-05-03,Long,0.04734089319658863,0.05815175218661639,0.02894507221584619,True,0.040279013683555576,0.058500496010431835,0.02894507221584619,True,0.057018318130195755,0.06233654504023489,0.02388845306073084,True,0.09232784872752742,0.13452492018402595,0.02388845306073084,True,0.11743680539748746,0.16216221968958533,0.02388845306073084,True,20,True,True,False,True,False,False,1,,TARGET_BEFORE_STOP,True,False,True,False,False,1,,TARGET_BEFORE_STOP,2024-05-06,2024-05-08,2024-05-10,2024-05-17,2024-06-03
MU|2024-05-06T00:00:00|Long,MU,2024-05-06,Long,-0.0076583550318789495,0.010655177207664401,-0.007908074335822524,True,-0.01931240945531787,0.010655177207664401,-0.022392365549939175,True,0.023890808392575513,0.03313080369541388,-0.022392365549939175,True,0.07383670148489618,0.09065185439129042,-0.022392365549939175,True,0.05419131178782455,0.1096312836048543,-0.022392365549939175,True,20,True,True,True,False,True,False,5,3,STOP_BEFORE_TARGET,True,False,True,False,False,7,,TARGET_BEFORE_STOP,2024-05-07,2024-05-09,2024-05-13,2024-05-20,2024-06-04
MU|2024-05-07T00:00:00|Long,MU,2024-05-07,Long,0.0009227465078127661,0.01056960108973426,-0.008304654570695957,True,0.017028762644804685,0.022145788188268734,-0.014847719626372768,True,0.04697591239936938,0.0489053089156013,-0.014847719626372768,True,0.06954115409105088,0.09906891434182175,-0.014847719626372768,True,0.12163415603350325,0.12297622804549069,-0.014847719626372768,True,20,True,True,False,True,False,False,4,,TARGET_BEFORE_STOP,True,False,True,False,False,6,,TARGET_BEFORE_STOP,2024-05-08,2024-05-10,2024-05-14,2024-05-21,2024-06-05
MU|2024-05-08T00:00:00|Long,MU,2024-05-08,Long,-0.012655063192193117,0.0025980351943228897,-0.015755927407193226,True,0.03084143743368961,0.040144157959925986,-0.015755927407193226,True,0.07115318375363522,0.07232649409562741,-0.015755927407193226,True,0.05833053220142248,0.09805568729099012,-0.015755927407193226,True,0.0900939294073837,0.1241200572063923,-0.015755927407193226,True,20,True,True,False,True,False,False,3,,TARGET_BEFORE_STOP,True,False,True,False,False,5,,TARGET_BEFORE_STOP,2024-05-09,2024-05-13,2024-05-15,2024-05-22,2024-06-06
MU|2024-05-09T00:00:00|Long,MU,2024-05-09,Long,0.02911467936725698,0.03429251336261174,0.011628917536482097,True,0.05941770770785815,0.061370032312730416,0.011628917536482097,True,0.08556151464175454,0.10457522773558581,0.011628917536482097,True,0.0718105361157062,0.12002376438906048,0.011628917536482097,True,0.11145068461852903,0.13852820356864748,0.011628917536482097,True,20,True,True,False,True,False,False,1,,TARGET_BEFORE_STOP,True,False,True,False,False,2,,TARGET_BEFORE_STOP,2024-05-10,2024-05-14,2024-05-16,2024-05-23,2024-06-07
MU|2024-05-10T00:00:00|Long,MU,2024-05-10,Long,0.014516679043561798,0.02367207849844144,0.0033817524689341294,True,0.0541900347293518,0.05534476412654099,0.0033817524689341294,True,0.03340484265191557,0.0733256942897027,0.0033817524689341294,True,0.06804691335168611,0.08833717645316086,0.0033817524689341294,True,0.11200931787963486,0.11902012998540257,-0.0018970284690824624,True,20,True,True,False,True,False,False,2,,TARGET_BEFORE_STOP,True,False,True,False,False,3,,TARGET_BEFORE_STOP,2024-05-13,2024-05-15,2024-05-17,2024-05-24,2024-06-10
MU|2024-05-13T00:00:00|Long,MU,2024-05-13,Long,0.014715427305640238,0.016585373296970296,-0.010813023016704726,True,0.03975609259876789,0.057967519372459364,-0.010813023016704726,True,0.04878048780487809,0.06520328676797504,-0.010813023016704726,True,0.0786178712922383,0.08373986220941321,-0.010813023016704726,True,0.09813014084730698,0.1044715943375254,-0.01617884442089046,True,20,True,True,False,True,False,False,2,,TARGET_BEFORE_STOP,True,False,True,False,False,3,,TARGET_BEFORE_STOP,2024-05-14,2024-05-16,2024-05-20,2024-05-28,2024-06-11
MU|2024-05-14T00:00:00|Long,MU,2024-05-14,Long,0.024036536004189868,0.025158236127473144,0.005047711682846012,True,0.003845872657022076,0.04262484919704601,0.000400633384632032,True,0.021552780178073494,0.04975568332137659,-0.012258623581645312,True,0.054242483814509024,0.06802344090406942,-0.012258623581645312,True,0.1277141475299124,0.13540589284395677,-0.030446242261797374,True,20,True,True,True,True,False,False,2,12,TARGET_BEFORE_STOP,True,True,True,False,False,7,12,TARGET_BEFORE_STOP,2024-05-15,2024-05-17,2024-05-21,2024-05-29,2024-06-12
MU|2024-05-15T00:00:00|Long,MU,2024-05-15,Long,0.000625943451864952,0.018152001944567342,-0.005946283712958578,True,0.00931071484341972,0.025115458690119885,-0.023081112624931954,True,-0.011970884973966589,0.025115458690119885,-0.03544322717962756,True,-0.011892627119170163,0.042954429215501744,-0.03544322717962756,True,0.11994368299730818,0.12839374051772667,-0.05320393985021288,True,20,True,True,True,False,True,False,6,2,STOP_BEFORE_TARGET,True,True,False,True,False,17,4,STOP_BEFORE_TARGET,2024-05-16,2024-05-20,2024-05-22,2024-05-30,2024-06-13
MU|2024-05-16T00:00:00|Long,MU,2024-05-16,Long,-0.020329959234729245,0.008913905661811272,-0.02369222608302024,True,-0.0030494909024137984,0.02447419577566934,-0.036046607493570026,True,-0.012667157356426983,0.031746012807646995,-0.036046607493570026,True,-0.02259754010040571,0.042302007099292105,-0.053796209916745386,True,0.10532489862372629,0.12768787167870177,-0.053796209916745386,True,20,True,True,True,False,True,False,5,1,STOP_BEFORE_TARGET,True,True,False,True,False,16,3,STOP_BEFORE_TARGET,2024-05-17,2024-05-21,2024-05-23,2024-05-31,2024-06-14
MU|2024-05-17T00:00:00|Long,MU,2024-05-17,Long,0.029611294256227216,0.04573392381724739,0.01077498973785862,True,0.007901651021912093,0.04573392381724739,-0.016042797681721233,True,0.03352226472141573,0.053156644457247104,-0.016042797681721233,True,0.022986648833690282,0.06393169508898766,-0.03416073707416223,True,0.17990263190056321,0.1872455815551457,-0.03416073707416223,True,20,True,True,True,True,False,False,1,9,TARGET_BEFORE_STOP,True,True,True,False,False,4,9,TARGET_BEFORE_STOP,2024-05-20,2024-05-22,2024-05-24,2024-06-03,2024-06-17
MU|2024-05-20T00:00:00|Long,MU,2024-05-20,Long,-0.011627906976744207,-0.0013952920603197416,-0.044341094734132724,True,-0.021162816720415423,0.022868193397226344,-0.044341094734132724,True,0.02844959820887838,0.033333356990370655,-0.044341094734132724,True,-0.018294578374818293,0.033333356990370655,-0.06193796793619788,True,0.18953486006389286,0.2212402580320374,-0.06193796793619788,True,20,True,True,True,False,True,False,5,1,STOP_BEFORE_TARGET,True,True,False,True,False,14,1,STOP_BEFORE_TARGET,2024-05-21,2024-05-23,2024-05-28,2024-06-04,2024-06-18
MU|2024-05-21T00:00:00|Long,MU,2024-05-21,Long,-0.009568637025122562,0.0029019823261335898,-0.017725506950827197,True,0.015607886220894596,0.03490193684895826,-0.0222744810814951,True,0.032000014361213136,0.045490220013786775,-0.0222744810814951,True,0.04870593501072307,0.04996074601715694,-0.05090194402956494,True,0.1309019799325981,0.2356077904794731,-0.05090194402956494,True,20,True,True,True,,,False,2,2,AMBIGUOUS,True,True,False,True,False,11,7,STOP_BEFORE_TARGET,2024-05-22,2024-05-24,2024-05-29,2024-06-05,2024-06-20
MU|2024-05-22T00:00:00|Long,MU,2024-05-22,Long,-7.920602096256335e-05,0.04490020766356628,-0.012828596237309253,True,0.05060183284303332,0.055590785083313055,-0.012828596237309253,True,7.920602096267437e-05,0.055590785083313055,-0.012828596237309253,True,0.030012738213165413,0.062163495243892974,-0.04173263140647421,True,0.10500470886138347,0.24754509668209534,-0.04173263140647421,True,20,True,True,True,True,False,False,1,6,TARGET_BEFORE_STOP,True,True,True,False,False,3,6,TARGET_BEFORE_STOP,2024-05-23,2024-05-28,2024-05-30,2024-06-06,2024-06-21
MU|2024-05-23T00:00:00|Long,MU,2024-05-23,Long,0.025500981513445486,0.03270766898879729,0.0026134619452593544,True,0.04205278632419973,0.055674400852036676,0.0026134619452593544,True,-0.010057786305771144,0.055674400852036676,-0.041656724848933235,True,0.03698428702378753,0.06224763165207303,-0.041656724848933235,True,0.10089489350175795,0.24764391759238613,-0.041656724848933235,True,20,True,True,True,True,False,False,1,5,TARGET_BEFORE_STOP,True,True,True,False,False,2,5,TARGET_BEFORE_STOP,2024-05-24,2024-05-29,2024-05-31,2024-06-07,2024-06-24
MU|2024-05-24T00:00:00|Long,MU,2024-05-24,Long,0.02455782331362344,0.029423101374375094,-0.0016989822485932171,True,-0.024712367301626625,0.029423101374375094,-0.029268734142744002,True,-0.010193893491559303,0.029423101374375094,-0.06548770559270123,True,0.04116149204531516,0.047725634517078674,-0.06548770559270123,True,0.08981380130250582,0.21661894048224095,-0.06548770559270123,True,20,True,True,True,False,True,False,7,3,STOP_BEFORE_TARGET,True,True,False,True,False,12,4,STOP_BEFORE_TARGET,2024-05-28,2024-05-30,2024-06-03,2024-06-10,2024-06-25
MU|2024-05-28T00:00:00|Long,MU,2024-05-28,Long,-0.008215846483261346,0.0032411844464090844,-0.02087890488197297,True,-0.057812604769754694,0.0032411844464090844,-0.08788721032366875,True,-0.0454511107448583,0.0032411844464090844,-0.08788721032366875,True,0.01809006699628668,0.023969307141474605,-0.08788721032366875,True,0.07303838528034623,0.18745756735081454,-0.08788721032366875,True,20,True,True,True,False,True,False,11,1,STOP_BEFORE_TARGET,True,True,False,True,False,11,2,STOP_BEFORE_TARGET,2024-05-29,2024-05-31,2024-06-04,2024-06-11,2024-06-26
MU|2024-05-29T00:00:00|Long,MU,2024-05-29,Long,-0.04020368476905456,0.0006839666867171079,-0.044687678986068624,True,-0.025915820144825186,0.0006839666867171079,-0.08033135391194035,True,0.016187907380844857,0.017403809501941758,-0.08033135391194035,True,0.06969142758273672,0.07698742013865578,-0.08033135391194035,True,0.0049399140252250895,0.19729435395821082,-0.08033135391194035,True,20,True,True,True,False,True,False,8,1,STOP_BEFORE_TARGET,True,True,False,True,False,10,1,STOP_BEFORE_TARGET,2024-05-30,2024-06-03,2024-06-05,2024-06-12,2024-06-27
MU|2024-05-30T00:00:00|Long,MU,2024-05-30,Long,-0.010214592653223553,0.008155822090664344,-0.0418085259404547,True,0.0027713870582295463,0.020191586062850098,-0.0418085259404547,True,0.029931161464000322,0.0620793721628774,-0.0418085259404547,True,0.13342306082800404,0.1419748212462899,-0.0418085259404547,True,0.041491787360698806,0.24744629142498709,-0.0418085259404547,True,20,True,True,True,False,True,False,4,1,STOP_BEFORE_TARGET,True,True,False,True,False,4,1,STOP_BEFORE_TARGET,2024-05-31,2024-06-04,2024-06-06,2024-06-13,2024-06-28
MU|2024-05-31T00:00:00|Long,MU,2024-05-31,Long,0.025359985351562475,0.030719970703124932,0.0012000122070312536,True,0.06968005371093744,0.07095996093750001,0.0012000122070312536,True,0.04752001953124996,0.0730400390624999,0.0012000122070312536,True,0.13088000488281248,0.1537600097656251,0.0012000122070312536,True,0.05216003417968751,0.2603199462890624,0.0012000122070312536,True,20,True,True,False,True,False,False,1,,TARGET_BEFORE_STOP,True,False,True,False,False,3,,TARGET_BEFORE_STOP,2024-06-03,2024-06-05,2024-06-07,2024-06-14,2024-07-01
MU|2024-06-03T00:00:00|Long,MU,2024-06-03,Long,-0.011937261458645931,-0.002418643699948708,-0.021455879217343266,True,0.014824133435415776,0.04650079424992337,-0.021455879217343266,True,0.051884288447190396,0.058516034229118,-0.021455879217343266,True,0.15339005963154384,0.16056801221084105,-0.021455879217343266,True,0.034485435219552496,0.22914875194484985,-0.021455879217343266,True,20,True,True,True,False,True,False,2,1,STOP_BEFORE_TARGET,True,False,True,False,False,5,,TARGET_BEFORE_STOP,2024-06-04,2024-06-06,2024-06-10,2024-06-17,2024-07-02
MU|2024-06-04T00:00:00|Long,MU,2024-06-04,Long,0.05582760074457682,0.057090933057364124,0.007975380141331812,True,0.03395454100191109,0.05914407398343924,0.007975380141331812,True,0.06656670858496061,0.07272589038420363,0.007975380141331812,True,0.21170244541856187,0.24399868955629622,0.007975380141331812,True,0.08038540732496591,0.24399868955629622,0.004974709858293513,True,20,True,True,False,True,False,False,1,,TARGET_BEFORE_STOP,True,False,True,False,False,1,,TARGET_BEFORE_STOP,2024-06-05,2024-06-07,2024-06-11,2024-06-18,2024-07-03
MU|2024-06-05T00:00:00|Long,MU,2024-06-05,Long,-0.027223088825639286,0.003141112466205298,-0.03387939429080988,True,0.008301552274444957,0.01465852484229102,-0.03387939429080988,True,0.05265120733407813,0.059830974484352595,-0.03387939429080988,True,0.0783785446213141,0.1782214148209611,-0.03387939429080988,True,-0.015780424084989142,0.1782214148209611,-0.048164009778131955,True,20,True,True,True,False,True,False,5,1,STOP_BEFORE_TARGET,True,True,False,True,False,5,1,STOP_BEFORE_TARGET,2024-06-06,2024-06-10,2024-06-12,2024-06-20,2024-07-05
MU|2024-06-06T00:00:00|Long,MU,2024-06-06,Long,0.00668866816482061,0.018989665740213768,-0.0034597692142011027,True,0.03844083738333892,0.04443759863016972,-0.0034597692142011027,True,0.10048428791774255,0.10878752286999882,-0.0034597692142011027,True,0.07280683807688826,0.2111938526569086,-0.0034597692142011027,True,0.004766626295653831,0.2111938526569086,-0.021526951053157828,True,20,True,True,True,True,False,False,2,16,TARGET_BEFORE_STOP,True,False,True,False,False,4,,TARGET_BEFORE_STOP,2024-06-07,2024-06-11,2024-06-13,2024-06-21,2024-07-08
MU|2024-06-07T00:00:00|Long,MU,2024-06-07,Long,0.029631929207796892,0.036123382002040794,-0.009393582592069016,True,0.07491979055814957,0.08225144395640549,-0.009393582592069016,True,0.07957841740233751,0.10142048672436443,-0.009393582592069016,True,0.061631219756856925,0.20314640559617891,-0.009393582592069016,True,0.0015273938026056921,0.20314640559617891,-0.0280281482351592,True,20,True,True,True,True,False,False,1,15,TARGET_BEFORE_STOP,True,False,True,False,False,3,,TARGET_BEFORE_STOP,2024-06-10,2024-06-12,2024-06-14,2024-06-24,2024-07-09
MU|2024-06-10T00:00:00|Long,MU,2024-06-10,Long,0.0018543241834929614,0.007639806581673847,-0.02254864545149582,True,0.06171184997358403,0.06972254402774958,-0.02254864545149582,True,0.09649898976454696,0.10332288917832533,-0.02254864545149582,True,0.0467288788808502,0.16852087767119328,-0.02254864545149582,True,0.01164509701927341,0.16852087767119328,-0.05600066956676453,True,20,True,True,True,False,True,False,2,1,STOP_BEFORE_TARGET,True,True,True,False,False,2,13,TARGET_BEFORE_STOP,2024-06-11,2024-06-13,2024-06-17,2024-06-25,2024-07-10
MU|2024-06-11T00:00:00|Long,MU,2024-06-11,Long,0.04205221268809978,0.04915968778849589,0.013030239219661066,True,0.046568393759204296,0.06774260309708091,0.013030239219661066,True,0.1360775051999854,0.16635807169224215,0.013030239219661066,True,0.05397196187776965,0.16635807169224215,0.004664171095446923,True,-0.03583335555066525,0.16635807169224215,-0.057747910403450176,True,20,True,True,True,True,False,False,1,11,TARGET_BEFORE_STOP,True,True,True,False,False,2,12,TARGET_BEFORE_STOP,2024-06-12,2024-06-14,2024-06-18,2024-06-26,2024-07-11
MU|2024-06-12T00:00:00|Long,MU,2024-06-12,Long,0.016980457475299637,0.024653649880661543,-0.0034813889389986308,True,0.05030196682809729,0.056838365896980436,-0.007815318675066574,True,0.02444051468139441,0.11928947272563284,-0.007815318675066574,True,-0.06053289003524642,0.11928947272563284,-0.06870336176870562,True,-0.05115450762516649,0.11928947272563284,-0.09577267038673953,True,20,True,True,True,True,False,False,3,6,TARGET_BEFORE_STOP,True,True,True,False,False,3,6,TARGET_BEFORE_STOP,2024-06-13,2024-06-17,2024-06-20,2024-06-27,2024-07-12
MU|2024-06-13T00:00:00|Long,MU,2024-06-13,Long,-0.012435369476644031,-0.004540966181751815,-0.02438176266623937,True,0.0720273690272164,0.10060076818419872,-0.02438176266623937,True,-0.02515024534627719,0.10060076818419872,-0.051977102648669504,True,-0.08110940799117516,0.10060076818419872,-0.08655861004945942,True,-0.08572030407140185,0.10060076818419872,-0.11087049611745148,True,20,True,True,True,False,True,False,2,1,STOP_BEFORE_TARGET,True,True,True,False,False,3,5,TARGET_BEFORE_STOP,2024-06-14,2024-06-18,2024-06-21,2024-06-28,2024-07-15
MU|2024-06-14T00:00:00|Long,MU,2024-06-14,Long,0.04576967453853653,0.052277867556172586,0.005517818165881927,True,0.020019820450166703,0.11445948362988623,0.005517818165881927,True,-0.01662426495026159,0.11445948362988623,-0.040039640900333295,True,-0.06960948143325107,0.11445948362988623,-0.09967461733480898,True,-0.09811829857594356,0.11445948362988623,-0.0998868328071304,True,20,True,True,True,True,False,False,1,4,TARGET_BEFORE_STOP,True,True,True,False,False,1,4,TARGET_BEFORE_STOP,2024-06-17,2024-06-20,2024-06-24,2024-07-01,2024-07-16
MU|2024-06-17T00:00:00|Long,MU,2024-06-17,Long,0.03801660723518241,0.06568349681937402,0.024893408849354426,True,-0.05607798445674095,0.06568349681937402,-0.08205374235654206,True,-0.045390019825174766,0.06568349681937402,-0.08205374235654206,True,-0.10309142463909915,0.06568349681937402,-0.13907870481855888,True,-0.19163905486134813,0.06568349681937402,-0.1934654543724228,True,20,True,True,True,True,False,False,1,2,TARGET_BEFORE_STOP,True,True,True,False,False,1,2,TARGET_BEFORE_STOP,2024-06-18,2024-06-21,2024-06-25,2024-07-02,2024-07-17
MU|2024-06-18T00:00:00|Long,MU,2024-06-18,Long,-0.06034535478002834,0.02580649587893369,-0.06868682630008716,True,-0.09410233123873424,0.02580649587893369,-0.11567285990880127,True,-0.07227107564968682,0.02580649587893369,-0.11567285990880127,True,-0.1083739977501117,0.02580649587893369,-0.17060932437819565,True,-0.23460411023756877,0.02580649587893369,-0.25650049783726925,True,20,True,False,True,False,True,False,,1,STOP_BEFORE_TARGET,False,True,False,True,False,,1,STOP_BEFORE_TARGET,2024-06-20,2024-06-24,2024-06-26,2024-07-03,2024-07-18
MU|2024-06-20T00:00:00|Long,MU,2024-06-20,Long,-0.032249178698523395,-0.011027091413891466,-0.05888068069500241,True,-0.021291402123849057,-0.009432003518442422,-0.05888068069500241,True,-0.08294615792608306,-0.0008322013673330853,-0.09092170322751059,True,-0.08731532092876382,-0.0008322013673330853,-0.11734520779424729,True,-0.20757333933285893,-0.0008322013673330853,-0.21041683510348974,True,20,True,False,True,False,True,False,,1,STOP_BEFORE_TARGET,False,True,False,True,False,,1,STOP_BEFORE_TARGET,2024-06-21,2024-06-25,2024-06-27,2024-07-05,2024-07-19
MU|2024-06-21T00:00:00|Long,MU,2024-06-21,Long,-0.0037981855009129317,0.02357753119692041,-0.011824523261234399,True,0.020209312454503303,0.03246391182488417,-0.012827815481274651,True,-0.057402858622840114,0.03246391182488417,-0.06299264518458558,True,-0.06342261194308119,0.03246391182488417,-0.08793175600851755,True,-0.1738569275769547,0.03246391182488417,-0.18560982616199007,True,20,True,True,True,True,False,False,3,4,TARGET_BEFORE_STOP,False,True,False,True,False,,4,STOP_BEFORE_TARGET,2024-06-24,2024-06-26,2024-06-28,2024-07-08,2024-07-22
MU|2024-06-24T00:00:00|Long,MU,2024-06-24,Long,0.01517876910820104,0.015250776632987462,-0.00906405695004886,True,-0.04877346268050864,0.03640035261733621,-0.05704620523088566,True,-0.053880947632198306,0.03640035261733621,-0.0844543437716071,True,-0.056614599152440714,0.03640035261733621,-0.0844543437716071,True,-0.17811664977526742,0.03640035261733621,-0.18250482785207156,True,20,True,True,True,True,False,False,2,3,TARGET_BEFORE_STOP,False,True,False,True,False,,3,STOP_BEFORE_TARGET,2024-06-25,2024-06-27,2024-07-01,2024-07-09,2024-07-23
MU|2024-06-25T00:00:00|Long,MU,2024-06-25,Long,0.008786887302074664,0.02090428223570684,-0.011196158487269181,True,-0.06795632560734566,0.02090428223570684,-0.07348352803283575,True,-0.06044500477918435,0.02090428223570684,-0.09814341661945147,True,-0.03351754458049139,0.02090428223570684,-0.09814341661945147,True,-0.21853739657715243,0.02090428223570684,-0.22052151497982364,True,20,True,False,True,False,True,False,,2,STOP_BEFORE_TARGET,False,True,False,True,False,,2,STOP_BEFORE_TARGET,2024-06-26,2024-06-28,2024-07-02,2024-07-10,2024-07-24
MU|2024-06-26T00:00:00|Long,MU,2024-06-26,Long,-0.07115766254131295,-0.0349115004172158,-0.07923573146203444,True,-0.0761449584954722,-0.0349115004172158,-0.105998903502308,True,-0.038915378353334806,-0.0349115004172158,-0.105998903502308,True,-0.08520655261875909,-0.0349115004172158,-0.105998903502308,True,-0.24522340202610904,-0.0349115004172158,-0.2621522867014552,True,20,True,False,True,False,True,False,,1,STOP_BEFORE_TARGET,False,True,False,True,False,,1,STOP_BEFORE_TARGET,2024-06-27,2024-07-01,2024-07-03,2024-07-11,2024-07-25
MU|2024-06-27T00:00:00|Long,MU,2024-06-27,Long,-0.0052937833385742206,0.024124650567026285,-0.011192586972388674,True,0.0027225336306699877,0.024124650567026285,-0.03751039283622737,True,-0.00476434730680575,0.037056714161663784,-0.03751039283622737,True,0.009982661777730328,0.037056714161663784,-0.03751039283622737,True,-0.17257802921245236,0.037056714161663784,-0.20562652719158303,True,20,True,True,True,False,True,False,4,2,STOP_BEFORE_TARGET,False,True,False,True,False,,2,STOP_BEFORE_TARGET,2024-06-28,2024-07-02,2024-07-05,2024-07-12,2024-07-26
MU|2024-06-28T00:00:00|Long,MU,2024-06-28,Long,-7.598651964335623e-05,0.0041815787794592385,-0.03238806489596813,True,0.04021902679249889,0.04021902679249889,-0.03238806489596813,True,-0.006386347948654003,0.0425758850109339,-0.03238806489596813,True,-0.005017894535351175,0.0425758850109339,-0.03238806489596813,True,-0.18003497700102666,0.0425758850109339,-0.20139890602613708,True,20,True,True,True,False,True,False,3,1,STOP_BEFORE_TARGET,False,True,False,True,False,,1,STOP_BEFORE_TARGET,2024-07-01,2024-07-03,2024-07-08,2024-07-15,2024-07-29
MU|2024-07-01T00:00:00|Long,MU,2024-07-01,Long,0.008135584174807864,0.009048071797055357,-0.015967199173482327,True,0.0006082864085752426,0.04265511274413969,-0.015967199173482327,True,-0.002889331436039755,0.04265511274413969,-0.015967199173482327,True,-0.030641775226396106,0.04265511274413969,-0.032542626746155046,True,-0.22019469109712564,0.04265511274413969,-0.22316001482719872,True,20,True,True,True,True,False,False,2,10,TARGET_BEFORE_STOP,False,True,False,True,False,,10,STOP_BEFORE_TARGET,2024-07-02,2024-07-05,2024-07-09,2024-07-16,2024-07-30
MU|2024-07-02T00:00:00|Long,MU,2024-07-02,Long,0.03190294217633438,0.03190294217633438,-0.0012067551589761694,True,-0.014329843494696681,0.03424095837028451,-0.018855117799604026,True,0.028659802071899332,0.03424095837028451,-0.018855117799604026,True,-0.09872536917892549,0.03424095837028451,-0.10076169658313139,True,-0.17173238760064258,0.03424095837028451,-0.2294290595756816,True,20,True,True,True,True,False,False,1,9,TARGET_BEFORE_STOP,False,True,False,True,False,,9,STOP_BEFORE_TARGET,2024-07-03,2024-07-08,2024-07-10,2024-07-17,2024-07-31
MU|2024-07-03T00:00:00|Long,MU,2024-07-03,Long,-0.03815232379233413,0.002265732656037356,-0.04319546371682759,True,-0.04151445425017808,0.002265732656037356,-0.049188792764644385,True,-0.04816555506435194,0.002265732656037356,-0.04933488991858259,True,-0.14157293772157142,0.002265732656037356,-0.1661307540531365,True,-0.25807632873688635,0.002265732656037356,-0.26947820788085963,True,20,True,False,True,False,True,False,,1,STOP_BEFORE_TARGET,False,True,False,True,False,,1,STOP_BEFORE_TARGET,2024-07-05,2024-07-09,2024-07-11,2024-07-18,2024-08-01
MU|2024-07-05T00:00:00|Long,MU,2024-07-05,Long,-0.006914921123890916,0.012689955102522577,-0.011474237808448362,True,0.03639812358644612,0.03723399444700681,-0.011474237808448362,True,0.014817605302452241,0.03723399444700681,-0.011626130002557855,True,-0.13176294196860172,0.03723399444700681,-0.13487847117144125,True,-0.2955927610267356,0.03723399444700681,-0.30797875781867967,True,20,True,True,True,True,False,False,3,7,TARGET_BEFORE_STOP,False,True,False,True,False,,7,STOP_BEFORE_TARGET,2024-07-08,2024-07-10,2024-07-12,2024-07-19,2024-08-02
MU|2024-07-08T00:00:00|Long,MU,2024-07-08,Long,0.003443239267241882,0.03458569276932599,0.0014538406753143995,True,-0.00351983093789765,0.04445632756949869,-0.00474401335684016,True,0.0013772490046586316,0.04445632756949869,-0.005050146528272403,True,-0.117912643463438,0.04445632756949869,-0.13046141811346312,True,-0.3081337785613375,0.04445632756949869,-0.3502945743674766,True,20,True,True,True,True,False,False,1,6,TARGET_BEFORE_STOP,False,True,False,True,False,,7,STOP_BEFORE_TARGET,2024-07-09,2024-07-11,2024-07-15,2024-07-22,2024-08-05
MU|2024-07-09T00:00:00|Long,MU,2024-07-09,Long,0.04003355211555992,0.040872355004560434,0.01189566544040166,True,0.018377334705856452,0.040872355004560434,-0.008159158688498147,True,-0.02783286215393277,0.040872355004560434,-0.029739221778483205,True,-0.128793651580432,0.040872355004560434,-0.13344517371853337,True,-0.3213359736600301,0.040872355004560434,-0.3525239891924862,True,20,True,True,True,True,False,False,1,5,TARGET_BEFORE_STOP,False,True,False,True,False,,6,STOP_BEFORE_TARGET,2024-07-10,2024-07-12,2024-07-16,2024-07-23,2024-08-06
MU|2024-07-10T00:00:00|Long,MU,2024-07-10,Long,-0.04516462856276615,0.0002932274089872955,-0.046337650074873116,True,-0.040472206885865614,0.0002932274089872955,-0.04663098936001808,True,-0.12383605444117585,0.0002932274089872955,-0.1258156471112737,True,-0.19143632764275254,0.0002932274089872955,-0.19348925513413673,True,-0.3635896807669782,0.0002932274089872955,-0.3774469972718999,True,20,True,False,True,False,True,False,,1,STOP_BEFORE_TARGET,False,True,False,True,False,,1,STOP_BEFORE_TARGET,2024-07-11,2024-07-15,2024-07-17,2024-07-24,2024-08-07
MU|2024-07-11T00:00:00|Long,MU,2024-07-11,Long,0.025493414982249663,0.032250611119033046,0.0037626162116233264,True,-0.021039683280816734,0.039315138938408545,-0.022959363908949704,True,-0.09813406433671834,0.039315138938408545,-0.12393457666554619,True,-0.17492128946203833,0.039315138938408545,-0.19342698025355864,True,-0.29302002061453913,0.039315138938408545,-0.3479996433405864,True,20,True,True,True,True,False,False,1,3,TARGET_BEFORE_STOP,False,True,False,True,False,,4,STOP_BEFORE_TARGET,2024-07-12,2024-07-16,2024-07-18,2024-07-25,2024-08-08
MU|2024-07-12T00:00:00|Long,MU,2024-07-12,Long,-0.020067449444622354,0.01347812063366427,-0.026357200988582075,True,-0.10520406387645442,0.01347812063366427,-0.10722575340769136,True,-0.14444028809232923,0.01347812063366427,-0.14751032667518482,True,-0.18075626235884767,0.01347812063366427,-0.21347810920813914,True,-0.3030325742861931,0.01347812063366427,-0.3642081488444281,True,20,True,False,True,False,True,False,,1,STOP_BEFORE_TARGET,False,True,False,True,False,,2,STOP_BEFORE_TARGET,2024-07-15,2024-07-17,2024-07-19,2024-07-26,2024-08-09
MU|2024-07-15T00:00:00|Long,MU,2024-07-15,Long,-0.025827136696928488,0.0007641637292494785,-0.02773742942503732,True,-0.10254449965347967,0.0007641637292494785,-0.1282188385830627,True,-0.11912582654206239,0.0007641637292494785,-0.13165734217465563,True,-0.1758997287533568,0.0007641637292494785,-0.19737140036209744,True,-0.2768395895109259,0.0007641637292494785,-0.35118814984231694,True,20,True,False,True,False,True,False,,1,STOP_BEFORE_TARGET,False,True,False,True,False,,2,STOP_BEFORE_TARGET,2024-07-16,2024-07-18,2024-07-22,2024-07-29,2024-08-12
MU|2024-07-16T00:00:00|Long,MU,2024-07-16,Long,-0.06267156637893512,-0.03498312933723968,-0.06478935324528146,True,-0.10377281315571185,-0.03498312933723968,-0.10698878043925897,True,-0.1038512674376012,-0.03498312933723968,-0.10863596130043562,True,-0.19554475427801743,-0.03498312933723968,-0.19860381299778596,True,-0.23570472920137187,-0.03498312933723968,-0.3339869394864948,True,20,True,False,True,False,True,False,,1,STOP_BEFORE_TARGET,False,True,False,True,False,,1,STOP_BEFORE_TARGET,2024-07-17,2024-07-19,2024-07-23,2024-07-30,2024-08-13
MU|2024-07-17T00:00:00|Long,MU,2024-07-17,Long,-0.017154837253203437,0.01790794468325063,-0.04527199717246344,True,-0.03531381774646969,0.01790794468325063,-0.0490376620113101,True,-0.0771548219305701,0.01790794468325063,-0.07949790794979084,True,-0.08100418665419062,0.01790794468325063,-0.14502093582472542,True,-0.15974892332962864,0.01790794468325063,-0.28945603630034,True,20,True,False,True,False,True,False,,1,STOP_BEFORE_TARGET,False,True,False,True,False,,1,STOP_BEFORE_TARGET,2024-07-18,2024-07-22,2024-07-24,2024-07-31,2024-08-14
MU|2024-07-18T00:00:00|Long,MU,2024-07-18,Long,-0.027160450360994792,-0.0020434045977479887,-0.030651328800864408,True,-0.027245611165510386,-0.0020434045977479887,-0.03243931594372662,True,-0.08514261609054619,-0.0020434045977479887,-0.10566195278986401,True,-0.13571728587644105,-0.0020434045977479887,-0.14899957815845577,True,-0.08939974689507346,-0.0020434045977479887,-0.2770540155950155,True,20,True,False,True,False,True,False,,1,STOP_BEFORE_TARGET,False,True,False,True,False,,1,STOP_BEFORE_TARGET,2024-07-19,2024-07-23,2024-07-25,2024-08-01,2024-08-15
MU|2024-07-19T00:00:00|Long,MU,2024-07-19,Long,0.008926979030249527,0.011552596447971464,-0.005426244836253424,True,-0.0348328661169488,0.01820404483434368,-0.037283406761635884,True,-0.04244703643833747,0.01820404483434368,-0.0806931651349897,True,-0.1886924976798321,0.01820404483434368,-0.20295818315981795,True,-0.0548748832070326,0.01820404483434368,-0.25687027765960946,True,20,True,False,True,False,True,False,,3,STOP_BEFORE_TARGET,False,True,False,True,False,,3,STOP_BEFORE_TARGET,2024-07-22,2024-07-24,2024-07-26,2024-08-02,2024-08-16
MU|2024-07-22T00:00:00|Long,MU,2024-07-22,Long,-0.008934757028136397,0.009194982389122863,-0.012578044444797376,True,-0.06792159883732474,0.009194982389122863,-0.08882718574081505,True,-0.06445177293417992,0.009194982389122863,-0.08882718574081505,True,-0.2156488625398577,0.009194982389122863,-0.2634454843752275,True,-0.057685648822831004,0.009194982389122863,-0.2634454843752275,True,20,True,False,True,False,True,False,,2,STOP_BEFORE_TARGET,False,True,False,True,False,,2,STOP_BEFORE_TARGET,2024-07-23,2024-07-25,2024-07-29,2024-08-05,2024-08-19
MU|2024-07-23T00:00:00|Long,MU,2024-07-23,Long,-0.03474836954663563,-0.001838066384881043,-0.03719912472647702,True,-0.04236320645856129,-0.001838066384881043,-0.08061268345271466,True,-0.10231949620486869,-0.001838066384881043,-0.10573305760222917,True,-0.2210065645514223,-0.001838066384881043,-0.2568052195876641,True,-0.05479214123615295,-0.001838066384881043,-0.2568052195876641,True,20,True,False,True,False,True,False,,1,STOP_BEFORE_TARGET,False,True,False,True,False,,1,STOP_BEFORE_TARGET,2024-07-24,2024-07-26,2024-07-30,2024-08-06,2024-08-20
MU|2024-07-24T00:00:00|Long,MU,2024-07-24,Long,-0.025661968284188763,0.0038084709248669135,-0.0475153964614774,True,-0.022034823468206066,0.006800870586705088,-0.0475153964614774,True,-0.00417119232466856,0.009611874957625943,-0.0735400861454677,True,-0.2129125497591774,0.009611874957625943,-0.23005073810311172,True,-0.017682235852620076,0.009611874957625943,-0.23005073810311172,True,20,True,False,True,False,True,False,,1,STOP_BEFORE_TARGET,False,True,False,True,False,,1,STOP_BEFORE_TARGET,2024-07-25,2024-07-29,2024-07-31,2024-08-07,2024-08-21
MU|2024-07-25T00:00:00|Long,MU,2024-07-25,Long,0.01824110534699508,0.029595164220503012,0.003071213033292608,True,-0.04550953493282939,0.033317840230178364,-0.049139124516124566,True,-0.05528147957857055,0.036202880410710625,-0.06979990891589039,True,-0.14313632098869566,0.036202880410710625,-0.20977193044491338,True,-0.02968817964274406,0.036202880410710625,-0.20977193044491338,True,20,True,True,True,True,False,False,2,3,TARGET_BEFORE_STOP,False,True,False,True,False,,3,STOP_BEFORE_TARGET,2024-07-26,2024-07-30,2024-08-01,2024-08-08,2024-08-22
MU|2024-07-26T00:00:00|Long,MU,2024-07-26,Long,-0.014258341429235655,0.014806645306315147,-0.020747684822965407,True,0.0037473358832984527,0.01764000193018589,-0.06617315831122128,True,-0.15272832606305964,0.01764000193018589,-0.16762639021496195,True,-0.14925510725222702,0.01764000193018589,-0.2239283354350603,True,-0.05995800172210508,0.01764000193018589,-0.2239283354350603,True,20,True,False,True,False,True,False,,1,STOP_BEFORE_TARGET,False,True,False,True,False,,2,STOP_BEFORE_TARGET,2024-07-29,2024-07-31,2024-08-02,2024-08-09,2024-08-23
MU|2024-07-29T00:00:00|Long,MU,2024-07-29,Long,-0.04904961511702477,0.012981006450499377,-0.052665743027698886,True,-0.05878531689930366,0.03235973957484073,-0.07324989928279446,True,-0.16161335699377088,0.03235973957484073,-0.2127027829074679,True,-0.1224849260210461,0.03235973957484073,-0.2127027829074679,True,-0.08289285988406292,0.03235973957484073,-0.2127027829074679,True,20,True,True,True,False,True,False,2,1,STOP_BEFORE_TARGET,False,True,False,True,False,,1,STOP_BEFORE_TARGET,2024-07-30,2024-08-01,2024-08-05,2024-08-12,2024-08-26
MU|2024-07-30T00:00:00|Long,MU,2024-07-30,Long,0.07078785402742183,0.08560841447252132,0.0506045491902547,True,-0.09613885379354092,0.08560841447252132,-0.1120319631170541,True,-0.13221526795422123,0.08560841447252132,-0.17209432836034066,True,-0.049921950458924114,0.08560841447252132,-0.17209432836034066,True,-0.04582680440838571,0.08560841447252132,-0.17209432836034066,True,20,True,True,True,True,False,False,1,2,TARGET_BEFORE_STOP,True,True,True,False,False,1,3,TARGET_BEFORE_STOP,2024-07-31,2024-08-02,2024-08-06,2024-08-13,2024-08-27
MU|2024-07-31T00:00:00|Long,MU,2024-07-31,Long,-0.07566925497802013,-0.017847378345649645,-0.08987436508841296,True,-0.17665271881068145,-0.017847378345649645,-0.22682567931102304,True,-0.20961570485372472,-0.017847378345649645,-0.22682567931102304,True,-0.08568563156860343,-0.017847378345649645,-0.22682567931102304,True,-0.13622290225864675,0.010744858026360049,-0.22682567931102304,True,20,True,False,True,False,True,False,,1,STOP_BEFORE_TARGET,False,True,False,True,False,,1,STOP_BEFORE_TARGET,2024-08-01,2024-08-05,2024-08-07,2024-08-14,2024-08-28
MU|2024-08-01T00:00:00|Long,MU,2024-08-01,Long,-0.08678952815078167,-0.037631756619388335,-0.10284703203330992,True,-0.12323910819587558,-0.037631756619388335,-0.16353066815862372,True,-0.09299578605798264,-0.037631756619388335,-0.16353066815862372,True,0.053590726997631455,0.06442715769772511,-0.16353066815862372,True,-0.0585164251443373,0.09348830326132362,-0.16353066815862372,True,20,True,True,True,False,True,False,10,1,STOP_BEFORE_TARGET,True,True,False,True,False,10,1,STOP_BEFORE_TARGET,2024-08-02,2024-08-06,2024-08-08,2024-08-15,2024-08-29
MU|2024-08-02T00:00:00|Long,MU,2024-08-02,Long,-0.024595456897047008,-0.004854336171051243,-0.08403445029757928,True,-0.06364610669597492,0.009493041119557288,-0.08403445029757928,True,0.004099297684170056,0.019741120725995653,-0.08403445029757928,True,0.16494068413038154,0.18090620091200482,-0.08403445029757928,True,0.03818771339878091,0.19741104265597098,-0.08403445029757928,True,20,True,True,True,False,True,False,6,1,STOP_BEFORE_TARGET,True,True,False,True,False,7,1,STOP_BEFORE_TARGET,2024-08-05,2024-08-07,2024-08-09,2024-08-16,2024-08-30
MU|2024-08-05T00:00:00|Long,MU,2024-08-05,Long,-0.015704470224519484,0.004866207147937951,-0.03616452896798983,True,0.01824819242747555,0.03494806155829666,-0.04246844078359502,True,0.04667110491219284,0.06757355379432028,-0.04246844078359502,True,0.201393490966989,0.2106835151242077,-0.04246844078359502,True,-0.02034944011448314,0.2276045371357116,-0.04246844078359502,True,20,True,True,True,False,True,False,2,1,STOP_BEFORE_TARGET,True,True,False,True,False,5,1,STOP_BEFORE_TARGET,2024-08-06,2024-08-08,2024-08-12,2024-08-19,2024-09-03
MU|2024-08-06T00:00:00|Long,MU,2024-08-06,Long,-0.024719066834181902,0.051460694730951495,-0.027190990662306902,True,0.045842717202861705,0.06213481774490881,-0.027190990662306902,True,0.0948314881056882,0.098651671677493,-0.027190990662306902,True,0.21337076251426446,0.2300000137157654,-0.027190990662306902,True,0.003258437253116142,0.247191011235955,-0.027190990662306902,True,20,True,True,True,,,False,1,1,AMBIGUOUS,True,False,True,False,False,1,,TARGET_BEFORE_STOP,2024-08-07,2024-08-09,2024-08-13,2024-08-20,2024-09-04
MU|2024-08-07T00:00:00|Long,MU,2024-08-07,Long,0.06071424490531374,0.06970040564118118,0.014170457192330232,True,0.09032253527935619,0.1120967210304955,0.014170457192330232,True,0.15679723654198585,0.1745390940533793,0.014170457192330232,True,0.24804145187021232,0.26117508492974895,0.014170457192330232,True,0.029838666438136485,0.2788017983572191,0.011059896897702037,True,20,True,True,False,True,False,False,1,,TARGET_BEFORE_STOP,True,False,True,False,False,1,,TARGET_BEFORE_STOP,2024-08-08,2024-08-12,2024-08-14,2024-08-21,2024-09-05
MU|2024-08-08T00:00:00|Long,MU,2024-08-08,Long,0.010969937434324173,0.026718791057093405,-0.006734036587782044,True,0.05832521738222529,0.06201802002171242,-0.006734036587782044,True,0.16161613232040084,0.17356362995439345,-0.006734036587782044,True,0.1323992883872196,0.2056044354069868,-0.006734036587782044,True,-0.06180083045798157,0.2056044354069868,-0.07396543479055295,True,20,True,True,True,True,False,False,2,17,TARGET_BEFORE_STOP,True,True,True,False,False,3,17,TARGET_BEFORE_STOP,2024-08-09,2024-08-13,2024-08-15,2024-08-22,2024-09-06
MU|2024-08-09T00:00:00|Long,MU,2024-08-09,Long,0.016759749977500293,0.037064856901315,-0.00483460000842606,True,0.07874948095036616,0.0952943161011861,-0.00483460000842606,True,0.16018474150631534,0.17608507807506468,-0.00483460000842606,True,0.10496343415204779,0.19252253777853467,-0.00483460000842606,True,-0.07316292494652954,0.19252253777853467,-0.08669960825174572,True,20,True,True,True,True,False,False,1,16,TARGET_BEFORE_STOP,True,True,True,False,False,2,16,TARGET_BEFORE_STOP,2024-08-12,2024-08-14,2024-08-16,2024-08-23,2024-09-09
MU|2024-08-12T00:00:00|Long,MU,2024-08-12,Long,0.02958583125333436,0.03317835386621826,0.0028529614772003775,True,0.13007182626778624,0.14169488322689205,0.0028529614772003775,True,0.14782330889680595,0.15669909051876818,0.0028529614772003775,True,0.0451183886305897,0.17286560350655478,0.0028529614772003775,True,-0.08231192905501439,0.17286560350655478,-0.10323327035159546,True,20,True,True,True,True,False,False,1,12,TARGET_BEFORE_STOP,True,True,True,False,False,2,15,TARGET_BEFORE_STOP,2024-08-13,2024-08-15,2024-08-19,2024-08-26,2024-09-10
MU|2024-08-13T00:00:00|Long,MU,2024-08-13,Long,0.030480307330545076,0.04628483573312647,0.006465488891965077,True,0.10827170728682334,0.12346057551189915,0.006465488891965077,True,0.10827170728682334,0.12346057551189915,0.006465488891965077,True,0.004310325927976866,0.13916253303408732,-0.007902342499672699,True,-0.06968391569581889,0.13916253303408732,-0.12900245669003296,True,20,True,True,True,True,False,False,1,11,TARGET_BEFORE_STOP,True,True,True,False,False,2,11,TARGET_BEFORE_STOP,2024-08-14,2024-08-16,2024-08-20,2024-08-27,2024-09-11
MU|2024-08-14T00:00:00|Long,MU,2024-08-14,Long,0.06513288564494624,0.07608803018629362,0.02330441442632525,True,0.08186428932887768,0.0902300291620508,0.02330441442632525,True,0.07887658480321313,0.0902300291620508,0.02330441442632525,True,-0.055273407522562934,0.10546754259194246,-0.07678524482293814,True,-0.13146105065443658,0.10546754259194246,-0.16223484036854507,True,20,True,True,True,True,False,False,1,8,TARGET_BEFORE_STOP,True,True,True,False,False,1,9,TARGET_BEFORE_STOP,2024-08-15,2024-08-19,2024-08-21,2024-08-28,2024-09-12
MU|2024-08-15T00:00:00|Long,MU,2024-08-15,Long,0.009724179010782485,0.023562452962766045,-0.014960247964246332,True,0.009724179010782485,0.023562452962766045,-0.02047681042077587,True,-0.02515189236810844,0.03786819230782945,-0.027956970070943776,True,-0.106404839440297,0.03786819230782945,-0.1332398354989781,True,-0.14707803811487252,0.03786819230782945,-0.21346418749977703,True,20,True,True,True,False,True,False,5,2,STOP_BEFORE_TARGET,False,True,False,True,False,,6,STOP_BEFORE_TARGET,2024-08-16,2024-08-20,2024-08-22,2024-08-29,2024-09-13
MU|2024-08-16T00:00:00|Long,MU,2024-08-16,Long,0.005926469138890056,0.006759916393872967,-0.02991013789641639,True,0.0031484764701457113,0.01111218262223268,-0.02991013789641639,True,-0.04759699501182135,0.027872971532304502,-0.07111770031576603,True,-0.10880637311265384,0.027872971532304502,-0.14158719527724994,True,-0.19270300926244832,0.027872971532304502,-0.22103894424833437,True,20,True,False,True,False,True,False,,1,STOP_BEFORE_TARGET,False,True,False,True,False,,4,STOP_BEFORE_TARGET,2024-08-19,2024-08-21,2024-08-23,2024-08-30,2024-09-16
MU|2024-08-19T00:00:00|Long,MU,2024-08-19,Long,-0.005891553031667773,0.0051551615773484105,-0.02273767517039016,True,-0.040228253960026716,0.021817203410704034,-0.042989950170493785,True,-0.089477988005774,0.021817203410704034,-0.10144524460732851,True,-0.18457144370159162,0.021817203410704034,-0.18705698433758233,True,-0.18319059559635809,0.021817203410704034,-0.22562823461789927,True,20,True,False,True,False,True,False,,1,STOP_BEFORE_TARGET,False,True,False,True,False,,3,STOP_BEFORE_TARGET,2024-08-20,2024-08-22,2024-08-26,2024-09-03,2024-09-17
MU|2024-08-20T00:00:00|Long,MU,2024-08-20,Long,0.0031484764701457113,0.0037966818244279388,-0.016482996708105935,True,-0.04759699501182135,0.027872971532304502,-0.07111770031576603,True,-0.09380495836472802,0.027872971532304502,-0.10482452003661036,True,-0.17316415703454702,0.027872971532304502,-0.1868691610739085,True,-0.19112880635191798,0.027872971532304502,-0.22103894424833437,True,20,True,False,True,False,True,False,,2,STOP_BEFORE_TARGET,False,True,False,True,False,,2,STOP_BEFORE_TARGET,2024-08-21,2024-08-23,2024-08-27,2024-09-04,2024-09-18
MU|2024-08-21T00:00:00|Long,MU,2024-08-21,Long,-0.03757038332900209,0.02464689489352434,-0.04033972743208514,True,-0.08695650336677929,0.02464689489352434,-0.09895690057701123,True,-0.12434229662167062,0.02464689489352434,-0.14428140513823828,True,-0.17483616838615035,0.02464689489352434,-0.18988275959695844,True,-0.17612851018696352,0.02464689489352434,-0.2234837872727926,True,20,True,False,True,False,True,False,,1,STOP_BEFORE_TARGET,False,True,False,True,False,,1,STOP_BEFORE_TARGET,2024-08-22,2024-08-26,2024-08-28,2024-09-05,2024-09-19
MU|2024-08-22T00:00:00|Long,MU,2024-08-22,Long,-0.013523917448869827,0.001438725520865658,-0.037886097225237725,True,-0.0613850124184383,0.001438725520865658,-0.07279880886025436,True,-0.08334934071890321,0.001438725520865658,-0.11087670200585165,True,-0.17149438438961218,0.001438725520865658,-0.18223671216862058,True,-0.1281411887263807,0.001438725520865658,-0.1931709090446082,True,20,True,False,True,False,True,False,,1,STOP_BEFORE_TARGET,False,True,False,True,False,,1,STOP_BEFORE_TARGET,2024-08-23,2024-08-27,2024-08-29,2024-09-06,2024-09-20
MU|2024-08-23T00:00:00|Long,MU,2024-08-23,Long,-0.03830816597438347,-0.006417073821162078,-0.050947962484297005,True,-0.07768593079541908,-0.006417073821162078,-0.09868742514792384,True,-0.06426835885675541,-0.006417073821162078,-0.09868742514792384,True,-0.16120565947530385,-0.006417073821162078,-0.17345645700111012,True,-0.09022847755930585,-0.006417073821162078,-0.18210982990196023,True,20,True,False,True,False,True,False,,1,STOP_BEFORE_TARGET,False,True,False,True,False,,1,STOP_BEFORE_TARGET,2024-08-26,2024-08-28,2024-08-30,2024-09-09,2024-09-23
MU|2024-08-26T00:00:00|Long,MU,2024-08-26,Long,-0.010615741713495108,-0.004246342966224614,-0.022646905370828252,True,-0.033768110844430654,-0.004246342966224614,-0.06278441496252951,True,-0.10443839296926372,-0.004246342966224614,-0.10716819038574454,True,-0.12192907432484756,-0.004246342966224614,-0.1419472287503899,True,-0.049641123044365076,-0.004246342966224614,-0.14952987936439766,True,20,True,False,True,False,True,False,,1,STOP_BEFORE_TARGET,False,True,False,True,False,,2,STOP_BEFORE_TARGET,2024-08-27,2024-08-29,2024-09-03,2024-09-10,2024-09-24
MU|2024-08-27T00:00:00|Long,MU,2024-08-27,Long,-0.03065603904852887,-0.0018393654614052846,-0.0527284245853924,True,-0.01655428915264756,0.00562030501049926,-0.0527284245853924,True,-0.0875740817634707,0.00562030501049926,-0.10269776199750735,True,-0.07367667115781718,0.00562030501049926,-0.13274062725067526,True,-0.02135708107755807,0.00562030501049926,-0.14040463701280748,True,20,True,False,True,False,True,False,,1,STOP_BEFORE_TARGET,False,True,False,True,False,,1,STOP_BEFORE_TARGET,2024-08-28,2024-08-30,2024-09-04,2024-09-11,2024-09-25
MU|2024-08-28T00:00:00|Long,MU,2024-08-28,Long,0.007484704616322446,0.0328906043275059,0.001370411686501427,True,-0.06620281192167288,0.03742360350955365,-0.06904915675325274,True,-0.05766393828281524,0.03742360350955365,-0.07484712659116632,True,-0.08064517685702088,0.03742360350955365,-0.11321945809261924,True,0.1583385678518261,0.21020453629672753,-0.11321945809261924,True,20,True,True,True,True,False,False,1,3,TARGET_BEFORE_STOP,True,True,False,True,False,20,3,STOP_BEFORE_TARGET,2024-08-29,2024-09-03,2024-09-05,2024-09-12,2024-09-26
MU|2024-08-29T00:00:00|Long,MU,2024-08-29,Long,0.007010549033009905,0.02971647981954484,-0.006068869236232732,True,-0.0657109846118058,0.02971647981954484,-0.08119705096797991,True,-0.09615990866121094,0.02971647981954484,-0.10787901633897468,True,-0.045516359610877744,0.02971647981954484,-0.11980743941408933,True,0.12482997115486927,0.20121380577941994,-0.11980743941408933,True,20,True,True,True,False,True,False,19,2,STOP_BEFORE_TARGET,True,True,False,True,False,19,2,STOP_BEFORE_TARGET,2024-08-30,2024-09-04,2024-09-06,2024-09-13,2024-09-27
MU|2024-08-30T00:00:00|Long,MU,2024-08-30,Long,-0.0795926454981617,-0.024522035148963894,-0.08239817623854195,True,-0.07117621182637035,-0.024522035148963894,-0.08811300826858637,True,-0.10359519370330772,-0.024522035148963894,-0.11668740624283302,True,-0.09413962759453132,-0.024522035148963894,-0.12593511415434255,True,0.07761846827217433,0.1928512635075128,-0.12593511415434255,True,20,True,True,True,False,True,False,18,1,STOP_BEFORE_TARGET,True,True,False,True,False,18,1,STOP_BEFORE_TARGET,2024-09-03,2024-09-05,2024-09-09,2024-09-16,2024-09-30
MU|2024-09-03T00:00:00|Long,MU,2024-09-03,Long,0.00801534285161587,0.02427186138446369,-0.008692755210476744,True,-0.024836357328516523,0.02427186138446369,-0.03748023962740854,True,-0.01953040552237928,0.02427186138446369,-0.04188303237505686,True,0.0016934017021696945,0.03262586735051576,-0.05034995475591708,True,0.132422617803861,0.29600362021567284,-0.05034995475591708,True,20,True,True,True,False,True,False,8,3,STOP_BEFORE_TARGET,True,True,False,True,False,14,3,STOP_BEFORE_TARGET,2024-09-04,2024-09-06,2024-09-10,2024-09-17,2024-10-01
MU|2024-09-04T00:00:00|Long,MU,2024-09-04,Long,0.0011199291420738167,0.015791197427008186,-0.01713516366456669,True,-0.03382242402839719,0.015791197427008186,-0.047933685019736494,True,0.015231275578529768,0.01724718221230903,-0.049501602907663145,True,-0.021726984225720725,0.02441483125572108,-0.05790119964089124,True,0.1182662946614148,0.2856983074774986,-0.05790119964089124,True,20,True,True,True,False,True,False,13,2,STOP_BEFORE_TARGET,True,True,False,True,False,13,2,STOP_BEFORE_TARGET,2024-09-05,2024-09-09,2024-09-11,2024-09-18,2024-10-02
MU|2024-09-05T00:00:00|Long,MU,2024-09-05,Long,-0.03367269444884946,0.0029086266697142538,-0.04620200561156096,True,-0.028414821936126766,0.0029086266697142538,-0.05056490294136673,True,-0.024387518962532106,0.01610921189437886,-0.05895510324476727,True,-0.0015661638953389234,0.02326884265865159,-0.05895510324476727,True,0.1390535897756724,0.2842600272469844,-0.05895510324476727,True,20,True,True,True,False,True,False,12,1,STOP_BEFORE_TARGET,True,True,False,True,False,12,1,STOP_BEFORE_TARGET,2024-09-06,2024-09-10,2024-09-12,2024-09-19,2024-10-03
MU|2024-09-06T00:00:00|Long,MU,2024-09-06,Long,-0.0012734500329845133,0.018291292906844392,-0.015860096790328293,True,0.04943279009298629,0.051516609390267476,-0.017480835318922083,True,0.05603153648043957,0.05892572504201765,-0.02616340100365666,True,0.05232697865456437,0.05892572504201765,-0.02616340100365666,True,0.18372312168549043,0.3290114228061669,-0.02616340100365666,True,20,True,True,True,True,False,False,3,4,TARGET_BEFORE_STOP,True,False,True,False,False,3,,TARGET_BEFORE_STOP,2024-09-09,2024-09-11,2024-09-13,2024-09-20,2024-10-04
MU|2024-09-09T00:00:00|Long,MU,2024-09-09,Long,0.006723100192693732,0.010664261436641453,-0.016228050897888813,True,0.010896052833935022,0.05285737064364171,-0.02492168749443402,True,0.010548321519872284,0.060275933464460696,-0.02492168749443402,True,0.08461809824753863,0.09887570117782052,-0.02492168749443402,True,0.1928828986500295,0.3307060104190278,-0.02492168749443402,True,20,True,True,True,True,False,False,2,3,TARGET_BEFORE_STOP,True,False,True,False,False,2,,TARGET_BEFORE_STOP,2024-09-10,2024-09-12,2024-09-16,2024-09-23,2024-10-07
MU|2024-09-10T00:00:00|Long,MU,2024-09-10,Long,0.043753634064715774,0.045826176475058045,-0.008865822183011796,True,0.0503166703898581,0.053195196635019704,-0.031433457403600595,True,0.021646573584830797,0.053195196635019704,-0.031433457403600595,True,0.08232586818075083,0.09383997316139725,-0.031433457403600595,True,0.18065633525694813,0.32181928691645334,-0.031433457403600595,True,20,True,True,True,True,False,False,1,2,TARGET_BEFORE_STOP,True,True,False,True,False,3,2,STOP_BEFORE_TARGET,2024-09-11,2024-09-13,2024-09-17,2024-09-24,2024-10-08
MU|2024-09-11T00:00:00|Long,MU,2024-09-11,Long,-0.03794817852732402,-0.028902401571764713,-0.07203528592807229,True,-0.03827910824372682,0.009045776955559415,-0.07203528592807229,True,-0.03640378374197517,0.009045776955559415,-0.07203528592807229,True,0.056480915951510946,0.06100384651089241,-0.07203528592807229,True,0.12189735506191601,0.2664092787575356,-0.07203528592807229,True,20,True,True,True,False,True,False,8,1,STOP_BEFORE_TARGET,True,True,False,True,False,10,1,STOP_BEFORE_TARGET,2024-09-12,2024-09-16,2024-09-18,2024-09-25,2024-10-09
MU|2024-09-12T00:00:00|Long,MU,2024-09-12,Long,0.045980990463562854,0.04884763422717375,0.007567981527784262,True,0.017429243073247225,0.04884763422717375,-0.014791892318194333,True,0.023391823609026474,0.04884763422717375,-0.014791892318194333,True,0.2599472354882939,0.3163628512432519,-0.014791892318194333,True,0.2119023454986353,0.3163628512432519,-0.014791892318194333,True,20,True,True,False,True,False,False,1,,TARGET_BEFORE_STOP,True,False,True,False,False,7,,TARGET_BEFORE_STOP,2024-09-13,2024-09-17,2024-09-19,2024-09-26,2024-10-10
MU|2024-09-13T00:00:00|Long,MU,2024-09-13,Long,-0.0442885426602081,-0.032668310864451655,-0.05810132625338016,True,-0.04242493636037903,-0.018088155051508847,-0.05810132625338016,True,-0.0035079992385660397,-0.002740627018795294,-0.05810132625338016,True,0.1784696180819827,0.2584959604857253,-0.05810132625338016,True,0.17211134332542577,0.2584959604857253,-0.05810132625338016,True,20,True,True,True,False,True,False,6,1,STOP_BEFORE_TARGET,True,True,False,True,False,8,1,STOP_BEFORE_TARGET,2024-09-16,2024-09-18,2024-09-20,2024-09-27,2024-10-11
MU|2024-09-16T00:00:00|Long,MU,2024-09-16,Long,0.01777934212356036,0.027414537523310134,0.0041293944607865285,True,0.02374397439295861,0.036820361014406666,-0.005391158741200663,True,0.0732966204092691,0.08740539940247793,-0.005391158741200663,True,0.18960769352412488,0.31681581383227253,-0.005391158741200663,True,0.24271617295989611,0.31681581383227253,-0.005391158741200663,True,20,True,True,False,True,False,False,3,,TARGET_BEFORE_STOP,True,False,True,False,False,5,,TARGET_BEFORE_STOP,2024-09-17,2024-09-19,2024-09-23,2024-09-30,2024-10-14
MU|2024-09-17T00:00:00|Long,MU,2024-09-17,Long,-0.01555285507272175,0.005296895903609489,-0.022765740967405135,True,0.02445619392367293,0.025245100631391848,-0.022765740967405135,True,0.05939362609811738,0.07066377105660782,-0.022765740967405135,True,0.13050821327119078,0.2938126756284749,-0.022765740967405135,True,0.17570151863036498,0.2938126756284749,-0.022765740967405135,True,20,True,True,True,False,True,False,4,1,STOP_BEFORE_TARGET,True,False,True,False,False,4,,TARGET_BEFORE_STOP,2024-09-18,2024-09-20,2024-09-24,2024-10-01,2024-10-15
MU|2024-09-18T00:00:00|Long,MU,2024-09-18,Long,0.021751591975606166,0.03480252969240749,0.0026331237659007467,True,0.0712077999926457,0.08528912086751683,0.0026331237659007467,True,0.09639379869525566,0.10108760143448348,0.0026331237659007467,True,0.14310246386212966,0.31425306304692424,0.0026331237659007467,True,0.25060102772793647,0.31425306304692424,0.0026331237659007467,True,20,True,True,False,True,False,False,1,,TARGET_BEFORE_STOP,True,False,True,False,False,3,,TARGET_BEFORE_STOP,2024-09-19,2024-09-23,2024-09-25,2024-10-02,2024-10-16
MU|2024-09-19T00:00:00|Long,MU,2024-09-19,Long,0.018487412054665642,0.01927172236081942,-0.010308102733280866,True,0.053221288515406195,0.06442577030812324,-0.010308102733280866,True,0.23114842860972518,0.28627454399728647,-0.010308102733280866,True,0.1408403327151173,0.28627454399728647,-0.010308102733280866,True,0.25546221906731437,0.28627454399728647,-0.010308102733280866,True,20,True,True,False,True,False,False,2,,TARGET_BEFORE_STOP,True,False,True,False,False,2,,TARGET_BEFORE_STOP,2024-09-20,2024-09-24,2024-09-26,2024-10-03,2024-10-17
MU|2024-09-20T00:00:00|Long,MU,2024-09-20,Long,0.029372916657049553,0.04290430649518284,0.01848185123184498,True,0.05357530292011092,0.05808579417673254,0.01848185123184498,True,0.18261824197434295,0.2629263050020374,0.01848185123184498,True,0.1248624673662937,0.2629263050020374,0.01848185123184498,True,0.2227722734881903,0.2629263050020374,0.01848185123184498,True,20,True,True,False,True,False,False,1,,TARGET_BEFORE_STOP,True,False,True,False,False,3,,TARGET_BEFORE_STOP,2024-09-23,2024-09-25,2024-09-27,2024-10-04,2024-10-18
MU|2024-09-23T00:00:00|Long,MU,2024-09-23,Long,0.004595493283939378,0.015282679382704778,-0.008656594648236982,True,0.17430797917909935,0.2268889967529617,-0.008656594648236982,True,0.10836806051853953,0.2268889967529617,-0.008656594648236982,True,0.09981836056158278,0.2268889967529617,-0.008656594648236982,True,0.1657582792221426,0.2268889967529617,-0.008656594648236982,True,20,True,True,False,True,False,False,3,,TARGET_BEFORE_STOP,True,False,True,False,False,3,,TARGET_BEFORE_STOP,2024-09-24,2024-09-26,2024-09-30,2024-10-07,2024-10-21
MU|2024-09-24T00:00:00|Long,MU,2024-09-24,Long,0.018829751521983074,0.02319149260825304,-0.0007446776045129111,True,0.1436170212765957,0.22127662821018945,-0.0007446776045129111,True,0.0671276336020612,0.22127662821018945,-0.0007446776045129111,True,0.09085107356943989,0.22127662821018945,-0.0007446776045129111,True,0.1470212733491938,0.22127662821018945,-0.0007446776045129111,True,20,True,True,False,True,False,False,2,,TARGET_BEFORE_STOP,True,False,True,False,False,2,,TARGET_BEFORE_STOP,2024-09-25,2024-09-27,2024-10-01,2024-10-08,2024-10-22
MU|2024-09-25T00:00:00|Long,MU,2024-09-25,Long,0.14733216147996075,0.19870530516583407,0.12279422103417059,True,0.08290699300114368,0.19870530516583407,0.06776658369689859,True,0.042602088065856414,0.19870530516583407,0.03310019744653858,True,0.06191918672897967,0.19870530516583407,0.03310019744653858,True,0.09689889040382726,0.19870530516583407,0.03310019744653858,True,20,True,True,False,True,False,False,1,,TARGET_BEFORE_STOP,True,False,True,False,False,1,,TARGET_BEFORE_STOP,2024-09-26,2024-09-30,2024-10-02,2024-10-09,2024-10-23
MU|2024-09-26T00:00:00|Long,MU,2024-09-26,Long,-0.021659968264550855,0.009919948985539717,-0.02593737300109411,True,-0.08709501214086102,0.009919948985539717,-0.09956311508436455,True,-0.07335272806755588,0.009919948985539717,-0.09956311508436455,True,-0.038132461928882866,0.009919948985539717,-0.09956311508436455,True,-0.027575526529262095,0.038769587210723655,-0.09956311508436455,True,20,True,True,True,False,True,False,15,1,STOP_BEFORE_TARGET,False,True,False,True,False,,2,STOP_BEFORE_TARGET,2024-09-27,2024-10-01,2024-10-03,2024-10-10,2024-10-24
MU|2024-09-27T00:00:00|Long,MU,2024-09-27,Long,-0.03525582247002179,-0.006976744186046546,-0.04874416617460031,True,-0.07116280489189675,-0.006976744186046546,-0.07962788426598832,True,-0.0488372093023256,-0.006976744186046546,-0.07962788426598832,True,-0.005395365870276114,0.0013953630314316179,-0.07962788426598832,True,0.0038139875545057933,0.06176743618277625,-0.07962788426598832,True,20,True,True,True,False,True,False,14,1,STOP_BEFORE_TARGET,True,True,False,True,False,14,1,STOP_BEFORE_TARGET,2024-09-30,2024-10-02,2024-10-04,2024-10-11,2024-10-25
MU|2024-09-30T00:00:00|Long,MU,2024-09-30,Long,-0.03278373884768404,0.004724692586010271,-0.04599360413822007,True,-0.018223887825020824,0.004724692586010271,-0.04599360413822007,True,-0.00771377330465195,0.008485172704525867,-0.04599360413822007,True,0.04464369197078866,0.04821135902168372,-0.04599360413822007,True,0.02584129137821023,0.10056889786182,-0.04599360413822007,True,20,True,True,True,False,True,False,9,1,STOP_BEFORE_TARGET,True,True,False,True,False,11,1,STOP_BEFORE_TARGET,2024-10-01,2024-10-03,2024-10-07,2024-10-14,2024-10-28
MU|2024-10-01T00:00:00|Long,MU,2024-10-01,Long,-0.004585775054016472,0.018044115562170226,-0.009769671532158353,True,0.019340070667164033,0.03917855050171015,-0.009769671532158353,True,0.02223111764738106,0.042667718906052254,-0.009769671532158353,True,0.03997609643932165,0.09151630474134453,-0.009769671532158353,True,0.0784568132601633,0.13787261656522531,-0.009769671532158353,True,20,True,True,False,True,False,False,3,,TARGET_BEFORE_STOP,True,False,True,False,False,7,,TARGET_BEFORE_STOP,2024-10-02,2024-10-04,2024-10-08,2024-10-15,2024-10-29
MU|2024-10-02T00:00:00|Long,MU,2024-10-02,Long,0.01972960691845893,0.026840263857093483,-0.00450672964565757,True,0.030646021379573396,0.04747118614126,-0.00450672964565757,True,0.018527776688955777,0.04747118614126,-0.00450672964565757,True,0.0940410569168122,0.09794690965199804,-0.00450672964565757,True,0.042363579585130484,0.1431146833640764,-0.00450672964565757,True,20,True,True,False,True,False,False,2,,TARGET_BEFORE_STOP,True,False,True,False,False,6,,TARGET_BEFORE_STOP,2024-10-03,2024-10-07,2024-10-09,2024-10-16,2024-10-30
MU|2024-10-03T00:00:00|Long,MU,2024-10-03,Long,0.004223141882386372,0.023767414812399856,-0.004124908369712577,True,0.007071314308201959,0.02720483845382704,-0.009919486734017435,True,0.03800827694147757,0.04674918631405611,-0.014731879832015404,True,0.10047145342364017,0.12099783668974484,-0.014731879832015404,True,-0.021312101507063974,0.12099783668974484,-0.027008446358695037,True,20,True,True,True,True,False,False,5,20,TARGET_BEFORE_STOP,True,False,True,False,False,6,,TARGET_BEFORE_STOP,2024-10-04,2024-10-08,2024-10-10,2024-10-17,2024-10-31
MU|2024-10-04T00:00:00|Long,MU,2024-10-04,Long,0.006454803541412035,0.022885049759321596,-0.014083153461185827,True,-0.005379002951176659,0.022885049759321596,-0.01887530860807607,True,0.04567235373051659,0.05281175086434131,-0.01887530860807607,True,0.0870415797151971,0.1162836126126987,-0.01887530860807607,True,-0.02464544394196977,0.1162836126126987,-0.031100247483381693,True,20,True,True,True,True,False,False,4,19,TARGET_BEFORE_STOP,True,True,True,False,False,5,19,TARGET_BEFORE_STOP,2024-10-07,2024-10-09,2024-10-11,2024-10-18,2024-11-01
MU|2024-10-07T00:00:00|Long,MU,2024-10-07,Long,-0.0035954011603855918,0.0002915049871670128,-0.016033441523298886,True,0.027013882813808898,0.035662210070414924,-0.02516765984956204,True,0.052764478501136525,0.056359879661522116,-0.02516765984956204,True,0.05995528082190771,0.10912443229922708,-0.02516765984956204,True,-0.011466332360167364,0.10912443229922708,-0.03731419522530843,True,20,True,True,True,False,True,False,3,2,STOP_BEFORE_TARGET,True,True,True,False,False,5,18,TARGET_BEFORE_STOP,2024-10-08,2024-10-10,2024-10-14,2024-10-21,2024-11-04
MU|2024-10-08T00:00:00|Long,MU,2024-10-08,Long,-0.008191963719379691,-0.002438072925374235,-0.021650099481976492,True,0.042715010867087955,0.049834216546976506,-0.021650099481976492,True,0.017359067324011823,0.06777839756377224,-0.021650099481976492,True,0.05149208827925156,0.11312656885654993,-0.021650099481976492,True,0.028769230757784037,0.11312656885654993,-0.03384046410884778,True,20,True,True,True,False,True,False,2,1,STOP_BEFORE_TARGET,True,True,True,False,False,4,17,TARGET_BEFORE_STOP,2024-10-09,2024-10-11,2024-10-15,2024-10-22,2024-11-05
MU|2024-10-09T00:00:00|Long,MU,2024-10-09,Long,0.03923309353878035,0.0479843169051033,-0.008357900684635045,True,0.06529006478759003,0.06892824332923086,-0.008357900684635045,True,0.07413963757899267,0.07797443995216202,-0.008357900684635045,True,0.03294008066903409,0.1223205783156247,-0.008357900684635045,True,0.09960673733321679,0.1223205783156247,-0.02586034741728105,True,20,True,True,True,True,False,False,1,16,TARGET_BEFORE_STOP,True,False,True,False,False,2,,TARGET_BEFORE_STOP,2024-10-10,2024-10-14,2024-10-16,2024-10-23,2024-11-06
MU|2024-10-10T00:00:00|Long,MU,2024-10-10,Long,0.01163776799249261,0.018544791741861077,-0.006623186313433949,True,-0.012962463004403402,0.03595416155345421,-0.028195697682812382,True,0.060175990760124254,0.07995076878654439,-0.028195697682812382,True,0.010975456579802145,0.07995076878654439,-0.028195697682812382,True,0.07304381722370601,0.07995076878654439,-0.06263603551577279,True,20,True,True,True,,,False,3,3,AMBIGUOUS,True,True,True,False,False,5,15,TARGET_BEFORE_STOP,2024-10-11,2024-10-15,2024-10-17,2024-10-24,2024-11-07
MU|2024-10-11T00:00:00|Long,MU,2024-10-11,Long,0.01328094082737974,0.016741497813149486,-0.0011222888069816195,True,0.021698463660262846,0.025346044995161243,-0.03937522593126497,True,0.03956232163649798,0.0675271356560887,-0.03937522593126497,True,0.009259310794223374,0.0675271356560887,-0.03937522593126497,True,0.04657691210454984,0.06902361587353645,-0.0734193659610547,True,20,True,True,True,False,True,False,4,2,STOP_BEFORE_TARGET,True,True,False,True,False,4,2,STOP_BEFORE_TARGET,2024-10-14,2024-10-16,2024-10-18,2024-10-25,2024-11-08
MU|2024-10-14T00:00:00|Long,MU,2024-10-14,Long,-0.03710537916697765,0.010614745844113482,-0.05196600926456696,True,0.03424410964807878,0.053535197044577876,-0.05196600926456696,True,0.006830399835496825,0.053535197044577876,-0.05196600926456696,True,-0.01799886481591284,0.053535197044577876,-0.05196600926456696,True,0.002861410360597061,0.05501206309144702,-0.08556393720150368,True,20,True,True,True,False,True,False,3,1,STOP_BEFORE_TARGET,True,True,False,True,False,3,1,STOP_BEFORE_TARGET,2024-10-15,2024-10-17,2024-10-21,2024-10-28,2024-11-11
MU|2024-10-15T00:00:00|Long,MU,2024-10-15,Long,0.04716255927279711,0.05090105036548609,0.012365806358330955,True,0.06547164351068879,0.09413343293281695,0.012365806358330955,True,0.033550613595080936,0.09413343293281695,0.012365806358330955,True,0.03700153970133768,0.09413343293281695,-0.007476982185378289,True,-0.002108907413216232,0.09566721037316817,-0.05032592039262129,True,20,True,True,True,True,False,False,1,12,TARGET_BEFORE_STOP,True,True,True,False,False,1,12,TARGET_BEFORE_STOP,2024-10-16,2024-10-18,2024-10-22,2024-10-29,2024-11-12
MU|2024-10-16T00:00:00|Long,MU,2024-10-16,Long,0.025723226317640346,0.044855379180706034,0.016202895524295657,True,-0.0014646286693851263,0.044855379180706034,-0.014188900152636741,True,-0.038355866843177266,0.044855379180706034,-0.052178662208969606,True,-0.04723540949854055,0.044855379180706034,-0.052178662208969606,True,-0.08531673267191897,0.046320077690760186,-0.09309775144474153,True,20,True,True,True,True,False,False,1,4,TARGET_BEFORE_STOP,False,True,False,True,False,,5,STOP_BEFORE_TARGET,2024-10-17,2024-10-21,2024-10-23,2024-10-30,2024-11-13
MU|2024-10-17T00:00:00|Long,MU,2024-10-17,Long,-0.008032141913134838,0.007585885327717978,-0.01954486730709548,True,-0.037751032947136,0.007585885327717978,-0.050691656853878775,True,-0.046407893226337094,0.007585885327717978,-0.07594825439049346,True,-0.11066489235302501,0.007585885327717978,-0.1158411691514003,True,-0.11485945913483964,0.0200803207382394,-0.12039272758370922,True,20,True,False,True,False,True,False,,2,STOP_BEFORE_TARGET,False,True,False,True,False,,2,STOP_BEFORE_TARGET,2024-10-18,2024-10-22,2024-10-24,2024-10-31,2024-11-14
MU|2024-10-18T00:00:00|Long,MU,2024-10-18,Long,-0.018623478780090408,-8.998772913326736e-05,-0.031129096149108637,True,-0.05488077724138263,-8.998772913326736e-05,-0.06846604143842261,True,-0.029149777951331557,-8.998772913326736e-05,-0.06846604143842261,True,-0.10274402170193775,-8.998772913326736e-05,-0.10868197629526899,True,-0.13324340966869075,0.028340094310709496,-0.13954117789750364,True,20,True,False,True,False,True,False,,1,STOP_BEFORE_TARGET,False,True,False,True,False,,1,STOP_BEFORE_TARGET,2024-10-21,2024-10-23,2024-10-25,2024-11-01,2024-11-15
MU|2024-10-21T00:00:00|Long,MU,2024-10-21,Long,-0.01155117450568055,-0.005133894193141142,-0.024844142271559178,True,-0.020443741469563514,-0.005133894193141142,-0.05078841971517212,True,-0.024660821381105036,0.007334024651029392,-0.05078841971517212,True,-0.06738172305410228,0.007334024651029392,-0.09176752812797129,True,-0.10606893564912168,0.04785479586613839,-0.12422078130090541,True,20,True,True,True,False,True,False,13,1,STOP_BEFORE_TARGET,False,True,False,True,False,,2,STOP_BEFORE_TARGET,2024-10-22,2024-10-24,2024-10-28,2024-11-04,2024-11-18
MU|2024-10-22T00:00:00|Long,MU,2024-10-22,Long,-0.02569093536363065,-0.006677807667789137,-0.03969577806910651,True,0.0008347613387118535,0.019105894680248703,-0.03969577806910651,True,0.0033389038338946797,0.019105894680248703,-0.03969577806910651,True,-0.021610107935907674,0.019105894680248703,-0.08115377503956744,True,-0.0935818620520269,0.06010019824962631,-0.11398628223254681,True,20,True,True,True,False,True,False,11,1,STOP_BEFORE_TARGET,True,True,False,True,False,12,1,STOP_BEFORE_TARGET,2024-10-23,2024-10-25,2024-10-29,2024-11-05,2024-11-19
MU|2024-10-23T00:00:00|Long,MU,2024-10-23,Long,0.017134653689409474,0.023607764450203517,0.004759638129221644,True,0.012755795325683161,0.04597804913228254,0.004759638129221644,True,-0.009233709590900308,0.04597804913228254,-0.013422214385035991,True,0.06454068141203573,0.06920510644330502,-0.05692530398106954,True,-0.06358876831145421,0.08805330539060097,-0.09062355065111671,True,20,True,True,True,True,False,False,2,6,TARGET_BEFORE_STOP,True,True,False,True,False,10,6,STOP_BEFORE_TARGET,2024-10-24,2024-10-28,2024-10-30,2024-11-06,2024-11-20
MU|2024-10-24T00:00:00|Long,MU,2024-10-24,Long,0.009920497923497917,0.0283574995092839,0.008142281319664546,True,0.012447373421131225,0.0283574995092839,-0.011698643124480212,True,-0.06738415583586566,0.0283574995092839,-0.0728123433823088,True,0.0613945276712109,0.06560601063488347,-0.0728123433823088,True,-0.03827792602993074,0.06972395586361291,-0.10594290927917893,True,20,True,True,True,False,True,False,9,4,STOP_BEFORE_TARGET,True,True,False,True,False,9,4,STOP_BEFORE_TARGET,2024-10-25,2024-10-29,2024-10-31,2024-11-07,2024-11-21
MU|2024-10-25T00:00:00|Long,MU,2024-10-25,Long,-0.014085851365740032,0.0025020538773385947,-0.014734537237750645,True,-0.03549255584354616,0.007784230464126685,-0.03957005029701677,True,-0.0758039109218197,0.007784230464126685,-0.08192015260202579,True,0.03697523610751707,0.05921600567874097,-0.08192015260202579,True,-0.048837031726572055,0.05921600567874097,-0.11472527534682597,True,20,True,True,True,False,True,False,8,2,STOP_BEFORE_TARGET,True,True,False,True,False,9,3,STOP_BEFORE_TARGET,2024-10-28,2024-10-30,2024-11-01,2024-11-08,2024-11-22
MU|2024-10-28T00:00:00|Long,MU,2024-10-28,Long,0.016824898259201415,0.022182541816812673,-0.007425518564334266,True,-0.06335179906416388,0.022182541816812673,-0.06880345649796515,True,-0.04380107208806183,0.022182541816812673,-0.06880345649796515,True,0.021242618189641238,0.07434912780795644,-0.06880345649796515,True,-0.017952777927176866,0.07434912780795644,-0.10207726922318439,True,20,True,True,True,False,True,False,7,2,STOP_BEFORE_TARGET,True,True,False,True,False,7,3,STOP_BEFORE_TARGET,2024-10-29,2024-10-31,2024-11-04,2024-11-11,2024-11-25
MU|2024-10-29T00:00:00|Long,MU,2024-10-29,Long,-0.03789978242332226,-0.012756491491264565,-0.041967100228508025,True,-0.07811052804959095,-0.012756491491264565,-0.08421150475736972,True,-0.02486598663170414,-0.012756491491264565,-0.08421150475736972,True,-0.03771493639808654,0.056572404597129866,-0.08421150475736972,True,-0.058975755550194076,0.056572404597129866,-0.11693475217409177,True,20,True,True,True,False,True,False,6,1,STOP_BEFORE_TARGET,True,True,False,True,False,7,1,STOP_BEFORE_TARGET,2024-10-30,2024-11-01,2024-11-05,2024-11-12,2024-11-26
MU|2024-10-30T00:00:00|Long,MU,2024-10-30,Long,-0.042563414942734856,-0.015276748071796686,-0.04813606887097133,True,-0.02257877049171919,-0.002786326964118291,-0.04813606887097133,True,0.07446195103435915,0.07916984741357802,-0.04813606887097133,True,-0.03996928890203133,0.09819370715704334,-0.04813606887097133,True,-0.05649504976332609,0.09819370715704334,-0.08214837530111108,True,20,True,True,True,False,True,False,5,1,STOP_BEFORE_TARGET,True,True,False,True,False,5,1,STOP_BEFORE_TARGET,2024-10-31,2024-11-04,2024-11-06,2024-11-13,2024-11-27
MU|2024-10-31T00:00:00|Long,MU,2024-10-31,Long,0.0008028281969860718,0.009633708678101094,-0.002809822127540662,True,0.0586050802655933,0.05990969522617351,-0.002809822127540662,True,0.13808331084327197,0.14259908546797506,-0.002809822127540662,True,-0.004716519954905074,0.14701456398948798,-0.010938323638681413,True,-0.017059754657356763,0.14701456398948798,-0.04134473340185629,True,20,True,True,True,True,False,False,2,11,TARGET_BEFORE_STOP,True,True,True,False,False,3,11,TARGET_BEFORE_STOP,2024-11-01,2024-11-05,2024-11-07,2024-11-14,2024-11-29
MU|2024-11-01T00:00:00|Long,MU,2024-11-01,Long,0.02005414551969875,0.04070989092483046,0.01273434874479129,True,0.12132756509407927,0.12624080932626702,0.01273434874479129,True,0.12202945712724889,0.14609444705098618,0.01273434874479129,True,-0.03399184703634406,0.14609444705098618,-0.0410107673680411,True,-0.011831948916642077,0.14609444705098618,-0.042113751491663964,True,20,True,True,True,True,False,False,1,10,TARGET_BEFORE_STOP,True,True,True,False,False,2,10,TARGET_BEFORE_STOP,2024-11-04,2024-11-06,2024-11-08,2024-11-15,2024-12-02
MU|2024-11-04T00:00:00|Long,MU,2024-11-04,Long,0.03696052671544181,0.038238467131469944,0.0005897725018570998,True,0.11481372181022054,0.11923716556715536,0.0005897725018570998,True,0.06802317841930616,0.12356236390478292,0.0005897725018570998,True,-0.041482365884690675,0.12356236390478292,-0.060945683407511164,True,-0.01857865877003484,0.12356236390478292,-0.060945683407511164,True,20,True,True,True,True,False,False,1,8,TARGET_BEFORE_STOP,True,True,True,False,False,2,8,TARGET_BEFORE_STOP,2024-11-05,2024-11-07,2024-11-11,2024-11-18,2024-12-03
MU|2024-11-05T00:00:00|Long,MU,2024-11-05,Long,0.0601005222833797,0.06474549217334324,0.014314173540703745,True,0.06076408941051725,0.0835150759919967,0.014314173540703745,True,-0.01317659889844236,0.0835150759919967,-0.03242011790882693,True,-0.07356142443814673,0.0835150759919967,-0.09441652560591629,True,-0.021708227906921285,0.0835150759919967,-0.09441652560591629,True,20,True,True,True,True,False,False,1,5,TARGET_BEFORE_STOP,True,True,True,False,False,1,5,TARGET_BEFORE_STOP,2024-11-06,2024-11-08,2024-11-12,2024-11-19,2024-12-04
MU|2024-11-06T00:00:00|Long,MU,2024-11-06,Long,0.014128604177630733,0.01815254176928005,-0.0041133781359280475,True,-0.028436021220673124,0.022087107039796328,-0.045247295941500565,True,-0.10650096992846525,0.022087107039796328,-0.10739517070181559,True,-0.12036125247325957,0.022087107039796328,-0.14575697741991256,True,-0.09800589202377274,0.022087107039796328,-0.14575697741991256,True,20,True,False,True,False,True,False,,3,STOP_BEFORE_TARGET,False,True,False,True,False,,3,STOP_BEFORE_TARGET,2024-11-07,2024-11-11,2024-11-13,2024-11-20,2024-12-05
MU|2024-11-07T00:00:00|Long,MU,2024-11-07,Long,-0.013314540935289387,0.007847626848686895,-0.02504191760496355,True,-0.08209156941504259,0.007847626848686895,-0.09999121418839951,True,-0.1254739696449536,0.007847626848686895,-0.1309408837315562,True,-0.09390707329142878,0.007847626848686895,-0.1576580928088468,True,-0.1079270355164752,0.007847626848686895,-0.1576580928088468,True,20,True,False,True,False,True,False,,1,STOP_BEFORE_TARGET,False,True,False,True,False,,2,STOP_BEFORE_TARGET,2024-11-08,2024-11-12,2024-11-14,2024-11-21,2024-12-06
MU|2024-11-08T00:00:00|Long,MU,2024-11-08,Long,-0.029043788701364592,-0.0034852491897262583,-0.045844547031807625,True,-0.10705990342782079,-0.0034852491897262583,-0.10795354482869213,True,-0.13905277011448247,-0.0034852491897262583,-0.14530832810105054,True,-0.08275247551349607,-0.0034852491897262583,-0.14629135409614957,True,-0.08114389371974018,-0.0034852491897262583,-0.14629135409614957,True,20,True,False,True,False,True,False,,1,STOP_BEFORE_TARGET,False,True,False,True,False,,1,STOP_BEFORE_TARGET,2024-11-11,2024-11-13,2024-11-15,2024-11-22,2024-12-09
MU|2024-11-11T00:00:00|Long,MU,2024-11-11,Long,-0.041877616087046876,-0.03276580890926484,-0.060561451805294486,True,-0.08716061746623638,-0.03276580890926484,-0.09286703935187579,True,-0.10253105598894119,-0.03276580890926484,-0.12075474056442637,True,-0.03838010225846222,-0.020708697362181616,-0.12075474056442637,True,-0.09710080905286456,-0.020708697362181616,-0.12075474056442637,True,20,True,False,True,False,True,False,,1,STOP_BEFORE_TARGET,False,True,False,True,False,,1,STOP_BEFORE_TARGET,2024-11-12,2024-11-14,2024-11-18,2024-11-25,2024-12-10
MU|2024-11-12T00:00:00|Long,MU,2024-11-12,Long,-0.040153701887084225,-0.007300693058313601,-0.04111430203681388,True,-0.0745437295866972,-0.007300693058313601,-0.0812680039238981,True,-0.061191116335809204,-0.007300693058313601,-0.08232468607532872,True,-0.0220940966001556,0.02209416988924917,-0.08232468607532872,True,-0.019596550868677287,0.02209416988924917,-0.08232468607532872,True,20,True,False,True,False,True,False,,1,STOP_BEFORE_TARGET,False,True,False,True,False,,1,STOP_BEFORE_TARGET,2024-11-13,2024-11-15,2024-11-19,2024-11-26,2024-12-11
MU|2024-11-13T00:00:00|Long,MU,2024-11-13,Long,-0.007405903496098376,0.023719003102610214,-0.013610895068793538,True,-0.024119256173724235,0.023719003102610214,-0.043935142815213046,True,-0.015512364399192013,0.023719003102610214,-0.043935142815213046,True,-0.017213783549064332,0.06485191628984177,-0.043935142815213046,True,-0.01681345412291968,0.06485191628984177,-0.043935142815213046,True,20,True,True,True,False,True,False,6,2,STOP_BEFORE_TARGET,True,True,False,True,False,8,2,STOP_BEFORE_TARGET,2024-11-14,2024-11-18,2024-11-20,2024-11-27,2024-12-12
MU|2024-11-14T00:00:00|Long,MU,2024-11-14,Long,-0.02863484531706484,-0.00988105821655716,-0.0356926890969429,True,-0.014619852226059327,-0.00988105821655716,-0.03680178982302773,True,0.03609600544503988,0.04143981243905159,-0.03680178982302773,True,-0.012401727698617582,0.0727969469498615,-0.03680178982302773,True,0.03347448764477323,0.0727969469498615,-0.03680178982302773,True,20,True,True,True,False,True,False,5,1,STOP_BEFORE_TARGET,True,True,False,True,False,7,1,STOP_BEFORE_TARGET,2024-11-15,2024-11-19,2024-11-21,2024-11-29,2024-12-13
MU|2024-11-15T00:00:00|Long,MU,2024-11-15,Long,0.012144548918564535,0.017957270320688057,-0.008407697626984234,True,0.021071273467476725,0.02273201707134498,-0.008407697626984234,True,0.06539343254344732,0.07649992761815594,-0.008407697626984234,True,0.02293965951707211,0.10442189713922234,-0.008407697626984234,True,0.12372852658757783,0.15351880296585008,-0.008407697626984234,True,20,True,True,False,True,False,False,4,,TARGET_BEFORE_STOP,True,False,True,False,False,4,,TARGET_BEFORE_STOP,2024-11-18,2024-11-20,2024-11-22,2024-12-02,2024-12-16
MU|2024-11-18T00:00:00|Long,MU,2024-11-18,Long,0.002256191322770773,0.006871071215948321,-0.01025535820010448,True,0.053840630550548774,0.05927595787785633,-0.01025535820010448,True,0.07147985917347621,0.09117012813955516,-0.01025535820010448,True,0.02389492514219138,0.09117012813955516,-0.014460092618390763,True,0.11373188488291563,0.13967792861043238,-0.014460092618390763,True,20,True,True,False,True,False,False,3,,TARGET_BEFORE_STOP,True,False,True,False,False,3,,TARGET_BEFORE_STOP,2024-11-19,2024-11-21,2024-11-25,2024-12-03,2024-12-17
MU|2024-11-19T00:00:00|Long,MU,2024-11-19,Long,0.006548647985931355,0.0081857709493931,-0.012278773523152431,True,0.05024041608575769,0.06118894425592791,-0.012278773523152431,True,0.04164534487898863,0.08871378155263532,-0.012278773523152431,True,0.05597046355693713,0.08871378155263532,-0.01667865370739141,True,0.06313310096195313,0.1464237907199306,-0.01667865370739141,True,20,True,True,False,True,False,False,2,,TARGET_BEFORE_STOP,True,False,True,False,False,2,,TARGET_BEFORE_STOP,2024-11-20,2024-11-22,2024-11-26,2024-12-04,2024-12-18
MU|2024-11-20T00:00:00|Long,MU,2024-11-20,Long,0.04462741961040528,0.05001522854096141,-0.0031514199383211317,True,0.0621124371226458,0.08163056373987843,-0.0031514199383211317,True,-0.0017282280531983885,0.08163056373987843,-0.017586696234932253,True,0.025414251603107285,0.08163056373987843,-0.023076183888180446,True,-0.11466916838205887,0.13896510915183735,-0.13988006253978247,True,20,True,True,True,True,False,False,1,6,TARGET_BEFORE_STOP,True,True,True,False,False,1,20,TARGET_BEFORE_STOP,2024-11-21,2024-11-25,2024-11-27,2024-12-05,2024-12-19
MU|2024-11-21T00:00:00|Long,MU,2024-11-21,Long,-0.0011677962639874417,0.009244812461007612,-0.010801874146324164,True,-0.009342147377536802,0.035422336648288866,-0.02384200590409402,True,-0.04680814604900052,0.035422336648288866,-0.06481124487794487,True,-0.01547298495748628,0.035422336648288866,-0.06481124487794487,True,-0.12300505183808197,0.09030749889430956,-0.1870377658733685,True,20,True,True,True,True,False,False,2,3,TARGET_BEFORE_STOP,True,True,False,True,False,16,4,STOP_BEFORE_TARGET,2024-11-22,2024-11-26,2024-11-29,2024-12-06,2024-12-20
MU|2024-11-22T00:00:00|Long,MU,2024-11-22,Long,0.017926772975709104,0.03663291269085556,0.011399046920330669,True,-0.04325801313141897,0.03663291269085556,-0.05845674235852649,True,-0.03984797702856491,0.03663291269085556,-0.06371785809058494,True,0.001753705244019521,0.03663291269085556,-0.06371785809058494,True,-0.12587683403911176,0.09158224456134323,-0.18608728164165778,True,20,True,True,True,True,False,False,1,2,TARGET_BEFORE_STOP,True,True,False,True,False,15,3,STOP_BEFORE_TARGET,2024-11-25,2024-11-27,2024-12-02,2024-12-09,2024-12-23
MU|2024-11-25T00:00:00|Long,MU,2024-11-25,Long,-0.025650844363204417,0.002297069832105869,-0.03991199908458953,True,-0.06250005933080838,0.002297069832105869,-0.08020678228908551,True,-0.04441047923009134,0.002297069832105869,-0.08020678228908551,True,-0.061064363302292146,0.004976996806651535,-0.08020678228908551,True,-0.1454824281131496,0.07235832040286816,-0.20042115015893724,True,20,True,True,True,False,True,False,14,1,STOP_BEFORE_TARGET,True,True,False,True,False,14,1,STOP_BEFORE_TARGET,2024-11-26,2024-11-29,2024-12-03,2024-12-10,2024-12-24
MU|2024-11-26T00:00:00|Long,MU,2024-11-26,Long,-0.035363516656136906,-0.0074656396212882115,-0.050687657243840056,True,-0.03192534285433779,-0.0074656396212882115,-0.05599218474226064,True,0.013752395427459652,0.01846755596325589,-0.05599218474226064,True,0.0025539734679944637,0.03143415375552805,-0.05599218474226064,True,-0.11768175832806849,0.1005893669626241,-0.17937133191387633,True,20,True,True,True,False,True,False,9,1,STOP_BEFORE_TARGET,True,True,False,True,False,13,1,STOP_BEFORE_TARGET,2024-11-27,2024-12-02,2024-12-04,2024-12-11,2024-12-26
MU|2024-11-27T00:00:00|Long,MU,2024-11-27,Long,-0.002545824926367013,0.0,-0.021384913843000675,True,0.0167006053015748,0.055804516570625795,-0.021384913843000675,True,0.027189469259832233,0.06160899429504618,-0.021384913843000675,True,0.00040734131130815143,0.06924646907414722,-0.021384913843000675,True,-0.09745417507363296,0.14093690832373174,-0.1492871332821082,True,20,True,True,True,False,True,False,3,1,STOP_BEFORE_TARGET,True,True,True,False,False,3,15,TARGET_BEFORE_STOP,2024-11-29,2024-12-03,2024-12-05,2024-12-12,2024-12-27
MU|2024-11-29T00:00:00|Long,MU,2024-11-29,Long,0.006125636776003862,0.02184787602167293,-0.004287883430637018,True,0.05359877655508405,0.05849927039774583,-0.004287883430637018,True,0.032873928749631354,0.0643185630223837,-0.004287883430637018,True,0.04645230417068902,0.07197553110168142,-0.006942320840858218,True,-0.12904542913184103,0.143848947486241,-0.14711583952707252,True,20,True,True,True,True,False,False,2,14,TARGET_BEFORE_STOP,True,True,True,False,False,2,14,TARGET_BEFORE_STOP,2024-12-02,2024-12-04,2024-12-06,2024-12-13,2024-12-30
MU|2024-12-02T00:00:00|Long,MU,2024-12-02,Long,0.013089733599047415,0.052054765038654915,0.010958844933702805,True,0.02354134574309219,0.057838627820727684,0.010958844933702805,True,0.043328224361635304,0.06037541110087319,0.010958844933702805,True,0.09852865331087846,0.1276508758204018,-0.012988395424190502,True,-0.14601723941186384,0.13688480412004322,-0.15230848981655853,True,20,True,True,True,True,False,False,1,13,TARGET_BEFORE_STOP,True,True,True,False,False,1,13,TARGET_BEFORE_STOP,2024-12-03,2024-12-05,2024-12-09,2024-12-16,2024-12-31
MU|2024-12-03T00:00:00|Long,MU,2024-12-03,Long,0.03365385350155914,0.03575728620959384,-0.00040057379406810423,True,0.0133213329310784,0.04417071137687656,-0.00040057379406810423,True,-0.017427863858095693,0.05168273088318487,-0.02574118378496848,True,0.08774040923022275,0.1130809428049091,-0.02574118378496848,True,-0.12530043034555105,0.12219556315234614,-0.1632611780873755,True,20,True,True,True,True,False,False,1,5,TARGET_BEFORE_STOP,True,True,True,False,False,5,12,TARGET_BEFORE_STOP,2024-12-04,2024-12-06,2024-12-10,2024-12-17,2025-01-02
MU|2024-12-04T00:00:00|Long,MU,2024-12-04,Long,-0.022577463862026192,0.010174448476819364,-0.02509686448139703,True,-0.003682144037354451,0.012596929168610327,-0.030717037429130567,True,-0.011046506040307102,0.017441890552192252,-0.057461244966410696,True,0.0067829902939609,0.08565895570441429,-0.057461244966410696,True,-0.12916661430082732,0.08565895570441429,-0.19050384315975233,True,20,True,True,True,False,True,False,8,1,STOP_BEFORE_TARGET,True,True,False,True,False,8,2,STOP_BEFORE_TARGET,2024-12-05,2024-12-09,2024-12-11,2024-12-18,2025-01-03
MU|2024-12-05T00:00:00|Long,MU,2024-12-05,Long,0.0029740796490009824,0.013086147108972268,-0.008327589416206482,True,-0.02746113013816487,0.040943760691608766,-0.035689560875298065,True,-0.02607321117478223,0.040943760691608766,-0.035689560875298065,True,-0.13661153993731145,0.11073657048476493,-0.161197597833727,True,-0.015961143714810833,0.11073657048476493,-0.1718053074172432,True,20,True,True,True,True,False,False,2,3,TARGET_BEFORE_STOP,True,True,False,True,False,7,3,STOP_BEFORE_TARGET,2024-12-06,2024-12-10,2024-12-12,2024-12-19,2025-01-06
MU|2024-12-06T00:00:00|Long,MU,2024-12-06,Long,0.01630919794150376,0.03291491441458638,-0.007907437351410862,True,0.008797068357777604,0.03785709103857959,-0.03854899274947332,True,0.013146207918613317,0.03785709103857959,-0.03854899274947332,True,-0.10922205814327213,0.10744294695380008,-0.1742611206138145,True,0.007314475699883971,0.10744294695380008,-0.1742611206138145,True,20,True,True,True,True,False,False,1,2,TARGET_BEFORE_STOP,True,True,False,True,False,6,2,STOP_BEFORE_TARGET,2024-12-09,2024-12-11,2024-12-13,2024-12-20,2025-01-07
MU|2024-12-09T00:00:00|Long,MU,2024-12-09,Long,-0.04590547787115706,0.02120210378959486,-0.053977855166607136,True,-0.0445438810022214,0.02120210378959486,-0.053977855166607136,True,0.05290801845509141,0.08082082846973648,-0.053977855166607136,True,-0.12740710477536132,0.08967128231928245,-0.187512145852179,True,-0.033164715452595916,0.08967128231928245,-0.187512145852179,True,20,True,True,True,False,True,False,5,1,STOP_BEFORE_TARGET,True,True,False,True,False,5,1,STOP_BEFORE_TARGET,2024-12-10,2024-12-12,2024-12-16,2024-12-23,2025-01-08
MU|2024-12-10T00:00:00|Long,MU,2024-12-10,Long,0.04036696377235227,0.04648323403584165,0.002038782678365436,True,0.044852207893149254,0.05198775283841095,-0.0034658138958107987,True,0.10703364080856659,0.13282363895993532,-0.0034658138958107987,True,-0.08990825516833156,0.1420999251603825,-0.148419957034298,True,0.01264014151943793,0.1420999251603825,-0.148419957034298,True,20,True,True,True,True,False,False,1,7,TARGET_BEFORE_STOP,True,True,True,False,False,3,7,TARGET_BEFORE_STOP,2024-12-11,2024-12-13,2024-12-17,2024-12-24,2025-01-10
MU|2024-12-11T00:00:00|Long,MU,2024-12-11,Long,-0.03742896126007755,-0.0007837958414043111,-0.042132035324561,True,0.06074862557269056,0.08886929170870328,-0.042132035324561,True,0.018028649924558326,0.0977856515350588,-0.042132035324561,True,-0.11992943520052912,0.0977856515350588,-0.18146185661462388,True,-0.0685871072648343,0.0977856515350588,-0.18146185661462388,True,20,True,True,True,False,True,False,3,1,STOP_BEFORE_TARGET,True,True,False,True,False,3,1,STOP_BEFORE_TARGET,2024-12-12,2024-12-16,2024-12-18,2024-12-26,2025-01-13
MU|2024-12-12T00:00:00|Long,MU,2024-12-12,Long,0.04336321487036132,0.050488591127116456,0.014556192348037067,True,0.10545603456463715,0.1312092800279081,0.014556192348037067,True,-0.11349757500341906,0.14047234682246668,-0.13874183173658894,True,-0.09782166957778093,0.14047234682246668,-0.14963352267807284,True,-0.008957626960031773,0.14047234682246668,-0.14963352267807284,True,20,True,True,True,True,False,False,1,5,TARGET_BEFORE_STOP,True,True,True,False,False,1,5,TARGET_BEFORE_STOP,2024-12-13,2024-12-17,2024-12-19,2024-12-27,2025-01-14
MU|2024-12-13T00:00:00|Long,MU,2024-12-13,Long,0.05619514279249227,0.08419509515529722,0.01990244795636431,True,0.013658551471989355,0.09307317966368145,0.0022439351895959803,True,-0.12078046100895579,0.09307317966368145,-0.18497560082412345,True,-0.1677073408917683,0.09307317966368145,-0.18497560082412345,True,0.0067317311356707155,0.09307317966368145,-0.18497560082412345,True,20,True,True,True,True,False,False,1,4,TARGET_BEFORE_STOP,True,True,True,False,False,1,4,TARGET_BEFORE_STOP,2024-12-16,2024-12-18,2024-12-20,2024-12-30,2025-01-15
MU|2024-12-16T00:00:00|Long,MU,2024-12-16,Long,0.0031405535856428024,0.02059851915329647,-0.005357489558561412,True,-0.19554780510442138,0.034915931135307554,-0.21845557970817886,True,-0.1712543926629272,0.034915931135307554,-0.22833919021723614,True,-0.22261221132985498,0.034915931135307554,-0.22833919021723614,True,-0.05228157722541915,0.034915931135307554,-0.22833919021723614,True,20,True,True,True,,,False,2,2,AMBIGUOUS,False,True,False,True,False,,2,STOP_BEFORE_TARGET,2024-12-17,2024-12-19,2024-12-23,2024-12-31,2025-01-16
MU|2024-12-17T00:00:00|Long,MU,2024-12-17,Long,-0.043278057221724286,0.03167589769557866,-0.05405152117553935,True,-0.17016570890599747,0.03167589769557866,-0.23075504521821366,True,-0.17790055217568068,0.03167589769557866,-0.23075504521821366,True,-0.195856325432039,0.03167589769557866,-0.23075504521821366,True,-0.026243080240928696,0.03167589769557866,-0.23075504521821366,True,20,True,True,True,,,False,1,1,AMBIGUOUS,False,True,False,True,False,,1,STOP_BEFORE_TARGET,2024-12-18,2024-12-20,2024-12-24,2025-01-02,2025-01-17
MU|2024-12-18T00:00:00|Long,MU,2024-12-18,Long,-0.1617902304246004,-0.12415785694349424,-0.18565929386172997,True,-0.1364773830310666,-0.12319540773605908,-0.1959576545846382,True,-0.13551493382363144,-0.12319540773605908,-0.1959576545846382,True,-0.13503367250483,-0.12319540773605908,-0.1959576545846382,True,0.052742980241190285,0.0610201755994344,-0.1959576545846382,True,20,True,True,True,False,True,False,20,1,STOP_BEFORE_TARGET,True,True,False,True,False,20,1,STOP_BEFORE_TARGET,2024-12-19,2024-12-23,2024-12-26,2025-01-03,2025-01-21
MU|2024-12-19T00:00:00|Long,MU,2024-12-19,Long,0.0347916699518005,0.03628434716944118,-0.04076237882236278,True,0.025146429366118106,0.046044348430932525,-0.04076237882236278,True,0.01768286807077657,0.046044348430932525,-0.04076237882236278,True,0.13974057078981628,0.16569067530087445,-0.04076237882236278,True,0.2542198639341362,0.27075442441826847,-0.04076237882236278,True,20,True,True,True,,,False,1,1,AMBIGUOUS,True,True,False,True,False,10,1,STOP_BEFORE_TARGET,2024-12-20,2024-12-24,2024-12-27,2025-01-06,2025-01-22
MU|2024-12-20T00:00:00|Long,MU,2024-12-20,Long,-0.004438543205593448,0.010874341962625378,-0.019085676523332817,True,-0.003328928568737677,0.010874341962625378,-0.022414605092070383,True,-0.05337333601191785,0.010874341962625378,-0.061473599053318506,True,0.13082557208393442,0.18442071250178516,-0.06691085469280134,True,0.16333769576884394,0.22802923652976337,-0.06691085469280134,True,20,True,True,True,False,True,False,9,2,STOP_BEFORE_TARGET,True,True,False,True,False,9,5,STOP_BEFORE_TARGET,2024-12-23,2024-12-26,2024-12-30,2025-01-07,2025-01-23
MU|2024-12-23T00:00:00|Long,MU,2024-12-23,Long,-0.004904173377393128,-0.00022296335475668894,-0.016607198433984283,True,-0.012148951766104421,0.010142621715712341,-0.023851976822695686,True,-0.06197054706805738,0.010142621715712341,-0.06275083377410118,True,0.10800270073079599,0.1897012529145954,-0.06275083377410118,True,0.15013376100573317,0.23350419820778967,-0.06275083377410118,True,20,True,True,True,False,True,False,8,3,STOP_BEFORE_TARGET,True,True,False,True,False,8,4,STOP_BEFORE_TARGET,2024-12-24,2024-12-27,2024-12-31,2025-01-08,2025-01-24
MU|2024-12-24T00:00:00|Long,MU,2024-12-24,Long,0.006048397434035069,0.015120950857742788,-0.013216849477034387,True,-0.04446686015887047,0.015120950857742788,-0.0526433357135313,True,-0.02184136396621872,0.015120950857742788,-0.058131748570428465,True,0.11267918566466828,0.19556450854837437,-0.058131748570428465,True,0.020497332617336994,0.23958332977272123,-0.058131748570428465,True,20,True,True,True,False,True,False,7,3,STOP_BEFORE_TARGET,True,True,False,True,False,7,3,STOP_BEFORE_TARGET,2024-12-26,2024-12-30,2025-01-02,2025-01-10,2025-01-27
MU|2024-12-26T00:00:00|Long,MU,2024-12-26,Long,-0.013248746887658092,-0.003674035094365591,-0.024938742723004115,True,-0.06301487477115852,-0.003674035094365591,-0.0637942927677807,True,0.0005567028716066957,0.004230653025039555,-0.0637942927677807,True,0.05833887643702007,0.1883767337612261,-0.0637942927677807,True,-0.017479399912697757,0.23213091232422434,-0.0637942927677807,True,20,True,True,True,False,True,False,6,1,STOP_BEFORE_TARGET,True,True,False,True,False,6,2,STOP_BEFORE_TARGET,2024-12-27,2024-12-31,2025-01-03,2025-01-13,2025-01-28
MU|2024-12-27T00:00:00|Long,MU,2024-12-27,Long,-0.03745909734524089,-0.017826856037719496,-0.04569553816845118,True,-0.014667668539425027,-0.011057156244030808,-0.051224202371869754,True,0.11993687478538839,0.14543608021099574,-0.051224202371869754,True,0.09849942037087134,0.2043326319707537,-0.051224202371869754,True,0.0042875425317452365,0.24867428182930906,-0.051224202371869754,True,20,True,True,True,False,True,False,5,1,STOP_BEFORE_TARGET,True,True,False,True,False,5,1,STOP_BEFORE_TARGET,2024-12-30,2025-01-02,2025-01-06,2025-01-14,2025-01-29
MU|2024-12-30T00:00:00|Long,MU,2024-12-30,Long,-0.013480177346090305,0.012776978062114086,-0.014300800089288357,True,0.053452178155981356,0.05732035552210424,-0.014300800089288357,True,0.19458453380114316,0.25120151117642386,-0.014300800089288357,True,0.20958862260583144,0.25120151117642386,-0.014300800089288357,True,0.08428088907713205,0.2972688000950119,-0.014300800089288357,True,20,True,True,False,True,False,False,3,,TARGET_BEFORE_STOP,True,False,True,False,False,3,,TARGET_BEFORE_STOP,2024-12-31,2025-01-03,2025-01-07,2025-01-15,2025-01-30
MU|2024-12-31T00:00:00|Long,MU,2024-12-31,Long,0.03766632641405776,0.04146860399128993,0.006891565784487685,True,0.17942012615333858,0.20627367188165735,0.006891565784487685,True,0.181202463598108,0.2682983985161844,0.006891565784487685,True,0.2191063926998591,0.2682983985161844,0.006891565784487685,True,0.08412540272794367,0.31499516817121176,0.006891565784487685,True,20,True,True,False,True,False,False,1,,TARGET_BEFORE_STOP,True,False,True,False,False,2,,TARGET_BEFORE_STOP,2025-01-02,2025-01-06,2025-01-08,2025-01-16,2025-01-31
MU|2025-01-02T00:00:00|Long,MU,2025-01-02,Long,0.029085089456898583,0.03286379316399968,0.0020611508233332465,True,0.16695295460156534,0.22226034152918817,0.0020611508233332465,True,0.13752426720510114,0.22226034152918817,0.0020611508233332465,True,0.2109240556822607,0.22226034152918817,0.0020611508233332465,True,0.029657577963883908,0.2672620617029564,0.0020611508233332465,True,20,True,True,False,True,False,False,1,,TARGET_BEFORE_STOP,True,False,True,False,False,2,,TARGET_BEFORE_STOP,2025-01-03,2025-01-07,2025-01-10,2025-01-17,2025-02-03
MU|2025-01-03T00:00:00|Long,MU,2025-01-03,Long,0.10448424505033804,0.12963161834250037,0.06242350549571918,True,0.1061533395345331,0.1877155291155157,0.06242350549571918,True,0.05775002396123896,0.1877155291155157,0.03349276081946506,True,0.21709128642012798,0.22666067090959574,0.03349276081946506,True,0.008790485049332997,0.23144536315432962,-0.023478363701639138,True,20,True,True,True,True,False,False,1,15,TARGET_BEFORE_STOP,True,False,True,False,False,1,,TARGET_BEFORE_STOP,2025-01-06,2025-01-08,2025-01-13,2025-01-21,2025-02-04
MU|2025-01-06T00:00:00|Long,MU,2025-01-06,Long,0.026697576756465224,0.07535760191978502,0.019141663157242528,True,0.0008059057015772364,0.07535760191978502,-0.024078171853837538,True,-0.01914166315724264,0.07535760191978502,-0.06427568754286539,True,0.10044329041036781,0.11495059225422,-0.06427568754286539,True,-0.05702199818957532,0.11495059225422,-0.11585734185474528,True,20,True,True,True,True,False,False,1,3,TARGET_BEFORE_STOP,True,True,True,False,False,1,4,TARGET_BEFORE_STOP,2025-01-07,2025-01-10,2025-01-14,2025-01-22,2025-02-05
MU|2025-01-07T00:00:00|Long,MU,2025-01-07,Long,-0.024531448436494463,0.01540574662355687,-0.0354234175314212,True,-0.06721622860722642,0.01540574662355687,-0.08860765463841114,True,0.01256008962123878,0.01982137739651013,-0.08860765463841114,True,0.02875078569809375,0.0859581414193682,-0.08860765463841114,True,-0.07231873694183988,0.0859581414193682,-0.1388480131233667,True,20,True,True,True,False,True,False,7,1,STOP_BEFORE_TARGET,True,True,False,True,False,8,1,STOP_BEFORE_TARGET,2025-01-08,2025-01-13,2025-01-15,2025-01-23,2025-02-06
MU|2025-01-08T00:00:00|Long,MU,2025-01-08,Long,-0.0007042281625569968,0.013781260101790815,-0.025550757689947412,True,-0.020621697779286796,0.013781260101790815,-0.06568761863128625,True,0.03208927365956438,0.05421988925751209,-0.06568761863128625,True,0.03802432994716454,0.11326822343864107,-0.06568761863128625,True,-0.0715219831850944,0.11326822343864107,-0.11719144046585894,True,20,True,True,True,False,True,False,4,1,STOP_BEFORE_TARGET,True,True,False,True,False,5,2,STOP_BEFORE_TARGET,2025-01-10,2025-01-14,2025-01-16,2025-01-24,2025-02-07
MU|2025-01-10T00:00:00|Long,MU,2025-01-10,Long,-0.043084346054725775,-0.03362186894521424,-0.06502918585279494,True,0.038755851071509806,0.04620499432749048,-0.06502918585279494,True,0.06452590999003749,0.06583451939420737,-0.06502918585279494,True,-0.0828467488517507,0.11405277077439502,-0.11052945573092432,True,-0.03432651659374175,0.11405277077439502,-0.11656930368984997,True,20,True,True,True,False,True,False,3,1,STOP_BEFORE_TARGET,True,True,False,True,False,4,1,STOP_BEFORE_TARGET,2025-01-13,2025-01-15,2025-01-17,2025-01-27,2025-02-10
MU|2025-01-13T00:00:00|Long,MU,2025-01-13,Long,0.024195277833245488,0.024721293539557543,0.0033662918477035397,True,0.07931833693641521,0.10246166361576492,0.0033662918477035397,True,0.15064170063751114,0.1596886250267262,0.0033662918477035397,True,-0.07163894102139179,0.16421208722133374,-0.07384806252219156,True,-0.010309233670398599,0.16421208722133374,-0.07679355785659114,True,20,True,True,True,True,False,False,2,9,TARGET_BEFORE_STOP,True,True,True,False,False,2,9,TARGET_BEFORE_STOP,2025-01-14,2025-01-16,2025-01-21,2025-01-28,2025-02-11
MU|2025-01-14T00:00:00|Long,MU,2025-01-14,Long,0.05988087299205325,0.0674815083569924,0.020439583517812165,True,0.0861750137330668,0.08751023613038611,0.020439583517812165,True,0.12191867987026273,0.13670909485572258,0.020439583517812165,True,-0.08576415798864834,0.13670909485572258,-0.09860310614152146,True,-0.058340183541164325,0.13670909485572258,-0.10281431874976976,True,20,True,True,True,True,False,False,1,8,TARGET_BEFORE_STOP,True,True,True,False,False,1,8,TARGET_BEFORE_STOP,2025-01-15,2025-01-17,2025-01-22,2025-01-29,2025-02-12
MU|2025-01-15T00:00:00|Long,MU,2025-01-15,Long,-0.005717646606512861,0.015602292589010913,-0.01279193394315259,True,0.059986381098561914,0.06832052772134034,-0.01279193394315259,True,0.0159898619773875,0.07248760103272978,-0.01279193394315259,True,-0.1035953308313593,0.07248760103272978,-0.14952999263603373,True,-0.07297217367130682,0.07248760103272978,-0.15350328125323465,True,20,True,True,True,True,False,False,3,7,TARGET_BEFORE_STOP,True,True,True,False,False,3,7,TARGET_BEFORE_STOP,2025-01-16,2025-01-21,2025-01-23,2025-01-30,2025-02-13
MU|2025-01-16T00:00:00|Long,MU,2025-01-16,Long,0.030701769714679195,0.03196879949393172,-0.0009746440117766042,True,0.06461993159273582,0.07865496895557667,-0.0009746440117766042,True,0.005750526082453744,0.07865496895557667,-0.0009746440117766042,True,-0.11072125515885756,0.07865496895557667,-0.1446393426763426,True,-0.0300195114703784,0.07865496895557667,-0.14863547979336977,True,20,True,True,True,True,False,False,1,6,TARGET_BEFORE_STOP,True,True,True,False,False,2,6,TARGET_BEFORE_STOP,2025-01-17,2025-01-22,2025-01-24,2025-01-31,2025-02-14
MU|2025-01-17T00:00:00|Long,MU,2025-01-17,Long,0.03432621516234491,0.04245860864084672,-0.0049172259391622175,True,-0.008605235575502412,0.04652480538009751,-0.022695049890107843,True,-0.1384397105404107,0.04652480538009751,-0.16444443867279845,True,-0.14969268870973695,0.04652480538009751,-0.1701181831089318,True,0.009834524023899283,0.04652480538009751,-0.17399528629672723,True,20,True,True,True,True,False,False,1,3,TARGET_BEFORE_STOP,False,True,False,True,False,,5,STOP_BEFORE_TARGET,2025-01-21,2025-01-23,2025-01-27,2025-02-03,2025-02-18
MU|2025-01-21T00:00:00|Long,MU,2025-01-21,Long,-0.001371310113830626,0.011793755237885062,-0.01481070723958966,True,-0.0565916526553788,0.011793755237885062,-0.060888610348787786,True,-0.19317972009509887,0.011793755237885062,-0.1950996240057391,True,-0.17114640758252186,0.011793755237885062,-0.19765949588659282,True,-0.04589501525983575,0.011793755237885062,-0.2014079295344695,True,20,True,False,True,False,True,False,,2,STOP_BEFORE_TARGET,False,True,False,True,False,,2,STOP_BEFORE_TARGET,2025-01-22,2025-01-24,2025-01-28,2025-02-04,2025-02-19
MU|2025-01-22T00:00:00|Long,MU,2025-01-22,Long,-0.040190486900358646,-0.0279227589309069,-0.05383140805734721,True,-0.1658885122192192,-0.0279227589309069,-0.19106474508093352,True,-0.1851139851623892,-0.0279227589309069,-0.1965577273722593,True,-0.14309259729433443,-0.0279227589309069,-0.1965577273722593,True,-0.05538774023459536,-0.012359297464307306,-0.20031130834368527,True,20,True,False,True,False,True,False,,1,STOP_BEFORE_TARGET,False,True,False,True,False,,1,STOP_BEFORE_TARGET,2025-01-23,2025-01-27,2025-01-29,2025-02-05,2025-02-20
MU|2025-01-23T00:00:00|Long,MU,2025-01-23,Long,-0.015738210169014,0.008393789713386779,-0.020221243716519566,True,-0.15824109993692137,0.008393789713386779,-0.16024414354439964,True,-0.11770313591122072,0.008393789713386779,-0.16291486835437063,True,-0.09824490444626921,0.008393789713386779,-0.16291486835437063,True,-0.05723006685981269,0.02899657594158689,-0.16682562452025196,True,20,True,False,True,False,True,False,,1,STOP_BEFORE_TARGET,False,True,False,True,False,,2,STOP_BEFORE_TARGET,2025-01-24,2025-01-28,2025-01-30,2025-02-06,2025-02-21
MU|2025-01-24T00:00:00|Long,MU,2025-01-24,Long,-0.11706562210727733,-0.06870824498052541,-0.14371549065012879,True,-0.1374164160256467,-0.06870824498052541,-0.14952999263603373,True,-0.11580583675654255,-0.06870824498052541,-0.14952999263603373,True,-0.10553347351485953,-0.06376588502157432,-0.14952999263603373,True,-0.07539488899338431,0.045450089166097385,-0.15350328125323465,True,20,True,True,True,False,True,False,16,1,STOP_BEFORE_TARGET,False,True,False,True,False,,1,STOP_BEFORE_TARGET,2025-01-27,2025-01-29,2025-01-31,2025-02-07,2025-02-24
MU|2025-01-27T00:00:00|Long,MU,2025-01-27,Long,-0.031390633203734364,0.025683199673085744,-0.03369552929709252,True,0.015256276811949743,0.025683199673085744,-0.036768724088236726,True,-0.013061161600640414,0.03468330602069836,-0.036768724088236726,True,0.052903080480021236,0.06036658943206197,-0.036768724088236726,True,0.02315882555390769,0.18406318220528095,-0.041268819131181855,True,20,True,True,True,False,True,False,4,1,STOP_BEFORE_TARGET,True,True,False,True,False,8,1,STOP_BEFORE_TARGET,2025-01-28,2025-01-30,2025-02-03,2025-02-10,2025-02-25
MU|2025-01-28T00:00:00|Long,MU,2025-01-28,Long,0.008611922223574764,0.024929143889429906,-0.005552383725433763,True,0.033880995623450705,0.06821525941151729,-0.005552383725433763,True,0.027308823366678503,0.06821525941151729,-0.005552383725433763,True,0.06606234369467079,0.09473088510313388,-0.005552383725433763,True,0.10719545704784883,0.22243622950048692,-0.010198317573698601,True,20,True,True,False,True,False,False,2,,TARGET_BEFORE_STOP,True,False,True,False,False,2,,TARGET_BEFORE_STOP,2025-01-29,2025-01-31,2025-02-04,2025-02-11,2025-02-26
MU|2025-01-29T00:00:00|Long,MU,2025-01-29,Long,0.03920905269082087,0.0466239908580981,0.01449276356103213,True,0.01022352556875683,0.05909442063359882,-0.011122407250916067,True,0.051567197255715236,0.05909442063359882,-0.011122407250916067,True,0.02999660830092843,0.08538364556478983,-0.018649630628799763,True,0.031569458388429616,0.21199859189203063,-0.018649630628799763,True,20,True,True,False,True,False,False,1,,TARGET_BEFORE_STOP,True,False,True,False,False,2,,TARGET_BEFORE_STOP,2025-01-30,2025-02-03,2025-02-05,2025-02-12,2025-02-27
MU|2025-01-30T00:00:00|Long,MU,2025-01-30,Long,-0.013621644716005021,0.01913509884396114,-0.01470270930109796,True,-0.01989185230152024,0.01913509884396114,-0.0484324687236064,True,0.022054063951646885,0.04443243903082772,-0.0484324687236064,True,0.034162201752533816,0.04443243903082772,-0.055675692171663904,True,0.012216186523437589,0.16627024057749162,-0.055675692171663904,True,20,True,True,True,False,True,False,5,2,STOP_BEFORE_TARGET,True,True,False,True,False,11,2,STOP_BEFORE_TARGET,2025-01-31,2025-02-04,2025-02-06,2025-02-13,2025-02-28
MU|2025-01-31T00:00:00|Long,MU,2025-01-31,Long,-0.014467335880422816,0.0017536570128846574,-0.03529155300409925,True,0.025865855607266397,0.026413894328535026,-0.03529155300409925,True,0.011617768662938621,0.058855796496181334,-0.03529155300409925,True,0.09074965994255879,0.10368258774619199,-0.04263480360287375,True,-0.007672040383948198,0.1823761483915598,-0.04263480360287375,True,20,True,True,True,False,True,False,4,1,STOP_BEFORE_TARGET,True,True,False,True,False,4,1,STOP_BEFORE_TARGET,2025-02-03,2025-02-05,2025-02-07,2025-02-14,2025-03-03
MU|2025-02-03T00:00:00|Long,MU,2025-02-03,Long,0.00822959862358652,0.017015111326206256,-0.012455461966126902,True,0.051379035149687,0.07439949485804931,-0.012455461966126902,True,0.06683721373012741,0.07439949485804931,-0.012455461966126902,True,0.18761124432949816,0.19973308997102834,-0.028580958042232152,True,0.014234862159271389,0.19973308997102834,-0.034697455301606284,True,20,True,True,True,True,False,False,2,7,TARGET_BEFORE_STOP,True,True,True,False,False,3,20,TARGET_BEFORE_STOP,2025-02-04,2025-02-06,2025-02-10,2025-02-18,2025-03-04
MU|2025-02-04T00:00:00|Long,MU,2025-02-04,Long,0.03242879652828057,0.03298034130809513,-0.00485332476983058,True,0.018089557946200152,0.06562978940986897,-0.00485332476983058,True,0.037723340291179186,0.06562978940986897,-0.00485332476983058,True,0.15111401273821023,0.1899403584351007,-0.036510093252639875,True,0.04059113751524457,0.1899403584351007,-0.04257666506100988,True,20,True,True,True,True,False,False,1,6,TARGET_BEFORE_STOP,True,True,True,False,False,2,6,TARGET_BEFORE_STOP,2025-02-05,2025-02-07,2025-02-11,2025-02-19,2025-03-05
MU|2025-02-05T00:00:00|Long,MU,2025-02-05,Long,0.010042761289853486,0.03215814300534081,-0.00021363935248286392,True,0.024893182361524158,0.03215814300534081,-0.021474382147412152,True,-0.0205128012846727,0.03215814300534081,-0.06677350536205429,True,0.10235044858150721,0.15256409200952148,-0.06677350536205429,True,-0.04626070407738159,0.15256409200952148,-0.07264952492753907,True,20,True,True,True,True,False,False,1,2,TARGET_BEFORE_STOP,True,True,False,True,False,7,5,STOP_BEFORE_TARGET,2025-02-06,2025-02-10,2025-02-12,2025-02-20,2025-03-06
MU|2025-02-06T00:00:00|Long,MU,2025-02-06,Long,-0.023693651809576277,0.014702764715333716,-0.031203771409655356,True,-0.004865655595705731,0.01819337004491861,-0.031203771409655356,True,0.011846866254875188,0.01819337004491861,-0.0760524896528254,True,0.04548334441212232,0.14110425437598706,-0.0760524896528254,True,-0.01671252185058092,0.14110425437598706,-0.08187008450195932,True,20,True,True,True,False,True,False,6,1,STOP_BEFORE_TARGET,True,True,False,True,False,6,1,STOP_BEFORE_TARGET,2025-02-07,2025-02-11,2025-02-13,2025-02-21,2025-03-07
MU|2025-02-07T00:00:00|Long,MU,2025-02-07,Long,0.03932824629899989,0.042903563960361435,0.009425732268932174,True,-0.006717255970558944,0.042903563960361435,-0.05362951694444662,True,0.07822311324583531,0.09100751482937675,-0.05362951694444662,True,0.03369448003818176,0.16879733138170727,-0.05362951694444662,True,-0.056554724248231936,0.16879733138170727,-0.07085591223501908,True,20,True,True,True,True,False,False,1,3,TARGET_BEFORE_STOP,True,True,False,True,False,5,3,STOP_BEFORE_TARGET,2025-02-10,2025-02-12,2025-02-14,2025-02-24,2025-03-10
MU|2025-02-10T00:00:00|Long,MU,2025-02-10,Long,-0.019284879268589794,-0.0009382254456252737,-0.024705542990122953,True,-0.002814517275174455,0.0014593911102165347,-0.08944023562764192,True,0.11320755317213971,0.1245699667489466,-0.08944023562764192,True,-0.028249755820405675,0.1245699667489466,-0.08944023562764192,True,-0.07171893288367648,0.1245699667489466,-0.10601478303546508,True,20,True,True,True,False,True,False,4,1,STOP_BEFORE_TARGET,True,True,False,True,False,5,2,STOP_BEFORE_TARGET,2025-02-11,2025-02-13,2025-02-18,2025-02-25,2025-03-11
MU|2025-02-11T00:00:00|Long,MU,2025-02-11,Long,-0.025510219804084855,-0.015306148101401518,-0.07153489823500514,True,0.05782307298187184,0.0703655929883531,-0.07153489823500514,True,0.1092686923811641,0.14668362195766949,-0.07153489823500514,True,0.03858415372840418,0.14668362195766949,-0.07153489823500514,True,0.016581606380016156,0.14668362195766949,-0.08843536918467498,True,20,True,True,True,False,True,False,3,1,STOP_BEFORE_TARGET,True,True,False,True,False,3,1,STOP_BEFORE_TARGET,2025-02-12,2025-02-14,2025-02-19,2025-02-26,2025-03-12
MU|2025-02-12T00:00:00|Long,MU,2025-02-12,Long,0.043411903836009236,0.047883937336773874,0.0037085115266020097,True,0.16481239703375672,0.17670153680537903,0.0037085115266020097,True,0.12543629975697956,0.17670153680537903,0.0037085115266020097,True,0.0015270439483248133,0.17670153680537903,-0.002072452451721052,True,0.03490398055835886,0.17670153680537903,-0.06457240564179079,True,20,True,True,True,True,False,False,1,12,TARGET_BEFORE_STOP,True,True,True,False,False,2,13,TARGET_BEFORE_STOP,2025-02-13,2025-02-18,2025-02-20,2025-02-27,2025-03-13
MU|2025-02-13T00:00:00|Long,MU,2025-02-13,Long,0.040351169069481774,0.0526865261675622,0.02446159573813067,True,0.09094706894401083,0.1277440217802217,0.02446159573813067,True,0.033242656847616514,0.1277440217802217,0.02184817330002331,True,-0.02122105719190437,0.1277440217802217,-0.06052687323720796,True,0.053627399718048974,0.1277440217802217,-0.10349154450012077,True,20,True,True,True,True,False,False,1,7,TARGET_BEFORE_STOP,True,True,True,False,False,1,7,TARGET_BEFORE_STOP,2025-02-14,2025-02-19,2025-02-21,2025-02-28,2025-03-14
MU|2025-02-14T00:00:00|Long,MU,2025-02-14,Long,0.07305068848158403,0.08400322440057084,0.02542209097700643,True,0.03677656536943186,0.08400322440057084,0.02542209097700643,True,-0.0412981623753238,0.08400322440057084,-0.042604481579480935,True,-0.09023307908405864,0.08400322440057084,-0.10178856104416611,True,0.036073192206395266,0.08400322440057084,-0.13826361506207507,True,20,True,True,True,True,False,False,1,5,TARGET_BEFORE_STOP,True,True,True,False,False,1,5,TARGET_BEFORE_STOP,2025-02-18,2025-02-20,2025-02-24,2025-03-03,2025-03-17
MU|2025-02-18T00:00:00|Long,MU,2025-02-18,Long,-0.02275494226372332,0.0037456833266189538,-0.029684409980039517,True,-0.07444521499653611,0.0037456833266189538,-0.08465212883253115,True,-0.1270718192572946,0.0037456833266189538,-0.13137933007786784,True,-0.1459874879073848,0.0037456833266189538,-0.1871897901712909,True,-0.047476352199253835,0.0037456833266189538,-0.19692853824331313,True,20,True,False,True,False,True,False,,1,STOP_BEFORE_TARGET,False,True,False,True,False,,2,STOP_BEFORE_TARGET,2025-02-19,2025-02-21,2025-02-25,2025-03-04,2025-03-18
MU|2025-02-19T00:00:00|Long,MU,2025-02-19,Long,-0.01130701703980952,0.004695265052738318,-0.01935611595100517,True,-0.08576079815923676,0.004695265052738318,-0.0870065329431785,True,-0.06372174671316821,0.004695265052738318,-0.11115368346376264,True,-0.09601383876828995,0.004695265052738318,-0.16826367818985966,True,-0.022039124552569955,0.004695265052738318,-0.17822919092888678,True,20,True,False,True,False,True,False,,2,STOP_BEFORE_TARGET,False,True,False,True,False,,2,STOP_BEFORE_TARGET,2025-02-20,2025-02-24,2025-02-26,2025-03-05,2025-03-19
MU|2025-02-20T00:00:00|Long,MU,2025-02-20,Long,-0.04206245352247251,0.004652096874528944,-0.05262648080166166,True,-0.09653032617768886,0.004652096874528944,-0.10098854563021953,True,-0.11009886195727914,0.004652096874528944,-0.11329717393710692,True,-0.13481298333948166,0.004652096874528944,-0.15875166897626292,True,-0.0017445270851269568,0.014634639772866276,-0.16883115058559928,True,20,True,False,True,False,True,False,,1,STOP_BEFORE_TARGET,False,True,False,True,False,,1,STOP_BEFORE_TARGET,2025-02-21,2025-02-25,2025-02-27,2025-03-06,2025-03-20
MU|2025-02-21T00:00:00|Long,MU,2025-02-21,Long,-0.03470247675906024,0.018818299061778898,-0.036017783189951524,True,-0.011432591008552873,0.018818299061778898,-0.061513500879495364,True,-0.052711445543380586,0.018818299061778898,-0.09075267021099553,True,-0.05949005940183194,0.018818299061778898,-0.12181296774813055,True,-0.041683481078884754,0.059186628088461424,-0.13233503324853824,True,20,True,True,True,False,True,False,15,1,STOP_BEFORE_TARGET,True,True,False,True,False,16,1,STOP_BEFORE_TARGET,2025-02-24,2025-02-26,2025-02-28,2025-03-07,2025-03-21
MU|2025-02-24T00:00:00|Long,MU,2025-02-24,Long,-0.022953593515854576,0.0054501270632789645,-0.027774881292990772,True,-0.037627123252180206,0.046955199199077535,-0.04108589925457273,True,-0.051042894451916676,0.046955199199077535,-0.06309615387690937,True,-0.08730742596504926,0.046955199199077535,-0.10114245001031541,True,0.01603604151106941,0.0972644211623932,-0.10114245001031541,True,20,True,True,True,False,True,False,2,1,STOP_BEFORE_TARGET,True,True,False,True,False,14,3,STOP_BEFORE_TARGET,2025-02-25,2025-02-27,2025-03-03,2025-03-10,2025-03-24
MU|2025-02-25T00:00:00|Long,MU,2025-02-25,Long,0.04816560614646659,0.06972752536884141,0.024458257342207634,True,0.004398155195730613,0.07155114869773227,-0.03593647747536288,True,-0.021669215254336627,0.07155114869773227,-0.06886932079893071,True,-0.04473286970971635,0.07155114869773227,-0.08002573467909235,True,0.01029820931025105,0.12304227709187976,-0.08002573467909235,True,20,True,True,True,True,False,False,1,3,TARGET_BEFORE_STOP,True,True,True,False,False,1,3,TARGET_BEFORE_STOP,2025-02-26,2025-02-28,2025-03-04,2025-03-11,2025-03-25
MU|2025-02-26T00:00:00|Long,MU,2025-02-26,Long,-0.06028041597417666,0.02231092340192453,-0.06365777585695997,True,-0.0733803933694307,0.02231092340192453,-0.08514993115117497,True,-0.03448984523752352,0.02231092340192453,-0.11165690446156784,True,-0.021185136774330093,0.02231092340192453,-0.12230065561571779,True,-0.05710778715933296,0.07143591671615113,-0.12230065561571779,True,20,True,True,True,False,True,False,12,1,STOP_BEFORE_TARGET,True,True,False,True,False,12,1,STOP_BEFORE_TARGET,2025-02-27,2025-03-03,2025-03-05,2025-03-12,2025-03-26
MU|2025-02-27T00:00:00|Long,MU,2025-02-27,Long,0.01971245441744185,0.02875189935115241,-0.021237170057974875,True,-0.006752371472911078,0.0477019959483278,-0.05467214833098477,True,-0.027771760621140062,0.0477019959483278,-0.05467214833098477,True,0.0333260462727516,0.0686125361870693,-0.06599866672549493,True,-0.007187933292402859,0.14016557165494636,-0.06599866672549493,True,20,True,True,True,False,True,False,2,1,STOP_BEFORE_TARGET,True,True,False,True,False,9,3,STOP_BEFORE_TARGET,2025-02-28,2025-03-04,2025-03-06,2025-03-13,2025-03-27
MU|2025-02-28T00:00:00|Long,MU,2025-02-28,Long,-0.033002204726411244,0.027448464917373405,-0.04528460950707491,True,0.007583030068354812,0.027448464917373405,-0.07294664532750295,True,-0.007155806777734974,0.027448464917373405,-0.07294664532750295,True,0.07647125784624542,0.0977251072763956,-0.08405420643008943,True,-0.055430897834638726,0.11812459160981703,-0.08405420643008943,True,20,True,True,True,False,True,False,8,1,STOP_BEFORE_TARGET,True,True,False,True,False,10,1,STOP_BEFORE_TARGET,2025-03-03,2025-03-05,2025-03-07,2025-03-14,2025-03-28
MU|2025-03-03T00:00:00|Long,MU,2025-03-03,Long,0.007289551867031729,0.03368671737930384,-0.041307685287731544,True,-0.014026996461440677,0.04981226077563483,-0.041307685287731544,True,-0.03821514302502371,0.04981226077563483,-0.05279433102454412,True,0.1388336599041109,0.1536337076657719,-0.05279433102454412,True,-0.040313689959914134,0.15628453040419865,-0.07112880910410735,True,20,True,True,True,,,False,1,1,AMBIGUOUS,True,True,False,True,False,7,1,STOP_BEFORE_TARGET,2025-03-04,2025-03-06,2025-03-10,2025-03-17,2025-03-31
MU|2025-03-04T00:00:00|Long,MU,2025-03-04,Long,0.03442981902105169,0.042214980617823805,-0.008442945930178025,True,0.019298269683378333,0.042214980617823805,-0.02379384036796439,True,-0.02357449526785116,0.042214980617823805,-0.059649067917173504,True,0.1153509279000442,0.1452850925808653,-0.059649067917173504,True,-0.027302609068974526,0.14791673184835652,-0.07785086306691968,True,20,True,True,True,True,False,False,1,2,TARGET_BEFORE_STOP,True,True,False,True,False,6,4,STOP_BEFORE_TARGET,2025-03-05,2025-03-07,2025-03-11,2025-03-18,2025-04-01
MU|2025-03-05T00:00:00|Long,MU,2025-03-05,Long,-0.05374178388416906,-0.011129907389465954,-0.0562857511630096,True,-0.07695563693720475,-0.010599958011640931,-0.09094757827772038,True,0.013779977763637818,0.028089904905100882,-0.09094757827772038,True,0.08183168878926983,0.10716558196739068,-0.09094757827772038,True,-0.06084373634286566,0.1097096301174929,-0.10854354739524985,True,20,True,True,True,False,True,False,6,1,STOP_BEFORE_TARGET,True,True,False,True,False,7,1,STOP_BEFORE_TARGET,2025-03-06,2025-03-10,2025-03-12,2025-03-19,2025-04-02
MU|2025-03-06T00:00:00|Long,MU,2025-03-06,Long,0.041335303911348875,0.045592022492143114,0.0024644475072936878,True,-0.0024643620430300217,0.045592022492143114,-0.039318860074232576,True,0.06284306957893548,0.09913752029028444,-0.039318860074232576,True,0.15380311272813296,0.17273447270301334,-0.039318860074232576,True,-0.1672454449043087,0.17273447270301334,-0.1687016704930442,True,20,True,True,True,True,False,False,1,2,TARGET_BEFORE_STOP,True,True,False,True,False,4,2,STOP_BEFORE_TARGET,2025-03-07,2025-03-11,2025-03-13,2025-03-20,2025-04-03
MU|2025-03-07T00:00:00|Long,MU,2025-03-07,Long,-0.06325298312529914,-0.017104091582937686,-0.07745263574819483,True,0.02882960769761267,0.043351966641424156,-0.07745263574819483,True,0.0842297967746275,0.10563683080397612,-0.07745263574819483,True,0.018932897521128034,0.1261833420014833,-0.07745263574819483,True,-0.30378655488268536,0.1261833420014833,-0.3130378524173387,True,20,True,True,True,False,True,False,3,1,STOP_BEFORE_TARGET,True,True,False,True,False,4,1,STOP_BEFORE_TARGET,2025-03-10,2025-03-12,2025-03-14,2025-03-21,2025-04-04
MU|2025-03-10T00:00:00|Long,MU,2025-03-10,Long,0.022622889059248807,0.04616440696528312,-0.011598554375205294,True,0.08957275216296123,0.1267799802869347,-0.011598554375205294,True,0.1840835833972183,0.1994716898477713,-0.011598554375205294,True,0.11322921914357686,0.202227839229,-0.011598554375205294,True,-0.21485988391194832,0.202227839229,-0.293293527543533,True,20,True,True,True,True,False,False,1,15,TARGET_BEFORE_STOP,True,True,True,False,False,2,15,TARGET_BEFORE_STOP,2025-03-11,2025-03-13,2025-03-17,2025-03-24,2025-04-07
MU|2025-03-11T00:00:00|Long,MU,2025-03-11,Long,0.07400332523358122,0.0891633300382575,0.03582251210207854,True,0.13183601865736017,0.15418298997203728,0.03582251210207854,True,0.14227959275398594,0.17293647803171397,0.03582251210207854,True,0.057608052527929665,0.17563165472951336,0.03582251210207854,True,-0.2640089986584946,0.17563165472951336,-0.308927582183698,True,20,True,True,True,True,False,False,1,14,TARGET_BEFORE_STOP,True,True,True,False,False,1,14,TARGET_BEFORE_STOP,2025-03-12,2025-03-14,2025-03-18,2025-03-25,2025-04-08
MU|2025-03-12T00:00:00|Long,MU,2025-03-12,Long,-0.007946488300717536,0.025930608247180853,-0.017147630699649974,True,0.07810540849409131,0.09211624440419319,-0.017147630699649974,True,0.06712670650267882,0.09211624440419319,-0.017147630699649974,True,-0.03670014804088728,0.09462571214463367,-0.04882892303166164,True,-0.1858008862031605,0.09462571214463367,-0.3565453648237047,True,20,True,True,True,True,False,False,2,7,TARGET_BEFORE_STOP,True,True,True,False,False,2,10,TARGET_BEFORE_STOP,2025-03-13,2025-03-17,2025-03-19,2025-03-26,2025-04-09
MU|2025-03-13T00:00:00|Long,MU,2025-03-13,Long,0.062289247820319416,0.08326308763246004,0.04078839437827475,True,0.07209110629520765,0.10086424928178905,0.04078839437827475,True,0.08558181894645367,0.10339381821214033,0.04078839437827475,True,-0.03920735348856241,0.10339381821214033,-0.05554381108370621,True,-0.2616989346589139,0.10339381821214033,-0.3513912026034506,True,20,True,True,True,True,False,False,1,9,TARGET_BEFORE_STOP,True,True,True,False,False,1,9,TARGET_BEFORE_STOP,2025-03-14,2025-03-18,2025-03-20,2025-03-27,2025-04-10
MU|2025-03-14T00:00:00|Long,MU,2025-03-14,Long,0.023018153326227475,0.0363130866104695,0.0016866570830551542,True,0.012600422973810588,0.0363130866104695,-0.00496080955906586,True,-0.06022422501922109,0.03869432969990272,-0.07034431890944548,True,-0.12253198096973628,0.03869432969990272,-0.13086618039085907,True,-0.3099513600555669,0.03869432969990272,-0.3894235503866662,True,20,True,True,True,True,False,False,1,5,TARGET_BEFORE_STOP,False,True,False,True,False,,5,STOP_BEFORE_TARGET,2025-03-17,2025-03-19,2025-03-21,2025-03-28,2025-04-11
MU|2025-03-17T00:00:00|Long,MU,2025-03-17,Long,-0.013480742715744842,0.0019396464655059287,-0.027349429523144675,True,-0.0010668277538592452,0.01532345865291429,-0.027349429523144675,True,-0.059838988773373014,0.01532345865291429,-0.0912617942625118,True,-0.1573077405168276,0.01532345865291429,-0.18436623046942346,True,-0.31122106272263494,0.01532345865291429,-0.4031616666545812,True,20,True,False,True,False,True,False,,1,STOP_BEFORE_TARGET,False,True,False,True,False,,4,STOP_BEFORE_TARGET,2025-03-18,2025-03-20,2025-03-24,2025-03-31,2025-04-14
MU|2025-03-18T00:00:00|Long,MU,2025-03-18,Long,0.003342472805843988,0.018482080523563038,-0.012092050158993173,True,-0.0688163578056985,0.02919780952675244,-0.07884392623098613,True,-0.07412505726546059,0.02919780952675244,-0.08326780494551567,True,-0.1279001374371055,0.02919780952675244,-0.1732206305065972,True,-0.3016122683542739,0.02919780952675244,-0.39500589680486486,True,20,True,False,True,False,True,False,,3,STOP_BEFORE_TARGET,False,True,False,True,False,,3,STOP_BEFORE_TARGET,2025-03-19,2025-03-21,2025-03-25,2025-04-01,2025-04-15
MU|2025-03-19T00:00:00|Long,MU,2025-03-19,Long,0.009210292611133708,0.025769203857785472,-0.0069566833378086335,True,-0.050166522042566775,0.025769203857785472,-0.08191260837089476,True,-0.09729571372441848,0.025769203857785472,-0.10866153834193204,True,-0.13188320014161403,0.025769203857785472,-0.1759749119547218,True,-0.32069367539175586,0.025769203857785472,-0.39702133658981753,True,20,True,False,True,False,True,False,,2,STOP_BEFORE_TARGET,False,True,False,True,False,,2,STOP_BEFORE_TARGET,2025-03-20,2025-03-24,2025-03-26,2025-04-02,2025-04-16
MU|2025-03-20T00:00:00|Long,MU,2025-03-20,Long,-0.0803883376630764,-0.043689320388349495,-0.0902912917646389,True,-0.08563106499829343,-0.043689320388349495,-0.09466019417475724,True,-0.11495142075621967,-0.043689320388349495,-0.12999999407425666,True,-0.278252462738926,-0.043689320388349495,-0.2795145719954111,True,-0.33203880532273966,-0.043689320388349495,-0.40252426295604515,True,20,True,False,True,False,True,False,,1,STOP_BEFORE_TARGET,False,True,False,True,False,,1,STOP_BEFORE_TARGET,2025-03-21,2025-03-25,2025-03-27,2025-04-03,2025-04-17
MU|2025-03-21T00:00:00|Long,MU,2025-03-21,Long,0.023437512585440023,0.039062467277855895,0.0064400401445332545,True,-0.0273437915319521,0.039062467277855895,-0.03959037111140107,True,-0.06630066193373574,0.039062467277855895,-0.07516894694703402,True,-0.31672296889120866,0.039062467277855895,-0.32580236710983523,True,-0.2953969910931331,0.039062467277855895,-0.3502956068155494,True,20,True,True,True,True,False,False,1,3,TARGET_BEFORE_STOP,False,True,False,True,False,,3,STOP_BEFORE_TARGET,2025-03-24,2025-03-26,2025-03-28,2025-04-04,2025-04-21
MU|2025-03-24T00:00:00|Long,MU,2025-03-24,Long,-0.028471240630499328,-0.005776822507579049,-0.03806480656565503,True,-0.05962449591220609,-0.003094729154139886,-0.07561379870487606,True,-0.10367240353467466,-0.003094729154139886,-0.13245310134014165,True,-0.2947183719341545,-0.003094729154139886,-0.3651743411836186,True,-0.27573759731530945,-0.003094729154139886,-0.3651743411836186,True,20,True,False,True,False,True,False,,1,STOP_BEFORE_TARGET,False,True,False,True,False,,1,STOP_BEFORE_TARGET,2025-03-25,2025-03-27,2025-03-31,2025-04-07,2025-04-22
MU|2025-03-25T00:00:00|Long,MU,2025-03-25,Long,-0.021766861808399818,0.026120185564890708,-0.03408365973742988,True,-0.06094709965141165,0.026120185564890708,-0.06986623284915272,True,-0.05808028459310288,0.026120185564890708,-0.10702911232100232,True,-0.30409852725467124,0.026120185564890708,-0.3465703895082135,True,-0.22563176822194364,0.026120185564890708,-0.3465703895082135,True,20,True,False,True,False,True,False,,1,STOP_BEFORE_TARGET,False,True,False,True,False,,1,STOP_BEFORE_TARGET,2025-03-26,2025-03-28,2025-04-01,2025-04-08,2025-04-23
MU|2025-03-26T00:00:00|Long,MU,2025-03-26,Long,-0.01052853164252765,0.000868358118307766,-0.02735261823719326,True,-0.05687613177015627,0.000868358118307766,-0.08715943795384151,True,-0.03831541175006292,0.000868358118307766,-0.08715943795384151,True,-0.15478123230169638,0.000868358118307766,-0.3320307961558715,True,-0.15966568460878716,0.000868358118307766,-0.3320307961558715,True,20,True,False,True,False,True,False,,1,STOP_BEFORE_TARGET,False,True,False,True,False,,2,STOP_BEFORE_TARGET,2025-03-27,2025-03-31,2025-04-02,2025-04-09,2025-04-24
MU|2025-03-27T00:00:00|Long,MU,2025-03-27,Long,-0.02983766028339563,-0.0029618721107309565,-0.039052271226136415,True,-0.02687587186501028,-0.0029618721107309565,-0.0774463021541405,True,-0.18451082326151746,-0.0029618721107309565,-0.18593685713817032,True,-0.23157086180686415,-0.0029618721107309565,-0.3249232290113825,True,-0.1248355026947261,-0.0029618721107309565,-0.3249232290113825,True,20,True,False,True,False,True,False,,1,STOP_BEFORE_TARGET,False,True,False,True,False,,1,STOP_BEFORE_TARGET,2025-03-28,2025-04-01,2025-04-03,2025-04-10,2025-04-25
MU|2025-03-28T00:00:00|Long,MU,2025-03-28,Long,-0.017526040354699512,-0.015264654751791062,-0.04907286123336008,True,0.0018090912290604777,0.016847555660762126,-0.04907286123336008,True,-0.26820443878230593,0.016847555660762126,-0.2779285521542083,True,-0.21359112243538825,0.016847555660762126,-0.3041610219730697,True,-0.11171420861683323,0.016847555660762126,-0.3041610219730697,True,20,True,False,True,False,True,False,,1,STOP_BEFORE_TARGET,False,True,False,True,False,,1,STOP_BEFORE_TARGET,2025-03-31,2025-04-02,2025-04-04,2025-04-11,2025-04-28
MU|2025-03-31T00:00:00|Long,MU,2025-03-31,Long,0.020946020343062033,0.023017608632165176,-0.00736562773787619,True,-0.14443552928892,0.03498677565751618,-0.14593164224013566,True,-0.21314301729955787,0.03498677565751618,-0.291748171851652,True,-0.18264475610610598,0.03498677565751618,-0.291748171851652,True,-0.11520315578944518,0.03498677565751618,-0.291748171851652,True,20,True,True,True,True,False,False,2,3,TARGET_BEFORE_STOP,False,True,False,True,False,,3,STOP_BEFORE_TARGET,2025-04-01,2025-04-03,2025-04-07,2025-04-14,2025-04-29
MU|2025-04-01T00:00:00|Long,MU,2025-04-01,Long,-0.0012400023840245522,0.01375269116552924,-0.022658123739990987,True,-0.27043172259448955,0.01375269116552924,-0.2801262397766241,True,-0.26118812318870677,0.01375269116552924,-0.30627886877862687,True,-0.19918834800256668,0.01375269116552924,-0.30627886877862687,True,-0.1325668161154212,0.01375269116552924,-0.30627886877862687,True,20,True,False,True,False,True,False,,1,STOP_BEFORE_TARGET,False,True,False,True,False,,2,STOP_BEFORE_TARGET,2025-04-02,2025-04-04,2025-04-08,2025-04-15,2025-04-30
MU|2025-04-02T00:00:00|Long,MU,2025-04-02,Long,-0.16094810814692773,-0.059255080027269535,-0.16241534579542427,True,-0.2283295268165042,-0.059255080027269535,-0.30541758492803617,True,-0.12110604867192132,-0.059255080027269535,-0.30541758492803617,True,-0.21749432251621226,-0.059255080027269535,-0.30541758492803617,True,-0.12223478575135627,-0.059255080027269535,-0.30541758492803617,True,20,True,False,True,False,True,False,,1,STOP_BEFORE_TARGET,False,True,False,True,False,,1,STOP_BEFORE_TARGET,2025-04-03,2025-04-07,2025-04-09,2025-04-16,2025-05-01
MU|2025-04-03T00:00:00|Long,MU,2025-04-03,Long,-0.12940537518272988,-0.04035512708884703,-0.140973853158471,True,-0.11837497788358076,-0.01842877568840051,-0.17218181400204358,True,-0.05770774142406343,0.05676622852552149,-0.17218181400204358,True,-0.07452237771108305,0.05676622852552149,-0.17218181400204358,True,0.08582196929112107,0.09860105181789791,-0.17218181400204358,True,20,True,True,True,False,True,False,4,1,STOP_BEFORE_TARGET,True,True,False,True,False,4,1,STOP_BEFORE_TARGET,2025-04-04,2025-04-08,2025-04-10,2025-04-17,2025-05-02
MU|2025-04-04T00:00:00|Long,MU,2025-04-04,Long,0.05639680866865171,0.11959205373583348,-0.04913473802838153,True,0.2031829616479115,0.2138441915458955,-0.04913473802838153,True,0.07462919870139983,0.2138441915458955,-0.04913473802838153,True,0.031211319607024945,0.2138441915458955,-0.04913473802838153,True,0.24258338461248297,0.26189735210975384,-0.04913473802838153,True,20,True,True,True,,,False,1,1,AMBIGUOUS,True,True,,,False,1,1,AMBIGUOUS,2025-04-07,2025-04-09,2025-04-11,2025-04-21,2025-05-05
MU|2025-04-07T00:00:00|Long,MU,2025-04-07,Long,-0.0413924486963132,0.06728094616540092,-0.07093757633439357,True,0.024572184257514396,0.14904189560707803,-0.07093757633439357,True,0.03875959909357851,0.14904189560707803,-0.07093757633439357,True,0.026912333830242607,0.14904189560707803,-0.07093757633439357,True,0.17756324267890045,0.19452968974801133,-0.07093757633439357,True,20,True,True,True,,,False,1,1,AMBIGUOUS,True,True,,,False,1,1,AMBIGUOUS,2025-04-08,2025-04-10,2025-04-14,2025-04-22,2025-05-06
MU|2025-04-08T00:00:00|Long,MU,2025-04-08,Long,0.18812941194411148,0.1986572545192289,-0.02807446028204086,True,0.06118404150465073,0.1986572545192289,-0.02807446028204086,True,0.08391821670995703,0.1986572545192289,-0.02807446028204086,True,0.11275555823035766,0.1986572545192289,-0.02807446028204086,True,0.2606042354663469,0.2644186998622542,-0.02807446028204086,True,20,True,True,True,,,False,1,1,AMBIGUOUS,True,False,True,False,False,1,,TARGET_BEFORE_STOP,2025-04-09,2025-04-11,2025-04-15,2025-04-23,2025-05-07
MU|2025-04-09T00:00:00|Long,MU,2025-04-09,Long,-0.10042377576733119,-0.06189802908457953,-0.13317069963808625,True,-0.08796719997311542,-0.039681570030775215,-0.14177475954965113,True,-0.10966997064735806,-0.039681570030775215,-0.14177475954965113,True,-0.00577892078803699,-0.003595818656930705,-0.15692822383057514,True,0.09348912960731104,0.10710152874955048,-0.15692822383057514,True,20,True,True,True,False,True,False,11,1,STOP_BEFORE_TARGET,True,True,False,True,False,19,1,STOP_BEFORE_TARGET,2025-04-10,2025-04-14,2025-04-16,2025-04-24,2025-05-08
MU|2025-04-10T00:00:00|Long,MU,2025-04-10,Long,-0.007137758432794961,0.0017129923191985252,-0.04596718173336789,True,0.014132731201140114,0.06752313378265251,-0.04596718173336789,True,-0.017844396081987512,0.06752313378265251,-0.04596718173336789,True,0.13890071811060256,0.14632404787229758,-0.06281229599130611,True,0.22569588679264196,0.23154879207248769,-0.06281229599130611,True,20,True,True,True,False,True,False,2,1,STOP_BEFORE_TARGET,True,True,False,True,False,2,1,STOP_BEFORE_TARGET,2025-04-11,2025-04-15,2025-04-17,2025-04-25,2025-05-09
MU|2025-04-11T00:00:00|Long,MU,2025-04-11,Long,0.02113578039981756,0.07519763476713281,0.006038794399947811,True,-0.0031632093608882084,0.07519763476713281,-0.0342200543261133,True,-0.04040266088697553,0.07519763476713281,-0.056074785833964635,True,0.12954700375973904,0.15456505432501633,-0.056074785833964635,True,0.32695897722458556,0.35442117634617953,-0.056074785833964635,True,20,True,True,True,True,False,False,1,3,TARGET_BEFORE_STOP,True,True,True,False,False,1,3,TARGET_BEFORE_STOP,2025-04-14,2025-04-16,2025-04-21,2025-04-28,2025-05-12
MU|2025-04-14T00:00:00|Long,MU,2025-04-14,Long,0.0002816709857291766,0.025063453855642903,-0.006617764200563037,True,-0.031258711577612175,0.025063453855642903,-0.05660372899297894,True,-0.011405204123912438,0.025063453855642903,-0.07561243834150144,True,0.08251198095379908,0.13066751404299604,-0.07561243834150144,True,0.36482687815839165,0.3715855852778247,-0.07561243834150144,True,20,True,True,True,False,True,False,6,2,STOP_BEFORE_TARGET,True,True,False,True,False,6,2,STOP_BEFORE_TARGET,2025-04-15,2025-04-17,2025-04-22,2025-04-29,2025-05-13
MU|2025-04-15T00:00:00|Long,MU,2025-04-15,Long,-0.024070932748241236,-0.008305235918939835,-0.05447638931175969,True,-0.060529321457510776,-0.0078828484146507,-0.075872738178278,True,0.026604720795201153,0.06137388167457902,-0.075872738178278,True,0.08319251064963162,0.1303491274900377,-0.075872738178278,True,0.34177925769128126,0.3745777064669964,-0.075872738178278,True,20,True,True,True,False,True,False,5,1,STOP_BEFORE_TARGET,True,True,False,True,False,5,1,STOP_BEFORE_TARGET,2025-04-16,2025-04-21,2025-04-23,2025-04-30,2025-05-14
MU|2025-04-16T00:00:00|Long,MU,2025-04-16,Long,-0.0076445804889546665,0.016587357500454925,-0.033607410493547984,True,0.012692877977450001,0.016587357500454925,-0.053079477974676936,True,0.11668824641898268,0.11914026090701868,-0.053079477974676936,True,0.12173654390747801,0.15822877442633176,-0.053079477974676936,True,0.3767488017790255,0.4084811617895987,-0.053079477974676936,True,20,True,True,True,False,True,False,4,1,STOP_BEFORE_TARGET,True,True,False,True,False,4,1,STOP_BEFORE_TARGET,2025-04-17,2025-04-22,2025-04-24,2025-05-01,2025-05-15
MU|2025-04-17T00:00:00|Long,MU,2025-04-17,Long,-0.029941934543789905,-0.011627950817908794,-0.045784903868524296,True,0.06002902718348713,0.09593020612449621,-0.045784903868524296,True,0.1595929540770351,0.16715115537638314,-0.045784903868524296,True,0.17325577965422423,0.18706387421967818,-0.045784903868524296,True,0.42441854146830793,0.42718020473834173,-0.045784903868524296,True,20,True,True,True,False,True,False,3,1,STOP_BEFORE_TARGET,True,True,False,True,False,3,1,STOP_BEFORE_TARGET,2025-04-21,2025-04-23,2025-04-25,2025-05-02,2025-05-16
MU|2025-04-21T00:00:00|Long,MU,2025-04-21,Long,0.051992827865924296,0.054839732982614464,0.010488531615862051,True,0.16002398332370227,0.16257115405170142,0.010488531615862051,True,0.17710518539349285,0.20317659008121525,0.010488531615862051,True,0.20497453915266162,0.22370393741472805,0.010488531615862051,True,0.4781241337053148,0.48366796242917465,0.010488531615862051,True,20,True,True,False,True,False,False,1,,TARGET_BEFORE_STOP,True,False,True,False,False,1,,TARGET_BEFORE_STOP,2025-04-22,2025-04-24,2025-04-28,2025-05-05,2025-05-19
MU|2025-04-22T00:00:00|Long,MU,2025-04-22,Long,0.03874093798848466,0.0739211295981066,0.03261644987022638,True,0.13630536703625573,0.1437117803568897,0.03261644987022638,True,0.09500068730837552,0.1437117803568897,0.03261644987022638,True,0.14670279427529165,0.16322460096723024,0.03261644987022638,True,0.39723685733271097,0.410340377927241,0.03261644987022638,True,20,True,True,False,True,False,False,1,,TARGET_BEFORE_STOP,True,False,True,False,False,1,,TARGET_BEFORE_STOP,2025-04-23,2025-04-25,2025-04-29,2025-05-06,2025-05-20
MU|2025-04-23T00:00:00|Long,MU,2025-04-23,Long,0.06156585554615557,0.06389683276038771,0.00918686639437416,True,0.07719727450787373,0.10105584417581559,0.00918686639437416,True,0.05512130297881135,0.10105584417581559,0.007815709480859079,True,0.1328671657871714,0.1362951103772423,0.007815709480859079,True,0.314136787835567,0.35774024720577224,0.007815709480859079,True,20,True,True,False,True,False,False,1,,TARGET_BEFORE_STOP,True,False,True,False,False,1,,TARGET_BEFORE_STOP,2025-04-24,2025-04-28,2025-04-30,2025-05-07,2025-05-21
MU|2025-04-24T00:00:00|Long,MU,2025-04-24,Long,0.030483087912267726,0.03719975395152786,-0.00671656749373295,True,-0.006974953865911515,0.03719975395152786,-0.01227069194924435,True,0.0045207760578518386,0.03719975395152786,-0.05063288893899387,True,0.0998450470131147,0.11353656837275916,-0.05063288893899387,True,0.22487734530963688,0.278997661908823,-0.05063288893899387,True,20,True,True,True,True,False,False,1,4,TARGET_BEFORE_STOP,True,True,False,True,False,6,4,STOP_BEFORE_TARGET,2025-04-25,2025-04-29,2025-05-01,2025-05-08,2025-05-22
MU|2025-04-25T00:00:00|Long,MU,2025-04-25,Long,-0.015292068681000304,-0.0021308369459317467,-0.03584859180386124,True,-0.035472573005216446,-0.0021308369459317467,-0.07871645619687018,True,0.0117824323864264,0.023690140618789934,-0.07871645619687018,True,0.07620960045229364,0.08134868341780055,-0.07871645619687018,True,0.17034349680651784,0.2411631757101802,-0.07871645619687018,True,20,True,True,True,False,True,False,8,1,STOP_BEFORE_TARGET,True,True,False,True,False,9,1,STOP_BEFORE_TARGET,2025-04-28,2025-04-30,2025-05-02,2025-05-09,2025-05-23
MU|2025-04-28T00:00:00|Long,MU,2025-04-28,Long,-0.021384933266103467,-0.0047097139598500926,-0.02660382386508864,True,-0.010056020113011432,0.016929759068063932,-0.06440933956012107,True,0.02367617958445445,0.039587585374248224,-0.06440933956012107,True,0.17477092392592186,0.19908350147265974,-0.06440933956012107,True,0.22683299705468074,0.2604378783134842,-0.06440933956012107,True,20,True,True,True,False,True,False,4,1,STOP_BEFORE_TARGET,True,True,False,True,False,7,2,STOP_BEFORE_TARGET,2025-04-29,2025-05-01,2025-05-05,2025-05-12,2025-05-27
MU|2025-04-29T00:00:00|Long,MU,2025-04-29,Long,0.0009105059485561284,0.0035120223999349776,-0.04396458603239217,True,0.04994802425171052,0.06230490487321649,-0.04396458603239217,True,0.047216506406041914,0.06230490487321649,-0.04396458603239217,True,0.2607960947978105,0.2670396350434141,-0.04396458603239217,True,0.2510406313899778,0.2879812718602057,-0.04396458603239217,True,20,True,True,True,False,True,False,2,1,STOP_BEFORE_TARGET,True,True,False,True,False,3,1,STOP_BEFORE_TARGET,2025-04-30,2025-05-02,2025-05-06,2025-05-13,2025-05-28
MU|2025-04-30T00:00:00|Long,MU,2025-04-30,Long,0.01065626676211262,0.0382066609227254,0.008966893681235044,True,0.045094234676020806,0.061338549810182164,0.008966893681235044,True,0.07368428880060351,0.07693315182743587,0.008966893681235044,True,0.23872649090471043,0.2690059181101707,0.008966893681235044,True,0.2579598036484272,0.2947368577601208,0.008966893681235044,True,20,True,True,False,True,False,False,1,,TARGET_BEFORE_STOP,True,False,True,False,False,2,,TARGET_BEFORE_STOP,2025-05-01,2025-05-05,2025-05-07,2025-05-14,2025-05-29
MU|2025-05-01T00:00:00|Long,MU,2025-05-01,Long,0.0379324251636024,0.05014789371508366,0.01710173445369767,True,0.03523216679228636,0.05014789371508366,0.009901045463521774,True,0.09489527068753523,0.108525174305234,0.009901045463521774,True,0.22733703315328668,0.25562563637560487,0.009901045463521774,True,0.21460721565935992,0.2810852713634584,0.009901045463521774,True,20,True,True,False,True,False,False,1,,TARGET_BEFORE_STOP,True,False,True,False,False,1,,TARGET_BEFORE_STOP,2025-05-02,2025-05-06,2025-05-08,2025-05-15,2025-05-30
MU|2025-05-02T00:00:00|Long,MU,2025-05-02,Long,-0.003716588791141784,0.005327060191687494,-0.020688777795967006,True,0.023538175138079653,0.026635300958437913,-0.02700694093419631,True,0.06367689930522613,0.06875613650188872,-0.02700694093419631,True,0.21407332158048686,0.21642716744932855,-0.02700694093419631,True,0.2163032559518161,0.23426654790318313,-0.02700694093419631,True,20,True,True,True,False,True,False,4,1,STOP_BEFORE_TARGET,True,False,True,False,False,4,,TARGET_BEFORE_STOP,2025-05-05,2025-05-07,2025-05-09,2025-05-16,2025-06-02
MU|2025-05-05T00:00:00|Long,MU,2025-05-05,Long,0.001119173953424868,0.009947812359771158,-0.02337723571528183,True,0.05881625795361067,0.07199702869134339,-0.02337723571528183,True,0.14760013699136976,0.17135039906800342,-0.02337723571528183,True,0.226684951156505,0.23128573610566927,-0.02337723571528183,True,0.2714499170367364,0.27990552908173094,-0.02337723571528183,True,20,True,True,True,False,True,False,2,1,STOP_BEFORE_TARGET,True,False,True,False,False,3,,TARGET_BEFORE_STOP,2025-05-06,2025-05-08,2025-05-12,2025-05-19,2025-06-03
MU|2025-05-06T00:00:00|Long,MU,2025-05-06,Long,0.026207931367101978,0.02931313560715365,-0.0038505176967170707,True,0.06645135178444539,0.0715438374612074,-0.0038505176967170707,True,0.20394979174340522,0.20991182558016241,-0.0038505176967170707,True,0.21848212484365237,0.22990925370384785,-0.0038505176967170707,True,0.2824493511413815,0.29064713582150836,-0.0038505176967170707,True,20,True,True,False,True,False,False,2,,TARGET_BEFORE_STOP,True,False,True,False,False,2,,TARGET_BEFORE_STOP,2025-05-07,2025-05-09,2025-05-13,2025-05-20,2025-06-04
MU|2025-05-07T00:00:00|Long,MU,2025-05-07,Long,0.03062210960046885,0.04345190291147927,0.008956642933543701,True,0.1170418524265342,0.14015969277051643,0.008956642933543701,True,0.15371576526324415,0.18191719050649224,0.008956642933543701,True,0.1600095999979314,0.1984990722741513,0.008956642933543701,True,0.28649234304128046,0.3196561989197879,0.008956642933543701,True,20,True,True,False,True,False,False,1,,TARGET_BEFORE_STOP,True,False,True,False,False,3,,TARGET_BEFORE_STOP,2025-05-08,2025-05-12,2025-05-14,2025-05-21,2025-06-05
MU|2025-05-08T00:00:00|Long,MU,2025-05-08,Long,0.008338215757481393,0.013153201375423418,-0.005519685405528496,True,0.13834408183441638,0.14398123213778669,-0.005519685405528496,True,0.12096295053186701,0.1467997624897397,-0.005519685405528496,True,0.11368173965603301,0.16288895911495804,-0.005519685405528496,True,0.27492654859906307,0.30416912579863364,-0.005519685405528496,True,20,True,True,False,True,False,False,2,,TARGET_BEFORE_STOP,True,False,True,False,False,2,,TARGET_BEFORE_STOP,2025-05-09,2025-05-13,2025-05-15,2025-05-22,2025-06-06
MU|2025-05-09T00:00:00|Long,MU,2025-05-09,Long,0.07488935778554562,0.09713482737717483,0.07092937682970857,True,0.11017935030543358,0.1373165715317488,0.07092937682970857,True,0.14139295717853506,0.14360589032616589,0.07092937682970857,True,0.08746799537437977,0.15327272232896116,0.059049611679282465,True,0.2922198481194245,0.3106219191632511,0.059049611679282465,True,20,True,True,False,True,False,False,1,,TARGET_BEFORE_STOP,True,False,True,False,False,1,,TARGET_BEFORE_STOP,2025-05-12,2025-05-14,2025-05-16,2025-05-23,2025-06-09
MU|2025-05-12T00:00:00|Long,MU,2025-05-12,Long,0.05027629584591087,0.05547732902579927,0.002817229750256889,True,0.03423985265323792,0.05807780428193454,-0.0013002789618765664,True,0.06891321429471908,0.07292226309217398,-0.0013002789618765664,True,0.04431678727183219,0.07292226309217398,-0.014736164230796378,True,0.23675369224581888,0.2452052988289719,-0.014736164230796378,True,20,True,True,False,True,False,False,1,,TARGET_BEFORE_STOP,True,False,True,False,False,1,,TARGET_BEFORE_STOP,2025-05-13,2025-05-15,2025-05-19,2025-05-27,2025-06-10
MU|2025-05-13T00:00:00|Long,MU,2025-05-13,Long,-0.016609930932452444,0.007428053424494596,-0.026926654308616516,True,0.011038890864081496,0.012999093492865654,-0.049107625309439906,True,0.012070547459627212,0.021561914075213462,-0.049107625309439906,True,-0.0077375425321231095,0.021561914075213462,-0.06190034025698454,True,0.19704940074266375,0.2097390051279009,-0.06190034025698454,True,20,True,True,True,False,True,False,14,1,STOP_BEFORE_TARGET,True,True,False,True,False,14,2,STOP_BEFORE_TARGET,2025-05-14,2025-05-16,2025-05-20,2025-05-28,2025-06-11
MU|2025-05-14T00:00:00|Long,MU,2025-05-14,Long,0.0013637982987217967,0.00304239316466437,-0.03304659605501392,True,0.0349349752592949,0.03881658581712211,-0.03304659605501392,True,0.005455273234695968,0.03881658581712211,-0.03304659605501392,True,0.015526682350734067,0.04521608867386284,-0.04605538610683413,True,0.2188418031592192,0.2301720783849055,-0.04605538610683413,True,20,True,True,True,False,True,False,2,1,STOP_BEFORE_TARGET,True,True,False,True,False,13,1,STOP_BEFORE_TARGET,2025-05-15,2025-05-19,2025-05-21,2025-05-29,2025-06-12
MU|2025-05-15T00:00:00|Long,MU,2025-05-15,Long,0.02671559071018681,0.028706187331256183,0.002619172425281091,True,0.027763243694139295,0.0374017790357819,0.002619172425281091,True,-0.006495496458985617,0.0374017790357819,-0.011314764129807031,True,-0.010371900423489344,0.0437925661479317,-0.04735460227953048,True,0.21110531346381567,0.2284966567344655,-0.04735460227953048,True,20,True,True,True,True,False,False,2,6,TARGET_BEFORE_STOP,True,True,False,True,False,12,6,STOP_BEFORE_TARGET,2025-05-16,2025-05-20,2025-05-22,2025-05-30,2025-06-13
MU|2025-05-16T00:00:00|Long,MU,2025-05-16,Long,0.0066326686314173156,0.010408129010881728,-0.023469418895487926,True,-0.022040853694993645,0.010408129010881728,-0.027959161875199312,True,-0.047244869932836386,0.010408129010881728,-0.07214285402881859,True,0.0018367378079160446,0.01663262503487717,-0.07214285402881859,True,0.22285710548867987,0.23428570494359846,-0.07214285402881859,True,20,True,True,True,False,True,False,11,1,STOP_BEFORE_TARGET,True,True,False,True,False,11,4,STOP_BEFORE_TARGET,2025-05-19,2025-05-21,2025-05-23,2025-06-02,2025-06-16
MU|2025-05-19T00:00:00|Long,MU,2025-05-19,Long,-0.005575296941212171,-0.00020278025495712448,-0.01702990653005787,True,-0.03872275353003529,0.0017232454770992334,-0.043385693999954955,True,-0.02301068664317707,0.0017232454770992334,-0.07825647340388464,True,0.03649263475355036,0.043385693999955066,-0.07825647340388464,True,0.21986816499259532,0.2520020296586618,-0.07825647340388464,True,20,True,True,True,False,True,False,10,2,STOP_BEFORE_TARGET,True,True,False,True,False,11,2,STOP_BEFORE_TARGET,2025-05-20,2025-05-22,2025-05-27,2025-06-03,2025-06-17
MU|2025-05-20T00:00:00|Long,MU,2025-05-20,Long,-0.023037738750084302,0.0073394620989017945,-0.028950014088326648,True,-0.04821606321214,0.0073394620989017945,-0.07308866748694975,True,-0.01957184708266646,0.0073394620989017945,-0.07308866748694975,True,0.05249746795090404,0.05922533413209963,-0.07308866748694975,True,0.2417941038700473,0.25902144808710226,-0.07308866748694975,True,20,True,True,True,False,True,False,9,1,STOP_BEFORE_TARGET,True,True,False,True,False,10,2,STOP_BEFORE_TARGET,2025-05-21,2025-05-23,2025-05-28,2025-06-04,2025-06-18
MU|2025-05-21T00:00:00|Long,MU,2025-05-21,Long,-0.010538340415572778,0.014399049828290877,-0.015337997156490202,True,0.005634400419043617,0.014399049828290877,-0.051231179260528226,True,0.010016764926436439,0.03954508618891661,-0.051231179260528226,True,0.10903594508491521,0.13762523941365745,-0.051231179260528226,True,0.2896494490500672,0.2954925751914115,-0.051231179260528226,True,20,True,True,True,False,True,False,5,2,STOP_BEFORE_TARGET,True,True,False,True,False,8,2,STOP_BEFORE_TARGET,2025-05-22,2025-05-27,2025-05-29,2025-06-05,2025-06-20
MU|2025-05-22T00:00:00|Long,MU,2025-05-22,Long,-0.01539596178721725,-0.01043979198616718,-0.04112624117446495,True,0.014235984899865217,0.02509751352381162,-0.04112624117446495,True,-0.0039017477532186096,0.05061684413878598,-0.04112624117446495,True,0.14478535761287725,0.17104292847742464,-0.04112624117446495,True,0.28735631629057123,0.3129811212916822,-0.04112624117446495,True,20,True,True,True,False,True,False,4,1,STOP_BEFORE_TARGET,True,True,False,True,False,4,1,STOP_BEFORE_TARGET,2025-05-23,2025-05-28,2025-05-30,2025-06-06,2025-06-23
MU|2025-05-23T00:00:00|Long,MU,2025-05-23,Long,0.03223727555203615,0.03566449720150677,0.00878226058373155,True,0.036735570357486536,0.06704502862473238,0.00878226058373155,True,0.05151544839993938,0.06704502862473238,-0.012316605891082077,True,0.18828310682794425,0.2052050494709472,-0.012316605891082077,True,0.3699260993841167,0.3719610403267868,-0.012316605891082077,True,20,True,True,False,True,False,False,1,,TARGET_BEFORE_STOP,True,False,True,False,False,3,,TARGET_BEFORE_STOP,2025-05-27,2025-05-29,2025-06-02,2025-06-09,2025-06-24
MU|2025-05-27T00:00:00|Long,MU,2025-05-27,Long,-0.0020750877146875624,0.008611764419045542,-0.008092952910612516,True,-0.019921127035280373,0.03372068990056687,-0.04316244190977414,True,0.06090478225629803,0.06796019130956688,-0.04316244190977414,True,0.18427062297514896,0.19236357588576136,-0.04316244190977414,True,0.3202947045683515,0.329114025254579,-0.04316244190977414,True,20,True,True,True,True,False,False,2,3,TARGET_BEFORE_STOP,True,True,False,True,False,5,3,STOP_BEFORE_TARGET,2025-05-28,2025-05-30,2025-06-03,2025-06-10,2025-06-25
MU|2025-05-28T00:00:00|Long,MU,2025-05-28,Long,0.006446275157151016,0.0358702114503584,-0.0007277988625713494,True,0.020794343872468923,0.0358702114503584,-0.04117279134859342,True,0.07350800241621291,0.08037017396970847,-0.04117279134859342,True,0.2063838470694297,0.21917240345361377,-0.04117279134859342,True,0.31004366396554794,0.3500728393793522,-0.04117279134859342,True,20,True,True,True,True,False,False,1,2,TARGET_BEFORE_STOP,True,True,False,True,False,4,2,STOP_BEFORE_TARGET,2025-05-29,2025-06-02,2025-06-04,2025-06-11,2025-06-26
MU|2025-05-29T00:00:00|Long,MU,2025-05-29,Long,-0.02417359394125207,-0.001962835076613101,-0.047314067010987726,True,0.056301619591149654,0.06332641591075494,-0.047314067010987726,True,0.09803716492338688,0.12634292708647776,-0.047314067010987726,True,0.20020657688466925,0.21136362024217026,-0.047314067010987726,True,0.28884295664249904,0.3414256405972049,-0.047314067010987726,True,20,True,True,True,False,True,False,3,1,STOP_BEFORE_TARGET,True,True,False,True,False,3,1,STOP_BEFORE_TARGET,2025-05-30,2025-06-03,2025-06-05,2025-06-12,2025-06-27
MU|2025-05-30T00:00:00|Long,MU,2025-05-30,Long,0.03938176219307854,0.05060341759078635,-0.0006351636584296383,True,0.09305527208047848,0.10004239539729265,-0.0006351636584296383,True,0.14926951737011884,0.17562993995425757,-0.0006351636584296383,True,0.2237984289068602,0.24137204396295275,-0.0006351636584296383,True,0.3047851068660432,0.3746560169600974,-0.0006351636584296383,True,20,True,True,False,True,False,False,1,,TARGET_BEFORE_STOP,True,False,True,False,False,1,,TARGET_BEFORE_STOP,2025-06-02,2025-06-04,2025-06-06,2025-06-13,2025-06-30
MU|2025-06-02T00:00:00|Long,MU,2025-06-02,Long,0.041454468141916,0.04838052541490567,-0.012426168434619633,True,0.08260338750400287,0.1105112898797691,-0.012426168434619633,True,0.13006718887118618,0.1461600980802258,-0.012426168434619633,True,0.2206151554836875,0.23202280208279835,-0.012426168434619633,True,0.2313098290271185,0.3225708464035346,-0.012426168434619633,True,20,True,True,False,True,False,False,1,,TARGET_BEFORE_STOP,True,False,True,False,False,2,,TARGET_BEFORE_STOP,2025-06-03,2025-06-05,2025-06-09,2025-06-16,2025-07-01
MU|2025-06-03T00:00:00|Long,MU,2025-06-03,Long,0.009779951100244544,0.01623475464165658,-0.005379002951176659,True,0.06171146756570911,0.08606359952819376,-0.005379002951176659,True,0.1162836126126987,0.1239119625324725,-0.005379002951176659,True,0.17691927958817244,0.20792178128342753,-0.005379002951176659,True,0.1906112260515358,0.2699267100588325,-0.005379002951176659,True,20,True,True,False,True,False,False,2,,TARGET_BEFORE_STOP,True,False,True,False,False,2,,TARGET_BEFORE_STOP,2025-06-04,2025-06-06,2025-06-10,2025-06-17,2025-07-02
MU|2025-06-04T00:00:00|Long,MU,2025-06-04,Long,0.029443108140700724,0.05598061771716112,0.022082312632415224,True,0.07457624162946419,0.08987892280190679,0.022082312632415224,True,0.12377722788665246,0.13569009332910875,0.022082312632415224,True,0.1798547185939392,0.19622278098044044,0.022082312632415224,True,0.18440678852810977,0.2576271777580206,0.022082312632415224,True,20,True,True,False,True,False,False,1,,TARGET_BEFORE_STOP,True,False,True,False,False,1,,TARGET_BEFORE_STOP,2025-06-05,2025-06-09,2025-06-11,2025-06-18,2025-07-03
MU|2025-06-05T00:00:00|Long,MU,2025-06-05,Long,0.02135663395911025,0.04478316017715933,0.01646438973493658,True,0.07385453388376373,0.08119293610954581,0.01646438973493658,True,0.09304731681683198,0.10320821456593454,0.01646438973493658,True,0.1628563120659925,0.16812496559092138,0.01646438973493658,True,0.12823404963793572,0.22165777575552292,0.01646438973493658,True,20,True,True,False,True,False,False,1,,TARGET_BEFORE_STOP,True,False,True,False,False,2,,TARGET_BEFORE_STOP,2025-06-06,2025-06-10,2025-06-12,2025-06-20,2025-07-07
MU|2025-06-06T00:00:00|Long,MU,2025-06-06,Long,0.022015470186045993,0.03656965097627585,0.0001842692788394107,True,0.06880988751562289,0.08014005870754559,0.0001842692788394107,True,0.06484894135823471,0.08014005870754559,0.0001842692788394107,True,0.12453946735917798,0.1469234058247646,0.0001842692788394107,True,0.14609433462626376,0.196112831832286,0.0001842692788394107,True,20,True,True,False,True,False,False,1,,TARGET_BEFORE_STOP,True,False,True,False,False,2,,TARGET_BEFORE_STOP,2025-06-09,2025-06-11,2025-06-13,2025-06-23,2025-07-08
MU|2025-06-09T00:00:00|Long,MU,2025-06-09,Long,0.028751712745826996,0.03578189571789814,0.0025237171373877487,True,0.04713838216123056,0.056872513398372515,0.0025237171373877487,True,0.08012617966808588,0.09022084192485469,0.0025237171373877487,True,0.15286171410873473,0.15457421926089698,0.0025237171373877487,True,0.10175755949586995,0.17034709035720152,0.0025237171373877487,True,20,True,True,False,True,False,False,1,,TARGET_BEFORE_STOP,True,False,True,False,False,2,,TARGET_BEFORE_STOP,2025-06-10,2025-06-12,2025-06-16,2025-06-24,2025-07-09
MU|2025-06-10T00:00:00|Long,MU,2025-06-10,Long,0.016558606971745382,0.027334876145662435,0.005169125376205841,True,0.012791300966180641,0.027334876145662435,-0.005431949797594426,True,0.05431923060623811,0.08209219201583262,-0.005431949797594426,True,0.11485895111666289,0.12230599954894728,-0.005431949797594426,True,0.07858771043165635,0.13763804799259494,-0.005431949797594426,True,20,True,True,False,True,False,False,4,,TARGET_BEFORE_STOP,True,False,True,False,False,4,,TARGET_BEFORE_STOP,2025-06-11,2025-06-13,2025-06-17,2025-06-25,2025-07-10
MU|2025-06-11T00:00:00|Long,MU,2025-06-11,Long,0.0012927822757649032,0.0038783468272949317,-0.021632355103310852,True,0.03283631473478543,0.04248901453970744,-0.021632355103310852,True,0.04990089611687942,0.06446611596679808,-0.021632355103310852,True,0.08592606503139999,0.11910719184360308,-0.021632355103310852,True,0.07325691708545157,0.11910719184360308,-0.021632355103310852,True,20,True,True,True,False,True,False,3,1,STOP_BEFORE_TARGET,True,False,True,False,False,4,,TARGET_BEFORE_STOP,2025-06-12,2025-06-16,2025-06-18,2025-06-26,2025-07-11
MU|2025-06-12T00:00:00|Long,MU,2025-06-12,Long,-0.0049922691472815695,0.007918730990951195,-0.021690451337984196,True,0.035806472902286,0.06309176976932873,-0.021690451337984196,True,0.06386639825662632,0.06868654962964471,-0.021690451337984196,True,0.07385093655118924,0.11766229783467175,-0.021690451337984196,True,0.020915822850686716,0.11766229783467175,-0.021690451337984196,True,20,True,True,True,False,True,False,2,1,STOP_BEFORE_TARGET,True,False,True,False,False,3,,TARGET_BEFORE_STOP,2025-06-13,2025-06-17,2025-06-20,2025-06-27,2025-07-14
MU|2025-06-13T00:00:00|Long,MU,2025-06-13,Long,0.03667818269667822,0.04636678789880344,0.01487890348967591,True,0.053806239643641174,0.0684256381186732,0.01487890348967591,True,0.05605539310092844,0.07707615726399886,0.01487890348967591,True,0.06617648466138593,0.12326996381911393,0.01487890348967591,True,0.039013859824921227,0.12326996381911393,0.01228372134678879,True,20,True,True,False,True,False,False,1,,TARGET_BEFORE_STOP,True,False,True,False,False,2,,TARGET_BEFORE_STOP,2025-06-16,2025-06-18,2025-06-23,2025-06-30,2025-07-15
MU|2025-06-16T00:00:00|Long,MU,2025-06-16,Long,0.0041722297670157005,0.03062421487390754,-0.004088767345986732,True,0.03137518567364683,0.03604812630366272,-0.004088767345986732,True,0.06733984955628047,0.06892531723996198,-0.004088767345986732,True,0.008761707976002509,0.08352812142451693,-0.006341743408378675,True,-0.028454573906196656,0.08352812142451693,-0.041972621270070176,True,20,True,True,True,True,False,False,1,18,TARGET_BEFORE_STOP,True,True,True,False,False,5,20,TARGET_BEFORE_STOP,2025-06-17,2025-06-20,2025-06-24,2025-07-01,2025-07-16
MU|2025-06-17T00:00:00|Long,MU,2025-06-17,Long,0.012298515888084616,0.02193790177315913,-0.001329533302175001,True,0.014459078827611771,0.03465186908125961,-0.00440417812386118,True,0.057420673694450475,0.06448404521998197,-0.00440417812386118,True,0.011633717537667065,0.07902617629240072,-0.01894630919627993,True,-0.058833259241432456,0.07902617629240072,-0.07802891536811418,True,20,True,True,True,True,False,False,2,17,TARGET_BEFORE_STOP,True,True,True,False,False,4,19,TARGET_BEFORE_STOP,2025-06-18,2025-06-23,2025-06-25,2025-07-02,2025-07-17
MU|2025-06-18T00:00:00|Long,MU,2025-06-18,Long,0.014611712229157803,0.01920870114223594,-0.01182073916445292,True,0.049991823859312445,0.051551522118073345,-0.016499771312311617,True,0.03431292329377156,0.06591697938604235,-0.016499771312311617,True,0.0038581614010879672,0.06591697938604235,-0.030865228580280624,True,-0.0609916296485713,0.06591697938604235,-0.08923003426213161,True,20,True,True,True,True,False,False,3,8,TARGET_BEFORE_STOP,True,True,True,False,False,3,9,TARGET_BEFORE_STOP,2025-06-20,2025-06-24,2025-06-26,2025-07-03,2025-07-18
MU|2025-06-20T00:00:00|Long,MU,2025-06-20,Long,-0.012297707619993714,0.007362489266534267,-0.030663438206440463,True,0.029530757046434264,0.03640782916624974,-0.030663438206440463,True,0.009385143013187491,0.050566405392821645,-0.030663438206440463,True,-0.02977346561979355,0.050566405392821645,-0.04482201443301226,True,-0.08389963790621513,0.050566405392821645,-0.10234629192594624,True,20,True,True,True,False,True,False,2,1,STOP_BEFORE_TARGET,True,True,False,True,False,4,1,STOP_BEFORE_TARGET,2025-06-23,2025-06-25,2025-06-27,2025-07-07,2025-07-21
MU|2025-06-23T00:00:00|Long,MU,2025-06-23,Long,0.047755584400488216,0.04931196086310652,0.02359106495921881,True,0.032110076262696685,0.06364682303342173,0.014007200678446186,True,0.009583864280772625,0.06364682303342173,-0.0018840379544873276,True,0.019167728561545472,0.06364682303342173,-0.03292926123988904,True,-0.10534076357689104,0.06364682303342173,-0.11426936736896509,True,20,True,True,True,True,False,False,1,6,TARGET_BEFORE_STOP,True,True,True,False,False,3,7,TARGET_BEFORE_STOP,2025-06-24,2025-06-26,2025-06-30,2025-07-08,2025-07-22
MU|2025-06-24T00:00:00|Long,MU,2025-06-24,Long,-0.005159906521876589,-0.0032054073205443068,-0.01790321984179344,True,-0.02462670186610294,0.015166932889244755,-0.03533737896217337,True,-0.054882370975495975,0.015166932889244755,-0.06903292610623535,True,-0.04432808721761816,0.015166932889244755,-0.07700731624975699,True,-0.14134939655552914,0.015166932889244755,-0.15464002691253786,True,20,True,False,True,False,True,False,,2,STOP_BEFORE_TARGET,False,True,False,True,False,,2,STOP_BEFORE_TARGET,2025-06-25,2025-06-27,2025-07-01,2025-07-09,2025-07-23
MU|2025-06-25T00:00:00|Long,MU,2025-06-25,Long,-0.00982318271119842,0.020432268004052068,-0.02719056254988339,True,-0.03143418467583492,0.020432268004052068,-0.04243616130356709,True,-0.04330060617862841,0.020432268004052068,-0.07222005847863455,True,-0.03253437634301326,0.020432268004052068,-0.07222005847863455,True,-0.12196461016162208,0.020432268004052068,-0.1502554243346329,True,20,True,False,True,False,True,False,,1,STOP_BEFORE_TARGET,False,True,False,True,False,,2,STOP_BEFORE_TARGET,2025-06-26,2025-06-30,2025-07-02,2025-07-10,2025-07-24
MU|2025-06-26T00:00:00|Long,MU,2025-06-26,Long,-0.009841252887059726,0.012222229488312308,-0.020714290558345727,True,-0.04055556039961561,0.012222229488312308,-0.05492062038845491,True,-0.029444437178354432,0.012222229488312308,-0.06301589239211314,True,-0.011666676354786687,0.012222229488312308,-0.06301589239211314,True,-0.11698411002991693,0.012222229488312308,-0.14182541862366693,True,20,True,False,True,False,True,False,,1,STOP_BEFORE_TARGET,False,True,False,True,False,,2,STOP_BEFORE_TARGET,2025-06-27,2025-07-01,2025-07-03,2025-07-11,2025-07-25
MU|2025-06-27T00:00:00|Long,MU,2025-06-27,Long,-0.01210325513285615,0.0025649221653170073,-0.023324812538331186,True,-0.02420651026571219,0.0025649221653170073,-0.05370314574314217,True,-0.03879451654705934,0.0025649221653170073,-0.05370314574314217,True,-0.04929465710623726,0.011141386388649144,-0.06203915806856464,True,-0.10828792806109733,0.011141386388649144,-0.13329596503736452,True,20,True,False,True,False,True,False,,1,STOP_BEFORE_TARGET,False,True,False,True,False,,2,STOP_BEFORE_TARGET,2025-06-30,2025-07-02,2025-07-07,2025-07-14,2025-07-28
MU|2025-06-30T00:00:00|Long,MU,2025-06-30,Long,-0.019148077974454836,0.0060040394626330595,-0.033833656543166835,True,-0.007789039224930239,0.0060040394626330595,-0.04210955327712984,True,0.009492885752091729,0.01784987381940928,-0.04210955327712984,True,-0.025476668475849396,0.023529424145062094,-0.05054769457958286,True,-0.09160244150529284,0.023529424145062094,-0.12267750707165948,True,20,True,False,True,False,True,False,,1,STOP_BEFORE_TARGET,False,True,False,True,False,,1,STOP_BEFORE_TARGET,2025-07-01,2025-07-03,2025-07-08,2025-07-15,2025-07-29
MU|2025-07-01T00:00:00|Long,MU,2025-07-01,Long,0.007031172788589446,0.01745388883286103,-0.023409726572444778,True,-0.008023833448593587,0.02266521529988652,-0.023409726572444778,True,0.011167164206609126,0.04351064738842969,-0.023409726572444778,True,-0.03689303587550974,0.04351064738842969,-0.05029367078957325,True,-0.050872707063687184,0.04351064738842969,-0.105550518658726,True,20,True,True,True,False,True,False,4,1,STOP_BEFORE_TARGET,False,True,False,True,False,,8,STOP_BEFORE_TARGET,2025-07-02,2025-07-07,2025-07-09,2025-07-16,2025-07-30
MU|2025-07-02T00:00:00|Long,MU,2025-07-02,Long,0.0045178500197879945,0.015524884366791225,0.0007393130348651855,True,0.022014131363586653,0.030474775337389515,-0.0232462153057289,True,0.011253513805011828,0.036224771968899505,-0.0232462153057289,True,-0.0696566114370103,0.036224771968899505,-0.08863151885053966,True,-0.10349925000180171,0.036224771968899505,-0.12157052474179353,True,20,True,True,True,False,True,False,3,2,STOP_BEFORE_TARGET,False,True,False,True,False,,7,STOP_BEFORE_TARGET,2025-07-03,2025-07-08,2025-07-10,2025-07-17,2025-07-31
MU|2025-07-03T00:00:00|Long,MU,2025-07-03,Long,-0.019380184224703112,-0.006378271105220379,-0.02763919558519523,True,-0.0004088891273485995,0.031564319089488535,-0.02763919558519523,True,0.01831709744868526,0.031564319089488535,-0.02763919558519523,True,-0.06460055169462209,0.031564319089488535,-0.09273042671018006,True,-0.14236653472703342,0.031564319089488535,-0.15463245989483299,True,20,True,True,True,False,True,False,3,1,STOP_BEFORE_TARGET,False,True,False,True,False,,6,STOP_BEFORE_TARGET,2025-07-07,2025-07-09,2025-07-11,2025-07-18,2025-08-01
MU|2025-07-07T00:00:00|Long,MU,2025-07-07,Long,0.03752501725075352,0.04611406657550243,0.016927942047138655,True,0.026601088143047846,0.05195132965359672,0.011340899192106235,True,-0.010923929107705677,0.05195132965359672,-0.024182801619070493,True,-0.05578714905070914,0.05195132965359672,-0.07479987789914766,True,-0.10131755930117492,0.05195132965359672,-0.13792529326280933,True,20,True,True,True,True,False,False,1,5,TARGET_BEFORE_STOP,True,True,True,False,False,2,7,TARGET_BEFORE_STOP,2025-07-08,2025-07-10,2025-07-14,2025-07-21,2025-08-04
MU|2025-07-08T00:00:00|Long,MU,2025-07-08,Long,-0.017521301537198553,0.013904544143976683,-0.025237095610504245,True,0.000884107152953062,0.013904544143976683,-0.0255585946951854,True,-0.03464071388862555,0.013904544143976683,-0.0594759816330388,True,-0.12216683147352791,0.013904544143976683,-0.13092751290196736,True,-0.12345282781225242,0.013904544143976683,-0.16910465540240494,True,20,True,False,True,False,True,False,,1,STOP_BEFORE_TARGET,False,True,False,True,False,,4,STOP_BEFORE_TARGET,2025-07-09,2025-07-11,2025-07-15,2025-07-22,2025-08-05
MU|2025-07-09T00:00:00|Long,MU,2025-07-09,Long,0.0071171691900027145,0.01726113094915993,-0.0017997482374656482,True,-0.029695658678458248,0.021024212530569297,-0.04270289031353358,True,-0.04752943112015351,0.021024212530569297,-0.06078207162156657,True,-0.10152156617791486,0.021024212530569297,-0.1154286719317229,True,-0.11011125097918573,0.021024212530569297,-0.15428665690398735,True,20,True,False,True,False,True,False,,3,STOP_BEFORE_TARGET,False,True,False,True,False,,3,STOP_BEFORE_TARGET,2025-07-10,2025-07-14,2025-07-16,2025-07-23,2025-08-06
MU|2025-07-10T00:00:00|Long,MU,2025-07-10,Long,0.011534385199458042,0.013808764030655452,-0.015189690011461088,True,-0.024368450857986224,0.013808764030655452,-0.04946798746724301,True,-0.08000973458928617,0.013808764030655452,-0.0987734838910147,True,-0.09243763461131116,0.013808764030655452,-0.12167982521863474,True,-0.09130044519571245,0.013808764030655452,-0.1602632057437795,True,20,True,False,True,False,True,False,,2,STOP_BEFORE_TARGET,False,True,False,True,False,,2,STOP_BEFORE_TARGET,2025-07-11,2025-07-15,2025-07-17,2025-07-24,2025-08-07
MU|2025-07-11T00:00:00|Long,MU,2025-07-11,Long,-0.047538731446045035,-0.03284346244264624,-0.06030677113825689,True,-0.06504455595857372,-0.025214803022791554,-0.07805349165649456,True,-0.08142615826745048,-0.025214803022791554,-0.10905004387836192,True,-0.10656064219983385,-0.025214803022791554,-0.13169518739773256,True,-0.04529028703874116,-0.025214803022791554,-0.16983860702803677,True,20,True,False,True,False,True,False,,1,STOP_BEFORE_TARGET,False,True,False,True,False,,1,STOP_BEFORE_TARGET,2025-07-14,2025-07-16,2025-07-18,2025-07-25,2025-08-08
MU|2025-07-14T00:00:00|Long,MU,2025-07-14,Long,0.012646488426618196,0.023438148258927205,0.0042998240755929285,True,-0.045105795856931974,0.023438148258927205,-0.06458143177381337,True,-0.04535871533372571,0.023438148258927205,-0.06458143177381337,True,-0.0620521083591431,0.023438148258927205,-0.08835682744292106,True,0.04308237571921558,0.07309668766824573,-0.12840404079387902,True,20,True,True,True,False,True,False,20,2,STOP_BEFORE_TARGET,True,True,False,True,False,20,2,STOP_BEFORE_TARGET,2025-07-15,2025-07-17,2025-07-21,2025-07-28,2025-08-11
MU|2025-07-15T00:00:00|Long,MU,2025-07-15,Long,-0.03063858368558381,-0.008492250997233164,-0.04412624281762789,True,-0.04762302215998948,-0.008492250997233164,-0.07626345529566114,True,-0.09066688314303362,-0.008492250997233164,-0.09974193069732706,True,-0.06785447909802533,-0.008492250997233164,-0.09974193069732706,True,0.06360835359940875,0.07026894012586382,-0.1392890123380095,True,20,True,True,True,False,True,False,19,1,STOP_BEFORE_TARGET,True,True,False,True,False,19,1,STOP_BEFORE_TARGET,2025-07-16,2025-07-18,2025-07-22,2025-07-29,2025-08-12
MU|2025-07-16T00:00:00|Long,MU,2025-07-16,Long,-0.027226643997564248,-0.019153168007287724,-0.047066935863350534,True,-0.027484299062566775,-0.004380332688256439,-0.047066935863350534,True,-0.05668640777138001,-0.004380332688256439,-0.07128749488965558,True,-0.014515180254028759,-0.004380332688256439,-0.07128749488965558,True,0.06733656546715738,0.10452637435747603,-0.11208454021774739,True,20,True,True,True,False,True,False,18,1,STOP_BEFORE_TARGET,True,True,False,True,False,18,1,STOP_BEFORE_TARGET,2025-07-17,2025-07-21,2025-07-23,2025-07-30,2025-08-13
MU|2025-07-17T00:00:00|Long,MU,2025-07-17,Long,0.00997701953120922,0.013597041201491633,0.00017655520650938783,True,-0.03567014691265835,0.023485749448559634,-0.04529405603084902,True,-0.013508729917350526,0.023485749448559634,-0.04529405603084902,True,-0.03637650246224122,0.023485749448559634,-0.05580080854335889,True,0.1062157739042513,0.13544061167184163,-0.087232956882066,True,20,True,True,True,False,True,False,16,3,STOP_BEFORE_TARGET,True,True,False,True,False,16,3,STOP_BEFORE_TARGET,2025-07-18,2025-07-22,2025-07-24,2025-07-31,2025-08-14
MU|2025-07-18T00:00:00|Long,MU,2025-07-18,Long,-0.010140711940766156,0.013375284443224889,-0.015036290146695941,True,-0.03986360331256722,0.013375284443224889,-0.054725082346638754,True,-0.027362507825148374,0.013375284443224889,-0.054725082346638754,True,-0.0831366569365597,0.013375284443224889,-0.09624969136267691,True,0.05664833806721736,0.12422420482286589,-0.09624969136267691,True,20,True,True,True,False,True,False,15,2,STOP_BEFORE_TARGET,True,True,False,True,False,16,2,STOP_BEFORE_TARGET,2025-07-21,2025-07-23,2025-07-25,2025-08-01,2025-08-15
MU|2025-07-21T00:00:00|Long,MU,2025-07-21,Long,-0.0354146605788731,-0.0020312933861580396,-0.04504111942343525,True,-0.013247372211688146,-0.0020312933861580396,-0.04504111942343525,True,-0.01748656096646095,-0.0020312933861580396,-0.04504111942343525,True,-0.04822049414461005,0.014660390210199381,-0.08699113142711445,True,0.09114191812122985,0.13574143151909435,-0.08699113142711445,True,20,True,True,True,False,True,False,14,1,STOP_BEFORE_TARGET,True,True,False,True,False,14,1,STOP_BEFORE_TARGET,2025-07-22,2025-07-24,2025-07-28,2025-08-04,2025-08-18
MU|2025-07-22T00:00:00|Long,MU,2025-07-22,Long,0.005585063207597996,0.009796737620081597,-0.0031130192591566352,True,0.018677905994572086,0.0321369904504738,-0.003570768955224235,True,0.025086960567165306,0.03955319214925401,-0.003570768955224235,True,-0.0014649666757103885,0.051913551598372853,-0.053470096154679014,True,0.11746934341383897,0.17744007202170708,-0.053470096154679014,True,20,True,True,True,True,False,False,2,7,TARGET_BEFORE_STOP,True,True,True,False,False,6,8,TARGET_BEFORE_STOP,2025-07-23,2025-07-25,2025-07-29,2025-08-05,2025-08-19
MU|2025-07-23T00:00:00|Long,MU,2025-07-23,Long,0.01729947641084051,0.02640445668333702,0.003824075042731634,True,0.012929055315228144,0.02640445668333702,-0.009104980272496399,True,0.04470541701590447,0.04607117794987614,-0.009104980272496399,True,-0.009560257072315892,0.04607117794987614,-0.058727164436893964,True,0.0671947294034485,0.17090051861543065,-0.058727164436893964,True,20,True,True,True,True,False,False,4,6,TARGET_BEFORE_STOP,True,True,False,True,False,12,7,STOP_BEFORE_TARGET,2025-07-24,2025-07-28,2025-07-30,2025-08-06,2025-08-20
MU|2025-07-24T00:00:00|Long,MU,2025-07-24,Long,-0.004206580207481547,-0.00205856394901216,-0.02595544114157533,True,0.0020584956648064257,0.016199744958491635,-0.02595544114157533,True,-0.023180917295877124,0.028282430303164796,-0.04287121428095875,True,0.001253015174457639,0.03177298232975456,-0.074733785488582,True,0.03633757662768211,0.15098901136419896,-0.074733785488582,True,20,True,True,True,False,True,False,10,1,STOP_BEFORE_TARGET,True,True,False,True,False,11,5,STOP_BEFORE_TARGET,2025-07-25,2025-07-29,2025-07-31,2025-08-07,2025-08-21
MU|2025-07-25T00:00:00|Long,MU,2025-07-25,Long,-8.989876000742303e-05,0.006651068214644118,-0.012583152067215497,True,0.03127804836169279,0.03262625547115561,-0.012583152067215497,True,-0.057343202950873695,0.03262625547115561,-0.07082513690017689,True,0.06857807933596427,0.07253280190434519,-0.07082513690017689,True,0.05770266084557907,0.15585119211173004,-0.07082513690017689,True,20,True,True,True,True,False,False,3,4,TARGET_BEFORE_STOP,True,True,False,True,False,10,4,STOP_BEFORE_TARGET,2025-07-28,2025-07-30,2025-08-01,2025-08-08,2025-08-22
MU|2025-07-28T00:00:00|Long,MU,2025-07-28,Long,0.006382014242450884,0.020584277892380598,-0.0052134996049859605,True,-0.018966297621137662,0.032719095637289364,-0.038741551088483095,True,-0.03128092905108848,0.032719095637289364,-0.07074159772208566,True,0.11208989861306184,0.14408987666783712,-0.07074159772208566,True,0.046471893653440954,0.155955111042837,-0.07074159772208566,True,20,True,True,True,True,False,False,2,3,TARGET_BEFORE_STOP,True,True,False,True,False,9,3,STOP_BEFORE_TARGET,2025-07-29,2025-07-31,2025-08-04,2025-08-11,2025-08-25
MU|2025-07-29T00:00:00|Long,MU,2025-07-29,Long,0.02483028583449154,0.026170063675734045,0.00401933352372752,True,-0.063236887182474,0.026170063675734045,-0.07663452930703551,True,-0.025902121736271932,0.026170063675734045,-0.07663452930703551,True,0.14103252094182284,0.14817795733249484,-0.07663452930703551,True,0.04055020500761142,0.14862457266088636,-0.07663452930703551,True,20,True,True,True,False,True,False,8,2,STOP_BEFORE_TARGET,True,True,False,True,False,8,2,STOP_BEFORE_TARGET,2025-07-30,2025-08-01,2025-08-05,2025-08-12,2025-08-26
MU|2025-07-30T00:00:00|Long,MU,2025-07-30,Long,-0.04880598377533485,-0.02152694149110712,-0.06797974174292898,True,-0.060746046282644905,-0.02152694149110712,-0.09900645652651363,True,-0.05194351747808945,-0.02152694149110712,-0.09900645652651363,True,0.08305733795299375,0.12079491457026204,-0.09900645652651363,True,0.026233242045238914,0.12079491457026204,-0.09900645652651363,True,20,True,True,True,False,True,False,7,1,STOP_BEFORE_TARGET,True,True,False,True,False,8,1,STOP_BEFORE_TARGET,2025-07-31,2025-08-04,2025-08-06,2025-08-13,2025-08-27
MU|2025-07-31T00:00:00|Long,MU,2025-07-31,Long,-0.0390324551956569,-0.024189109441197565,-0.05277627055563994,True,-0.0007330202629841631,0.013743815359983147,-0.05277627055563994,True,0.025013774713219528,0.05625801194782487,-0.05277627055563994,True,0.1479750926900838,0.1783031594529485,-0.05277627055563994,True,0.11783031594529492,0.1783031594529485,-0.05277627055563994,True,20,True,True,True,False,True,False,5,1,STOP_BEFORE_TARGET,True,True,False,True,False,5,1,STOP_BEFORE_TARGET,2025-08-01,2025-08-05,2025-08-07,2025-08-14,2025-08-28
MU|2025-08-01T00:00:00|Long,MU,2025-08-01,Long,0.027555296198811252,0.02860411974221555,0.005530147275397468,True,0.03718537021368773,0.05491993027338449,0.005530147275397468,True,0.13358125956447697,0.13777655373809417,0.005530147275397468,True,0.1524600106017162,0.22616332447820153,0.005530147275397468,True,0.13472545054201945,0.22616332447820153,0.005530147275397468,True,20,True,True,False,True,False,False,2,,TARGET_BEFORE_STOP,True,False,True,False,False,2,,TARGET_BEFORE_STOP,2025-08-04,2025-08-06,2025-08-08,2025-08-15,2025-08-29
MU|2025-08-04T00:00:00|Long,MU,2025-08-04,Long,0.01196994484281011,0.026630814103924205,-0.008722231059586805,True,0.03804404037512232,0.06968546321016933,-0.00946456968394116,True,0.14800041824686172,0.18103370830424614,-0.00946456968394116,True,0.1464230017650896,0.1932820832261699,-0.00946456968394116,True,0.09937837104457437,0.1932820832261699,-0.00946456968394116,True,20,True,True,False,True,False,False,3,,TARGET_BEFORE_STOP,True,False,True,False,False,3,,TARGET_BEFORE_STOP,2025-08-05,2025-08-07,2025-08-11,2025-08-18,2025-09-02
MU|2025-08-05T00:00:00|Long,MU,2025-08-05,Long,-0.0025673829595167508,-0.0009169124918361193,-0.021180979371952402,True,0.09013389007067785,0.09416838898188362,-0.021180979371952402,True,0.1713735820630733,0.17870902190964033,-0.021180979371952402,True,0.11910880051308492,0.17916751313352797,-0.021180979371952402,True,0.08857513183896248,0.17916751313352797,-0.021180979371952402,True,20,True,True,True,False,True,False,2,1,STOP_BEFORE_TARGET,True,False,True,False,False,2,,TARGET_BEFORE_STOP,2025-08-06,2025-08-08,2025-08-12,2025-08-19,2025-09-03
MU|2025-08-06T00:00:00|Long,MU,2025-08-06,Long,0.028405993766873028,0.05975363185274363,0.018477681180237404,True,0.13734144704044304,0.17006802911934704,0.018477681180237404,True,0.14239748150022602,0.18220268014923824,0.018477681180237404,True,0.07749586688522925,0.18220268014923824,0.018477681180237404,True,0.14184593195741457,0.18220268014923824,0.018477681180237404,True,20,True,True,False,True,False,False,1,,TARGET_BEFORE_STOP,True,False,True,False,False,1,,TARGET_BEFORE_STOP,2025-08-07,2025-08-11,2025-08-13,2025-08-20,2025-09-04
MU|2025-08-07T00:00:00|Long,MU,2025-08-07,Long,0.0627513763360561,0.06668453473959168,-0.0017878302737668328,True,0.14195045019700925,0.1491016348945733,-0.0017878302737668328,True,0.11996064932031425,0.14954860951270277,-0.0017878302737668328,True,0.03504065498081066,0.14954860951270277,-0.0017878302737668328,True,0.1743093938665452,0.1746670281200502,-0.0017878302737668328,True,20,True,True,False,True,False,False,1,,TARGET_BEFORE_STOP,True,False,True,False,False,1,,TARGET_BEFORE_STOP,2025-08-08,2025-08-12,2025-08-14,2025-08-21,2025-09-05
MU|2025-08-08T00:00:00|Long,MU,2025-08-08,Long,0.040625804153845646,0.07056942915905973,0.023214754398179993,True,0.0452518906639543,0.08167219079582755,0.023214754398179993,True,0.01665407828327381,0.08167219079582755,0.004626150681986685,True,-0.010177467328492673,0.08167219079582755,-0.045672473152090554,True,0.10572804599840202,0.11245685243355807,-0.045672473152090554,True,20,True,True,True,True,False,False,1,8,TARGET_BEFORE_STOP,True,True,True,False,False,1,8,TARGET_BEFORE_STOP,2025-08-11,2025-08-13,2025-08-15,2025-08-22,2025-09-08
MU|2025-08-11T00:00:00|Long,MU,2025-08-11,Long,0.03257354299655879,0.03903978163109212,-0.005496284339366664,True,0.012689942445308411,0.03944394467073353,-0.018752018040200213,True,-0.0013740556681862692,0.03944394467073353,-0.03459423486152269,True,-0.05900422712359499,0.03944394467073353,-0.08292921140477305,True,0.09311351567084536,0.11542190946007902,-0.08292921140477305,True,20,True,True,True,True,False,False,1,4,TARGET_BEFORE_STOP,True,True,False,True,False,18,4,STOP_BEFORE_TARGET,2025-08-12,2025-08-14,2025-08-18,2025-08-25,2025-09-09
MU|2025-08-12T00:00:00|Long,MU,2025-08-12,Long,-0.0272407307783451,0.00665366812928081,-0.03444228200296595,True,-0.05385516441031679,0.00665366812928081,-0.06504890456824852,True,-0.04461837141481162,0.00665366812928081,-0.06504890456824852,True,-0.0880626223091977,0.00665366812928081,-0.11185910697085988,True,0.09589041095890405,0.11342470053357379,-0.11185910697085988,True,20,True,True,True,False,True,False,18,1,STOP_BEFORE_TARGET,True,True,False,True,False,19,1,STOP_BEFORE_TARGET,2025-08-13,2025-08-15,2025-08-19,2025-08-26,2025-09-10
MU|2025-08-13T00:00:00|Long,MU,2025-08-13,Long,0.008207968938718446,0.011829091980466666,-0.023094835396437863,True,-0.005793784588057793,0.011829091980466666,-0.03886693757249449,True,-0.0568117626885577,0.011829091980466666,-0.08698799268211688,True,-0.05246637820224154,0.011829091980466666,-0.08698799268211688,True,0.2116360456393378,0.2574233421414871,-0.08698799268211688,True,20,True,True,True,False,True,False,16,1,STOP_BEFORE_TARGET,True,True,False,True,False,16,2,STOP_BEFORE_TARGET,2025-08-14,2025-08-18,2025-08-20,2025-08-27,2025-09-11
MU|2025-08-14T00:00:00|Long,MU,2025-08-14,Long,-0.03527813980882122,-0.015244661570376516,-0.046691662793308275,True,-0.02585998754963692,-0.008380581403824361,-0.046691662793308275,True,-0.07582408756150505,-0.008380581403824361,-0.09442095733585854,True,-0.026259086052250247,-0.008380581403824361,-0.09442095733585854,True,0.2549285224568416,0.2633091038606661,-0.09442095733585854,True,20,True,True,True,False,True,False,15,1,STOP_BEFORE_TARGET,True,True,False,True,False,16,1,STOP_BEFORE_TARGET,2025-08-15,2025-08-19,2025-08-21,2025-08-28,2025-09-12
MU|2025-08-15T00:00:00|Long,MU,2025-08-15,Long,0.022172584134003248,0.02324809708563702,-0.001737396208329245,True,-0.030280496226867792,0.0278811536411816,-0.06130556377702168,True,-0.026392010994609305,0.0278811536411816,-0.06130556377702168,True,-0.015388438554529316,0.0278811536411816,-0.06130556377702168,True,0.305286677317647,0.32654912463319796,-0.06130556377702168,True,20,True,True,True,False,True,False,14,3,STOP_BEFORE_TARGET,True,True,False,True,False,14,3,STOP_BEFORE_TARGET,2025-08-18,2025-08-20,2025-08-22,2025-08-29,2025-09-15
MU|2025-08-18T00:00:00|Long,MU,2025-08-18,Long,-0.012140833370692938,0.005584741359518031,-0.01813035562796117,True,-0.06280859526146376,0.005584741359518031,-0.08166737125096013,True,-0.05770946747630257,0.005584741359518031,-0.08166737125096013,True,-0.041036014322883396,0.005584741359518031,-0.08166737125096013,True,0.28547149657038506,0.2977741187972345,-0.08166737125096013,True,20,True,True,True,False,True,False,13,2,STOP_BEFORE_TARGET,True,True,False,True,False,13,2,STOP_BEFORE_TARGET,2025-08-19,2025-08-21,2025-08-25,2025-09-02,2025-09-16
MU|2025-08-19T00:00:00|Long,MU,2025-08-19,Long,-0.03965591025206816,-0.02572715535547232,-0.07038102214255892,True,-0.03580501956012927,-0.011061090288896791,-0.07038102214255892,True,-0.04547319060208643,-0.011061090288896791,-0.07038102214255892,True,-0.027283914361251882,0.005899168974238034,-0.07038102214255892,True,0.31085621870338676,0.31577216159338506,-0.07038102214255892,True,20,True,True,True,False,True,False,12,1,STOP_BEFORE_TARGET,True,True,False,True,False,12,1,STOP_BEFORE_TARGET,2025-08-20,2025-08-22,2025-08-26,2025-09-03,2025-09-17
MU|2025-08-20T00:00:00|Long,MU,2025-08-20,Long,-0.012114991724570534,0.004436518014868218,-0.013650699484844986,True,-0.00674004710944498,0.02977559842189148,-0.013650699484844986,True,0.004607123280823133,0.02977559842189148,-0.013650699484844986,True,0.05972186720140771,0.06142824531930691,-0.02525381031988061,True,0.44091801645634576,0.454227440317611,-0.02525381031988061,True,20,True,True,True,True,False,False,6,8,TARGET_BEFORE_STOP,True,False,True,False,False,10,,TARGET_BEFORE_STOP,2025-08-21,2025-08-25,2025-08-27,2025-09-04,2025-09-18
MU|2025-08-21T00:00:00|Long,MU,2025-08-21,Long,0.016322647678595814,0.042404318109444006,0.006218164047069985,True,0.006131782354770188,0.042404318109444006,0.00017269749467385687,True,0.053631566071089765,0.05855426829336596,0.00017269749467385687,True,0.13455388270552215,0.1348994094747209,-0.013299947347360508,True,0.40538901840285857,0.4720614526343352,-0.013299947347360508,True,20,True,True,False,True,False,False,1,,TARGET_BEFORE_STOP,True,False,True,False,False,5,,TARGET_BEFORE_STOP,2025-08-22,2025-08-26,2025-08-28,2025-09-05,2025-09-19
MU|2025-08-22T00:00:00|Long,MU,2025-08-22,Long,-0.01070702016453895,0.003399061224010902,-0.013426256177407558,True,0.000594830851824435,0.008922527609065867,-0.015890573944022934,True,0.011301851016363385,0.04325285795964384,-0.015890573944022934,True,0.11709726693538536,0.12389525972000626,-0.029146841402794665,True,,,,False,20,False,True,True,True,False,False,4,6,TARGET_BEFORE_STOP,True,,True,False,False,8,,TARGET_BEFORE_STOP,2025-08-25,2025-08-27,2025-08-29,2025-09-08,
MU|2025-08-25T00:00:00|Long,MU,2025-08-25,Long,0.0006871828922261347,0.01666382470296024,-0.005239654869830468,True,0.047929925432202314,0.052825988855919714,-0.005239654869830468,True,0.01769459904129933,0.05454388055311732,-0.018639393601400656,True,0.16165613829427916,0.18536335827576988,-0.018639393601400656,True,,,,False,20,False,True,,True,False,False,3,,TARGET_BEFORE_STOP,True,,True,False,False,3,,TARGET_BEFORE_STOP,2025-08-26,2025-08-28,2025-09-02,2025-09-09,
MU|2025-08-26T00:00:00|Long,MU,2025-08-26,Long,0.010729613733905685,0.019141659716168213,-0.0005150005029506133,True,0.021545082714424568,0.053819713674389646,-0.0005150005029506133,True,0.019055804469554793,0.053819713674389646,-0.01931330472102999,True,0.20171673819742497,0.2209442531602066,-0.01931330472102999,True,,,,False,20,False,True,,True,False,False,2,,TARGET_BEFORE_STOP,True,,True,False,False,2,,TARGET_BEFORE_STOP,2025-08-27,2025-08-29,2025-09-03,2025-09-10,
MU|2025-08-27T00:00:00|Long,MU,2025-08-27,Long,0.03609341825902335,0.040934179998507236,0.008322746131070868,True,0.006199603880540083,0.042632667881667974,-0.02972399150743099,True,0.054861987978536364,0.056560540654856606,-0.02972399150743099,True,0.27872617685111467,0.3270487856206874,-0.02972399150743099,True,,,,False,20,False,True,True,True,False,False,1,3,TARGET_BEFORE_STOP,True,,True,False,False,5,,TARGET_BEFORE_STOP,2025-08-28,2025-09-02,2025-09-04,2025-09-11,
MU|2025-08-28T00:00:00|Long,MU,2025-08-28,Long,-0.02450817921122561,0.006311447893986966,-0.03229510197873975,True,-0.026885235895875992,0.006311447893986966,-0.06352459016393441,True,0.07680323866547134,0.07713117755827348,-0.06352459016393441,True,0.2887704567831071,0.2973770391745645,-0.06352459016393441,True,,,,False,20,False,True,True,False,True,False,5,1,STOP_BEFORE_TARGET,True,True,False,True,False,5,1,STOP_BEFORE_TARGET,2025-08-29,2025-09-03,2025-09-05,2025-09-12,
MU|2025-08-29T00:00:00|Long,MU,2025-08-29,Long,-0.004453396939613441,-0.003781233254005034,-0.03999665616997217,True,0.04369378081591635,0.045374350297864297,-0.03999665616997217,True,0.1046130943127388,0.11133511581184785,-0.03999665616997217,True,0.325686929169718,0.34728168607500587,-0.03999665616997217,True,,,,False,20,False,True,True,False,True,False,3,1,STOP_BEFORE_TARGET,True,True,False,True,False,4,1,STOP_BEFORE_TARGET,2025-09-02,2025-09-04,2025-09-08,2025-09-15,
MU|2025-09-02T00:00:00|Long,MU,2025-09-02,Long,0.002025640251262617,0.008102625398992869,-0.009959489126793009,True,0.10879466066034316,0.10913234249515313,-0.009959489126793009,True,0.14145848802636496,0.16475351190074106,-0.009959489126793009,True,0.34047942964482036,0.353308506034131,-0.009959489126793009,True,,,,False,20,False,True,,True,False,False,2,,TARGET_BEFORE_STOP,True,,True,False,False,2,,TARGET_BEFORE_STOP,2025-09-03,2025-09-05,2025-09-09,2025-09-16,
MU|2025-09-03T00:00:00|Long,MU,2025-09-03,Long,0.04624324298618809,0.04792791764572524,-0.0016846746595370332,True,0.10731136592123258,0.11404980750431148,-0.0016846746595370332,True,0.17924527089362874,0.19811324149783927,-0.0016846746595370332,True,0.3476246954861386,0.3526785266734478,-0.0016846746595370332,True,,,,False,20,False,True,,True,False,False,1,,TARGET_BEFORE_STOP,True,,True,False,False,2,,TARGET_BEFORE_STOP,2025-09-04,2025-09-08,2025-09-10,2025-09-17,
MU|2025-09-04T00:00:00|Long,MU,2025-09-04,Long,0.057644280536911285,0.05796638459630077,0.011673815218778083,True,0.088801275984151,0.11102166506054845,0.011673815218778083,True,0.21222130612704704,0.2580307194154856,0.011673815218778083,True,0.35971339372436373,0.37227274941305377,0.011673815218778083,True,,,,False,20,False,True,,True,False,False,1,,TARGET_BEFORE_STOP,True,,True,False,False,1,,TARGET_BEFORE_STOP,2025-09-05,2025-09-09,2025-09-11,2025-09-18,
MU|2025-09-05T00:00:00|Long,MU,2025-09-05,Long,0.0006851762200295042,0.006774753921963139,-0.022607911479739062,True,0.06569235901329051,0.08274347857195297,-0.022607911479739062,True,0.1968486075323621,0.20484132345521155,-0.022607911479739062,True,0.23871509306502703,0.2974804238684312,-0.022607911479739062,True,,,,False,20,False,True,True,False,True,False,2,1,STOP_BEFORE_TARGET,True,,True,False,False,2,,TARGET_BEFORE_STOP,2025-09-08,2025-09-10,2025-09-12,2025-09-19,
MU|2025-09-08T00:00:00|Long,MU,2025-09-08,Long,0.028753982855974858,0.04974891945934257,0.0007606179797647883,True,0.1453674093593038,0.18865043759618727,0.0007606179797647883,True,0.20013689498631693,0.21968650653489585,0.0007606179797647883,True,,,,False,,,,False,20,False,True,,True,False,False,1,,TARGET_BEFORE_STOP,True,,True,False,False,2,,TARGET_BEFORE_STOP,2025-09-09,2025-09-11,2025-09-15,,
MU|2025-09-09T00:00:00|Long,MU,2025-09-09,Long,0.0351966453230923,0.05175983226615455,0.022922143735665923,True,0.16259974372366104,0.17036374112908037,0.022922143735665923,True,0.17435670565871564,0.18559590228643752,0.022922143735665923,True,,,,False,,,,False,20,False,True,,True,False,False,1,,TARGET_BEFORE_STOP,True,,True,False,False,1,,TARGET_BEFORE_STOP,2025-09-10,2025-09-12,2025-09-16,,
MU|2025-09-10T00:00:00|Long,MU,2025-09-10,Long,0.07550005231584822,0.11614281790597092,0.054357147216796964,True,0.12692860194614952,0.1452856881277902,0.054357147216796964,True,0.14278575352260048,0.14707140241350447,0.054357147216796964,True,,,,False,,,,False,20,False,True,,True,False,False,1,,TARGET_BEFORE_STOP,True,,True,False,False,1,,TARGET_BEFORE_STOP,2025-09-11,2025-09-15,2025-09-17,,
MU|2025-09-11T00:00:00|Long,MU,2025-09-11,Long,0.044231839538796835,0.051205360164965574,0.017533368275421513,True,0.05479178852821254,0.06488668751031135,0.017533368275421513,True,0.12167092498030962,0.13203153786940014,0.017533368275421513,True,,,,False,,,,False,20,False,True,,True,False,False,1,,TARGET_BEFORE_STOP,True,,True,False,False,1,,TARGET_BEFORE_STOP,2025-09-12,2025-09-16,2025-09-18,,
MU|2025-09-12T00:00:00|Long,MU,2025-09-12,Long,0.003434513512660997,0.01977994463436117,-0.004324827922526975,True,0.01755396451455593,0.021369972026037853,-0.012529423610218138,True,0.034980602616887735,0.0840806562356704,-0.012529423610218138,True,,,,False,,,,False,20,False,True,,True,False,False,4,,TARGET_BEFORE_STOP,True,,True,False,False,4,,TARGET_BEFORE_STOP,2025-09-15,2025-09-17,2025-09-19,,
MU|2025-09-15T00:00:00|Long,MU,2025-09-15,Long,0.00665527681639988,0.011345586852121725,-0.0038030429566284774,True,0.07048231486375456,0.08037011049250875,-0.015909296429315822,True,,,,False,,,,False,,,,False,20,False,True,,True,False,False,3,,TARGET_BEFORE_STOP,True,,True,False,False,3,,TARGET_BEFORE_STOP,2025-09-16,2025-09-18,,,
MU|2025-09-16T00:00:00|Long,MU,2025-09-16,Long,0.007366818505157635,0.011144622415603989,-0.02241539260299441,True,0.02461899145577018,0.07322748449621796,-0.02241539260299441,True,,,,False,,,,False,,,,False,20,False,True,True,False,True,False,2,1,STOP_BEFORE_TARGET,True,,True,False,False,2,,TARGET_BEFORE_STOP,2025-09-17,2025-09-19,,,
MU|2025-09-17T00:00:00|Long,MU,2025-09-17,Long,0.055628436720471575,0.06537903053903604,0.016313522849795037,True,,,,False,,,,False,,,,False,,,,False,20,False,True,,True,False,False,1,,TARGET_BEFORE_STOP,True,,True,False,False,1,,TARGET_BEFORE_STOP,2025-09-18,,,,
MU|2025-09-18T00:00:00|Long,MU,2025-09-18,Long,-0.036473466068867366,-0.030730075553096148,-0.05630880775181546,True,,,,False,,,,False,,,,False,,,,False,20,False,,True,False,True,False,,1,STOP_BEFORE_TARGET,,True,False,True,False,,1,STOP_BEFORE_TARGET,2025-09-19,,,,
MU|2025-09-19T00:00:00|Long,MU,2025-09-19,Long,,,,False,,,,False,,,,False,,,,False,,,,False,20,False,,,,,,,,CENSORED,,,,,,,,CENSORED,,,,,
