observation_id,symbol,timestamp,direction,forward_return_1,mfe_1,mae_1,complete_1,forward_return_3,mfe_3,mae_3,complete_3,forward_return_5,mfe_5,mae_5,complete_5,forward_return_10,mfe_10,mae_10,complete_10,forward_return_20,mfe_20,mae_20,complete_20,path_horizon,path_complete,target_3_stop_2_target_hit,target_3_stop_2_stop_hit,target_3_stop_2_target_before_stop,target_3_stop_2_stop_before_target,target_3_stop_2_neither,target_3_stop_2_bars_to_target,target_3_stop_2_bars_to_stop,target_3_stop_2_path_status,target_5_stop_3_target_hit,target_5_stop_3_stop_hit,target_5_stop_3_target_before_stop,target_5_stop_3_stop_before_target,target_5_stop_3_neither,target_5_stop_3_bars_to_target,target_5_stop_3_bars_to_stop,target_5_stop_3_path_status,label_end_1,label_end_3,label_end_5,label_end_10,label_end_20
V|2021-09-23T00:00:00|Long,V,2021-09-23,Long,0.014366426413083833,0.015943232572258603,0.0013577923083030186,True,-0.012045026627860334,0.02198766732136903,-0.018877831039736392,True,-0.02435284314330921,0.02198766732136903,-0.024878422918486187,True,0.00981124574971437,0.02198766732136903,-0.032850072621437354,True,0.008453453441411352,0.024046277219003986,-0.04239846164991945,True,20,True,False,True,False,True,False,,5,STOP_BEFORE_TARGET,False,True,False,True,False,,7,STOP_BEFORE_TARGET,2021-09-24,2021-09-28,2021-09-30,2021-10-07,2021-10-21
V|2021-09-24T00:00:00|Long,V,2021-09-24,Long,-0.008592729676767163,0.007513301613535139,-0.01217665749825958,True,-0.021201276997067087,0.007513301613535139,-0.03277342051863408,True,-0.004879267852203717,0.007513301613535139,-0.038689026282488714,True,-0.005699693796375471,0.007513301613535139,-0.04654777386657416,True,-0.0015544739239354843,0.009542755511092071,-0.05596092948751319,True,20,True,False,True,False,True,False,,2,STOP_BEFORE_TARGET,False,True,False,True,False,,2,STOP_BEFORE_TARGET,2021-09-27,2021-09-29,2021-10-01,2021-10-08,2021-10-22
V|2021-09-27T00:00:00|Long,V,2021-09-27,Long,-0.017595855564134566,-0.0031794902740507336,-0.024390269837322398,True,-0.029834520563676636,-0.002526140312005043,-0.030357147366802284,True,-0.021210846021410434,0.0085365479223658,-0.03828400832428058,True,-0.01955577253399432,0.013632358627256647,-0.03828400832428058,True,0.01864110917038575,0.02290938313156854,-0.047778749691135824,True,20,True,False,True,False,True,False,,1,STOP_BEFORE_TARGET,False,True,False,True,False,,3,STOP_BEFORE_TARGET,2021-09-28,2021-09-30,2021-10-04,2021-10-11,2021-10-25
V|2021-09-28T00:00:00|Long,V,2021-09-28,Long,0.004965397806836469,0.015339629151079226,0.0023497020084830567,True,0.02172375070185284,0.026600461362575434,-0.012989859494124678,True,-0.005674759678805041,0.026600461362575434,-0.02105869857870557,True,-0.00669442508946505,0.03178754321046107,-0.02105869857870557,True,0.027753191316642223,0.05054091717797626,-0.030723500402508375,True,20,True,True,True,False,True,False,8,4,STOP_BEFORE_TARGET,True,True,False,True,False,20,11,STOP_BEFORE_TARGET,2021-09-29,2021-10-01,2021-10-05,2021-10-12,2021-10-26
V|2021-09-29T00:00:00|Long,V,2021-09-29,Long,-0.017337183707263892,0.009308278977093076,-0.01786654280848432,True,-0.008602421965979379,0.021528167639357276,-0.02589551485288477,True,-0.0007499478314720864,0.021528167639357276,-0.02589551485288477,True,-0.018616490639956407,0.02668962081894488,-0.035512564200946395,True,-0.0480853813687675,0.045350336907718836,-0.04861474046998793,True,20,True,True,True,False,True,False,14,3,STOP_BEFORE_TARGET,False,True,False,True,False,,10,STOP_BEFORE_TARGET,2021-09-30,2021-10-04,2021-10-06,2021-10-13,2021-10-27
V|2021-09-30T00:00:00|Long,V,2021-09-30,Long,0.0346128247536126,0.03955105525743541,0.0032323287124720324,True,0.006868681388538134,0.03955105525743541,-0.00870932633627941,True,0.035016848717206894,0.03955105525743541,-0.00870932633627941,True,0.010909058028198748,0.04480357228973775,-0.018496049908810375,True,-0.057957367731130804,0.06379352060097498,-0.06168352634417085,True,20,True,True,True,True,False,False,1,19,TARGET_BEFORE_STOP,True,True,True,False,False,17,19,TARGET_BEFORE_STOP,2021-10-01,2021-10-05,2021-10-07,2021-10-14,2021-10-28
V|2021-10-01T00:00:00|Long,V,2021-10-01,Long,-0.024863363791542192,-0.0005641103836897532,-0.04187281469298321,True,-0.017139686244717844,-0.0005641103836897532,-0.04187281469298321,True,-0.000824448649965337,0.009849817528167604,-0.04187281469298321,True,0.0022997429656197443,0.009849817528167604,-0.051332124821737435,True,-0.08109868045179414,0.02820445982226416,-0.09511417508092701,True,20,True,False,True,False,True,False,,1,STOP_BEFORE_TARGET,False,True,False,True,False,,1,STOP_BEFORE_TARGET,2021-10-04,2021-10-06,2021-10-08,2021-10-15,2021-10-29
V|2021-10-04T00:00:00|Long,V,2021-10-04,Long,-0.0020023893418650296,0.011791969054661955,-0.0036043143950208467,True,0.02589777704296714,0.028612148163638995,-0.015485230248293957,True,0.0016909397500866064,0.03559827416051364,-0.015485230248293957,True,0.02634271473098182,0.03573176225675012,-0.027143643308399912,True,-0.05459880410689777,0.054420910509675346,-0.0720420181960707,True,20,True,True,True,True,False,False,4,7,TARGET_BEFORE_STOP,True,True,True,False,False,16,17,TARGET_BEFORE_STOP,2021-10-05,2021-10-07,2021-10-11,2021-10-18,2021-11-01
V|2021-10-05T00:00:00|Long,V,2021-10-05,Long,0.00994290948669696,0.0104333705663755,-0.013509892972126125,True,0.02670771145784845,0.03767610573494529,-0.013509892972126125,True,-0.0010254847903998776,0.03767610573494529,-0.013509892972126125,True,0.04119852658933132,0.04173355030005288,-0.02519169755321904,True,-0.0675049022295875,0.056536507952490656,-0.07339036715117697,True,20,True,True,True,True,False,False,2,6,TARGET_BEFORE_STOP,True,True,True,False,False,15,16,TARGET_BEFORE_STOP,2021-10-06,2021-10-08,2021-10-12,2021-10-19,2021-11-02
V|2021-10-06T00:00:00|Long,V,2021-10-06,Long,0.017835895293352833,0.020528935888226796,0.008741384637967364,True,-0.0061807157760631615,0.027460162339615568,-0.007240295922566697,True,-0.017879951839593233,0.027460162339615568,-0.03478870608416185,True,0.021676763856710135,0.03218404804076691,-0.03478870608416185,True,-0.08127671559660343,0.04613488349502326,-0.08732505963969694,True,20,True,True,True,False,True,False,9,5,STOP_BEFORE_TARGET,False,True,False,True,False,,5,STOP_BEFORE_TARGET,2021-10-07,2021-10-11,2021-10-13,2021-10-20,2021-11-03
V|2021-10-07T00:00:00|Long,V,2021-10-07,Long,-0.0012144817852551837,0.009455617640099723,-0.0016049029324606279,True,-0.028193450071396287,0.009455617640099723,-0.03309479410893601,True,-0.023292172218150053,0.009455617640099723,-0.05170244203496843,True,-0.001344600106225835,0.014096725035698254,-0.05170244203496843,True,-0.09442638900149414,0.02780309510848422,-0.10331818264548553,True,20,True,False,True,False,True,False,,2,STOP_BEFORE_TARGET,False,True,False,True,False,,3,STOP_BEFORE_TARGET,2021-10-08,2021-10-12,2021-10-14,2021-10-21,2021-11-04
V|2021-10-08T00:00:00|Long,V,2021-10-08,Long,-0.022408492493029786,0.0002171496540150919,-0.023450771073439625,True,-0.03391669524334906,0.0002171496540150919,-0.0505493515163864,True,0.003126769476458513,0.003561002519717915,-0.0505493515163864,True,0.00416898179209757,0.015329824613717902,-0.0505493515163864,True,-0.059061127594472906,0.029052861064311708,-0.10222785472774287,True,20,True,False,True,False,True,False,,1,STOP_BEFORE_TARGET,False,True,False,True,False,,2,STOP_BEFORE_TARGET,2021-10-11,2021-10-13,2021-10-15,2021-10-22,2021-11-05
V|2021-10-11T00:00:00|Long,V,2021-10-11,Long,-0.0047087981685386415,0.004930925358011429,-0.009728587959079493,True,0.0003109238383010027,0.004930925358011429,-0.028785907822706847,True,0.024610160681941995,0.033983358694605226,-0.028785907822706847,True,0.038958750160732025,0.043312158382854404,-0.028785907822706847,True,-0.020523277973706566,0.05264095807110358,-0.08164899308328333,True,20,True,True,True,False,True,False,5,2,STOP_BEFORE_TARGET,True,True,True,False,False,11,12,TARGET_BEFORE_STOP,2021-10-12,2021-10-14,2021-10-18,2021-10-25,2021-11-08
V|2021-10-12T00:00:00|Long,V,2021-10-12,Long,-0.007096613774753346,0.008078542887480555,-0.024191020286186915,True,0.03097523921837686,0.03142152729409475,-0.024191020286186915,True,0.04226735591034769,0.04280292884296566,-0.024191020286186915,True,0.034679777579230686,0.05762108228638163,-0.024191020286186915,True,-0.04757868117344688,0.05762108228638163,-0.07730420481278755,True,20,True,True,True,False,True,False,3,1,STOP_BEFORE_TARGET,True,True,True,False,False,10,11,TARGET_BEFORE_STOP,2021-10-13,2021-10-15,2021-10-19,2021-10-26,2021-11-09
V|2021-10-13T00:00:00|Long,V,2021-10-13,Long,0.012226853725724185,0.01433959851812916,0.00269707285183296,True,0.036815548572518564,0.04630040223911713,0.00269707285183296,True,0.040276864086418174,0.050975438261477546,0.00269707285183296,True,-0.030027904940065353,0.06518025515772918,-0.030567305792200794,True,-0.031016852229751035,0.06518025515772918,-0.07070938825674133,True,20,True,True,True,True,False,False,2,10,TARGET_BEFORE_STOP,True,True,True,False,False,4,10,TARGET_BEFORE_STOP,2021-10-14,2021-10-18,2021-10-20,2021-10-27,2021-11-10
V|2021-10-14T00:00:00|Long,V,2021-10-14,Long,0.025801638717291242,0.026245687247262284,0.006883395959558225,True,0.037037089741306595,0.03756997508232485,0.006883395959558225,True,0.0224709698106631,0.0382805340454373,0.004973844979154762,True,-0.06812326510720457,0.05231376863506276,-0.07180921349538905,True,-0.06554753968789617,0.05231376863506276,-0.08193444155052831,True,20,True,True,True,True,False,False,2,9,TARGET_BEFORE_STOP,True,True,True,False,False,8,9,TARGET_BEFORE_STOP,2021-10-15,2021-10-19,2021-10-21,2021-10-28,2021-11-11
V|2021-10-15T00:00:00|Long,V,2021-10-15,Long,-0.0014719753608116726,0.00766262163548137,-0.012338222588595849,True,0.0018615206959418096,0.0121650179305135,-0.012338222588595849,True,0.0010389637156058562,0.0121650179305135,-0.020303919346610244,True,-0.08320706854683335,0.02584527935724812,-0.09719040509610122,True,-0.08182176157328491,0.02584527935724812,-0.10502623138966483,True,20,True,False,True,False,True,False,,4,STOP_BEFORE_TARGET,False,True,False,True,False,,8,STOP_BEFORE_TARGET,2021-10-18,2021-10-20,2021-10-22,2021-10-29,2021-11-12
V|2021-10-18T00:00:00|Long,V,2021-10-18,Long,0.012443140914474071,0.012963388563998812,0.00013006191238118525,True,-0.0017775348544093461,0.013657096200432317,-0.018859705006880834,True,0.014003950018649292,0.018252793519503152,-0.018859705006880834,True,-0.07886402629076528,0.027357524319791438,-0.0958595326053836,True,-0.07955773392719889,0.027357524319791438,-0.10370691004518562,True,20,True,False,True,False,True,False,,7,STOP_BEFORE_TARGET,False,True,False,True,False,,7,STOP_BEFORE_TARGET,2021-10-19,2021-10-21,2021-10-25,2021-11-01,2021-11-15
V|2021-10-19T00:00:00|Long,V,2021-10-19,Long,-0.008992831727878126,0.001199035518045788,-0.009463886063005744,True,-0.009806476974238088,0.001199035518045788,-0.030918127306468923,True,-0.007279877171716298,0.014731082470316403,-0.030918127306468923,True,-0.10440221153116702,0.014731082470316403,-0.1100547982101634,True,-0.07853721848720663,0.014731082470316403,-0.11472254220098621,True,20,True,False,True,False,True,False,,2,STOP_BEFORE_TARGET,False,True,False,True,False,,2,STOP_BEFORE_TARGET,2021-10-20,2021-10-22,2021-10-26,2021-11-02,2021-11-16
V|2021-10-20T00:00:00|Long,V,2021-10-20,Long,-0.005098922673570372,-0.0025494613367852414,-0.022124255283459626,True,0.010630052429916992,0.01486475874437998,-0.022124255283459626,True,-0.06758274787570717,0.02393919535371114,-0.06810126450407517,True,-0.10076913080089656,0.02393919535371114,-0.10668914802851925,True,-0.11390545682706199,0.02393919535371114,-0.13810384455947544,True,20,True,False,True,False,True,False,,1,STOP_BEFORE_TARGET,False,True,False,True,False,,5,STOP_BEFORE_TARGET,2021-10-21,2021-10-25,2021-10-27,2021-11-03,2021-11-17
V|2021-10-21T00:00:00|Long,V,2021-10-21,Long,0.004299818497026653,0.01120570608712601,-0.006645234289408886,True,0.006862412236615434,0.029186939977303927,-0.006645234289408886,True,-0.08860323431446027,0.029186939977303927,-0.09220817616319266,True,-0.09320711519225677,0.029186939977303927,-0.10211088084048459,True,-0.11687805342285895,0.029186939977303927,-0.1336865794168457,True,20,True,False,True,False,True,False,,4,STOP_BEFORE_TARGET,False,True,False,True,False,,4,STOP_BEFORE_TARGET,2021-10-22,2021-10-26,2021-10-28,2021-11-04,2021-11-18
V|2021-10-22T00:00:00|Long,V,2021-10-22,Long,0.011460490439120896,0.01569867642556977,0.004584169779783931,True,-0.0668165775795243,0.0247805695290495,-0.06733552027469647,True,-0.08415859453635965,0.0247805695290495,-0.09812741798491464,True,-0.06296759861445467,0.0247805695290495,-0.10595511158884696,True,-0.13134107026915665,0.0247805695290495,-0.13739562167836916,True,20,True,False,True,False,True,False,,3,STOP_BEFORE_TARGET,False,True,False,True,False,,3,STOP_BEFORE_TARGET,2021-10-25,2021-10-27,2021-10-29,2021-11-05,2021-11-19
V|2021-10-25T00:00:00|Long,V,2021-10-25,Long,-0.008807925070917988,0.01316915412498787,-0.010903040014196619,True,-0.10278778879351969,0.01316915412498787,-0.10633662500750285,True,-0.09158541868373049,0.01316915412498787,-0.10834620774604697,True,-0.05725157820292337,0.01316915412498787,-0.11608520860463112,True,-0.16375920237793884,0.01316915412498787,-0.16794936702253982,True,20,True,False,True,False,True,False,,2,STOP_BEFORE_TARGET,False,True,False,True,False,,2,STOP_BEFORE_TARGET,2021-10-26,2021-10-28,2021-11-01,2021-11-08,2021-11-22
V|2021-10-26T00:00:00|Long,V,2021-10-26,Long,-0.06919164885750628,-0.030497830648114732,-0.06970927077708322,True,-0.08648952816102828,-0.030497830648114732,-0.10042279916559138,True,-0.09783455792428875,-0.030497830648114732,-0.10352859650476198,True,-0.07950136895990378,-0.030497830648114732,-0.10823057028718541,True,-0.1437753462945932,-0.030497830648114732,-0.16150462107890207,True,20,True,False,True,False,True,False,,1,STOP_BEFORE_TARGET,False,True,False,True,False,,1,STOP_BEFORE_TARGET,2021-10-27,2021-10-29,2021-11-02,2021-11-09,2021-11-23
V|2021-10-27T00:00:00|Long,V,2021-10-27,Long,-0.02752804928635566,0.019510643885827683,-0.031374568128464064,True,-0.01538600465386708,0.019510643885827683,-0.03355271820429129,True,-0.03559177272790914,0.019510643885827683,-0.041940880076722475,True,-0.0010195626190921958,0.027018267976809618,-0.041940880076722475,True,-0.058068397674395866,0.027018267976809618,-0.0991750580106946,True,20,True,False,True,False,True,False,,1,STOP_BEFORE_TARGET,False,True,False,True,False,,1,STOP_BEFORE_TARGET,2021-10-28,2021-11-01,2021-11-03,2021-11-10,2021-11-24
V|2021-10-28T00:00:00|Long,V,2021-10-28,Long,0.009197521770170747,0.018252010569460353,-0.006195210991447597,True,-0.003335860467301166,0.025781565747828195,-0.009626329817596924,True,-0.005051456238528096,0.025781565747828195,-0.014820819027006382,True,0.0027640194489937375,0.0560903758953013,-0.014820819027006382,True,-0.058091892175682,0.0560903758953013,-0.08239608076570848,True,20,True,True,True,True,False,False,6,14,TARGET_BEFORE_STOP,True,True,True,False,False,7,14,TARGET_BEFORE_STOP,2021-10-29,2021-11-02,2021-11-04,2021-11-11,2021-11-26
V|2021-10-29T00:00:00|Long,V,2021-10-29,Long,0.0032582633398756666,0.016432902003731042,-0.0015111078895150287,True,-0.01733011330643186,0.016432902003731042,-0.023799444884731957,True,0.023138281142876638,0.02767153275783163,-0.023799444884731957,True,0.0015110358359249343,0.04646548679873752,-0.023799444884731957,True,-0.07309822294951518,0.04646548679873752,-0.09075884607328466,True,20,True,True,True,False,True,False,6,3,STOP_BEFORE_TARGET,False,True,False,True,False,,13,STOP_BEFORE_TARGET,2021-11-01,2021-11-03,2021-11-05,2021-11-12,2021-11-29
V|2021-11-01T00:00:00|Long,V,2021-11-01,Long,-0.01562650484469774,0.0041890208110886284,-0.021839401501560718,True,-0.01732094426376629,0.0041890208110886284,-0.02696983340514092,True,0.03779534277296426,0.04306690015691861,-0.02696983340514092,True,-0.0007531001461600351,0.04306690015691861,-0.02696983340514092,True,-0.08796950885244592,0.04306690015691861,-0.09371177178264611,True,20,True,True,True,False,True,False,5,1,STOP_BEFORE_TARGET,False,True,False,True,False,,12,STOP_BEFORE_TARGET,2021-11-02,2021-11-04,2021-11-08,2021-11-15,2021-11-30
V|2021-11-02T00:00:00|Long,V,2021-11-02,Long,-0.00497271344156025,0.004829274695340446,-0.011523399010914703,True,0.036004584494942815,0.04059484325304186,-0.011523399010914703,True,0.02032131592427633,0.05962513750165166,-0.011523399010914703,True,0.028880143940708924,0.05962513750165166,-0.011523399010914703,True,-0.09075258574605549,0.05962513750165166,-0.09103946323849521,True,20,True,True,True,True,False,False,3,11,TARGET_BEFORE_STOP,True,True,True,False,False,4,11,TARGET_BEFORE_STOP,2021-11-03,2021-11-05,2021-11-09,2021-11-16,2021-12-01
V|2021-11-03T00:00:00|Long,V,2021-11-03,Long,0.0032676244874447757,0.020470900441573736,-0.0011052906274962027,True,0.059538678646098964,0.06492068289568254,-0.0011052906274962027,True,0.03584810781489023,0.06492068289568254,-0.0011052906274962027,True,-0.014608401997882048,0.06492068289568254,-0.041518496570108865,True,-0.04714085790320932,0.06492068289568254,-0.08649687396475236,True,20,True,True,True,True,False,False,2,10,TARGET_BEFORE_STOP,True,True,True,False,False,3,10,TARGET_BEFORE_STOP,2021-11-04,2021-11-08,2021-11-10,2021-11-17,2021-12-02
V|2021-11-04T00:00:00|Long,V,2021-11-04,Long,0.03779097344467863,0.04238914721362286,0.012357514350701981,True,0.02208066211948223,0.06145225551331368,0.012357514350701981,True,0.00785515566259809,0.06145225551331368,0.006609851953641055,True,-0.026104018488875558,0.06145225551331368,-0.044640253472182145,True,-0.05968000540247964,0.06145225551331368,-0.0894721371060454,True,20,True,True,True,True,False,False,1,9,TARGET_BEFORE_STOP,True,True,True,False,False,2,9,TARGET_BEFORE_STOP,2021-11-05,2021-11-09,2021-11-11,2021-11-18,2021-12-03
V|2021-11-05T00:00:00|Long,V,2021-11-05,Long,0.01763053194489883,0.022799660696698476,0.006830644482606507,True,-0.005123000967979241,0.022799660696698476,-0.017307426185862562,True,-0.021138144965891836,0.022799660696698476,-0.030045666505982394,True,-0.07296809753174105,0.022799660696698476,-0.07942950847149077,True,-0.06456826331006638,0.022799660696698476,-0.12262884704836763,True,20,True,False,True,False,True,False,,4,STOP_BEFORE_TARGET,False,True,False,True,False,,4,STOP_BEFORE_TARGET,2021-11-08,2021-11-10,2021-11-12,2021-11-19,2021-12-06
V|2021-11-08T00:00:00|Long,V,2021-11-08,Long,-0.03220103372774308,-0.0003628365416189494,-0.03433265515725814,True,-0.04567103756787272,-0.0003628365416189494,-0.04685020442513865,True,-0.03714455184981236,-0.0003628365416189494,-0.04685020442513865,True,-0.11297565894832218,-0.0003628365416189494,-0.11742028547616468,True,-0.05950387794962131,-0.0003628365416189494,-0.13782937381527083,True,20,True,False,True,False,True,False,,1,STOP_BEFORE_TARGET,False,True,False,True,False,,1,STOP_BEFORE_TARGET,2021-11-09,2021-11-11,2021-11-15,2021-11-22,2021-12-07
V|2021-11-09T00:00:00|Long,V,2021-11-09,Long,0.0101691652615028,0.01668305716657903,-0.0002811638725589427,True,-0.0060921460962376495,0.01668305716657903,-0.015136584360924576,True,0.008388365393189323,0.01668305716657903,-0.015136584360924576,True,-0.06982517427762447,0.01668305716657903,-0.089085686120294,True,-0.02061949439556454,0.01668305716657903,-0.10914285277074054,True,20,True,False,True,False,True,False,,6,STOP_BEFORE_TARGET,False,True,False,True,False,,6,STOP_BEFORE_TARGET,2021-11-10,2021-11-12,2021-11-16,2021-11-23,2021-12-08
V|2021-11-10T00:00:00|Long,V,2021-11-10,Long,-0.02384486661654961,0.005659682847099168,-0.025051001844702436,True,-0.015123374205595841,0.005659682847099168,-0.025051001844702436,True,-0.048710336421050826,0.005659682847099168,-0.07468914004023519,True,-0.05710705927823012,0.005659682847099168,-0.09825567320311401,True,-0.019344953684237387,0.005659682847099168,-0.1181109284813272,True,20,True,False,True,False,True,False,,1,STOP_BEFORE_TARGET,False,True,False,True,False,,5,STOP_BEFORE_TARGET,2021-11-11,2021-11-15,2021-11-17,2021-11-24,2021-12-09
V|2021-11-11T00:00:00|Long,V,2021-11-11,Long,0.007936499303666356,0.01501760141434949,0.0047998978976562245,True,0.022621397910165264,0.02841933171550437,0.0047998978976562245,True,-0.03369449861984175,0.02841933171550437,-0.05208626342767286,True,-0.060688168347040605,0.02841933171550437,-0.0849253648545314,True,0.014162131705497183,0.02841933171550437,-0.09656873035953006,True,20,True,False,True,False,True,False,,4,STOP_BEFORE_TARGET,False,True,False,True,False,,4,STOP_BEFORE_TARGET,2021-11-12,2021-11-16,2021-11-18,2021-11-26,2021-12-10
V|2021-11-12T00:00:00|Long,V,2021-11-12,Long,0.0009901773657094992,0.020321550440914216,-0.0013201885243602218,True,-0.0331463006303091,0.020321550440914216,-0.05955014306239137,True,-0.05294920044059048,0.020321550440914216,-0.05955014306239137,True,-0.07449669161475247,0.020321550440914216,-0.09213066916651136,True,-0.005044990729902388,0.020321550440914216,-0.1036823547271023,True,20,True,False,True,False,True,False,,3,STOP_BEFORE_TARGET,False,True,False,True,False,,3,STOP_BEFORE_TARGET,2021-11-15,2021-11-17,2021-11-19,2021-11-29,2021-12-13
V|2021-11-15T00:00:00|Long,V,2021-11-15,Long,0.013565659833369326,0.01577951387928067,-0.0030145990600499717,True,-0.04225153599510911,0.01577951387928067,-0.06048043407121517,True,-0.07875648130173063,0.01577951387928067,-0.08337257039005797,True,-0.08728214089935427,0.01577951387928067,-0.09302873158784197,True,-0.010927966513750609,0.01577951387928067,-0.10456899024551558,True,20,True,False,True,False,True,False,,2,STOP_BEFORE_TARGET,False,True,False,True,False,,2,STOP_BEFORE_TARGET,2021-11-16,2021-11-18,2021-11-22,2021-11-30,2021-12-14
V|2021-11-16T00:00:00|Long,V,2021-11-16,Long,-0.04703037206826022,-0.03657400959691215,-0.07305505389434552,True,-0.06654890116576073,-0.03397154850547823,-0.07305505389434552,True,-0.07756291361048862,-0.03397154850547823,-0.09666320522795435,True,-0.11627469962493364,-0.03397154850547823,-0.1165535246116235,True,-0.013337648549471837,-0.004321929117185652,-0.1165535246116235,True,20,True,False,True,False,True,False,,1,STOP_BEFORE_TARGET,False,True,False,True,False,,1,STOP_BEFORE_TARGET,2021-11-17,2021-11-19,2021-11-23,2021-12-01,2021-12-15
V|2021-11-17T00:00:00|Long,V,2021-11-17,Long,-0.008436534419857922,0.013703294606695948,-0.018482362875527958,True,-0.04623035131379172,0.013703294606695948,-0.05100941958262384,True,-0.008826673071994806,0.013703294606695948,-0.05208228227316525,True,-0.033014748625101675,0.013703294606695948,-0.07295421648877887,True,0.04540133458225326,0.05466696014498895,-0.07295421648877887,True,20,True,True,True,False,True,False,15,2,STOP_BEFORE_TARGET,True,True,False,True,False,20,3,STOP_BEFORE_TARGET,2021-11-18,2021-11-22,2021-11-24,2021-12-02,2021-12-16
V|2021-11-18T00:00:00|Long,V,2021-11-18,Long,-0.012147746021049177,0.0008360702671244002,-0.017115013506125654,True,-0.02380365068757606,0.0008360702671244002,-0.04401709962939293,True,-0.027934922949982455,0.0030492062735663072,-0.05301725609708052,True,-0.034475947689512565,0.0030492062735663072,-0.06506661883833431,True,0.04204988430021239,0.06364039898134655,-0.06506661883833431,True,20,True,True,True,False,True,False,13,2,STOP_BEFORE_TARGET,True,True,False,True,False,15,2,STOP_BEFORE_TARGET,2021-11-19,2021-11-23,2021-11-26,2021-12-03,2021-12-17
V|2021-11-19T00:00:00|Long,V,2021-11-19,Long,-0.0262869598887413,0.004181999080643983,-0.031165958816159245,True,0.011898831934610943,0.015383831168480855,-0.03226125514213063,True,-0.0227522020827039,0.015383831168480855,-0.04137208768964573,True,0.009060998008061816,0.016728072289861284,-0.05356962299183332,True,0.03923132957715625,0.07672012155373453,-0.05356962299183332,True,20,True,True,True,False,True,False,11,1,STOP_BEFORE_TARGET,True,True,False,True,False,13,1,STOP_BEFORE_TARGET,2021-11-22,2021-11-24,2021-11-29,2021-12-06,2021-12-20
V|2021-11-22T00:00:00|Long,V,2021-11-22,Long,0.014878840550492933,0.017077391893961513,-0.006135581025706105,True,0.010583863616167477,0.04279576152380682,-0.015492375247619816,True,-0.009254512433010675,0.04279576152380682,-0.015492375247619816,True,0.060282202555234754,0.06319664840287875,-0.02801920276221681,True,0.10123735998766059,0.10578792436702522,-0.02801920276221681,True,20,True,True,True,True,False,False,2,6,TARGET_BEFORE_STOP,True,False,True,False,False,10,,TARGET_BEFORE_STOP,2021-11-23,2021-11-26,2021-11-30,2021-12-07,2021-12-21
V|2021-11-23T00:00:00|Long,V,2021-11-23,Long,0.023981028641766322,0.027507639195799127,-0.004282362234832471,True,-0.011083742990309009,0.027507639195799127,-0.029925952325145277,True,-0.041966857778849564,0.027507639195799127,-0.04226912770143176,True,0.05289938893352297,0.05536797788417358,-0.04226912770143176,True,0.09809058734382314,0.1030278421194688,-0.04226912770143176,True,20,True,True,True,False,True,False,9,2,STOP_BEFORE_TARGET,True,True,False,True,False,10,5,STOP_BEFORE_TARGET,2021-11-24,2021-11-29,2021-12-01,2021-12-08,2021-12-22
V|2021-11-24T00:00:00|Long,V,2021-11-24,Long,-0.02755230555235244,-0.01997538774215868,-0.05264451143046589,True,-0.04664204539994621,-0.009840098400983988,-0.05264451143046589,True,-0.024403477066997192,-0.009840098400983988,-0.06469861695687273,True,0.04004919748904512,0.044034425329604776,-0.06469861695687273,True,0.06578103378690048,0.07719558396755843,-0.06469861695687273,True,20,True,True,True,False,True,False,9,1,STOP_BEFORE_TARGET,True,True,False,True,False,11,1,STOP_BEFORE_TARGET,2021-11-26,2021-11-30,2021-12-02,2021-12-09,2021-12-23
V|2021-11-26T00:00:00|Long,V,2021-11-26,Long,-0.006880853287877353,0.018214046115281324,-0.011586103500373257,True,-0.03789522117717725,0.018214046115281324,-0.0381987757455885,True,-0.006728998802611574,0.018214046115281324,-0.0381987757455885,True,0.07968631665250037,0.08398687890782108,-0.0381987757455885,True,0.1010878401382207,0.10771570555206855,-0.0381987757455885,True,20,True,True,True,False,True,False,6,2,STOP_BEFORE_TARGET,True,True,False,True,False,7,3,STOP_BEFORE_TARGET,2021-11-29,2021-12-01,2021-12-03,2021-12-10,2021-12-27
V|2021-11-29T00:00:00|Long,V,2021-11-29,Long,-0.012838092107927634,0.0069795222519544176,-0.019002475190377233,True,0.010189006410961543,0.016047731738834337,-0.03153490954372806,True,0.03255387237358409,0.04039945084215635,-0.03153490954372806,True,0.0750420881866154,0.09149731177425235,-0.03153490954372806,True,0.11085643950226909,0.11941516757422099,-0.03153490954372806,True,20,True,True,True,False,True,False,5,2,STOP_BEFORE_TARGET,True,True,False,True,False,6,2,STOP_BEFORE_TARGET,2021-11-30,2021-12-02,2021-12-06,2021-12-13,2021-12-28
V|2021-11-30T00:00:00|Long,V,2021-11-30,Long,-0.018630337672261854,0.015688668107052717,-0.018939970521881788,True,0.013159947337216593,0.029261485492732442,-0.018939970521881788,True,0.07018625455363847,0.07312792411884761,-0.018939970521881788,True,0.083655834740475,0.10569229125237589,-0.018939970521881788,True,0.12592245114561407,0.13397322022337188,-0.018939970521881788,True,20,True,True,False,True,False,False,4,,TARGET_BEFORE_STOP,True,False,True,False,False,4,,TARGET_BEFORE_STOP,2021-12-01,2021-12-03,2021-12-07,2021-12-14,2021-12-29
V|2021-12-01T00:00:00|Long,V,2021-12-01,Long,0.04275341537366306,0.048801002316902986,0.008887265507257602,True,0.06583923418469384,0.07393772238023621,0.008887265507257602,True,0.09902188403673606,0.10159861008290116,0.008887265507257602,True,0.11648082388472258,0.1266827717394008,0.008887265507257602,True,0.1457193464526605,0.15550058632714303,0.008887265507257602,True,20,True,True,False,True,False,False,1,,TARGET_BEFORE_STOP,True,False,True,False,False,3,,TARGET_BEFORE_STOP,2021-12-02,2021-12-06,2021-12-08,2021-12-15,2021-12-30
V|2021-12-02T00:00:00|Long,V,2021-12-02,Long,-0.009934873309876857,0.000907801405341413,-0.021433255050179123,True,0.04579152825907973,0.0486661429321269,-0.021433255050179123,True,0.0660648875236598,0.07014980146798044,-0.021433255050179123,True,0.08109336010643364,0.09067533206470446,-0.021433255050179123,True,0.09289431666455439,0.10812448014191167,-0.021433255050179123,True,20,True,True,True,False,True,False,3,1,STOP_BEFORE_TARGET,True,False,True,False,False,4,,TARGET_BEFORE_STOP,2021-12-03,2021-12-07,2021-12-09,2021-12-16,2021-12-31
V|2021-12-03T00:00:00|Long,V,2021-12-03,Long,0.03239601219583843,0.040240391206983306,0.00723307923781924,True,0.06453747807792731,0.06703335326178372,0.00723307923781924,True,0.08700074335296026,0.09133044013272773,0.00723307923781924,True,0.07925833831544593,0.10161978506497893,0.00723307923781924,True,0.12790334359601885,0.1311124148027658,0.00723307923781924,True,20,True,True,False,True,False,False,1,,TARGET_BEFORE_STOP,True,False,True,False,False,2,,TARGET_BEFORE_STOP,2021-12-06,2021-12-08,2021-12-10,2021-12-17,2022-01-03
V|2021-12-06T00:00:00|Long,V,2021-12-06,Long,0.0231399378867585,0.025952289104525628,0.01583780752845243,True,0.04297418111614126,0.046970616817071376,0.014949744166080192,True,0.0411486673478465,0.05708509839314435,0.014949744166080192,True,0.02989941304703292,0.06705156940882206,0.014949744166080192,True,0.0975923364558593,0.11895599704761839,0.014949744166080192,True,20,True,True,False,True,False,False,2,,TARGET_BEFORE_STOP,True,False,True,False,False,4,,TARGET_BEFORE_STOP,2021-12-07,2021-12-09,2021-12-13,2021-12-20,2022-01-04
V|2021-12-07T00:00:00|Long,V,2021-12-07,Long,0.007812173477947271,0.010175052611440583,-0.008004959456078597,True,0.029078453591558695,0.03317743668231521,-0.008004959456078597,True,0.012586201821901177,0.03317743668231521,-0.008004959456078597,True,0.0386266574443348,0.04291850009565712,-0.008004959456078597,True,0.060905652602610605,0.09364902650439277,-0.008004959456078597,True,20,True,True,False,True,False,False,3,,TARGET_BEFORE_STOP,True,False,True,False,False,11,,TARGET_BEFORE_STOP,2021-12-08,2021-12-10,2021-12-14,2021-12-21,2022-01-05
V|2021-12-08T00:00:00|Long,V,2021-12-08,Long,0.011483773546112852,0.015359545292624732,-0.008708585465242669,True,0.009713377319200411,0.02516864141145736,-0.008708585465242669,True,0.015885889172524426,0.02516864141145736,-0.008708585465242669,True,0.04292071862257796,0.047609917635834664,-0.010191898305309977,True,0.051485689382346544,0.08517147865978192,-0.010191898305309977,True,20,True,True,False,True,False,False,6,,TARGET_BEFORE_STOP,True,False,True,False,False,13,,TARGET_BEFORE_STOP,2021-12-09,2021-12-13,2021-12-15,2021-12-22,2022-01-06
V|2021-12-09T00:00:00|Long,V,2021-12-09,Long,0.00950846545550621,0.013529498172142995,-0.0025072083865232964,True,-0.006670153111218657,0.013529498172142995,-0.013907954254671395,True,0.014097146204377076,0.02308531575241335,-0.016698986657311732,True,0.024740979907468486,0.03571598975144097,-0.021429579414241173,True,0.026349436303993334,0.07285109958346725,-0.021429579414241173,True,20,True,True,True,False,True,False,9,7,STOP_BEFORE_TARGET,True,False,True,False,False,16,,TARGET_BEFORE_STOP,2021-12-10,2021-12-14,2021-12-16,2021-12-23,2022-01-07
V|2021-12-10T00:00:00|Long,V,2021-12-10,Long,-0.011152716457798584,-0.000374819936988513,-0.016026233677421176,True,-0.00510776180443262,-0.00014057535217848471,-0.02596060658192967,True,-0.00712272285447757,0.013448971218662509,-0.026288663405833357,True,0.01982198269593205,0.02596067808516067,-0.030646642329826945,True,-0.006700996797942338,0.06274601580421613,-0.03233361805919921,True,20,True,True,True,False,True,False,15,2,STOP_BEFORE_TARGET,True,True,False,True,False,16,6,STOP_BEFORE_TARGET,2021-12-13,2021-12-15,2021-12-17,2021-12-27,2022-01-10
V|2021-12-13T00:00:00|Long,V,2021-12-13,Long,-0.004928483195266398,0.011136341565477048,-0.012178974846860702,True,0.015875228778789996,0.02487915786989281,-0.014974900948392045,True,-0.01080465706157896,0.02487915786989281,-0.019713788161704993,True,0.033314371324815406,0.041275667134534455,-0.019713788161704993,True,0.015922663929118563,0.07473219929097463,-0.021419790450884824,True,20,True,True,True,True,False,False,7,19,TARGET_BEFORE_STOP,True,False,True,False,False,14,,TARGET_BEFORE_STOP,2021-12-14,2021-12-16,2021-12-20,2021-12-28,2022-01-11
V|2021-12-14T00:00:00|Long,V,2021-12-14,Long,0.011096303831142018,0.01195356613342291,-0.010096176589784789,True,0.009048524592498941,0.029955275135272963,-0.010429576559511378,True,0.02571677905108749,0.029955275135272963,-0.014858535006524454,True,0.039003727059949256,0.046432994563211594,-0.014858535006524454,True,0.0272883660487504,0.08005523335854181,-0.0165729869432637,True,20,True,True,False,True,False,False,6,,TARGET_BEFORE_STOP,True,False,True,False,False,13,,TARGET_BEFORE_STOP,2021-12-15,2021-12-17,2021-12-21,2021-12-29,2022-01-12
V|2021-12-15T00:00:00|Long,V,2021-12-15,Long,0.00970278169790495,0.01865200301165415,-0.0032970512754539882,True,-0.01681499743997894,0.01865200301165415,-0.02566999675433601,True,0.0266120730076036,0.031227944793239093,-0.02566999675433601,True,0.026188109945502136,0.034948887260467076,-0.02566999675433601,True,0.012670163780977184,0.06820213788351093,-0.027365633391759125,True,20,True,True,True,False,True,False,5,2,STOP_BEFORE_TARGET,True,False,True,False,False,13,,TARGET_BEFORE_STOP,2021-12-16,2021-12-20,2021-12-22,2021-12-30,2022-01-13
V|2021-12-16T00:00:00|Long,V,2021-12-16,Long,-0.01161538597327405,-0.005411150952754351,-0.030694602700614304,True,0.004711525813455797,0.008350089031551988,-0.03503286223769575,True,0.010495871862897577,0.021318316127779458,-0.03503286223769575,True,0.010915760833975385,0.025003502040579217,-0.03503286223769575,True,0.0013994638176570984,0.057937204141632836,-0.03671220458294677,True,20,True,True,True,False,True,False,11,1,STOP_BEFORE_TARGET,True,True,False,True,False,12,1,STOP_BEFORE_TARGET,2021-12-17,2021-12-21,2021-12-23,2021-12-31,2022-01-14
V|2021-12-17T00:00:00|Long,V,2021-12-17,Long,-0.014819706047227599,-0.009958469707977313,-0.023692675839031785,True,0.028695495992731468,0.033320735302505344,-0.023692675839031785,True,0.0271380020176053,0.033320735302505344,-0.023692675839031785,True,0.045072623998902994,0.04804602813470593,-0.023692675839031785,True,0.018076277811929442,0.07036996441248333,-0.02539175362860735,True,20,True,True,True,False,True,False,3,1,STOP_BEFORE_TARGET,True,False,True,False,False,11,,TARGET_BEFORE_STOP,2021-12-20,2021-12-22,2021-12-27,2022-01-03,2022-01-18
V|2021-12-20T00:00:00|Long,V,2021-12-20,Long,0.03180990330033251,0.03554660330402415,0.0077608272231293185,True,0.037750260691075344,0.04886460036323137,0.0077608272231293185,True,0.044600926097506655,0.052649180536382234,0.0077608272231293185,True,0.06572770364879776,0.0864711474464337,0.0077608272231293185,True,0.0284563908513058,0.0864711474464337,-0.01073107901799597,True,20,True,True,False,True,False,False,1,,TARGET_BEFORE_STOP,True,False,True,False,False,5,,TARGET_BEFORE_STOP,2021-12-21,2021-12-23,2021-12-28,2022-01-04,2022-01-19
V|2021-12-21T00:00:00|Long,V,2021-12-21,Long,0.011978836347684485,0.016528913909769516,-0.007103717822503297,True,0.010446652191433481,0.016528913909769516,-0.007103717822503297,True,0.012953817545183988,0.020196818395901595,-0.007103717822503297,True,0.02145043649572398,0.05297608015901223,-0.007103717822503297,True,-0.004782239557740264,0.05297608015901223,-0.04122947665287724,True,20,True,True,True,True,False,False,8,13,TARGET_BEFORE_STOP,True,True,True,False,False,9,13,TARGET_BEFORE_STOP,2021-12-22,2021-12-27,2021-12-29,2022-01-05,2022-01-20
V|2021-12-22T00:00:00|Long,V,2021-12-22,Long,-0.006147970065163433,0.0025692674864379317,-0.006147970065163433,True,0.00041290298733009934,0.008120705446644116,-0.014131041182697479,True,-0.0004129729946185101,0.008120705446644116,-0.014131041182697479,True,0.008212485001813485,0.04051195769991622,-0.014131041182697479,True,-0.05519367621363058,0.04051195769991622,-0.05569828874884164,True,20,True,True,True,True,False,False,8,12,TARGET_BEFORE_STOP,False,True,False,True,False,,12,STOP_BEFORE_TARGET,2021-12-23,2021-12-28,2021-12-30,2022-01-06,2022-01-21
V|2021-12-23T00:00:00|Long,V,2021-12-23,Long,0.004662587888429215,0.006924568524657726,-0.00803245440677669,True,0.007155401563550434,0.014356941558737901,-0.00803245440677669,True,0.0004155276461481616,0.014356941558737901,-0.00803245440677669,True,0.0015696224002579307,0.0469485661443374,-0.00803245440677669,True,-0.06818386735574233,0.0469485661443374,-0.09680547360994418,True,20,True,True,True,True,False,False,7,11,TARGET_BEFORE_STOP,False,True,False,True,False,,11,STOP_BEFORE_TARGET,2021-12-27,2021-12-29,2021-12-31,2022-01-07,2022-01-24
V|2021-12-27T00:00:00|Long,V,2021-12-27,Long,0.0019298725337595357,0.009649362668798123,-0.009419671027722898,True,0.001102744240180531,0.009649362668798123,-0.009419671027722898,True,0.017460771528332808,0.02035561538569408,-0.009833200117790541,True,-0.026007460070393895,0.04208973118505743,-0.051141867541682484,True,-0.0718191634063915,0.04208973118505743,-0.1009971533941918,True,20,True,True,True,True,False,False,6,10,TARGET_BEFORE_STOP,False,True,False,True,False,,10,STOP_BEFORE_TARGET,2021-12-28,2021-12-30,2022-01-03,2022-01-10,2022-01-25
V|2021-12-28T00:00:00|Long,V,2021-12-28,Long,0.0005503100917592096,0.004081629796800268,-0.0033020005073433056,True,-0.006145362619291328,0.005044672457378718,-0.011740415146823446,True,0.02022473561287952,0.04008250452672746,-0.011740415146823446,True,-0.016830993430778207,0.04008250452672746,-0.052969515662039335,True,-0.05585878360056329,0.04008250452672746,-0.10272877249149326,True,20,True,True,True,True,False,False,5,9,TARGET_BEFORE_STOP,False,True,False,True,False,,9,STOP_BEFORE_TARGET,2021-12-29,2021-12-31,2022-01-04,2022-01-11,2022-01-26
V|2021-12-29T00:00:00|Long,V,2021-12-29,Long,-0.0013750884827229415,0.00449189043298337,-0.004675272865295899,True,0.014942450997829093,0.01783012981755694,-0.012283965248539475,True,0.008387962810714189,0.03951045143481369,-0.012283965248539475,True,-0.01127557169053639,0.03951045143481369,-0.053490389452670595,True,-0.05509467100583165,0.03951045143481369,-0.10322227832179753,True,20,True,True,True,True,False,False,4,8,TARGET_BEFORE_STOP,False,True,False,True,False,,8,STOP_BEFORE_TARGET,2021-12-30,2022-01-03,2022-01-05,2022-01-12,2022-01-27
V|2021-12-30T00:00:00|Long,V,2021-12-30,Long,-0.005324222836175174,0.0005048910488678615,-0.01092389809226968,True,0.021067662824386657,0.04094183856821321,-0.01092389809226968,True,0.008629021549301896,0.04094183856821321,-0.01092389809226968,True,-0.013172970952901486,0.04094183856821321,-0.05218706279894958,True,0.04649564010576035,0.047046404873175574,-0.10198743158162493,True,20,True,True,True,True,False,False,3,7,TARGET_BEFORE_STOP,False,True,False,True,False,,7,STOP_BEFORE_TARGET,2021-12-31,2022-01-04,2022-01-06,2022-01-13,2022-01-28
V|2021-12-31T00:00:00|Long,V,2021-12-31,Long,0.02178019387976904,0.024687327206770027,0.0013842821451472975,True,0.015181547617580726,0.046513710765441196,0.0013842821451472975,True,0.0011536153950200134,0.046513710765441196,-0.004937507688011489,True,-0.009413541053576724,0.046513710765441196,-0.04711368371349811,True,0.04365276711734234,0.052650953116278876,-0.0971806200218035,True,20,True,True,True,True,False,False,2,6,TARGET_BEFORE_STOP,True,True,False,True,False,19,6,STOP_BEFORE_TARGET,2022-01-03,2022-01-05,2022-01-07,2022-01-14,2022-01-31
V|2022-01-03T00:00:00|Long,V,2022-01-03,Long,0.004651646444274071,0.02420629900033333,0.0017161400685630213,True,-0.00758701499954928,0.02420629900033333,-0.01752242131762405,True,-0.042722267840786476,0.02420629900033333,-0.06742534060253436,True,-0.02583202886290703,0.02420629900033333,-0.06742534060253436,True,0.049361009330719074,0.059522234433112775,-0.11642505366038669,True,20,True,True,True,False,True,False,18,4,STOP_BEFORE_TARGET,True,True,False,True,False,20,5,STOP_BEFORE_TARGET,2022-01-04,2022-01-06,2022-01-10,2022-01-18,2022-02-01
V|2022-01-04T00:00:00|Long,V,2022-01-04,Long,-0.011058197606868325,0.01263147295598177,-0.011417821038677278,True,-0.024723545059828322,0.01263147295598177,-0.030657228797942082,True,-0.03632114351883198,0.01263147295598177,-0.07174326275371956,True,-0.03497264138849354,0.01263147295598177,-0.07174326275371956,True,0.05825762412992974,0.06019059150200845,-0.12051610180820693,True,20,True,True,True,False,True,False,19,2,STOP_BEFORE_TARGET,True,True,False,True,False,19,3,STOP_BEFORE_TARGET,2022-01-05,2022-01-07,2022-01-11,2022-01-19,2022-02-02
V|2022-01-05T00:00:00|Long,V,2022-01-05,Long,-0.001136363636363602,0.008681834827769963,-0.011136349764737208,True,-0.03649999445134944,0.008681834827769963,-0.0613636363636364,True,-0.01949996948242183,0.008681834827769963,-0.0613636363636364,True,-0.025681790438565333,0.008681834827769963,-0.0613636363636364,True,0.05245451493696729,0.07204548228870733,-0.11068184592507102,True,20,True,True,True,False,True,False,16,3,STOP_BEFORE_TARGET,True,True,False,True,False,18,3,STOP_BEFORE_TARGET,2022-01-06,2022-01-10,2022-01-12,2022-01-20,2022-02-03
V|2022-01-06T00:00:00|Long,V,2022-01-06,Long,-0.012696215181491777,0.0020477676825583213,-0.018703074449836432,True,-0.024436837848407333,0.0020477676825583213,-0.060295790671217264,True,-0.021615472127417545,0.003321937326685065,-0.060295790671217264,True,-0.06288968065628553,0.003321937326685065,-0.06339018282494313,True,0.0393174033658632,0.07326510172248302,-0.1096701074107651,True,20,True,True,True,False,True,False,15,2,STOP_BEFORE_TARGET,True,True,False,True,False,17,2,STOP_BEFORE_TARGET,2022-01-07,2022-01-11,2022-01-13,2022-01-21,2022-02-04
V|2022-01-07T00:00:00|Long,V,2022-01-07,Long,-0.02299965587549513,-0.012721283555567786,-0.04821168137066911,True,-0.005761430500177522,0.0028576470225001316,-0.04821168137066911,True,-0.010554980061104113,0.016224137650927117,-0.04821168137066911,True,-0.0696441746993447,0.016224137650927117,-0.0982209262441951,True,0.04701325881545637,0.08706673490548456,-0.0982209262441951,True,20,True,True,True,False,True,False,14,1,STOP_BEFORE_TARGET,True,True,False,True,False,14,1,STOP_BEFORE_TARGET,2022-01-10,2022-01-12,2022-01-14,2022-01-24,2022-02-07
V|2022-01-10T00:00:00|Long,V,2022-01-10,Long,0.011369550635611292,0.014058572960219395,-0.015237985134396448,True,0.014294469792176079,0.04014716449416511,-0.015237985134396448,True,0.017644032040505353,0.04014716449416511,-0.015237985134396448,True,-0.04703496326502521,0.04014716449416511,-0.07699206128336222,True,0.07534085544527191,0.11265747391277614,-0.07699206128336222,True,20,True,True,True,True,False,False,3,8,TARGET_BEFORE_STOP,True,True,False,True,False,13,9,STOP_BEFORE_TARGET,2022-01-11,2022-01-13,2022-01-18,2022-01-25,2022-02-08
V|2022-01-11T00:00:00|Long,V,2022-01-11,Long,0.006203945334275485,0.014926750981237413,-0.0026588642188450917,True,0.0013527067801464288,0.028454103488154248,-0.0031252829260431936,True,0.0013993272979573312,0.028454103488154248,-0.010588694004843413,True,-0.03969591180052856,0.028454103488154248,-0.08736827390486623,True,0.07691944145345553,0.10014927106863047,-0.08736827390486623,True,20,True,True,True,False,True,False,12,7,STOP_BEFORE_TARGET,True,True,False,True,False,12,7,STOP_BEFORE_TARGET,2022-01-12,2022-01-14,2022-01-19,2022-01-26,2022-02-09
V|2022-01-12T00:00:00|Long,V,2022-01-12,Long,-0.003291487143704863,0.022112970493757045,-0.004867660373079508,True,0.0,0.022112970493757045,-0.009271707096337622,True,-0.006304763655010093,0.022112970493757045,-0.01668910106841226,True,-0.04431881934000348,0.022112970493757045,-0.09299528159577597,True,0.04580218495440014,0.09336608763061949,-0.09299528159577597,True,20,True,True,True,False,True,False,11,6,STOP_BEFORE_TARGET,True,True,False,True,False,11,6,STOP_BEFORE_TARGET,2022-01-13,2022-01-18,2022-01-20,2022-01-27,2022-02-10
V|2022-01-13T00:00:00|Long,V,2022-01-13,Long,-0.0015348922374636143,0.015116279069767424,-0.005999968772710806,True,-0.0014884061591570186,0.015116279069767424,-0.013441857626271814,True,-0.04218608057776163,0.0213953772256541,-0.04269764035247092,True,0.0604651162790697,0.06102323310319768,-0.09000002838844479,True,0.04506977879723828,0.09697677257449122,-0.09000002838844479,True,20,True,True,True,False,True,False,10,5,STOP_BEFORE_TARGET,True,True,False,True,False,10,5,STOP_BEFORE_TARGET,2022-01-14,2022-01-19,2022-01-21,2022-01-28,2022-02-11
V|2022-01-14T00:00:00|Long,V,2022-01-14,Long,0.0048446851157253334,0.010434646258305591,-0.0015838092923587954,True,-0.001490623133922342,0.022965519060052397,-0.011925269392227933,True,-0.05971953311957623,0.022965519060052397,-0.08860112933663045,True,0.05357059718680146,0.0626542929285212,-0.08860112933663045,True,0.049704189034128765,0.09866310204140238,-0.08860112933663045,True,20,True,True,True,False,True,False,9,4,STOP_BEFORE_TARGET,True,True,False,True,False,9,4,STOP_BEFORE_TARGET,2022-01-18,2022-01-20,2022-01-24,2022-01-31,2022-02-14
V|2022-01-18T00:00:00|Long,V,2022-01-18,Long,-0.00477499423312433,0.011682300010377178,-0.01668910106841226,True,-0.04533871277960155,0.018033467472876152,-0.04584858876188913,True,-0.06355758326989946,0.018033467472876152,-0.09299528159577597,True,0.0771869332820061,0.08761760376538597,-0.09299528159577597,True,0.05614018929782483,0.09336608763061949,-0.09299528159577597,True,20,True,True,True,False,True,False,8,3,STOP_BEFORE_TARGET,True,True,False,True,False,8,3,STOP_BEFORE_TARGET,2022-01-19,2022-01-21,2022-01-25,2022-02-01,2022-02-15
V|2022-01-19T00:00:00|Long,V,2022-01-19,Long,-0.001537109109016943,0.02291789452016979,-0.003446945498514875,True,-0.059763308226128076,0.02291789452016979,-0.08864355984973771,True,-0.04103781376543536,0.02291789452016979,-0.08864355984973771,True,0.0966089351627959,0.09861195337241435,-0.08864355984973771,True,0.0658655446751033,0.09861195337241435,-0.08864355984973771,True,20,True,True,True,False,True,False,7,2,STOP_BEFORE_TARGET,True,True,False,True,False,7,2,STOP_BEFORE_TARGET,2022-01-20,2022-01-24,2022-01-26,2022-02-02,2022-02-16
V|2022-01-20T00:00:00|Long,V,2022-01-20,Long,-0.0392816103941146,0.005831583692124331,-0.03979472142015006,True,-0.05761607535271751,0.005831583692124331,-0.08724054898323863,True,-0.03825524596939467,0.005831583692124331,-0.08724054898323863,True,0.08019587913758053,0.10030323950453757,-0.08724054898323863,True,0.047865613317879196,0.10030323950453757,-0.08724054898323863,True,20,True,True,True,False,True,False,6,1,STOP_BEFORE_TARGET,True,True,False,True,False,6,1,STOP_BEFORE_TARGET,2022-01-21,2022-01-25,2022-01-27,2022-02-03,2022-02-17
V|2022-01-21T00:00:00|Long,V,2022-01-21,Long,-0.019812493164554246,-0.015587780164358911,-0.04991987153363242,True,-0.0002913492969827125,0.023940213227376717,-0.04991987153363242,True,0.10717237949387015,0.1077550780878358,-0.04991987153363242,True,0.10906622402123078,0.14529215991786493,-0.04991987153363242,True,0.08138692935327874,0.14529215991786493,-0.04991987153363242,True,20,True,True,True,False,True,False,5,1,STOP_BEFORE_TARGET,True,True,False,True,False,5,1,STOP_BEFORE_TARGET,2022-01-24,2022-01-26,2022-01-28,2022-02-04,2022-02-18
V|2022-01-24T00:00:00|Long,V,2022-01-24,Long,0.0007430958233780594,0.017488227260625155,-0.024077287408449166,True,0.021302886613555838,0.04513252581067362,-0.024077287408449166,True,0.12048546608890143,0.13014608976627784,-0.024077287408449166,True,0.12539012530727356,0.16844190721779628,-0.024077287408449166,True,0.09645776879847223,0.16844190721779628,-0.024077287408449166,True,20,True,True,True,False,True,False,2,1,STOP_BEFORE_TARGET,True,False,True,False,False,4,,TARGET_BEFORE_STOP,2022-01-25,2022-01-27,2022-01-31,2022-02-07,2022-02-22
V|2022-01-25T00:00:00|Long,V,2022-01-25,Long,0.019158391669245045,0.04386138916015625,0.008267317668046115,True,0.1287128712871286,0.12930690652073018,0.008267317668046115,True,0.15029703272451278,0.16143564658589882,0.008267317668046115,True,0.12841585367032793,0.16757428764116655,0.008267317668046115,True,0.06905939083288204,0.16757428764116655,0.008267317668046115,True,20,True,True,False,True,False,False,1,,TARGET_BEFORE_STOP,True,False,True,False,False,3,,TARGET_BEFORE_STOP,2022-01-26,2022-01-28,2022-02-01,2022-02-08,2022-02-23
V|2022-01-26T00:00:00|Long,V,2022-01-26,Long,0.0013600757076692727,0.02472439751981481,-9.709532299984058e-05,True,0.09860593351742408,0.10807791580960902,-9.709532299984058e-05,True,0.14353720188771102,0.14562593722928185,-9.709532299984058e-05,True,0.1214358604602348,0.14562593722928185,-9.709532299984058e-05,True,0.0555205139440742,0.14562593722928185,-0.021469851235141446,True,20,True,True,True,True,False,False,2,20,TARGET_BEFORE_STOP,True,False,True,False,False,2,,TARGET_BEFORE_STOP,2022-01-27,2022-01-31,2022-02-02,2022-02-09,2022-02-24
V|2022-01-27T00:00:00|Long,V,2022-01-27,Long,0.10599081615538308,0.10657289289921157,0.048265886498291666,True,0.12714046805661416,0.1380548511107791,0.048265886498291666,True,0.1231627462593945,0.14406991552929527,0.048265886498291666,True,0.0943002814308489,0.14406991552929527,0.048265886498291666,True,0.06364303063023424,0.14406991552929527,-0.02279891868734296,True,20,True,True,True,True,False,False,1,19,TARGET_BEFORE_STOP,True,False,True,False,False,1,,TARGET_BEFORE_STOP,2022-01-28,2022-02-01,2022-02-03,2022-02-10,2022-02-25
V|2022-01-28T00:00:00|Long,V,2022-01-28,Long,-0.008026323820415349,-0.0071052417420504055,-0.026096477843167487,True,0.032543851618181296,0.034429851331208905,-0.026096477843167487,True,0.0017105236388088585,0.034429851331208905,-0.026096477843167487,True,-0.014517533151726991,0.034429851331208905,-0.026096477843167487,True,-0.052105284573739086,0.034429851331208905,-0.11644738180595526,True,20,True,True,True,False,True,False,3,1,STOP_BEFORE_TARGET,False,True,False,True,False,,16,STOP_BEFORE_TARGET,2022-01-31,2022-02-02,2022-02-04,2022-02-11,2022-02-28
V|2022-01-31T00:00:00|Long,V,2022-01-31,Long,0.02736880440164491,0.037317073483379204,0.0011053632313038353,True,0.023743180619280047,0.04279969939841233,0.0011053632313038353,True,0.004377262683729288,0.04279969939841233,-0.0053941779660439115,True,-0.0036698140238506927,0.04279969939841233,-0.014856084527363755,True,-0.07604897682049794,0.04279969939841233,-0.10929832170860121,True,20,True,True,True,True,False,False,1,15,TARGET_BEFORE_STOP,False,True,False,True,False,,16,STOP_BEFORE_TARGET,2022-02-01,2022-02-03,2022-02-07,2022-02-14,2022-03-01
V|2022-02-01T00:00:00|Long,V,2022-02-01,Long,0.013169209633998591,0.01501982046822481,-0.010113643042445997,True,-0.017085562103093976,0.01501982046822481,-0.03189018610193295,True,-0.019022198990080397,0.01501982046822481,-0.032750906310733297,True,-0.01953861798161205,0.01501982046822481,-0.04110003024045594,True,-0.1027715821143299,0.01501982046822481,-0.13302635385142247,True,20,True,False,True,False,True,False,,3,STOP_BEFORE_TARGET,False,True,False,True,False,,3,STOP_BEFORE_TARGET,2022-02-02,2022-02-04,2022-02-08,2022-02-15,2022-03-02
V|2022-02-02T00:00:00|Long,V,2022-02-02,Long,-0.01648120343637105,-0.008198082961483277,-0.020686412178512636,True,-0.03508620580698618,-0.008198082961483277,-0.044473712098109464,True,-0.019327173082775095,-0.008198082961483277,-0.04532324463484261,True,-0.02803496260326277,-0.008198082961483277,-0.05356384635302813,True,-0.11974344856283681,-0.008198082961483277,-0.14429530832094017,True,20,True,False,True,False,True,False,,1,STOP_BEFORE_TARGET,False,True,False,True,False,,2,STOP_BEFORE_TARGET,2022-02-03,2022-02-07,2022-02-09,2022-02-16,2022-03-03
V|2022-02-03T00:00:00|Long,V,2022-02-03,Long,-0.013604534800999435,-0.0057009246942426595,-0.02846158991525416,True,-0.01554803035809782,-0.0057009246942426595,-0.029325358396041223,True,-0.025697491235949443,0.006953445007497949,-0.029325358396041223,True,-0.029930002922723187,0.006953445007497949,-0.03770405105242747,True,-0.13496588453892644,0.006953445007497949,-0.1497797083932898,True,20,True,False,True,False,True,False,,1,STOP_BEFORE_TARGET,False,True,False,True,False,,6,STOP_BEFORE_TARGET,2022-02-04,2022-02-08,2022-02-10,2022-02-17,2022-03-04
V|2022-02-04T00:00:00|Long,V,2022-02-04,Long,-0.005385506067805523,0.0066990620578206705,-0.01042079289449116,True,0.010858600351007608,0.020841518978749418,-0.015937647880274963,True,-0.016200345716231412,0.020841518978749418,-0.02123563254291705,True,-0.024957296569354637,0.020841518978749418,-0.028679027406025237,True,-0.16502474951674484,0.020841518978749418,-0.16787073181991674,True,20,True,False,True,False,True,False,,5,STOP_BEFORE_TARGET,False,True,False,True,False,,11,STOP_BEFORE_TARGET,2022-02-07,2022-02-09,2022-02-11,2022-02-18,2022-03-07
V|2022-02-07T00:00:00|Long,V,2022-02-07,Long,0.003433697687631243,0.005898909650854822,-0.01060927814429058,True,-0.0069114601994550995,0.026369035648039718,-0.01060927814429058,True,-0.00801200605246477,0.026369035648039718,-0.019149524711163823,True,-0.025708735005029126,0.026369035648039718,-0.03187183208507627,True,-0.15605738852237616,0.026369035648039718,-0.17824443053536476,True,20,True,False,True,False,True,False,,9,STOP_BEFORE_TARGET,False,True,False,True,False,,10,STOP_BEFORE_TARGET,2022-02-08,2022-02-10,2022-02-14,2022-02-22,2022-03-08
V|2022-02-08T00:00:00|Long,V,2022-02-08,Long,0.01285422762305366,0.022856854432198093,0.00956388809525266,True,-0.01425813795380404,0.022856854432198093,-0.01930336539504296,True,-0.0005264329029668335,0.022856854432198093,-0.022505943791639726,True,-0.05260158535027737,0.022856854432198093,-0.05492675326121965,True,-0.12362905866781415,0.022856854432198093,-0.1810564351602555,True,20,True,False,True,False,True,False,,4,STOP_BEFORE_TARGET,False,True,False,True,False,,9,STOP_BEFORE_TARGET,2022-02-09,2022-02-11,2022-02-15,2022-02-23,2022-03-09
V|2022-02-09T00:00:00|Long,V,2022-02-09,Long,-0.02287000862375721,-0.003984918735231657,-0.02598865217177504,True,-0.023952869130914545,-0.003984918735231657,-0.034911412175941514,True,-0.008879403284641652,-0.003984918735231657,-0.034911412175941514,True,-0.058777633960366726,-0.003984918735231657,-0.1274310165511633,True,-0.14250441630487598,-0.003984918735231657,-0.19144972444689778,True,20,True,False,True,False,True,False,,1,STOP_BEFORE_TARGET,False,True,False,True,False,,2,STOP_BEFORE_TARGET,2022-02-10,2022-02-14,2022-02-16,2022-02-24,2022-03-10
V|2022-02-10T00:00:00|Long,V,2022-02-10,Long,-0.0039895115523489455,0.015559243861007266,-0.00908729591310109,True,0.009885238807256336,0.016401422972232682,-0.012323236067316445,True,-0.004344145323142867,0.019016838576903394,-0.012323236067316445,True,-0.028015391497961395,0.019016838576903394,-0.10700828840606624,True,-0.12801981511966842,0.019016838576903394,-0.1725253725819057,True,20,True,False,True,False,True,False,,7,STOP_BEFORE_TARGET,False,True,False,True,False,,8,STOP_BEFORE_TARGET,2022-02-11,2022-02-15,2022-02-17,2022-02-25,2022-03-11
V|2022-02-11T00:00:00|Long,V,2022-02-11,Long,0.0028928474316691766,0.01143794578087598,-0.008367105177733758,True,0.018380901855611143,0.023098501869301735,-0.008367105177733758,True,-0.008901152602557638,0.023098501869301735,-0.012684169622806607,True,-0.03814147149895375,0.023098501869301735,-0.10343141768946529,True,-0.10841604141556793,0.023098501869301735,-0.1692109299895337,True,20,True,False,True,False,True,False,,6,STOP_BEFORE_TARGET,False,True,False,True,False,,7,STOP_BEFORE_TARGET,2022-02-14,2022-02-16,2022-02-18,2022-02-28,2022-03-14
V|2022-02-14T00:00:00|Long,V,2022-02-14,Long,0.011005640483855439,0.01752905392933113,-0.001908195095274956,True,-0.003239530218348219,0.02014737116669818,-0.005192146036919865,True,-0.01783966041982188,0.02014737116669818,-0.024052535089324256,True,-0.07264575922261562,0.02014737116669818,-0.10601757245893484,True,-0.0852045675879588,0.02014737116669818,-0.17160734355813512,True,20,True,False,True,False,True,False,,5,STOP_BEFORE_TARGET,False,True,False,True,False,,6,STOP_BEFORE_TARGET,2022-02-15,2022-02-17,2022-02-22,2022-03-01,2022-03-15
V|2022-02-15T00:00:00|Long,V,2022-02-15,Long,0.004389430110836923,0.009042215311941826,-0.009744540204248864,True,-0.022517797901357328,0.009042215311941826,-0.026248840286523856,True,-0.05210258096025744,0.009042215311941826,-0.05442897356081,True,-0.08489162924639992,0.009042215311941826,-0.11574931756739193,True,-0.07001146384975843,0.009042215311941826,-0.18062508924736975,True,20,True,False,True,False,True,False,,3,STOP_BEFORE_TARGET,False,True,False,True,False,,4,STOP_BEFORE_TARGET,2022-02-16,2022-02-18,2022-02-23,2022-03-02,2022-03-16
V|2022-02-16T00:00:00|Long,V,2022-02-16,Long,-0.018398770121102026,-4.374515035665549e-05,-0.02032168956574132,True,-0.032776854120859844,-4.374515035665549e-05,-0.038895240234228634,True,-0.05034526660135119,-4.374515035665549e-05,-0.11961371165064061,True,-0.09435368807627231,-4.374515035665549e-05,-0.11961371165064061,True,-0.06717074505726484,-4.374515035665549e-05,-0.18420596017004065,True,20,True,False,True,False,True,False,,1,STOP_BEFORE_TARGET,False,True,False,True,False,,2,STOP_BEFORE_TARGET,2022-02-17,2022-02-22,2022-02-24,2022-03-03,2022-03-17
V|2022-02-17T00:00:00|Long,V,2022-02-17,Long,-0.008548141951506771,0.005030964247993541,-0.012332506410817734,True,-0.03855573500100984,0.005030964247993541,-0.040915375167772994,True,-0.023774526171496446,0.005030964247993541,-0.10311207692967705,True,-0.10827660058827282,0.005030964247993541,-0.123547481966932,True,-0.02448688831777035,0.005030964247993541,-0.16891501864702685,True,20,True,False,True,False,True,False,,2,STOP_BEFORE_TARGET,False,True,False,True,False,,3,STOP_BEFORE_TARGET,2022-02-18,2022-02-23,2022-02-25,2022-03-04,2022-03-18
V|2022-02-18T00:00:00|Long,V,2022-02-18,Long,-0.00615202794093983,0.007409375716893818,-0.01243883534102419,True,-0.024204047467585088,0.007409375716893818,-0.0953792503493851,True,-0.02950292896937501,0.007409375716893818,-0.0953792503493851,True,-0.1436526343457255,0.007409375716893818,-0.14657146271412258,True,-0.025371633631195656,0.007409375716893818,-0.16174953467854247,True,20,True,False,True,False,True,False,,2,STOP_BEFORE_TARGET,False,True,False,True,False,,2,STOP_BEFORE_TARGET,2022-02-22,2022-02-24,2022-02-28,2022-03-07,2022-03-21
V|2022-02-22T00:00:00|Long,V,2022-02-22,Long,-0.024263555929265213,0.013374260605106159,-0.02665827290810774,True,-0.009262619663457206,0.013374260605106159,-0.08977954870057614,True,-0.05580158004162594,0.013374260605106159,-0.08977954870057614,True,-0.13378817834112455,0.013374260605106159,-0.15656067236846571,True,-0.012877308915594576,0.013374260605106159,-0.15656067236846571,True,20,True,False,True,False,True,False,,1,STOP_BEFORE_TARGET,False,True,False,True,False,,2,STOP_BEFORE_TARGET,2022-02-23,2022-02-25,2022-03-01,2022-03-08,2022-03-22
V|2022-02-23T00:00:00|Long,V,2022-02-23,Long,0.006251475446138466,0.008844657046080728,-0.06714517344251358,True,0.0007872107957753727,0.021903198862617934,-0.06714517344251358,True,-0.034591346729648254,0.021903198862617934,-0.06714517344251358,True,-0.0749710704802028,0.021903198862617934,-0.1355869376849983,True,-0.005881010837732625,0.021903198862617934,-0.1355869376849983,True,20,True,False,True,False,True,False,,1,STOP_BEFORE_TARGET,False,True,False,True,False,,1,STOP_BEFORE_TARGET,2022-02-24,2022-02-28,2022-03-02,2022-03-09,2022-03-23
V|2022-02-24T00:00:00|Long,V,2022-02-24,Long,0.00906581312948207,0.015554484935825563,-0.01403590892279627,True,-0.038334108210162365,0.015554484935825563,-0.04611138578803564,True,-0.04634149646937746,0.015554484935825563,-0.0511274756296497,True,-0.08895536842882856,0.015554484935825563,-0.14095722251562448,True,4.599404829996878e-05,0.015554484935825563,-0.14095722251562448,True,20,True,False,True,False,True,False,,3,STOP_BEFORE_TARGET,False,True,False,True,False,,3,STOP_BEFORE_TARGET,2022-02-25,2022-03-01,2022-03-03,2022-03-10,2022-03-24
V|2022-02-25T00:00:00|Long,V,2022-02-25,Long,-0.014365891795027674,-0.0028276114557198584,-0.027500335941089804,True,-0.049208776096498874,-0.0028276114557198584,-0.05965249042820153,True,-0.08655999733891506,-0.0028276114557198584,-0.1022027784259224,True,-0.10288683868752568,-0.0028276114557198584,-0.14867517429792831,True,-0.0038309462320980092,0.0013681901122464257,-0.14867517429792831,True,20,True,False,True,False,True,False,,1,STOP_BEFORE_TARGET,False,True,False,True,False,,2,STOP_BEFORE_TARGET,2022-02-28,2022-03-02,2022-03-04,2022-03-11,2022-03-25
V|2022-02-28T00:00:00|Long,V,2022-02-28,Long,-0.033083444651233695,-0.004488253019704014,-0.04090318590418851,True,-0.04113455298214297,-0.004488253019704014,-0.04594666342832776,True,-0.11761983501416307,-0.004488253019704014,-0.12062739521761356,True,-0.07306123284692356,-0.004488253019704014,-0.13626687772352308,True,0.021515867390021315,0.022487510272783062,-0.13626687772352308,True,20,True,False,True,False,True,False,,1,STOP_BEFORE_TARGET,False,True,False,True,False,,1,STOP_BEFORE_TARGET,2022-03-01,2022-03-03,2022-03-07,2022-03-14,2022-03-28
V|2022-03-01T00:00:00|Long,V,2022-03-01,Long,-0.0023448604598826917,0.007513002135514979,-0.013303339058512886,True,-0.04153710046353942,0.012106995092682427,-0.0579509046255956,True,-0.0825955611140895,0.012106995092682427,-0.10671389635589712,True,-0.013542622455487208,0.012106995092682427,-0.10671389635589712,True,0.0916399185750072,0.09494183960374603,-0.10671389635589712,True,20,True,True,True,False,True,False,13,3,STOP_BEFORE_TARGET,True,True,False,True,False,15,3,STOP_BEFORE_TARGET,2022-03-02,2022-03-04,2022-03-08,2022-03-15,2022-03-29
V|2022-03-02T00:00:00|Long,V,2022-03-02,Long,-0.005995779094477793,0.01448582278564392,-0.009209507906238423,True,-0.08528395598459926,0.01448582278564392,-0.08840173183746258,True,-0.04182656081833014,0.01448582278564392,-0.10461434192994268,True,0.016260549976597316,0.024894486510777858,-0.10461434192994268,True,0.07420376792851036,0.09751535997546656,-0.10461434192994268,True,20,True,True,True,False,True,False,12,2,STOP_BEFORE_TARGET,True,True,False,True,False,12,2,STOP_BEFORE_TARGET,2022-03-03,2022-03-07,2022-03-09,2022-03-16,2022-03-30
V|2022-03-03T00:00:00|Long,V,2022-03-03,Long,-0.03348937212029279,-0.00414998131584321,-0.0500409946966448,True,-0.07489257990468323,-0.00414998131584321,-0.09921342461264893,True,-0.04468462431959297,-0.00414998131584321,-0.09921342461264893,True,0.030014965733440535,0.031076593997875657,-0.09921342461264893,True,0.07016362903389095,0.10413551259938036,-0.09921342461264893,True,20,True,True,True,False,True,False,9,1,STOP_BEFORE_TARGET,True,True,False,True,False,11,1,STOP_BEFORE_TARGET,2022-03-04,2022-03-08,2022-03-10,2022-03-17,2022-03-31
V|2022-03-04T00:00:00|Long,V,2022-03-04,Long,-0.04788055648986134,-0.0005492067204496687,-0.05112582044848457,True,-0.002646157057580645,0.0010485132603064162,-0.06800137587368171,True,-0.017874016137946924,0.0027460336022482323,-0.06800137587368171,True,0.09396379227659479,0.094712675902898,-0.06800137587368171,True,0.13016130709523432,0.1423935554869058,-0.06800137587368171,True,20,True,True,True,False,True,False,7,1,STOP_BEFORE_TARGET,True,True,False,True,False,8,1,STOP_BEFORE_TARGET,2022-03-07,2022-03-09,2022-03-11,2022-03-18,2022-04-01
V|2022-03-07T00:00:00|Long,V,2022-03-07,Long,0.005296328168789222,0.029994763042684225,-0.021132663050805633,True,0.03812272883483092,0.051389634025099884,-0.021132663050805633,True,0.0504981910693274,0.07199788121268558,-0.021132663050805633,True,0.13812268882751777,0.14976401686228247,-0.021132663050805633,True,0.19423182557771557,0.20209758343825257,-0.021132663050805633,True,20,True,True,True,False,True,False,2,1,STOP_BEFORE_TARGET,True,False,True,False,False,2,,TARGET_BEFORE_STOP,2022-03-08,2022-03-10,2022-03-14,2022-03-21,2022-04-04
V|2022-03-08T00:00:00|Long,V,2022-03-08,Long,0.041990441349175844,0.04585046673777504,0.01841322130130374,True,0.026081059020892194,0.04762395964885768,0.01841322130130374,True,0.07526989812961848,0.07667829760280775,0.01841322130130374,True,0.13958579922630765,0.14532366404813413,0.01841322130130374,True,0.17933330770436307,0.19576442264337035,0.01841322130130374,True,20,True,True,False,True,False,False,1,,TARGET_BEFORE_STOP,True,False,True,False,False,4,,TARGET_BEFORE_STOP,2022-03-09,2022-03-11,2022-03-15,2022-03-22,2022-04-05
V|2022-03-09T00:00:00|Long,V,2022-03-09,Long,-0.008960719540225814,0.0009011210428531147,-0.017320742642289777,True,0.0028534608524892757,0.023378045140992842,-0.017320742642289777,True,0.060622752019234616,0.06963358051971391,-0.017320742642289777,True,0.07468962044066707,0.09916906969430705,-0.017320742642289777,True,0.09636564141646109,0.14757715156684847,-0.017320742642289777,True,20,True,True,False,True,False,False,4,,TARGET_BEFORE_STOP,True,False,True,False,False,5,,TARGET_BEFORE_STOP,2022-03-10,2022-03-14,2022-03-16,2022-03-23,2022-04-06
V|2022-03-10T00:00:00|Long,V,2022-03-10,Long,-0.006364572910373734,0.01449712127843017,-0.007627390501213083,True,0.041268869619479176,0.04263273419894098,-0.007627390501213083,True,0.07819364364341985,0.07930492928946009,-0.007627390501213083,True,0.09769155032903099,0.10910747067903115,-0.007627390501213083,True,0.09183205820923157,0.15795324584354664,-0.007627390501213083,True,20,True,True,False,True,False,False,2,,TARGET_BEFORE_STOP,True,False,True,False,False,4,,TARGET_BEFORE_STOP,2022-03-11,2022-03-15,2022-03-17,2022-03-24,2022-04-07
V|2022-03-11T00:00:00|Long,V,2022-03-11,Long,0.018402699372854547,0.03924551725090164,0.007371241415040641,True,0.07706770314624567,0.08621824450317872,0.007371241415040641,True,0.11387317946192343,0.11463569225418091,0.007371241415040641,True,0.11041627380709595,0.11621168130812753,0.007371241415040641,True,0.10304503239205531,0.16537033027818837,0.007371241415040641,True,20,True,True,False,True,False,False,1,,TARGET_BEFORE_STOP,True,False,True,False,False,3,,TARGET_BEFORE_STOP,2022-03-14,2022-03-16,2022-03-18,2022-03-25,2022-04-08
V|2022-03-14T00:00:00|Long,V,2022-03-14,Long,0.029002134006335778,0.030349931490452287,0.005341147385063527,True,0.06549191332934767,0.0665901074025883,0.005341147385063527,True,0.08341232617354155,0.09449404733568345,0.005341147385063527,True,0.10203165903549505,0.10307988672559998,0.005341147385063527,True,0.07198122117078709,0.14431190235045377,0.005341147385063527,True,20,True,True,False,True,False,False,1,,TARGET_BEFORE_STOP,True,False,True,False,False,2,,TARGET_BEFORE_STOP,2022-03-15,2022-03-17,2022-03-21,2022-03-28,2022-04-11
V|2022-03-15T00:00:00|Long,V,2022-03-15,Long,0.027796622414401728,0.03652856700102913,0.0041719249679728065,True,0.06291841107550922,0.06364604228210902,0.0041719249679728065,True,0.05981372789154027,0.06514993681155845,0.0041719249679728065,True,0.10662654406043814,0.10997379565376919,0.0041719249679728065,True,0.025516612605074318,0.11205979514849851,0.0041719249679728065,True,20,True,True,False,True,False,False,1,,TARGET_BEFORE_STOP,True,False,True,False,False,3,,TARGET_BEFORE_STOP,2022-03-16,2022-03-18,2022-03-22,2022-03-29,2022-04-12
V|2022-03-16T00:00:00|Long,V,2022-03-16,Long,0.007457411938772918,0.007882183449438473,-0.014867579029971045,True,0.02440174771366621,0.03487987709425755,-0.014867579029971045,True,0.013262838643289365,0.03634309899696886,-0.014867579029971045,True,0.05701610473145635,0.079954702561996,-0.014867579029971045,True,0.006607868917442028,0.08198428647892797,-0.02218340046518885,True,20,True,True,True,True,False,False,2,20,TARGET_BEFORE_STOP,True,False,True,False,False,9,,TARGET_BEFORE_STOP,2022-03-17,2022-03-21,2022-03-23,2022-03-30,2022-04-13
V|2022-03-17T00:00:00|Long,V,2022-03-17,Long,0.0265167661889536,0.027219478293094346,-0.01480442121006742,True,0.02351840873381783,0.028671869119119897,-0.01480442121006742,True,0.01808386350685942,0.028671869119119897,-0.01480442121006742,True,0.03897871840324374,0.07196065040973543,-0.01480442121006742,True,-0.00309207623118124,0.07397521091907389,-0.029421404868043455,True,20,True,True,True,True,False,False,7,19,TARGET_BEFORE_STOP,True,False,True,False,False,8,,TARGET_BEFORE_STOP,2022-03-18,2022-03-22,2022-03-24,2022-03-31,2022-04-14
V|2022-03-18T00:00:00|Long,V,2022-03-18,Long,-0.009447342971350192,-0.0047921274648939916,-0.0208114533608299,True,-0.02021819142088499,0.0020994327624745956,-0.02240885239574686,True,-0.003103500217589761,0.0020994327624745956,-0.02332162199861798,True,0.03308840299303739,0.044269987317885784,-0.02332162199861798,True,-0.027109682008396807,0.04623250812192237,-0.054493187933669196,True,20,True,True,True,False,True,False,7,1,STOP_BEFORE_TARGET,False,True,False,True,False,,17,STOP_BEFORE_TARGET,2022-03-21,2022-03-23,2022-03-25,2022-04-01,2022-04-18
V|2022-03-21T00:00:00|Long,V,2022-03-21,Long,0.006588684015876645,0.011656902489627807,0.0006450395962915856,True,0.0012440300442921881,0.011656902489627807,-0.014006604221209473,True,0.017185823358419894,0.018153347600835756,-0.014006604221209473,True,0.04929972603217414,0.05621089469417506,-0.014006604221209473,True,-0.006173960465083783,0.05621089469417506,-0.04547546729867191,True,20,True,True,True,True,False,False,6,16,TARGET_BEFORE_STOP,True,True,True,False,False,6,17,TARGET_BEFORE_STOP,2022-03-22,2022-03-24,2022-03-28,2022-04-04,2022-04-19
V|2022-03-22T00:00:00|Long,V,2022-03-22,Long,-0.017347958638463723,-0.005401235537954907,-0.019545037069630844,True,-0.00018313061151797871,0.002105513125408187,-0.02046048059562844,True,0.04417079618512809,0.0473291357171044,-0.02046048059562844,True,0.03487890820071726,0.04929740564967022,-0.02046048059562844,True,-0.0031125918010288522,0.04929740564967022,-0.051723362423302666,True,20,True,True,True,False,True,False,5,2,STOP_BEFORE_TARGET,False,True,False,True,False,,15,STOP_BEFORE_TARGET,2022-03-23,2022-03-25,2022-03-29,2022-04-05,2022-04-20
V|2022-03-23T00:00:00|Long,V,2022-03-23,Long,0.012250815038849172,0.01388117704488967,-0.00316747111505733,True,0.0283678582283029,0.02934601857040464,-0.00316747111505733,True,0.04318056916678259,0.06581891822659136,-0.00316747111505733,True,0.020169563903395638,0.06782193643620982,-0.00316747111505733,True,0.008244849696515733,0.06782193643620982,-0.034982274841875216,True,20,True,True,True,True,False,False,4,15,TARGET_BEFORE_STOP,True,True,True,False,False,4,15,TARGET_BEFORE_STOP,2022-03-24,2022-03-28,2022-03-30,2022-04-06,2022-04-21
V|2022-03-24T00:00:00|Long,V,2022-03-24,Long,0.005153905157472272,0.007454765705156685,-0.007454765705156796,True,0.04974459380626994,0.052919792596745285,-0.007454765705156796,True,0.020523706980690726,0.052919792596745285,-0.007454765705156796,True,-0.005338013322634172,0.054898569180433565,-0.016704270045531322,True,-0.04205972800300639,0.054898569180433565,-0.04666144909837555,True,20,True,True,True,True,False,False,3,13,TARGET_BEFORE_STOP,True,True,True,False,False,3,13,TARGET_BEFORE_STOP,2022-03-25,2022-03-29,2022-03-31,2022-04-07,2022-04-22
V|2022-03-25T00:00:00|Long,V,2022-03-25,Long,0.010712867624149913,0.011674234936879024,-0.004211867416536008,True,0.02527127435587273,0.047520968872711844,-0.004211867416536008,True,0.036304574465380046,0.047520968872711844,-0.004211867416536008,True,-0.006638268538489811,0.04948959932177566,-0.02449293148431142,True,-0.03882248780791764,0.04948959932177566,-0.05997340696783826,True,20,True,True,True,True,False,False,2,9,TARGET_BEFORE_STOP,False,True,False,True,False,,12,STOP_BEFORE_TARGET,2022-03-28,2022-03-30,2022-04-01,2022-04-08,2022-04-25
V|2022-03-28T00:00:00|Long,V,2022-03-28,Long,0.03329252481082379,0.0364179604590229,0.013634073690197424,True,0.004529600854497717,0.0364179604590229,-0.0014947765759311116,True,0.03157132348514691,0.03836572476689337,-0.0014947765759311116,True,-0.027268216496618813,0.03836572476689337,-0.034832641629683136,True,-0.0890972405140229,0.03836572476689337,-0.0890972405140229,True,20,True,True,True,True,False,False,1,8,TARGET_BEFORE_STOP,False,True,False,True,False,,8,STOP_BEFORE_TARGET,2022-03-29,2022-03-31,2022-04-04,2022-04-11,2022-04-26
V|2022-03-29T00:00:00|Long,V,2022-03-29,Long,-0.018279845073655876,-0.008591931864943558,-0.023627912962559616,True,-0.007715213679238442,-0.006531607339416157,-0.033666459934106,True,-0.008898820019060727,0.004909742240706283,-0.033666459934106,True,-0.07329476406535029,0.004909742240706283,-0.07636331115997297,True,-0.061415021947720416,0.004909742240706283,-0.11844638607760549,True,20,True,False,True,False,True,False,,1,STOP_BEFORE_TARGET,False,True,False,True,False,,2,STOP_BEFORE_TARGET,2022-03-30,2022-04-01,2022-04-05,2022-04-12,2022-04-27
V|2022-03-30T00:00:00|Long,V,2022-03-30,Long,-0.00973428312341118,0.008796611956009226,-0.01567311701123686,True,0.01692345879244561,0.023621382527388324,-0.01567311701123686,True,-0.02205850640198026,0.023621382527388324,-0.023799963847673244,True,-0.047689184288086994,0.023621382527388324,-0.0749274347307759,True,-0.014690749412660908,0.023621382527388324,-0.1020316640147465,True,20,True,False,True,False,True,False,,5,STOP_BEFORE_TARGET,False,True,False,True,False,,6,STOP_BEFORE_TARGET,2022-03-31,2022-04-04,2022-04-06,2022-04-13,2022-04-28
V|2022-03-31T00:00:00|Long,V,2022-03-31,Long,0.02069710172459338,0.021914598533265606,0.002074182469298247,True,0.019479604915921156,0.033683550871585366,0.002074182469298247,True,-0.025341616394036648,0.033683550871585366,-0.036479286832409086,True,-0.04049245079733832,0.033683550871585366,-0.06583399838680815,True,-0.038959278636409134,0.033683550871585366,-0.0932046614543538,True,20,True,True,True,True,False,False,2,5,TARGET_BEFORE_STOP,False,True,False,True,False,,5,STOP_BEFORE_TARGET,2022-04-01,2022-04-05,2022-04-07,2022-04-14,2022-04-29
V|2022-04-01T00:00:00|Long,V,2022-04-01,Long,0.00609650503221193,0.012723117490046398,-0.0061848113302238605,True,-0.032470428007144614,0.012723117490046398,-0.03419334454980605,True,-0.04143843814066306,0.012723117490046398,-0.05866760356727785,True,-0.05827002299806083,0.012723117490046398,-0.08477647282939915,True,-0.06551511658891784,0.012723117490046398,-0.11159212952255482,True,20,True,False,True,False,True,False,,3,STOP_BEFORE_TARGET,False,True,False,True,False,,3,STOP_BEFORE_TARGET,2022-04-04,2022-04-06,2022-04-08,2022-04-18,2022-05-02
V|2022-04-04T00:00:00|Long,V,2022-04-04,Long,-0.007245144091835742,0.005488715069156047,-0.01067009693491583,True,-0.050891417041910914,0.005488715069156047,-0.06173712337863646,True,-0.05703875111899903,0.005488715069156047,-0.06437166641128156,True,-0.05286734106662372,0.005488715069156047,-0.09032232733847101,True,-0.08421887886160617,0.005488715069156047,-0.11697549287381603,True,20,True,False,True,False,True,False,,2,STOP_BEFORE_TARGET,False,True,False,True,False,,2,STOP_BEFORE_TARGET,2022-04-05,2022-04-07,2022-04-11,2022-04-19,2022-05-03
V|2022-04-05T00:00:00|Long,V,2022-04-05,Long,-0.03131497167381814,-0.014242121601394708,-0.033039945781321634,True,-0.04029369170645081,-0.014242121601394708,-0.05754343278148655,True,-0.06497413719911826,-0.014242121601394708,-0.06807023591901051,True,-0.03671105836701194,-0.014242121601394708,-0.08368348213279386,True,-0.051174276849199396,-0.005130716444330274,-0.11053116298444077,True,20,True,False,True,False,True,False,,1,STOP_BEFORE_TARGET,False,True,False,True,False,,1,STOP_BEFORE_TARGET,2022-04-06,2022-04-08,2022-04-12,2022-04-20,2022-05-04
V|2022-04-06T00:00:00|Long,V,2022-04-06,Long,-0.0130587675543834,-0.001506788910696888,-0.024336797245517183,True,-0.019451142019470624,0.0018264424697793658,-0.027076356442701788,True,-0.026208804978513633,0.0018264424697793658,-0.05406144301565685,True,-0.011688953119962986,0.022419084905991093,-0.05406144301565685,True,-0.06287379279050243,0.02703072150782848,-0.08177703690486737,True,20,True,False,True,False,True,False,,1,STOP_BEFORE_TARGET,False,True,False,True,False,,4,STOP_BEFORE_TARGET,2022-04-07,2022-04-11,2022-04-13,2022-04-21,2022-05-05
V|2022-04-07T00:00:00|Long,V,2022-04-07,Long,0.003839934556982616,0.015082164504645945,-0.014203063391710846,True,-0.021975480611277742,0.015082164504645945,-0.025213958372130363,True,-0.015544763845613097,0.015082164504645945,-0.0415452046315562,True,-0.03691878766076084,0.03594727962926547,-0.0415452046315562,True,-0.06167007609840336,0.0406199353561012,-0.07369878845987954,True,20,True,True,True,False,True,False,9,3,STOP_BEFORE_TARGET,False,True,False,True,False,,4,STOP_BEFORE_TARGET,2022-04-08,2022-04-12,2022-04-14,2022-04-22,2022-05-06
V|2022-04-08T00:00:00|Long,V,2022-04-08,Long,-0.010277425437593135,0.001474824087565052,-0.016453093076435055,True,-0.017098311033874047,0.001474824087565052,-0.045211529872606904,True,-0.0175592111421089,0.001474824087565052,-0.045211529872606904,True,-0.0323992944866881,0.0319845265833667,-0.05369155740565701,True,-0.11051708083564837,0.036639308253213265,-0.11475709460217343,True,20,True,True,True,False,True,False,8,2,STOP_BEFORE_TARGET,False,True,False,True,False,,3,STOP_BEFORE_TARGET,2022-04-11,2022-04-13,2022-04-18,2022-04-25,2022-05-09
V|2022-04-11T00:00:00|Long,V,2022-04-11,Long,-0.015599562763751407,0.010430758990286781,-0.01885915274392458,True,-0.00912692299821738,0.010430758990286781,-0.03529686533669241,True,0.0044237343340729485,0.010430758990286781,-0.03529686533669241,True,-0.06356225330144061,0.04270080637459972,-0.06356225330144061,True,-0.09857973536179421,0.0474039239850117,-0.11073340525865827,True,20,True,True,True,False,True,False,7,2,STOP_BEFORE_TARGET,False,True,False,True,False,,2,STOP_BEFORE_TARGET,2022-04-12,2022-04-14,2022-04-19,2022-04-26,2022-05-10
V|2022-04-12T00:00:00|Long,V,2022-04-12,Long,0.008845839309211456,0.011589462051881272,-0.020009441105331094,True,0.00837277352679422,0.02152319386530266,-0.020009441105331094,True,0.03022705569602535,0.04456014049057666,-0.020009441105331094,True,0.012819332034579745,0.05922424140935201,-0.04872274404138499,True,-0.06944178382034183,0.06400188822106623,-0.0966414061761286,True,20,True,True,True,False,True,False,5,1,STOP_BEFORE_TARGET,True,True,True,False,False,6,9,TARGET_BEFORE_STOP,2022-04-13,2022-04-18,2022-04-20,2022-04-27,2022-05-11
V|2022-04-13T00:00:00|Long,V,2022-04-13,Long,-0.0022507196357294257,0.012566196005498576,-0.0034698057783065783,True,0.01139397302527767,0.015191964033703487,-0.008205560861546668,True,0.014910641965940385,0.04993667033868765,-0.008205560861546668,True,0.03465090843345897,0.05467242542192774,-0.057063806091538605,True,-0.09049562838242031,0.05467242542192774,-0.10934499393748087,True,20,True,True,True,True,False,False,4,6,TARGET_BEFORE_STOP,True,True,False,True,False,10,7,STOP_BEFORE_TARGET,2022-04-14,2022-04-19,2022-04-21,2022-04-28,2022-05-12
V|2022-04-14T00:00:00|Long,V,2022-04-14,Long,0.001785821207774152,0.014286426245777806,-0.005968274137610252,True,0.023497345541416692,0.037736802911066514,-0.005968274137610252,True,-0.02171152433364254,0.05230511412182004,-0.022745413274121495,True,0.0015978739950541776,0.05705155210623136,-0.05493673364093765,True,-0.06372478963500883,0.05705155210623136,-0.10733585722322159,True,20,True,True,True,True,False,False,3,5,TARGET_BEFORE_STOP,True,True,True,False,False,4,6,TARGET_BEFORE_STOP,2022-04-18,2022-04-20,2022-04-22,2022-04-29,2022-05-13
V|2022-04-18T00:00:00|Long,V,2022-04-18,Long,0.011868456166574504,0.015668228956138286,-0.0034244768673333814,True,0.015386774909559975,0.05042923531612642,-0.0034244768673333814,True,-0.015105320862981664,0.05042923531612642,-0.03677814141405178,True,-0.007693387454779987,0.05516721212107756,-0.05662143908198447,True,-0.07205517071955958,0.05516721212107756,-0.10892715400926345,True,20,True,True,True,True,False,False,2,4,TARGET_BEFORE_STOP,True,True,True,False,False,3,5,TARGET_BEFORE_STOP,2022-04-19,2022-04-21,2022-04-25,2022-05-02,2022-05-16
V|2022-04-19T00:00:00|Long,V,2022-04-19,Long,0.009689366562170676,0.023736719742305512,0.007834967386725511,True,-0.03490959149667361,0.03810849020399165,-0.03592953226540674,True,-0.06768656027487041,0.03810849020399165,-0.06768656027487041,True,-0.03310152754133655,0.042790894103507116,-0.06768656027487041,True,-0.054241989400906854,0.042790894103507116,-0.1193787684947385,True,20,True,True,True,True,False,False,2,3,TARGET_BEFORE_STOP,False,True,False,True,False,,3,STOP_BEFORE_TARGET,2022-04-20,2022-04-22,2022-04-26,2022-05-03,2022-05-17
V|2022-04-20T00:00:00|Long,V,2022-04-20,Long,-0.006152699293810682,0.028146402827419648,-0.011203394360784658,True,-0.03599796400007427,0.028146402827419648,-0.05721103741762901,True,-0.016896977773200428,0.028146402827419648,-0.07663339775528555,True,-0.015014413492247858,0.03278387258255666,-0.07663339775528555,True,-0.08173005345375584,0.03278387258255666,-0.12782954771165445,True,20,True,True,True,False,True,False,6,2,STOP_BEFORE_TARGET,False,True,False,True,False,,2,STOP_BEFORE_TARGET,2022-04-21,2022-04-25,2022-04-27,2022-05-04,2022-05-18
V|2022-04-21T00:00:00|Long,V,2022-04-21,Long,-0.038253633153327304,0.0005082033351928583,-0.03927003982371291,True,-0.07091702961953417,0.0005082033351928583,-0.07091702961953417,True,0.01945025074254869,0.03917761999122038,-0.07091702961953417,True,-0.05179021304287046,0.03917761999122038,-0.07091702961953417,True,-0.08814969785200377,0.03917761999122038,-0.1224301241562813,True,20,True,True,True,False,True,False,5,1,STOP_BEFORE_TARGET,False,True,False,True,False,,1,STOP_BEFORE_TARGET,2022-04-22,2022-04-26,2022-04-28,2022-05-05,2022-05-19
V|2022-04-22T00:00:00|Long,V,2022-04-22,Long,0.00855069796298058,0.011336891151991324,-0.013642678401648234,True,0.028534382925754276,0.06547535669261406,-0.03396258888224546,True,0.023826712578638665,0.08051109503894005,-0.03396258888224546,True,-0.02570010516301513,0.08051109503894005,-0.03818992658966247,True,-0.04390642008955903,0.08051109503894005,-0.0875246259353677,True,20,True,True,True,False,True,False,3,2,STOP_BEFORE_TARGET,True,True,False,True,False,3,2,STOP_BEFORE_TARGET,2022-04-25,2022-04-27,2022-04-29,2022-05-06,2022-05-20
V|2022-04-25T00:00:00|Long,V,2022-04-25,Long,-0.04215285055187834,-0.006620621147192085,-0.04215285055187834,True,0.05101217846889261,0.0713503021923454,-0.04215285055187834,True,0.0075256101644249895,0.0713503021923454,-0.04215285055187834,True,-0.08073349461596213,0.0713503021923454,-0.08511548167153771,True,-0.0113836600351922,0.0713503021923454,-0.09526077776000397,True,20,True,True,True,False,True,False,2,1,STOP_BEFORE_TARGET,True,True,False,True,False,2,1,STOP_BEFORE_TARGET,2022-04-26,2022-04-28,2022-05-02,2022-05-09,2022-05-23
V|2022-04-26T00:00:00|Long,V,2022-04-26,Long,0.06469415271991141,0.10293384544994466,0.05942315557211342,True,0.05982097669904829,0.11849818920442612,0.05594231555721141,True,0.03709592853636279,0.11849818920442612,0.025708592799763785,True,-0.037394351289030014,0.11849818920442612,-0.05037297153336784,True,0.007608148845650975,0.11849818920442612,-0.05544509605600911,True,20,True,True,True,True,False,False,1,9,TARGET_BEFORE_STOP,True,True,True,False,False,1,9,TARGET_BEFORE_STOP,2022-04-27,2022-04-29,2022-05-03,2022-05-10,2022-05-24
V|2022-04-27T00:00:00|Long,V,2022-04-27,Long,0.030591766069245185,0.05053473464380809,0.02409977883984893,True,-0.012049889419924464,0.05053473464380809,-0.033394021185849665,True,0.0019149206526580809,0.05053473464380809,-0.041006953221560005,True,-0.08121993059677612,0.05053473464380809,-0.10807528524442822,True,-0.04796601860345062,0.05053473464380809,-0.11283921158861232,True,20,True,True,True,True,False,False,1,3,TARGET_BEFORE_STOP,True,True,True,False,False,1,3,TARGET_BEFORE_STOP,2022-04-28,2022-05-02,2022-05-04,2022-05-11,2022-05-25
V|2022-04-28T00:00:00|Long,V,2022-04-28,Long,-0.034124891934776524,0.002447173376103562,-0.03765973633952546,True,-0.054835520269654436,0.002447173376103562,-0.06521344670909845,True,-0.06988125583718163,0.002447173376103562,-0.07971538133764244,True,-0.12095532492728456,0.002447173376103562,-0.1391734170406912,True,-0.05488081396434341,0.002447173376103562,-0.1391734170406912,True,20,True,False,True,False,True,False,,1,STOP_BEFORE_TARGET,False,True,False,True,False,,1,STOP_BEFORE_TARGET,2022-04-29,2022-05-03,2022-05-05,2022-05-12,2022-05-26
V|2022-04-29T00:00:00|Long,V,2022-04-29,Long,-0.00750718372288961,-0.004645077982841528,-0.02894945820668393,True,0.006521838116658962,0.007835584529093165,-0.03659739535991924,True,-0.04837421912631501,0.007835584529093165,-0.06057337477755809,True,-0.06521845276039961,0.007835584529093165,-0.10875994652801524,True,-0.0011729929820883944,0.007835584529093165,-0.10875994652801524,True,20,True,False,True,False,True,False,,1,STOP_BEFORE_TARGET,False,True,False,True,False,,2,STOP_BEFORE_TARGET,2022-05-02,2022-05-04,2022-05-06,2022-05-13,2022-05-27
V|2022-05-02T00:00:00|Long,V,2022-05-02,Long,-0.014040567474318033,0.009833129310537592,-0.02486642337819911,True,-0.029735703315989626,0.015458820457294742,-0.0399942868808173,True,-0.08759986236576511,0.015458820457294742,-0.09194911861430888,True,-0.06486078239435955,0.015458820457294742,-0.10201863544456646,True,0.0030255727005237265,0.015458820457294742,-0.10201863544456646,True,20,True,False,True,False,True,False,,1,STOP_BEFORE_TARGET,False,True,False,True,False,,3,STOP_BEFORE_TARGET,2022-05-03,2022-05-05,2022-05-09,2022-05-16,2022-05-31
V|2022-05-03T00:00:00|Long,V,2022-05-03,Long,0.028576940849804,0.029919474329735518,-0.015487129676589162,True,-0.027522009501186218,0.029919474329735518,-0.0399884754292229,True,-0.07182583382669305,0.029919474329735518,-0.08434022124951746,True,-0.0218642002875582,0.029919474329735518,-0.08923092073360417,True,0.006568829752707561,0.029919474329735518,-0.08923092073360417,True,20,True,False,True,False,True,False,,2,STOP_BEFORE_TARGET,False,True,False,True,False,,3,STOP_BEFORE_TARGET,2022-05-04,2022-05-06,2022-05-10,2022-05-17,2022-06-01
V|2022-05-04T00:00:00|Long,V,2022-05-04,Long,-0.043259363203770884,0.00027968281465051703,-0.05337496140313136,True,-0.10031700467956584,0.00027968281465051703,-0.10460564047400123,True,-0.08297595887211573,0.00027968281465051703,-0.10977998593477112,True,-0.06773260530445635,0.00027968281465051703,-0.11453480717356546,True,0.0024706263692952923,0.0034029261281007805,-0.11453480717356546,True,20,True,False,True,False,True,False,,1,STOP_BEFORE_TARGET,False,True,False,True,False,,1,STOP_BEFORE_TARGET,2022-05-05,2022-05-09,2022-05-11,2022-05-18,2022-06-02
V|2022-05-05T00:00:00|Long,V,2022-05-05,Long,-0.011791064627631354,0.002338704515163492,-0.024459189914746604,True,-0.056811554034467915,0.002338704515163492,-0.06952837600141382,True,-0.05491134267600817,0.002338704515163492,-0.07449818814895293,True,-0.038345401312312344,0.002338704515163492,-0.07449818814895293,True,0.03610401581073397,0.04877214109784922,-0.07449818814895293,True,20,True,True,True,False,True,False,16,1,STOP_BEFORE_TARGET,False,True,False,True,False,,2,STOP_BEFORE_TARGET,2022-05-06,2022-05-10,2022-05-12,2022-05-19,2022-06-03
V|2022-05-06T00:00:00|Long,V,2022-05-06,Long,-0.0484173502100359,-0.010206129816915599,-0.05295338282872453,True,-0.030075958402685732,-0.010206129816915599,-0.058426218694355714,True,-0.01770048055930129,-0.010206129816915599,-0.06345532941137877,True,-0.018686561522815337,0.01301646432458825,-0.06345532941137877,True,0.04989643403872934,0.07277385846476814,-0.06345532941137877,True,20,True,True,True,False,True,False,14,1,STOP_BEFORE_TARGET,True,True,False,True,False,15,1,STOP_BEFORE_TARGET,2022-05-09,2022-05-11,2022-05-13,2022-05-20,2022-06-06
V|2022-05-09T00:00:00|Long,V,2022-05-09,Long,0.0030051908344801426,0.024611398963730657,-0.010518128390139214,True,0.005025913060638043,0.02756480478869827,-0.015803124620506814,True,0.024922267142972743,0.039067322726076714,-0.015803124620506814,True,0.0754404018579986,0.07751298815475227,-0.015803124620506814,True,0.1113989637305699,0.12735752244069776,-0.015803124620506814,True,20,True,True,False,True,False,False,4,,TARGET_BEFORE_STOP,True,False,True,False,False,6,,TARGET_BEFORE_STOP,2022-05-10,2022-05-12,2022-05-16,2022-05-23,2022-06-07
V|2022-05-10T00:00:00|Long,V,2022-05-10,Long,0.016220680648556085,0.02448602876500061,-0.01126153483805059,True,0.029186867667329475,0.03595408301087,-0.018751962229965002,True,0.05382786481239554,0.05796053887061792,-0.018751962229965002,True,0.04675071270872344,0.07428455804728484,-0.018751962229965002,True,0.10290318204630622,0.12397974880145823,-0.018751962229965002,True,20,True,True,False,True,False,False,3,,TARGET_BEFORE_STOP,True,False,True,False,False,5,,TARGET_BEFORE_STOP,2022-05-11,2022-05-13,2022-05-17,2022-05-24,2022-06-08
V|2022-05-11T00:00:00|Long,V,2022-05-11,Long,-0.013979259774987152,-0.0033550409618435806,-0.034414417600910685,True,0.005540851622239273,0.019418422334920526,-0.034414417600910685,True,0.0166226324327452,0.04442865717227451,-0.034414417600910685,True,0.03619354957811072,0.0571370751495357,-0.034414417600910685,True,0.0477328148199514,0.10603904270490738,-0.034414417600910685,True,20,True,True,True,False,True,False,4,1,STOP_BEFORE_TARGET,True,True,False,True,False,8,1,STOP_BEFORE_TARGET,2022-05-12,2022-05-16,2022-05-18,2022-05-25,2022-06-09
V|2022-05-12T00:00:00|Long,V,2022-05-12,Long,0.027117567014143695,0.0338711760792032,0.013043247736118646,True,0.05170902055047444,0.05583338538381555,0.009846902356494436,True,0.01752845220955468,0.05923599227125065,-0.003402606887435211,True,0.07516627179099333,0.0813012536640525,-0.003402606887435211,True,0.028561082905955715,0.12171985596622026,-0.003402606887435211,True,20,True,True,False,True,False,False,1,,TARGET_BEFORE_STOP,True,False,True,False,False,3,,TARGET_BEFORE_STOP,2022-05-13,2022-05-17,2022-05-19,2022-05-26,2022-06-10
V|2022-05-13T00:00:00|Long,V,2022-05-13,Long,-0.007127431608678347,0.003563754098746097,-0.016814691143736793,True,0.003814735641837652,0.031270446819906095,-0.016814691143736793,True,-0.0010038495835521521,0.031270446819906095,-0.029714391888264302,True,0.06851382546803242,0.07027054309204517,-0.029714391888264302,True,-0.034984697937930465,0.0921046353311703,-0.0409074640930579,True,20,True,True,True,True,False,False,3,4,TARGET_BEFORE_STOP,True,True,True,False,False,9,20,TARGET_BEFORE_STOP,2022-05-16,2022-05-18,2022-05-20,2022-05-27,2022-06-13
V|2022-05-16T00:00:00|Long,V,2022-05-16,Long,0.03129266729591196,0.03533696769342276,0.01182951502336227,True,-0.002224369075561561,0.038673521306765046,-0.022749102955056832,True,0.049289723069289915,0.0513119118373524,-0.022749102955056832,True,0.07259491829323728,0.08361563494798863,-0.022749102955056832,True,-0.02168744420949742,0.09994441391469522,-0.034022525709528684,True,20,True,True,True,True,False,False,1,3,TARGET_BEFORE_STOP,True,True,True,False,False,5,19,TARGET_BEFORE_STOP,2022-05-17,2022-05-19,2022-05-23,2022-05-31,2022-06-14
V|2022-05-17T00:00:00|Long,V,2022-05-17,Long,-0.01965683581782318,0.007156895656211804,-0.023872525084252416,True,-0.02436275108187802,0.007156895656211804,-0.05240197275199143,True,-0.006715662339154438,0.019411797616996074,-0.05240197275199143,True,0.029068591547947387,0.050735324036841334,-0.05240197275199143,True,-0.03843135459750302,0.0665686364267386,-0.0633333243575751,True,20,True,True,True,False,True,False,8,1,STOP_BEFORE_TARGET,True,True,False,True,False,9,2,STOP_BEFORE_TARGET,2022-05-18,2022-05-20,2022-05-24,2022-06-01,2022-06-15
V|2022-05-18T00:00:00|Long,V,2022-05-18,Long,-0.013100706555388975,0.0021500708233939125,-0.03340170884088822,True,0.03785185188011031,0.03985199760882829,-0.03340170884088822,True,0.01925091624070263,0.03985199760882829,-0.03340170884088822,True,0.07530375091223518,0.07630378562771511,-0.03340170884088822,True,-0.05470274584186752,0.0879543769925637,-0.062303147015479676,True,20,True,True,True,False,True,False,3,1,STOP_BEFORE_TARGET,True,True,False,True,False,7,1,STOP_BEFORE_TARGET,2022-05-19,2022-05-23,2022-05-25,2022-06-02,2022-06-16
V|2022-05-19T00:00:00|Long,V,2022-05-19,Long,0.008410618144484294,0.021735869945047614,-0.01697315158131063,True,0.026650503601126863,0.053655630838881585,-0.01697315158131063,True,0.056644921777153856,0.06267421939506024,-0.01697315158131063,True,0.07741804305271649,0.09059130225035639,-0.01697315158131063,True,-0.03729037235868404,0.10239655071110265,-0.05806349363424668,True,20,True,True,True,True,False,False,2,16,TARGET_BEFORE_STOP,True,True,True,False,False,2,16,TARGET_BEFORE_STOP,2022-05-20,2022-05-24,2022-05-26,2022-06-03,2022-06-17
V|2022-05-20T00:00:00|Long,V,2022-05-20,Long,0.04285785475362314,0.04486764803969456,0.00874242829641747,True,0.024167198854919913,0.04486764803969456,0.0,True,0.06958753046506216,0.07134601334137813,0.0,True,0.06988898029152923,0.09320204574953439,0.0,True,-0.023313065458005156,0.09320204574953439,-0.06591968646764745,True,20,True,True,True,True,False,False,1,15,TARGET_BEFORE_STOP,True,True,True,False,False,4,15,TARGET_BEFORE_STOP,2022-05-23,2022-05-25,2022-05-27,2022-06-06,2022-06-21
V|2022-05-23T00:00:00|Long,V,2022-05-23,Long,-0.023752133039939616,-0.013923681940845034,-0.0410965449972549,True,0.004769731667030763,0.010503025439451141,-0.0410965449972549,True,0.022210448374331726,0.03271347381378287,-0.0410965449972549,True,0.03343612701405574,0.048275218685297494,-0.0410965449972549,True,-0.06619767968775503,0.048275218685297494,-0.10430716010377972,True,20,True,True,True,False,True,False,5,1,STOP_BEFORE_TARGET,False,True,False,True,False,,1,STOP_BEFORE_TARGET,2022-05-24,2022-05-26,2022-05-31,2022-06-07,2022-06-22
V|2022-05-24T00:00:00|Long,V,2022-05-24,Long,0.005971432788435704,0.011449400431942092,-0.01065984113931484,True,0.050584808532812886,0.05231204949561574,-0.01065984113931484,True,0.03602619363894588,0.05783941636620482,-0.01065984113931484,True,0.053644548463955166,0.07377977884809428,-0.01065984113931484,True,-0.029561295705580637,0.07377977884809428,-0.0825149327236746,True,20,True,True,True,True,False,False,2,13,TARGET_BEFORE_STOP,True,True,True,False,False,3,13,TARGET_BEFORE_STOP,2022-05-25,2022-05-27,2022-06-01,2022-06-08,2022-06-23
V|2022-05-25T00:00:00|Long,V,2022-05-25,Long,0.023106391279853478,0.02894431544971887,0.004071830092063244,True,0.040865394332359806,0.05156009593035571,0.004071830092063244,True,0.05499414695477722,0.05597529369651211,0.004071830092063244,True,0.011136206403271842,0.06740583663663458,0.004071830092063244,True,0.008192691321369017,0.06740583663663458,-0.08796111164592069,True,20,True,True,True,True,False,False,2,11,TARGET_BEFORE_STOP,True,True,True,False,False,3,12,TARGET_BEFORE_STOP,2022-05-26,2022-05-31,2022-06-02,2022-06-09,2022-06-24
V|2022-05-26T00:00:00|Long,V,2022-05-26,Long,0.020762415572729953,0.02244062626371557,0.005226546736708082,True,0.006617068347301691,0.027811090706713504,0.0012946740278585445,True,0.019659509876434944,0.03212657324478374,0.0012946740278585445,True,-0.043346959542735375,0.043298962585274214,-0.04492932265098615,True,-0.0239271417892315,0.043298962585274214,-0.10855909402230823,True,20,True,True,True,True,False,False,4,10,TARGET_BEFORE_STOP,False,True,False,True,False,,10,STOP_BEFORE_TARGET,2022-05-27,2022-06-01,2022-06-03,2022-06-10,2022-06-27
V|2022-05-27T00:00:00|Long,V,2022-05-27,Long,-0.003335243787964237,0.006905304335709461,-0.017709527367477662,True,0.010193527429407379,0.011133009502194202,-0.0190717656213355,True,0.00028183745404719573,0.022078151260986,-0.0190717656213355,True,-0.09686212844333408,0.022078151260986,-0.10240512284729797,True,-0.06933488081114136,0.022078151260986,-0.12669109640217147,True,20,True,False,True,False,True,False,,8,STOP_BEFORE_TARGET,False,True,False,True,False,,8,STOP_BEFORE_TARGET,2022-05-31,2022-06-02,2022-06-06,2022-06-13,2022-06-28
V|2022-05-31T00:00:00|Long,V,2022-05-31,Long,-0.010557597739999092,0.009143622840876331,-0.015789182606576913,True,0.0022623166879458534,0.014516669923342107,-0.015789182606576913,True,0.010981768634410694,0.0254984385577528,-0.015789182606576913,True,-0.08790118328432983,0.0254984385577528,-0.09940140698449373,True,-0.059716257144219465,0.0254984385577528,-0.12376865123939818,True,20,True,False,True,False,True,False,,7,STOP_BEFORE_TARGET,False,True,False,True,False,,8,STOP_BEFORE_TARGET,2022-06-01,2022-06-03,2022-06-07,2022-06-14,2022-06-29
V|2022-06-01T00:00:00|Long,V,2022-06-01,Long,0.02438913235177398,0.025341816366539982,0.005478060283884867,True,0.014338159722959265,0.03644076321713685,0.005478060283884867,True,0.017005704038356884,0.03644076321713685,0.0037631999832532514,True,-0.06559324295761038,0.03644076321713685,-0.08979179489535227,True,-0.062115913595404915,0.03644076321713685,-0.11441904373696943,True,20,True,True,True,True,False,False,3,7,TARGET_BEFORE_STOP,False,True,False,True,False,,7,STOP_BEFORE_TARGET,2022-06-02,2022-06-06,2022-06-08,2022-06-15,2022-06-30
V|2022-06-02T00:00:00|Long,V,2022-06-02,Long,-0.011160237717810273,-0.0039060512716591056,-0.01757730167707605,True,-0.0025575589116613173,0.011764700039032183,-0.02013486058873737,True,-0.041571738268027736,0.011764700039032183,-0.04199022855686063,True,-0.1209021140713138,0.011764700039032183,-0.12797025753046598,True,-0.07379683864574049,0.011764700039032183,-0.13550336654789574,True,20,True,False,True,False,True,False,,3,STOP_BEFORE_TARGET,False,True,False,True,False,,5,STOP_BEFORE_TARGET,2022-06-03,2022-06-07,2022-06-09,2022-06-16,2022-07-01
V|2022-06-03T00:00:00|Long,V,2022-06-03,Long,0.0013637834622419742,0.02318367305935687,-0.0026334238169146706,True,0.003997207279156534,0.02318367305935687,-0.00907591220868198,True,-0.06179167536701102,0.02318367305935687,-0.0633435297781394,True,-0.10646602416865969,0.02318367305935687,-0.12574648954559442,True,-0.056948041184739395,0.02318367305935687,-0.12574648954559442,True,20,True,False,True,False,True,False,,4,STOP_BEFORE_TARGET,False,True,False,True,False,,4,STOP_BEFORE_TARGET,2022-06-06,2022-06-08,2022-06-10,2022-06-17,2022-07-05
V|2022-06-06T00:00:00|Long,V,2022-06-06,Long,0.007325995776782168,0.009533195998978394,-0.010425477577018394,True,-0.03207477107517209,0.012350919755137024,-0.03249740814128832,True,-0.09711659480355617,0.012350919755137024,-0.10265802742425856,True,-0.087113754292654,0.012350919755137024,-0.1269371582107246,True,-0.05550862772940568,0.012350919755137024,-0.1269371582107246,True,20,True,False,True,False,True,False,,3,STOP_BEFORE_TARGET,False,True,False,True,False,,3,STOP_BEFORE_TARGET,2022-06-07,2022-06-09,2022-06-13,2022-06-21,2022-07-06
V|2022-06-07T00:00:00|Long,V,2022-06-07,Long,-0.004662004662004615,0.004988379133886944,-0.007785539249162254,True,-0.06988347549260632,0.004988379133886944,-0.0714219455674534,True,-0.097808837890625,0.004988379133886944,-0.10918414064776372,True,-0.0964102222647144,0.004988379133886944,-0.1332866962139423,True,-0.054545440318145344,0.004988379133886944,-0.1332866962139423,True,20,True,False,True,False,True,False,,2,STOP_BEFORE_TARGET,False,True,False,True,False,,2,STOP_BEFORE_TARGET,2022-06-08,2022-06-10,2022-06-14,2022-06-22,2022-07-07
V|2022-06-08T00:00:00|Long,V,2022-06-08,Long,-0.03461358027938377,0.0009836380040617598,-0.035035108794093994,True,-0.09948480324667008,0.0009836380040617598,-0.10501170102550494,True,-0.08121778144211067,0.0009836380040617598,-0.10501170102550494,True,-0.07896955789391835,0.0009836380040617598,-0.12922714912360944,True,-0.046510504336211955,0.0009836380040617598,-0.12922714912360944,True,20,True,False,True,False,True,False,,1,STOP_BEFORE_TARGET,False,True,False,True,False,,1,STOP_BEFORE_TARGET,2022-06-09,2022-06-13,2022-06-15,2022-06-23,2022-07-08
V|2022-06-09T00:00:00|Long,V,2022-06-09,Long,-0.032021765484309794,-0.013051295101840665,-0.03362286116175128,True,-0.0610838692960457,-0.013051295101840665,-0.07292221985730285,True,-0.08277132360426054,-0.013051295101840665,-0.09014604714004126,True,-0.0029110965103044117,-0.0022803416588778047,-0.09800590407269971,True,-0.005094381876902809,0.004754721870054768,-0.09800590407269971,True,20,True,False,True,False,True,False,,1,STOP_BEFORE_TARGET,False,True,False,True,False,,1,STOP_BEFORE_TARGET,2022-06-10,2022-06-14,2022-06-16,2022-06-24,2022-07-11
V|2022-06-10T00:00:00|Long,V,2022-06-10,Long,-0.036339031625563956,-0.01814442993763632,-0.04225348557910169,True,-0.016791092862326606,-0.003408313841429922,-0.04225348557910169,True,-0.047616662130049336,-0.003408313841429922,-0.06816696516053777,True,0.02029975020433894,0.03799309327731426,-0.06816696516053777,True,0.02661527223489979,0.043155735789750294,-0.06816696516053777,True,20,True,True,True,False,True,False,9,1,STOP_BEFORE_TARGET,False,True,False,True,False,,1,STOP_BEFORE_TARGET,2022-06-13,2022-06-15,2022-06-17,2022-06-27,2022-07-12
V|2022-06-13T00:00:00|Long,V,2022-06-13,Long,0.0065536762801696735,0.010818692866345181,-0.0026526293633999387,True,-0.01669609667529659,0.03417251384549025,-0.024602079801738896,True,0.011078773242848339,0.03417251384549025,-0.03302814431579937,True,0.030479562976078345,0.07713514123983489,-0.03302814431579937,True,0.06184333573995637,0.08249246366116814,-0.03302814431579937,True,20,True,True,True,True,False,False,2,3,TARGET_BEFORE_STOP,True,True,False,True,False,8,4,STOP_BEFORE_TARGET,2022-06-14,2022-06-16,2022-06-21,2022-06-28,2022-07-13
V|2022-06-14T00:00:00|Long,V,2022-06-14,Long,0.013641997371659498,0.02743901116867331,-0.0066660216847951315,True,-0.018137710252854156,0.02743901116867331,-0.039324103153890344,True,0.001550243102182991,0.02743901116867331,-0.039324103153890344,True,0.03090117608265297,0.07012190867009394,-0.039324103153890344,True,0.06402438567645086,0.07544434953696522,-0.039324103153890344,True,20,True,True,True,False,True,False,7,2,STOP_BEFORE_TARGET,True,True,False,True,False,7,2,STOP_BEFORE_TARGET,2022-06-15,2022-06-17,2022-06-22,2022-06-29,2022-07-14
V|2022-06-15T00:00:00|Long,V,2022-06-15,Long,-0.03624592413139793,-0.02186994527340813,-0.04399472227619805,True,-0.009023267941561719,0.0029057506871355,-0.05225326166722488,True,0.002446960229292472,0.006627258500652822,-0.05225326166722488,True,0.0037214300260541844,0.05571978217643414,-0.05225326166722488,True,0.07075851022072821,0.0792720369160631,-0.05225326166722488,True,20,True,True,True,False,True,False,6,1,STOP_BEFORE_TARGET,True,True,False,True,False,7,1,STOP_BEFORE_TARGET,2022-06-16,2022-06-21,2022-06-23,2022-06-30,2022-07-15
V|2022-06-16T00:00:00|Long,V,2022-06-16,Long,0.00507797640614327,0.011954480139400925,-0.01660935910584871,True,0.02523144245152431,0.04062413410106447,-0.01660935910584871,True,0.08706686691018839,0.08775454149740813,-0.01660935910584871,True,0.05358365226394657,0.09542445382131981,-0.01660935910584871,True,0.0960592614068223,0.12620999854635917,-0.01660935910584871,True,20,True,True,False,True,False,False,2,,TARGET_BEFORE_STOP,True,False,True,False,False,5,,TARGET_BEFORE_STOP,2022-06-17,2022-06-22,2022-06-24,2022-07-01,2022-07-18
V|2022-06-17T00:00:00|Long,V,2022-06-17,Long,0.02305144471047771,0.03536656710161301,0.019577923942149855,True,0.034892927080075076,0.03920852809015374,0.005368161159671203,True,0.07131205433128063,0.08989001802450036,0.005368161159671203,True,0.05541813106530058,0.08989001802450036,0.005368161159671203,True,0.12446718509021681,0.12683546550309788,0.005368161159671203,True,20,True,True,False,True,False,False,1,,TARGET_BEFORE_STOP,True,False,True,False,False,4,,TARGET_BEFORE_STOP,2022-06-21,2022-06-23,2022-06-27,2022-07-05,2022-07-19
V|2022-06-21T00:00:00|Long,V,2022-06-21,Long,-0.0029322087927330376,0.010288595124644528,-0.017284842949232937,True,0.05720456377438343,0.05787334757612572,-0.017284842949232937,True,0.019188207928651835,0.06533256334234272,-0.017284842949232937,True,0.03462110061561874,0.06533256334234272,-0.017284842949232937,True,0.09763874575406661,0.1015484621387126,-0.017284842949232937,True,20,True,True,False,True,False,False,3,,TARGET_BEFORE_STOP,True,False,True,False,False,3,,TARGET_BEFORE_STOP,2022-06-22,2022-06-24,2022-06-28,2022-07-06,2022-07-20
V|2022-06-22T00:00:00|Long,V,2022-06-22,Long,0.014549540598832289,0.01878030777059836,-0.0019090411825112286,True,0.05025275960330622,0.06846552735638922,-0.0019090411825112286,True,0.029305502327630517,0.06846552735638922,-0.0019090411825112286,True,0.04633162412648906,0.06846552735638922,-0.005004649592652899,True,0.11541633614618196,0.11907948457383877,-0.005004649592652899,True,20,True,True,False,True,False,False,2,,TARGET_BEFORE_STOP,True,False,True,False,False,2,,TARGET_BEFORE_STOP,2022-06-23,2022-06-27,2022-06-29,2022-07-07,2022-07-21
V|2022-06-23T00:00:00|Long,V,2022-06-23,Long,0.04510778653742431,0.04576891796142757,0.0044243039050442245,True,0.007526422559666512,0.05314278366902947,0.004373477486884214,True,0.0012713588322619263,0.05314278366902947,-0.01927376575415274,True,0.03524210718104337,0.05314278366902947,-0.01927376575415274,True,0.0867575142979371,0.10898091945223243,-0.01927376575415274,True,20,True,True,False,True,False,False,1,,TARGET_BEFORE_STOP,True,False,True,False,False,2,,TARGET_BEFORE_STOP,2022-06-24,2022-06-28,2022-06-30,2022-07-08,2022-07-22
V|2022-06-24T00:00:00|Long,V,2022-06-24,Long,-0.00948857476699183,0.007688199471009849,-0.014111206140818178,True,-0.02924429306349885,0.007688199471009849,-0.03985201402136562,True,-0.030801430588545564,0.007688199471009849,-0.06160278692868726,True,-0.002189659677243716,0.007688199471009849,-0.06160278692868726,True,0.04262571164310747,0.061116311386816946,-0.06160278692868726,True,20,True,True,True,False,True,False,14,2,STOP_BEFORE_TARGET,True,True,False,True,False,18,2,STOP_BEFORE_TARGET,2022-06-27,2022-06-29,2022-07-01,2022-07-11,2022-07-25
V|2022-06-27T00:00:00|Long,V,2022-06-27,Long,-0.02672431964359978,0.01586753667851326,-0.029770080719564773,True,-0.03276674321547579,0.01586753667851326,-0.05261343870863089,True,-0.014835941779728357,0.01586753667851326,-0.05261343870863089,True,0.0061898692313666626,0.022401245889586807,-0.05261343870863089,True,0.04386916900016091,0.07128124356283894,-0.05261343870863089,True,20,True,True,True,False,True,False,13,1,STOP_BEFORE_TARGET,True,True,False,True,False,15,2,STOP_BEFORE_TARGET,2022-06-28,2022-06-30,2022-07-05,2022-07-12,2022-07-26
V|2022-06-28T00:00:00|Long,V,2022-06-28,Long,0.006965500286814752,0.012719585779165543,-0.004037895279048187,True,0.005350280560862952,0.012719585779165543,-0.02659998558224619,True,0.015142338350177642,0.02215828537170994,-0.02659998558224619,True,0.030436093922423968,0.050474461167258955,-0.02659998558224619,True,0.06233599034873105,0.10069661164301391,-0.02659998558224619,True,20,True,True,True,False,True,False,7,2,STOP_BEFORE_TARGET,True,False,True,False,False,9,,TARGET_BEFORE_STOP,2022-06-29,2022-07-01,2022-07-06,2022-07-13,2022-07-27
V|2022-06-29T00:00:00|Long,V,2022-06-29,Long,-0.013082709826323646,-0.003258114769345233,-0.03333330273927004,True,0.005212998927984103,0.005363445234179087,-0.03333330273927004,True,0.016541368680490276,0.01969921140742481,-0.03333330273927004,True,0.03213034417097438,0.04320799557487476,-0.03333330273927004,True,0.059398526834664844,0.09308274347979317,-0.03333330273927004,True,20,True,True,True,False,True,False,7,1,STOP_BEFORE_TARGET,True,True,False,True,False,11,1,STOP_BEFORE_TARGET,2022-06-30,2022-07-05,2022-07-07,2022-07-14,2022-07-28
V|2022-06-30T00:00:00|Long,V,2022-06-30,Long,0.011630825807464662,0.014779844944538878,-0.011072135113713966,True,0.021484055770490507,0.028543832264763536,-0.013967189844709682,True,0.033927614176840315,0.036619466383350785,-0.013967189844709682,True,0.06678853134871687,0.07527049301721878,-0.013967189844709682,True,0.07730205326773598,0.1075727969944007,-0.013967189844709682,True,20,True,True,False,True,False,False,4,,TARGET_BEFORE_STOP,True,False,True,False,False,6,,TARGET_BEFORE_STOP,2022-07-01,2022-07-06,2022-07-08,2022-07-15,2022-07-29
V|2022-07-01T00:00:00|Long,V,2022-07-01,Long,0.006827998093992038,0.006978686110808985,-0.025303712578887083,True,0.01817456827538444,0.02133748446771966,-0.025303712578887083,True,0.02952106184873582,0.03795568378039227,-0.025303712578887083,True,0.040315364661936304,0.06893268144997577,-0.025303712578887083,True,0.061150760028375606,0.09483891627200758,-0.025303712578887083,True,20,True,True,True,False,True,False,5,1,STOP_BEFORE_TARGET,True,False,True,False,False,9,,TARGET_BEFORE_STOP,2022-07-05,2022-07-07,2022-07-11,2022-07-18,2022-08-01
V|2022-07-05T00:00:00|Long,V,2022-07-05,Long,0.0028922003115214867,0.009823483029104851,-0.009324798941821921,True,0.015109275653373944,0.017752133921254076,-0.009324798941821921,True,0.021342446301866325,0.03779795594307944,-0.009324798941821921,True,0.06542341086676307,0.06766733708251849,-0.012765521313951145,True,0.028522994974582216,0.08741405517588663,-0.012765521313951145,True,20,True,True,False,True,False,False,4,,TARGET_BEFORE_STOP,True,False,True,False,False,8,,TARGET_BEFORE_STOP,2022-07-06,2022-07-08,2022-07-12,2022-07-19,2022-08-02
V|2022-07-06T00:00:00|Long,V,2022-07-06,Long,0.008353261611762752,0.011485668330728505,-0.005369937635615996,True,0.019590306966299043,0.027943568578061795,-0.005369937635615996,True,0.015065626754472428,0.03480509233267082,-0.008054868518883818,True,0.06090891158217371,0.06468779873450381,-0.015612566954463336,True,0.03659507154454267,0.08427810570080263,-0.015612566954463336,True,20,True,True,False,True,False,False,4,,TARGET_BEFORE_STOP,True,False,True,False,False,7,,TARGET_BEFORE_STOP,2022-07-07,2022-07-11,2022-07-13,2022-07-20,2022-08-03
V|2022-07-07T00:00:00|Long,V,2022-07-07,Long,0.003796865191685539,0.006410271361909414,-0.011538443307091195,True,0.009960573185718413,0.026232702097504168,-0.011538443307091195,True,0.015335308498776623,0.026232702097504168,-0.023767294140467077,True,0.06602563702245656,0.06952658102834453,-0.023767294140467077,True,0.05261340240819501,0.07529587792246617,-0.023767294140467077,True,20,True,True,True,False,True,False,6,5,STOP_BEFORE_TARGET,True,False,True,False,False,8,,TARGET_BEFORE_STOP,2022-07-08,2022-07-12,2022-07-14,2022-07-21,2022-08-04
V|2022-07-08T00:00:00|Long,V,2022-07-08,Long,0.007319301374302922,0.01557202954704695,-0.00771237052479079,True,0.0028490767372322257,0.022350973273396635,-0.01999315801829582,True,0.031782609073691015,0.03998624108061333,-0.02745989780202085,True,0.04976169995361723,0.07122856746232942,-0.02745989780202085,True,0.060421414503262216,0.07122856746232942,-0.02745989780202085,True,20,True,True,True,False,True,False,5,4,STOP_BEFORE_TARGET,True,False,True,False,False,7,,TARGET_BEFORE_STOP,2022-07-11,2022-07-13,2022-07-15,2022-07-22,2022-08-05
V|2022-07-11T00:00:00|Long,V,2022-07-11,Long,-0.0011703415450711185,0.014922449990371067,-0.011216244412080467,True,0.004145158069031707,0.014922449990371067,-0.03452648939504477,True,0.010484780946411032,0.0382815088119397,-0.03452648939504477,True,0.04491371707558667,0.06344489378971896,-0.03452648939504477,True,0.04028094149988859,0.06344489378971896,-0.03452648939504477,True,20,True,True,True,False,True,False,4,2,STOP_BEFORE_TARGET,True,True,False,True,False,8,3,STOP_BEFORE_TARGET,2022-07-12,2022-07-14,2022-07-18,2022-07-25,2022-08-08
V|2022-07-12T00:00:00|Long,V,2022-07-12,Long,-0.0032712303670303644,0.003661751651110823,-0.025974060804506593,True,0.02548572295308582,0.03363928885493084,-0.03339523167701253,True,0.043159828248113374,0.04535686433907449,-0.03339523167701253,True,0.03744750461220381,0.06469094583629209,-0.03339523167701253,True,0.02655984273062728,0.06469094583629209,-0.03339523167701253,True,20,True,True,True,False,True,False,3,1,STOP_BEFORE_TARGET,True,True,False,True,False,7,2,STOP_BEFORE_TARGET,2022-07-13,2022-07-15,2022-07-19,2022-07-26,2022-08-09
V|2022-07-13T00:00:00|Long,V,2022-07-13,Long,0.008621160020790608,0.00945387211497506,-0.03022286727117829,True,0.014989041924411861,0.04290967439394988,-0.03022286727117829,True,0.04516287776808947,0.04888567859271431,-0.03022286727117829,True,0.030957665996421024,0.06818522578449171,-0.03022286727117829,True,0.03894201540394038,0.06818522578449171,-0.03022286727117829,True,20,True,True,True,False,True,False,2,1,STOP_BEFORE_TARGET,True,True,False,True,False,6,1,STOP_BEFORE_TARGET,2022-07-14,2022-07-18,2022-07-20,2022-07-27,2022-08-10
V|2022-07-14T00:00:00|Long,V,2022-07-14,Long,0.0200572558427059,0.02816766037882945,0.006167689724078995,True,0.03763780225421898,0.03982320820943741,0.0035452173986503244,True,0.049924717577908284,0.053372784415123276,0.0035452173986503244,True,0.0264193207938217,0.059054943644522906,-0.022874103395171264,True,0.025108047579024406,0.059054943644522906,-0.022874103395171264,True,20,True,True,True,True,False,False,2,9,TARGET_BEFORE_STOP,True,False,True,False,False,5,,TARGET_BEFORE_STOP,2022-07-15,2022-07-19,2022-07-21,2022-07-28,2022-08-11
V|2022-07-15T00:00:00|Long,V,2022-07-15,Long,-0.013473560572868637,0.013664113824583879,-0.016187364336146426,True,0.0158541322486061,0.01947253726630982,-0.016187364336146426,True,0.0174252703251776,0.03823088123577878,-0.016187364336146426,True,0.009855300849294979,0.03823088123577878,-0.04208720539163269,True,0.006141728176331185,0.03823088123577878,-0.04208720539163269,True,20,True,True,True,True,False,False,4,8,TARGET_BEFORE_STOP,False,True,False,True,False,,8,STOP_BEFORE_TARGET,2022-07-18,2022-07-20,2022-07-22,2022-07-29,2022-08-12
V|2022-07-18T00:00:00|Long,V,2022-07-18,Long,0.031127825583968427,0.033299520645315495,0.0033298931531331455,True,0.04333765472986739,0.046764088937065296,0.0033298931531331455,True,0.03407170179933816,0.052410599191514695,0.0033298931531331455,True,0.0200279608224474,0.052410599191514695,-0.029004437869277866,True,0.04444761911424511,0.052410599191514695,-0.029004437869277866,True,20,True,True,True,True,False,False,1,7,TARGET_BEFORE_STOP,True,False,True,False,False,4,,TARGET_BEFORE_STOP,2022-07-19,2022-07-21,2022-07-25,2022-08-01,2022-08-15
V|2022-07-19T00:00:00|Long,V,2022-07-19,Long,-0.0013573366093380113,0.00219976229826524,-0.011466801957547013,True,0.00018718190324507056,0.02064028637331461,-0.011466801957547013,True,-0.005475981226676363,0.02064028637331461,-0.011466801957547013,True,-0.03463450823007619,0.02064028637331461,-0.058316982590583266,True,0.016287539398541107,0.02064028637331461,-0.058316982590583266,True,20,True,False,True,False,True,False,,6,STOP_BEFORE_TARGET,False,True,False,True,False,,6,STOP_BEFORE_TARGET,2022-07-20,2022-07-22,2022-07-26,2022-08-02,2022-08-16
V|2022-07-20T00:00:00|Long,V,2022-07-20,Long,0.013216513046597544,0.016544026152121916,-0.0029994816717173745,True,0.004218068031445199,0.022027521744329093,-0.008201715517867747,True,-0.013591385681438695,0.022027521744329093,-0.057037064476949006,True,-0.022917933643681887,0.022027521744329093,-0.057037064476949006,True,0.005389741676854909,0.022027521744329093,-0.057037064476949006,True,20,True,False,True,False,True,False,,5,STOP_BEFORE_TARGET,False,True,False,True,False,,5,STOP_BEFORE_TARGET,2022-07-21,2022-07-25,2022-07-27,2022-08-03,2022-08-17
V|2022-07-21T00:00:00|Long,V,2022-07-21,Long,-0.01151767179353691,0.008696076884138204,-0.01882606632247874,True,-0.017114560832871994,0.008696076884138204,-0.021138846720987314,True,-0.022387697318253186,0.008696076884138204,-0.0693371817562507,True,-0.012581531014323022,0.008696076884138204,-0.0693371817562507,True,-0.004348038442069102,0.008696076884138204,-0.0693371817562507,True,20,True,False,True,False,True,False,,2,STOP_BEFORE_TARGET,False,True,False,True,False,,4,STOP_BEFORE_TARGET,2022-07-22,2022-07-26,2022-07-28,2022-08-04,2022-08-18
V|2022-07-22T00:00:00|Long,V,2022-07-22,Long,0.002667324905750057,0.005147431535911684,-0.00973327964790971,True,-0.015114626924030206,0.014740333178555831,-0.05849321562240117,True,-0.007440319890485214,0.014740333178555831,-0.05849321562240117,True,0.010154413663706618,0.014740333178555831,-0.05849321562240117,True,-0.004117873825878249,0.018296694983371387,-0.05849321562240117,True,20,True,False,True,False,True,False,,3,STOP_BEFORE_TARGET,False,True,False,True,False,,3,STOP_BEFORE_TARGET,2022-07-25,2022-07-27,2022-07-29,2022-08-05,2022-08-19
V|2022-07-25T00:00:00|Long,V,2022-07-25,Long,-0.008307270004220824,0.004106919337643067,-0.011760882168353137,True,-0.013627657211563338,0.012040891303544354,-0.06099783947173132,True,-0.013581012759999234,0.012040891303544354,-0.06099783947173132,True,-0.004433644137301629,0.012040891303544354,-0.06099783947173132,True,-0.026415287017553024,0.015587792370804987,-0.06099783947173132,True,20,True,False,True,False,True,False,,2,STOP_BEFORE_TARGET,False,True,False,True,False,,2,STOP_BEFORE_TARGET,2022-07-26,2022-07-28,2022-08-01,2022-08-08,2022-08-22
V|2022-07-26T00:00:00|Long,V,2022-07-26,Long,-0.009506349570525652,0.02051861498253782,-0.05313195092973477,True,-0.0017883423831184242,0.02051861498253782,-0.05313195092973477,True,-0.029319077722592235,0.02051861498253782,-0.05313195092973477,True,-0.010494662942628907,0.02051861498253782,-0.05313195092973477,True,-0.0267777415140088,0.024095227939331165,-0.05313195092973477,True,20,True,False,True,False,True,False,,1,STOP_BEFORE_TARGET,False,True,False,True,False,,1,STOP_BEFORE_TARGET,2022-07-27,2022-07-29,2022-08-02,2022-08-09,2022-08-23
V|2022-07-27T00:00:00|Long,V,2022-07-27,Long,0.00418114162450034,0.010690359609209166,-0.012115755390165184,True,0.004228628234363763,0.017532201358885446,-0.013826215827584365,True,-0.00945505526498902,0.017532201358885446,-0.03107335253000687,True,0.007744594827570062,0.029267846374219753,-0.03107335253000687,True,-0.018054844061948017,0.03392407159327804,-0.03107335253000687,True,20,True,True,True,False,True,False,14,4,STOP_BEFORE_TARGET,False,True,False,True,False,,4,STOP_BEFORE_TARGET,2022-07-28,2022-08-01,2022-08-03,2022-08-10,2022-08-24
V|2022-07-28T00:00:00|Long,V,2022-07-28,Long,0.0035959048255891357,0.013295469493468826,-0.0071918818479544955,True,-0.02408332836378857,0.013295469493468826,-0.03510770387250517,True,0.010030731279700777,0.016702146568985388,-0.03510770387250517,True,-0.001277521952512739,0.024982250422603824,-0.03510770387250517,True,-0.007239170736278555,0.029619088365532953,-0.03510770387250517,True,20,True,False,True,False,True,False,,3,STOP_BEFORE_TARGET,False,True,False,True,False,,3,STOP_BEFORE_TARGET,2022-07-29,2022-08-02,2022-08-04,2022-08-11,2022-08-25
V|2022-07-29T00:00:00|Long,V,2022-07-29,Long,-0.0035359011731735945,0.008863348627611733,-0.021451148171538703,True,-0.017113784698350232,0.008863348627611733,-0.038564932869888935,True,0.017726625317129985,0.018103796741506528,-0.038564932869888935,True,-0.003677331465053113,0.021309717879659296,-0.038564932869888935,True,-0.04346801751059526,0.025929941936606582,-0.04436379065122753,True,20,True,False,True,False,True,False,,1,STOP_BEFORE_TARGET,False,True,False,True,False,,2,STOP_BEFORE_TARGET,2022-08-01,2022-08-03,2022-08-05,2022-08-12,2022-08-26
V|2022-08-01T00:00:00|Long,V,2022-08-01,Long,-0.024129476196007582,-0.011922805948068826,-0.035153330398913774,True,0.009982970307808703,0.01665407012819875,-0.035153330398913774,True,0.009273309558134102,0.024933782443426145,-0.035153330398913774,True,0.02394018520051966,0.025454224390975,-0.035153330398913774,True,-0.0427233097711045,0.029570401125812218,-0.05081380328420604,True,20,True,False,True,False,True,False,,1,STOP_BEFORE_TARGET,False,True,False,True,False,,1,STOP_BEFORE_TARGET,2022-08-02,2022-08-04,2022-08-08,2022-08-15,2022-08-29
V|2022-08-02T00:00:00|Long,V,2022-08-02,Long,0.010763120720579389,0.019732412647203157,0.0030059652501155387,True,0.046591684603351835,0.04697955347363836,0.0030059652501155387,True,0.019392999643793818,0.05027640188186311,0.0030059652501155387,True,0.052748982704214686,0.05502766608063436,0.0030059652501155387,True,-0.023659409260101127,0.05502766608063436,-0.029331852778500145,True,20,True,True,True,True,False,False,2,19,TARGET_BEFORE_STOP,True,False,True,False,False,4,,TARGET_BEFORE_STOP,2022-08-03,2022-08-05,2022-08-09,2022-08-16,2022-08-30
V|2022-08-03T00:00:00|Long,V,2022-08-03,Long,0.023935176493794064,0.030698432878123905,0.0003357987608088031,True,0.023215712278721767,0.03909252361039295,0.0003357987608088031,True,0.01736382602725839,0.03909252361039295,0.0003357987608088031,True,0.02897164557128784,0.04379319392707792,0.0003357987608088031,True,-0.046862956705161274,0.04379319392707792,-0.04719875546597019,True,20,True,True,True,True,False,False,1,17,TARGET_BEFORE_STOP,False,True,False,True,False,,18,STOP_BEFORE_TARGET,2022-08-04,2022-08-08,2022-08-10,2022-08-17,2022-08-31
V|2022-08-04T00:00:00|Long,V,2022-08-04,Long,0.011242768926595259,0.011617537421452662,-0.013912967647536023,True,-0.015037273132108231,0.01480303388784976,-0.017426341872069817,True,-0.011195949669656202,0.01480303388784976,-0.017426341872069817,True,0.00833840244117745,0.019393822860234833,-0.017426341872069817,True,-0.062491199051892155,0.019393822860234833,-0.07874641618245071,True,20,True,False,True,False,True,False,,12,STOP_BEFORE_TARGET,False,True,False,True,False,,13,STOP_BEFORE_TARGET,2022-08-05,2022-08-09,2022-08-11,2022-08-18,2022-09-01
V|2022-08-05T00:00:00|Long,V,2022-08-05,Long,-0.011812608749004028,0.003520682738758607,-0.017695799100546417,True,-0.01746416407535145,0.003520682738758607,-0.028350374093746522,True,-0.02103114554511487,0.003520682738758607,-0.028350374093746522,True,-0.014128817630782997,0.008060432355221359,-0.028350374093746522,True,-0.08389308852543564,0.008060432355221359,-0.08898870565429795,True,20,True,False,True,False,True,False,,2,STOP_BEFORE_TARGET,False,True,False,True,False,,11,STOP_BEFORE_TARGET,2022-08-08,2022-08-10,2022-08-12,2022-08-19,2022-09-02
V|2022-08-08T00:00:00|Long,V,2022-08-08,Long,-0.014344706133128882,0.0006093644269655751,-0.01673545472362936,True,-0.010500681681299362,0.007125393594055618,-0.01673545472362936,True,0.014532114842912947,0.01603224288168792,-0.01673545472362936,True,-0.022079535684191964,0.020110599750789326,-0.02400154791010678,True,-0.06881683588290244,0.020110599750789326,-0.0793175175642018,True,20,True,False,True,False,True,False,,10,STOP_BEFORE_TARGET,False,True,False,True,False,,11,STOP_BEFORE_TARGET,2022-08-09,2022-08-11,2022-08-15,2022-08-22,2022-09-06
V|2022-08-09T00:00:00|Long,V,2022-08-09,Long,0.008751125486307743,0.02178256420959701,0.004993831823407957,True,0.005088972473001663,0.02178256420959701,-0.0007609074835922547,True,0.03272141663919248,0.0349567501928032,-0.0007609074835922547,True,-0.016455776398137556,0.0349567501928032,-0.01773992116896872,True,-0.04679918479485501,0.0349567501928032,-0.0659183913842486,True,20,True,True,True,True,False,False,4,11,TARGET_BEFORE_STOP,False,True,False,True,False,,13,STOP_BEFORE_TARGET,2022-08-10,2022-08-12,2022-08-16,2022-08-23,2022-09-07
V|2022-08-10T00:00:00|Long,V,2022-08-10,Long,-0.00480907233903205,0.0066006310994688455,-0.007119329194587798,True,0.02036771306513452,0.021876469854432257,-0.009429514108660109,True,0.011409703438500785,0.02597828547042469,-0.009429514108660109,True,-0.02560116821458358,0.02597828547042469,-0.030268803597304328,True,-0.05370107997116014,0.02597828547042469,-0.07402174330616873,True,20,True,False,True,False,True,False,,9,STOP_BEFORE_TARGET,False,True,False,True,False,,10,STOP_BEFORE_TARGET,2022-08-11,2022-08-15,2022-08-17,2022-08-24,2022-09-08
V|2022-08-11T00:00:00|Long,V,2022-08-11,Long,0.0011843850569988046,0.010138333196345384,-0.004642769182480078,True,0.028709482215392823,0.030936131905680897,-0.004642769182480078,True,0.019755534076046244,0.030936131905680897,-0.004642769182480078,True,-0.0059692746631886395,0.030936131905680897,-0.025582760604652255,True,-0.027856759673134612,0.030936131905680897,-0.069547128137321,True,20,True,True,True,True,False,False,3,8,TARGET_BEFORE_STOP,False,True,False,True,False,,11,STOP_BEFORE_TARGET,2022-08-12,2022-08-16,2022-08-18,2022-08-25,2022-09-09
V|2022-08-12T00:00:00|Long,V,2022-08-12,Long,0.024085535862341745,0.02559978997413892,-0.004542690131780991,True,0.015094886735279811,0.029716551009720593,-0.004542690131780991,True,0.007050610326285955,0.029716551009720593,-0.004542690131780991,True,-0.039937549653520144,0.029716551009720593,-0.0408366290069484,True,-0.022240083790845522,0.029716551009720593,-0.07064783894955873,True,20,True,False,True,False,True,False,,7,STOP_BEFORE_TARGET,False,True,False,True,False,,10,STOP_BEFORE_TARGET,2022-08-15,2022-08-17,2022-08-19,2022-08-26,2022-09-12
V|2022-08-15T00:00:00|Long,V,2022-08-15,Long,0.0033268700988577926,0.00549857892743022,-0.019822536375699862,True,-0.005406146284281821,0.00549857892743022,-0.019822536375699862,True,-0.03608722680284371,0.00549857892743022,-0.03798170820741942,True,-0.0651048722719767,0.00549857892743022,-0.07300620638312616,True,-0.07739580510912092,0.00549857892743022,-0.0925053342659794,True,20,True,False,True,False,True,False,,5,STOP_BEFORE_TARGET,False,True,False,True,False,,5,STOP_BEFORE_TARGET,2022-08-16,2022-08-18,2022-08-22,2022-08-29,2022-09-13
V|2022-08-16T00:00:00|Long,V,2022-08-16,Long,-0.01206592578314436,-0.004421141736048795,-0.020217368527162827,True,-0.019894962133059857,-0.004421141736048795,-0.021875287894223105,True,-0.04761903088769903,-0.004421141736048795,-0.04886248798091031,True,-0.0725798772733498,-0.004421141736048795,-0.07796809764837986,True,-0.08165237071647657,-0.004421141736048795,-0.09551444022962807,True,20,True,False,True,False,True,False,,1,STOP_BEFORE_TARGET,False,True,False,True,False,,4,STOP_BEFORE_TARGET,2022-08-17,2022-08-19,2022-08-23,2022-08-30,2022-09-14
V|2022-08-17T00:00:00|Long,V,2022-08-17,Long,0.0034029261281007805,0.006899103571055942,-0.009742735199767982,True,-0.02754989532166474,0.006899103571055942,-0.02946115606165911,True,-0.03659335235489447,0.006899103571055942,-0.04120833218636355,True,-0.07369940911670658,0.006899103571055942,-0.07402575315374027,True,-0.08926910672139976,0.006899103571055942,-0.09318480838633048,True,20,True,False,True,False,True,False,,3,STOP_BEFORE_TARGET,False,True,False,True,False,,4,STOP_BEFORE_TARGET,2022-08-18,2022-08-22,2022-08-24,2022-08-31,2022-09-15
V|2022-08-18T00:00:00|Long,V,2022-08-18,Long,-0.011289164579703859,-9.293506369778548e-05,-0.01328687856144739,True,-0.03925666410333184,-9.293506369778548e-05,-0.040511039352860045,True,-0.025226446809669012,-9.293506369778548e-05,-0.044459964340156755,True,-0.07024387975464574,-9.293506369778548e-05,-0.08636467520506674,True,-0.10197443413817509,-9.293506369778548e-05,-0.12557490722089137,True,20,True,False,True,False,True,False,,2,STOP_BEFORE_TARGET,False,True,False,True,False,,2,STOP_BEFORE_TARGET,2022-08-19,2022-08-23,2022-08-25,2022-09-01,2022-09-16
V|2022-08-19T00:00:00|Long,V,2022-08-19,Long,-0.019782006244617234,-0.007377160371143776,-0.021708534052149786,True,-0.028897702018702898,-0.007377160371143776,-0.03354954610804095,True,-0.04665918425349236,-0.007377160371143776,-0.04755196893006075,True,-0.07076408372846155,-0.007377160371143776,-0.07593272768518688,True,-0.09251950833461675,-0.007377160371143776,-0.11559066467862189,True,20,True,False,True,False,True,False,,1,STOP_BEFORE_TARGET,False,True,False,True,False,,3,STOP_BEFORE_TARGET,2022-08-22,2022-08-24,2022-08-26,2022-09-02,2022-09-19
V|2022-08-22T00:00:00|Long,V,2022-08-22,Long,-0.008676465909103426,0.00330761919077438,-0.009970767580504303,True,0.005800329372163127,0.006231738880946525,-0.014045385772483043,True,-0.030104015919288796,0.007909466907898954,-0.03830116231142744,True,-0.0477925372299165,0.007909466907898954,-0.05853030381162516,True,-0.07928667483696883,0.007909466907898954,-0.09774219514880078,True,20,True,False,True,False,True,False,,4,STOP_BEFORE_TARGET,False,True,False,True,False,,5,STOP_BEFORE_TARGET,2022-08-23,2022-08-25,2022-08-29,2022-09-06,2022-09-20
V|2022-08-23T00:00:00|Long,V,2022-08-23,Long,-0.000628650294458466,0.007495179056500767,-0.005415910829054682,True,-0.018907174102559265,0.016731099632586455,-0.019825947983615255,True,-0.02620888824449774,0.016731099632586455,-0.03186651953888653,True,-0.030851086985795195,0.016731099632586455,-0.05029017892553189,True,-0.09564796173792289,0.016731099632586455,-0.09574469419520404,True,20,True,False,True,False,True,False,,4,STOP_BEFORE_TARGET,False,True,False,True,False,,5,STOP_BEFORE_TARGET,2022-08-24,2022-08-26,2022-08-30,2022-09-07,2022-09-21
V|2022-08-24T00:00:00|Long,V,2022-08-24,Long,0.015241734084201264,0.015677193215608787,-0.0008225585254341139,True,-0.02099964376223995,0.017370670003857613,-0.029273736417281815,True,-0.038515466809900034,0.017370670003857613,-0.038854206466545915,True,-0.028838203454214173,0.017370670003857613,-0.04969276800431177,True,-0.10103065305949166,0.017370670003857613,-0.1064982566499253,True,20,True,False,True,False,True,False,,3,STOP_BEFORE_TARGET,False,True,False,True,False,,4,STOP_BEFORE_TARGET,2022-08-25,2022-08-29,2022-08-31,2022-09-08,2022-09-22
V|2022-08-25T00:00:00|Long,V,2022-08-25,Long,-0.03302834664313925,0.0020969743935681517,-0.033933896327505875,True,-0.040224964954674536,0.0020969743935681517,-0.04580116421167579,True,-0.046182452116842354,0.0020969743935681517,-0.0627204422968789,True,-0.022018922003170127,0.0020969743935681517,-0.06395964616947825,True,-0.12324849731985799,0.0020969743935681517,-0.1314937119130254,True,20,True,False,True,False,True,False,,1,STOP_BEFORE_TARGET,False,True,False,True,False,,1,STOP_BEFORE_TARGET,2022-08-26,2022-08-30,2022-09-01,2022-09-09,2022-09-23
V|2022-08-26T00:00:00|Long,V,2022-08-26,Long,-0.0027601042943387055,0.00527382979662705,-0.011188349742667247,True,-0.020602260773600833,0.007491765375491788,-0.020947311413993863,True,-0.02528466113778416,0.007491765375491788,-0.03070627308532059,True,0.018433661118907096,0.021193765413245913,-0.03198780379855026,True,-0.10991179022545539,0.021193765413245913,-0.11331265987640904,True,20,True,False,True,False,True,False,,3,STOP_BEFORE_TARGET,False,True,False,True,False,,4,STOP_BEFORE_TARGET,2022-08-29,2022-08-31,2022-09-02,2022-09-12,2022-09-26
V|2022-08-29T00:00:00|Long,V,2022-08-29,Long,-0.004695284632258545,0.010280244216038126,-0.010477907863400748,True,-0.010873310573481731,0.010280244216038126,-0.02802351661954594,True,-0.018237544644947867,0.010280244216038126,-0.02930859428114796,True,-0.01314685730260845,0.02402016787609007,-0.02930859428114796,True,-0.12089164480061276,0.02402016787609007,-0.12509265719143114,True,20,True,False,True,False,True,False,,3,STOP_BEFORE_TARGET,False,True,False,True,False,,12,STOP_BEFORE_TARGET,2022-08-30,2022-09-01,2022-09-06,2022-09-13,2022-09-27
V|2022-08-30T00:00:00|Long,V,2022-08-30,Long,-0.013258506823947358,0.00888863463467704,-0.013606144734967796,True,-0.017976016924238003,0.00888863463467704,-0.023438281389703053,True,-0.004767140185669594,0.00888863463467704,-0.024729421320781597,True,-0.009782506569356308,0.028850915769789154,-0.024729421320781597,True,-0.11023940643933305,0.028850915769789154,-0.13184031387429873,True,20,True,False,True,False,True,False,,2,STOP_BEFORE_TARGET,False,True,False,True,False,,11,STOP_BEFORE_TARGET,2022-08-31,2022-09-02,2022-09-07,2022-09-14,2022-09-28
V|2022-08-31T00:00:00|Long,V,2022-08-31,Long,0.007146082839149859,0.008655759165620447,-0.010316556703204749,True,-0.00035230900233196305,0.018972315868825307,-0.011625045238457088,True,0.010064918385715327,0.018972315868825307,-0.011625045238457088,True,-0.016808472063961744,0.042675232454447265,-0.021035719356546134,True,-0.0938554100203346,0.042675232454447265,-0.12017515009799462,True,20,True,True,True,True,False,False,6,10,TARGET_BEFORE_STOP,False,True,False,True,False,,11,STOP_BEFORE_TARGET,2022-09-01,2022-09-06,2022-09-08,2022-09-15,2022-09-29
V|2022-09-01T00:00:00|Long,V,2022-09-01,Long,-0.011842354060623395,0.01174232142802678,-0.01638934042507767,True,0.001449024529343479,0.01174232142802678,-0.018637939815732585,True,0.02533349293824516,0.03132958007642728,-0.018637939815732585,True,-0.03412782523567137,0.035277056844763344,-0.05951133449021484,True,-0.11232703961353241,0.035277056844763344,-0.12641784057604155,True,20,True,True,True,True,False,False,5,9,TARGET_BEFORE_STOP,False,True,False,True,False,,10,STOP_BEFORE_TARGET,2022-09-02,2022-09-07,2022-09-09,2022-09-16,2022-09-30
V|2022-09-02T00:00:00|Long,V,2022-09-02,Long,0.004449863001902976,0.011529120361186473,-0.006877025931068981,True,0.014917133338256061,0.017091449113565194,-0.006877025931068981,True,0.04485239999169788,0.04768410293541114,-0.006877025931068981,True,-0.023412165011277852,0.04768410293541114,-0.048240258652530676,True,-0.0814623839898756,0.04768410293541114,-0.11594859078026842,True,20,True,True,True,True,False,False,4,9,TARGET_BEFORE_STOP,False,True,False,True,False,,9,STOP_BEFORE_TARGET,2022-09-06,2022-09-08,2022-09-12,2022-09-19,2022-10-03
V|2022-09-06T00:00:00|Long,V,2022-09-06,Long,0.00896092823583472,0.01258558199598081,-0.0071486013557615635,True,0.03302455486684619,0.039065618861657825,-0.008457474229476847,True,0.005185253637040477,0.04304270578951375,-0.008457474229476847,True,-0.0330748695409635,0.04304270578951375,-0.05245669654129248,True,-0.06539471170498301,0.04304270578951375,-0.11986507063911389,True,20,True,True,True,True,False,False,3,7,TARGET_BEFORE_STOP,False,True,False,True,False,,8,STOP_BEFORE_TARGET,2022-09-07,2022-09-09,2022-09-13,2022-09-20,2022-10-04
V|2022-09-07T00:00:00|Long,V,2022-09-07,Long,0.00144700402939546,0.0034427823955203163,-0.01726370365576746,True,0.030984965425618016,0.033779085591818525,-0.01726370365576746,True,-0.005039389861607346,0.033779085591818525,-0.01726370365576746,True,-0.06685956500802259,0.033779085591818525,-0.06695937676654817,True,-0.06361640612955355,0.033779085591818525,-0.12768185097137552,True,20,True,True,True,True,False,False,3,6,TARGET_BEFORE_STOP,False,True,False,True,False,,7,STOP_BEFORE_TARGET,2022-09-08,2022-09-12,2022-09-14,2022-09-21,2022-10-05
V|2022-09-08T00:00:00|Long,V,2022-09-08,Long,0.02237053502158437,0.028349294964295613,0.0031886770377165252,True,-0.0051816477013252316,0.03228536450988706,-0.00916751300448515,True,-0.026605607184760016,0.03228536450988706,-0.030790731542252203,True,-0.0743361712353704,0.03228536450988706,-0.07996613280292864,True,-0.07533261855514606,0.03228536450988706,-0.12894227500927302,True,20,True,True,True,True,False,False,2,5,TARGET_BEFORE_STOP,False,True,False,True,False,,5,STOP_BEFORE_TARGET,2022-09-09,2022-09-13,2022-09-15,2022-09-22,2022-10-06
V|2022-09-09T00:00:00|Long,V,2022-09-09,Long,0.00696884968731748,0.009697882664520652,-0.0012183236048637358,True,-0.028216341969991454,0.009697882664520652,-0.03479531918048406,True,-0.057992173847282835,0.009697882664520652,-0.08274851842138153,True,-0.10350872587845306,0.009697882664520652,-0.11193957876372129,True,-0.10414227794836506,0.009697882664520652,-0.14800192772345777,True,20,True,False,True,False,True,False,,2,STOP_BEFORE_TARGET,False,True,False,True,False,,2,STOP_BEFORE_TARGET,2022-09-12,2022-09-14,2022-09-16,2022-09-23,2022-10-07
V|2022-09-12T00:00:00|Long,V,2022-09-12,Long,-0.03368342713738237,-0.015293053222844022,-0.03755509646348787,True,-0.05449358514999292,-0.015293053222844022,-0.05855880471172614,True,-0.065334170647948,-0.015293053222844022,-0.0890964682140446,True,-0.12602239718132957,-0.015293053222844022,-0.1293617110520212,True,-0.11832750147248827,-0.015293053222844022,-0.15389828340657863,True,20,True,False,True,False,True,False,,1,STOP_BEFORE_TARGET,False,True,False,True,False,,1,STOP_BEFORE_TARGET,2022-09-13,2022-09-15,2022-09-19,2022-09-26,2022-10-10
V|2022-09-13T00:00:00|Long,V,2022-09-13,Long,-0.0013021210458266097,0.006060032678737004,-0.008063307583091706,True,-0.03190261519308324,0.006060032678737004,-0.05734460386258977,True,-0.03806275812301074,0.006060032678737004,-0.05734460386258977,True,-0.10918016352818483,0.006060032678737004,-0.11343714180494813,True,-0.1028196472557984,0.006060032678737004,-0.12440525149338133,True,20,True,False,True,False,True,False,,2,STOP_BEFORE_TARGET,False,True,False,True,False,,3,STOP_BEFORE_TARGET,2022-09-14,2022-09-16,2022-09-20,2022-09-27,2022-10-11
V|2022-09-14T00:00:00|Long,V,2022-09-14,Long,-0.020259808789570455,0.00451328358636105,-0.024472217006130892,True,-0.031492897367065065,0.00451328358636105,-0.05611555205809615,True,-0.06213328901313642,0.00451328358636105,-0.06223360630962893,True,-0.1014493285933985,0.00451328358636105,-0.12326363462037904,True,-0.10616317025306743,0.00451328358636105,-0.12326363462037904,True,20,True,False,True,False,True,False,,1,STOP_BEFORE_TARGET,False,True,False,True,False,,2,STOP_BEFORE_TARGET,2022-09-15,2022-09-19,2022-09-21,2022-09-28,2022-10-12
V|2022-09-15T00:00:00|Long,V,2022-09-15,Long,-0.010595240401106931,-0.00793360204589777,-0.03659719545058926,True,-0.016890965222112753,-0.007063467566735038,-0.03659719545058926,True,-0.0490351746454637,-0.007063467566735038,-0.05481901890131091,True,-0.078364119062451,-0.007063467566735038,-0.10513381685766254,True,-0.05481901890131091,-0.007063467566735038,-0.10631104843511696,True,20,True,False,True,False,True,False,,1,STOP_BEFORE_TARGET,False,True,False,True,False,,1,STOP_BEFORE_TARGET,2022-09-16,2022-09-20,2022-09-22,2022-09-29,2022-10-13
V|2022-09-16T00:00:00|Long,V,2022-09-16,Long,-0.0008794524897125511,0.0035695935360202657,-0.01339884271598868,True,-0.0324883532340936,0.0035695935360202657,-0.03259184145005378,True,-0.04831865592567919,0.0035695935360202657,-0.05726853155431488,True,-0.08096228095290303,0.0035695935360202657,-0.09555096186810519,True,-0.05525094550417908,0.0035695935360202657,-0.09674080006731867,True,20,True,False,True,False,True,False,,3,STOP_BEFORE_TARGET,False,True,False,True,False,,3,STOP_BEFORE_TARGET,2022-09-19,2022-09-21,2022-09-23,2022-09-30,2022-10-14
V|2022-09-19T00:00:00|Long,V,2022-09-19,Long,-0.005488518261245523,-0.0005178175373438121,-0.014705180577212484,True,-0.038005547616143165,-0.00020715861808295877,-0.043856474947238544,True,-0.06493040039289033,-0.00020715861808295877,-0.06850313598011781,True,-0.05944188213164481,-0.00020715861808295877,-0.09475484175989068,True,-0.040801556897354874,-0.00020715861808295877,-0.09594572728634532,True,20,True,False,True,False,True,False,,2,STOP_BEFORE_TARGET,False,True,False,True,False,,2,STOP_BEFORE_TARGET,2022-09-20,2022-09-22,2022-09-26,2022-10-03,2022-10-17
V|2022-09-20T00:00:00|Long,V,2022-09-20,Long,-0.02629251241310826,0.005310506454816233,-0.02639666335650448,True,-0.042224190665342554,0.005310506454816233,-0.05123138033763652,True,-0.07393143992055606,0.005310506454816233,-0.07835686196623637,True,-0.03342538232373382,0.005310506454816233,-0.08975896722939425,True,-0.02551157894736844,0.005310506454816233,-0.09095642502482626,True,20,True,False,True,False,True,False,,1,STOP_BEFORE_TARGET,False,True,False,True,False,,2,STOP_BEFORE_TARGET,2022-09-21,2022-09-23,2022-09-27,2022-10-04,2022-10-18
V|2022-09-21T00:00:00|Long,V,2022-09-21,Long,-0.006576895295843155,0.0010159471557356081,-0.012618974208306488,True,-0.034381391229158176,0.0010159471557356081,-0.038070849178271526,True,-0.041920711247861675,0.0010159471557356081,-0.06518020619680442,True,0.003475531395761511,0.00962465517397515,-0.06518020619680442,True,-0.0032616864314839455,0.01695004863932681,-0.06640999831681738,True,20,True,False,True,False,True,False,,2,STOP_BEFORE_TARGET,False,True,False,True,False,,3,STOP_BEFORE_TARGET,2022-09-22,2022-09-26,2022-09-28,2022-10-05,2022-10-19
V|2022-09-22T00:00:00|Long,V,2022-09-22,Long,-0.00984975853595782,-0.006512683668676522,-0.01916140635793573,True,-0.042628766107697835,-0.005059406946473888,-0.04720377485651406,True,-0.030841250522649855,-0.005059406946473888,-0.05899129044156204,True,-0.0010764678156490737,0.016308811817542068,-0.05899129044156204,True,0.007696905033889312,0.027934779207474225,-0.060229224323097075,True,20,True,False,True,False,True,False,,2,STOP_BEFORE_TARGET,False,True,False,True,False,,2,STOP_BEFORE_TARGET,2022-09-23,2022-09-27,2022-09-29,2022-10-06,2022-10-20
V|2022-09-23T00:00:00|Long,V,2022-09-23,Long,-0.01831925556090186,0.002935384140166475,-0.022070084090058728,True,-0.025983984907767543,0.004838004768247028,-0.049630379156342275,True,-0.034301003408841235,0.004838004768247028,-0.049630379156342275,True,-0.0007067018812122461,0.026418789046419366,-0.049630379156342275,True,0.0348444671090411,0.03816040855331582,-0.05088062768398449,True,20,True,True,True,False,True,False,17,1,STOP_BEFORE_TARGET,False,True,False,True,False,,2,STOP_BEFORE_TARGET,2022-09-26,2022-09-28,2022-09-30,2022-10-07,2022-10-21
V|2022-09-26T00:00:00|Long,V,2022-09-26,Long,-0.015061749132625812,0.023589400587031184,-0.019768492927759396,True,-0.002934818041112508,0.023589400587031184,-0.03189542401927281,True,0.005869636082225016,0.023589400587031184,-0.03189542401927281,True,0.008804454123337413,0.04557290632494104,-0.03189542401927281,True,0.0560385989323664,0.06943910958090416,-0.03316900357629726,True,20,True,True,True,False,True,False,6,2,STOP_BEFORE_TARGET,True,True,False,True,False,16,2,STOP_BEFORE_TARGET,2022-09-27,2022-09-29,2022-10-03,2022-10-10,2022-10-24
V|2022-09-27T00:00:00|Long,V,2022-09-27,Long,0.007364915919240156,0.012537308413703485,-0.017091096697506192,True,-0.001236865276564414,0.028391539834645485,-0.017091096697506192,True,0.04373980431140789,0.04688824324296492,-0.017091096697506192,True,0.007140070317223524,0.061561885127488614,-0.017091096697506192,True,0.09282065676533913,0.09759937643734751,-0.018384151928027448,True,20,True,True,False,True,False,False,4,,TARGET_BEFORE_STOP,True,False,True,False,False,6,,TARGET_BEFORE_STOP,2022-09-28,2022-09-30,2022-10-04,2022-10-11,2022-10-25
V|2022-09-28T00:00:00|Long,V,2022-09-28,Long,0.004911289869315105,0.01707787109311787,-0.0025114240798995713,True,0.013785028025826929,0.023328541720245788,-0.00881787385226962,True,0.047382552964640334,0.05380073134549512,-0.00881787385226962,True,-0.005246049899767846,0.05380073134549512,-0.00881787385226962,True,0.13478072408994834,0.15174686657458136,-0.025560814596933934,True,20,True,True,True,True,False,False,4,11,TARGET_BEFORE_STOP,True,False,True,False,False,5,,TARGET_BEFORE_STOP,2022-09-29,2022-10-03,2022-10-05,2022-10-12,2022-10-26
V|2022-09-29T00:00:00|Long,V,2022-09-29,Long,-0.013384447932834886,0.01588359796251182,-0.01366206535839598,True,0.031045187235835492,0.03415533288159778,-0.01366206535839598,True,0.030711978530919115,0.048650504745088474,-0.01366206535839598,True,0.02554707411910706,0.048650504745088474,-0.030323178546647345,True,0.13456623378912536,0.14611794910211606,-0.030323178546647345,True,20,True,True,True,True,False,False,3,10,TARGET_BEFORE_STOP,True,True,False,True,False,13,10,STOP_BEFORE_TARGET,2022-09-30,2022-10-04,2022-10-06,2022-10-13,2022-10-27
V|2022-09-30T00:00:00|Long,V,2022-09-30,Long,0.02251618428048352,0.03214189085305774,0.0028145230350604677,True,0.05640306567249054,0.06287652018858547,0.0028145230350604677,True,0.0347875493774088,0.06287652018858547,0.0028145230350604677,True,0.027976365839894823,0.06287652018858547,-0.01716852179992734,True,0.17838448370491822,0.1906558488018435,-0.01716852179992734,True,20,True,True,False,True,False,False,1,,TARGET_BEFORE_STOP,True,False,True,False,False,3,,TARGET_BEFORE_STOP,2022-10-03,2022-10-05,2022-10-07,2022-10-14,2022-10-28
V|2022-10-03T00:00:00|Long,V,2022-10-03,Long,0.022020369581071675,0.025103291883298295,0.007817305122198803,True,0.021690077477522607,0.039471586394989266,0.003908652561099402,True,0.002917692249408521,0.039471586394989266,-0.004128819296450925,True,0.019818366223381956,0.039471586394989266,-0.03881083418580389,True,0.14043496076395257,0.16443716696736232,-0.03881083418580389,True,20,True,True,True,True,False,False,2,8,TARGET_BEFORE_STOP,True,True,False,True,False,13,8,STOP_BEFORE_TARGET,2022-10-04,2022-10-06,2022-10-10,2022-10-17,2022-10-31
V|2022-10-04T00:00:00|Long,V,2022-10-04,Long,0.010880712840676265,0.01707521428469283,-0.017721483405850558,True,-0.009803351065254984,0.01707521428469283,-0.020037712593609536,True,-0.035065955943234806,0.01707521428469283,-0.0401830956118302,True,0.008187472784450867,0.024454665737577708,-0.05952053948964875,True,0.11462429021765708,0.13934829639908997,-0.05952053948964875,True,20,True,True,True,False,True,False,14,3,STOP_BEFORE_TARGET,True,True,False,True,False,15,5,STOP_BEFORE_TARGET,2022-10-05,2022-10-07,2022-10-11,2022-10-18,2022-11-01
V|2022-10-05T00:00:00|Long,V,2022-10-05,Long,-0.0110832943536463,0.0020248568578895565,-0.012894965591499385,True,-0.02925350640341473,0.0020248568578895565,-0.036073982727736875,True,-0.05024773681348971,0.0020248568578895565,-0.05051417818528947,True,-0.00671388351430402,0.013427848335099135,-0.06964348160574796,True,0.07076250284471097,0.12708481023186913,-0.06964348160574796,True,20,True,True,True,False,True,False,14,2,STOP_BEFORE_TARGET,True,True,False,True,False,15,2,STOP_BEFORE_TARGET,2022-10-06,2022-10-10,2022-10-12,2022-10-19,2022-11-02
V|2022-10-06T00:00:00|Long,V,2022-10-06,Long,-0.009483240161455853,-0.005280434004399925,-0.019720910255560664,True,-0.034754011937686236,-0.0043644462232708126,-0.039872805875871276,True,-0.005011006488130354,-0.0011854152973987953,-0.05921650116510757,True,0.008782827280436223,0.02904251035080163,-0.05921650116510757,True,0.04935612825506186,0.13971662506723348,-0.05921650116510757,True,20,True,True,True,False,True,False,12,2,STOP_BEFORE_TARGET,True,True,False,True,False,13,3,STOP_BEFORE_TARGET,2022-10-07,2022-10-11,2022-10-13,2022-10-20,2022-11-03
V|2022-10-07T00:00:00|Long,V,2022-10-07,Long,-0.008975733769452043,0.005167801440350672,-0.01593868196369319,True,-0.03040850939569706,0.005167801440350672,-0.03068051641990277,True,-0.006582204764264854,0.017951384534014236,-0.05020940888648695,True,0.03557631083604762,0.03889459731962264,-0.05020940888648695,True,0.07153344810696138,0.1506283096643506,-0.05020940888648695,True,20,True,True,True,False,True,False,7,2,STOP_BEFORE_TARGET,True,True,False,True,False,11,2,STOP_BEFORE_TARGET,2022-10-10,2022-10-12,2022-10-14,2022-10-21,2022-11-04
V|2022-10-10T00:00:00|Long,V,2022-10-10,Long,-0.0166867570992989,-0.002964064704370828,-0.02190136345803806,True,0.013612971160569254,0.01751016889699497,-0.041607129635554685,True,0.016851506464172106,0.03507528216783706,-0.041607129635554685,True,0.046821903507628715,0.060105459695118935,-0.041607129635554685,True,0.09836433279271195,0.1610495816019435,-0.041607129635554685,True,20,True,True,True,False,True,False,5,1,STOP_BEFORE_TARGET,True,True,False,True,False,10,3,STOP_BEFORE_TARGET,2022-10-11,2022-10-13,2022-10-17,2022-10-24,2022-11-07
V|2022-10-11T00:00:00|Long,V,2022-10-11,Long,-0.00502396951853723,0.008094210970093219,-0.005135637892597189,True,0.01942612336382621,0.044602018088573114,-0.02534326951881838,True,0.04482526965868061,0.06168361666521438,-0.02534326951881838,True,0.0850731581170514,0.089817999289445,-0.02534326951881838,True,0.12638159800594861,0.18075251196346476,-0.02534326951881838,True,20,True,True,True,,,False,2,2,AMBIGUOUS,True,False,True,False,False,4,,TARGET_BEFORE_STOP,2022-10-12,2022-10-14,2022-10-18,2022-10-25,2022-11-08
V|2022-10-12T00:00:00|Long,V,2022-10-12,Long,0.03601883960439811,0.04000218471883343,-0.020421898998359445,True,0.039328962583008886,0.05795557401646767,-0.020421898998359445,True,0.04583706192299597,0.06704441528251914,-0.020421898998359445,True,0.14076523543898167,0.15782085254200862,-0.020421898998359445,True,0.08802730419136418,0.1867145295873167,-0.020421898998359445,True,20,True,True,True,,,False,1,1,AMBIGUOUS,True,False,True,False,False,3,,TARGET_BEFORE_STOP,2022-10-13,2022-10-17,2022-10-19,2022-10-26,2022-11-09
V|2022-10-13T00:00:00|Long,V,2022-10-13,Long,-0.011047376283251253,0.01337594049452484,-0.014025756994079708,True,0.013592518450442181,0.029946922287598765,-0.014025756994079708,True,0.013863302869191019,0.03422501862934002,-0.014025756994079708,True,0.10630341836200952,0.11756737260117811,-0.014025756994079708,True,0.11323515242840831,0.1454565150962519,-0.014025756994079708,True,20,True,True,False,True,False,False,5,,TARGET_BEFORE_STOP,True,False,True,False,False,8,,TARGET_BEFORE_STOP,2022-10-14,2022-10-18,2022-10-20,2022-10-27,2022-11-10
V|2022-10-14T00:00:00|Long,V,2022-10-14,Long,0.01440151655422417,0.03258138410973621,0.0012595060370061972,True,0.020753524511321064,0.041452237031115224,0.0012595060370061972,True,0.04243785022021718,0.04577812306361606,0.0012595060370061972,True,0.14631476254041553,0.15825216256701946,0.0012595060370061972,True,0.12254958647026148,0.15825216256701946,0.0012595060370061972,True,20,True,True,False,True,False,False,1,,TARGET_BEFORE_STOP,True,False,True,False,False,6,,TARGET_BEFORE_STOP,2022-10-17,2022-10-19,2022-10-21,2022-10-28,2022-11-11
V|2022-10-17T00:00:00|Long,V,2022-10-17,Long,0.010364362585399745,0.026666679845647856,0.0026451038767290047,True,0.010634284592189625,0.030931151025851866,-0.0026451038767291157,True,0.02947372045272445,0.0425371383687585,-0.0026451038767291157,True,0.1182726243568657,0.141808390134742,-0.0026451038767291157,True,0.11665317468475878,0.141808390134742,-0.0026451038767291157,True,20,True,True,False,True,False,False,3,,TARGET_BEFORE_STOP,True,False,True,False,False,6,,TARGET_BEFORE_STOP,2022-10-18,2022-10-20,2022-10-24,2022-10-31,2022-11-14
V|2022-10-18T00:00:00|Long,V,2022-10-18,Long,-0.0040604504689365495,0.0025110927248013226,-0.012876014776332045,True,0.01709674082143109,0.020355813409554724,-0.012876014776332045,True,0.03852116677032402,0.043062443967748276,-0.012876014776332045,True,0.10557244590556647,0.13009566886642032,-0.012876014776332045,True,0.12192128838736593,0.14190307110341416,-0.012876014776332045,True,20,True,True,False,True,False,False,4,,TARGET_BEFORE_STOP,True,False,True,False,False,6,,TARGET_BEFORE_STOP,2022-10-19,2022-10-21,2022-10-25,2022-11-01,2022-11-15
V|2022-10-19T00:00:00|Long,V,2022-10-19,Long,0.004345247265066243,0.024515809107076514,0.00010723144294400022,True,0.023067447922763273,0.03604957399648967,-0.007295749067291135,True,0.09076765107314122,0.10707575271152292,-0.007295749067291135,True,0.07800006974136586,0.13470307449736696,-0.007295749067291135,True,0.12730001213106856,0.14655861557167538,-0.007295749067291135,True,20,True,True,False,True,False,False,3,,TARGET_BEFORE_STOP,True,False,True,False,False,5,,TARGET_BEFORE_STOP,2022-10-20,2022-10-24,2022-10-26,2022-11-02,2022-11-16
V|2022-10-20T00:00:00|Long,V,2022-10-20,Long,0.016825092810308417,0.01992306219003792,-0.01159063216962175,True,0.03824379668531708,0.042783860990329714,-0.01159063216962175,True,0.0911761134180682,0.10228604727926216,-0.01159063216962175,True,0.04022005517679794,0.12979384090010715,-0.01159063216962175,True,0.1269629533034764,0.1415980895950577,-0.01159063216962175,True,20,True,True,False,True,False,False,2,,TARGET_BEFORE_STOP,True,False,True,False,False,4,,TARGET_BEFORE_STOP,2022-10-21,2022-10-25,2022-10-27,2022-11-03,2022-11-17
V|2022-10-21T00:00:00|Long,V,2022-10-21,Long,0.0017860566549385837,0.014498134351088154,-0.006671161665419478,True,0.0680779904726545,0.08404685827801162,-0.006671161665419478,True,0.09964806275813376,0.11109948887824461,-0.006671161665419478,True,0.034721861532236664,0.11109948887824461,-0.006671161665419478,True,0.10731737384346762,0.12501971771920806,-0.006671161665419478,True,20,True,True,False,True,False,False,3,,TARGET_BEFORE_STOP,True,False,True,False,False,3,,TARGET_BEFORE_STOP,2022-10-24,2022-10-26,2022-10-28,2022-11-04,2022-11-18
V|2022-10-24T00:00:00|Long,V,2022-10-24,Long,0.01924386786085952,0.023700848694601984,5.240682965812482e-05,True,0.07120751976397566,0.08211414111487003,5.240682965812482e-05,True,0.08625660096023724,0.10911854032817558,5.240682965812482e-05,True,0.049237056573212534,0.10911854032817558,5.240682965812482e-05,True,0.0818520269561529,0.12301395117811764,5.240682965812482e-05,True,20,True,True,False,True,False,False,2,,TARGET_BEFORE_STOP,True,False,True,False,False,2,,TARGET_BEFORE_STOP,2022-10-25,2022-10-27,2022-10-31,2022-11-07,2022-11-21
V|2022-10-25T00:00:00|Long,V,2022-10-25,Long,0.046043814813349515,0.061683248961761805,0.010906446465343,True,0.07696260458526671,0.08817779071454268,0.010906446465343,True,0.06456419116017043,0.08817779071454268,0.010906446465343,True,0.03806972790717689,0.08817779071454268,-0.001028975213535177,True,0.08205574929303094,0.10181084879622149,-0.005401805871909748,True,20,True,True,False,True,False,False,1,,TARGET_BEFORE_STOP,True,False,True,False,False,1,,TARGET_BEFORE_STOP,2022-10-26,2022-10-28,2022-11-01,2022-11-08,2022-11-22
V|2022-10-26T00:00:00|Long,V,2022-10-26,Long,0.00472134680781533,0.014705185984547509,-0.008557544275290097,True,0.018836383202499585,0.04027936048616798,-0.008557544275290097,True,-0.011705133828651793,0.04027936048616798,-0.013524811760366573,True,-0.046230310680289266,0.04027936048616798,-0.049181133674060185,True,0.04131212226842873,0.05331233089201226,-0.049181133674060185,True,20,True,True,True,True,False,False,2,6,TARGET_BEFORE_STOP,True,True,False,True,False,14,6,STOP_BEFORE_TARGET,2022-10-27,2022-10-31,2022-11-02,2022-11-09,2022-11-23
V|2022-10-27T00:00:00|Long,V,2022-10-27,Long,0.02471977687465432,0.03539092086709128,-0.004797081402643455,True,0.01292280325229056,0.03539092086709128,-0.004797081402643455,True,-0.0466982896845608,0.03539092086709128,-0.04948847688389357,True,0.006265671741900292,0.03539092086709128,-0.053649184077887435,True,0.04650252245441178,0.048362647253966884,-0.053649184077887435,True,20,True,True,True,True,False,False,1,5,TARGET_BEFORE_STOP,False,True,False,True,False,,5,STOP_BEFORE_TARGET,2022-10-28,2022-11-01,2022-11-03,2022-11-10,2022-11-25
V|2022-10-28T00:00:00|Long,V,2022-10-28,Long,-0.01041364628793906,0.001337531213313481,-0.014999519655002902,True,-0.040078339239608796,0.003009481674947745,-0.04184577558077651,True,-0.059042709594785636,0.003009481674947745,-0.0724180946179056,True,-0.020731806696344557,0.003009481674947745,-0.0764784311976131,True,0.009171673844143413,0.024505612747466987,-0.0764784311976131,True,20,True,False,True,False,True,False,,3,STOP_BEFORE_TARGET,False,True,False,True,False,,3,STOP_BEFORE_TARGET,2022-10-31,2022-11-02,2022-11-04,2022-11-11,2022-11-28
V|2022-10-31T00:00:00|Long,V,2022-10-31,Long,-0.0011103059580134245,0.013564382645875117,-0.008833760372197741,True,-0.059905403759071385,0.013564382645875117,-0.06265693549368401,True,-0.03407992582443198,0.013564382645875117,-0.06265693549368401,True,-0.0014481707204790917,0.013564382645875117,-0.06675999993518178,True,0.009171625134663408,0.03528672248199416,-0.06675999993518178,True,20,True,True,True,False,True,False,11,2,STOP_BEFORE_TARGET,False,True,False,True,False,,2,STOP_BEFORE_TARGET,2022-11-01,2022-11-03,2022-11-07,2022-11-14,2022-11-29
V|2022-11-01T00:00:00|Long,V,2022-11-01,Long,-0.02889864175904433,0.00033831405159534533,-0.030686662492061978,True,-0.04808388005808262,0.00033831405159534533,-0.06161504108288818,True,-0.02488761454968691,0.00033831405159534533,-0.06161504108288818,True,0.014787671800565283,0.03286136999198597,-0.06572266624507683,True,0.04866383646954686,0.04866383646954686,-0.06572266624507683,True,20,True,True,True,False,True,False,10,1,STOP_BEFORE_TARGET,False,True,False,True,False,,1,STOP_BEFORE_TARGET,2022-11-02,2022-11-04,2022-11-08,2022-11-15,2022-11-30
V|2022-11-02T00:00:00|Long,V,2022-11-02,Long,-0.03085343141278618,-0.010450315385013176,-0.03368999440295917,True,-0.0042298624415778585,0.002488181177374038,-0.03368999440295917,True,-0.034934084991646186,0.01577505955256031,-0.037919856844537025,True,0.0457327821894582,0.06359790481902095,-0.037919856844537025,True,0.0798706309803614,0.08808159849239061,-0.037919856844537025,True,20,True,True,True,False,True,False,8,1,STOP_BEFORE_TARGET,True,True,False,True,False,9,1,STOP_BEFORE_TARGET,2022-11-03,2022-11-07,2022-11-09,2022-11-16,2022-12-01
V|2022-11-03T00:00:00|Long,V,2022-11-03,Long,0.011450555725489364,0.03440306520278402,0.003029506227936407,True,0.03609755470755771,0.04811294026797186,0.003029506227936407,True,0.05555844582397307,0.05653398976552482,-0.007291389827703831,True,0.08338898841162545,0.09745825790777429,-0.007291389827703831,True,0.11763801623676184,0.12272140640043316,-0.007291389827703831,True,20,True,True,False,True,False,False,1,,TARGET_BEFORE_STOP,True,False,True,False,False,5,,TARGET_BEFORE_STOP,2022-11-04,2022-11-08,2022-11-10,2022-11-17,2022-12-02
V|2022-11-04T00:00:00|Long,V,2022-11-04,Long,0.01583922450832076,0.017565269514235426,0.0009645773455546625,True,-0.015483821291054078,0.03624733244244971,-0.01852976939614215,True,0.04071481595295667,0.047974399193882356,-0.01852976939614215,True,0.07015944575069666,0.08726775720506819,-0.01852976939614215,True,0.08478016707514535,0.11001116173704784,-0.01852976939614215,True,20,True,True,False,True,False,False,2,,TARGET_BEFORE_STOP,True,False,True,False,False,6,,TARGET_BEFORE_STOP,2022-11-07,2022-11-09,2022-11-11,2022-11-18,2022-12-05
V|2022-11-07T00:00:00|Long,V,2022-11-07,Long,0.008395765240067687,0.020089899505511433,-0.0017991034451310117,True,0.02733633710072647,0.028285798254260364,-0.03383310377791138,True,0.033783079963220386,0.04532729529622115,-0.03383310377791138,True,0.031084462923431477,0.07031480078092045,-0.03383310377791138,True,0.04487753849889198,0.09270358434358306,-0.03383310377791138,True,20,True,True,True,False,True,False,4,2,STOP_BEFORE_TARGET,True,True,False,True,False,6,2,STOP_BEFORE_TARGET,2022-11-08,2022-11-10,2022-11-14,2022-11-21,2022-12-06
V|2022-11-08T00:00:00|Long,V,2022-11-08,Long,-0.038903787050280525,-0.002230136539620009,-0.041877277229467325,True,0.015957980177337072,0.023044870277605822,-0.041877277229467325,True,0.04068791140616046,0.0592229012812755,-0.041877277229467325,True,0.042372896736458276,0.061403506118564266,-0.041877277229467325,True,0.029884026245298845,0.08360588373102118,-0.041877277229467325,True,20,True,True,True,False,True,False,4,1,STOP_BEFORE_TARGET,True,True,False,True,False,5,1,STOP_BEFORE_TARGET,2022-11-09,2022-11-11,2022-11-15,2022-11-22,2022-12-07
V|2022-11-09T00:00:00|Long,V,2022-11-09,Long,0.060021735100550755,0.06100140400063081,0.031403144571150454,True,0.06667358543238411,0.07858508775712081,0.031403144571150454,True,0.08358689901549998,0.10209871499794332,0.031403144571150454,True,0.09178571507253364,0.10436758757064468,0.031403144571150454,True,0.07822417367434298,0.12746868537261724,0.031403144571150454,True,20,True,True,False,True,False,False,1,,TARGET_BEFORE_STOP,True,False,True,False,False,1,,TARGET_BEFORE_STOP,2022-11-10,2022-11-14,2022-11-16,2022-11-23,2022-12-08
V|2022-11-10T00:00:00|Long,V,2022-11-10,Long,-0.0027728136591431696,0.004183418402112338,-0.01663673350140249,True,0.02150118213487362,0.03969445012691275,-0.01663673350140249,True,0.026365704995072736,0.03969445012691275,-0.01663673350140249,True,0.03998630962224836,0.04183485206167714,-0.01663673350140249,True,0.015225906078248697,0.06362789369188593,-0.01663673350140249,True,20,True,True,False,True,False,False,3,,TARGET_BEFORE_STOP,True,False,True,False,False,13,,TARGET_BEFORE_STOP,2022-11-11,2022-11-15,2022-11-17,2022-11-25,2022-12-09
V|2022-11-11T00:00:00|Long,V,2022-11-11,Long,0.009073173709031934,0.020341454482660115,-0.00873167456650148,True,0.02507316775438273,0.042585345012385645,-0.00873167456650148,True,0.028292697813452783,0.04473169838509916,-0.00873167456650148,True,0.030536558569931316,0.04619512790586899,-0.00873167456650148,True,0.04678046994092977,0.06658533608041162,-0.00873167456650148,True,20,True,True,False,True,False,False,2,,TARGET_BEFORE_STOP,True,False,True,False,False,12,,TARGET_BEFORE_STOP,2022-11-14,2022-11-16,2022-11-18,2022-11-28,2022-12-12
V|2022-11-14T00:00:00|Long,V,2022-11-14,Long,0.015131030037596638,0.033210843550793845,0.0031421922777072897,True,0.019965217396435753,0.033210843550793845,0.002223758641157758,True,-0.0026104287176812457,0.03533789779089824,-0.00468916763918148,True,0.010635197436676957,0.03678816875131896,-0.007299596356862725,True,0.029875242470979613,0.06342451454353792,-0.008363123476914924,True,20,True,True,False,True,False,False,1,,TARGET_BEFORE_STOP,True,False,True,False,False,12,,TARGET_BEFORE_STOP,2022-11-15,2022-11-17,2022-11-21,2022-11-29,2022-12-13
V|2022-11-15T00:00:00|Long,V,2022-11-15,Long,0.000714290645081439,0.004285889199206139,-0.008428992933754431,True,0.003857314812157231,0.019905674396095696,-0.01271488213296057,True,0.0016191072384237337,0.019905674396095696,-0.022096286814943134,True,0.033382514993382184,0.033382514993382184,-0.022096286814943134,True,0.01585790630003614,0.04757364623575011,-0.023143961537301694,True,20,True,True,True,False,True,False,10,5,STOP_BEFORE_TARGET,False,False,False,False,True,,,NEITHER,2022-11-16,2022-11-18,2022-11-22,2022-11-30,2022-12-14
V|2022-11-16T00:00:00|Long,V,2022-11-16,Long,0.004044951489409199,0.005424951903300501,-0.013419587292378243,True,-0.01817831957992222,0.019177685309802905,-0.020224612222062066,True,0.007566366910196853,0.019177685309802905,-0.022794295707839307,True,0.03264490639705153,0.040496785626502385,-0.022794295707839307,True,-0.010611952669725366,0.046825908282434936,-0.023841222620098357,True,20,True,True,True,False,True,False,9,3,STOP_BEFORE_TARGET,False,False,False,False,True,,,NEITHER,2022-11-17,2022-11-21,2022-11-23,2022-12-01,2022-12-15
V|2022-11-17T00:00:00|Long,V,2022-11-17,Long,-0.0009005281599103743,0.015071769244938471,-0.005924451241556605,True,-0.0031281276123326096,0.015071769244938471,-0.026731121109104694,True,0.0132707129251175,0.015071769244938471,-0.026731121109104694,True,0.03161286314655043,0.036304982245087825,-0.026731121109104694,True,-0.01943222900029007,0.042608607044499314,-0.027773830313215564,True,20,True,True,True,False,True,False,9,2,STOP_BEFORE_TARGET,False,False,False,False,True,,,NEITHER,2022-11-18,2022-11-22,2022-11-25,2022-12-02,2022-12-16
V|2022-11-18T00:00:00|Long,V,2022-11-18,Long,-0.021252351340996345,-0.0011859582371003263,-0.023292237149084905,True,0.004411729897142891,0.009629975094442633,-0.025853875091757184,True,0.002182122620582705,0.017409858234414877,-0.025853875091757184,True,0.01366218966949595,0.037239045213861566,-0.025853875091757184,True,-0.028368100763598192,0.04354835172145277,-0.03249528465060669,True,20,True,True,True,False,True,False,8,1,STOP_BEFORE_TARGET,False,True,False,True,False,,20,STOP_BEFORE_TARGET,2022-11-21,2022-11-23,2022-11-28,2022-12-05,2022-12-19
V|2022-11-21T00:00:00|Long,V,2022-11-21,Long,0.01943580052580396,0.020162796896294966,-0.004701440414253355,True,0.03620582443163389,0.037223693307225636,-0.004701440414253355,True,0.013280293413664435,0.03950171387730306,-0.004701440414253355,True,0.01337725091536468,0.05976146827529827,-0.004701440414253355,True,-0.0046529986418554214,0.06620777393563437,-0.013425766644666992,True,20,True,True,False,True,False,False,2,,TARGET_BEFORE_STOP,True,False,True,False,False,6,,TARGET_BEFORE_STOP,2022-11-22,2022-11-25,2022-11-29,2022-12-06,2022-12-20
V|2022-11-22T00:00:00|Long,V,2022-11-22,Long,0.00665617783624084,0.011886083669642611,-0.0019493351330767128,True,0.004421588302596202,0.019683351655052306,-0.0019493351330767128,True,0.03171206252497871,0.03171206252497871,-0.014168191421082721,True,-0.011981192652131045,0.03955684872818388,-0.024723039523477208,True,-0.016735626119988023,0.04588025394606143,-0.03223505310831898,True,20,True,True,True,True,False,False,5,10,TARGET_BEFORE_STOP,False,True,False,True,False,,18,STOP_BEFORE_TARGET,2022-11-23,2022-11-28,2022-11-30,2022-12-07,2022-12-21
V|2022-11-23T00:00:00|Long,V,2022-11-23,Long,0.009729360979370272,0.010721221925409363,-0.0016058014676774146,True,-0.012610391644182317,0.012941035981930415,-0.020686675069222393,True,0.02489021101782174,0.03268312619176639,-0.020686675069222393,True,-0.012421431431981822,0.03268312619176639,-0.031171732762983906,True,-0.031502377100732004,0.03896472000413387,-0.04534072185539617,True,20,True,True,True,False,True,False,5,3,STOP_BEFORE_TARGET,False,True,False,True,False,,9,STOP_BEFORE_TARGET,2022-11-25,2022-11-29,2022-12-01,2022-12-08,2022-12-22
V|2022-11-25T00:00:00|Long,V,2022-11-25,Long,-0.01183403741404665,0.003180728546355205,-0.014687307583409304,True,0.015014765960401855,0.015014765960401855,-0.03012295890761374,True,0.018101924774360345,0.022732591622504073,-0.03012295890761374,True,-0.023808393740291978,0.022732591622504073,-0.04050698664707819,True,-0.0372327597411195,0.028953658430222573,-0.054539448849295735,True,20,True,False,True,False,True,False,,2,STOP_BEFORE_TARGET,False,True,False,True,False,,2,STOP_BEFORE_TARGET,2022-11-28,2022-11-30,2022-12-02,2022-12-09,2022-12-23
V|2022-11-28T00:00:00|Long,V,2022-11-28,Long,-0.010413694052098466,-0.005254192176529893,-0.018507945209635057,True,0.027170338172939346,0.03498059065512904,-0.018507945209635057,True,0.011455070680062018,0.03498059065512904,-0.018507945209635057,True,0.015762576529589678,0.03498059065512904,-0.02901632956269473,True,-0.023525519975067022,0.041276159459622486,-0.04321684115033908,True,20,True,True,True,True,False,False,3,7,TARGET_BEFORE_STOP,False,True,False,True,False,,15,STOP_BEFORE_TARGET,2022-11-29,2022-12-01,2022-12-05,2022-12-12,2022-12-27
V|2022-11-29T00:00:00|Long,V,2022-11-29,Long,0.03797953952994226,0.03797953952994226,-0.005022496240408292,True,0.04113654550821133,0.045871981488007085,-0.005022496240408292,True,9.568675353754941e-05,0.045871981488007085,-0.006792299749010189,True,0.01903757664793604,0.052233800327510016,-0.018798396257896144,True,-0.019468057557443408,0.052233800327510016,-0.033148343809001335,True,20,True,True,True,True,False,False,1,14,TARGET_BEFORE_STOP,True,True,True,False,False,10,17,TARGET_BEFORE_STOP,2022-11-30,2022-12-02,2022-12-06,2022-12-13,2022-12-28
V|2022-11-30T00:00:00|Long,V,2022-11-30,Long,0.0,0.007603658509144573,-0.007834087319088412,True,-0.015299572922667037,0.007603658509144573,-0.018202750913558496,True,-0.04235024166546664,0.007603658509144573,-0.05470043832805305,True,-0.016958491593461966,0.01373269920524911,-0.05470043832805305,True,-0.041198167932747665,0.01373269920524911,-0.06852532312067972,True,20,True,False,True,False,True,False,,4,STOP_BEFORE_TARGET,False,True,False,True,False,,4,STOP_BEFORE_TARGET,2022-12-01,2022-12-05,2022-12-07,2022-12-14,2022-12-29
V|2022-12-01T00:00:00|Long,V,2022-12-01,Long,0.0030414915304579626,0.006820256808935721,-0.01271886869509653,True,-0.03649768741449455,0.006820256808935721,-0.04313364336567538,True,-0.03640550182711688,0.006820256808935721,-0.05470043832805305,True,-0.04188938404557896,0.01373269920524911,-0.05470043832805305,True,-0.042580670475410476,0.01373269920524911,-0.06852532312067972,True,20,True,False,True,False,True,False,,3,STOP_BEFORE_TARGET,False,True,False,True,False,,3,STOP_BEFORE_TARGET,2022-12-02,2022-12-06,2022-12-08,2022-12-15,2022-12-30
V|2022-12-02T00:00:00|Long,V,2022-12-02,Long,-0.018285449413602883,-0.003445741006070535,-0.02117982418813158,True,-0.04525409325457219,-0.003445741006070535,-0.05756684079978314,True,-0.041165150064852996,-0.003445741006070535,-0.05756684079978314,True,-0.04948086047623179,0.01065878905814599,-0.05756684079978314,True,-0.047183699805518065,0.01065878905814599,-0.0713498048240655,True,20,True,False,True,False,True,False,,1,STOP_BEFORE_TARGET,False,True,False,True,False,,2,STOP_BEFORE_TARGET,2022-12-05,2022-12-07,2022-12-09,2022-12-16,2023-01-03
V|2022-12-05T00:00:00|Long,V,2022-12-05,Long,-0.021527475675769847,-0.007253780635047891,-0.02826653637758847,True,-0.0214338577744847,-0.007253780635047891,-0.04001304795036065,True,0.004258721889279338,0.005335149230219383,-0.04001304795036065,True,-0.04146380407737027,0.02948335486568876,-0.04553536157361482,True,-0.005007450870953556,0.02948335486568876,-0.05405273394263754,True,20,True,False,True,False,True,False,,1,STOP_BEFORE_TARGET,False,True,False,True,False,,2,STOP_BEFORE_TARGET,2022-12-06,2022-12-08,2022-12-12,2022-12-19,2023-01-04
V|2022-12-06T00:00:00|Long,V,2022-12-06,Long,-0.0060742503412026805,-0.0002869598147517971,-0.018892275270946057,True,-0.0018175094675939585,0.006887327476540861,-0.018892275270946057,True,0.018940077579863157,0.05213312512447765,-0.018892275270946057,True,-0.01779223832085597,0.05213312512447765,-0.026449199975449367,True,0.009709196295766276,0.05213312512447765,-0.033240849853531484,True,20,True,True,True,True,False,False,5,9,TARGET_BEFORE_STOP,True,True,True,False,False,5,12,TARGET_BEFORE_STOP,2022-12-07,2022-12-09,2022-12-13,2022-12-20,2023-01-05
V|2022-12-07T00:00:00|Long,V,2022-12-07,Long,0.0062076346666533055,0.011982125607128191,-0.0002887135330282842,True,0.032625950911650436,0.033732784023773776,-0.0013954732185156304,True,0.026514651991521365,0.05856310241047891,-0.0013954732185156304,True,-0.0048120880215016815,0.05856310241047891,-0.020499468538008103,True,0.04783216668198831,0.05856310241047891,-0.02733262471734421,True,20,True,True,True,True,False,False,3,9,TARGET_BEFORE_STOP,True,False,True,False,False,4,,TARGET_BEFORE_STOP,2022-12-08,2022-12-12,2022-12-14,2022-12-21,2023-01-06
V|2022-12-08T00:00:00|Long,V,2022-12-08,Long,-0.00191300403442074,0.006791000131498581,-0.007556201745266833,True,0.018842597166958797,0.05203246918432547,-0.007556201745266833,True,-0.005691068420233036,0.05203246918432547,-0.0109038675884503,True,-0.01932093939261703,0.05203246918432547,-0.0333333381982428,True,0.04543280594309018,0.06269727512041023,-0.0333333381982428,True,20,True,True,True,True,False,False,3,7,TARGET_BEFORE_STOP,True,True,True,False,False,3,10,TARGET_BEFORE_STOP,2022-12-09,2022-12-13,2022-12-15,2022-12-22,2023-01-09
V|2022-12-09T00:00:00|Long,V,2022-12-09,Long,0.02822232618963172,0.029324439221215304,0.0036895269943482134,True,0.0221370888525807,0.05404886892305183,0.0036895269943482134,True,-0.00867272441332445,0.05404886892305183,-0.016291298256835063,True,-0.013751773642331488,0.05404886892305183,-0.03148055659559523,True,0.059367511120381966,0.06559656272923364,-0.03148055659559523,True,20,True,True,True,True,False,False,2,6,TARGET_BEFORE_STOP,True,True,True,False,False,2,9,TARGET_BEFORE_STOP,2022-12-12,2022-12-14,2022-12-16,2022-12-23,2023-01-10
V|2022-12-12T00:00:00|Long,V,2022-12-12,Long,-0.007223090909220242,0.025117663831642156,-0.009180303156355873,True,-0.031129096368793574,0.025117663831642156,-0.0362085332320774,True,-0.0455286321841778,0.025117663831642156,-0.04958292358090555,True,-0.038678424872559014,0.025117663831642156,-0.05806417665182673,True,0.03499701707343261,0.036348400134534,-0.05806417665182673,True,20,True,True,True,False,True,False,18,3,STOP_BEFORE_TARGET,False,True,False,True,False,,3,STOP_BEFORE_TARGET,2022-12-13,2022-12-15,2022-12-19,2022-12-27,2023-01-11
V|2022-12-13T00:00:00|Long,V,2022-12-13,Long,0.0013143731079161558,0.015208437829851151,-0.006618421177973732,True,-0.028867790510227587,0.015208437829851151,-0.036331160713000354,True,-0.036049534912753645,0.015208437829851151,-0.04454558079913684,True,-0.03778627509698074,0.015208437829851151,-0.05121098735985763,True,0.04966204545850106,0.05055390824198813,-0.05121098735985763,True,20,True,True,True,False,True,False,17,2,STOP_BEFORE_TARGET,True,True,False,True,False,20,3,STOP_BEFORE_TARGET,2022-12-14,2022-12-16,2022-12-20,2022-12-28,2023-01-12
V|2022-12-14T00:00:00|Long,V,2022-12-14,Long,-0.025360976356459952,-0.00703168923916353,-0.030470653369708778,True,-0.039846239021926855,-0.00703168923916353,-0.04392466742107015,True,-0.0305175770771966,-0.00703168923916353,-0.04579975593949703,True,-0.0246578360445604,-0.00703168923916353,-0.052456413168966876,True,0.04565905634707512,0.04917490096665689,-0.052456413168966876,True,20,True,True,True,False,True,False,16,1,STOP_BEFORE_TARGET,False,True,False,True,False,,1,STOP_BEFORE_TARGET,2022-12-15,2022-12-19,2022-12-21,2022-12-29,2023-01-13
V|2022-12-15T00:00:00|Long,V,2022-12-15,Long,-0.004905989392019028,0.0023567419832828396,-0.012553511444275078,True,-0.01226493678438878,0.0023567419832828396,-0.020970614850439495,True,-0.013707883475137628,0.0023567419832828396,-0.02780048423591197,True,-0.0007215100410330466,0.0029820360072481122,-0.02780048423591197,True,0.07257946261409587,0.07931311598250068,-0.02780048423591197,True,20,True,True,True,False,True,False,13,3,STOP_BEFORE_TARGET,True,False,True,False,False,15,,TARGET_BEFORE_STOP,2022-12-16,2022-12-20,2022-12-22,2022-12-30,2023-01-17
V|2022-12-16T00:00:00|Long,V,2022-12-16,Long,-0.01000527851291233,0.0028034309670150748,-0.014210461840009847,True,-0.0003866877630175347,0.0051718658580666155,-0.016143826901948044,True,-0.0051234837919710285,0.0051718658580666155,-0.02300736875092335,True,0.002416743203997651,0.02629417785999788,-0.02300736875092335,True,0.06075695955001148,0.0874861334859729,-0.02300736875092335,True,20,True,True,True,False,True,False,11,4,STOP_BEFORE_TARGET,True,False,True,False,False,13,,TARGET_BEFORE_STOP,2022-12-19,2022-12-21,2022-12-23,2023-01-03,2023-01-18
V|2022-12-19T00:00:00|Long,V,2022-12-19,Long,0.0026364284094475554,0.008348752045357122,-0.006200586988802326,True,0.0011717128492976236,0.015330530599376502,-0.0131334945084155,True,0.007176964697531485,0.015330530599376502,-0.0131334945084155,True,0.03803336103685262,0.0409139211227465,-0.0131334945084155,True,0.07611559310811145,0.09847669879738508,-0.0131334945084155,True,20,True,True,False,True,False,False,9,,TARGET_BEFORE_STOP,True,False,True,False,False,12,,TARGET_BEFORE_STOP,2022-12-20,2022-12-22,2022-12-27,2023-01-04,2023-01-19
V|2022-12-20T00:00:00|Long,V,2022-12-20,Long,0.007060756446886751,0.012660723099864324,0.0010712953839562278,True,0.0022886697473034623,0.012660723099864324,-0.015728455969707733,True,-0.001801690280910817,0.015436298010925942,-0.015728455969707733,True,0.02799961035698484,0.042851592450346976,-0.015728455969707733,True,0.09227696188118806,0.09558825878686239,-0.015728455969707733,True,20,True,True,False,True,False,False,8,,TARGET_BEFORE_STOP,True,False,True,False,False,11,,TARGET_BEFORE_STOP,2022-12-21,2022-12-23,2022-12-28,2023-01-05,2023-01-20
V|2022-12-21T00:00:00|Long,V,2022-12-21,Long,-0.00846187331685544,-0.0007736746965728569,-0.022629431512155573,True,-0.0025144058730217633,0.00033851034788057177,-0.022629431512155573,True,0.006044195226325266,0.008316818533957937,-0.022629431512155573,True,0.052898808425867916,0.0547845943852141,-0.022629431512155573,True,0.08399011325487882,0.09375755339949099,-0.022629431512155573,True,20,True,True,True,False,True,False,8,1,STOP_BEFORE_TARGET,True,False,True,False,False,10,,TARGET_BEFORE_STOP,2022-12-22,2022-12-27,2022-12-29,2023-01-06,2023-01-23
V|2022-12-22T00:00:00|Long,V,2022-12-22,Long,0.0037550194168949336,0.005754452104843821,-0.007509964422450444,True,-0.00034132481353266186,0.016921882678320177,-0.007509964422450444,True,0.013166863261425243,0.016921882678320177,-0.007509964422450444,True,0.06602949725020335,0.08363410396692794,-0.007509964422450444,True,0.09182679242778313,0.12162295298126047,-0.007509964422450444,True,20,True,True,False,True,False,False,6,,TARGET_BEFORE_STOP,True,False,True,False,False,9,,TARGET_BEFORE_STOP,2022-12-23,2022-12-28,2022-12-30,2023-01-09,2023-01-24
V|2022-12-23T00:00:00|Long,V,2022-12-23,Long,0.002234812471389347,0.00510131196821173,-0.005975784465807044,True,0.010834162695919636,0.013117606394709824,-0.005975784465807044,True,0.007579058177700437,0.03157945849573096,-0.005975784465807044,True,0.07413882510364722,0.0804547316293871,-0.005975784465807044,True,0.09264923429910055,0.11742699292586156,-0.005975784465807044,True,20,True,True,False,True,False,False,5,,TARGET_BEFORE_STOP,True,False,True,False,False,8,,TARGET_BEFORE_STOP,2022-12-27,2022-12-29,2023-01-03,2023-01-10,2023-01-25
V|2022-12-27T00:00:00|Long,V,2022-12-27,Long,-0.006301749165145476,0.01085852715142166,-0.007222794526481557,True,0.007125896885672889,0.01085852715142166,-0.007222794526481557,True,0.030636519123119266,0.03349655284793629,-0.007222794526481557,True,0.0766397466282025,0.07804550209657646,-0.007222794526481557,True,0.08929184171422722,0.11493532156443687,-0.007222794526481557,True,20,True,True,False,True,False,False,5,,TARGET_BEFORE_STOP,True,False,True,False,False,7,,TARGET_BEFORE_STOP,2022-12-28,2022-12-30,2023-01-04,2023-01-11,2023-01-26
V|2022-12-28T00:00:00|Long,V,2022-12-28,Long,0.014976301200850806,0.017269101864826553,0.002487899376406144,True,0.011707858101230206,0.03580660588906315,0.002487899376406144,True,0.029855090263859685,0.044733879326868564,0.002487899376406144,True,0.09088242901990995,0.09180931538663373,0.002487899376406144,True,0.12903066607861646,0.1358602375648763,0.002487899376406144,True,20,True,True,False,True,False,False,3,,TARGET_BEFORE_STOP,True,False,True,False,False,6,,TARGET_BEFORE_STOP,2022-12-29,2023-01-03,2023-01-05,2023-01-12,2023-01-27
V|2022-12-29T00:00:00|Long,V,2022-12-29,Long,-0.001441906446592811,-9.614665334845007e-05,-0.01134288492763702,True,0.021868706647833358,0.024704409545140527,-0.01134288492763702,True,0.046573116192973885,0.048447572572021924,-0.01134288492763702,True,0.0720945889455551,0.07569931839283273,-0.01134288492763702,True,0.10112471783047394,0.11910025507098432,-0.01134288492763702,True,20,True,True,False,True,False,False,5,,TARGET_BEFORE_STOP,True,False,True,False,False,6,,TARGET_BEFORE_STOP,2022-12-30,2023-01-04,2023-01-06,2023-01-13,2023-01-30
V|2022-12-30T00:00:00|Long,V,2022-12-30,Long,-0.0017808775845694624,0.02199657029769697,-0.0077011498220554975,True,0.01612440408206406,0.03080481962114634,-0.0077011498220554975,True,0.05217564441321265,0.06955146606222984,-0.0077011498220554975,True,0.07335389822925031,0.08009241350408747,-0.0077011498220554975,True,0.10805743550543156,0.12071622301775475,-0.0077011498220554975,True,20,True,True,False,True,False,False,3,,TARGET_BEFORE_STOP,True,False,True,False,False,5,,TARGET_BEFORE_STOP,2023-01-03,2023-01-05,2023-01-09,2023-01-17,2023-01-31
V|2023-01-03T00:00:00|Long,V,2023-01-03,Long,0.02516997558255296,0.028014839556838034,0.010752667602593968,True,0.049954195674049684,0.05183470770836296,0.010752667602593968,True,0.06605910115512548,0.07232749912794834,0.010752667602593968,True,0.058199562947784056,0.08486429507359405,0.010752667602593968,True,0.11336127381274963,0.12271564213868502,0.010752667602593968,True,20,True,True,False,True,False,False,2,,TARGET_BEFORE_STOP,True,False,True,False,False,3,,TARGET_BEFORE_STOP,2023-01-04,2023-01-06,2023-01-10,2023-01-18,2023-02-01
V|2023-01-04T00:00:00|Long,V,2023-01-04,Long,-0.007055171420412343,0.007290358154875776,-0.010112383661691648,True,0.028173677042322653,0.04515312579820496,-0.010112383661691648,True,0.04463574368995138,0.04599971191957519,-0.010112383661691648,True,0.036686905739927056,0.05822870442252248,-0.010112383661691648,True,0.07972342269687638,0.1020177902221886,-0.010112383661691648,True,20,True,True,False,True,False,False,3,,TARGET_BEFORE_STOP,True,False,True,False,False,6,,TARGET_BEFORE_STOP,2023-01-05,2023-01-09,2023-01-11,2023-01-19,2023-02-02
V|2023-01-05T00:00:00|Long,V,2023-01-05,Long,0.0314527941378957,0.03330016938549596,0.009378976466366318,True,0.047273912645944494,0.053431854230896914,0.009378976466366318,True,0.05925818043042774,0.06015819672930944,0.009378976466366318,True,0.06252663024053318,0.06574773740080175,0.009378976466366318,True,0.0900952310050267,0.1098479578151692,0.009378976466366318,True,20,True,True,False,True,False,False,1,,TARGET_BEFORE_STOP,True,False,True,False,False,2,,TARGET_BEFORE_STOP,2023-01-06,2023-01-10,2023-01-12,2023-01-20,2023-02-03
V|2023-01-06T00:00:00|Long,V,2023-01-06,Long,0.003903587157362276,0.020482235195716125,0.0027554815316446213,True,0.01997706591740811,0.02130883761032587,0.0019747080403271777,True,0.024385752278272,0.02783006915542474,0.0019747080403271777,True,0.029529243057548893,0.038805956134292385,-0.0011481056257175437,True,0.053685430270522305,0.0760046064374642,-0.0051434907792766715,True,20,True,True,False,True,False,False,6,,TARGET_BEFORE_STOP,True,False,True,False,False,11,,TARGET_BEFORE_STOP,2023-01-09,2023-01-11,2023-01-13,2023-01-23,2023-02-06
V|2023-01-09T00:00:00|Long,V,2023-01-09,Long,0.011390622895023572,0.01733757173061612,-0.0019213788472425275,True,0.02296426749089253,0.02383344606409099,-0.0019213788472425275,True,0.0201280593487303,0.026532422831782698,-0.0019213788472425275,True,0.024199419663454957,0.05215001636864569,-0.009011899202648,True,0.05818847605466071,0.07182066106991614,-0.009011899202648,True,20,True,True,False,True,False,False,9,,TARGET_BEFORE_STOP,True,False,True,False,False,10,,TARGET_BEFORE_STOP,2023-01-10,2023-01-12,2023-01-17,2023-01-24,2023-02-07
V|2023-01-10T00:00:00|Long,V,2023-01-10,Long,0.004568319609004057,0.004930102473857723,-0.006287029773722086,True,0.008910404149142792,0.012302687890709318,-0.006287029773722086,True,-0.007372516400662166,0.017639916865858973,-0.007462996624970297,True,0.01723279036456704,0.04030034741369426,-0.020172742000782118,True,0.041204942608207284,0.059749454668579505,-0.020172742000782118,True,20,True,True,True,,,False,9,9,AMBIGUOUS,True,False,True,False,False,12,,TARGET_BEFORE_STOP,2023-01-11,2023-01-13,2023-01-18,2023-01-25,2023-02-08
V|2023-01-11T00:00:00|Long,V,2023-01-11,Long,0.006843714416484348,0.0076991958941285965,-0.006708714327858245,True,0.004052201133506017,0.01035564038614556,-0.008824883656030513,True,-0.007609195835044602,0.013012153580497676,-0.020711418176961538,True,0.011751465729969768,0.035569534801374036,-0.02462855051950641,True,0.03264295272743456,0.054930196366388406,-0.02462855051950641,True,20,True,True,True,False,True,False,8,5,STOP_BEFORE_TARGET,True,False,True,False,False,15,,TARGET_BEFORE_STOP,2023-01-12,2023-01-17,2023-01-19,2023-01-26,2023-02-09
V|2023-01-12T00:00:00|Long,V,2023-01-12,Long,-0.0025042374153539937,0.0006260593538385262,-0.01556209553495147,True,-0.018602935757780825,0.006126511071868235,-0.0186923923041441,True,0.003085602613686955,0.006126511071868235,-0.027367834946872005,True,0.0349700719746493,0.04123066551303434,-0.03125834177177189,True,0.01600931003141559,0.04775962869050909,-0.03125834177177189,True,20,True,True,True,False,True,False,10,4,STOP_BEFORE_TARGET,False,True,False,True,False,,7,STOP_BEFORE_TARGET,2023-01-13,2023-01-18,2023-01-20,2023-01-27,2023-02-10
V|2023-01-13T00:00:00|Long,V,2023-01-13,Long,-0.00026897498094879957,0.006007335930050095,-0.0030933490942274267,True,-0.01188018436962579,0.008652416191582413,-0.024926018198907385,True,0.00502104872879916,0.014076927391804661,-0.024926018198907385,True,0.027077954859814124,0.043844700467764675,-0.0288262922359811,True,0.02609166765856319,0.05039005476637071,-0.0288262922359811,True,20,True,True,True,False,True,False,6,3,STOP_BEFORE_TARGET,True,False,True,False,False,13,,TARGET_BEFORE_STOP,2023-01-17,2023-01-19,2023-01-23,2023-01-30,2023-02-13
V|2023-01-17T00:00:00|Long,V,2023-01-17,Long,-0.015874409354855623,0.008923791449166218,-0.015964114612528002,True,0.005874428513873209,0.008923791449166218,-0.024663677130044803,True,0.003991028653131945,0.03139013452914807,-0.02856500052550448,True,0.03233186867205018,0.04412554411610148,-0.02856500052550448,True,0.028654705783176748,0.05067265942492294,-0.02856500052550448,True,20,True,True,True,False,True,False,5,2,STOP_BEFORE_TARGET,True,False,True,False,False,12,,TARGET_BEFORE_STOP,2023-01-18,2023-01-20,2023-01-24,2023-01-31,2023-02-14
V|2023-01-18T00:00:00|Long,V,2023-01-18,Long,0.004328793033715694,0.009386664975726378,-0.008931042804635747,True,0.021507271564372044,0.030711701577420536,-0.008931042804635747,True,0.024788057122908436,0.048026943241074926,-0.012895296384203836,True,0.05212789042484944,0.06096778098375033,-0.012895296384203836,True,0.04310576490327045,0.06762050434655764,-0.012895296384203836,True,20,True,True,False,True,False,False,3,,TARGET_BEFORE_STOP,True,False,True,False,False,7,,TARGET_BEFORE_STOP,2023-01-19,2023-01-23,2023-01-25,2023-02-01,2023-02-15
V|2023-01-19T00:00:00|Long,V,2023-01-19,Long,0.01769426900633375,0.018238686751417044,0.0,True,0.015788737669429675,0.043509805265427914,-0.01714985126125057,True,0.019509110205132796,0.043509805265427914,-0.01714985126125057,True,0.041513514561305476,0.06301891547056071,-0.01714985126125057,True,0.024590527103543813,0.06301891547056071,-0.01714985126125057,True,20,True,True,False,True,False,False,3,,TARGET_BEFORE_STOP,True,False,True,False,False,6,,TARGET_BEFORE_STOP,2023-01-20,2023-01-24,2023-01-26,2023-02-02,2023-02-16
V|2023-01-20T00:00:00|Long,V,2023-01-20,Long,-0.0005795768544758495,0.00842583661102636,-0.005171430942601529,True,0.00263027214262479,0.025366691201179847,-0.03423829860180483,True,0.03178638919538135,0.03802772445338154,-0.03423829860180483,True,0.025946268055655697,0.044536603815683584,-0.03423829860180483,True,-0.003343587036525597,0.044536603815683584,-0.03423829860180483,True,20,True,True,True,False,True,False,5,2,STOP_BEFORE_TARGET,False,True,False,True,False,,2,STOP_BEFORE_TARGET,2023-01-23,2023-01-25,2023-01-27,2023-02-03,2023-02-17
V|2023-01-23T00:00:00|Long,V,2023-01-23,Long,-0.0012935734481542838,0.02596131463272866,-0.03367824087624027,True,0.002364234344732319,0.02596131463272866,-0.03367824087624027,True,0.02194671062751752,0.03862969018218254,-0.03367824087624027,True,0.023463332757050592,0.0451423441279728,-0.03367824087624027,True,-0.015880085979583236,0.0451423441279728,-0.03367824087624027,True,20,True,True,True,False,True,False,4,1,STOP_BEFORE_TARGET,False,True,False,True,False,,1,STOP_BEFORE_TARGET,2023-01-24,2023-01-26,2023-01-30,2023-02-06,2023-02-21
V|2023-01-24T00:00:00|Long,V,2023-01-24,Long,0.0045111193424864915,0.004823805592026886,-0.012148828568128045,True,0.03372193073536134,0.03997497419554685,-0.012148828568128045,True,0.028228180541550962,0.03997497419554685,-0.012148828568128045,True,0.033185975053934724,0.04649606364950798,-0.012148828568128045,True,-0.017285252256633132,0.04649606364950798,-0.01983117804953438,True,20,True,True,False,True,False,False,3,,TARGET_BEFORE_STOP,False,False,False,False,True,,,NEITHER,2023-01-25,2023-01-27,2023-01-31,2023-02-07,2023-02-22
V|2023-01-25T00:00:00|Long,V,2023-01-25,Long,-0.0008447629514148902,0.009693232519933703,-0.005469078527877591,True,0.018675021436258543,0.0353045916268937,-0.005469078527877591,True,0.026678524512373514,0.0353045916268937,-0.005469078527877591,True,0.023566043555329097,0.04179639577758287,-0.005469078527877591,True,-0.016762957385437316,0.04179639577758287,-0.026545137317571355,True,20,True,True,True,True,False,False,2,18,TARGET_BEFORE_STOP,False,False,False,False,True,,,NEITHER,2023-01-26,2023-01-30,2023-02-01,2023-02-08,2023-02-23
V|2023-01-26T00:00:00|Long,V,2023-01-26,Long,0.02994969305531936,0.03617991803264764,0.011303427574398617,True,0.024475990546355186,0.03617991803264764,0.011303427574398617,True,0.021583332739170125,0.04267721085559839,0.011303427574398617,True,0.020648832944750728,0.04267721085559839,0.011303427574398617,True,-0.02296294560962664,0.04267721085559839,-0.03226380572019538,True,20,True,True,True,True,False,False,1,17,TARGET_BEFORE_STOP,False,True,False,True,False,,20,STOP_BEFORE_TARGET,2023-01-27,2023-01-31,2023-02-02,2023-02-09,2023-02-24
V|2023-01-27T00:00:00|Long,V,2023-01-27,Long,-0.01011059589183616,-0.004407208182255262,-0.015165959767536874,True,-0.002333255008751478,0.00527134984373312,-0.015727615586117127,True,-0.005660203701930877,0.012357416955504963,-0.0164189552872126,True,-0.018320106500333777,0.012357416955504963,-0.02281368269788886,True,-0.047917370467096654,0.012357416955504963,-0.060404405375334314,True,20,True,False,True,False,True,False,,10,STOP_BEFORE_TARGET,False,True,False,True,False,,15,STOP_BEFORE_TARGET,2023-01-30,2023-02-01,2023-02-03,2023-02-10,2023-02-27
V|2023-01-30T00:00:00|Long,V,2023-01-30,Long,0.004845048366563631,0.007420326944356681,-0.002837228886758525,True,0.0020078194798052174,0.022697498078165124,-0.0056743911703364125,True,0.0014840520682353198,0.022697498078165124,-0.006372792121216775,True,-0.0009602846566653112,0.022697498078165124,-0.012832834408908145,True,-0.03998255529495953,0.022697498078165124,-0.05080750362088193,True,20,True,False,True,False,True,False,,14,STOP_BEFORE_TARGET,False,True,False,True,False,,14,STOP_BEFORE_TARGET,2023-01-31,2023-02-02,2023-02-06,2023-02-13,2023-02-28
V|2023-01-31T00:00:00|Long,V,2023-01-31,Long,0.0029972076039022078,0.010642443320404205,-0.010468718091411255,True,-0.0003475167400265322,0.017766370785845753,-0.01116375157146432,True,0.00482168705955166,0.017766370785845753,-0.01116375157146432,True,-0.0035619968737412577,0.017766370785845753,-0.017592645556853026,True,-0.05147476546596974,0.017766370785845753,-0.05985844939926266,True,20,True,False,True,False,True,False,,13,STOP_BEFORE_TARGET,False,True,False,True,False,,13,STOP_BEFORE_TARGET,2023-02-01,2023-02-03,2023-02-07,2023-02-14,2023-03-01
V|2023-02-01T00:00:00|Long,V,2023-02-01,Long,-0.0058033623790019195,0.01472502921242036,-0.01095711929915033,True,-0.006323046746084637,0.01472502921242036,-0.01411864267219265,True,-0.0030316022812716392,0.01472502921242036,-0.01411864267219265,True,-0.0085751224767322,0.01472502921242036,-0.020528325507448875,True,-0.05127759484999661,0.01472502921242036,-0.06266782851103159,True,20,True,False,True,False,True,False,,7,STOP_BEFORE_TARGET,False,True,False,True,False,,12,STOP_BEFORE_TARGET,2023-02-02,2023-02-06,2023-02-08,2023-02-15,2023-03-02
V|2023-02-02T00:00:00|Long,V,2023-02-02,Long,0.0024830429093956052,0.005663020846765843,-0.008363818563185133,True,0.007666883535210722,0.011195362221428695,-0.008363818563185133,True,-0.0009147563047194884,0.012719978219201789,-0.008363818563185133,True,-0.01624845690541965,0.012719978219201789,-0.016945458403115454,True,-0.025222135161658388,0.012719978219201789,-0.0571963975538079,True,20,True,False,True,False,True,False,,11,STOP_BEFORE_TARGET,False,True,False,True,False,,11,STOP_BEFORE_TARGET,2023-02-03,2023-02-07,2023-02-09,2023-02-16,2023-03-03
V|2023-02-03T00:00:00|Long,V,2023-02-03,Long,-0.002998315850893163,0.000564853001631116,-0.009081873516423755,True,0.00030414141548096296,0.008690739832115435,-0.009472940895649096,True,-0.012731968332692412,0.010211579519685987,-0.017251123871156016,True,-0.028549112174939384,0.010211579519685987,-0.03645765094352138,True,-0.01468737153390176,0.010211579519685987,-0.059531620894057724,True,20,True,False,True,False,True,False,,10,STOP_BEFORE_TARGET,False,True,False,True,False,,10,STOP_BEFORE_TARGET,2023-02-06,2023-02-08,2023-02-10,2023-02-17,2023-03-06
V|2023-02-06T00:00:00|Long,V,2023-02-06,Long,0.008193884513632677,0.01172420856338352,-0.006494096396920002,True,-0.0003922434489758153,0.013249621922006183,-0.006494096396920002,True,-0.002440714577383929,0.013249621922006183,-0.01429567095709261,True,-0.03844145410725042,0.013249621922006183,-0.041187224754565155,True,-0.02732742418821299,0.013249621922006183,-0.056703319504834204,True,20,True,False,True,False,True,False,,9,STOP_BEFORE_TARGET,False,True,False,True,False,,9,STOP_BEFORE_TARGET,2023-02-07,2023-02-09,2023-02-13,2023-02-21,2023-03-07
V|2023-02-07T00:00:00|Long,V,2023-02-07,Long,-0.00484182232627528,0.00233439939925284,-0.005749618662213463,True,-0.017810869122971917,0.005014647962095609,-0.022306776321674104,True,-0.008343454407146011,0.005014647962095609,-0.022306776321674104,True,-0.04885008946035396,0.005014647962095609,-0.051314240014438184,True,-0.03946915352642133,0.005014647962095609,-0.0643697655930281,True,20,True,False,True,False,True,False,,3,STOP_BEFORE_TARGET,False,True,False,True,False,,8,STOP_BEFORE_TARGET,2023-02-08,2023-02-10,2023-02-14,2023-02-22,2023-03-08
V|2023-02-08T00:00:00|Long,V,2023-02-08,Long,-0.003692401633340059,0.009904425758135549,-0.004648097652539374,True,-0.005734109830272782,0.009904425758135549,-0.01754992762680685,True,-0.005560377047201581,0.009904425758135549,-0.01754992762680685,True,-0.03940048734001056,0.009904425758135549,-0.048957447532003484,True,-0.04426586697000412,0.009904425758135549,-0.05981756930933824,True,20,True,False,True,False,True,False,,7,STOP_BEFORE_TARGET,False,True,False,True,False,,7,STOP_BEFORE_TARGET,2023-02-09,2023-02-13,2023-02-15,2023-02-23,2023-03-09
V|2023-02-09T00:00:00|Long,V,2023-02-09,Long,-0.009374358395713545,0.0024416723073510394,-0.013908883176425357,True,0.00017437665170483285,0.009025472031142678,-0.013908883176425357,True,-0.015347740042667368,0.009025472031142678,-0.0160453797106479,True,-0.04272946497038521,0.009025472031142678,-0.051842158592670606,True,-0.05759758605763865,0.009025472031142678,-0.06047529979012267,True,20,True,False,True,False,True,False,,6,STOP_BEFORE_TARGET,False,True,False,True,False,,6,STOP_BEFORE_TARGET,2023-02-10,2023-02-14,2023-02-16,2023-02-24,2023-03-10
V|2023-02-10T00:00:00|Long,V,2023-02-10,Long,0.007394401219789737,0.011575725872089881,-0.004093277677257645,True,0.007570428009710639,0.018573949284270697,-0.004093277677257645,True,-0.016021124289353095,0.018573949284270697,-0.024031652853947705,True,-0.030149607996196592,0.018573949284270697,-0.04286967590318169,True,-0.05602991152521475,0.018573949284270697,-0.06470069166238124,True,20,True,False,True,False,True,False,,5,STOP_BEFORE_TARGET,False,True,False,True,False,,6,STOP_BEFORE_TARGET,2023-02-13,2023-02-15,2023-02-17,2023-02-27,2023-03-13
V|2023-02-13T00:00:00|Long,V,2023-02-13,Long,0.0022282178257426732,0.011097488779910236,-0.0074711931028781375,True,-0.013325773272852892,0.011097488779910236,-0.014024845532097596,True,-0.03608882204390973,0.011097488779910236,-0.0388413107304858,True,-0.039059779144899776,0.011097488779910236,-0.04989513249439326,True,-0.044652223884457776,0.011097488779910236,-0.0715659058605802,True,20,True,False,True,False,True,False,,4,STOP_BEFORE_TARGET,False,True,False,True,False,,4,STOP_BEFORE_TARGET,2023-02-14,2023-02-16,2023-02-21,2023-02-28,2023-03-14
V|2023-02-14T00:00:00|Long,V,2023-02-14,Long,-0.0020489176596786285,-0.0013949695552600838,-0.011290798835092986,True,-0.025415239751370722,-0.0013949695552600838,-0.03334929123692909,True,-0.04084744383852301,-0.0013949695552600838,-0.04333232690114741,True,-0.048084043805942,-0.0013949695552600838,-0.05649769714612951,True,-0.056759249780304444,-0.0013949695552600838,-0.07363005987440019,True,20,True,False,True,False,True,False,,3,STOP_BEFORE_TARGET,False,True,False,True,False,,3,STOP_BEFORE_TARGET,2023-02-15,2023-02-17,2023-02-22,2023-03-01,2023-03-15
V|2023-02-15T00:00:00|Long,V,2023-02-15,Long,-0.013498149408555316,-0.0024462587937837954,-0.014197099536937263,True,-0.03625722137928866,-0.0024462587937837954,-0.03900922919451899,True,-0.03402932617701537,-0.0024462587937837954,-0.043639723803384545,True,-0.04307181849213004,-0.0024462587937837954,-0.05456056960102851,True,-0.050104845852034896,-0.0024462587937837954,-0.08806571650953399,True,20,True,False,True,False,True,False,,2,STOP_BEFORE_TARGET,False,True,False,True,False,,2,STOP_BEFORE_TARGET,2023-02-16,2023-02-21,2023-02-23,2023-03-02,2023-03-16
V|2023-02-16T00:00:00|Long,V,2023-02-16,Long,-0.01005182772021207,-0.00469378536952203,-0.018110952064510855,True,-0.025727305988954674,-0.00469378536952203,-0.028251360895729993,True,-0.027808522908284727,-0.00469378536952203,-0.037063255764613445,True,-0.009121894973613154,-0.00469378536952203,-0.041624270819010434,True,-0.03737325586934315,0.0070406780542831005,-0.07558786337427814,True,20,True,False,True,False,True,False,,2,STOP_BEFORE_TARGET,False,True,False,True,False,,4,STOP_BEFORE_TARGET,2023-02-17,2023-02-22,2023-02-24,2023-03-03,2023-03-17
V|2023-02-17T00:00:00|Long,V,2023-02-17,Long,-0.01315084305561276,-0.0050098189721707875,-0.015968832100626607,True,-0.010869532574334428,-0.0050098189721707875,-0.020710345917761996,True,-0.014358523394762512,-0.0050098189721707875,-0.027285699191903934,True,0.01426911109430562,0.01726606124756236,-0.031893026304689265,True,-0.02419933673819019,0.01726606124756236,-0.06620148154134242,True,20,True,False,True,False,True,False,,3,STOP_BEFORE_TARGET,False,True,False,True,False,,7,STOP_BEFORE_TARGET,2023-02-21,2023-02-23,2023-02-27,2023-03-06,2023-03-20
V|2023-02-21T00:00:00|Long,V,2023-02-21,Long,-0.002719566938653384,0.005121951354464915,-0.0053032281517541024,True,-0.00484993241370224,0.006663046202690204,-0.014323218535300053,True,-0.00308218969645091,0.006663046202690204,-0.014323218535300053,True,0.011558349688129299,0.030822242780604858,-0.018991943314932258,True,0.006028473667349266,0.030822242780604858,-0.053757596196354895,True,20,True,True,True,True,False,False,9,13,TARGET_BEFORE_STOP,False,True,False,True,False,,14,STOP_BEFORE_TARGET,2023-02-22,2023-02-24,2023-02-28,2023-03-07,2023-03-21
V|2023-02-22T00:00:00|Long,V,2023-02-22,Long,0.0050449985855696156,0.009408199369300707,-0.004954147693451927,True,0.0014998719418533035,0.009408199369300707,-0.01163529455905099,True,-0.007544785155324862,0.009408199369300707,-0.016316750872497954,True,0.009862731237192834,0.033633277669246064,-0.016316750872497954,True,9.085089211757769e-05,0.033633277669246064,-0.05117720910359225,True,20,True,True,True,True,False,False,8,12,TARGET_BEFORE_STOP,False,True,False,True,False,,13,STOP_BEFORE_TARGET,2023-02-23,2023-02-27,2023-03-01,2023-03-08,2023-03-22
V|2023-02-23T00:00:00|Long,V,2023-02-23,Long,-0.007145126378900968,-0.004024778953539476,-0.016596563505211437,True,-0.005381460747657885,0.002894222292391335,-0.016596563505211437,True,-0.009361042276084364,0.002894222292391335,-0.021254520432548274,True,-0.005064940764461623,0.02844477523285982,-0.021254520432548274,True,0.006602412259032242,0.02844477523285982,-0.05593999051613119,True,20,True,False,True,False,True,False,,4,STOP_BEFORE_TARGET,False,True,False,True,False,,12,STOP_BEFORE_TARGET,2023-02-24,2023-02-28,2023-03-02,2023-03-09,2023-03-23
V|2023-02-24T00:00:00|Long,V,2023-02-24,Long,0.0036438307476096554,0.008608514522328914,-0.0009565325026102967,True,-0.005420188680779536,0.01011159731197897,-0.014210932965649015,True,0.019221139430857903,0.02035983219571791,-0.014210932965649015,True,-0.015531785992758507,0.03584602599769582,-0.018537951572058398,True,0.006786564398378658,0.03584602599769582,-0.04914601865151502,True,20,True,True,True,True,False,False,6,11,TARGET_BEFORE_STOP,False,True,False,True,False,,11,STOP_BEFORE_TARGET,2023-02-27,2023-03-01,2023-03-03,2023-03-10,2023-03-24
V|2023-02-27T00:00:00|Long,V,2023-02-27,Long,-0.001860692764931282,0.0064442846816996635,-0.003857527025056262,True,-0.005854361285181242,0.0064442846816996635,-0.017789940182224684,True,0.029044673107373464,0.03208528191330462,-0.017789940182224684,True,-0.02668484102537394,0.03208528191330462,-0.035625168532229856,True,0.00662578359263688,0.03208528191330462,-0.05259819049532932,True,20,True,True,True,True,False,False,5,9,TARGET_BEFORE_STOP,False,True,False,True,False,,10,STOP_BEFORE_TARGET,2023-02-28,2023-03-02,2023-03-06,2023-03-13,2023-03-27
V|2023-02-28T00:00:00|Long,V,2023-02-28,Long,-0.007183785639338636,0.001500417511101082,-0.015958942105404827,True,0.017413848270166454,0.018550521895813965,-0.015958942105404827,True,0.014685803817791498,0.0340092554537994,-0.015958942105404827,True,-0.005819763413151158,0.0340092554537994,-0.03382741819959889,True,0.0017732080809280681,0.0340092554537994,-0.050832080615024755,True,20,True,True,True,True,False,False,4,8,TARGET_BEFORE_STOP,False,True,False,True,False,,9,STOP_BEFORE_TARGET,2023-03-01,2023-03-03,2023-03-07,2023-03-14,2023-03-28
V|2023-03-01T00:00:00|Long,V,2023-03-01,Long,0.0032057013477082563,0.00567872087240362,-0.00581610308165903,True,0.03842278515386077,0.04149110429231362,-0.00581610308165903,True,0.017539850798448553,0.04149110429231362,-0.00581610308165903,True,-0.009113415861887186,0.04149110429231362,-0.02683641964632677,True,0.022623202178046142,0.04149110429231362,-0.04396412381700887,True,20,True,True,True,True,False,False,3,8,TARGET_BEFORE_STOP,False,True,False,True,False,,11,STOP_BEFORE_TARGET,2023-03-02,2023-03-06,2023-03-08,2023-03-15,2023-03-29
V|2023-03-02T00:00:00|Long,V,2023-03-02,Long,0.02150098952962587,0.022642229385310353,0.0038345491977189727,True,0.018761986013682064,0.03816306356031718,0.0038345491977189727,True,0.004336697520450183,0.03816306356031718,0.0027390035159438053,True,-0.007349587456837781,0.03816306356031718,-0.047019095985348924,True,0.015064380026184931,0.03816306356031718,-0.047019095985348924,True,20,True,True,True,True,False,False,2,7,TARGET_BEFORE_STOP,False,True,False,True,False,,10,STOP_BEFORE_TARGET,2023-03-03,2023-03-07,2023-03-09,2023-03-16,2023-03-30
V|2023-03-03T00:00:00|Long,V,2023-03-03,Long,0.013317226038529473,0.01631136357328833,-0.0003575181191723953,True,-0.007060829427034787,0.01631136357328833,-0.011574436015678424,True,-0.034097532006668096,0.01631136357328833,-0.03704700534763372,True,-0.028511439250116122,0.01631136357328833,-0.06707784546202589,True,0.0075524083171956136,0.01631136357328833,-0.06707784546202589,True,20,True,False,True,False,True,False,,5,STOP_BEFORE_TARGET,False,True,False,True,False,,5,STOP_BEFORE_TARGET,2023-03-06,2023-03-08,2023-03-10,2023-03-17,2023-03-31
V|2023-03-06T00:00:00|Long,V,2023-03-06,Long,-0.015788321195389976,0.0027784118315876682,-0.016185217944632013,True,-0.02972439026753726,0.0027784118315876682,-0.03126790005684954,True,-0.05415655470472713,0.0027784118315876682,-0.0628445424476296,True,-0.03792725955243936,0.0027784118315876682,-0.07933850272619214,True,0.009922822491730932,0.010628461574903492,-0.07933850272619214,True,20,True,False,True,False,True,False,,2,STOP_BEFORE_TARGET,False,True,False,True,False,,3,STOP_BEFORE_TARGET,2023-03-07,2023-03-09,2023-03-13,2023-03-20,2023-04-03
V|2023-03-07T00:00:00|Long,V,2023-03-07,Long,-0.004391252119817612,-0.0010754379850932416,-0.008916993814094942,True,-0.03150064451752599,0.005377053179584479,-0.0344580476968267,True,-0.02020878497934009,0.005377053179584479,-0.047811077906931954,True,-0.005466690104910743,0.005377053179584479,-0.0645696275500286,True,0.020119216426954578,0.030828538509930725,-0.0645696275500286,True,20,True,True,True,False,True,False,20,3,STOP_BEFORE_TARGET,False,True,False,True,False,,3,STOP_BEFORE_TARGET,2023-03-08,2023-03-10,2023-03-14,2023-03-21,2023-04-04
V|2023-03-08T00:00:00|Long,V,2023-03-08,Long,-0.009811458259222139,0.00981138958471428,-0.01138664544532808,True,-0.03474504314269933,0.00981138958471428,-0.04361133415065155,True,-0.02619383077667292,0.00981138958471428,-0.04361133415065155,True,-0.009676444176827559,0.01219672993969545,-0.06044379939242295,True,0.02691388299127473,0.03537513175204321,-0.06044379939242295,True,20,True,True,True,False,True,False,18,2,STOP_BEFORE_TARGET,False,True,False,True,False,,2,STOP_BEFORE_TARGET,2023-03-09,2023-03-13,2023-03-15,2023-03-22,2023-04-05
V|2023-03-09T00:00:00|Long,V,2023-03-09,Long,-0.017590087786067632,-0.0040452679963172145,-0.020589968148724824,True,-0.00613604326363737,-0.0006363319537471268,-0.03413478793847524,True,-0.011635823928508926,-0.0006363319537471268,-0.051134040638551315,True,0.011726748309038859,0.02381712478521636,-0.051134040638551315,True,0.02718063331501197,0.04563432932866118,-0.051134040638551315,True,20,True,True,True,False,True,False,17,1,STOP_BEFORE_TARGET,False,True,False,True,False,,2,STOP_BEFORE_TARGET,2023-03-10,2023-03-14,2023-03-16,2023-03-23,2023-04-06
V|2023-03-10T00:00:00|Long,V,2023-03-10,Long,-0.007726465132142035,0.00791156990235975,-0.016840933653776813,True,0.001064105340004451,0.01725731349158921,-0.016840933653776813,True,0.0057832886255659854,0.01725731349158921,-0.03414455863631294,True,0.02267046317350485,0.04214861032699657,-0.03414455863631294,True,0.047608000903074155,0.06435645276852697,-0.03414455863631294,True,20,True,True,True,False,True,False,8,4,STOP_BEFORE_TARGET,True,True,False,True,False,16,4,STOP_BEFORE_TARGET,2023-03-13,2023-03-15,2023-03-17,2023-03-24,2023-04-10
V|2023-03-13T00:00:00|Long,V,2023-03-13,Long,0.019536543188128475,0.025178318019998702,0.007320334109636395,True,0.013894697209762441,0.025178318019998702,-0.026623801377197,True,0.017158542709170277,0.028348961609777623,-0.026623801377197,True,0.03422388350871186,0.05026343413036849,-0.026623801377197,True,0.06518392151801589,0.07264420078508738,-0.026623801377197,True,20,True,True,True,False,True,False,6,3,STOP_BEFORE_TARGET,True,False,True,False,False,8,,TARGET_BEFORE_STOP,2023-03-14,2023-03-16,2023-03-20,2023-03-27,2023-04-11
V|2023-03-14T00:00:00|Long,V,2023-03-14,Long,-0.010472919173917905,-0.008003292649277682,-0.02282084244759741,True,-0.0058081233476217076,0.0,-0.04527581171438977,True,0.015046159476045595,0.017607201958506735,-0.04527581171438977,True,0.007637419468472739,0.030138096714175555,-0.04527581171438977,True,0.041845759367239665,0.0591328659070256,-0.04527581171438977,True,20,True,True,True,False,True,False,7,1,STOP_BEFORE_TARGET,True,True,False,True,False,15,2,STOP_BEFORE_TARGET,2023-03-15,2023-03-17,2023-03-21,2023-03-28,2023-04-12
V|2023-03-15T00:00:00|Long,V,2023-03-15,Long,0.004991458406558458,0.005592303651954289,-0.03517123807406819,True,0.008226643339954931,0.01931879663955427,-0.03517123807406819,True,0.016961677920996454,0.03942320548963818,-0.03517123807406819,True,0.032028507144980845,0.04104083321720764,-0.03517123807406819,True,0.07542638855900385,0.07611961728696648,-0.03517123807406819,True,20,True,True,True,False,True,False,5,1,STOP_BEFORE_TARGET,True,True,False,True,False,13,1,STOP_BEFORE_TARGET,2023-03-16,2023-03-20,2023-03-22,2023-03-29,2023-04-13
V|2023-03-16T00:00:00|Long,V,2023-03-16,Long,-0.00027591427654993783,0.005564528539198754,-0.011864805092035913,True,0.020694412799054263,0.023269706275498958,-0.011864805092035913,True,0.023637615368060416,0.035870329552657454,-0.011864805092035913,True,0.02257992058412417,0.035870329552657454,-0.011864805092035913,True,0.07620146036682995,0.08066226162834478,-0.011864805092035913,True,20,True,True,False,True,False,False,4,,TARGET_BEFORE_STOP,True,False,True,False,False,12,,TARGET_BEFORE_STOP,2023-03-17,2023-03-21,2023-03-23,2023-03-30,2023-04-14
V|2023-03-17T00:00:00|Long,V,2023-03-17,Long,0.003495995717235134,0.014536104103139547,-0.002530029225364605,True,0.012190045098323665,0.0345461821055304,-0.002530029225364605,True,0.016790072711404536,0.03615621984644912,-0.002530029225364605,True,0.03712225652917045,0.03887021929236245,-0.002530029225364605,True,0.07401442744866582,0.08096051406656235,-0.002530029225364605,True,20,True,True,False,True,False,False,3,,TARGET_BEFORE_STOP,True,False,True,False,False,11,,TARGET_BEFORE_STOP,2023-03-20,2023-03-22,2023-03-24,2023-03-31,2023-04-17
V|2023-03-20T00:00:00|Long,V,2023-03-20,Long,0.017419221444310296,0.019986251351537643,0.0024295154440772126,True,0.02035297990204432,0.03254644190769351,0.0024295154440772126,True,0.01677746396750357,0.03254644190769351,0.00045842817471308805,True,0.049736449264647264,0.05046990636566062,0.00045842817471308805,True,0.07082288626770494,0.07719464619682981,0.00045842817471308805,True,20,True,True,False,True,False,False,2,,TARGET_BEFORE_STOP,True,False,True,False,False,10,,TARGET_BEFORE_STOP,2023-03-21,2023-03-23,2023-03-27,2023-04-03,2023-04-18
V|2023-03-21T00:00:00|Long,V,2023-03-21,Long,-0.008605558406719727,0.013291268253227795,-0.009146198725879073,True,-0.004100039083675178,0.014868227515800969,-0.016670407745511318,True,-0.00729891930372617,0.014868227515800969,-0.016670407745511318,True,0.025726545584043192,0.036494734016168984,-0.016670407745511318,True,0.04784866195989679,0.058752010471812444,-0.016670407745511318,True,20,True,True,False,True,False,False,9,,TARGET_BEFORE_STOP,True,False,True,False,False,17,,TARGET_BEFORE_STOP,2023-03-22,2023-03-24,2023-03-28,2023-04-04,2023-04-19
V|2023-03-22T00:00:00|Long,V,2023-03-22,Long,0.011588816258696566,0.02367754441390235,0.0009998237930186615,True,0.008044011663639994,0.02367754441390235,-0.008134854302622951,True,0.014815532926261143,0.02367754441390235,-0.008134854302622951,True,0.03694785098561826,0.045491774545767694,-0.008134854302622951,True,0.06616984758061428,0.06794224987814257,-0.008134854302622951,True,20,True,True,False,True,False,False,8,,TARGET_BEFORE_STOP,True,False,True,False,False,14,,TARGET_BEFORE_STOP,2023-03-23,2023-03-27,2023-03-29,2023-04-05,2023-04-20
V|2023-03-23T00:00:00|Long,V,2023-03-23,Long,-0.006963489272918233,-0.005660607069345902,-0.019497715123291237,True,-0.010153171948506068,0.006693946348344637,-0.019497715123291237,True,-0.0010332707278989384,0.0074127731812740905,-0.019497715123291237,True,0.015274761719804575,0.033514564161018834,-0.019497715123291237,True,0.0514848236776595,0.05831354148829093,-0.019497715123291237,True,20,True,True,False,True,False,False,8,,TARGET_BEFORE_STOP,True,False,True,False,False,15,,TARGET_BEFORE_STOP,2023-03-24,2023-03-28,2023-03-30,2023-04-06,2023-04-21
V|2023-03-24T00:00:00|Long,V,2023-03-24,Long,0.003483551827040632,0.013753205923177081,0.0015834514755099782,True,0.010224438265791447,0.013753205923177081,-0.010812520187487573,True,0.019996442100922218,0.021715541067467647,-0.010812520187487573,True,0.024384724725679652,0.04076189847672351,-0.010812520187487573,True,0.053022084585081286,0.06573477415590157,-0.010812520187487573,True,20,True,True,False,True,False,False,6,,TARGET_BEFORE_STOP,True,False,True,False,False,13,,TARGET_BEFORE_STOP,2023-03-27,2023-03-29,2023-03-31,2023-04-10,2023-04-24
V|2023-03-27T00:00:00|Long,V,2023-03-27,Long,-0.006672358071453055,0.006852731117583666,-0.01424644378923734,True,0.0024796134430888905,0.010955358015043437,-0.01424644378923734,True,0.03241514142980373,0.03313649603000446,-0.01424644378923734,True,0.02993552798671484,0.03714893640439887,-0.01424644378923734,True,0.035075059126862485,0.06203511977403142,-0.01424644378923734,True,20,True,True,False,True,False,False,5,,TARGET_BEFORE_STOP,True,False,True,False,False,13,,TARGET_BEFORE_STOP,2023-03-28,2023-03-30,2023-04-03,2023-04-11,2023-04-25
V|2023-03-28T00:00:00|Long,V,2023-03-28,Long,0.013479785757821938,0.014614447392290009,0.002677784836324859,True,0.023283278900646964,0.02500791749214848,0.002677784836324859,True,0.03326828743311694,0.044115649888462505,0.002677784836324859,True,0.03394905671209769,0.05110513508491654,0.002677784836324859,True,0.03549217991395426,0.0691689981687098,0.002677784836324859,True,20,True,True,False,True,False,False,4,,TARGET_BEFORE_STOP,True,False,True,False,False,10,,TARGET_BEFORE_STOP,2023-03-29,2023-03-31,2023-04-04,2023-04-12,2023-04-26
V|2023-03-29T00:00:00|Long,V,2023-03-29,Long,-0.004209594395699012,0.004209594395699012,-0.009359589383463596,True,0.025526183924507118,0.02624272516912285,-0.009359589383463596,True,0.021809203092839624,0.03022839188423765,-0.009359589383463596,True,0.042051049087858505,0.04272276379647688,-0.009359589383463596,True,0.025570942127370433,0.05494851815840285,-0.009359589383463596,True,20,True,True,False,True,False,False,4,,TARGET_BEFORE_STOP,True,False,True,False,False,11,,TARGET_BEFORE_STOP,2023-03-30,2023-04-03,2023-04-05,2023-04-13,2023-04-27
V|2023-03-30T00:00:00|Long,V,2023-03-30,Long,0.013941383769592086,0.01565027755885451,0.004182373957674734,True,0.02383523582123548,0.03458356907851279,0.004182373957674734,True,0.01632490048951518,0.03458356907851279,0.004182373957674734,True,0.05243750508231715,0.056799805936970094,0.004182373957674734,True,0.046636063539859274,0.05940819696711319,0.004182373957674734,True,20,True,True,False,True,False,False,2,,TARGET_BEFORE_STOP,True,False,True,False,False,10,,TARGET_BEFORE_STOP,2023-03-31,2023-04-04,2023-04-06,2023-04-14,2023-04-28
V|2023-03-31T00:00:00|Long,V,2023-03-31,Long,0.01570120278859677,0.016410879260452926,-0.005943455853704038,True,0.012019832229125171,0.020358361577252237,-0.005943455853704038,True,0.004302252874254009,0.020358361577252237,-0.005943455853704038,True,0.03557167025125696,0.04226913197688087,-0.005943455853704038,True,0.03126934969852968,0.044841658428504516,-0.005943455853704038,True,20,True,True,False,True,False,False,8,,TARGET_BEFORE_STOP,False,False,False,False,True,,,NEITHER,2023-04-03,2023-04-05,2023-04-10,2023-04-17,2023-05-01
V|2023-04-03T00:00:00|Long,V,2023-04-03,Long,-0.005851512392535452,0.004585166164881249,-0.009475974536879095,True,-0.013144080815877479,0.004585166164881249,-0.018864660804448707,True,-0.0024017600513441817,0.004585166164881249,-0.020436649239219395,True,0.020087362897448058,0.026157229227790735,-0.020436649239219395,True,-0.008820979355724567,0.028689988315365733,-0.020436649239219395,True,20,True,False,True,False,True,False,,4,STOP_BEFORE_TARGET,False,False,False,False,True,,,NEITHER,2023-04-04,2023-04-06,2023-04-11,2023-04-18,2023-05-02
V|2023-04-04T00:00:00|Long,V,2023-04-04,Long,0.0022401585637892296,0.003557926493737318,-0.004875694423685517,True,-0.005402841810341452,0.003557926493737318,-0.014670984293085665,True,0.000658850452743609,0.017262552106491746,-0.014670984293085665,True,0.021567265145953085,0.032197143605135814,-0.014670984293085665,True,-0.007379460193033149,0.03474481039651267,-0.014670984293085665,True,20,True,True,False,True,False,False,7,,TARGET_BEFORE_STOP,False,False,False,False,True,,,NEITHER,2023-04-05,2023-04-10,2023-04-12,2023-04-19,2023-05-03
V|2023-04-05T00:00:00|Long,V,2023-04-05,Long,-0.009554247680569783,-0.006311094591586186,-0.015295637117812233,True,0.0012271498511804424,0.004251221582536546,-0.016873343891057435,True,0.01980980982922298,0.020467187651408425,-0.016873343891057435,True,0.028180777429858583,0.029890026642192424,-0.016873343891057435,True,-0.011263496892903402,0.03243199901239513,-0.020554860319250245,True,20,True,True,True,True,False,False,11,20,TARGET_BEFORE_STOP,False,False,False,False,True,,,NEITHER,2023-04-06,2023-04-11,2023-04-13,2023-04-20,2023-05-04
V|2023-04-06T00:00:00|Long,V,2023-04-06,Long,0.0019469320408973534,0.002168194267289536,-0.007389699227189128,True,0.008053418386614108,0.024779816401641508,-0.007389699227189128,True,0.035532539422588716,0.039824770039541546,-0.007389699227189128,True,0.03566528325447371,0.04239126332223786,-0.007389699227189128,True,0.025620572350081083,0.04239126332223786,-0.011106729079224387,True,20,True,True,False,True,False,False,4,,TARGET_BEFORE_STOP,False,False,False,False,True,,,NEITHER,2023-04-10,2023-04-12,2023-04-14,2023-04-21,2023-05-05
V|2023-04-10T00:00:00|Long,V,2023-04-10,Long,0.008921098519635295,0.011968408786496632,-0.0010157476261035692,True,0.02764655729415022,0.02830898674844584,-0.0010157476261035692,True,0.031135464734358465,0.03780423572083791,-0.0010157476261035692,True,0.027955668576638004,0.04036574192503206,-0.0010157476261035692,True,0.025614994653392342,0.04036574192503206,-0.013028295913369625,True,20,True,True,False,True,False,False,4,,TARGET_BEFORE_STOP,False,False,False,False,True,,,NEITHER,2023-04-11,2023-04-13,2023-04-17,2023-04-24,2023-05-08
V|2023-04-11T00:00:00|Long,V,2023-04-11,Long,-0.002801485656370728,0.01374479943792628,-0.004902583200477095,True,0.024381735165795115,0.0286277462564537,-0.004902583200477095,True,0.02254326646561622,0.0286277462564537,-0.004902583200477095,True,0.00499014841268175,0.031166603068896848,-0.004902583200477095,True,0.02105492502888273,0.031166603068896848,-0.021755313141147203,True,20,True,True,True,True,False,False,8,17,TARGET_BEFORE_STOP,False,False,False,False,True,,,NEITHER,2023-04-12,2023-04-14,2023-04-18,2023-04-25,2023-05-09
V|2023-04-12T00:00:00|Long,V,2023-04-12,Long,0.02142138156845963,0.02207979822309225,0.004345750861568076,True,0.024889154250076206,0.03151752781492201,0.004345750861568076,True,0.020894648244753622,0.03151752781492201,0.004345750861568076,True,0.0014924557373878766,0.03406351718005296,-0.004784672971212656,True,0.015188124976724282,0.03406351718005296,-0.01900707553425518,True,20,True,True,False,True,False,False,2,,TARGET_BEFORE_STOP,False,False,False,False,True,,,NEITHER,2023-04-13,2023-04-17,2023-04-19,2023-04-26,2023-05-10
V|2023-04-13T00:00:00|Long,V,2023-04-13,Long,0.005715766973656722,0.009884408559138524,-0.0019338903413158581,True,0.003910798283387917,0.009884408559138524,-0.007520735663925526,True,0.008208361519916663,0.009884408559138524,-0.007520735663925526,True,-0.015815066809743872,0.012377003105398687,-0.026129192347168817,True,-0.007219940336686159,0.012377003105398687,-0.03958058626169969,True,20,True,False,True,False,True,False,,9,STOP_BEFORE_TARGET,False,True,False,True,False,,15,STOP_BEFORE_TARGET,2023-04-14,2023-04-18,2023-04-20,2023-04-27,2023-05-11
V|2023-04-14T00:00:00|Long,V,2023-04-14,Long,-0.0023075315574012656,0.00012818895286392795,-0.013161275851737653,True,-0.006196038465814291,0.0013246626482104062,-0.013161275851737653,True,0.00012818895286392795,0.0066233784439777565,-0.013161275851737653,True,-0.00551238578484925,0.0066233784439777565,-0.03166397541588872,True,-0.011281084272499964,0.0066233784439777565,-0.045038921256708164,True,20,True,False,True,False,True,False,,8,STOP_BEFORE_TARGET,False,True,False,True,False,,8,STOP_BEFORE_TARGET,2023-04-17,2023-04-19,2023-04-21,2023-04-28,2023-05-12
V|2023-04-17T00:00:00|Long,V,2023-04-17,Long,0.0005140071019900105,0.0036405949934465998,-0.007666580944354906,True,0.004797029280759313,0.005096806849332447,-0.008480365614918162,True,-0.0030837811970124696,0.008951566022463942,-0.008480365614918162,True,-0.00415453674170474,0.008951566022463942,-0.029424341454950542,True,-0.002869617017327575,0.008951566022463942,-0.04283022178769247,True,20,True,False,True,False,True,False,,7,STOP_BEFORE_TARGET,False,True,False,True,False,,11,STOP_BEFORE_TARGET,2023-04-18,2023-04-20,2023-04-24,2023-05-01,2023-05-15
V|2023-04-18T00:00:00|Long,V,2023-04-18,Long,-0.004409241234524797,0.0019691414514531047,-0.0074914381604276326,True,0.0019263567486500488,0.008433224183351129,-0.008989751920575939,True,-0.01716613724679461,0.008433224183351129,-0.01785108441258565,True,-0.028339084773152945,0.008433224183351129,-0.03163527053322801,True,-0.013398993155100736,0.008433224183351129,-0.0433219610940081,True,20,True,False,True,False,True,False,,6,STOP_BEFORE_TARGET,False,True,False,True,False,,10,STOP_BEFORE_TARGET,2023-04-19,2023-04-21,2023-04-25,2023-05-02,2023-05-16
V|2023-04-19T00:00:00|Long,V,2023-04-19,Long,0.008728549320063062,0.009029499843455913,-0.004600796708610355,True,0.0008169031974631924,0.012899341727318214,-0.004600796708610355,True,-0.019005087881227012,0.012899341727318214,-0.025153742612048502,True,-0.02833560385752043,0.012899341727318214,-0.0285935801945556,True,0.00034392470975030953,0.012899341727318214,-0.039085055296952276,True,20,True,False,True,False,True,False,,5,STOP_BEFORE_TARGET,False,True,False,True,False,,11,STOP_BEFORE_TARGET,2023-04-20,2023-04-24,2023-04-26,2023-05-03,2023-05-17
V|2023-04-20T00:00:00|Long,V,2023-04-20,Long,-0.002344428974631496,0.00413470245297054,-0.005200346074009987,True,-0.02135553979233218,0.00413470245297054,-0.022037567319811324,True,-0.023827840798150368,0.00413470245297054,-0.03405799354343808,True,-0.03836317035741599,0.00413470245297054,-0.047399872492202455,True,-0.004262574484157344,0.00413470245297054,-0.047399872492202455,True,20,True,False,True,False,True,False,,3,STOP_BEFORE_TARGET,False,True,False,True,False,,4,STOP_BEFORE_TARGET,2023-04-21,2023-04-25,2023-04-27,2023-05-04,2023-05-18
V|2023-04-21T00:00:00|Long,V,2023-04-21,Long,-0.005511679248457857,0.004699811281281274,-0.010852418337119918,True,-0.0252083276152264,0.004699811281281274,-0.031318101839262646,True,-0.005639851771020221,0.004699811281281274,-0.03178808948684764,True,-0.009698800439489674,0.004699811281281274,-0.04516132102711956,True,-0.0031617410105327926,0.004699811281281274,-0.04516132102711956,True,20,True,False,True,False,True,False,,3,STOP_BEFORE_TARGET,False,True,False,True,False,,3,STOP_BEFORE_TARGET,2023-04-24,2023-04-26,2023-04-28,2023-05-05,2023-05-19
V|2023-04-24T00:00:00|Long,V,2023-04-24,Long,-0.013619171007723252,0.009709614276342649,-0.014306590091266225,True,-0.016111016018647728,0.009709614276342649,-0.02642204004822557,True,-0.0010740677345765226,0.009709614276342649,-0.02642204004822557,True,-0.002277018352830895,0.009709614276342649,-0.039869389063008964,True,-0.006358462633043183,0.009709614276342649,-0.039869389063008964,True,20,True,False,True,False,True,False,,2,STOP_BEFORE_TARGET,False,True,False,True,False,,8,STOP_BEFORE_TARGET,2023-04-25,2023-04-27,2023-05-01,2023-05-08,2023-05-22
V|2023-04-25T00:00:00|Long,V,2023-04-25,Long,-0.006272060910210486,0.013850812253554112,-0.012500523380660211,True,0.013676551416583749,0.017335297921563964,-0.012979640990774532,True,-0.011368093784497435,0.021777952348766227,-0.014721850594261343,True,0.015985009048670173,0.021777952348766227,-0.02661266042863386,True,-0.02182148432749076,0.02273618756899487,-0.02661266042863386,True,20,True,False,True,False,True,False,,7,STOP_BEFORE_TARGET,False,False,False,False,True,,,NEITHER,2023-04-26,2023-04-28,2023-05-02,2023-05-09,2023-05-23
V|2023-04-26T00:00:00|Long,V,2023-04-26,Long,0.0037694526993576893,0.0064870086606254596,-0.006749915964633035,True,0.01911023768131148,0.028227055067677087,-0.006749915964633035,True,-0.009511278663149492,0.028227055067677087,-0.009774252847671971,True,0.013675259519805971,0.029191338331269634,-0.020468982221687804,True,-0.025860153645944406,0.029191338331269634,-0.03559059975636769,True,20,True,False,True,False,True,False,,6,STOP_BEFORE_TARGET,False,True,False,True,False,,20,STOP_BEFORE_TARGET,2023-04-27,2023-05-01,2023-05-03,2023-05-10,2023-05-24
V|2023-04-27T00:00:00|Long,V,2023-04-27,Long,0.016243837867050415,0.01991185069106982,-0.004148277241296738,True,-0.008864236618442822,0.02436575680057551,-0.012226487315535772,True,-0.01489012918699728,0.02436575680057551,-0.02414741239222118,True,0.008733243299301918,0.025326418893847347,-0.02414741239222118,True,-0.024584034579571035,0.025326418893847347,-0.039212243757645315,True,20,True,False,True,False,True,False,,5,STOP_BEFORE_TARGET,False,True,False,True,False,,19,STOP_BEFORE_TARGET,2023-04-28,2023-05-02,2023-05-04,2023-05-11,2023-05-25
V|2023-04-28T00:00:00|Long,V,2023-04-28,Long,-0.0009453066847502356,0.00799209661194289,-0.005242131410217565,True,-0.029003566896904642,0.00799209661194289,-0.029261365890137947,True,-0.004081970376325517,0.00799209661194289,-0.03974562871057297,True,-0.005800674040775666,0.008937403296693125,-0.03974562871057297,True,-0.03317149212575532,0.008937403296693125,-0.05456966090056692,True,20,True,False,True,False,True,False,,2,STOP_BEFORE_TARGET,False,True,False,True,False,,4,STOP_BEFORE_TARGET,2023-05-01,2023-05-03,2023-05-05,2023-05-12,2023-05-26
V|2023-05-01T00:00:00|Long,V,2023-05-01,Long,-0.023783918583914043,-0.0006021220289708085,-0.027095556930063602,True,-0.029719102690517474,-0.0006021220289708085,-0.03883703493456225,True,-0.001204244057941506,0.004042847462966126,-0.03883703493456225,True,0.001290280241045716,0.009892061012844788,-0.03883703493456225,True,-0.04675065749428642,0.009892061012844788,-0.05487933769858133,True,20,True,False,True,False,True,False,,1,STOP_BEFORE_TARGET,False,True,False,True,False,,3,STOP_BEFORE_TARGET,2023-05-02,2023-05-04,2023-05-08,2023-05-15,2023-05-30
V|2023-05-02T00:00:00|Long,V,2023-05-02,Long,-0.0044056745916956075,0.007445600816007092,-0.004670004311155829,True,0.02114725148519092,0.023614418500498946,-0.015419861070934737,True,0.02766763105782788,0.03132434903596626,-0.015419861070934737,True,0.015375828526110968,0.034496440120007854,-0.015419861070934737,True,-0.02621375037553708,0.034496440120007854,-0.047757496439918334,True,20,True,True,True,True,False,False,5,16,TARGET_BEFORE_STOP,False,True,False,True,False,,16,STOP_BEFORE_TARGET,2023-05-03,2023-05-05,2023-05-09,2023-05-16,2023-05-31
V|2023-05-03T00:00:00|Long,V,2023-05-03,Long,-0.0016815188565698636,0.00035402173894705236,-0.011062926131807815,True,0.027657315329519427,0.033056028683660976,-0.011062926131807815,True,0.023409189507641148,0.03907426320027407,-0.011062926131807815,True,0.02951587881693407,0.03907426320027407,-0.011062926131807815,True,0.002301107541783809,0.03907426320027407,-0.04354366104933716,True,20,True,True,True,True,False,False,3,15,TARGET_BEFORE_STOP,False,True,False,True,False,,19,STOP_BEFORE_TARGET,2023-05-04,2023-05-08,2023-05-10,2023-05-17,2023-06-01
V|2023-05-04T00:00:00|Long,V,2023-05-04,Long,0.02739358381464574,0.029875842429199162,0.007491077734464779,True,0.03395384838689042,0.03763293441791582,0.007491077734464779,True,0.02398044440139757,0.040824429104191484,0.007491077734464779,True,0.035460991948418785,0.040824429104191484,0.007491077734464779,True,0.014140013724793343,0.040824429104191484,-0.041932652739054,True,20,True,True,True,True,False,False,2,14,TARGET_BEFORE_STOP,False,True,False,True,False,,18,STOP_BEFORE_TARGET,2023-05-05,2023-05-09,2023-05-11,2023-05-18,2023-06-02
V|2023-05-05T00:00:00|Long,V,2023-05-05,Long,0.00194148309005171,0.007205100430324407,-0.0022866458800939737,True,-0.002200338724315687,0.0130727361949039,-0.012425597109243514,True,-0.0017257481171412126,0.0130727361949039,-0.015143647102087487,True,0.006601082006017833,0.0130727361949039,-0.015143647102087487,True,-0.021615301290973332,0.0130727361949039,-0.06747777837612723,True,20,True,False,True,False,True,False,,12,STOP_BEFORE_TARGET,False,True,False,True,False,,12,STOP_BEFORE_TARGET,2023-05-08,2023-05-10,2023-05-12,2023-05-19,2023-06-05
V|2023-05-08T00:00:00|Long,V,2023-05-08,Long,0.0044352529744060565,0.008009303899457532,-0.006071517156528539,True,-0.005253417918219649,0.011109683841538098,-0.017052023975938635,True,0.0024975319369817672,0.011109683841538098,-0.017052023975938635,True,-0.004090759013563261,0.011109683841538098,-0.017052023975938635,True,-0.01726734091465343,0.011109683841538098,-0.06928474630283343,True,20,True,False,True,False,True,False,,11,STOP_BEFORE_TARGET,False,True,False,True,False,,11,STOP_BEFORE_TARGET,2023-05-09,2023-05-11,2023-05-15,2023-05-22,2023-06-06
V|2023-05-09T00:00:00|Long,V,2023-05-09,Long,-0.008531211014483175,0.00664495879387661,-0.018691591841839772,True,-0.008059631605488837,0.00664495879387661,-0.0213923962611976,True,-0.01196087349668118,0.00664495879387661,-0.0213923962611976,True,-0.03721166458111558,0.00664495879387661,-0.04115575354026357,True,-0.03425358150791191,0.00664495879387661,-0.0733944762083315,True,20,True,False,True,False,True,False,,2,STOP_BEFORE_TARGET,False,True,False,True,False,,10,STOP_BEFORE_TARGET,2023-05-10,2023-05-12,2023-05-16,2023-05-23,2023-06-07
V|2023-05-10T00:00:00|Long,V,2023-05-10,Long,-0.0011242692991810799,0.0010809875702924021,-0.012971850843508825,True,0.006658854402573189,0.006745351882105233,-0.012971850843508825,True,0.005967006522807239,0.011328728623625883,-0.012971850843508825,True,-0.03900205001005841,0.013274493054503012,-0.04860122491251451,True,-0.03554287658947364,0.013274493054503012,-0.06542138886713444,True,20,True,False,True,False,True,False,,9,STOP_BEFORE_TARGET,False,True,False,True,False,,9,STOP_BEFORE_TARGET,2023-05-11,2023-05-15,2023-05-17,2023-05-24,2023-06-08
V|2023-05-11T00:00:00|Long,V,2023-05-11,Long,0.0016017072194927096,0.0074455705882985335,-0.005151236790241875,True,-0.0023375321370211477,0.009047277807791243,-0.005973722595723485,True,0.011211686326424442,0.0135924828549161,-0.005973722595723485,True,-0.033028829078638244,0.01441496866039782,-0.047530392574482994,True,-0.032249673717133165,0.01441496866039782,-0.06436948820734889,True,20,True,False,True,False,True,False,,8,STOP_BEFORE_TARGET,False,True,False,True,False,,8,STOP_BEFORE_TARGET,2023-05-12,2023-05-16,2023-05-18,2023-05-25,2023-06-09
V|2023-05-12T00:00:00|Long,V,2023-05-12,Long,0.006180277662737099,0.00626673402041189,-0.0035871804544003183,True,0.005488758695096019,0.010847931773997344,-0.007563315598019482,True,0.008341224976456951,0.01279277116696953,-0.007563315598019482,True,-0.027530513620668273,0.01279277116696953,-0.049053530400192,True,-0.022517100025587378,0.01279277116696953,-0.0658656978630574,True,20,True,False,True,False,True,False,,7,STOP_BEFORE_TARGET,False,True,False,True,False,,7,STOP_BEFORE_TARGET,2023-05-15,2023-05-17,2023-05-19,2023-05-26,2023-06-12
V|2023-05-15T00:00:00|Long,V,2023-05-15,Long,-0.010051099018209886,0.0012456876764876945,-0.013659175761903897,True,0.003393361767993097,0.0057557508351993025,-0.013659175761903897,True,-0.006571877476661214,0.006571877476661214,-0.013659175761903897,True,-0.047979031339210554,0.006571877476661214,-0.05609723678342804,True,-0.0404192421321643,0.006571877476661214,-0.07160344634576876,True,20,True,False,True,False,True,False,,6,STOP_BEFORE_TARGET,False,True,False,True,False,,6,STOP_BEFORE_TARGET,2023-05-16,2023-05-18,2023-05-22,2023-05-30,2023-06-13
V|2023-05-16T00:00:00|Long,V,2023-05-16,Long,0.00945889991857829,0.014839233526406925,0.0003471247044342096,True,0.012322629074709823,0.01679175205749006,0.0003471247044342096,True,-0.02555646877446771,0.01679175205749006,-0.02954830356455962,True,-0.04095978822148871,0.01679175205749006,-0.06217729750143042,True,-0.030502879949936723,0.01679175205749006,-0.06217729750143042,True,20,True,False,True,False,True,False,,5,STOP_BEFORE_TARGET,False,True,False,True,False,,6,STOP_BEFORE_TARGET,2023-05-17,2023-05-19,2023-05-23,2023-05-31,2023-06-14
V|2023-05-17T00:00:00|Long,V,2023-05-17,Long,0.004083439638747466,0.006447453425111327,-0.006533372248220148,True,-0.005888653140464162,0.007264141352860687,-0.006533372248220148,True,-0.04470231751268283,0.007264141352860687,-0.05424455382879856,True,-0.02643453280820096,0.007264141352860687,-0.07096494708777823,True,-0.027852980432152008,0.007264141352860687,-0.07096494708777823,True,20,True,False,True,False,True,False,,4,STOP_BEFORE_TARGET,False,True,False,True,False,,4,STOP_BEFORE_TARGET,2023-05-18,2023-05-22,2023-05-24,2023-06-01,2023-06-15
V|2023-05-18T00:00:00|Long,V,2023-05-18,Long,-0.001241474903015849,0.0031677663315088367,-0.007106179874729057,True,-0.03861303097939084,0.0031677663315088367,-0.042551379202454,True,-0.04375000408250984,0.0031677663315088367,-0.058090783260534073,True,-0.020590807755592855,0.0031677663315088367,-0.07474317747290682,True,-0.0200770647211711,0.0031677663315088367,-0.07474317747290682,True,20,True,False,True,False,True,False,,3,STOP_BEFORE_TARGET,False,True,False,True,False,,3,STOP_BEFORE_TARGET,2023-05-19,2023-05-23,2023-05-25,2023-06-02,2023-06-16
V|2023-05-19T00:00:00|Long,V,2023-05-19,Long,-0.00870086494594835,0.0024002295849028243,-0.009129505400974347,True,-0.047404730505884674,0.0024002295849028243,-0.05691997307557184,True,-0.03557499952257015,0.0024002295849028243,-0.05691997307557184,True,-0.028031346082759923,0.0024002295849028243,-0.0735930665150053,True,-0.0293172020464868,0.0024002295849028243,-0.0735930665150053,True,20,True,False,True,False,True,False,,2,STOP_BEFORE_TARGET,False,True,False,True,False,,2,STOP_BEFORE_TARGET,2023-05-22,2023-05-24,2023-05-26,2023-06-05,2023-06-20
V|2023-05-22T00:00:00|Long,V,2023-05-22,Long,-0.028969201762387486,-0.00773950750423924,-0.03294705619770877,True,-0.03415770467909374,-0.00773950750423924,-0.0486423385479845,True,-0.0416810767923238,-0.00773950750423924,-0.04985298702936947,True,-0.013230705528988751,-0.0043669773096105535,-0.06546177563800515,True,-0.017424761330713134,-0.0043669773096105535,-0.06546177563800515,True,20,True,False,True,False,True,False,,1,STOP_BEFORE_TARGET,False,True,False,True,False,,1,STOP_BEFORE_TARGET,2023-05-23,2023-05-25,2023-05-30,2023-06-06,2023-06-21
V|2023-05-23T00:00:00|Long,V,2023-05-23,Long,-0.010374930145416461,-0.006590060181103863,-0.020260054388906212,True,0.0019146525615612031,0.0072580143802774,-0.020260054388906212,True,-0.01580729816908799,0.0072580143802774,-0.037581273366252055,True,0.003072412662661339,0.025336193761752224,-0.037581273366252055,True,0.016964990326520324,0.025336193761752224,-0.037581273366252055,True,20,True,False,True,False,True,False,,1,STOP_BEFORE_TARGET,False,True,False,True,False,,5,STOP_BEFORE_TARGET,2023-05-24,2023-05-26,2023-05-31,2023-06-07,2023-06-22
V|2023-05-24T00:00:00|Long,V,2023-05-24,Long,0.005084386424353271,0.010978638656496065,-0.007918985407585732,True,-0.0027446596641239607,0.017817802987029063,-0.011248593925759276,True,0.01912260967379087,0.020067521772180852,-0.027491566300794412,True,0.0035995637874366437,0.03608550853750714,-0.027491566300794412,True,0.03284590799441078,0.03608550853750714,-0.027491566300794412,True,20,True,True,True,False,True,False,6,4,STOP_BEFORE_TARGET,False,False,False,False,True,,,NEITHER,2023-05-25,2023-05-30,2023-06-01,2023-06-08,2023-06-23
V|2023-05-25T00:00:00|Long,V,2023-05-25,Long,0.0072969361106360875,0.012669002458565393,-0.00017910530955023152,True,-0.010520216904590263,0.012669002458565393,-0.032411161853820536,True,0.024218767504094352,0.030844297784230923,-0.032411161853820536,True,0.0008057689669926926,0.030844297784230923,-0.032411161853820536,True,0.013071886942061628,0.030844297784230923,-0.032411161853820536,True,20,True,True,True,False,True,False,5,3,STOP_BEFORE_TARGET,False,True,False,True,False,,3,STOP_BEFORE_TARGET,2023-05-26,2023-05-31,2023-06-02,2023-06-09,2023-06-26
V|2023-05-26T00:00:00|Long,V,2023-05-26,Long,-0.014977090793560799,0.0020443834722783105,-0.02337671496932614,True,0.006621952488953919,0.007555274203518092,-0.0394204494632705,True,0.007821918175157094,0.023376782783154137,-0.0394204494632705,True,0.005155342831111964,0.023376782783154137,-0.0394204494632705,True,0.010355103719554615,0.023376782783154137,-0.0394204494632705,True,20,True,False,True,False,True,False,,1,STOP_BEFORE_TARGET,False,True,False,True,False,,2,STOP_BEFORE_TARGET,2023-05-30,2023-06-01,2023-06-05,2023-06-12,2023-06-27
V|2023-05-30T00:00:00|Long,V,2023-05-30,Long,-0.002752213553651739,-0.0004963030619675735,-0.02481501540852682,True,0.032259492493114994,0.03893703711684626,-0.02481501540852682,True,0.029687790331955677,0.03893703711684626,-0.02481501540852682,True,0.007940780146555637,0.03893703711684626,-0.02481501540852682,True,0.028514741660452758,0.03893703711684626,-0.02481501540852682,True,20,True,True,True,False,True,False,3,1,STOP_BEFORE_TARGET,False,False,False,False,True,,,NEITHER,2023-05-31,2023-06-02,2023-06-06,2023-06-13,2023-06-28
V|2023-05-31T00:00:00|Long,V,2023-05-31,Long,0.02474777745515455,0.02569790510763159,0.006333954233435524,True,0.025969350426932714,0.04180430504544508,0.006333954233435524,True,0.019182941304713097,0.04180430504544508,-4.5217874908964895e-05,True,0.010903513891414418,0.04180430504544508,-4.5217874908964895e-05,True,0.06012762348242262,0.061846800182970174,-4.5217874908964895e-05,True,20,True,True,False,True,False,False,2,,TARGET_BEFORE_STOP,True,False,True,False,False,20,,TARGET_BEFORE_STOP,2023-06-01,2023-06-05,2023-06-07,2023-06-14,2023-06-29
V|2023-06-01T00:00:00|Long,V,2023-06-01,Long,0.010110345634140483,0.016644610474441324,0.004061802070398635,True,0.007593824373965274,0.016644610474441324,-0.005253873913493412,True,-0.01523177460592573,0.016644610474441324,-0.024194241622689017,True,-0.0014569617265107748,0.016644610474441324,-0.024194241622689017,True,0.048476802329090685,0.052008824632657324,-0.024194241622689017,True,20,True,True,True,False,True,False,19,4,STOP_BEFORE_TARGET,True,False,True,False,False,20,,TARGET_BEFORE_STOP,2023-06-02,2023-06-06,2023-06-08,2023-06-15,2023-06-30
V|2023-06-02T00:00:00|Long,V,2023-06-02,Long,-0.008829009453860226,-0.002010540096055835,-0.015210436774596436,True,-0.015385240250737953,0.0020106067894845037,-0.033961227508558234,True,-0.022859372704287173,0.0020106067894845037,-0.033961227508558234,True,0.0005245438152816639,0.004414571420358504,-0.033961227508558234,True,0.0401241671574748,0.04200358797306736,-0.033961227508558234,True,20,True,True,True,False,True,False,19,3,STOP_BEFORE_TARGET,False,True,False,True,False,,3,STOP_BEFORE_TARGET,2023-06-05,2023-06-07,2023-06-09,2023-06-16,2023-07-03
V|2023-06-05T00:00:00|Long,V,2023-06-05,Long,0.006394130268216669,0.010936171807623074,-0.002689952810595919,True,-0.01640429135518995,0.010936171807623074,-0.025356087188195597,True,-0.002645879491163794,0.010936171807623074,-0.025356087188195597,True,-0.0013229397455818415,0.013361550126604893,-0.025356087188195597,True,0.05591565214483318,0.05834103046381478,-0.025356087188195597,True,20,True,True,True,False,True,False,17,2,STOP_BEFORE_TARGET,True,False,True,False,False,18,,TARGET_BEFORE_STOP,2023-06-06,2023-06-08,2023-06-12,2023-06-20,2023-07-05
V|2023-06-06T00:00:00|Long,V,2023-06-06,Long,-0.01292611047438108,-0.002935755697842546,-0.03154849228696366,True,-0.020418909986784417,-0.002935755697842546,-0.03154849228696366,True,-0.021120003936716758,-0.002935755697842546,-0.03154849228696366,True,-0.004250290138965829,0.006923152320583492,-0.03154849228696366,True,0.046709331369253926,0.051616855298781905,-0.03154849228696366,True,20,True,True,True,False,True,False,17,1,STOP_BEFORE_TARGET,True,True,False,True,False,19,1,STOP_BEFORE_TARGET,2023-06-07,2023-06-09,2023-06-13,2023-06-21,2023-07-06
V|2023-06-07T00:00:00|Long,V,2023-06-07,Long,-0.009854846089575542,-0.0005771069398803341,-0.012695878528472093,True,0.0039951785831009445,0.005238126041645863,-0.012695878528472093,True,-0.008123593005491037,0.008345494688008381,-0.012695878528472093,True,0.013850024672676486,0.020109196490349923,-0.017312598576401772,True,0.04962930023412793,0.06538818061957041,-0.017312598576401772,True,20,True,True,False,True,False,False,15,,TARGET_BEFORE_STOP,True,False,True,False,False,16,,TARGET_BEFORE_STOP,2023-06-08,2023-06-12,2023-06-14,2023-06-22,2023-07-07
V|2023-06-08T00:00:00|Long,V,2023-06-08,Long,0.0022864581925945426,0.00954938173002029,-0.001300195207146304,True,0.001569113830701685,0.018381487507871386,-0.001882977642676198,True,0.013987873008293628,0.018381487507871386,-0.007531978980428344,True,0.029141447707094148,0.031069233718742373,-0.007531978980428344,True,0.06774266040626475,0.0759919153388624,-0.007531978980428344,True,20,True,True,False,True,False,False,6,,TARGET_BEFORE_STOP,True,False,True,False,False,14,,TARGET_BEFORE_STOP,2023-06-09,2023-06-13,2023-06-15,2023-06-23,2023-07-10
V|2023-06-09T00:00:00|Long,V,2023-06-09,Long,0.011674721054098613,0.012927175797141421,0.00031314781259283997,True,-0.0005367468173999024,0.01605831265474822,-0.004383591600649495,True,0.023930963329490185,0.027911994817089836,-0.009796038939534624,True,0.012256242275391571,0.029253930114253812,-0.009796038939534624,True,0.07599752048087716,0.076668454002627,-0.009796038939534624,True,20,True,True,False,True,False,False,13,,TARGET_BEFORE_STOP,True,False,True,False,False,14,,TARGET_BEFORE_STOP,2023-06-12,2023-06-14,2023-06-16,2023-06-26,2023-07-11
V|2023-06-12T00:00:00|Long,V,2023-06-12,Long,-0.012247443493331067,0.004333004976226018,-0.015651913670214124,True,0.0,0.004333004976226018,-0.02122298753423646,True,0.0013264493707680902,0.01604989570765669,-0.02122298753423646,True,0.005173091826579768,0.017376345078424782,-0.02122298753423646,True,0.07092014270142166,0.0786134276130448,-0.02122298753423646,True,20,True,True,True,False,True,False,12,3,STOP_BEFORE_TARGET,True,False,True,False,False,13,,TARGET_BEFORE_STOP,2023-06-13,2023-06-15,2023-06-20,2023-06-27,2023-07-12
V|2023-06-13T00:00:00|Long,V,2023-06-13,Long,0.0001790892838628988,0.009265923817249222,-0.0036705106885975836,True,0.024664323707090707,0.028648206491173722,-0.009086834533386323,True,0.01723368938541503,0.028648206491173722,-0.009086834533386323,True,0.02041187529976285,0.02999110290994822,-0.009086834533386323,True,0.08912266878277064,0.09341992366233898,-0.009086834533386323,True,20,True,True,False,True,False,False,11,,TARGET_BEFORE_STOP,True,False,True,False,False,11,,TARGET_BEFORE_STOP,2023-06-14,2023-06-16,2023-06-21,2023-06-28,2023-07-13
V|2023-06-14T00:00:00|Long,V,2023-06-14,Long,0.012218025857992698,0.016424982674746014,-0.009264264686720924,True,0.013560681821472187,0.028464019606423863,-0.009264264686720924,True,0.02215358438129389,0.028464019606423863,-0.009264264686720924,True,0.04869318279597512,0.05039381661208453,-0.009264264686720924,True,0.08825635967254519,0.09532761734257233,-0.009264264686720924,True,20,True,True,False,True,False,False,10,,TARGET_BEFORE_STOP,True,False,True,False,False,10,,TARGET_BEFORE_STOP,2023-06-15,2023-06-20,2023-06-22,2023-06-29,2023-07-14
V|2023-06-15T00:00:00|Long,V,2023-06-15,Long,0.012114805302855913,0.01604989570765669,-0.00039791457142512865,True,0.004775177255154528,0.01604989570765669,-0.005261539775568869,True,0.014944532476353078,0.01684572485050717,-0.005261539775568869,True,0.05000662178962112,0.05354379762299688,-0.005261539775568869,True,0.07879032351102322,0.0848918826709284,-0.005261539775568869,True,20,True,True,False,True,False,False,9,,TARGET_BEFORE_STOP,True,False,True,False,False,10,,TARGET_BEFORE_STOP,2023-06-16,2023-06-21,2023-06-23,2023-06-30,2023-07-17
V|2023-06-16T00:00:00|Long,V,2023-06-16,Long,-0.010659221538469321,0.0028832451686278127,-0.011926132290652758,True,-0.002271653768476267,0.0028832451686278127,-0.017168353814590587,True,-0.01140186347733474,0.005198560230520899,-0.017168353814590587,True,0.03957886249465559,0.041457297988527486,-0.017168353814590587,True,0.051810757156152576,0.07190595077432471,-0.017168353814590587,True,20,True,True,False,True,False,False,9,,TARGET_BEFORE_STOP,True,False,True,False,False,15,,TARGET_BEFORE_STOP,2023-06-20,2023-06-22,2023-06-26,2023-07-03,2023-07-18
V|2023-06-20T00:00:00|Long,V,2023-06-20,Long,0.0034441593813423488,0.009537703229861139,-0.006579262088279858,True,0.01360004333665854,0.015498717216040125,-0.006579262088279858,True,0.0038415468384249696,0.016028634535462993,-0.006579262088279858,True,0.057314415408553865,0.059743006607358096,-0.006579262088279858,True,0.06601314464458752,0.08345473481967103,-0.006579262088279858,True,20,True,True,False,True,False,False,7,,TARGET_BEFORE_STOP,True,False,True,False,False,8,,TARGET_BEFORE_STOP,2023-06-21,2023-06-23,2023-06-27,2023-07-05,2023-07-19
V|2023-06-21T00:00:00|Long,V,2023-06-21,Long,0.005016498964349525,0.007392707044141966,-0.007700770077007646,True,-0.004180404612726951,0.012541280983567216,-0.007700770077007646,True,0.003124341975213163,0.012541280983567216,-0.007700770077007646,True,0.05117713919829492,0.05610561056105601,-0.007700770077007646,True,0.05443342185781086,0.07973595211083606,-0.007700770077007646,True,20,True,True,False,True,False,False,6,,TARGET_BEFORE_STOP,True,False,True,False,False,9,,TARGET_BEFORE_STOP,2023-06-22,2023-06-26,2023-06-28,2023-07-06,2023-07-20
V|2023-06-22T00:00:00|Long,V,2023-06-22,Long,0.005079047529267466,0.006961759893777009,-0.008756950853123224,True,-0.004597412559936287,0.0074872223759228085,-0.009588871873807192,True,0.025964394020831616,0.02762816925196665,-0.01037696538167654,True,0.03529050124844946,0.0508341023747898,-0.01037696538167654,True,0.04755024580486866,0.07434649403615112,-0.01037696538167654,True,20,True,True,False,True,False,False,6,,TARGET_BEFORE_STOP,True,False,True,False,False,8,,TARGET_BEFORE_STOP,2023-06-23,2023-06-27,2023-06-29,2023-07-07,2023-07-21
V|2023-06-23T00:00:00|Long,V,2023-06-23,Long,-0.014158135294240037,0.0023960054212406323,-0.014593796815416615,True,-0.006926579467446681,0.0023960054212406323,-0.015377907786396139,True,0.03454581821109026,0.038030910962657094,-0.015377907786396139,True,0.037508170315337486,0.045523837113110366,-0.015377907786396139,True,0.04874755954101717,0.06891741169727927,-0.015377907786396139,True,20,True,True,False,True,False,False,5,,TARGET_BEFORE_STOP,True,False,True,False,False,12,,TARGET_BEFORE_STOP,2023-06-26,2023-06-28,2023-06-30,2023-07-10,2023-07-24
V|2023-06-26T00:00:00|Long,V,2023-06-26,Long,0.004595639735342605,0.010207677982511765,0.000972166229502136,True,0.03543970023998044,0.03711884128681686,-0.0012372902144098807,True,0.051568705309633645,0.053468805486313276,-0.0012372902144098807,True,0.06296950865149054,0.06363231861376017,-0.0012372902144098807,True,0.054750327983047686,0.0842686337086267,-0.0012372902144098807,True,20,True,True,False,True,False,False,3,,TARGET_BEFORE_STOP,True,False,True,False,False,4,,TARGET_BEFORE_STOP,2023-06-27,2023-06-29,2023-07-03,2023-07-11,2023-07-25
V|2023-06-27T00:00:00|Long,V,2023-06-27,Long,0.0027272384356646917,0.003167067970006432,-0.005806246532474746,True,0.04460279560565117,0.048121767474414545,-0.005806246532474746,True,0.05326823614597376,0.0556875335006739,-0.005806246532474746,True,0.0654086857372671,0.07306237739911148,-0.005806246532474746,True,0.04293133598506316,0.0793085205847337,-0.005806246532474746,True,20,True,True,False,True,False,False,2,,TARGET_BEFORE_STOP,True,False,True,False,False,5,,TARGET_BEFORE_STOP,2023-06-28,2023-06-30,2023-07-05,2023-07-12,2023-07-26
V|2023-06-28T00:00:00|Long,V,2023-06-28,Long,0.0278996333700523,0.029566546919938208,0.002807507329352532,True,0.04391118710309727,0.04579745075951558,0.002807507329352532,True,0.04790313145872105,0.05281625255102429,0.002807507329352532,True,0.06733633265765637,0.07154762711981255,0.002807507329352532,True,0.028426020076726344,0.07637299478225201,-0.0012283472093305159,True,20,True,True,False,True,False,False,2,,TARGET_BEFORE_STOP,True,False,True,False,False,4,,TARGET_BEFORE_STOP,2023-06-29,2023-07-03,2023-07-06,2023-07-13,2023-07-27
V|2023-06-29T00:00:00|Long,V,2023-06-29,Long,0.013485781429444677,0.01689992886351721,0.006956254579524979,True,0.02189309262407657,0.024240323054966817,-0.0014083382585341475,True,0.009090088585889555,0.024240323054966817,-0.0014083382585341475,True,0.03772616960385755,0.04446909287830292,-0.0014083382585341475,True,0.0061027340008683595,0.047157679445098966,-0.028337378119188905,True,20,True,True,True,True,False,False,8,18,TARGET_BEFORE_STOP,False,False,False,False,True,,,NEITHER,2023-06-30,2023-07-05,2023-07-07,2023-07-14,2023-07-28
V|2023-06-30T00:00:00|Long,V,2023-06-30,Long,0.002063354817162244,0.0038740028023278583,-0.008716490242001607,True,0.005895271940629776,0.010611438090777803,-0.014695933540352035,True,0.002863432486121864,0.010611438090777803,-0.014695933540352035,True,0.02741287638009693,0.03322384845711657,-0.014695933540352035,True,0.0010527202480112852,0.03322384845711657,-0.04126664657262902,True,20,True,True,True,True,False,False,9,17,TARGET_BEFORE_STOP,False,True,False,True,False,,17,STOP_BEFORE_TARGET,2023-07-03,2023-07-06,2023-07-10,2023-07-17,2023-07-31
V|2023-07-03T00:00:00|Long,V,2023-07-03,Long,0.006219253351040788,0.008530481862771389,-0.01672477920377813,True,-0.0063873776722437325,0.008530481862771389,-0.01672477920377813,True,0.010841710374501767,0.011472016277409569,-0.01672477920377813,True,0.011766201779193963,0.031096330875845624,-0.01672477920377813,True,0.007605990458079193,0.031096330875845624,-0.0432407803174254,True,20,True,True,True,True,False,False,9,16,TARGET_BEFORE_STOP,False,True,False,True,False,,16,STOP_BEFORE_TARGET,2023-07-05,2023-07-07,2023-07-11,2023-07-18,2023-08-01
V|2023-07-05T00:00:00|Long,V,2023-07-05,Long,-0.002380422103546276,0.000626473824118845,-0.011526391906501177,True,-0.005387318031211508,0.000626473824118845,-0.013865074578168879,True,0.01152645563082455,0.018793067685745957,-0.013865074578168879,True,0.008227192507039183,0.0247233169529959,-0.013865074578168879,True,-0.007893085879040362,0.0247233169529959,-0.04915433043419526,True,20,True,False,True,False,True,False,,15,STOP_BEFORE_TARGET,False,True,False,True,False,,15,STOP_BEFORE_TARGET,2023-07-06,2023-07-10,2023-07-12,2023-07-19,2023-08-02
V|2023-07-06T00:00:00|Long,V,2023-07-06,Long,-0.010172504541610339,-0.001841939184579755,-0.011512056027247142,True,0.006990949995017592,0.0076188547732261025,-0.011512056027247142,True,0.018544845048686476,0.022563627258349372,-0.011512056027247142,True,0.003097748740996664,0.027168411343422294,-0.011512056027247142,True,-0.0005023876989429521,0.027168411343422294,-0.046885515648434684,True,20,True,False,True,False,True,False,,14,STOP_BEFORE_TARGET,False,True,False,True,False,,14,STOP_BEFORE_TARGET,2023-07-07,2023-07-11,2023-07-13,2023-07-20,2023-08-03
V|2023-07-07T00:00:00|Long,V,2023-07-07,Long,0.007232001420754974,0.011207482298481564,0.0002114741061669534,True,0.02436037149489101,0.03171917993994189,0.0002114741061669534,True,0.02837812138071616,0.03506030303200425,0.0002114741061669534,True,0.011841840084145572,0.037724670264630555,0.0002114741061669534,True,0.010742265078048874,0.037724670264630555,-0.037090312478966325,True,20,True,True,True,True,False,False,3,13,TARGET_BEFORE_STOP,False,True,False,True,False,,13,STOP_BEFORE_TARGET,2023-07-10,2023-07-12,2023-07-14,2023-07-21,2023-08-04
V|2023-07-10T00:00:00|Long,V,2023-07-10,Long,0.010035267689360916,0.010665070738478999,-0.000167990192755596,True,0.02162409227953721,0.025655024002351645,-0.000167990192755596,True,0.024479348931007117,0.030273729191352183,-0.000167990192755596,True,0.010833060931234595,0.030273729191352183,-0.002015497896150298,True,0.01406613534268919,0.030273729191352183,-0.04400407635698855,True,20,True,True,True,True,False,False,5,12,TARGET_BEFORE_STOP,False,True,False,True,False,,12,STOP_BEFORE_TARGET,2023-07-11,2023-07-13,2023-07-17,2023-07-24,2023-08-07
V|2023-07-11T00:00:00|Long,V,2023-07-11,Long,0.006900867350029483,0.014134250065890974,0.0028268246400102726,True,0.010850137506712043,0.01741842605798971,0.0028268246400102726,True,0.000914575838337317,0.020037381019665235,-0.01193103446088517,True,-0.0077322826304490055,0.020037381019665235,-0.01193103446088517,True,-0.005238036789190548,0.020037381019665235,-0.053502432811058376,True,20,True,False,True,False,True,False,,11,STOP_BEFORE_TARGET,False,True,False,True,False,,11,STOP_BEFORE_TARGET,2023-07-12,2023-07-14,2023-07-18,2023-07-25,2023-08-08
V|2023-07-12T00:00:00|Long,V,2023-07-12,Long,0.0045414756378172605,0.008505005992701653,0.003880876745640194,True,0.00734898943048079,0.013046481630518914,-0.0010321621447099139,True,-0.003261667656263012,0.013046481630518914,-0.018702836020468072,True,-0.02109739675779876,0.013046481630518914,-0.059989321808866625,True,-0.010115239416699895,0.013046481630518914,-0.059989321808866625,True,20,True,False,True,False,True,False,,10,STOP_BEFORE_TARGET,False,True,False,True,False,,10,STOP_BEFORE_TARGET,2023-07-13,2023-07-17,2023-07-19,2023-07-26,2023-08-09
V|2023-07-13T00:00:00|Long,V,2023-07-13,Long,-0.0006164723931997296,0.0058773085730927654,-0.00554843967889751,True,-0.01043932970950412,0.008466555337898418,-0.023139225429718246,True,-0.015165848006379656,0.008466555337898418,-0.023139225429718246,True,-0.0364555308297656,0.008466555337898418,-0.06423905733281055,True,-0.01294642196412743,0.008466555337898418,-0.06423905733281055,True,20,True,False,True,False,True,False,,3,STOP_BEFORE_TARGET,False,True,False,True,False,,9,STOP_BEFORE_TARGET,2023-07-14,2023-07-18,2023-07-20,2023-07-27,2023-08-10
V|2023-07-14T00:00:00|Long,V,2023-07-14,Long,0.0034133978390955555,0.009088630620967875,-0.0006580180115958179,True,-0.007155804683988798,0.009088630620967875,-0.022536646256771098,True,-0.016079962178083496,0.009088630620967875,-0.022536646256771098,True,-0.03047377673347207,0.009088630620967875,-0.06366183070073839,True,-0.012831100217912783,0.009088630620967875,-0.06366183070073839,True,20,True,False,True,False,True,False,,2,STOP_BEFORE_TARGET,False,True,False,True,False,,8,STOP_BEFORE_TARGET,2023-07-17,2023-07-19,2023-07-21,2023-07-28,2023-08-11
V|2023-07-17T00:00:00|Long,V,2023-07-17,Long,-0.013197266888841264,-0.0033198606465276725,-0.02586176759424519,True,-0.01791061222833157,-0.0033198606465276725,-0.02586176759424519,True,-0.013320217741833118,-0.0033198606465276725,-0.02586176759424519,True,-0.02565682865973129,-0.0033198606465276725,-0.06684705295373161,True,-0.004467443633506596,-0.00016397616304408835,-0.06684705295373161,True,20,True,False,True,False,True,False,,1,STOP_BEFORE_TARGET,False,True,False,True,False,,7,STOP_BEFORE_TARGET,2023-07-18,2023-07-20,2023-07-24,2023-07-31,2023-08-14
V|2023-07-18T00:00:00|Long,V,2023-07-18,Long,0.002699646488143248,0.007559048191776219,-0.0026997098631018623,True,-0.006313096504915405,0.007559048191776219,-0.008472851720405128,True,-0.008638957487000387,0.007559048191776219,-0.010715628131713228,True,-0.004111830691516549,0.007559048191776219,-0.0543672856435502,True,-0.003904150952053431,0.013207594880393358,-0.0543672856435502,True,20,True,False,True,False,True,False,,6,STOP_BEFORE_TARGET,False,True,False,True,False,,6,STOP_BEFORE_TARGET,2023-07-19,2023-07-21,2023-07-25,2023-08-01,2023-08-15
V|2023-07-19T00:00:00|Long,V,2023-07-19,Long,-0.007455898705202468,0.0007870203083726324,-0.00973403555028629,True,-0.002816637730671312,0.0007870203083726324,-0.013379155629347328,True,-0.01789409368815653,0.0007870203083726324,-0.05691328637799442,True,-0.01598873597725048,0.0007870203083726324,-0.05691328637799442,True,-0.008822818734850357,0.010479657022971267,-0.05691328637799442,True,20,True,False,True,False,True,False,,5,STOP_BEFORE_TARGET,False,True,False,True,False,,5,STOP_BEFORE_TARGET,2023-07-20,2023-07-24,2023-07-26,2023-08-02,2023-08-16
V|2023-07-20T00:00:00|Long,V,2023-07-20,Long,-0.0015440911640389743,0.003046536187312432,-0.0037142117009608677,True,-0.003881114659594398,0.006927650846906719,-0.005967751877642313,True,-0.021617531013002234,0.006927650846906719,-0.04982890695564424,True,-0.003589018562207058,0.006927650846906719,-0.04982890695564424,True,-0.009389867481215952,0.01807028594978921,-0.04982890695564424,True,20,True,False,True,False,True,False,,4,STOP_BEFORE_TARGET,False,True,False,True,False,,4,STOP_BEFORE_TARGET,2023-07-21,2023-07-25,2023-07-27,2023-08-03,2023-08-17
V|2023-07-21T00:00:00|Long,V,2023-07-21,Long,0.006227818153245801,0.008484843382640994,-0.0044305018123040885,True,-0.008986390371930497,0.008484843382640994,-0.048359487248563204,True,-0.014629049111807735,0.008484843382640994,-0.048359487248563204,True,-0.0010867064026580664,0.011118092631596133,-0.048359487248563204,True,-0.00451411423638326,0.019644710337480387,-0.048359487248563204,True,20,True,False,True,False,True,False,,3,STOP_BEFORE_TARGET,False,True,False,True,False,,3,STOP_BEFORE_TARGET,2023-07-24,2023-07-26,2023-07-28,2023-08-04,2023-08-18
V|2023-07-24T00:00:00|Long,V,2023-07-24,Long,-0.008515423298916636,0.0002492213891531758,-0.009055445230652381,True,-0.026169323369632957,0.0002492213891531758,-0.05424944969419987,True,-0.012503155673935007,0.0002492213891531758,-0.05424944969419987,True,0.003198425671273597,0.005981503488243778,-0.05424944969419987,True,-0.005316934244787297,0.013333851382541617,-0.05424944969419987,True,20,True,False,True,False,True,False,,2,STOP_BEFORE_TARGET,False,True,False,True,False,,2,STOP_BEFORE_TARGET,2023-07-25,2023-07-27,2023-07-31,2023-08-07,2023-08-21
V|2023-07-25T00:00:00|Long,V,2023-07-25,Long,-0.006661344512244205,0.0006703408625112761,-0.046126815756884265,True,-0.0123172416579449,0.0006703408625112761,-0.046126815756884265,True,0.00456657726231402,0.008546622251736746,-0.046126815756884265,True,0.002513682343582291,0.014621434491089547,-0.046126815756884265,True,0.007876345316448763,0.022036928455464677,-0.046126815756884265,True,20,True,False,True,False,True,False,,1,STOP_BEFORE_TARGET,False,True,False,True,False,,1,STOP_BEFORE_TARGET,2023-07-26,2023-07-28,2023-08-01,2023-08-08,2023-08-22
V|2023-07-26T00:00:00|Long,V,2023-07-26,Long,-0.011218910137640536,0.006579491853377029,-0.017460983901623983,True,0.0026570628756052983,0.006579491853377029,-0.017460983901623983,True,0.0019400735691137427,0.015309951626228946,-0.017460983901623983,True,0.011218845781720388,0.021425501651179735,-0.017460983901623983,True,0.021931660963230515,0.028890724033705517,-0.017460983901623983,True,20,True,False,False,False,False,True,,,NEITHER,False,False,False,False,True,,,NEITHER,2023-07-27,2023-07-31,2023-08-02,2023-08-09,2023-08-23
V|2023-07-27T00:00:00|Long,V,2023-07-27,Long,0.005587773182698097,0.006142306886241178,-0.0031137848487333697,True,0.022777667131381518,0.026829863592519265,-0.0031137848487333697,True,0.018426855572608147,0.026829863592519265,-0.0031137848487333697,True,0.024398571750282816,0.04056472618922102,-0.0031137848487333697,True,0.021455377610115844,0.04056472618922102,-0.0031137848487333697,True,20,True,True,False,True,False,False,6,,TARGET_BEFORE_STOP,False,False,False,False,True,,,NEITHER,2023-07-28,2023-08-01,2023-08-03,2023-08-10,2023-08-24
V|2023-07-28T00:00:00|Long,V,2023-07-28,Long,0.008398709342689603,0.011325548966894194,0.0010604453870626251,True,0.007677614246420994,0.02112405398744044,0.0010604453870626251,True,0.013743395517132884,0.026129389871089703,-0.0021208907741251393,True,0.018197214363235625,0.034782595750762146,-0.0021208907741251393,True,0.028928981226802764,0.034782595750762146,-0.0021208907741251393,True,20,True,True,False,True,False,False,9,,TARGET_BEFORE_STOP,False,False,False,False,True,,,NEITHER,2023-07-31,2023-08-02,2023-08-04,2023-08-11,2023-08-25
V|2023-07-31T00:00:00|Long,V,2023-07-31,Long,0.008623241023851813,0.01261935832211214,-0.0030706925531420737,True,0.0043326412224284905,0.01261935832211214,-0.010431984907707581,True,0.015900386351031193,0.01871870200739112,-0.010431984907707581,True,0.021747353139528247,0.026164141389342532,-0.010431984907707581,True,0.025659387595778238,0.03154839580528024,-0.010431984907707581,True,20,True,True,False,True,False,False,20,,TARGET_BEFORE_STOP,False,False,False,False,True,,,NEITHER,2023-08-01,2023-08-03,2023-08-07,2023-08-14,2023-08-28
V|2023-08-01T00:00:00|Long,V,2023-08-01,Long,-0.009258492084431524,-0.004128807649529165,-0.012469786922954196,True,-0.003294658812889373,0.008883163289916673,-0.01889231296337801,True,-0.002043562831172907,0.010009149673461337,-0.01889231296337801,True,0.00020853720916003127,0.017390934148696635,-0.01889231296337801,True,0.023187912198262106,0.025231475029435124,-0.01889231296337801,True,20,True,False,False,False,False,True,,,NEITHER,False,False,False,False,True,,,NEITHER,2023-08-02,2023-08-04,2023-08-08,2023-08-15,2023-08-29
V|2023-08-02T00:00:00|Long,V,2023-08-02,Long,0.005051342652696356,0.00627212286780976,-0.009723849058484668,True,0.016627365671141314,0.019447698116969336,-0.009723849058484668,True,0.009260805568494623,0.019447698116969336,-0.009723849058484668,True,0.007282352859564911,0.02689846546269803,-0.009723849058484668,True,0.036496035772213276,0.04491496160380959,-0.009723849058484668,True,20,True,True,False,True,False,False,18,,TARGET_BEFORE_STOP,False,False,False,False,True,,,NEITHER,2023-08-03,2023-08-07,2023-08-09,2023-08-16,2023-08-30
V|2023-08-03T00:00:00|Long,V,2023-08-03,Long,0.0009633564735298528,0.013193203332827474,-0.0038532341686704497,True,0.0022197972503374963,0.01432400003195422,-0.005737959242364976,True,0.005863667228528824,0.02173732015753438,-0.005737959242364976,True,-0.005821743263646484,0.02173732015753438,-0.011475918484729841,True,0.028983072240551522,0.03966326620279759,-0.014491504166034286,True,20,True,True,False,True,False,False,19,,TARGET_BEFORE_STOP,False,False,False,False,True,,,NEITHER,2023-08-04,2023-08-08,2023-08-10,2023-08-17,2023-08-31
V|2023-08-04T00:00:00|Long,V,2023-08-04,Long,0.010544328029416183,0.013347784883449565,0.0009205456949932245,True,0.0032218460855004682,0.013347784883449565,-0.006694866173227454,True,0.004393438088768908,0.020753970212448847,-0.006694866173227454,True,-0.003431136471697349,0.020753970212448847,-0.015439986428686825,True,0.03816057118525973,0.041340597501706045,-0.015439986428686825,True,20,True,True,False,True,False,False,18,,TARGET_BEFORE_STOP,False,False,False,False,True,,,NEITHER,2023-08-07,2023-08-09,2023-08-11,2023-08-18,2023-09-01
V|2023-08-07T00:00:00|Long,V,2023-08-07,Long,-0.009192171219399747,-0.0006210670361309623,-0.017059315187350932,True,-0.005589792867509491,0.010103111659576447,-0.017059315187350932,True,0.0057554528643288805,0.010103111659576447,-0.017059315187350932,True,-0.008488211004082147,0.010103111659576447,-0.02571318618825258,True,0.015858564523905327,0.030474931794771898,-0.02571318618825258,True,20,True,True,True,False,True,False,19,7,STOP_BEFORE_TARGET,False,False,False,False,True,,,NEITHER,2023-08-08,2023-08-10,2023-08-14,2023-08-21,2023-09-05
V|2023-08-08T00:00:00|Long,V,2023-08-08,Long,0.00196414908224396,0.011199832879621008,0.0008358569628612589,True,0.0031342723099296865,0.019474293923094077,-0.0036357354740997883,True,0.002256711772632203,0.019474293923094077,-0.0036357354740997883,True,0.005349216741192153,0.019474293923094077,-0.016674287877988858,True,0.028709977720471125,0.04003511262420134,-0.016674287877988858,True,20,True,True,False,True,False,False,16,,TARGET_BEFORE_STOP,False,False,False,False,True,,,NEITHER,2023-08-09,2023-08-11,2023-08-15,2023-08-22,2023-09-06
V|2023-08-09T00:00:00|Long,V,2023-08-09,Long,0.0016683732250504235,0.01747581972557466,0.001376384044942336,True,0.013096427517472753,0.01747581972557466,-0.005588907109573826,True,-0.0019602987632272306,0.01747581972557466,-0.015598891892151578,True,0.010593963142793816,0.01747581972557466,-0.01860190005531115,True,0.03078080185142018,0.03799633307921102,-0.01860190005531115,True,20,True,True,False,True,False,False,15,,TARGET_BEFORE_STOP,False,False,False,False,True,,,NEITHER,2023-08-10,2023-08-14,2023-08-16,2023-08-23,2023-09-07
V|2023-08-10T00:00:00|Long,V,2023-08-10,Long,-0.0004997100855537173,0.0023317686128188075,-0.0072451926491978735,True,-0.0013740915473959836,0.013199525818651026,-0.0072451926491978735,True,-0.011617290566197869,0.013199525818651026,-0.017238504857258308,True,-0.0028730947321979894,0.014157202884073739,-0.02023651122686232,True,0.02968849731554335,0.03626745220795624,-0.02023651122686232,True,20,True,True,True,False,True,False,14,6,STOP_BEFORE_TARGET,False,False,False,False,True,,,NEITHER,2023-08-11,2023-08-15,2023-08-17,2023-08-24,2023-09-08
V|2023-08-11T00:00:00|Long,V,2023-08-11,Long,0.011914683762477729,0.013706084973098998,0.0009165190253979105,True,-0.003124479340848807,0.013706084973098998,-0.01674716349820904,True,-0.007790348148187243,0.013706084973098998,-0.019746668750839524,True,0.010539968792075749,0.01466424083867146,-0.019746668750839524,True,0.029911715278260198,0.03678554440104964,-0.019746668750839524,True,20,True,True,False,True,False,False,13,,TARGET_BEFORE_STOP,False,False,False,False,True,,,NEITHER,2023-08-14,2023-08-16,2023-08-18,2023-08-25,2023-09-11
V|2023-08-14T00:00:00|Long,V,2023-08-14,Long,-0.012638913719932088,-0.0009468741594003127,-0.014615018041052918,True,-0.02276656615172079,-0.0009468741594003127,-0.028324371333477427,True,-0.014162154257126858,-0.0009468741594003127,-0.031288559224770585,True,0.0038287688675968656,0.009592432645542326,-0.031288559224770585,True,0.018114488537815943,0.0245780212874247,-0.031288559224770585,True,20,True,False,True,False,True,False,,2,STOP_BEFORE_TARGET,False,True,False,True,False,,4,STOP_BEFORE_TARGET,2023-08-15,2023-08-17,2023-08-21,2023-08-28,2023-09-12
V|2023-08-15T00:00:00|Long,V,2023-08-15,Long,-0.0022516304915941587,0.005170351847962662,-0.015886242461348288,True,-0.0069215846617836085,0.005170351847962662,-0.01888837403457133,True,0.003085541790077473,0.00667135401122021,-0.01888837403457133,True,0.02297458393348717,0.025017720694622048,-0.01888837403457133,True,0.03335696092616258,0.04265519596979139,-0.01888837403457133,True,20,True,True,False,True,False,False,11,,TARGET_BEFORE_STOP,False,False,False,False,True,,,NEITHER,2023-08-16,2023-08-18,2023-08-22,2023-08-29,2023-09-13
V|2023-08-16T00:00:00|Long,V,2023-08-16,Long,-0.008023729461388185,0.00455519088663392,-0.01170123227685771,True,0.0007104911718187612,0.00518201984184663,-0.016674287877988858,True,0.012578920348021994,0.013581846676362197,-0.016674287877988858,True,0.029002476643925856,0.03736053613707191,-0.016674287877988858,True,0.009235683797377048,0.04500816822533249,-0.016674287877988858,True,20,True,True,False,True,False,False,10,,TARGET_BEFORE_STOP,False,False,False,False,True,,,NEITHER,2023-08-17,2023-08-21,2023-08-23,2023-08-30,2023-09-14
V|2023-08-17T00:00:00|Long,V,2023-08-17,Long,0.003370278755589373,0.007077591815009665,-0.008720529586764947,True,0.013481115022357493,0.017104089152419455,-0.008720529586764947,True,0.008846973698082072,0.026077442679098173,-0.008720529586764947,True,0.03500862674109739,0.045751362150848296,-0.008720529586764947,True,0.015587531209260819,0.05346085310884097,-0.008720529586764947,True,20,True,True,False,True,False,False,7,,TARGET_BEFORE_STOP,True,False,True,False,False,18,,TARGET_BEFORE_STOP,2023-08-18,2023-08-22,2023-08-24,2023-08-31,2023-09-15
V|2023-08-18T00:00:00|Long,V,2023-08-18,Long,0.005416335201072764,0.009908891247828455,-0.0017214748509950528,True,0.01734057570039904,0.01834821829274924,-0.0017214748509950528,True,0.01847423768359069,0.022630891510630358,-0.0017214748509950528,True,0.04173490581443984,0.044925880801544915,-0.0017214748509950528,True,0.027249466948227496,0.04992232221127324,-0.0017214748509950528,True,20,True,True,False,True,False,False,7,,TARGET_BEFORE_STOP,False,False,False,False,True,,,NEITHER,2023-08-21,2023-08-23,2023-08-25,2023-09-01,2023-09-18
V|2023-08-21T00:00:00|Long,V,2023-08-21,Long,0.00463543213576334,0.008226784877142457,-0.0032991252099390245,True,4.1737687111575994e-05,0.01712181879968666,-0.0032991252099390245,True,0.018249373568293814,0.024095835846887237,-0.0032991252099390245,True,0.02455520529175259,0.03929670149289022,-0.0032991252099390245,True,0.01712181879968666,0.04426622629052446,-0.0032991252099390245,True,20,True,True,False,True,False,False,7,,TARGET_BEFORE_STOP,False,False,False,False,True,,,NEITHER,2023-08-22,2023-08-24,2023-08-28,2023-09-05,2023-09-19
V|2023-08-22T00:00:00|Long,V,2023-08-22,Long,0.0071912361261541324,0.008188826129348348,0.0006234937519964401,True,0.008313588307392594,0.012428773925859282,-0.005029748834136427,True,0.01982786244522705,0.02186471441449056,-0.005029748834136427,True,0.023236464096527687,0.03450134073356348,-0.005029748834136427,True,0.005362236550104482,0.03944793592488538,-0.007565395804997044,True,20,True,True,False,True,False,False,6,,TARGET_BEFORE_STOP,False,False,False,False,True,,,NEITHER,2023-08-23,2023-08-25,2023-08-29,2023-09-06,2023-09-20
V|2023-08-23T00:00:00|Long,V,2023-08-23,Long,-0.011679743274498278,0.0052001423481897735,-0.012133728453887938,True,0.006314481056651333,0.012092416999084366,-0.012133728453887938,True,0.01621953209361604,0.024473762282679612,-0.012133728453887938,True,0.01997522194358692,0.027115113424188708,-0.012133728453887938,True,-0.023483294963850265,0.032026390462646104,-0.024886498982044203,True,20,True,True,True,True,False,False,14,20,TARGET_BEFORE_STOP,False,False,False,False,True,,,NEITHER,2023-08-24,2023-08-28,2023-08-30,2023-09-07,2023-09-21
V|2023-08-24T00:00:00|Long,V,2023-08-24,Long,0.012945279524421816,0.01645301048700043,0.0030901803540814843,True,0.0245124445119016,0.026558652766239366,0.0030901803540814843,True,0.025932231274993,0.03658075943617867,0.0030901803540814843,True,0.0326554141461024,0.0392533254627625,0.0030901803540814843,True,-0.01833214752273904,0.04422264285258248,-0.01916731245873393,True,20,True,True,False,True,False,False,4,,TARGET_BEFORE_STOP,False,False,False,False,True,,,NEITHER,2023-08-25,2023-08-29,2023-08-31,2023-09-08,2023-09-22
V|2023-08-25T00:00:00|Long,V,2023-08-25,Long,0.005194354078374763,0.01096585860990218,0.00012367060391271778,True,0.01508837981947364,0.023333422238616564,0.00012367060391271778,True,0.022838739822966136,0.025971833296555058,0.00012367060391271778,True,0.019169698462634832,0.025971833296555058,0.00012367060391271778,True,-0.0379684480182132,0.030877643600694116,-0.0427093222473478,True,20,True,True,True,True,False,False,12,18,TARGET_BEFORE_STOP,False,True,False,True,False,,19,STOP_BEFORE_TARGET,2023-08-28,2023-08-30,2023-09-01,2023-09-11,2023-09-25
V|2023-08-28T00:00:00|Long,V,2023-08-28,Long,0.006192816698095127,0.00820243606193194,-0.0017635562947182493,True,0.0075872158095147135,0.01804533430440225,-0.0017635562947182493,True,0.006192816698095127,0.02067011134103569,-0.0017635562947182493,True,0.014231231573821779,0.02067011134103569,-0.0017635562947182493,True,-0.05815530422050108,0.025550570810624507,-0.05836031505835271,True,20,True,False,True,False,True,False,,12,STOP_BEFORE_TARGET,False,True,False,True,False,,17,STOP_BEFORE_TARGET,2023-08-29,2023-08-31,2023-09-05,2023-09-12,2023-09-26
V|2023-08-29T00:00:00|Long,V,2023-08-29,Long,0.0036276163810760043,0.011779568895355474,0.0028939705081325595,True,0.011290471646726585,0.014388191212146406,0.00044835987606384187,True,0.0033423303841964014,0.014388191212146406,-0.0046058108783337826,True,0.010149203270284346,0.01923861290925677,-0.0046058108783337826,True,-0.06456344898642308,0.01923861290925677,-0.0710034989360393,True,20,True,False,True,False,True,False,,11,STOP_BEFORE_TARGET,False,True,False,True,False,,16,STOP_BEFORE_TARGET,2023-08-30,2023-09-01,2023-09-06,2023-09-13,2023-09-27
V|2023-08-30T00:00:00|Long,V,2023-08-30,Long,-0.002233696386716444,0.007269660788617127,-0.0031677650685579817,True,-0.0036145043459012705,0.010721680686579305,-0.004183075974369066,True,0.003695746569870817,0.010721680686579305,-0.008203667500798928,True,-0.019209664986441943,0.015554570513385713,-0.030378084950364426,True,-0.05917228736644997,0.015554570513385713,-0.07436136082646205,True,20,True,False,True,False,True,False,,10,STOP_BEFORE_TARGET,False,True,False,True,False,,10,STOP_BEFORE_TARGET,2023-08-31,2023-09-05,2023-09-07,2023-09-14,2023-09-28
V|2023-08-31T00:00:00|Long,V,2023-08-31,Long,0.009890947602628541,0.012984380236513715,0.004436712915887098,True,0.001953805766192751,0.012984380236513715,-0.00598333607024315,True,0.006553242666675896,0.012984380236513715,-0.00598333607024315,True,-0.018764187109229558,0.017828089439064332,-0.028207395320654416,True,-0.06378215009809396,0.017828089439064332,-0.07228913642257162,True,20,True,False,True,False,True,False,,9,STOP_BEFORE_TARGET,False,True,False,True,False,,14,STOP_BEFORE_TARGET,2023-09-01,2023-09-06,2023-09-08,2023-09-15,2023-09-29
V|2023-09-01T00:00:00|Long,V,2023-09-01,Long,-0.011164420078379367,0.0023376801806773706,-0.011728683466812106,True,-0.0039095611556040355,0.0023376801806773706,-0.015718809749265983,True,-0.0035871161479144043,0.0023376801806773706,-0.015718809749265983,True,-0.01390511039359632,0.007859404874632991,-0.037725204898335085,True,-0.06787310586620521,0.007859404874632991,-0.08137520612526206,True,20,True,False,True,False,True,False,,8,STOP_BEFORE_TARGET,False,True,False,True,False,,8,STOP_BEFORE_TARGET,2023-09-05,2023-09-07,2023-09-11,2023-09-18,2023-10-02
V|2023-09-05T00:00:00|Long,V,2023-09-05,Long,0.0033423303841964014,0.0053803185127663244,-0.0046058108783337826,True,0.007948141262530184,0.011412745958883752,-0.0046058108783337826,True,0.007988940829557256,0.012309465711011436,-0.0046058108783337826,True,-0.0072552327621517865,0.01923861290925677,-0.026860668607880167,True,-0.0673758825549634,0.01923861290925677,-0.07157413312426042,True,20,True,False,True,False,True,False,,7,STOP_BEFORE_TARGET,False,True,False,True,False,,12,STOP_BEFORE_TARGET,2023-09-06,2023-09-08,2023-09-12,2023-09-19,2023-10-03
V|2023-09-06T00:00:00|Long,V,2023-09-06,Long,0.003981133055572572,0.005037334318848341,-0.004265530696039077,True,0.004306132364414239,0.008937264037670367,-0.004265530696039077,True,0.006784197855463248,0.0158433288855393,-0.004265530696039077,True,-0.01746832542974852,0.0158433288855393,-0.03010238686980482,True,-0.060692241709232264,0.0158433288855393,-0.07466690205303106,True,20,True,False,True,False,True,False,,6,STOP_BEFORE_TARGET,False,True,False,True,False,,6,STOP_BEFORE_TARGET,2023-09-07,2023-09-11,2023-09-13,2023-09-20,2023-10-04
V|2023-09-07T00:00:00|Long,V,2023-09-07,Long,0.000606918737779516,0.004046289562473326,-0.002832390345435587,True,0.0006474211479505776,0.004936478205535888,-0.004572326962868134,True,-0.022821070662690457,0.01181515811344469,-0.033948366959492104,True,-0.04260742415352592,0.01181515811344469,-0.043983147786811894,True,-0.055272330241340595,0.01181515811344469,-0.07833616839914281,True,20,True,False,True,False,True,False,,5,STOP_BEFORE_TARGET,False,True,False,True,False,,5,STOP_BEFORE_TARGET,2023-09-08,2023-09-12,2023-09-14,2023-09-21,2023-10-05
V|2023-09-08T00:00:00|Long,V,2023-09-08,Long,-0.00028303638371929285,0.004326933370816466,-0.004124667561827611,True,0.0021837056071130068,0.011201441011225333,-0.005176104226004119,True,-0.025152598692972927,0.011201441011225333,-0.03453432616762386,True,-0.0493751942519981,0.011201441011225333,-0.05018394896780576,True,-0.04953698221757741,0.011201441011225333,-0.07889520415919715,True,20,True,False,True,False,True,False,,4,STOP_BEFORE_TARGET,False,True,False,True,False,,4,STOP_BEFORE_TARGET,2023-09-11,2023-09-13,2023-09-15,2023-09-22,2023-10-06
V|2023-09-11T00:00:00|Long,V,2023-09-11,Long,0.0003236058193498703,0.0021842621287375685,-0.004894453150604772,True,-0.023137291450770037,0.011487728840172906,-0.034260986889736444,True,-0.010355139333197982,0.011487728840172906,-0.034260986889736444,True,-0.056063427481250594,0.011487728840172906,-0.06071512997621875,True,-0.051694841502276545,0.011487728840172906,-0.07863442417853317,True,20,True,False,True,False,True,False,,3,STOP_BEFORE_TARGET,False,True,False,True,False,,3,STOP_BEFORE_TARGET,2023-09-12,2023-09-14,2023-09-18,2023-09-25,2023-10-09
V|2023-09-12T00:00:00|Long,V,2023-09-12,Long,0.002143141013977168,0.011160511414382457,-0.0027901432789786407,True,-0.025192056816251585,0.011160511414382457,-0.03457340455417779,True,-0.015123354011367773,0.011160511414382457,-0.03457340455417779,True,-0.07137084083084078,0.011160511414382457,-0.07157297504981319,True,-0.043267273822082286,0.011160511414382457,-0.07893248698575861,True,20,True,False,True,False,True,False,,2,STOP_BEFORE_TARGET,False,True,False,True,False,,2,STOP_BEFORE_TARGET,2023-09-13,2023-09-15,2023-09-19,2023-09-26,2023-10-10
V|2023-09-13T00:00:00|Long,V,2023-09-13,Long,-0.025541709172765326,-0.009240239389914473,-0.03663802511386216,True,-0.012791018623751205,-0.009240239389914473,-0.03663802511386216,True,-0.024089098077693105,-0.009240239389914473,-0.03663802511386216,True,-0.07396199691573346,-0.009240239389914473,-0.08033734219024047,True,-0.04902557828150311,-0.009240239389914473,-0.08090224308445859,True,20,True,False,True,False,True,False,,1,STOP_BEFORE_TARGET,False,True,False,True,False,,1,STOP_BEFORE_TARGET,2023-09-14,2023-09-18,2023-09-20,2023-09-27,2023-10-11
V|2023-09-14T00:00:00|Long,V,2023-09-14,Long,-0.0017805079742494456,0.010766070822010976,-0.006086961576410421,True,0.008530010594591131,0.01544511688421979,-0.006086961576410421,True,-0.020248444677633315,0.01544511688421979,-0.021656297008443293,True,-0.040745326450892905,0.01544511688421979,-0.05623189163997799,True,-0.01954451851222827,0.01544511688421979,-0.056811599257569845,True,20,True,False,True,False,True,False,,5,STOP_BEFORE_TARGET,False,True,False,True,False,,7,STOP_BEFORE_TARGET,2023-09-15,2023-09-19,2023-09-21,2023-09-28,2023-10-12
V|2023-09-15T00:00:00|Long,V,2023-09-15,Long,0.01489192445687526,0.017256349927120773,-0.001244464440382842,True,0.0032770285067869054,0.017256349927120773,-0.001244464440382842,True,-0.02484757668384696,0.017256349927120773,-0.025677198545405178,True,-0.045878842167653144,0.017256349927120773,-0.05454850771870512,True,-0.014103824830853817,0.017256349927120773,-0.05512924935140495,True,20,True,False,True,False,True,False,,5,STOP_BEFORE_TARGET,False,True,False,True,False,,6,STOP_BEFORE_TARGET,2023-09-18,2023-09-20,2023-09-22,2023-09-29,2023-10-13
V|2023-09-18T00:00:00|Long,V,2023-09-18,Long,-0.004496060193944884,0.0018801252685070047,-0.013079362790583415,True,-0.0329028158720841,0.0018801252685070047,-0.03429248452573208,True,-0.04618655637463254,0.0018801252685070047,-0.050886931913221134,True,-0.05472900837580652,0.0018801252685070047,-0.06842150430228489,True,-0.01876071392621126,0.0018801252685070047,-0.0689937244753942,True,20,True,False,True,False,True,False,,3,STOP_BEFORE_TARGET,False,True,False,True,False,,3,STOP_BEFORE_TARGET,2023-09-19,2023-09-21,2023-09-25,2023-10-02,2023-10-16
V|2023-09-19T00:00:00|Long,V,2023-09-19,Long,-0.006979787178858166,0.003982596610388578,-0.007759892464253126,True,-0.03481686571087694,0.003982596610388578,-0.035638006087978735,True,-0.05711119971071199,0.003982596610388578,-0.05731643781824125,True,-0.06056002688393669,0.003982596610388578,-0.06478895934255646,True,-0.009689606807389728,0.003982596610388578,-0.06478895934255646,True,20,True,False,True,False,True,False,,2,STOP_BEFORE_TARGET,False,True,False,True,False,,3,STOP_BEFORE_TARGET,2023-09-20,2023-09-22,2023-09-26,2023-10-03,2023-10-17
V|2023-09-20T00:00:00|Long,V,2023-09-20,Long,-0.02170677245824537,-0.004465400762131866,-0.02311252924743179,True,-0.03514429826573073,-0.004465400762131866,-0.03989908985417967,True,-0.05110394682527164,-0.004465400762131866,-0.057636659250093536,True,-0.0439923896584703,-0.004465400762131866,-0.05821550399207298,True,-0.018150993874844756,-0.0015711770522348623,-0.05821550399207298,True,20,True,False,True,False,True,False,,1,STOP_BEFORE_TARGET,False,True,False,True,False,,3,STOP_BEFORE_TARGET,2023-09-21,2023-09-25,2023-09-27,2023-10-04,2023-10-18
V|2023-09-21T00:00:00|Long,V,2023-09-21,Long,-0.006466331834453887,0.004987078621940588,-0.00731159174623397,True,-0.029415522150007978,0.004987078621940588,-0.029626788761054845,True,-0.020920489140244802,0.004987078621940588,-0.03672711389624195,True,-0.013228540107089515,0.004987078621940588,-0.03731880228340767,True,-0.011833832232513442,0.020582372277693217,-0.03731880228340767,True,20,True,False,True,False,True,False,,3,STOP_BEFORE_TARGET,False,True,False,True,False,,4,STOP_BEFORE_TARGET,2023-09-22,2023-09-26,2023-09-28,2023-10-05,2023-10-19
V|2023-09-22T00:00:00|Long,V,2023-09-22,Long,-0.007316663294648307,0.0016590070895470266,-0.012208588969001677,True,-0.02373660791046306,0.0016590070895470266,-0.030457731862938542,True,-0.021567157073030918,0.0016590070895470266,-0.030457731862938542,True,-0.00017019118857519722,0.006423321826928952,-0.031053271205111366,True,-0.007231567700360708,0.02722474836921207,-0.031053271205111366,True,20,True,False,True,False,True,False,,2,STOP_BEFORE_TARGET,False,True,False,True,False,,3,STOP_BEFORE_TARGET,2023-09-25,2023-09-27,2023-09-29,2023-10-06,2023-10-20
V|2023-09-25T00:00:00|Long,V,2023-09-25,Long,-0.015898211793639372,-0.0029568153908191563,-0.016112420710497455,True,-0.007284868631281527,-0.0029568153908191563,-0.023311631929970655,True,-0.008956103584265795,-0.0014141319428846444,-0.023311631929970655,True,0.004628050343803425,0.013841256938168511,-0.02391156074931533,True,-0.007841968744721983,0.03479600229666491,-0.02391156074931533,True,20,True,True,True,False,True,False,15,2,STOP_BEFORE_TARGET,False,False,False,False,True,,,NEITHER,2023-09-26,2023-09-28,2023-10-02,2023-10-09,2023-10-23
V|2023-09-26T00:00:00|Long,V,2023-09-26,Long,-0.0006531413040314904,0.004485080804143893,-0.007533184295745565,True,0.0015676055733484517,0.014718070858456223,-0.007533184295745565,True,-0.0036577241899220514,0.014718070858456223,-0.008142804994065944,True,0.030263498331134286,0.037317690189365704,-0.008142804994065944,True,0.021772262716687862,0.05151318156092399,-0.008142804994065944,True,20,True,True,False,True,False,False,8,,TARGET_BEFORE_STOP,True,False,True,False,False,15,,TARGET_BEFORE_STOP,2023-09-27,2023-09-29,2023-10-03,2023-10-10,2023-10-24
V|2023-09-27T00:00:00|Long,V,2023-09-27,Long,0.009411780662786029,0.01324615810951113,0.0007407327622890314,True,0.007712436917041154,0.01538125829758985,-0.0031808092703227153,True,0.007494558695874121,0.01538125829758985,-0.007494558695874232,True,0.026928072661356106,0.03925923532390385,-0.007494558695874232,True,0.032026170385689,0.05220041711346002,-0.007494558695874232,True,20,True,True,False,True,False,False,7,,TARGET_BEFORE_STOP,True,False,True,False,False,14,,TARGET_BEFORE_STOP,2023-09-28,2023-10-02,2023-10-04,2023-10-11,2023-10-25
V|2023-09-28T00:00:00|Long,V,2023-09-28,Long,-0.007122546530216267,0.005913818076191291,-0.008676550694338814,True,-0.012302538454901035,0.005913818076191291,-0.016748704228079614,True,0.007856306814551628,0.01092117214582733,-0.016748704228079614,True,0.02210133400781311,0.029569156248126838,-0.016748704228079614,True,-0.0016403560252323812,0.04238967413534511,-0.016748704228079614,True,20,True,True,False,True,False,False,11,,TARGET_BEFORE_STOP,False,False,False,False,True,,,NEITHER,2023-09-29,2023-10-03,2023-10-05,2023-10-12,2023-10-26
V|2023-09-29T00:00:00|Long,V,2023-09-29,Long,0.005478065282887412,0.005912789195389179,-0.00539102762483723,True,0.005260670156797209,0.007564912546060398,-0.00969521229858028,True,0.0218686096231675,0.02860746049389218,-0.00969521229858028,True,0.033302916590790765,0.037563582435508724,-0.00969521229858028,True,-0.0032172090432922573,0.04986740356781416,-0.00969521229858028,True,20,True,True,False,True,False,False,7,,TARGET_BEFORE_STOP,False,False,False,False,True,,,NEITHER,2023-10-02,2023-10-04,2023-10-06,2023-10-13,2023-10-27
V|2023-10-02T00:00:00|Long,V,2023-10-02,Long,-0.010636946722105134,0.0020754776610527603,-0.015090610233450152,True,0.009555893173567531,0.01262592690362574,-0.015090610233450152,True,0.013706914473918141,0.02300338118713463,-0.015090610233450152,True,0.03805077566994153,0.04081810121076024,-0.015090610233450152,True,0.007826339452397635,0.04414749542292418,-0.015090610233450152,True,20,True,True,False,True,False,False,6,,TARGET_BEFORE_STOP,False,False,False,False,True,,,NEITHER,2023-10-03,2023-10-05,2023-10-09,2023-10-16,2023-10-30
V|2023-10-03T00:00:00|Long,V,2023-10-03,Long,0.010532772552878544,0.012630564313119041,0.00030596269815896804,True,0.027227812569438514,0.03400200542943743,0.00030596269815896804,True,0.034045752493516046,0.04112584136407604,0.00030596269815896804,True,0.05414972912831573,0.05537344654575582,0.00030596269815896804,True,0.027490094891116534,0.05537344654575582,-0.0034089366182399328,True,20,True,True,False,True,False,False,3,,TARGET_BEFORE_STOP,True,False,True,False,False,9,,TARGET_BEFORE_STOP,2023-10-04,2023-10-06,2023-10-10,2023-10-17,2023-10-31
V|2023-10-04T00:00:00|Long,V,2023-10-04,Long,0.009774217173706967,0.012844914821483089,-0.0043248853677043675,True,0.013926136163409097,0.02322461330696801,-0.0043248853677043675,True,0.019288951784153907,0.03152838529385882,-0.0043248853677043675,True,0.027030533548152214,0.044373300115341685,-0.0043248853677043675,True,0.03183115894600452,0.044373300115341685,-0.013796394881779084,True,20,True,True,False,True,False,False,4,,TARGET_BEFORE_STOP,False,False,False,False,True,,,NEITHER,2023-10-05,2023-10-09,2023-10-11,2023-10-18,2023-11-01
V|2023-10-05T00:00:00|Long,V,2023-10-05,Long,0.006681504142282968,0.013320201590121705,-0.0031265878914565892,True,0.013363073638297918,0.02030154865470979,-0.007623774249910675,True,0.01413398626068485,0.02154359633091074,-0.007623774249910675,True,0.0014134051614416165,0.034264177430153975,-0.007623774249910675,True,0.04184514498562053,0.04184514498562053,-0.023342457803546046,True,20,True,True,True,True,False,False,7,16,TARGET_BEFORE_STOP,False,False,False,False,True,,,NEITHER,2023-10-06,2023-10-10,2023-10-12,2023-10-19,2023-11-02
V|2023-10-06T00:00:00|Long,V,2023-10-06,Long,-0.00255271809847335,0.0005531181353219949,-0.014210332000071935,True,0.002722938257019525,0.01476345013539393,-0.014210332000071935,True,0.011189605845549844,0.015359090850367796,-0.014210332000071935,True,-0.007062578500414918,0.0273996027287422,-0.014210332000071935,True,0.03641938845259429,0.04373729719082853,-0.029824688168290203,True,20,True,True,True,False,True,False,19,15,STOP_BEFORE_TARGET,False,False,False,False,True,,,NEITHER,2023-10-09,2023-10-11,2023-10-13,2023-10-20,2023-11-03
V|2023-10-09T00:00:00|Long,V,2023-10-09,Long,0.009213460329361878,0.016123523033325426,-0.0006824930064969204,True,0.009981216147084249,0.01736048465724993,-0.0006824930064969204,True,0.02401469384142163,0.026744600781293704,-0.0006824930064969204,True,-0.012412573075436084,0.030028976338593694,-0.01347894399079419,True,0.03860264015318671,0.04640848306394196,-0.027341765890449676,True,20,True,True,True,True,False,False,6,14,TARGET_BEFORE_STOP,False,False,False,False,True,,,NEITHER,2023-10-10,2023-10-12,2023-10-16,2023-10-23,2023-11-06
V|2023-10-10T00:00:00|Long,V,2023-10-10,Long,-0.00388847592561703,0.008072647312125092,-0.0072274161866210385,True,0.0045223670237841684,0.00866436069351506,-0.0072274161866210385,True,0.019442057168477023,0.020625483931257182,-0.0072274161866210385,True,-0.008241809622684837,0.020625483931257182,-0.022485237476668418,True,0.03453084513180804,0.03685545644866983,-0.036221500858581,True,20,True,True,True,False,True,False,18,9,STOP_BEFORE_TARGET,False,True,False,True,False,,13,STOP_BEFORE_TARGET,2023-10-11,2023-10-13,2023-10-17,2023-10-24,2023-11-07
V|2023-10-11T00:00:00|Long,V,2023-10-11,Long,0.004667371595809877,0.008698248113822471,-0.00335197433249923,True,0.018627014531847452,0.021342558530225375,-0.00335197433249923,True,0.007595080620120154,0.024609653903616246,-0.00335197433249923,True,0.004964415580850368,0.024609653903616246,-0.01866935689588778,True,0.03492027852211432,0.04090298263755887,-0.03245924191370908,True,20,True,True,True,False,True,False,16,11,STOP_BEFORE_TARGET,False,True,False,True,False,,12,STOP_BEFORE_TARGET,2023-10-12,2023-10-16,2023-10-18,2023-10-25,2023-11-08
V|2023-10-12T00:00:00|Long,V,2023-10-12,Long,0.0037587608507339,0.007897605907712268,-0.0023228442207674505,True,0.018667109518254454,0.019849636677391258,-0.0023228442207674505,True,-0.01254329434924728,0.019849636677391258,-0.014232600450043376,True,-0.023228313321880578,0.019849636677391258,-0.0271137689080293,True,0.020525384894868548,0.03606727168236046,-0.03695413483026455,True,20,True,True,True,False,True,False,16,7,STOP_BEFORE_TARGET,False,True,False,True,False,,11,STOP_BEFORE_TARGET,2023-10-13,2023-10-17,2023-10-19,2023-10-26,2023-11-09
V|2023-10-13T00:00:00|Long,V,2023-10-13,Long,0.010098073689416287,0.012790880499611523,0.0027769750797077553,True,-0.0008414900903900291,0.01603062055769211,-0.0028610791476418873,True,-0.01805020961494397,0.01603062055769211,-0.021163793571123524,True,-0.03534309740901043,0.01603062055769211,-0.04056043869195447,True,0.03189296877793768,0.03218752562044247,-0.04056043869195447,True,20,True,True,True,False,True,False,15,5,STOP_BEFORE_TARGET,False,True,False,True,False,,9,STOP_BEFORE_TARGET,2023-10-16,2023-10-18,2023-10-20,2023-10-27,2023-11-10
V|2023-10-16T00:00:00|Long,V,2023-10-16,Long,0.004706917105631536,0.0058732384733761744,-0.007414562351730991,True,-0.026075767795394555,0.0058732384733761744,-0.02774192301795919,True,-0.035572992395457526,0.0058732384733761744,-0.0366143552994973,True,-0.029116529678461456,0.0058732384733761744,-0.05015207305201452,True,0.01916103929848334,0.02336812254929499,-0.05015207305201452,True,20,True,False,True,False,True,False,,3,STOP_BEFORE_TARGET,False,True,False,True,False,,4,STOP_BEFORE_TARGET,2023-10-17,2023-10-19,2023-10-23,2023-10-30,2023-11-13
V|2023-10-17T00:00:00|Long,V,2023-10-17,Long,-0.015464327424263846,-0.0015339764588260252,-0.017454359487332538,True,-0.032421194711323875,-0.0015339764588260252,-0.03548921089095447,True,-0.027155900226496832,-0.0015339764588260252,-0.041127687787964606,True,-0.025290177951517667,-0.0015339764588260252,-0.05460198314915976,True,0.02379770135070025,0.027902138526905595,-0.05460198314915976,True,20,True,False,True,False,True,False,,2,STOP_BEFORE_TARGET,False,True,False,True,False,,2,STOP_BEFORE_TARGET,2023-10-18,2023-10-20,2023-10-24,2023-10-31,2023-11-14
V|2023-10-18T00:00:00|Long,V,2023-10-18,Long,-0.01541248849663246,0.0018949633466500693,-0.01709688608128823,True,-0.02501369609159876,0.0018949633466500693,-0.026066460645920886,True,-0.002610835532911304,0.00425314566742796,-0.026066460645920886,True,0.004674277191416332,0.006611327988205851,-0.03975239985210921,True,0.044805656861725884,0.04535311499178096,-0.03975239985210921,True,20,True,True,True,False,True,False,12,2,STOP_BEFORE_TARGET,False,True,False,True,False,,7,STOP_BEFORE_TARGET,2023-10-19,2023-10-23,2023-10-25,2023-11-01,2023-11-15
V|2023-10-19T00:00:00|Long,V,2023-10-19,Long,-0.0018390688177202241,0.008382903786549933,-0.005004055349053682,True,0.0035926450821681666,0.011633382871155895,-0.01082074678463163,True,-0.01082074678463163,0.019973475119578588,-0.014755557864362112,True,0.040374674051482984,0.040374674051482984,-0.024720922285833336,True,0.06312822342819646,0.06689191887840029,-0.024720922285833336,True,20,True,True,True,False,True,False,10,6,STOP_BEFORE_TARGET,True,False,True,False,False,17,,TARGET_BEFORE_STOP,2023-10-20,2023-10-24,2023-10-26,2023-11-02,2023-11-16
V|2023-10-20T00:00:00|Long,V,2023-10-20,Long,-0.007927012018208557,0.0046276536483791375,-0.008998226324359315,True,0.014868459799910916,0.02185273261643572,-0.008998226324359315,True,-0.017610765808387607,0.02185273261643572,-0.022924012304319064,True,0.04379124606598106,0.051161205722837,-0.022924012304319064,True,0.06932895851084475,0.07224269542207562,-0.022924012304319064,True,20,True,True,True,False,True,False,9,5,STOP_BEFORE_TARGET,True,False,True,False,False,10,,TARGET_BEFORE_STOP,2023-10-23,2023-10-25,2023-10-27,2023-11-03,2023-11-17
V|2023-10-23T00:00:00|Long,V,2023-10-23,Long,0.01347555450108917,0.021595473702594292,0.005873971483271845,True,-0.0010797736851296813,0.030017695265774913,-0.005053332937908439,True,0.006694610028635362,0.030017695265774913,-0.015116831591815982,True,0.05165640209443412,0.05956035337808219,-0.015116831591815982,True,0.0796441175598328,0.0837904116044037,-0.015116831591815982,True,20,True,True,False,True,False,False,2,,TARGET_BEFORE_STOP,True,False,True,False,False,8,,TARGET_BEFORE_STOP,2023-10-24,2023-10-26,2023-10-30,2023-11-06,2023-11-20
V|2023-10-24T00:00:00|Long,V,2023-10-24,Long,0.009375718151528156,0.01632219020105441,-0.01431920178030699,True,-0.02292772113344621,0.01632219020105441,-0.028212210907228474,True,0.0019178019123655687,0.01632219020105441,-0.028212210907228474,True,0.04312810841342274,0.04547203795130472,-0.028212210907228474,True,0.07492010350876077,0.07965055583871572,-0.028212210907228474,True,20,True,True,True,False,True,False,7,3,STOP_BEFORE_TARGET,True,False,True,False,False,15,,TARGET_BEFORE_STOP,2023-10-25,2023-10-27,2023-10-31,2023-11-07,2023-11-21
V|2023-10-25T00:00:00|Long,V,2023-10-25,Long,-0.023517024195407354,-0.005235404100526475,-0.027401331331727286,True,-0.015917264831368683,-0.005235404100526475,-0.03723878867186503,True,0.007304182744175103,0.009246304100410496,-0.03723878867186503,True,0.02980788421642755,0.03576103442024525,-0.03723878867186503,True,0.07122649222062694,0.07468856544967006,-0.03723878867186503,True,20,True,True,True,False,True,False,7,1,STOP_BEFORE_TARGET,True,True,False,True,False,16,2,STOP_BEFORE_TARGET,2023-10-26,2023-10-30,2023-11-01,2023-11-08,2023-11-22
V|2023-10-26T00:00:00|Long,V,2023-10-26,Long,-0.00869074073609799,0.0004756166159294306,-0.014052231136084448,True,0.016516807957371427,0.019197520169667692,-0.014052231136084448,True,0.05175545349308708,0.05175545349308708,-0.014052231136084448,True,0.04479419173742638,0.06070567545410532,-0.014052231136084448,True,0.09953305255085287,0.10126253153129028,-0.014052231136084448,True,20,True,True,False,True,False,False,4,,TARGET_BEFORE_STOP,True,False,True,False,False,5,,TARGET_BEFORE_STOP,2023-10-27,2023-10-31,2023-11-02,2023-11-09,2023-11-24
V|2023-10-27T00:00:00|Long,V,2023-10-27,Long,0.016617950397322723,0.017926464577840306,0.0033148449106878974,True,0.040607133009558094,0.04261346373972841,0.0033148449106878974,True,0.06250273286524277,0.0700048098428272,0.0033148449106878974,True,0.06969946102739488,0.0700048098428272,0.0033148449106878974,True,0.10847470080574695,0.112138487268159,0.0033148449106878974,True,20,True,True,False,True,False,False,3,,TARGET_BEFORE_STOP,True,False,True,False,False,4,,TARGET_BEFORE_STOP,2023-10-30,2023-11-01,2023-11-03,2023-11-10,2023-11-27
V|2023-10-30T00:00:00|Long,V,2023-10-30,Long,0.008666570519100691,0.01132658043980106,-0.00038611780154296227,True,0.04363307915329817,0.04363307915329817,-0.00038611780154296227,True,0.04466279208996626,0.05251418138410724,-0.00038611780154296227,True,0.04972540006367221,0.054058652590278866,-0.00038611780154296227,True,0.08520679789914731,0.09395912873022172,-0.00038611780154296227,True,20,True,True,False,True,False,False,3,,TARGET_BEFORE_STOP,True,False,True,False,False,4,,TARGET_BEFORE_STOP,2023-10-31,2023-11-02,2023-11-06,2023-11-13,2023-11-28
V|2023-10-31T00:00:00|Long,V,2023-10-31,Long,0.014802193267518637,0.016758771077540535,0.0024669781250887812,True,0.03615482679425108,0.04347086752606555,0.0024669781250887812,True,0.04113142457634633,0.04347086752606555,0.0024669781250887812,True,0.05036153139305921,0.0545724637991567,0.0024669781250887812,True,0.08136958369792824,0.08919608964820669,0.0024669781250887812,True,20,True,True,False,True,False,False,2,,TARGET_BEFORE_STOP,True,False,True,False,False,10,,TARGET_BEFORE_STOP,2023-11-01,2023-11-03,2023-11-07,2023-11-14,2023-11-29
V|2023-11-01T00:00:00|Long,V,2023-11-01,Long,0.019574139211602004,0.019574139211602004,0.002598688542330363,True,0.02058011411026106,0.02825050482620428,0.002598688542330363,True,0.022340522215390957,0.02825050482620428,0.002598688542330363,True,0.0399446672233883,0.04048957828808253,0.002598688542330363,True,0.07586549880883853,0.07624271541207395,0.002598688542330363,True,20,True,True,False,True,False,False,9,,TARGET_BEFORE_STOP,True,False,True,False,False,13,,TARGET_BEFORE_STOP,2023-11-02,2023-11-06,2023-11-08,2023-11-15,2023-11-30
V|2023-11-02T00:00:00|Long,V,2023-11-02,Long,0.0014388740123971733,0.008509793727518034,-0.004069909529965332,True,0.006248732877537355,0.008509793727518034,-0.004069909529965332,True,-0.006618707545124614,0.008509793727518034,-0.009373067951888525,True,0.021870533706962902,0.025488168338097417,-0.009373067951888525,True,0.05426520948419844,0.056156232937756956,-0.009373067951888525,True,20,True,True,False,True,False,False,12,,TARGET_BEFORE_STOP,True,False,True,False,False,18,,TARGET_BEFORE_STOP,2023-11-03,2023-11-07,2023-11-09,2023-11-16,2023-12-01
V|2023-11-03T00:00:00|Long,V,2023-11-03,Long,-0.0004515624285527098,0.004843976380196846,-0.004064061856974499,True,0.00127256794263797,0.006034487618520323,-0.004064061856974499,True,0.006773373789585202,0.0068554931326054724,-0.010796407294402566,True,0.024466302568750598,0.027257796483087127,-0.010796407294402566,True,0.04449916283369992,0.05660922906160337,-0.010796407294402566,True,20,True,True,False,True,False,False,11,,TARGET_BEFORE_STOP,True,False,True,False,False,17,,TARGET_BEFORE_STOP,2023-11-06,2023-11-08,2023-11-10,2023-11-17,2023-12-04
V|2023-11-06T00:00:00|Long,V,2023-11-06,Long,0.005256884268018958,0.006488980226742935,-0.0004517664292986723,True,-0.007597872856294985,0.006488980226742935,-0.010349518319476503,True,0.0048461647261097696,0.008994156364576789,-0.010349518319476503,True,0.026612984440221643,0.030555616307734068,-0.010349518319476503,True,0.04566920557854148,0.05708656964018055,-0.010349518319476503,True,20,True,True,False,True,False,False,10,,TARGET_BEFORE_STOP,True,False,True,False,False,16,,TARGET_BEFORE_STOP,2023-11-07,2023-11-09,2023-11-13,2023-11-20,2023-12-05
V|2023-11-07T00:00:00|Long,V,2023-11-07,Long,-0.0035135049039516364,-8.172681338303178e-05,-0.008048376787664901,True,0.0019610071461402256,0.0020427339595232574,-0.015524790560235147,True,0.008865457903615592,0.01291003124632395,-0.015524790560235147,True,0.030477555766082354,0.03501242764979562,-0.015524790560235147,True,0.038893609705030974,0.051558647529085455,-0.015524790560235147,True,20,True,True,False,True,False,False,10,,TARGET_BEFORE_STOP,True,False,True,False,False,18,,TARGET_BEFORE_STOP,2023-11-08,2023-11-10,2023-11-14,2023-11-21,2023-12-06
V|2023-11-08T00:00:00|Long,V,2023-11-08,Long,-0.009306728868757608,0.00233689498942935,-0.012053636166063364,True,0.003115880838937546,0.007256729888470925,-0.012053636166063364,True,0.017219453426192688,0.017752456914613024,-0.012053636166063364,True,0.040219742574329365,0.04358160577435455,-0.012053636166063364,True,0.048829500566972994,0.05526633095788114,-0.012053636166063364,True,20,True,True,False,True,False,False,9,,TARGET_BEFORE_STOP,True,False,True,False,False,15,,TARGET_BEFORE_STOP,2023-11-09,2023-11-13,2023-11-15,2023-11-22,2023-12-07
V|2023-11-09T00:00:00|Long,V,2023-11-09,Long,0.01493958210341817,0.015022367538410242,0.0013656755168358625,True,0.021933467410796714,0.02603043081451961,0.0013656755168358625,True,0.0286790595599844,0.0323207977914286,0.0013656755168358625,True,0.05239200336900729,0.054047333188137925,0.0013656755168358625,True,0.058351291752733125,0.06517966933691266,0.0013656755168358625,True,20,True,True,False,True,False,False,5,,TARGET_BEFORE_STOP,True,False,True,False,False,9,,TARGET_BEFORE_STOP,2023-11-10,2023-11-14,2023-11-16,2023-11-24,2023-12-08
V|2023-11-10T00:00:00|Long,V,2023-11-10,Long,-0.0023649412071546916,0.0017532830816768818,-0.00464831555412204,True,0.011661572315398772,0.01219166358068935,-0.00464831555412204,True,0.017573894224643283,0.0203466075154497,-0.00464831555412204,True,0.0362487233013189,0.039673784821769864,-0.00464831555412204,True,0.04595306427593027,0.05047912286569822,-0.00464831555412204,True,20,True,True,False,True,False,False,7,,TARGET_BEFORE_STOP,True,False,True,False,False,20,,TARGET_BEFORE_STOP,2023-11-13,2023-11-15,2023-11-17,2023-11-27,2023-12-11
V|2023-11-13T00:00:00|Long,V,2023-11-13,Long,0.00927782028630042,0.013324046802766887,0.0037193103728272447,True,0.015939874870070758,0.019536513733066085,0.0027383748475882097,True,0.021661842855363656,0.025585460226771994,0.0027383748475882097,True,0.033800647134310635,0.042138380822133614,0.0027383748475882097,True,0.060857479466554176,0.0615114364833802,0.0027383748475882097,True,20,True,True,False,True,False,False,6,,TARGET_BEFORE_STOP,True,False,True,False,False,13,,TARGET_BEFORE_STOP,2023-11-14,2023-11-16,2023-11-20,2023-11-28,2023-12-12
V|2023-11-14T00:00:00|Long,V,2023-11-14,Long,0.004737985572924375,0.005264449011521677,-0.006479331366716412,True,0.010609844866301676,0.013363582324175338,-0.006479331366716412,True,0.021422180423716464,0.025917201883898677,-0.006479331366716412,True,0.029521313736370347,0.03697256334553911,-0.006479331366716412,True,0.06252531906032455,0.06293030044255055,-0.006479331366716412,True,20,True,True,False,True,False,False,6,,TARGET_BEFORE_STOP,True,False,True,False,False,19,,TARGET_BEFORE_STOP,2023-11-15,2023-11-17,2023-11-21,2023-11-29,2023-12-13
V|2023-11-15T00:00:00|Long,V,2023-11-15,Long,0.0018540434191913757,0.005400815503584067,-0.003385580330596216,True,0.007496677303518329,0.011365894395600762,-0.01011645842836384,True,0.022610941100926762,0.025915894804576345,-0.01011645842836384,True,0.03454109888496015,0.034903826456074816,-0.01011645842836384,True,0.04280363689432631,0.06102131857806614,-0.01011645842836384,True,20,True,True,False,True,False,False,9,,TARGET_BEFORE_STOP,True,False,True,False,False,19,,TARGET_BEFORE_STOP,2023-11-16,2023-11-20,2023-11-22,2023-11-30,2023-12-14
V|2023-11-16T00:00:00|Long,V,2023-11-16,Long,0.003982742105662407,0.0067184218519456,0.0003620563030086732,True,0.014724175465572031,0.019189720694863244,-0.011948349089555443,True,0.02305183875247363,0.024661018801145573,-0.011948349089555443,True,0.03170135032636634,0.03355190124371066,-0.011948349089555443,True,0.03805765448901943,0.05905777947149349,-0.011948349089555443,True,20,True,True,False,True,False,False,8,,TARGET_BEFORE_STOP,True,False,True,False,False,18,,TARGET_BEFORE_STOP,2023-11-17,2023-11-21,2023-11-24,2023-12-01,2023-12-15
V|2023-11-17T00:00:00|Long,V,2023-11-17,Long,0.0016429061793572508,0.005489642292795027,-0.01586789346777573,True,0.01666935287227944,0.01995510408822554,-0.01586789346777573,True,0.018352307564754478,0.02171821694970477,-0.01586789346777573,True,0.01955443552874181,0.031375289174721877,-0.01586789346777573,True,0.03530212231439567,0.05485655784313748,-0.01586789346777573,True,20,True,True,False,True,False,False,10,,TARGET_BEFORE_STOP,True,False,True,False,False,17,,TARGET_BEFORE_STOP,2023-11-20,2023-11-22,2023-11-27,2023-12-04,2023-12-18
V|2023-11-20T00:00:00|Long,V,2023-11-20,Long,0.009041062910747133,0.01348159819470518,0.0002400190354872045,True,0.017322085889944994,0.018922253488180996,0.0002400190354872045,True,0.011881430596469178,0.020042383015442367,0.0002400190354872045,True,0.01856222493495019,0.029683615599869873,0.0002400190354872045,True,0.04008476603088473,0.05312637002218401,0.0002400190354872045,True,20,True,True,False,True,False,False,14,,TARGET_BEFORE_STOP,True,False,True,False,False,16,,TARGET_BEFORE_STOP,2023-11-21,2023-11-24,2023-11-28,2023-12-05,2023-12-19
V|2023-11-21T00:00:00|Long,V,2023-11-21,Long,0.005907328701593384,0.009158298369433604,0.0017048247308175668,True,0.007572468360077966,0.010902747677046909,0.0011497781779894467,True,0.007929271037852459,0.015224246369284655,-0.002458054663162401,True,0.008167139489702047,0.020457594292125014,-0.002458054663162401,True,0.019347380195394503,0.0436903003573168,-0.002458054663162401,True,20,True,True,False,True,False,False,15,,TARGET_BEFORE_STOP,False,False,False,False,True,,,NEITHER,2023-11-22,2023-11-27,2023-11-29,2023-12-06,2023-12-20
V|2023-11-22T00:00:00|Long,V,2023-11-22,Long,0.002285991755731409,0.003862508760933636,-0.000867102394941921,True,-0.0030742502583325226,0.0049660826926289925,-0.008316256504019681,True,0.011666370175141605,0.012021077480271813,-0.008316256504019681,True,0.008276864627983826,0.014464817160953602,-0.008316256504019681,True,0.022938701309386023,0.03756108597448349,-0.008316256504019681,True,20,True,True,False,True,False,False,14,,TARGET_BEFORE_STOP,False,False,False,False,True,,,NEITHER,2023-11-24,2023-11-28,2023-11-30,2023-12-07,2023-12-21
V|2023-11-24T00:00:00|Long,V,2023-11-24,Long,-0.0006291925292537526,0.0026739782446751903,-0.006999601879417172,True,-0.0002752942327117758,0.006960299847502016,-0.010578066886058002,True,0.00845461710370432,0.01026347062143107,-0.010578066886058002,True,0.005662612757079577,0.012151048209192439,-0.010578066886058002,True,0.016240619640035314,0.035194639562865504,-0.010578066886058002,True,20,True,True,False,True,False,False,13,,TARGET_BEFORE_STOP,False,False,False,False,True,,,NEITHER,2023-11-27,2023-11-29,2023-12-01,2023-12-08,2023-12-22
V|2023-11-27T00:00:00|Long,V,2023-11-27,Long,-0.004721794881262897,3.932677602880297e-05,-0.009955138055296353,True,0.009994464831325045,0.010348585938221966,-0.009955138055296353,True,0.001180463730535486,0.012788287033109302,-0.009955138055296353,True,0.00936487616958881,0.013732609984834276,-0.009955138055296353,True,0.019752908965598337,0.035846386370624206,-0.009955138055296353,True,20,True,True,False,True,False,False,12,,TARGET_BEFORE_STOP,False,False,False,False,True,,,NEITHER,2023-11-28,2023-11-30,2023-12-04,2023-12-11,2023-12-26
V|2023-11-28T00:00:00|Long,V,2023-11-28,Long,0.005099997128495515,0.012374495345146341,0.0022930411380424065,True,0.013876847203866394,0.015695426513735233,0.0009092896549345308,True,0.006602348987215567,0.017593153174979115,-0.0031628174430144984,True,0.026172195197637915,0.026804770751385876,-0.0031628174430144984,True,0.023681466658333594,0.040760644655176925,-0.0031628174430144984,True,20,True,True,False,True,False,False,11,,TARGET_BEFORE_STOP,False,False,False,False,True,,,NEITHER,2023-11-29,2023-12-01,2023-12-05,2023-12-12,2023-12-27
V|2023-11-29T00:00:00|Long,V,2023-11-29,Long,0.009636931083725653,0.009990926833255864,-0.004169443324578248,True,0.000826050101862208,0.012429764284325628,-0.004169443324578248,True,0.00023599716635347434,0.012429764284325628,-0.008220888065979759,True,0.03205762220130737,0.03245099082497993,-0.008220888065979759,True,0.024269355593891984,0.03547970115268284,-0.008220888065979759,True,20,True,True,False,True,False,False,10,,TARGET_BEFORE_STOP,False,False,False,False,True,,,NEITHER,2023-11-30,2023-12-04,2023-12-06,2023-12-13,2023-12-28
V|2023-11-30T00:00:00|Long,V,2023-11-30,Long,-0.0008959812814102186,0.0008961001748923891,-0.010830601755581148,True,-0.00806448544684335,0.0027661757554788835,-0.017687367210842186,True,-0.0033504183267168974,0.0027661757554788835,-0.017687367210842186,True,0.007986669662782386,0.02559610219608155,-0.017687367210842186,True,0.01429801126872432,0.02559610219608155,-0.017687367210842186,True,20,True,False,False,False,False,True,,,NEITHER,False,False,False,False,True,,,NEITHER,2023-12-01,2023-12-05,2023-12-07,2023-12-14,2023-12-29
V|2023-12-01T00:00:00|Long,V,2023-12-01,Long,-0.007837822850257137,0.0036654412035956874,-0.008188754156971179,True,-0.008422767861499092,0.0036654412035956874,-0.01680644418883226,True,-0.0027685969197537297,0.0036654412035956874,-0.01680644418883226,True,0.006160992384707242,0.02651584117484518,-0.01680644418883226,True,0.00943647024747496,0.02651584117484518,-0.01680644418883226,True,20,True,False,False,False,False,True,,,NEITHER,False,False,False,False,True,,,NEITHER,2023-12-04,2023-12-06,2023-12-08,2023-12-15,2024-01-02
V|2023-12-04T00:00:00|Long,V,2023-12-04,Long,0.0006681267383827905,0.0014934950446716666,-0.009039471111809472,True,0.00542369466110304,0.009393114714380424,-0.009039471111809472,True,0.008174762428500681,0.012537346371629843,-0.009039471111809472,True,0.015445655706933348,0.03462504902554597,-0.009039471111809472,True,0.013912940225415671,0.03462504902554597,-0.009039471111809472,True,20,True,True,False,True,False,False,7,,TARGET_BEFORE_STOP,False,False,False,False,True,,,NEITHER,2023-12-05,2023-12-07,2023-12-11,2023-12-18,2024-01-03
V|2023-12-05T00:00:00|Long,V,2023-12-05,Long,-0.0012568529258537575,0.00871916247041482,-0.00424178872968739,True,0.004438179490607874,0.00871916247041482,-0.004359611200230429,True,0.019441486730199298,0.02006991319312612,-0.004359611200230429,True,0.02113031542801358,0.033934249907453085,-0.004359611200230429,True,0.019637817561073634,0.033934249907453085,-0.004359611200230429,True,20,True,True,False,True,False,False,6,,TARGET_BEFORE_STOP,False,False,False,False,True,,,NEITHER,2023-12-06,2023-12-08,2023-12-12,2023-12-19,2024-01-04
V|2023-12-06T00:00:00|Long,V,2023-12-06,Long,0.006016807890526499,0.0072752424835804685,-0.003106662892722989,True,0.00876949855053799,0.013134656041779103,-0.003106662892722989,True,0.03181411699349335,0.03220739280518892,-0.003106662892722989,True,0.011089669825334214,0.03523538853448005,-0.003106662892722989,True,0.021235633716806257,0.03523538853448005,-0.003106662892722989,True,20,True,True,False,True,False,False,5,,TARGET_BEFORE_STOP,False,False,False,False,True,,,NEITHER,2023-12-07,2023-12-11,2023-12-13,2023-12-20,2024-01-05
V|2023-12-07T00:00:00|Long,V,2023-12-07,Long,-0.00031272702980300604,0.0008599844203127649,-0.007622594602461508,True,0.014619615852152767,0.01524506991175878,-0.007622594602461508,True,0.011375199666933566,0.029043829501438134,-0.007622594602461508,True,0.014541478829638521,0.029043829501438134,-0.007622594602461508,True,0.026268474037632217,0.029043829501438134,-0.007622594602461508,True,20,True,False,False,False,False,True,,,NEITHER,False,False,False,False,True,,,NEITHER,2023-12-08,2023-12-12,2023-12-14,2023-12-21,2024-01-08
V|2023-12-08T00:00:00|Long,V,2023-12-08,Long,0.003049908124478584,0.007390315746665488,-0.002893585193044168,True,0.02596386661071648,0.026354912600266678,-0.002893585193044168,True,0.008954380374383897,0.02936573999188674,-0.0050442188050877634,True,0.010518445002102306,0.02936573999188674,-0.0050442188050877634,True,0.029678505185237514,0.030812502755788396,-0.0050442188050877634,True,20,True,True,False,True,False,False,20,,TARGET_BEFORE_STOP,False,False,False,False,True,,,NEITHER,2023-12-11,2023-12-13,2023-12-15,2023-12-22,2024-01-09
V|2023-12-11T00:00:00|Long,V,2023-12-11,Long,0.011850961621395761,0.01247470896648406,-0.00046778076690590087,True,0.008615398671869112,0.026235815041959265,-0.00046778076690590087,True,0.007211937403509783,0.026235815041959265,-0.00806951564823033,True,0.01029165274249566,0.026235815041959265,-0.00806951564823033,True,0.031342620026751034,0.0345002591710073,-0.00806951564823033,True,20,True,True,False,True,False,False,20,,TARGET_BEFORE_STOP,False,False,False,False,True,,,NEITHER,2023-12-12,2023-12-14,2023-12-18,2023-12-26,2024-01-10
V|2023-12-12T00:00:00|Long,V,2023-12-12,Long,0.010864568310770428,0.011249859204807588,-0.0033518073870034693,True,-0.005894586198520346,0.014216375697774009,-0.01968716542770821,True,0.0016566215126587736,0.014216375697774009,-0.01968716542770821,True,-0.002427203300733094,0.014216375697774009,-0.01968716542770821,True,0.017221456552426018,0.02554324605167957,-0.01968716542770821,True,20,True,False,False,False,False,True,,,NEITHER,False,False,False,False,True,,,NEITHER,2023-12-13,2023-12-15,2023-12-19,2023-12-27,2024-01-11
V|2023-12-13T00:00:00|Long,V,2023-12-13,Long,-0.01391109775348387,0.003315782837857828,-0.022791412741222428,True,-0.015283214006402646,0.003315782837857828,-0.030223369871923422,True,-0.0200854464257052,0.003315782837857828,-0.030223369871923422,True,-0.007546348614531295,0.003315782837857828,-0.030223369871923422,True,0.006822198763664744,0.01452091427582447,-0.030223369871923422,True,20,True,False,True,False,True,False,,1,STOP_BEFORE_TARGET,False,True,False,True,False,,2,STOP_BEFORE_TARGET,2023-12-14,2023-12-18,2023-12-20,2023-12-28,2024-01-12
V|2023-12-14T00:00:00|Long,V,2023-12-14,Long,-0.002705570197916618,-0.0013914731722391993,-0.016542394992253517,True,0.004869861224229721,0.00622264632318803,-0.016542394992253517,True,0.0031306671982345158,0.008077904569026018,-0.016542394992253517,True,0.0062613343964690316,0.010551464278700351,-0.016542394992253517,True,0.02516128385427563,0.028833112272670602,-0.016542394992253517,True,20,True,False,False,False,False,True,,,NEITHER,False,False,False,False,True,,,NEITHER,2023-12-15,2023-12-19,2023-12-21,2023-12-29,2024-01-16
V|2023-12-15T00:00:00|Long,V,2023-12-15,Long,0.001317662052858548,0.006045799193791002,-0.0003099894300818695,True,-0.0035655289388319966,0.010812729365271556,-0.003681789759042098,True,0.0015501836932787505,0.012324120028001984,-0.003836725338365654,True,0.003255421237315481,0.01329299962023045,-0.003836725338365654,True,0.03332948162694649,0.03515097999119354,-0.004534408531060463,True,20,True,True,False,True,False,False,17,,TARGET_BEFORE_STOP,False,False,False,False,True,,,NEITHER,2023-12-18,2023-12-20,2023-12-22,2024-01-02,2024-01-17
V|2023-12-18T00:00:00|Long,V,2023-12-18,Long,0.0062700590153772495,0.007624729101417538,-0.004528323459640049,True,0.004528441575437858,0.009482572486483987,-0.005147604587995569,True,0.0030576636600683216,0.01099197426776466,-0.005147604587995569,True,-0.0015094017812806726,0.011959578884108035,-0.005844369679769201,True,0.03781406400080889,0.04029107039843294,-0.005844369679769201,True,20,True,True,False,True,False,False,16,,TARGET_BEFORE_STOP,False,False,False,False,True,,,NEITHER,2023-12-19,2023-12-21,2023-12-26,2024-01-03,2024-01-18
V|2023-12-19T00:00:00|Long,V,2023-12-19,Long,-0.011077368325666082,0.00319249633070684,-0.01119275268823261,True,-0.00600022161309921,0.004692493044071933,-0.011346520251775072,True,-0.004077070650443826,0.004692493044071933,-0.011346520251775072,True,-0.0014616135123891594,0.005654068525399625,-0.012038943806993774,True,0.04196316809071865,0.04292474357204634,-0.012038943806993774,True,20,True,True,False,True,False,False,19,,TARGET_BEFORE_STOP,False,False,False,False,True,,,NEITHER,2023-12-20,2023-12-22,2023-12-27,2024-01-04,2024-01-19
V|2023-12-20T00:00:00|Long,V,2023-12-20,Long,0.009451298400708463,0.011201450923325584,-0.0002721668182001924,True,0.007973312696291313,0.015946506697938734,-0.0002721668182001924,True,0.012796113462583802,0.015946506697938734,-0.0002721668182001924,True,0.010034682574914022,0.016918853219829666,-0.0009723465218908212,True,0.05480155442505508,0.05927432468682414,-0.0009723465218908212,True,20,True,True,False,True,False,False,13,,TARGET_BEFORE_STOP,True,False,True,False,False,19,,TARGET_BEFORE_STOP,2023-12-21,2023-12-26,2023-12-28,2024-01-05,2024-01-22
V|2023-12-21T00:00:00|Long,V,2023-12-21,Long,-0.004276858413328255,0.006434394910899366,-0.00508594929783357,True,-0.002350373156572716,0.006434394910899366,-0.00508594929783357,True,0.0031208967092777318,0.007397637539277246,-0.00508594929783357,True,0.011558911540533234,0.011867097444949515,-0.010326050339539483,True,0.04515681912168312,0.04935654287141067,-0.010326050339539483,True,20,True,True,False,True,False,False,17,,TARGET_BEFORE_STOP,False,False,False,False,True,,,NEITHER,2023-12-22,2023-12-27,2023-12-29,2024-01-08,2024-01-23
V|2023-12-22T00:00:00|Long,V,2023-12-22,Long,0.0028247920404655957,0.005069061624891402,0.000386975607901352,True,0.0076229589309884105,0.009828613616487125,-0.00046432349413116913,True,0.0017025982040648202,0.011724640580314638,-0.0029407548256223937,True,0.01896062390340192,0.020082817739802694,-0.006075174587759413,True,0.05115505783142038,0.05583714384841043,-0.006075174587759413,True,20,True,True,False,True,False,False,12,,TARGET_BEFORE_STOP,True,False,True,False,False,18,,TARGET_BEFORE_STOP,2023-12-26,2023-12-28,2024-01-02,2024-01-09,2024-01-24
V|2023-12-26T00:00:00|Long,V,2023-12-26,Long,-0.00088752501573508,0.0023537017400176996,-0.0032798506386187976,True,0.004591767342918329,0.008874779134389277,-0.0032798506386187976,True,-0.0045531434600522,0.008874779134389277,-0.008874896890129769,True,0.020836525004548356,0.023961997867443463,-0.008874896890129769,True,0.05189836973065143,0.05286302475637816,-0.008874896890129769,True,20,True,True,False,True,False,False,14,,TARGET_BEFORE_STOP,True,False,True,False,False,17,,TARGET_BEFORE_STOP,2023-12-27,2023-12-29,2024-01-03,2024-01-10,2024-01-25
V|2023-12-27T00:00:00|Long,V,2023-12-27,Long,0.005677214931774088,0.007878610445396506,-0.0015061373417164514,True,-0.0002317134371871976,0.009770976135873077,-0.004866100041274746,True,0.0026261641950173775,0.009770976135873077,-0.007994467163990215,True,0.0196964671833193,0.0280385045030902,-0.007994467163990215,True,0.034797088095186,0.053798297106599335,-0.007994467163990215,True,20,True,True,False,True,False,False,13,,TARGET_BEFORE_STOP,True,False,True,False,False,16,,TARGET_BEFORE_STOP,2023-12-28,2024-01-02,2024-01-04,2024-01-11,2024-01-26
V|2023-12-28T00:00:00|Long,V,2023-12-28,Long,-0.00019196541528576638,0.004070651242085388,-0.002803304477189017,True,-0.009293329365891778,0.004070651242085388,-0.013594503179324646,True,-0.002726541750075362,0.004070651242085388,-0.013594503179324646,True,0.014477801918646227,0.022235056377242213,-0.013594503179324646,True,0.05092169768212895,0.05633645841622448,-0.013594503179324646,True,20,True,True,False,True,False,False,13,,TARGET_BEFORE_STOP,True,False,True,False,False,20,,TARGET_BEFORE_STOP,2023-12-29,2024-01-03,2024-01-05,2024-01-12,2024-01-29
V|2023-12-29T00:00:00|Long,V,2023-12-29,Long,-0.005684697336783118,-0.0009986931420374878,-0.010293806848292064,True,-0.002842407277144021,0.0026502877865572927,-0.013405111081754684,True,0.008411762589072058,0.008718989669504129,-0.013405111081754684,True,0.01878234690309588,0.022431327831690773,-0.013405111081754684,True,0.06452847090116465,0.07025161557956605,-0.013405111081754684,True,20,True,True,False,True,False,False,12,,TARGET_BEFORE_STOP,True,False,True,False,False,19,,TARGET_BEFORE_STOP,2024-01-02,2024-01-04,2024-01-08,2024-01-16,2024-01-30
V|2024-01-02T00:00:00|Long,V,2024-01-02,Long,-0.0034379578462018223,-3.866715267819565e-05,-0.007764552878038566,True,0.003167641440436242,0.010005007867822435,-0.007764552878038566,True,0.017228692159008796,0.018348978597731103,-0.007764552878038566,True,0.029976474338449854,0.03179206219941588,-0.007764552878038566,True,0.05558780438004529,0.08158533439778037,-0.007764552878038566,True,20,True,True,False,True,False,False,10,,TARGET_BEFORE_STOP,True,False,True,False,False,13,,TARGET_BEFORE_STOP,2024-01-03,2024-01-05,2024-01-09,2024-01-17,2024-01-31
V|2024-01-03T00:00:00|Long,V,2024-01-03,Long,0.006318219613227205,0.011861374634780875,7.748280029695742e-05,True,0.017675778604550052,0.01798582810008975,7.748280029695742e-05,True,0.02550580003120606,0.02864556871133317,7.748280029695742e-05,True,0.039382910417225414,0.041863661264597285,7.748280029695742e-05,True,0.07392036589862472,0.08531660714292055,7.748280029695742e-05,True,20,True,True,False,True,False,False,6,,TARGET_BEFORE_STOP,True,False,True,False,False,11,,TARGET_BEFORE_STOP,2024-01-04,2024-01-08,2024-01-10,2024-01-18,2024-02-01
V|2024-01-04T00:00:00|Long,V,2024-01-04,Long,0.00030822038580446964,0.007126097638387563,-0.0033126050617733327,True,0.014329191597409086,0.015446284780589847,-0.0033126050617733327,True,0.017025590990842776,0.02534577813304484,-0.0033126050617733327,True,0.04348834475543373,0.044451327745712366,-0.0033126050617733327,True,0.06767847276916394,0.07850239217576327,-0.0033126050617733327,True,20,True,True,False,True,False,False,9,,TARGET_BEFORE_STOP,True,False,True,False,False,13,,TARGET_BEFORE_STOP,2024-01-05,2024-01-09,2024-01-11,2024-01-19,2024-02-02
V|2024-01-05T00:00:00|Long,V,2024-01-05,Long,0.0109746469895724,0.011282654889428478,0.0010012313265068684,True,0.018753109751640684,0.021872203867620232,0.0010012313265068684,True,0.017251380277294004,0.025029843039362287,0.0010012313265068684,True,0.04432211351001847,0.048750446852361407,0.0010012313265068684,True,0.06118827826051798,0.07817007817830435,0.0010012313265068684,True,20,True,True,False,True,False,False,8,,TARGET_BEFORE_STOP,True,False,True,False,False,12,,TARGET_BEFORE_STOP,2024-01-08,2024-01-10,2024-01-12,2024-01-22,2024-02-05
V|2024-01-08T00:00:00|Long,V,2024-01-08,Long,0.003008981494752261,0.0041136075916627934,-0.0053324973372385065,True,0.005675288283233382,0.013902619706283037,-0.0053324973372385065,True,0.010284077099019129,0.013902619706283037,-0.0053324973372385065,True,0.03321399000873071,0.03736572422985662,-0.0053324973372385065,True,0.05416317802195092,0.06646599040720047,-0.0053324973372385065,True,20,True,True,False,True,False,False,8,,TARGET_BEFORE_STOP,True,False,True,False,False,15,,TARGET_BEFORE_STOP,2024-01-09,2024-01-11,2024-01-16,2024-01-23,2024-02-06
V|2024-01-09T00:00:00|Long,V,2024-01-09,Long,0.004670987160782625,0.007746966350002271,-0.0017848374460541772,True,0.0031900159431261788,0.010860957790524095,-0.003531662640806177,True,0.012531874373681529,0.014316711819735817,-0.0037214921152971536,True,0.031595366074784303,0.03619032873296235,-0.0037214921152971536,True,0.060988223503229966,0.06326664076116284,-0.0037214921152971536,True,20,True,True,False,True,False,False,8,,TARGET_BEFORE_STOP,True,False,True,False,False,14,,TARGET_BEFORE_STOP,2024-01-10,2024-01-12,2024-01-17,2024-01-24,2024-02-07
V|2024-01-10T00:00:00|Long,V,2024-01-10,Long,-0.0020033216819920208,0.006161191782032338,-0.008164513464024248,True,0.0025702777519516218,0.006161191782032338,-0.008353460369943777,True,0.013531966748113078,0.015951017764008313,-0.008353460369943777,True,0.03042783439391994,0.031372799627919834,-0.008353460369943777,True,0.0424100443160087,0.05832322655795252,-0.008353460369943777,True,20,True,True,False,True,False,False,9,,TARGET_BEFORE_STOP,True,False,True,False,False,13,,TARGET_BEFORE_STOP,2024-01-11,2024-01-16,2024-01-18,2024-01-25,2024-02-08
V|2024-01-11T00:00:00|Long,V,2024-01-11,Long,0.00053029825809503,0.005756879978408902,-0.0012120112324290888,True,0.00984738899191906,0.011627494369626401,-0.006362885594623502,True,0.026019752107525163,0.026966614210906847,-0.006362885594623502,True,0.014808937166938207,0.033443118634586044,-0.006362885594623502,True,0.04696433721097559,0.06044764431642902,-0.006362885594623502,True,20,True,True,False,True,False,False,6,,TARGET_BEFORE_STOP,True,False,True,False,False,12,,TARGET_BEFORE_STOP,2024-01-12,2024-01-17,2024-01-19,2024-01-26,2024-02-09
V|2024-01-12T00:00:00|Long,V,2024-01-12,Long,0.004050334073717021,0.0056402701239313124,-0.006889530346776529,True,0.015028205393906813,0.017450827562696114,-0.006889530346776529,True,0.026611645614425417,0.030964879660798195,-0.006889530346776529,True,0.035923798129991136,0.041261283803758264,-0.006889530346776529,True,0.041261283803758264,0.059885588834889925,-0.006889530346776529,True,20,True,True,False,True,False,False,5,,TARGET_BEFORE_STOP,True,False,True,False,False,11,,TARGET_BEFORE_STOP,2024-01-16,2024-01-18,2024-01-22,2024-01-29,2024-02-12
V|2024-01-16T00:00:00|Long,V,2024-01-16,Long,0.005240592292320656,0.007012577053320923,-0.003204552922756565,True,0.021339179122680685,0.022281721760308848,-0.003204552922756565,True,0.022696500350231963,0.026805972443514126,-0.003204552922756565,True,0.044902745063386984,0.05052037742205373,-0.003204552922756565,True,0.039850730332476436,0.055610015620066955,-0.003204552922756565,True,20,True,True,False,True,False,False,9,,TARGET_BEFORE_STOP,True,False,True,False,False,10,,TARGET_BEFORE_STOP,2024-01-17,2024-01-19,2024-01-23,2024-01-30,2024-02-13
V|2024-01-17T00:00:00|Long,V,2024-01-17,Long,0.005663315223238596,0.008063585707202447,-0.0007875762338541703,True,0.01713988388601395,0.021452953965991783,-0.0007875762338541703,True,0.018827547244272935,0.023365639105351832,-0.0007875762338541703,True,0.02486593692156469,0.05010683384052883,-0.0038630265177753698,True,0.040993108335969586,0.05010683384052883,-0.0038630265177753698,True,20,True,True,False,True,False,False,8,,TARGET_BEFORE_STOP,True,False,True,False,False,10,,TARGET_BEFORE_STOP,2024-01-18,2024-01-22,2024-01-24,2024-01-31,2024-02-14
V|2024-01-18T00:00:00|Long,V,2024-01-18,Long,0.010293052499700694,0.011225401221795606,-0.004065140582982019,True,0.011635693841809402,0.015700720612691565,-0.004065140582982019,True,0.016670285891442482,0.017602634613537393,-0.004065140582982019,True,0.0332288083008172,0.044193238377622235,-0.009472694883872923,True,0.047885416709346096,0.04840747281142743,-0.009472694883872923,True,20,True,True,False,True,False,False,8,,TARGET_BEFORE_STOP,False,False,False,False,True,,,NEITHER,2024-01-19,2024-01-23,2024-01-25,2024-02-01,2024-02-15
V|2024-01-19T00:00:00|Long,V,2024-01-19,Long,0.0011074873285583653,0.005352573789962234,-0.001993387069356034,True,0.002768549342553994,0.00723511073915728,-0.003654449083351774,True,-0.010926509862562717,0.00723511073915728,-0.019564370293023936,True,0.023181981988883216,0.0335548045134475,-0.019564370293023936,True,0.02827613080359237,0.03772610354730532,-0.019564370293023936,True,20,True,True,False,True,False,False,8,,TARGET_BEFORE_STOP,False,False,False,False,True,,,NEITHER,2024-01-22,2024-01-24,2024-01-26,2024-02-02,2024-02-16
V|2024-01-22T00:00:00|Long,V,2024-01-22,Long,0.00022122992585993373,0.0024704383480809167,-0.004756668461862401,True,0.005199015785644079,0.0061208446527061255,-0.004756668461862401,True,0.009070764544067078,0.014269892857649236,-0.020648989127775685,True,0.016150347227458006,0.032411421945783614,-0.020648989127775685,True,0.01456482858281638,0.03657810642937376,-0.020648989127775685,True,20,True,True,True,False,True,False,7,4,STOP_BEFORE_TARGET,False,False,False,False,True,,,NEITHER,2024-01-23,2024-01-25,2024-01-29,2024-02-05,2024-02-20
V|2024-01-23T00:00:00|Long,V,2024-01-23,Long,0.0014376764610319892,0.005898309844196703,-0.0006636554850636411,True,-0.012239206682501114,0.005898309844196703,-0.020865602957840124,True,0.021713425933842734,0.027206387293095657,-0.020865602957840124,True,0.020275749472810745,0.03218307216125549,-0.020865602957840124,True,0.020275749472810745,0.036348835053430006,-0.020865602957840124,True,20,True,True,True,False,True,False,6,3,STOP_BEFORE_TARGET,False,False,False,False,True,,,NEITHER,2024-01-24,2024-01-26,2024-01-30,2024-02-06,2024-02-21
V|2024-01-24T00:00:00|Long,V,2024-01-24,Long,0.003533927762368938,0.00415978247083304,-0.0031290488592446986,True,0.0073992630619788,0.01258977914440007,-0.022271260551819383,True,0.005926802522786545,0.030701257225386414,-0.022271260551819383,True,0.028492622587367178,0.030701257225386414,-0.022271260551819383,True,0.04454263344517684,0.04568379878866624,-0.022271260551819383,True,20,True,True,True,False,True,False,5,2,STOP_BEFORE_TARGET,False,False,False,False,True,,,NEITHER,2024-01-25,2024-01-29,2024-01-31,2024-02-07,2024-02-22
V|2024-01-25T00:00:00|Long,V,2024-01-25,Long,-0.017130637764914414,-0.006382709100442807,-0.025714315779763797,True,0.0166538600523638,0.02211962004656054,-0.025714315779763797,True,0.016287013242307857,0.027071660171563927,-0.025714315779763797,True,0.011628383397791708,0.027071660171563927,-0.025714315779763797,True,0.04031407997685843,0.048934476256492276,-0.025714315779763797,True,20,True,True,True,False,True,False,15,1,STOP_BEFORE_TARGET,False,False,False,False,True,,,NEITHER,2024-01-26,2024-01-30,2024-02-01,2024-02-08,2024-02-23
V|2024-01-26T00:00:00|Long,V,2024-01-26,Long,0.021348067360542844,0.026610453153114833,-0.004590620941705481,True,0.019855218615153047,0.04497270912581963,-0.004590620941705481,True,0.03448529577585413,0.04497270912581963,-0.004590620941705481,True,0.031686161666851564,0.04497270912581963,-0.004590620941705481,True,0.0604985866514014,0.06721657685124294,-0.004590620941705481,True,20,True,True,False,True,False,False,2,,TARGET_BEFORE_STOP,True,False,True,False,False,18,,TARGET_BEFORE_STOP,2024-01-29,2024-01-31,2024-02-02,2024-02-09,2024-02-26
V|2024-01-29T00:00:00|Long,V,2024-01-29,Long,0.012753015375546628,0.01819780355070444,0.0019367052992926848,True,0.01238757613642738,0.023130842971416987,-0.001754041437932563,True,0.007015942718932688,0.023130842971416987,-0.001754041437932563,True,0.005152392177303122,0.023130842971416987,-0.001754041437932563,True,0.0347511862835721,0.04490977263925089,-0.003288730119274552,True,20,True,True,False,True,False,False,17,,TARGET_BEFORE_STOP,False,False,False,False,True,,,NEITHER,2024-01-30,2024-02-01,2024-02-05,2024-02-12,2024-02-27
V|2024-01-30T00:00:00|Long,V,2024-01-30,Long,-0.014035663779636498,0.010247145590597917,-0.01432437780311091,True,0.00010824023076860811,0.010247145590597917,-0.01432437780311091,True,-0.0014071229999920165,0.010247145590597917,-0.01432437780311091,True,-0.004834913827893139,0.010247145590597917,-0.015839741033871535,True,0.030597189872193953,0.03240126712642888,-0.015839741033871535,True,20,True,True,False,True,False,False,17,,TARGET_BEFORE_STOP,False,False,False,False,True,,,NEITHER,2024-01-31,2024-02-02,2024-02-06,2024-02-13,2024-02-28
V|2024-01-31T00:00:00|Long,V,2024-01-31,Long,0.013869493858960302,0.014381880023908389,0.0003658624839515401,True,0.008489997525179316,0.019175840031877778,0.0003658624839515401,True,0.022432864904272654,0.022981770309834948,0.0003658624839515401,True,0.015735883917507243,0.023420894634284872,-0.0018297591382978595,True,0.03432629930320852,0.04709798235104401,-0.0018297591382978595,True,20,True,True,False,True,False,False,15,,TARGET_BEFORE_STOP,False,False,False,False,True,,,NEITHER,2024-02-01,2024-02-05,2024-02-07,2024-02-14,2024-02-29
V|2024-02-01T00:00:00|Long,V,2024-02-01,Long,0.0004692470259541892,0.0052337566176499095,-0.004944938377731467,True,-0.001046663202022735,0.0052337566176499095,-0.010900520291408977,True,-0.004583970653775693,0.009420739881392803,-0.010900520291408977,True,0.014185249473088524,0.014690516165119405,-0.01548449094518467,True,0.022053839156659594,0.03277393066203271,-0.01548449094518467,True,20,True,True,False,True,False,False,15,,TARGET_BEFORE_STOP,False,False,False,False,True,,,NEITHER,2024-02-02,2024-02-06,2024-02-08,2024-02-15,2024-03-01
V|2024-02-02T00:00:00|Long,V,2024-02-02,Long,-0.005772444425262591,0.0029583929067271697,-0.007395872166598316,True,0.007973237719366422,0.008514380299811775,-0.011364434590230066,True,-0.0027058230024462615,0.008947294364167968,-0.011364434590230066,True,0.0049787319405361075,0.01421459898086841,-0.015946255238293183,True,0.012086031430970312,0.0322895318692793,-0.015946255238293183,True,20,True,True,False,True,False,False,14,,TARGET_BEFORE_STOP,False,False,False,False,True,,,NEITHER,2024-02-05,2024-02-07,2024-02-09,2024-02-16,2024-03-04
V|2024-02-05T00:00:00|Long,V,2024-02-05,Long,0.004281962591103916,0.004717390136768751,-0.005624457030598995,True,0.0007257864024128313,0.014805200989346234,-0.005624457030598995,True,-0.0018505670690753817,0.014805200989346234,-0.005624457030598995,True,-0.001560318951784545,0.02010308736069666,-0.010232879541494322,True,0.013789166469642788,0.03828296256840247,-0.010232879541494322,True,20,True,True,False,True,False,False,12,,TARGET_BEFORE_STOP,False,False,False,False,True,,,NEITHER,2024-02-06,2024-02-08,2024-02-12,2024-02-20,2024-03-05
V|2024-02-06T00:00:00|Long,V,2024-02-06,Long,0.009502835633803164,0.010044799397323168,0.0010839275270397852,True,-0.001192430547040435,0.010478370408139037,-0.009647396059840774,True,-0.0034326209477870684,0.010478370408139037,-0.014452955119445998,True,0.0,0.01575366815189372,-0.014452955119445998,True,0.013260524572405563,0.03385602972453472,-0.014452955119445998,True,20,True,True,False,True,False,False,12,,TARGET_BEFORE_STOP,False,False,False,False,True,,,NEITHER,2024-02-07,2024-02-09,2024-02-13,2024-02-21,2024-03-06
V|2024-02-07T00:00:00|Long,V,2024-02-07,Long,-0.012921062600190547,0.0009663516930324967,-0.01471067559201189,True,-0.015462282464370536,0.0009663516930324967,-0.018969963250891397,True,-0.006550044718478976,0.0009663516930324967,-0.02373028574824043,True,0.015605372858614075,0.016714924175198487,-0.02373028574824043,True,-0.004044542838205656,0.02412394817637309,-0.02373028574824043,True,20,True,False,True,False,True,False,,4,STOP_BEFORE_TARGET,False,False,False,False,True,,,NEITHER,2024-02-08,2024-02-12,2024-02-14,2024-02-22,2024-03-07
V|2024-02-08T00:00:00|Long,V,2024-02-08,Long,0.002356929071584135,0.005076488152444991,-0.006128081981604194,True,0.00010877793686869808,0.008049899305713426,-0.010950718061641385,True,0.018855653890958113,0.01936324737663142,-0.010950718061641385,True,0.028355962574635463,0.03687726982649431,-0.010950718061641385,True,0.015447130990214442,0.03752993744770672,-0.010950718061641385,True,20,True,True,False,True,False,False,9,,TARGET_BEFORE_STOP,False,False,False,False,True,,,NEITHER,2024-02-09,2024-02-13,2024-02-15,2024-02-23,2024-03-08
V|2024-02-09T00:00:00|Long,V,2024-02-09,Long,-0.004919818354000349,0.0008682876616599167,-0.007922448719140496,True,0.004087851943540111,0.005679583857820303,-0.01327635570450092,True,0.0077054044034603475,0.016966329868941088,-0.01327635570450092,True,0.02792750940654165,0.03443917007376185,-0.01327635570450092,True,0.014940509323300821,0.03509030302080207,-0.01327635570450092,True,20,True,True,False,True,False,False,9,,TARGET_BEFORE_STOP,False,False,False,False,True,,,NEITHER,2024-02-12,2024-02-14,2024-02-16,2024-02-26,2024-03-11
V|2024-02-12T00:00:00|Long,V,2024-02-12,Long,0.0026901887325825324,0.01065180716823022,-0.008397853263118593,True,0.02148545281108527,0.02199435646154524,-0.008397853263118593,True,0.0002907862367245162,0.02199435646154524,-0.008397853263118593,True,0.02944707124673296,0.03955358488062455,-0.008397853263118593,True,0.03217364986319393,0.040207937121830906,-0.008397853263118593,True,20,True,True,False,True,False,False,7,,TARGET_BEFORE_STOP,False,False,False,False,True,,,NEITHER,2024-02-13,2024-02-15,2024-02-20,2024-02-27,2024-03-12
V|2024-02-13T00:00:00|Long,V,2024-02-13,Long,0.006344947665025247,0.0066350643778059215,-0.003988274947437143,True,0.009970632045039673,0.019252375206108008,-0.003988274947437143,True,0.003444444419856252,0.019252375206108008,-0.008955444844519822,True,0.0356042471670468,0.03741708935705401,-0.008955444844519822,True,0.03382769722791368,0.03741708935705401,-0.008955444844519822,True,20,True,True,False,True,False,False,7,,TARGET_BEFORE_STOP,False,False,False,False,True,,,NEITHER,2024-02-14,2024-02-16,2024-02-21,2024-02-28,2024-03-13
V|2024-02-14T00:00:00|Long,V,2024-02-14,Long,0.012321708667735631,0.012826046944470981,0.0,True,-0.00868282059125114,0.012826046944470981,-0.015203924404892932,True,0.022301493355862734,0.023418360200222477,-0.015203924404892932,True,0.01830241077434569,0.03087623360570757,-0.015203924404892932,True,0.0318850201086609,0.04136046652005265,-0.015203924404892932,True,20,True,True,False,True,False,False,6,,TARGET_BEFORE_STOP,False,False,False,False,True,,,NEITHER,2024-02-15,2024-02-20,2024-02-22,2024-02-29,2024-03-14
V|2024-02-15T00:00:00|Long,V,2024-02-15,Long,-0.008612760100760841,0.0004981996063277983,-0.011068459490137683,True,-0.015018866309705059,0.0004981996063277983,-0.027190598440147595,True,0.009324489339972875,0.017688095331966247,-0.027190598440147595,True,0.00775853295801654,0.018328684230619396,-0.027190598440147595,True,0.007331473692247847,0.028685305870338018,-0.027190598440147595,True,20,True,False,True,False,True,False,,2,STOP_BEFORE_TARGET,False,False,False,False,True,,,NEITHER,2024-02-16,2024-02-21,2024-02-23,2024-03-01,2024-03-15
V|2024-02-16T00:00:00|Long,V,2024-02-16,Long,-0.012241541111415621,-0.006174616728094051,-0.018739234873826893,True,0.018631542529054412,0.019744399943294466,-0.018739234873826893,True,0.020067476977611687,0.026529346328282744,-0.018739234873826893,True,0.007072089452789143,0.027175500396916963,-0.018739234873826893,True,0.023298356875559145,0.03762209605894218,-0.018739234873826893,True,20,True,True,False,True,False,False,18,,TARGET_BEFORE_STOP,False,False,False,False,True,,,NEITHER,2024-02-20,2024-02-22,2024-02-26,2024-03-04,2024-03-18
V|2024-02-20T00:00:00|Long,V,2024-02-20,Long,0.005851411611320412,0.006614600634530454,-0.005887680004081575,True,0.030710566579951637,0.039251384881404006,-0.005887680004081575,True,0.029147809228253996,0.039251384881404006,-0.005887680004081575,True,0.015373472942614486,0.03990554690129833,-0.005887680004081575,True,0.044339496556998315,0.05048160987298855,-0.005887680004081575,True,20,True,True,False,True,False,False,2,,TARGET_BEFORE_STOP,True,False,True,False,False,17,,TARGET_BEFORE_STOP,2024-02-21,2024-02-23,2024-02-27,2024-03-05,2024-03-19
V|2024-02-21T00:00:00|Long,V,2024-02-21,Long,0.025256503785696882,0.026376598986070254,0.008021394501984469,True,0.02670177724418199,0.033205673208310804,0.008021394501984469,True,0.032049410334603845,0.03385602972453472,0.008021394501984469,True,0.013260524572405563,0.03385602972453472,0.0033241179277863075,True,0.04523770982763908,0.047369507475681694,-0.0021679653213761974,True,20,True,True,False,True,False,False,2,,TARGET_BEFORE_STOP,False,False,False,False,True,,,NEITHER,2024-02-22,2024-02-26,2024-02-28,2024-03-06,2024-03-20
V|2024-02-22T00:00:00|Long,V,2024-02-22,Long,-0.0005286128510462174,0.007753346985132081,-0.0008810572687224516,True,-0.002044005541024241,0.007753346985132081,-0.007788516141244539,True,-0.0039118426486783875,0.008387682406387764,-0.007788516141244539,True,-0.019347983204845765,0.008387682406387764,-0.026748885772301723,True,0.02333037926762116,0.025409661515693793,-0.026748885772301723,True,20,True,False,True,False,True,False,,8,STOP_BEFORE_TARGET,False,False,False,False,True,,,NEITHER,2024-02-23,2024-02-27,2024-02-29,2024-03-07,2024-03-21
V|2024-02-23T00:00:00|Long,V,2024-02-23,Long,0.0019393081140062218,0.006170662772698288,-0.0033145360408177726,True,0.007157964512017445,0.008921011018502734,-0.007263742998093736,True,-0.0015514895343325952,0.008921011018502734,-0.007263742998093736,True,-0.01255288251754949,0.008921011018502734,-0.02623414062512608,True,-0.0011988587114717397,0.025951992923709755,-0.02623414062512608,True,20,True,False,True,False,True,False,,7,STOP_BEFORE_TARGET,False,False,False,False,True,,,NEITHER,2024-02-26,2024-02-28,2024-03-01,2024-03-08,2024-03-22
V|2024-02-26T00:00:00|Long,V,2024-02-26,Long,-0.003448813970789666,7.045409706152306e-05,-0.009185238105313243,True,-0.005314021750769227,0.006968189438179007,-0.009185238105313243,True,-0.012739733221695082,0.006968189438179007,-0.021185955104630283,True,-0.01263415947564106,0.006968189438179007,-0.028118917494278528,True,-0.010346656711445523,0.02396620695010343,-0.028118917494278528,True,20,True,False,True,False,True,False,,5,STOP_BEFORE_TARGET,False,False,False,False,True,,,NEITHER,2024-02-27,2024-02-29,2024-03-04,2024-03-11,2024-03-25
V|2024-02-27T00:00:00|Long,V,2024-02-27,Long,0.008687330361362378,0.010453054047806276,-0.0038493724751224034,True,-3.5348960519598904e-05,0.010453054047806276,-0.0038493724751224034,True,-0.01338421571918702,0.010453054047806276,-0.019387719361584788,True,0.002648585529665848,0.010453054047806276,-0.024755480570734845,True,-0.009075845613414901,0.027509897439517372,-0.024755480570734845,True,20,True,False,True,False,True,False,,7,STOP_BEFORE_TARGET,False,False,False,False,True,,,NEITHER,2024-02-28,2024-03-01,2024-03-05,2024-03-12,2024-03-26
V|2024-02-28T00:00:00|Long,V,2024-02-28,Long,-0.010468053717261672,0.0001050267086231127,-0.01207860570687147,True,-0.01785528836722894,0.0001050267086231127,-0.026257745586207193,True,-0.01820541301031975,0.0001050267086231127,-0.02783325305859574,True,-0.0017154718551926074,0.0016454896637905225,-0.033154784367239176,True,-0.02314188200169154,0.01866045751899348,-0.033154784367239176,True,20,True,False,True,False,True,False,,3,STOP_BEFORE_TARGET,False,True,False,True,False,,6,STOP_BEFORE_TARGET,2024-02-29,2024-03-04,2024-03-06,2024-03-13,2024-03-27
V|2024-02-29T00:00:00|Long,V,2024-02-29,Long,0.0018397572414461383,0.008031378771669706,-0.0018752804606746443,True,-0.01153414094490468,0.008031378771669706,-0.017548902192160543,True,-0.015496761448518082,0.008031378771669706,-0.022926728879448688,True,0.013338482940432828,0.02264362285872723,-0.022926728879448688,True,-0.012595626562643791,0.02943665572969012,-0.022926728879448688,True,20,True,False,True,False,True,False,,5,STOP_BEFORE_TARGET,False,False,False,False,True,,,NEITHER,2024-03-01,2024-03-05,2024-03-07,2024-03-14,2024-03-28
V|2024-03-01T00:00:00|Long,V,2024-03-01,Long,-0.009288052157079507,-0.0005650644866508348,-0.01776380390678023,True,-0.009641230933115086,-0.0005650644866508348,-0.019353054511425105,True,-0.011018488052113917,-0.0005650644866508348,-0.024721005472061686,True,-0.0004237714212304011,0.020765661840536742,-0.024721005472061686,True,-0.0172340896302422,0.02754622013028496,-0.024721005472061686,True,20,True,False,True,False,True,False,,4,STOP_BEFORE_TARGET,False,False,False,False,True,,,NEITHER,2024-03-04,2024-03-06,2024-03-08,2024-03-15,2024-04-01
V|2024-03-04T00:00:00|Long,V,2024-03-04,Long,-0.004099361570913951,0.0016397228712783374,-0.010159363048220071,True,-0.008091787058601696,0.005240085648949178,-0.015577639240734187,True,0.00010693608322598358,0.005240085648949178,-0.015577639240734187,True,0.01611231965686466,0.03033547143854709,-0.015577639240734187,True,-0.007450170559245239,0.037179598335887354,-0.015577639240734187,True,20,True,True,False,True,False,False,8,,TARGET_BEFORE_STOP,False,False,False,False,True,,,NEITHER,2024-03-05,2024-03-07,2024-03-11,2024-03-18,2024-04-02
V|2024-03-05T00:00:00|Long,V,2024-03-05,Long,0.0037582782397371783,0.009377890584139958,-0.0002505810115083218,True,0.002362386894460222,0.009377890584139958,-0.011525524963942102,True,0.016250298752862546,0.018254728378485297,-0.011525524963942102,True,0.02852745751810759,0.034576574891826306,-0.011525524963942102,True,-0.00866208527968726,0.04144887382732665,-0.011525524963942102,True,20,True,True,False,True,False,False,7,,TARGET_BEFORE_STOP,False,False,False,False,True,,,NEITHER,2024-03-06,2024-03-08,2024-03-12,2024-03-19,2024-04-03
V|2024-03-06T00:00:00|Long,V,2024-03-06,Long,-0.007738055724535453,0.0026388787621896004,-0.015226577488837378,True,0.00046359122136707676,0.00442185495253633,-0.015226577488837378,True,0.016795714066511147,0.02021899788119219,-0.015226577488837378,True,0.03155870033398167,0.03366259917968306,-0.015226577488837378,True,-0.022929047690042448,0.03754947421573096,-0.024498075443485923,True,20,True,True,True,True,False,False,6,20,TARGET_BEFORE_STOP,False,False,False,False,True,,,NEITHER,2024-03-07,2024-03-11,2024-03-13,2024-03-20,2024-04-04
V|2024-03-07T00:00:00|Long,V,2024-03-07,Long,0.006396890378880249,0.012254738526680686,0.002048360478103639,True,0.020340701011534845,0.022353198456156687,-0.0009703856888291229,True,0.02928913106611697,0.03874074031829711,-0.0009703856888291229,True,0.04352039433105248,0.04564070022189015,-0.0009703856888291229,True,-0.004024994889243572,0.04564070022189015,-0.016890721059738434,True,20,True,True,False,True,False,False,5,,TARGET_BEFORE_STOP,False,False,False,False,True,,,NEITHER,2024-03-08,2024-03-12,2024-03-14,2024-03-21,2024-04-05
V|2024-03-08T00:00:00|Long,V,2024-03-08,Long,0.0018568383009760492,0.002606700637323156,-0.007320447964555887,True,0.018211705284595148,0.021639756369389085,-0.007320447964555887,True,0.010712754993787765,0.03213826498136352,-0.007320447964555887,True,0.01149836138569671,0.03899436715095139,-0.007320447964555887,True,-0.008141689436247601,0.03899436715095139,-0.023139590017862255,True,20,True,True,True,True,False,False,4,18,TARGET_BEFORE_STOP,False,False,False,False,True,,,NEITHER,2024-03-11,2024-03-13,2024-03-15,2024-03-22,2024-04-08
V|2024-03-11T00:00:00|Long,V,2024-03-11,Long,0.011976104570784019,0.013972103870280694,-0.0009623218421060953,True,0.020851176769396185,0.030225303179784557,-0.0009623218421060953,True,0.01600367220361587,0.030225303179784557,-0.0009623218421060953,True,0.002316773246865411,0.03706869827125803,-0.0018533968427315584,True,-0.01368689895675046,0.03706869827125803,-0.025805497210495854,True,20,True,True,True,True,False,False,3,17,TARGET_BEFORE_STOP,False,False,False,False,True,,,NEITHER,2024-03-12,2024-03-14,2024-03-18,2024-03-25,2024-04-09
V|2024-03-12T00:00:00|Long,V,2024-03-12,Long,0.004296989162455356,0.007678193056778415,-0.0003522333713226189,True,-0.0030994816891852794,0.018033230751768325,-0.004508307687942081,True,0.012080841481977078,0.018033230751768325,-0.004508307687942081,True,-0.011693460014095769,0.024795638540414666,-0.019406908653966548,True,-0.03324880950602305,0.024795638540414666,-0.037334480142991455,True,20,True,False,True,False,True,False,,11,STOP_BEFORE_TARGET,False,True,False,True,False,,16,STOP_BEFORE_TARGET,2024-03-13,2024-03-15,2024-03-19,2024-03-26,2024-04-10
V|2024-03-13T00:00:00|Long,V,2024-03-13,Long,0.004453913686010447,0.013677469650455354,-0.0020692530867553183,True,-0.0003157285924241249,0.013677469650455354,-0.008767622471656189,True,0.014519127159208889,0.01658827321932277,-0.008767622471656189,True,-0.02146322971299308,0.020410943773767842,-0.02861753259068256,True,-0.03317676049192875,0.020410943773767842,-0.04545143195224732,True,20,True,False,True,False,True,False,,9,STOP_BEFORE_TARGET,False,True,False,True,False,,14,STOP_BEFORE_TARGET,2024-03-14,2024-03-18,2024-03-20,2024-03-27,2024-04-11
V|2024-03-14T00:00:00|Long,V,2024-03-14,Long,-0.01176633174155195,-0.002723364300560749,-0.013162909694032554,True,0.003282016791966491,0.005760950649024599,-0.013162909694032554,True,0.013826302868072737,0.015886273994593303,-0.013162909694032554,True,-0.02559274116169241,0.015886273994593303,-0.032924802050232294,True,-0.03648619836393563,0.015886273994593303,-0.049684057136202164,True,20,True,False,True,False,True,False,,7,STOP_BEFORE_TARGET,False,True,False,True,False,,9,STOP_BEFORE_TARGET,2024-03-15,2024-03-19,2024-03-21,2024-03-28,2024-04-12
V|2024-03-15T00:00:00|Long,V,2024-03-15,Long,0.007101396224441725,0.011270500088682578,0.0007419143892684055,True,0.02204631870403806,0.02413081672579742,0.0007419143892684055,True,0.0007772795861409332,0.02798184945962956,-0.0005299388494773849,True,-0.016817444961564565,0.02798184945962956,-0.022081683900910587,True,-0.04154893093058443,0.02798184945962956,-0.04487002481493918,True,20,True,False,True,False,True,False,,8,STOP_BEFORE_TARGET,False,True,False,True,False,,13,STOP_BEFORE_TARGET,2024-03-18,2024-03-20,2024-03-22,2024-04-01,2024-04-15
V|2024-03-18T00:00:00|Long,V,2024-03-18,Long,0.008068824448494105,0.01055958566751869,0.0007016741469798582,True,0.018663418881051275,0.020733218436065348,0.0007016741469798582,True,-0.013471308550553673,0.020733218436065348,-0.017575791835099497,True,-0.02318886382960772,0.020733218436065348,-0.028977300830639208,True,-0.04806168137570099,0.020733218436065348,-0.05220128048572892,True,20,True,False,True,False,True,False,,6,STOP_BEFORE_TARGET,False,True,False,True,False,,12,STOP_BEFORE_TARGET,2024-03-19,2024-03-21,2024-03-25,2024-04-02,2024-04-16
V|2024-03-19T00:00:00|Long,V,2024-03-19,Long,0.006716522132545144,0.008769754515905781,-0.0021924651798529426,True,-0.014233500090538476,0.012563025143148998,-0.015521111398450582,True,-0.023490516292414387,0.012563025143148998,-0.031111892296900368,True,-0.036158045685562246,0.012563025143148998,-0.037550055039967,True,-0.051017934055056946,0.012563025143148998,-0.05978768857096284,True,20,True,False,True,False,True,False,,4,STOP_BEFORE_TARGET,False,True,False,True,False,,5,STOP_BEFORE_TARGET,2024-03-20,2024-03-22,2024-03-26,2024-04-03,2024-04-17
V|2024-03-20T00:00:00|Long,V,2024-03-20,Long,0.0037679630202231973,0.0058074968296131235,-0.004770481501091828,True,-0.027896872781639104,0.0058074968296131235,-0.03194133805781907,True,-0.035467401164685275,0.0058074968296131235,-0.04251931638852391,True,-0.052820792463272204,0.0058074968296131235,-0.05434181860840137,True,-0.06191234699144765,0.0058074968296131235,-0.06713223696654769,True,20,True,False,True,False,True,False,,2,STOP_BEFORE_TARGET,False,True,False,True,False,,3,STOP_BEFORE_TARGET,2024-03-21,2024-03-25,2024-03-27,2024-04-04,2024-04-18
V|2024-03-21T00:00:00|Long,V,2024-03-21,Long,-0.02448595058416092,0.0004132490243664577,-0.025760170108937164,True,-0.03364668932039239,0.0004132490243664577,-0.04118879931189623,True,-0.03888145722620362,0.0004132490243664577,-0.0461135253504944,True,-0.04556249161835968,0.0004132490243664577,-0.05789164803963154,True,-0.07090951780186827,0.0004132490243664577,-0.07604086835264978,True,20,True,False,True,False,True,False,,1,STOP_BEFORE_TARGET,False,True,False,True,False,,2,STOP_BEFORE_TARGET,2024-03-22,2024-03-26,2024-03-28,2024-04-05,2024-04-19
V|2024-03-22T00:00:00|Long,V,2024-03-22,Long,-0.007237231659502852,0.0008472436139981276,-0.011367652014724672,True,-0.014968652848177944,0.0030713658377239383,-0.02217043904112359,True,-0.01758105914932606,0.0030713658377239383,-0.022841209481199054,True,-0.019416789558649006,0.0030713658377239383,-0.03424419922550037,True,-0.03858653822120217,0.0030713658377239383,-0.05284897516274745,True,20,True,False,True,False,True,False,,3,STOP_BEFORE_TARGET,False,True,False,True,False,,8,STOP_BEFORE_TARGET,2024-03-25,2024-03-27,2024-04-01,2024-04-08,2024-04-22
V|2024-03-25T00:00:00|Long,V,2024-03-25,Long,-0.0021691453721335296,0.010383747080340955,-0.009956928551793753,True,-0.007574428176577608,0.010383747080340955,-0.015042070329231993,True,-0.009850251050252501,0.010383747080340955,-0.015717730679787434,True,-0.015966681024177865,0.010383747080340955,-0.028057268129179413,True,-0.025248057747798147,0.010383747080340955,-0.04594425270348246,True,20,True,False,True,False,True,False,,7,STOP_BEFORE_TARGET,False,True,False,True,False,,12,STOP_BEFORE_TARGET,2024-03-26,2024-03-28,2024-04-02,2024-04-09,2024-04-23
V|2024-03-26T00:00:00|Long,V,2024-03-26,Long,-0.0056308519439620675,0.0023164429164146405,-0.012900908903943686,True,-0.008268023071114516,0.0023164429164146405,-0.013578038046044183,True,-0.012972254345193002,0.0023164429164146405,-0.014397749312348496,True,-0.02181038839653404,0.0023164429164146405,-0.0259443999320913,True,-0.019886019132106636,0.008553078561227778,-0.04387026832085128,True,20,True,False,True,False,True,False,,6,STOP_BEFORE_TARGET,False,True,False,True,False,,11,STOP_BEFORE_TARGET,2024-03-27,2024-04-01,2024-04-03,2024-04-10,2024-04-24
V|2024-03-27T00:00:00|Long,V,2024-03-27,Long,0.00021502960703934093,0.0027954942656767123,-0.006809526095964635,True,-0.0020786559927690185,0.006702120666609357,-0.007992188934681455,True,-0.01799150315867115,0.006702120666609357,-0.01956845985973643,True,-0.011970455413239156,0.006702120666609357,-0.02451435956997139,True,-0.013834081798968723,0.014264250387211908,-0.03845595617245989,True,20,True,False,True,False,True,False,,8,STOP_BEFORE_TARGET,False,True,False,True,False,,12,STOP_BEFORE_TARGET,2024-03-28,2024-04-02,2024-04-04,2024-04-11,2024-04-25
V|2024-03-28T00:00:00|Long,V,2024-03-28,Long,-0.0028665179570718236,0.006485696442812383,-0.008205454126144485,True,-0.0075963710018258634,0.006485696442812383,-0.00902962998036172,True,-0.006951311513431646,0.006485696442812383,-0.019779236345356943,True,-0.011179573123490938,0.006485696442812383,-0.02472407276935884,True,-0.016339392926740692,0.014046200431213407,-0.038662672160297507,True,20,True,False,True,False,True,False,,7,STOP_BEFORE_TARGET,False,True,False,True,False,,11,STOP_BEFORE_TARGET,2024-04-01,2024-04-03,2024-04-05,2024-04-12,2024-04-26
V|2024-04-01T00:00:00|Long,V,2024-04-01,Long,0.0005749736337905542,0.00377313424455461,-0.004671509985163413,True,-0.015380188292624442,0.007905750383361498,-0.016961338369296697,True,-0.0018685820610638837,0.007905750383361498,-0.016961338369296697,True,-0.025154520737049713,0.007905750383361498,-0.028532422294939908,True,-0.02314216785128631,0.016961338369296586,-0.035899059501930064,True,20,True,False,True,False,True,False,,8,STOP_BEFORE_TARGET,False,True,False,True,False,,13,STOP_BEFORE_TARGET,2024-04-02,2024-04-04,2024-04-08,2024-04-15,2024-04-29
V|2024-04-02T00:00:00|Long,V,2024-04-02,Long,-0.0053153676675447015,0.00732656416834776,-0.00675192093926269,True,-0.004668825533580834,0.00732656416834776,-0.017526234880131608,True,-0.006177277710177731,0.00732656416834776,-0.018388144922764527,True,-0.02546328212801463,0.00732656416834776,-0.02970115264027906,True,-0.03530389672336087,0.01637694842196158,-0.03645307357954175,True,20,True,False,True,False,True,False,,7,STOP_BEFORE_TARGET,False,True,False,True,False,,12,STOP_BEFORE_TARGET,2024-04-03,2024-04-05,2024-04-09,2024-04-16,2024-04-30
V|2024-04-03T00:00:00|Long,V,2024-04-03,Long,-0.010687433370888955,0.007654517557029061,-0.012276119300198007,True,0.002888569956778886,0.007654517557029061,-0.012276119300198007,True,-0.00895429139682169,0.007654517557029061,-0.013142635193393093,True,-0.015417349600707397,0.007654517557029061,-0.0245160970422873,True,-0.03480641402468754,0.021808234876052657,-0.03700895550346128,True,20,True,False,True,False,True,False,,8,STOP_BEFORE_TARGET,False,True,False,True,False,,12,STOP_BEFORE_TARGET,2024-04-04,2024-04-08,2024-04-10,2024-04-17,2024-05-01
V|2024-04-04T00:00:00|Long,V,2024-04-04,Long,0.011459907476049302,0.014452523558679209,0.0037591196324704423,True,0.009927011754391035,0.014598540145985384,-0.0024817250940921687,True,0.00613136013058857,0.014598540145985384,-0.006642362497148668,True,-0.009598557966469023,0.014598540145985384,-0.015109542512545593,True,-0.023321221344662413,0.03284671532846706,-0.02682483979385264,True,20,True,True,True,False,True,False,14,11,STOP_BEFORE_TARGET,False,False,False,False,True,,,NEITHER,2024-04-05,2024-04-09,2024-04-11,2024-04-18,2024-05-02
V|2024-04-05T00:00:00|Long,V,2024-04-05,Long,0.0022371187285026295,0.0030309457079165103,-0.007180560896186461,True,-0.009598049799786956,0.0031030717547353426,-0.013783672953415205,True,-0.004257859316548984,0.0031030717547353426,-0.017897170060224732,True,-0.02655703067085813,0.0031030717547353426,-0.03193333923555641,True,-0.031211748419063157,0.021144493908597406,-0.0383921991991476,True,20,True,False,True,False,True,False,,6,STOP_BEFORE_TARGET,False,True,False,True,False,,10,STOP_BEFORE_TARGET,2024-04-08,2024-04-10,2024-04-12,2024-04-19,2024-05-03
V|2024-04-08T00:00:00|Long,V,2024-04-08,Long,-0.0037442702633810887,0.0008640201106613343,-0.01598503126909001,True,-0.007488540526762177,0.0008640201106613343,-0.02008934653534966,True,-0.023329531820638905,0.0008640201106613343,-0.02671375708114143,True,-0.0195493339661863,0.0008640201106613343,-0.03409418522376184,True,-0.01832515898233722,0.018865171551500692,-0.04053862820326881,True,20,True,False,True,False,True,False,,3,STOP_BEFORE_TARGET,False,True,False,True,False,,9,STOP_BEFORE_TARGET,2024-04-09,2024-04-11,2024-04-15,2024-04-22,2024-05-06
V|2024-04-09T00:00:00|Long,V,2024-04-09,Long,-0.008094789767612243,0.00036139817531966045,-0.009395801142115245,True,-0.002746493792542437,0.0010118487209516136,-0.016406506667007825,True,-0.01940587992735865,0.004300384634853938,-0.02367009165970868,True,-0.00943197404461904,0.004300384634853938,-0.03046398033605724,True,-0.0009396131991833423,0.022694415841260973,-0.03693264373958993,True,20,True,False,True,False,True,False,,4,STOP_BEFORE_TARGET,False,True,False,True,False,,8,STOP_BEFORE_TARGET,2024-04-10,2024-04-12,2024-04-16,2024-04-23,2024-05-07
V|2024-04-10T00:00:00|Long,V,2024-04-10,Long,0.004371836350272051,0.007286505100364549,-0.008379547575365853,True,-0.011658452633880989,0.012496329563146613,-0.015083118925711902,True,-0.00652145319613473,0.012496329563146613,-0.015702409596626055,True,0.0019672763251625813,0.03104047170158508,-0.02255174218028788,True,0.009873183279685671,0.03104047170158508,-0.0290731953764225,True,20,True,True,True,False,True,False,10,7,STOP_BEFORE_TARGET,False,False,False,False,True,,,NEITHER,2024-04-11,2024-04-15,2024-04-17,2024-04-24,2024-05-08
V|2024-04-11T00:00:00|Long,V,2024-04-11,Long,0.0010156659414386482,0.004788186880761991,-0.005876360853987461,True,-0.015706568076407357,0.008089128865259365,-0.019986866636807377,True,-0.015634060044620646,0.008089128865259365,-0.02111146067485381,True,-0.0018862051200190244,0.026552551939551083,-0.026806385400446886,True,0.010374404908317647,0.026552551939551083,-0.03329945197211881,True,20,True,False,True,False,True,False,,5,STOP_BEFORE_TARGET,False,True,False,True,False,,14,STOP_BEFORE_TARGET,2024-04-12,2024-04-16,2024-04-18,2024-04-25,2024-05-09
V|2024-04-12T00:00:00|Long,V,2024-04-12,Long,-0.01695895354650745,0.007066285937860961,-0.020365253265716032,True,-0.011849503967694464,0.007066285937860961,-0.020981222664975596,True,-0.02239452408733411,0.007066285937860961,-0.027793822103392873,True,-0.005218156566150878,0.025510975369296807,-0.027793822103392873,True,0.017321347033288914,0.025510975369296807,-0.03428030057979636,True,20,True,False,True,False,True,False,,1,STOP_BEFORE_TARGET,False,True,False,True,False,,13,STOP_BEFORE_TARGET,2024-04-15,2024-04-17,2024-04-19,2024-04-26,2024-05-10
V|2024-04-15T00:00:00|Long,V,2024-04-15,Long,0.0002580629774910914,0.010505773062297497,-0.004091659379818591,True,0.00033174704473459826,0.010505773062297497,-0.0052344936380276375,True,0.0038704946833290066,0.010505773062297497,-0.011021786522520394,True,0.002064278830409938,0.04320259979888186,-0.011021786522520394,True,0.02989536974946172,0.04320259979888186,-0.0176201666204876,True,20,True,True,False,True,False,False,7,,TARGET_BEFORE_STOP,False,False,False,False,True,,,NEITHER,2024-04-16,2024-04-18,2024-04-22,2024-04-29,2024-05-13
V|2024-04-16T00:00:00|Long,V,2024-04-16,Long,0.00493825799797265,0.009765962177548104,0.000552769091986427,True,-0.005785912249509306,0.009765962177548104,-0.011276939339468495,True,0.010171288689759583,0.013045912899561252,-0.011276939339468495,True,-0.010097736098475862,0.04293345728556974,-0.011276939339468495,True,0.023548863044512647,0.04293345728556974,-0.017873617079136594,True,20,True,True,False,True,False,False,6,,TARGET_BEFORE_STOP,False,False,False,False,True,,,NEITHER,2024-04-17,2024-04-19,2024-04-23,2024-04-30,2024-05-14
V|2024-04-17T00:00:00|Long,V,2024-04-17,Long,-0.004840688372880098,0.0016868658585198482,-0.010378147583360087,True,-0.0013202386076400785,0.003923896419520068,-0.016135515996519967,True,0.008544451763560001,0.03780849120351992,-0.016135515996519967,True,-0.019692673252079906,0.03780849120351992,-0.021929703813080126,True,0.032307739483359965,0.03780849120351992,-0.022699777718240055,True,20,True,True,True,True,False,False,5,10,TARGET_BEFORE_STOP,False,False,False,False,True,,,NEITHER,2024-04-18,2024-04-22,2024-04-24,2024-05-01,2024-05-15
V|2024-04-18T00:00:00|Long,V,2024-04-18,Long,-0.005859145692227341,0.0023215716333724323,-0.011349768315157993,True,0.010096879845510554,0.012971292311553917,-0.011349768315157993,True,0.01396620338694854,0.042856635192075165,-0.011349768315157993,True,-0.013855657711904668,0.042856635192075165,-0.017393231770759576,True,0.03121200343849906,0.042856635192075165,-0.017945960145978823,True,20,True,True,False,True,False,False,4,,TARGET_BEFORE_STOP,False,False,False,False,True,,,NEITHER,2024-04-19,2024-04-23,2024-04-25,2024-05-02,2024-05-16
V|2024-04-19T00:00:00|Long,V,2024-04-19,Long,0.00945210098786764,0.014752802299417667,-0.0015568738588288555,True,0.019423197635425105,0.04900289599125629,-0.0015568738588288555,True,0.01756983562837333,0.04900289599125629,-0.0015568738588288555,True,-0.004781705651860424,0.04900289599125629,-0.012158050241449447,True,0.038253418974404374,0.04900289599125629,-0.012158050241449447,True,20,True,True,False,True,False,False,3,,TARGET_BEFORE_STOP,False,False,False,False,True,,,NEITHER,2024-04-22,2024-04-24,2024-04-26,2024-05-03,2024-05-17
V|2024-04-22T00:00:00|Long,V,2024-04-22,Long,0.006536183553273567,0.009400463417173377,0.0013953839149170033,True,0.010391867327811832,0.03918045736363651,-0.0067564955334155075,True,-0.0017992518581679828,0.03918045736363651,-0.0067564955334155075,True,0.0012485839688407552,0.03918045736363651,-0.021407802517988905,True,0.022803298493933477,0.03918045736363651,-0.021407802517988905,True,20,True,True,True,True,False,False,2,7,TARGET_BEFORE_STOP,False,False,False,False,True,,,NEITHER,2024-04-23,2024-04-25,2024-04-29,2024-05-06,2024-05-20
V|2024-04-23T00:00:00|Long,V,2024-04-23,Long,0.0033198486401078142,0.0324322904072083,0.0013863226555761443,True,0.0014957633213672494,0.0324322904072083,-0.013206359894349151,True,-0.020064938506147212,0.0324322904072083,-0.020174379171938317,True,0.00857322326474752,0.0324322904072083,-0.027762525111233116,True,0.006712731946298067,0.0324322904072083,-0.027762525111233116,True,20,True,True,True,True,False,False,1,5,TARGET_BEFORE_STOP,False,False,False,False,True,,,NEITHER,2024-04-24,2024-04-26,2024-04-30,2024-05-07,2024-05-21
V|2024-04-24T00:00:00|Long,V,2024-04-24,Long,0.0005091071704992345,0.004363363591624481,-0.016471525562717138,True,-0.01156276926337585,0.006363173841567482,-0.016471525562717138,True,-0.02799789832392996,0.006363173841567482,-0.030215976621905227,True,0.007890384388119953,0.012835426224678592,-0.030979526412708625,True,0.002036206752106029,0.026761748829736032,-0.030979526412708625,True,20,True,False,True,False,True,False,,4,STOP_BEFORE_TARGET,False,True,False,True,False,,5,STOP_BEFORE_TARGET,2024-04-25,2024-04-29,2024-05-01,2024-05-08,2024-05-22
V|2024-04-25T00:00:00|Long,V,2024-04-25,Long,-0.0023259726701538863,0.005851087840293534,-0.004833613432702943,True,-0.02380439825328018,0.005851087840293534,-0.023913421290413517,True,-0.027438647369034563,0.005851087840293534,-0.030927495465783994,True,0.012283779756606883,0.013192342035545535,-0.031472610651450905,True,-0.003379825059616093,0.026239283052086115,-0.031472610651450905,True,20,True,False,True,False,True,False,,3,STOP_BEFORE_TARGET,False,True,False,True,False,,4,STOP_BEFORE_TARGET,2024-04-26,2024-04-30,2024-05-02,2024-05-09,2024-05-23
V|2024-04-26T00:00:00|Long,V,2024-04-26,Long,-0.009762468246520939,-0.00018209163255600291,-0.012494509737177695,True,-0.026227531610073518,-0.00018209163255600291,-0.02844964982934195,True,-0.02196560913819856,-0.00018209163255600291,-0.029214590319950995,True,0.022657735209195895,0.02371415571235791,-0.029214590319950995,True,-0.00010927721294418102,0.028631852628950627,-0.029214590319950995,True,20,True,False,True,False,True,False,,2,STOP_BEFORE_TARGET,False,False,False,False,True,,,NEITHER,2024-04-29,2024-05-01,2024-05-03,2024-05-10,2024-05-24
V|2024-04-29T00:00:00|Long,V,2024-04-29,Long,-0.011882029980287756,0.0008828363655386529,-0.01199238452598006,True,-0.01556066452072169,0.0008828363655386529,-0.019092122245893517,True,0.0030533295358496915,0.003457925449049215,-0.019643894974355147,True,0.027773758138086357,0.03792671313083251,-0.019643894974355147,True,-0.0031635718185250017,0.03877283948981858,-0.019643894974355147,True,20,True,True,False,True,False,False,9,,TARGET_BEFORE_STOP,False,False,False,False,True,,,NEITHER,2024-04-30,2024-05-02,2024-05-06,2024-05-13,2024-05-28
V|2024-04-30T00:00:00|Long,V,2024-04-30,Long,-0.00480242022892563,0.008562668686856734,-0.007073429880120163,True,-0.00044672619683305825,0.008562668686856734,-0.007855200724578126,True,0.02922455058117568,0.0345110756739635,-0.007855200724578126,True,0.0339898193690118,0.05040768878044655,-0.007855200724578126,True,0.0009307174477255487,0.05126398973302315,-0.007855200724578126,True,20,True,True,False,True,False,False,5,,TARGET_BEFORE_STOP,True,False,True,False,False,9,,TARGET_BEFORE_STOP,2024-05-01,2024-05-03,2024-05-07,2024-05-14,2024-05-29
V|2024-05-01T00:00:00|Long,V,2024-05-01,Long,0.001084759910963351,0.008042772099271955,-0.0025064095816881293,True,0.020013489289736786,0.020424926326056747,-0.0030675119772244352,True,0.03692202172214021,0.04200950232329492,-0.0030675119772244352,True,0.053045010800792936,0.0554765306222631,-0.0030675119772244352,True,0.014888449647253221,0.05633696373623187,-0.0030675119772244352,True,20,True,True,False,True,False,False,4,,TARGET_BEFORE_STOP,True,False,True,False,False,7,,TARGET_BEFORE_STOP,2024-05-02,2024-05-06,2024-05-08,2024-05-15,2024-05-30
V|2024-05-02T00:00:00|Long,V,2024-05-02,Long,0.003288385826322626,0.006875778020956513,-0.004147772550804896,True,0.03307053767776735,0.0383768173588821,-0.004147772550804896,True,0.0408431067286239,0.04177730206394226,-0.004147772550804896,True,0.04570087685727198,0.05519233339460938,-0.004147772550804896,True,0.018123412312676335,0.05519233339460938,-0.004147772550804896,True,20,True,True,False,True,False,False,3,,TARGET_BEFORE_STOP,True,False,True,False,False,6,,TARGET_BEFORE_STOP,2024-05-03,2024-05-07,2024-05-09,2024-05-16,2024-05-31
V|2024-05-03T00:00:00|Long,V,2024-05-03,Long,0.01556863698982025,0.01597828113136357,0.004022559980358942,True,0.0324034881130455,0.037468799301650035,0.004022559980358942,True,0.045625537061201094,0.046705683641968365,0.004022559980358942,True,0.043241894638253786,0.051733826785543835,0.004022559980358942,True,0.007039423133754941,0.051733826785543835,-0.0016015221848899586,True,20,True,True,False,True,False,False,2,,TARGET_BEFORE_STOP,True,False,True,False,False,6,,TARGET_BEFORE_STOP,2024-05-06,2024-05-08,2024-05-10,2024-05-17,2024-06-03
V|2024-05-06T00:00:00|Long,V,2024-05-06,Long,0.013899504311823518,0.019107313597059417,0.0005866913729171142,True,0.021527835215159108,0.022444694377108165,0.0005866913729171142,True,0.024645178750043018,0.03476722779148744,0.0005866913729171142,True,0.021527835215159108,0.035610778512143115,0.0005866913729171142,True,-0.0009168591619490574,0.035610778512143115,-0.016906941145409138,True,20,True,True,False,True,False,False,4,,TARGET_BEFORE_STOP,False,False,False,False,True,,,NEITHER,2024-05-07,2024-05-09,2024-05-13,2024-05-20,2024-06-04
V|2024-05-07T00:00:00|Long,V,2024-05-07,Long,0.002640566479387818,0.007559850982018945,-0.005570346794986358,True,0.01548144003322216,0.01653044731776787,-0.005570346794986358,True,0.004629960279459944,0.02058164876392543,-0.007921589051203104,True,-0.0018446764950065253,0.021413635284353028,-0.007921589051203104,True,-0.007089602530775618,0.021413635284353028,-0.030384121233141603,True,20,True,False,True,False,True,False,,14,STOP_BEFORE_TARGET,False,True,False,True,False,,18,STOP_BEFORE_TARGET,2024-05-08,2024-05-10,2024-05-14,2024-05-21,2024-06-05
V|2024-05-08T00:00:00|Long,V,2024-05-08,Long,0.004870327542931374,0.005772235973243056,-0.002850061466732945,True,0.007936838225239828,0.017893832430434076,-0.002850061466732945,True,0.01554889253087266,0.017893832430434076,-0.010534338908386953,True,-0.005808347541253589,0.01872362782096859,-0.010534338908386953,True,-0.0005411230389381627,0.01872362782096859,-0.032937713490378995,True,20,True,False,True,False,True,False,,13,STOP_BEFORE_TARGET,False,True,False,True,False,,14,STOP_BEFORE_TARGET,2024-05-09,2024-05-13,2024-05-15,2024-05-22,2024-06-06
V|2024-05-09T00:00:00|Long,V,2024-05-09,Long,0.007898261010853336,0.008939434759776876,0.002513038227828668,True,-0.002872184555196,0.012960383574413203,-0.015330004309098588,True,0.00466714925356615,0.013786157177026581,-0.015330004309098588,True,-0.015473531364879833,0.013786157177026581,-0.019781753416354797,True,0.00046673683788411857,0.013786157177026581,-0.03762479595328205,True,20,True,False,True,False,True,False,,12,STOP_BEFORE_TARGET,False,True,False,True,False,,13,STOP_BEFORE_TARGET,2024-05-10,2024-05-14,2024-05-16,2024-05-23,2024-06-07
V|2024-05-10T00:00:00|Long,V,2024-05-10,Long,-0.004808633015946473,0.005022453911650571,-0.00584164774491247,True,0.002707166032849484,0.005022453911650571,-0.02304624010032086,True,-0.0022796329455062603,0.005841756448977442,-0.02304624010032086,True,-0.022262592496288813,0.005841756448977442,-0.027463103666283684,True,-0.020303419134176437,0.005841756448977442,-0.04516632156749523,True,20,True,False,True,False,True,False,,2,STOP_BEFORE_TARGET,False,True,False,True,False,,11,STOP_BEFORE_TARGET,2024-05-13,2024-05-15,2024-05-17,2024-05-24,2024-06-10
V|2024-05-13T00:00:00|Long,V,2024-05-13,Long,-0.005905810256457311,0.0021474482067387335,-0.018325728788869844,True,0.0016105861550541611,0.010701850737713015,-0.018325728788869844,True,-0.003042363931958003,0.010701850737713015,-0.018325728788869844,True,-0.030101303629952114,0.010701850737713015,-0.03278572311768413,True,-0.01689395101196589,0.010701850737713015,-0.0405526915630845,True,20,True,False,True,False,True,False,,8,STOP_BEFORE_TARGET,False,True,False,True,False,,10,STOP_BEFORE_TARGET,2024-05-14,2024-05-16,2024-05-20,2024-05-28,2024-06-11
V|2024-05-14T00:00:00|Long,V,2024-05-14,Long,0.013537876783433545,0.014366028992029767,-0.002412266629630344,True,0.008497213048610952,0.016706325381958598,-0.002412266629630344,True,-0.006444797617488396,0.016706325381958598,-0.01029734806697824,True,-0.03197236694405792,0.016706325381958598,-0.034132572917390025,True,-0.026715572733673643,0.016706325381958598,-0.034852714827319775,True,20,True,False,True,False,True,False,,9,STOP_BEFORE_TARGET,False,True,False,True,False,,10,STOP_BEFORE_TARGET,2024-05-15,2024-05-17,2024-05-21,2024-05-29,2024-06-12
V|2024-05-15T00:00:00|Long,V,2024-05-15,Long,-0.005896993471081302,0.0031261274700267183,-0.007957336534191839,True,-0.010515067335979178,0.0031261274700267183,-0.012078131070992426,True,-0.02103024308253776,0.0031261274700267183,-0.023516856544182896,True,-0.03623450162355679,0.0031261274700267183,-0.0470337130883659,True,-0.0366252133520204,0.0031261274700267183,-0.04774423602630995,True,20,True,False,True,False,True,False,,4,STOP_BEFORE_TARGET,False,True,False,True,False,,6,STOP_BEFORE_TARGET,2024-05-16,2024-05-20,2024-05-22,2024-05-30,2024-06-13
V|2024-05-16T00:00:00|Long,V,2024-05-16,Long,0.0009291372535291664,0.003823639716342697,-0.006217803949204126,True,-0.013900743931408721,0.003823639716342697,-0.01772438364775142,True,-0.020047117727906127,0.003823639716342697,-0.024335326071013297,True,-0.0263722304866727,0.003823639716342697,-0.041380741580211655,True,-0.03280443394766541,0.003823639716342697,-0.042095479321952234,True,20,True,False,True,False,True,False,,5,STOP_BEFORE_TARGET,False,True,False,True,False,,7,STOP_BEFORE_TARGET,2024-05-17,2024-05-21,2024-05-23,2024-05-31,2024-06-14
V|2024-05-17T00:00:00|Long,V,2024-05-17,Long,-0.005569430648342144,0.0006068650712325319,-0.006854742541579251,True,-0.016137163272961663,0.0006068650712325319,-0.018636205308663834,True,-0.02002861744696771,0.0006068650712325319,-0.025241010960942,True,-0.03470189578329008,0.0006068650712325319,-0.042984677909904345,True,-0.0318814440599513,0.0008210655613660744,-0.042984677909904345,True,20,True,False,True,False,True,False,,4,STOP_BEFORE_TARGET,False,True,False,True,False,,6,STOP_BEFORE_TARGET,2024-05-20,2024-05-22,2024-05-24,2024-06-03,2024-06-17
V|2024-05-20T00:00:00|Long,V,2024-05-20,Long,-0.009298471524506025,-0.000394973309993607,-0.013139956738096759,True,-0.015473531364879833,-0.000394973309993607,-0.019781753416354797,True,-0.02714151406143328,-0.000394973309993607,-0.029834125452945615,True,-0.021971691424718554,-0.000394973309993607,-0.03762479595328205,True,-0.017663578935881663,0.006426286969310135,-0.03762479595328205,True,20,True,False,True,False,True,False,,5,STOP_BEFORE_TARGET,False,True,False,True,False,,6,STOP_BEFORE_TARGET,2024-05-21,2024-05-23,2024-05-28,2024-06-04,2024-06-18
V|2024-05-21T00:00:00|Long,V,2024-05-21,Long,-0.0013409154498895681,0.007718696397941649,-0.003007853064420307,True,-0.005290892944628256,0.007718696397941649,-0.01058167529829146,True,-0.02569315652049864,0.007718696397941649,-0.027867374891206165,True,-0.005254619108128078,0.007718696397941649,-0.028592188075418634,True,0.0031527272284908037,0.015872347060989833,-0.028592188075418634,True,20,True,False,True,False,True,False,,4,STOP_BEFORE_TARGET,False,False,False,False,True,,,NEITHER,2024-05-22,2024-05-24,2024-05-29,2024-06-05,2024-06-20
V|2024-05-22T00:00:00|Long,V,2024-05-22,Long,-0.004898670628186164,0.006749459176175865,-0.009253167563748499,True,-0.0166919798609223,0.006749459176175865,-0.019413512760784513,True,-0.015530876652301906,0.006749459176175865,-0.02656207694066748,True,0.005297997110807584,0.006749459176175865,-0.0272878633430802,True,-0.0013062826369943936,0.01723637503246045,-0.0272878633430802,True,20,True,False,True,False,True,False,,4,STOP_BEFORE_TARGET,False,False,False,False,True,,,NEITHER,2024-05-23,2024-05-28,2024-05-30,2024-06-06,2024-06-21
V|2024-05-23T00:00:00|Long,V,2024-05-23,Long,0.0009480335398441841,0.0036829639630406863,-0.0032090028354204714,True,-0.019582195309153616,0.0036829639630406863,-0.02177005062002768,True,-0.00645450702089001,0.0036829639630406863,-0.02177005062002768,True,0.01619079700809123,0.022244011747647896,-0.02249940991338828,True,0.007548323391723288,0.022462908563339212,-0.02249940991338828,True,20,True,False,True,False,True,False,,3,STOP_BEFORE_TARGET,False,False,False,False,True,,,NEITHER,2024-05-24,2024-05-29,2024-05-31,2024-06-07,2024-06-24
V|2024-05-24T00:00:00|Long,V,2024-05-24,Long,-0.012787275940553844,-0.00010928915575847409,-0.015519616013718651,True,-0.01162156200553055,-0.00010928915575847409,-0.02269656705306633,True,-0.014973170234926059,-0.00010928915575847409,-0.023425235544257794,True,0.00200378276117541,0.02127580802820561,-0.023425235544257794,True,-0.003497364163474348,0.02149449751892485,-0.023425235544257794,True,20,True,False,True,False,True,False,,2,STOP_BEFORE_TARGET,False,False,False,False,True,,,NEITHER,2024-05-28,2024-05-30,2024-06-03,2024-06-10,2024-06-25
V|2024-05-28T00:00:00|Long,V,2024-05-28,Long,-0.007823549888602677,0.0005904629700432817,-0.010037645252145011,True,0.005461585389132884,0.006568745690200384,-0.010037645252145011,True,0.005314054111094313,0.007934142037483438,-0.010775752119523307,True,0.013617249582266844,0.03450429997365845,-0.010775752119523307,True,0.009668591818455807,0.03472582212930875,-0.010775752119523307,True,20,True,True,False,True,False,False,8,,TARGET_BEFORE_STOP,False,False,False,False,True,,,NEITHER,2024-05-29,2024-05-31,2024-06-04,2024-06-11,2024-06-26
V|2024-05-29T00:00:00|Long,V,2024-05-29,Long,0.00907536477849491,0.010340063409732814,-0.00204562903717187,True,0.00565357291551738,0.015881945116029472,-0.002975481055400242,True,0.02097751601474873,0.02257683424434309,-0.002975481055400242,True,0.005430417511728791,0.0426616151366106,-0.002975481055400242,True,-0.008443015462876069,0.042884884047725835,-0.008777748568559063,True,20,True,True,False,True,False,False,6,,TARGET_BEFORE_STOP,False,False,False,False,True,,,NEITHER,2024-05-30,2024-06-03,2024-06-05,2024-06-12,2024-06-27
V|2024-05-30T00:00:00|Long,V,2024-05-30,Long,0.004275723237387563,0.0053815777307384405,-0.008440759787616492,True,0.004128365960784031,0.006745363701380791,-0.011942463620188137,True,0.021157467785562156,0.021562869025927967,-0.011942463620188137,True,-0.00040540124036581027,0.03328418424474,-0.011942463620188137,True,-0.03254694791583945,0.033505445132586686,-0.03704381955460312,True,20,True,True,True,True,False,False,6,20,TARGET_BEFORE_STOP,False,True,False,True,False,,20,STOP_BEFORE_TARGET,2024-05-31,2024-06-04,2024-06-06,2024-06-13,2024-06-28
V|2024-05-31T00:00:00|Long,V,2024-05-31,Long,-0.007634099087933666,0.0024591259221442563,-0.016149137614613118,True,0.007487369187773929,0.009065555671172287,-0.016149137614613118,True,0.022792417850017177,0.02888495692581361,-0.016149137614613118,True,-0.006606429749028031,0.02888495692581361,-0.016149137614613118,True,-0.03383983524136336,0.029105275791168284,-0.04114362404260141,True,20,True,False,True,False,True,False,,18,STOP_BEFORE_TARGET,False,True,False,True,False,,19,STOP_BEFORE_TARGET,2024-06-03,2024-06-05,2024-06-07,2024-06-14,2024-07-01
V|2024-06-03T00:00:00|Long,V,2024-06-03,Long,0.007544968222801929,0.009653026497627781,-0.003957420315464977,True,0.02463201250771463,0.025038793148206784,-0.003957420315464977,True,0.01723501582200626,0.036799990789872394,-0.003957420315464977,True,0.0029218452942343376,0.036799990789872394,-0.005103945772212737,True,-0.007951748863294195,0.03702200453011861,-0.033767307929333024,True,20,True,True,True,True,False,False,4,18,TARGET_BEFORE_STOP,False,True,False,True,False,,18,STOP_BEFORE_TARGET,2024-06-04,2024-06-06,2024-06-10,2024-06-17,2024-07-02
V|2024-06-04T00:00:00|Long,V,2024-06-04,Long,0.007635219402914339,0.009213637487440751,-0.0014684105217864785,True,0.02294251410298065,0.029035947267617157,-0.0014684105217864785,True,0.008259305077073176,0.029035947267617157,-0.0014684105217864785,True,0.004404895493375527,0.029035947267617157,-0.012554193007708658,True,-0.012590936877951764,0.02925629846508082,-0.04100291049540483,True,20,True,False,True,False,True,False,,16,STOP_BEFORE_TARGET,False,True,False,True,False,,17,STOP_BEFORE_TARGET,2024-06-05,2024-06-07,2024-06-11,2024-06-18,2024-07-03
V|2024-06-05T00:00:00|Long,V,2024-06-05,Long,0.009253218742884872,0.009653893976263594,-0.0015301035618738856,True,0.001967244243795463,0.02123856674778013,-0.004080127931466282,True,-0.015227660021061018,0.02123856674778013,-0.016757763582934904,True,0.008451757100979007,0.02123856674778013,-0.02003642987249543,True,-0.015082020577185773,0.02145724826388884,-0.04826958105646628,True,20,True,False,True,False,True,False,,8,STOP_BEFORE_TARGET,False,True,False,True,False,,16,STOP_BEFORE_TARGET,2024-06-06,2024-06-10,2024-06-12,2024-06-20,2024-07-05
V|2024-06-06T00:00:00|Long,V,2024-06-06,Long,0.00588364435654487,0.011875461759561334,-0.0006498093697906437,True,-0.008554703451083667,0.011875461759561334,-0.01739823554559694,True,-0.021116105699827248,0.011875461759561334,-0.02786601567495739,True,-0.006569474689875454,0.011875461759561334,-0.029021109936972156,True,-0.038406058043101154,0.012092138320059398,-0.05699540881425269,True,20,True,False,True,False,True,False,,4,STOP_BEFORE_TARGET,False,True,False,True,False,,14,STOP_BEFORE_TARGET,2024-06-07,2024-06-11,2024-06-13,2024-06-21,2024-07-08
V|2024-06-07T00:00:00|Long,V,2024-06-07,Long,-0.013026176868340511,-0.00039478904740197773,-0.018983056267350085,True,-0.029963776872896197,-0.00039478904740197773,-0.03147098399061965,True,-0.02874370897356049,-0.00039478904740197773,-0.033731739911442404,True,-0.008504774538219961,0.00617217905703793,-0.03470058837257006,True,-0.04747554580270252,0.00617217905703793,-0.06251125915365774,True,20,True,False,True,False,True,False,,2,STOP_BEFORE_TARGET,False,True,False,True,False,,3,STOP_BEFORE_TARGET,2024-06-10,2024-06-12,2024-06-14,2024-06-24,2024-07-09
V|2024-06-10T00:00:00|Long,V,2024-06-10,Long,-0.0013452410765434353,-0.0006545345686679305,-0.010253080412329085,True,-0.01399798568900501,0.009307727890706552,-0.02079697877761255,True,-0.01407066243802646,0.009307727890706552,-0.021960472503168127,True,-0.005490145865009177,0.019451737701069005,-0.021960472503168127,True,-0.04377548055142455,0.019451737701069005,-0.0601003427346718,True,20,True,False,True,False,True,False,,3,STOP_BEFORE_TARGET,False,True,False,True,False,,12,STOP_BEFORE_TARGET,2024-06-11,2024-06-13,2024-06-17,2024-06-25,2024-07-10
V|2024-06-11T00:00:00|Long,V,2024-06-11,Long,-0.01583720788894971,0.010667319083057292,-0.017366364357443764,True,-0.014599372226994256,0.010667319083057292,-0.01966004350701811,True,-0.0038228356180683987,0.010667319083057292,-0.020643001239835534,True,-0.003895610266536287,0.02082499341417199,-0.020643001239835534,True,-0.044125769258588576,0.02082499341417199,-0.05883424790511782,True,20,True,False,True,False,True,False,,4,STOP_BEFORE_TARGET,False,True,False,True,False,,12,STOP_BEFORE_TARGET,2024-06-12,2024-06-14,2024-06-18,2024-06-26,2024-07-11
V|2024-06-12T00:00:00|Long,V,2024-06-12,Long,0.0032183896626787334,0.00569687032264965,-0.003699319225012543,True,0.003144443920113371,0.00569687032264965,-0.004883128471639742,True,0.024045574962581195,0.028558748932866918,-0.004883128471639742,True,-0.013798501351231396,0.03725217169049899,-0.014131426534170988,True,-0.016942945271344767,0.03725217169049899,-0.04368895101585646,True,20,True,True,True,True,False,False,7,11,TARGET_BEFORE_STOP,False,True,False,True,False,,11,STOP_BEFORE_TARGET,2024-06-13,2024-06-17,2024-06-20,2024-06-27,2024-07-12
V|2024-06-13T00:00:00|Long,V,2024-06-13,Long,-0.0019543448302870026,0.0013274285494366822,-0.007079956526602427,True,0.008960480304970986,0.00999296224300772,-0.008075527938679938,True,0.014860425321791215,0.025259065754076326,-0.008075527938679938,True,-0.03215458218297407,0.033924599447647585,-0.03665327759843917,True,-0.010103581288794072,0.033924599447647585,-0.04675685888723313,True,20,True,True,True,True,False,False,6,10,TARGET_BEFORE_STOP,False,True,False,True,False,,10,STOP_BEFORE_TARGET,2024-06-14,2024-06-18,2024-06-21,2024-06-28,2024-07-15
V|2024-06-14T00:00:00|Long,V,2024-06-14,Long,0.0018843189193986642,0.004322703370745806,-0.006133169436374208,True,0.022759194482977696,0.027266699116821336,-0.006133169436374208,True,0.020837892760469767,0.0359492014138707,-0.006133169436374208,True,-0.027414517576810016,0.0359492014138707,-0.034766879238857795,True,-0.0052095013782295085,0.0359492014138707,-0.04489024507533945,True,20,True,True,True,True,False,False,5,9,TARGET_BEFORE_STOP,False,True,False,True,False,,9,STOP_BEFORE_TARGET,2024-06-17,2024-06-20,2024-06-24,2024-07-01,2024-07-16
V|2024-06-17T00:00:00|Long,V,2024-06-17,Long,0.009034854770570089,0.01006741281693202,0.0004793095062076702,True,0.014935234695661048,0.025334641652840162,0.0004793095062076702,True,0.00870297317070956,0.034000814117156164,0.0004793095062076702,True,-0.010841915756993337,0.034000814117156164,-0.03658226550325416,True,0.005642212278403669,0.034000814117156164,-0.046686591566966196,True,20,True,True,True,True,False,False,4,8,TARGET_BEFORE_STOP,False,True,False,True,False,,8,STOP_BEFORE_TARGET,2024-06-18,2024-06-21,2024-06-25,2024-07-02,2024-07-17
V|2024-06-18T00:00:00|Long,V,2024-06-18,Long,0.011695096353103729,0.016153839290295124,-0.0019004057559798282,True,0.009794579064419162,0.024742415218414582,-0.0019004057559798282,True,-7.30539216013959e-05,0.024742415218414582,-0.006834278015342421,True,-0.016921295831576644,0.024742415218414582,-0.04520866653728872,True,-0.01633652986065104,0.024742415218414582,-0.05522251889921681,True,20,True,False,True,False,True,False,,6,STOP_BEFORE_TARGET,False,True,False,True,False,,7,STOP_BEFORE_TARGET,2024-06-20,2024-06-24,2024-06-26,2024-07-03,2024-07-18
V|2024-06-20T00:00:00|Long,V,2024-06-20,Long,-0.005779951091619107,0.002600972479058772,-0.008091975625625802,True,-0.011885009962695814,0.012896493135474474,-0.011885009962695814,True,-0.03695546100591807,0.012896493135474474,-0.03728056878537578,True,-0.023336542886114864,0.012896493135474474,-0.05624596095752121,True,-0.04103755353143779,0.012896493135474474,-0.06614405416566804,True,20,True,False,True,False,True,False,,5,STOP_BEFORE_TARGET,False,True,False,True,False,,5,STOP_BEFORE_TARGET,2024-06-21,2024-06-25,2024-06-27,2024-07-05,2024-07-19
V|2024-06-21T00:00:00|Long,V,2024-06-21,Long,0.003924084614037815,0.018785020728157242,0.00018162848901615014,True,-0.00588618236320837,0.018785020728157242,-0.01260809972135879,True,-0.0463265748980779,0.018785020728157242,-0.05075939669624652,True,-0.032047116071138526,0.018785020728157242,-0.05075939669624652,True,-0.02728729646215866,0.018785020728157242,-0.0607150329952878,True,20,True,False,True,False,True,False,,4,STOP_BEFORE_TARGET,False,True,False,True,False,,4,STOP_BEFORE_TARGET,2024-06-24,2024-06-26,2024-06-28,2024-07-08,2024-07-22
V|2024-06-24T00:00:00|Long,V,2024-06-24,Long,-0.010025295461639439,0.005899402659524711,-0.010025295461639439,True,-0.03514293117650735,0.005899402659524711,-0.03546865083581496,True,-0.047267456154864496,0.005899402659524711,-0.05446973745161976,True,-0.039305051868840035,0.005899402659524711,-0.05446973745161976,True,-0.04165754526442933,0.005899402659524711,-0.06438645969349,True,20,True,False,True,False,True,False,,3,STOP_BEFORE_TARGET,False,True,False,True,False,,3,STOP_BEFORE_TARGET,2024-06-25,2024-06-27,2024-07-01,2024-07-09,2024-07-23
V|2024-06-25T00:00:00|Long,V,2024-06-25,Long,0.0002559402059414406,0.0033999659267049953,-0.006507508453334587,True,-0.04043431290151733,0.0033999659267049953,-0.044894522846122054,True,-0.019376257875265646,0.0033999659267049953,-0.044894522846122054,True,-0.03849668711399079,0.0033999659267049953,-0.05491166994736485,True,-0.07077834495942281,0.0033999659267049953,-0.07458046279210684,True,20,True,False,True,False,True,False,,2,STOP_BEFORE_TARGET,False,True,False,True,False,,3,STOP_BEFORE_TARGET,2024-06-26,2024-06-28,2024-07-02,2024-07-10,2024-07-24
V|2024-06-26T00:00:00|Long,V,2024-06-26,Long,-0.02562138015074744,-0.011001497435954688,-0.025950314126927942,True,-0.03786555423255711,-0.011001497435954688,-0.04513891019009353,True,-0.016849472830042456,-0.011001497435954688,-0.04513891019009353,True,-0.04038749292412713,-0.007894750050890464,-0.055153494156653604,True,-0.07258771990976343,7.305925886669229e-05,-0.0763889206470485,True,20,True,False,True,False,True,False,,1,STOP_BEFORE_TARGET,False,True,False,True,False,,2,STOP_BEFORE_TARGET,2024-06-27,2024-07-01,2024-07-03,2024-07-11,2024-07-25
V|2024-06-27T00:00:00|Long,V,2024-06-27,Long,-0.015454425048888942,0.0075397043896479055,-0.02003074538146743,True,0.00615182366542677,0.0075397043896479055,-0.02003074538146743,True,0.01414152468382035,0.014854238754176796,-0.02003074538146743,True,-0.003188439608357574,0.018192753554669983,-0.030308663803065627,True,-0.026745207925114922,0.02637007718169082,-0.05210247788909339,True,20,True,False,True,False,True,False,,1,STOP_BEFORE_TARGET,False,True,False,True,False,,8,STOP_BEFORE_TARGET,2024-06-28,2024-07-02,2024-07-05,2024-07-12,2024-07-26
V|2024-06-28T00:00:00|Long,V,2024-06-28,Long,0.0029336267386397274,0.01257281890357409,-0.0044577034415088646,True,0.02484089222901109,0.027736498439588697,-0.0044577034415088646,True,0.01497311181279204,0.03417533881580814,-0.0044577034415088646,True,0.02278359796744822,0.03417533881580814,-0.015087405938434384,True,-0.0033146459143570395,0.04248102200109605,-0.037223317815454404,True,20,True,True,True,True,False,False,4,17,TARGET_BEFORE_STOP,False,True,False,True,False,,17,STOP_BEFORE_TARGET,2024-07-01,2024-07-03,2024-07-08,2024-07-15,2024-07-29
V|2024-07-01T00:00:00|Long,V,2024-07-01,Long,0.018956165237319356,0.018956165237319356,-0.003190990613328726,True,0.027047543615421832,0.027769327722909187,-0.003190990613328726,True,0.008357439175835202,0.031150328640152214,-0.003190990613328726,True,0.022830914711226002,0.031150328640152214,-0.017968320332099497,True,-0.0005317738035727215,0.039431717322169435,-0.04003948365424481,True,20,True,True,True,True,False,False,4,16,TARGET_BEFORE_STOP,False,True,False,True,False,,16,STOP_BEFORE_TARGET,2024-07-02,2024-07-05,2024-07-09,2024-07-16,2024-07-30
V|2024-07-02T00:00:00|Long,V,2024-07-02,Long,0.0028333117731766944,0.005666737320267012,-0.00029831520175360726,True,-0.006822566509670058,0.011967309113825264,-0.00842564095387599,True,-0.019498232010267902,0.011967309113825264,-0.036237560386926826,True,0.016664806463177362,0.017447684763431504,-0.036237560386926826,True,-0.009544038525667542,0.020094634865947647,-0.0578981225142533,True,20,True,False,True,False,True,False,,5,STOP_BEFORE_TARGET,False,True,False,True,False,,5,STOP_BEFORE_TARGET,2024-07-03,2024-07-08,2024-07-10,2024-07-17,2024-07-31
V|2024-07-03T00:00:00|Long,V,2024-07-03,Long,0.005093108171028149,0.005799463233685742,-0.002788207841289969,True,-0.013197471734452293,0.009108190995867682,-0.01884819878324495,True,-0.023941420406740743,0.009108190995867682,-0.03896048495937943,True,0.0005948312871046912,0.017212554559291604,-0.03896048495937943,True,-0.01137587891626568,0.017212554559291604,-0.06055984935327552,True,20,True,False,True,False,True,False,,4,STOP_BEFORE_TARGET,False,True,False,True,False,,4,STOP_BEFORE_TARGET,2024-07-05,2024-07-09,2024-07-11,2024-07-18,2024-08-01
V|2024-07-05T00:00:00|Long,V,2024-07-05,Long,-0.014647106338346427,0.0039947371961843725,-0.016237551297211605,True,-0.02722290927036386,0.0039947371961843725,-0.0438303603638992,True,-0.017088309540999158,0.0039947371961843725,-0.0438303603638992,True,-0.01812396124416371,0.01205803351922019,-0.0438303603638992,True,-0.01398135443150561,0.01205803351922019,-0.06532027430152487,True,20,True,False,True,False,True,False,,2,STOP_BEFORE_TARGET,False,True,False,True,False,,3,STOP_BEFORE_TARGET,2024-07-08,2024-07-10,2024-07-12,2024-07-19,2024-08-02
V|2024-07-08T00:00:00|Long,V,2024-07-08,Long,-0.0036035716106328497,0.004316794004624702,-0.00930923620709112,True,-0.014451975194157196,0.004316794004624702,-0.02961705822683014,True,0.00769526410478627,0.01066064715825088,-0.02961705822683014,True,0.004917408365642695,0.02710210730525997,-0.02961705822683014,True,-0.03738735616844013,0.02710210730525997,-0.051426416149114584,True,20,True,False,True,False,True,False,,2,STOP_BEFORE_TARGET,False,True,False,True,False,,12,STOP_BEFORE_TARGET,2024-07-09,2024-07-11,2024-07-15,2024-07-22,2024-08-05
V|2024-07-09T00:00:00|Long,V,2024-07-09,Long,-0.009192293621775649,-0.007383933985273261,-0.02610756710383544,True,0.0011301529167027091,0.007383933985273261,-0.02610756710383544,True,0.014353516891014939,0.017970121194241573,-0.02610756710383544,True,-0.0024487412993746682,0.030816729206393445,-0.02610756710383544,True,-0.02704939952434704,0.030816729206393445,-0.04799580084383215,True,20,True,True,True,False,True,False,7,1,STOP_BEFORE_TARGET,False,True,False,True,False,,11,STOP_BEFORE_TARGET,2024-07-10,2024-07-12,2024-07-16,2024-07-23,2024-08-06
V|2024-07-10T00:00:00|Long,V,2024-07-10,Long,-0.0017110730305370803,0.0023954558281844562,-0.00851707313450567,True,0.020722479874643485,0.02372619860979097,-0.00851707313450567,True,0.036882175692134034,0.03768062228938929,-0.00851707313450567,True,-0.0335741514488771,0.04038020957105504,-0.03752849854443918,True,-0.024638825043072687,0.04038020957105504,-0.039163509702501154,True,20,True,True,True,True,False,False,5,10,TARGET_BEFORE_STOP,False,True,False,True,False,,10,STOP_BEFORE_TARGET,2024-07-11,2024-07-15,2024-07-17,2024-07-24,2024-08-07
V|2024-07-11T00:00:00|Long,V,2024-07-11,Long,0.012150076517701835,0.0184726959779562,0.004227826778708144,True,0.025518996452265963,0.029175410467547236,0.004227826778708144,True,0.025138093355083324,0.042163427304928724,0.004227826778708144,True,-0.033555447379230885,0.042163427304928724,-0.03751663036638064,True,-0.010359936572718276,0.042163427304928724,-0.03751663036638064,True,20,True,True,True,True,False,False,4,9,TARGET_BEFORE_STOP,False,True,False,True,False,,9,STOP_BEFORE_TARGET,2024-07-12,2024-07-16,2024-07-18,2024-07-25,2024-08-08
V|2024-07-12T00:00:00|Long,V,2024-07-12,Long,0.010198020893528614,0.01317076890427038,-0.0018438708978006924,True,0.026191097420142473,0.026981311399201235,-0.0018438708978006924,True,-0.0010536569187419298,0.0296530637931558,-0.005381172305004012,True,-0.02363211789749109,0.0296530637931558,-0.0490704965956833,True,-0.022503125944558944,0.0296530637931558,-0.0490704965956833,True,20,True,False,True,False,True,False,,8,STOP_BEFORE_TARGET,False,True,False,True,False,,8,STOP_BEFORE_TARGET,2024-07-15,2024-07-17,2024-07-19,2024-07-26,2024-08-09
V|2024-07-15T00:00:00|Long,V,2024-07-15,Long,0.002980025168901168,0.006556078107716967,-0.004023159026756984,True,0.0026074936026201367,0.019258642857386432,-0.004023159026756984,True,-0.0027566426459404436,0.019258642857386432,-0.015421920134779832,True,-0.02551687760115595,0.019258642857386432,-0.058670197588378215,True,-0.03188674676606906,0.019258642857386432,-0.058670197588378215,True,20,True,False,True,False,True,False,,7,STOP_BEFORE_TARGET,False,True,False,True,False,,7,STOP_BEFORE_TARGET,2024-07-16,2024-07-18,2024-07-22,2024-07-29,2024-08-12
V|2024-07-16T00:00:00|Long,V,2024-07-16,Long,0.012813415810700945,0.01359332836438032,-0.003751196901114251,True,-0.014076169154770168,0.01623025113161569,-0.018347269977367686,True,-0.016564499368906693,0.01623025113161569,-0.02001862450673164,True,-0.02284120295815928,0.01623025113161569,-0.061467049403000185,True,-0.03387184816039923,0.01623025113161569,-0.061467049403000185,True,20,True,False,True,False,True,False,,5,STOP_BEFORE_TARGET,False,True,False,True,False,,6,STOP_BEFORE_TARGET,2024-07-17,2024-07-19,2024-07-23,2024-07-30,2024-08-13
V|2024-07-17T00:00:00|Long,V,2024-07-17,Long,-0.013018035026165387,0.003373607880361229,-0.015181571188542686,True,-0.018298571795313134,0.003373607880361229,-0.030766462313422616,True,-0.06795017678260362,0.003373607880361229,-0.07176386669671797,True,-0.02577923896079537,0.003373607880361229,-0.073340720071568,True,-0.04239089490695558,0.003373607880361229,-0.073340720071568,True,20,True,False,True,False,True,False,,2,STOP_BEFORE_TARGET,False,True,False,True,False,,2,STOP_BEFORE_TARGET,2024-07-18,2024-07-22,2024-07-24,2024-07-31,2024-08-14
V|2024-07-18T00:00:00|Long,V,2024-07-18,Long,-0.013709836615584114,0.0066877887845657735,-0.0179825244200158,True,-0.016199091400460386,0.0066877887845657735,-0.019654499962412864,True,-0.0572542773649366,0.0066877887845657735,-0.06111832554812868,True,-0.011963593883422274,0.0066877887845657735,-0.06111832554812868,True,-0.008731213660808979,0.0066877887845657735,-0.06111832554812868,True,20,True,False,True,False,True,False,,4,STOP_BEFORE_TARGET,False,True,False,True,False,,4,STOP_BEFORE_TARGET,2024-07-19,2024-07-23,2024-07-25,2024-08-01,2024-08-15
V|2024-07-19T00:00:00|Long,V,2024-07-19,Long,0.008475853508722597,0.011075124448287177,-0.0016575094385954392,True,-0.04252992409232159,0.011075124448287177,-0.04644762664490687,True,-0.02260227602326026,0.011075124448287177,-0.04806748631646518,True,0.004219073130562689,0.011075124448287177,-0.04806748631646518,True,0.007232778910336357,0.011225838477556094,-0.04806748631646518,True,20,True,False,True,False,True,False,,3,STOP_BEFORE_TARGET,False,True,False,True,False,,3,STOP_BEFORE_TARGET,2024-07-22,2024-07-24,2024-07-26,2024-08-02,2024-08-16
V|2024-07-22T00:00:00|Long,V,2024-07-22,Long,-0.01090726160157618,-3.72763376990104e-05,-0.014381256682239552,True,-0.052183281938725234,-3.72763376990104e-05,-0.056068114698493154,True,-0.022823150224438926,-3.72763376990104e-05,-0.056068114698493154,True,-0.04209775269281646,0.0009338463560555343,-0.056068114698493154,True,-0.004631841447662488,0.002726872397852187,-0.056068114698493154,True,20,True,False,True,False,True,False,,2,STOP_BEFORE_TARGET,False,True,False,True,False,,2,STOP_BEFORE_TARGET,2024-07-23,2024-07-25,2024-07-29,2024-08-05,2024-08-19
V|2024-07-23T00:00:00|Long,V,2024-07-23,Long,-0.04010729269709157,-0.02866420972452577,-0.044034907986836846,True,-0.020129222847694805,-0.013557899550736163,-0.045658866296039324,True,-0.006382425268586123,-0.0018506013676493627,-0.045658866296039324,True,-0.024661046748631565,0.011971686271608162,-0.045658866296039324,True,0.012273877016204082,0.013784484983182965,-0.045658866296039324,True,20,True,False,True,False,True,False,,1,STOP_BEFORE_TARGET,False,True,False,True,False,,1,STOP_BEFORE_TARGET,2024-07-24,2024-07-26,2024-07-30,2024-08-06,2024-08-20
V|2024-07-24T00:00:00|Long,V,2024-07-24,Long,-0.0016917522873625135,0.015934229377716713,-0.005783535552162267,True,0.029232434937626284,0.033599533177225416,-0.005783535552162267,True,0.045245368617995,0.04795997667086804,-0.005783535552162267,True,0.009245744429539293,0.05425500013957851,-0.005783535552162267,True,0.05519933170381597,0.05940902133811132,-0.005783535552162267,True,20,True,True,False,True,False,False,3,,TARGET_BEFORE_STOP,True,False,True,False,False,6,,TARGET_BEFORE_STOP,2024-07-25,2024-07-29,2024-07-31,2024-08-07,2024-08-21
V|2024-07-25T00:00:00|Long,V,2024-07-25,Long,0.022542704493116128,0.0294001992290025,0.007290891482133244,True,0.036888154834550546,0.04161733298334447,0.007290891482133244,True,0.048041250566401406,0.05225819429247691,0.007290891482133244,True,0.024000870762437287,0.056041560865722984,0.0030345589855858,True,0.05596278332477911,0.06211079910794948,0.0030345589855858,True,20,True,True,False,True,False,False,2,,TARGET_BEFORE_STOP,True,False,True,False,False,5,,TARGET_BEFORE_STOP,2024-07-26,2024-07-30,2024-08-01,2024-08-08,2024-08-22
V|2024-07-26T00:00:00|Long,V,2024-07-26,Long,0.008247956212578567,0.012526015983326255,-0.0033916785315428744,True,0.023934410611168966,0.026593671948374364,-0.0033916785315428744,True,0.02744159158126025,0.03276034949485318,-0.0033916785315428744,True,0.0011563182009848294,0.03276034949485318,-0.019078074120337796,True,0.030756229280573866,0.03869578692505349,-0.019078074120337796,True,20,True,True,False,True,False,False,5,,TARGET_BEFORE_STOP,False,False,False,False,True,,,NEITHER,2024-07-29,2024-07-31,2024-08-02,2024-08-09,2024-08-23
V|2024-07-29T00:00:00|Long,V,2024-07-29,Long,0.005733944820347059,0.010321030682181043,-0.002255337630447718,True,0.016551936052143112,0.020642178021768043,-0.002255337630447718,True,-0.019724784180882415,0.02431187004271651,-0.02710249018065447,True,-0.006536664431121886,0.02431187004271651,-0.02710249018065447,True,0.02526752751277428,0.03352442205296269,-0.02710249018065447,True,20,True,True,True,False,True,False,18,5,STOP_BEFORE_TARGET,False,False,False,False,True,,,NEITHER,2024-07-30,2024-08-01,2024-08-05,2024-08-12,2024-08-26
V|2024-07-30T00:00:00|Long,V,2024-07-30,Long,0.009768176604327383,0.0123906467974928,0.0043709383116925515,True,0.013226835378258528,0.018472007749214425,-0.0008361885807656178,True,-0.01839603278453117,0.018472007749214425,-0.0326492261398883,True,-0.011288487844179684,0.018472007749214425,-0.0326492261398883,True,0.02896235249112622,0.029836586550389788,-0.0326492261398883,True,20,True,False,True,False,True,False,,4,STOP_BEFORE_TARGET,False,True,False,True,False,,4,STOP_BEFORE_TARGET,2024-07-31,2024-08-02,2024-08-06,2024-08-13,2024-08-27
V|2024-07-31T00:00:00|Long,V,2024-07-31,Long,0.0009785795720509416,0.005006159916604247,-0.005608539453619721,True,-0.03474238912868055,0.008619633047019182,-0.0420070702632539,True,-0.03444131423041252,0.008619633047019182,-0.0420070702632539,True,-0.01705122351164068,0.008619633047019182,-0.0420070702632539,True,0.013249478058348307,0.023751259982941697,-0.0420070702632539,True,20,True,False,True,False,True,False,,3,STOP_BEFORE_TARGET,False,True,False,True,False,,3,STOP_BEFORE_TARGET,2024-08-01,2024-08-05,2024-08-07,2024-08-14,2024-08-28
V|2024-08-01T00:00:00|Long,V,2024-08-01,Long,0.002444229362563277,0.0076335834061855845,-0.01146913803245675,True,-0.028842113042538253,0.0076335834061855845,-0.04294362608007307,True,-0.022938390822853427,0.0076335834061855845,-0.04294362608007307,True,0.003271519351516705,0.0076335834061855845,-0.04294362608007307,True,0.031549711877240316,0.03782949586607476,-0.04294362608007307,True,20,True,True,True,False,True,False,20,2,STOP_BEFORE_TARGET,False,True,False,True,False,,2,STOP_BEFORE_TARGET,2024-08-02,2024-08-06,2024-08-08,2024-08-15,2024-08-29
V|2024-08-02T00:00:00|Long,V,2024-08-02,Long,-0.03803730453002552,-0.013729362025978964,-0.04527718761122268,True,-0.03773725735358846,-0.013729362025978964,-0.04527718761122268,True,-0.02558322886250064,-0.013729362025978964,-0.04527718761122268,True,0.0030010441550156752,0.006977327492048602,-0.04527718761122268,True,0.036724469345218225,0.03905020701652484,-0.04527718761122268,True,20,True,True,True,False,True,False,19,1,STOP_BEFORE_TARGET,False,True,False,True,False,,1,STOP_BEFORE_TARGET,2024-08-05,2024-08-07,2024-08-09,2024-08-16,2024-08-30
V|2024-08-05T00:00:00|Long,V,2024-08-05,Long,0.007097205221071601,0.015793120240256364,-0.0026126897619976885,True,0.01321940453355741,0.021798456889220663,-0.0026126897619976885,True,0.013453486874847265,0.021798456889220663,-0.0026126897619976885,True,0.039112457821741886,0.04679457138416576,-0.0026126897619976885,True,0.08618002610012154,0.10002337253270421,-0.0026126897619976885,True,20,True,True,False,True,False,False,8,,TARGET_BEFORE_STOP,True,False,True,False,False,12,,TARGET_BEFORE_STOP,2024-08-06,2024-08-08,2024-08-12,2024-08-19,2024-09-03
V|2024-08-06T00:00:00|Long,V,2024-08-06,Long,-0.006737476520395913,0.014597649156341319,-0.0075505774540971515,True,0.0058081001443517355,0.014597649156341319,-0.0075505774540971515,True,0.007240745940049198,0.014597649156341319,-0.0075505774540971515,True,0.03786880821452909,0.0394176112864697,-0.0075505774540971515,True,0.08607596851298838,0.09227129896685016,-0.0075505774540971515,True,20,True,True,False,True,False,False,7,,TARGET_BEFORE_STOP,True,False,True,False,False,16,,TARGET_BEFORE_STOP,2024-08-07,2024-08-09,2024-08-13,2024-08-20,2024-09-04
V|2024-08-07T00:00:00|Long,V,2024-08-07,Long,0.01290346834693401,0.015320533922017043,0.005457759527612849,True,0.013137477698028421,0.01980359156172029,0.005457759527612849,True,0.018010392299367295,0.020115405750443793,0.005457759527612849,True,0.045532604450317704,0.049703728933656155,0.005457759527612849,True,0.08615315394519896,0.09968036963722127,0.005457759527612849,True,20,True,True,False,True,False,False,6,,TARGET_BEFORE_STOP,True,False,True,False,False,11,,TARGET_BEFORE_STOP,2024-08-08,2024-08-12,2024-08-14,2024-08-21,2024-09-05
V|2024-08-08T00:00:00|Long,V,2024-08-08,Long,-0.0002693176702341926,0.006504262512965209,-0.0031558205327181232,True,0.001154671616254932,0.007120063884547445,-0.0031558205327181232,True,0.026825237966767945,0.029096056909771795,-0.004195036732557722,True,0.031212778694752474,0.03721669525255078,-0.004195036732557722,True,0.07520305413050266,0.08567144254319503,-0.004195036732557722,True,20,True,True,False,True,False,False,6,,TARGET_BEFORE_STOP,True,False,True,False,False,15,,TARGET_BEFORE_STOP,2024-08-09,2024-08-13,2024-08-15,2024-08-22,2024-09-06
V|2024-08-09T00:00:00|Long,V,2024-08-09,Long,0.0005004807434747516,0.007083447292563605,-0.0020019229738988953,True,0.005312614840358387,0.007391372181917433,-0.003926776612652394,True,0.029334750657204145,0.033415430972661975,-0.003926776612652394,True,0.029565723695154977,0.037496111288120026,-0.003926776612652394,True,0.09951483913656034,0.10475050212551595,-0.003926776612652394,True,20,True,True,False,True,False,False,5,,TARGET_BEFORE_STOP,True,False,True,False,False,14,,TARGET_BEFORE_STOP,2024-08-12,2024-08-14,2024-08-16,2024-08-23,2024-09-09
V|2024-08-12T00:00:00|Long,V,2024-08-12,Long,0.000923429992874647,0.006887444405146326,-0.002385723189882283,True,0.026588067086296574,0.028858361527069443,-0.004425042707462912,True,0.025318350846093907,0.032898485170869796,-0.004425042707462912,True,0.03201345314438253,0.040324675355175366,-0.004425042707462912,True,0.09792596966020506,0.10419787235341715,-0.004425042707462912,True,20,True,True,False,True,False,False,4,,TARGET_BEFORE_STOP,True,False,True,False,False,13,,TARGET_BEFORE_STOP,2024-08-13,2024-08-15,2024-08-19,2024-08-26,2024-09-10
V|2024-08-13T00:00:00|Long,V,2024-08-13,Long,0.0038827115160360304,0.005266578600975569,-0.005343538316787799,True,0.027870679521442066,0.03194555569372848,-0.005343538316787799,True,0.030407886493804437,0.03194555569372848,-0.005343538316787799,True,0.04071039918159913,0.041594614696959464,-0.005343538316787799,True,0.09160798879391452,0.10317916362621049,-0.005343538316787799,True,20,True,True,False,True,False,False,3,,TARGET_BEFORE_STOP,True,False,True,False,False,12,,TARGET_BEFORE_STOP,2024-08-14,2024-08-16,2024-08-20,2024-08-27,2024-09-11
V|2024-08-14T00:00:00|Long,V,2024-08-14,Long,0.021674093693190066,0.023933520906070704,0.0065098475687142,True,0.020410455209023404,0.027954305673132618,0.0065098475687142,True,0.027035295866465914,0.031132625829785043,0.0065098475687142,True,0.03082632818186104,0.04151028463594164,0.0065098475687142,True,0.09278539905640226,0.09891240378093547,0.0065098475687142,True,20,True,True,False,True,False,False,5,,TARGET_BEFORE_STOP,True,False,True,False,False,11,,TARGET_BEFORE_STOP,2024-08-15,2024-08-19,2024-08-21,2024-08-28,2024-09-12
V|2024-08-15T00:00:00|Long,V,2024-08-15,Long,0.0021739771978319666,0.0061469817221659895,-0.005284757155331499,True,0.0046477541555036694,0.0061469817221659895,-0.00588447105874268,True,0.004272918667905357,0.010119986246500234,-0.00588447105874268,True,0.028185981541668514,0.03444528808800951,-0.00588447105874268,True,0.07702406016035224,0.08223389597165665,-0.00588447105874268,True,20,True,True,False,True,False,False,10,,TARGET_BEFORE_STOP,True,False,True,False,False,12,,TARGET_BEFORE_STOP,2024-08-16,2024-08-20,2024-08-22,2024-08-29,2024-09-13
V|2024-08-16T00:00:00|Long,V,2024-08-16,Long,-0.0034034095500454775,0.003478168370102397,-0.008040967376848784,True,0.003066823656384221,0.007068532038092101,-0.008040967376848784,True,0.00022439059577417098,0.00792877207896181,-0.008040967376848784,True,0.03362252251553044,0.03594130142893204,-0.008040967376848784,True,0.08639391757674586,0.08796465174716506,-0.008040967376848784,True,20,True,True,False,True,False,False,9,,TARGET_BEFORE_STOP,True,False,True,False,False,11,,TARGET_BEFORE_STOP,2024-08-19,2024-08-21,2024-08-23,2024-08-30,2024-09-16
V|2024-08-19T00:00:00|Long,V,2024-08-19,Long,0.0058918726949619415,0.0058918726949619415,-0.002589418839814339,True,0.005516573024989757,0.011370881395340593,-0.002589418839814339,True,0.006529779061072771,0.01463577092587709,-0.004353224215841833,True,0.04529593300906609,0.05861821235273035,-0.004353224215841833,True,0.09415692656941865,0.09982364236747321,-0.004353224215841833,True,20,True,True,False,True,False,False,8,,TARGET_BEFORE_STOP,True,False,True,False,False,10,,TARGET_BEFORE_STOP,2024-08-20,2024-08-22,2024-08-26,2024-09-03,2024-09-17
V|2024-08-20T00:00:00|Long,V,2024-08-20,Long,0.0005969394754834489,0.00458879432002357,-0.0024249883441390674,True,-0.002238494569421934,0.005446916163761584,-0.010185087670860127,True,0.009998480041579771,0.010856601885317785,-0.010185087670860127,True,0.04644822150632999,0.052417502406600924,-0.010185087670860127,True,0.07625728171091528,0.09338157730696395,-0.010185087670860127,True,20,True,True,False,True,False,False,8,,TARGET_BEFORE_STOP,True,False,True,False,False,9,,TARGET_BEFORE_STOP,2024-08-21,2024-08-23,2024-08-27,2024-09-04,2024-09-18
V|2024-08-21T00:00:00|Long,V,2024-08-21,Long,-0.0009694621692420968,0.004847083272931485,-0.006077571993375774,True,3.720823114350402e-05,0.008090912794147087,-0.010775594768454466,True,0.003691238588053425,0.014093954538596298,-0.010775594768454466,True,0.038851537792298,0.051789647646016235,-0.010775594768454466,True,0.06353459079707324,0.092729284061291,-0.010775594768454466,True,20,True,True,False,True,False,False,7,,TARGET_BEFORE_STOP,True,False,True,False,False,8,,TARGET_BEFORE_STOP,2024-08-22,2024-08-26,2024-08-28,2024-09-05,2024-09-19
V|2024-08-22T00:00:00|Long,V,2024-08-22,Long,-0.0018660894060017474,0.004739826088303589,-0.009815648499098772,True,0.01037545254148764,0.011233894671189404,-0.009815648499098772,True,0.023811319044112045,0.03004399387780521,-0.009815648499098772,True,0.04265877648590677,0.052810307410438684,-0.009815648499098772,True,0.06281251929131426,0.09378967176917885,-0.009815648499098772,True,20,True,True,False,True,False,False,5,,TARGET_BEFORE_STOP,True,False,True,False,False,7,,TARGET_BEFORE_STOP,2024-08-23,2024-08-27,2024-08-29,2024-09-06,2024-09-20
V|2024-08-23T00:00:00|Long,V,2024-08-23,Long,0.002879109357772913,0.010955700901263521,0.0008600470543986827,True,0.006543523721300515,0.016975802062058953,0.0008600470543986827,True,0.03339063937429376,0.03570889809224065,0.0008600470543986827,True,0.06794040810756097,0.0730257201653135,0.0008600470543986827,True,0.07923273350271831,0.09583459710156039,0.0008600470543986827,True,20,True,True,False,True,False,False,4,,TARGET_BEFORE_STOP,True,False,True,False,False,6,,TARGET_BEFORE_STOP,2024-08-26,2024-08-28,2024-08-30,2024-09-09,2024-09-23
V|2024-08-26T00:00:00|Long,V,2024-08-26,Long,0.009358375323782031,0.010215953317354476,-0.0011930085262845669,True,0.02278071684053562,0.02900711765840369,-0.0020132658907086043,True,0.03851466171637341,0.051750513869790904,-0.0020132658907086043,True,0.06386788497281448,0.06994523083890059,-0.0020132658907086043,True,0.01703891528956758,0.0926886270502878,-0.0020132658907086043,True,20,True,True,False,True,False,False,4,,TARGET_BEFORE_STOP,True,False,True,False,False,5,,TARGET_BEFORE_STOP,2024-08-27,2024-08-29,2024-09-03,2024-09-10,2024-09-24
V|2024-08-27T00:00:00|Long,V,2024-08-27,Long,-0.005651591210098839,0.004654291370949748,-0.011266207813298124,True,0.02087024922801417,0.02316042030658938,-0.011266207813298124,True,0.03608890724592939,0.041999095249405594,-0.011266207813298124,True,0.048906583092030775,0.06002511793265053,-0.011266207813298124,True,-0.004026286690956393,0.08255764628670681,-0.011266207813298124,True,20,True,True,False,True,False,False,4,,TARGET_BEFORE_STOP,True,False,True,False,False,8,,TARGET_BEFORE_STOP,2024-08-28,2024-08-30,2024-09-04,2024-09-11,2024-09-25
V|2024-08-28T00:00:00|Long,V,2024-08-28,Long,0.019057189480612857,0.025260922513082207,0.0046807450284089835,True,0.03473385348161595,0.04792151929673638,0.0046807450284089835,True,0.03503099145680144,0.04792151929673638,0.0046807450284089835,True,0.060106216906413934,0.06604999672365985,0.0046807450284089835,True,0.009287120536893623,0.08871059350731425,-0.003566222543079367,True,20,True,True,False,True,False,False,3,,TARGET_BEFORE_STOP,True,False,True,False,False,7,,TARGET_BEFORE_STOP,2024-08-29,2024-09-03,2024-09-05,2024-09-12,2024-09-26
V|2024-08-29T00:00:00|Long,V,2024-08-29,Long,0.007472979506543576,0.009733095796401692,-0.0002187137539801931,True,0.022491917269686912,0.02832454362137904,-0.0002187137539801931,True,0.018409112197930844,0.02832454362137904,-0.0002187137539801931,True,0.04749926520633507,0.05256628217100201,-0.0002187137539801931,True,0.0030985931788454213,0.06835082932117076,-0.022200336013744937,True,20,True,True,True,True,False,False,6,18,TARGET_BEFORE_STOP,True,False,True,False,False,10,,TARGET_BEFORE_STOP,2024-08-30,2024-09-04,2024-09-06,2024-09-13,2024-09-27
V|2024-08-30T00:00:00|Long,V,2024-08-30,Long,0.007851841611149712,0.020696896630467032,0.0,True,0.008141260049036703,0.020696896630467032,0.0,True,0.03343340593271349,0.03835440276004265,0.0,True,0.05105480377186988,0.052574443810862403,0.0,True,-0.0051379778385644,0.060426285422012116,-0.029453212268603313,True,20,True,True,True,True,False,False,5,17,TARGET_BEFORE_STOP,True,False,True,False,False,10,,TARGET_BEFORE_STOP,2024-09-03,2024-09-05,2024-09-09,2024-09-16,2024-09-30
V|2024-09-03T00:00:00|Long,V,2024-09-03,Long,0.0070007238803493355,0.01116530931340498,0.0005744369110392,True,0.0029797750657130084,0.01116530931340498,-0.004056885359900675,True,0.0244129661246566,0.030264925745565607,-0.004056885359900675,True,0.04674369431410441,0.05216485364239354,-0.004056885359900675,True,-0.0033747483757065044,0.05216485364239354,-0.037014422496978505,True,20,True,True,True,True,False,False,4,15,TARGET_BEFORE_STOP,True,True,True,False,False,10,16,TARGET_BEFORE_STOP,2024-09-04,2024-09-06,2024-09-10,2024-09-17,2024-10-01
V|2024-09-04T00:00:00|Long,V,2024-09-04,Long,-0.00666688716993058,0.003600876326392388,-0.010980736138541003,True,0.01825375341526181,0.02310246786672665,-0.010980736138541003,True,0.012371212312437985,0.02310246786672665,-0.010980736138541003,True,0.028485939000093108,0.04485014627200057,-0.010980736138541003,True,-0.012442476936374125,0.04485014627200057,-0.043709150682356035,True,20,True,True,True,True,False,False,8,14,TARGET_BEFORE_STOP,False,True,False,True,False,,15,STOP_BEFORE_TARGET,2024-09-05,2024-09-09,2024-09-11,2024-09-18,2024-10-02
V|2024-09-05T00:00:00|Long,V,2024-09-05,Long,0.0026918383933089984,0.005957948787599365,-0.0042710590132116755,True,0.02411887638529575,0.029969156018410104,-0.0042710590132116755,True,0.024226545539780542,0.029969156018410104,-0.0042710590132116755,True,0.023759942693284186,0.05186279685689321,-0.0042710590132116755,True,-0.006316882479610819,0.05186279685689321,-0.03729087758575744,True,20,True,True,True,True,False,False,6,13,TARGET_BEFORE_STOP,True,True,True,False,False,8,14,TARGET_BEFORE_STOP,2024-09-06,2024-09-10,2024-09-12,2024-09-19,2024-10-03
V|2024-09-06T00:00:00|Long,V,2024-09-06,Long,0.02233593565320957,0.027204088614912525,0.008161215660760224,True,0.01642981142611699,0.027204088614912525,-0.003830072459176992,True,0.028564309431228452,0.033539733260391946,-0.003830072459176992,True,0.01932918348736501,0.049038953525715856,-0.003830072459176992,True,-0.00515446349491544,0.049038953525715856,-0.0398753779058717,True,20,True,True,True,True,False,False,5,12,TARGET_BEFORE_STOP,False,True,False,True,False,,13,STOP_BEFORE_TARGET,2024-09-09,2024-09-11,2024-09-13,2024-09-20,2024-10-04
V|2024-09-09T00:00:00|Long,V,2024-09-09,Long,-0.0009453066332381077,0.00276603965351363,-0.00714253048552449,True,-0.0008402725628783303,0.00276603965351363,-0.025594334699452936,True,0.01705131432562146,0.018521791310658564,-0.025594334699452936,True,0.01057392838535609,0.026119611901781248,-0.025594334699452936,True,-0.04138502647969822,0.026119611901781248,-0.06085212442359478,True,20,True,False,True,False,True,False,,2,STOP_BEFORE_TARGET,False,True,False,True,False,,11,STOP_BEFORE_TARGET,2024-09-10,2024-09-12,2024-09-16,2024-09-23,2024-10-07
V|2024-09-10T00:00:00|Long,V,2024-09-10,Long,-0.00483635277396699,-0.0005957205871516269,-0.024672351003275805,True,0.007044262253528721,0.011915588210978267,-0.024672351003275805,True,0.021798560666334232,0.0270905273902593,-0.024672351003275805,True,-0.04401765514751255,0.0270905273902593,-0.04426300219004853,True,-0.0363776723068322,0.0270905273902593,-0.05996350168625286,True,20,True,False,True,False,True,False,,1,STOP_BEFORE_TARGET,False,True,False,True,False,,10,STOP_BEFORE_TARGET,2024-09-11,2024-09-13,2024-09-17,2024-09-24,2024-10-08
V|2024-09-11T00:00:00|Long,V,2024-09-11,Long,0.004965501142904616,0.0071841407462662765,-0.008768806554809716,True,0.022961049892415764,0.024440071313722944,-0.008768806554809716,True,0.015917804152931314,0.032082040228479825,-0.008768806554809716,True,-0.050464808435989106,0.032082040228479825,-0.05539505895934793,True,-0.0247570044754315,0.032082040228479825,-0.05539505895934793,True,20,True,True,True,True,False,False,4,9,TARGET_BEFORE_STOP,False,True,False,True,False,,9,STOP_BEFORE_TARGET,2024-09-12,2024-09-16,2024-09-18,2024-09-25,2024-10-09
V|2024-09-12T00:00:00|Long,V,2024-09-12,Long,0.006938399341931634,0.011809213213896497,0.0006307344109788282,True,0.021691146747450762,0.02698255716712339,0.0006307344109788282,True,-0.0004555660547252982,0.02698255716712339,-0.008760556620444171,True,-0.04793774016137731,0.02698255716712339,-0.06006232058076333,True,-0.027683337532525942,0.02698255716712339,-0.06006232058076333,True,20,True,False,True,False,True,False,,8,STOP_BEFORE_TARGET,False,True,False,True,False,,8,STOP_BEFORE_TARGET,2024-09-13,2024-09-17,2024-09-19,2024-09-26,2024-10-10
V|2024-09-13T00:00:00|Long,V,2024-09-13,Long,0.010892656399265732,0.012354229050163701,0.001357174604405209,True,0.003932503423735634,0.019906041758156467,0.001357174604405209,True,-0.008978656812397401,0.019906041758156467,-0.015590780898449785,True,-0.04238730613213737,0.019906041758156467,-0.06653904545350753,True,-0.03309556138376801,0.019906041758156467,-0.06653904545350753,True,20,True,False,True,False,True,False,,7,STOP_BEFORE_TARGET,False,True,False,True,False,,7,STOP_BEFORE_TARGET,2024-09-16,2024-09-18,2024-09-20,2024-09-27,2024-10-11
V|2024-09-16T00:00:00|Long,V,2024-09-16,Long,0.0037179376598015512,0.008916263563528037,-0.001377115116128702,True,-0.018039178441781822,0.008916263563528037,-0.026198070715092392,True,-0.006368789705129441,0.008916263563528037,-0.026198070715092392,True,-0.053463227044658224,0.008916263563528037,-0.07659735320323724,True,-0.03373732422162479,0.008916263563528037,-0.07659735320323724,True,20,True,False,True,False,True,False,,3,STOP_BEFORE_TARGET,False,True,False,True,False,,6,STOP_BEFORE_TARGET,2024-09-17,2024-09-19,2024-09-23,2024-09-30,2024-10-14
V|2024-09-17T00:00:00|Long,V,2024-09-17,Long,-0.010563817389409369,0.0015776905574491629,-0.011764277351154595,True,-0.02328854644594136,0.0015776905574491629,-0.029805194519731182,True,-0.06441212421646669,0.0015776905574491629,-0.0646522371428111,True,-0.04788033877065945,0.0015776905574491629,-0.08001778970922468,True,-0.042083924805926154,0.0015776905574491629,-0.08001778970922468,True,20,True,False,True,False,True,False,,2,STOP_BEFORE_TARGET,False,True,False,True,False,,5,STOP_BEFORE_TARGET,2024-09-18,2024-09-20,2024-09-24,2024-10-01,2024-10-15
V|2024-09-18T00:00:00|Long,V,2024-09-18,Long,-0.011231352705774356,0.010399334046552688,-0.019446809676551546,True,0.0005199455448283707,0.010399334046552688,-0.019446809676551546,True,-0.0653425034166717,0.010399334046552688,-0.07019550481423031,True,-0.0397948230349735,0.010399334046552688,-0.07019550481423031,True,-0.003327863061894254,0.010399334046552688,-0.07019550481423031,True,20,True,False,True,False,True,False,,4,STOP_BEFORE_TARGET,False,True,False,True,False,,4,STOP_BEFORE_TARGET,2024-09-19,2024-09-23,2024-09-25,2024-10-02,2024-10-16
V|2024-09-19T00:00:00|Long,V,2024-09-19,Long,-0.0016477395764771252,0.006170277050489448,-0.006976547126999466,True,-0.04368248451011392,0.012761235356397949,-0.04392791757215131,True,-0.04750381523234182,0.012761235356397949,-0.059633921716482186,True,-0.029378786880222663,0.012761235356397949,-0.059633921716482186,True,0.018055057461721535,0.01994812311110694,-0.059633921716482186,True,20,True,False,True,False,True,False,,3,STOP_BEFORE_TARGET,False,True,False,True,False,,3,STOP_BEFORE_TARGET,2024-09-20,2024-09-24,2024-09-26,2024-10-03,2024-10-17
V|2024-09-20T00:00:00|Long,V,2024-09-20,Long,0.013554854858512932,0.014432756356721699,-0.0005267194657831986,True,-0.053165659005354304,0.014432756356721699,-0.058081885962181445,True,-0.033711331798648936,0.014432756356721699,-0.058081885962181445,True,-0.024019372131106942,0.014432756356721699,-0.058081885962181445,True,0.020542916491227414,0.022017838161130676,-0.058081885962181445,True,20,True,False,True,False,True,False,,2,STOP_BEFORE_TARGET,False,True,False,True,False,,2,STOP_BEFORE_TARGET,2024-09-23,2024-09-25,2024-09-27,2024-10-04,2024-10-18
V|2024-09-23T00:00:00|Long,V,2024-09-23,Long,-0.054914616759788815,-0.026435244963219917,-0.05515716716353902,True,-0.058691065221317174,-0.026435244963219917,-0.07067870128321219,True,-0.0473962943711812,-0.026435244963219917,-0.07067870128321219,True,-0.05141529323645977,-0.026435244963219917,-0.07067870128321219,True,-0.0061670607670175626,0.008349802935726958,-0.07067870128321219,True,20,True,False,True,False,True,False,,1,STOP_BEFORE_TARGET,False,True,False,True,False,,1,STOP_BEFORE_TARGET,2024-09-24,2024-09-26,2024-09-30,2024-10-07,2024-10-21
V|2024-09-24T00:00:00|Long,V,2024-09-24,Long,-0.011547745108075214,0.005388962633922745,-0.01668006383653553,True,0.008761693156143835,0.019063025992747118,-0.01668006383653553,True,0.017669944078702704,0.0230222113329428,-0.01668006383653553,True,0.007991761439756662,0.0230222113329428,-0.01668006383653553,True,0.044028190554184166,0.06694042762423713,-0.01668006383653553,True,20,True,True,False,True,False,False,14,,TARGET_BEFORE_STOP,True,False,True,False,False,16,,TARGET_BEFORE_STOP,2024-09-25,2024-09-27,2024-10-01,2024-10-08,2024-10-22
V|2024-09-25T00:00:00|Long,V,2024-09-25,Long,0.0076400902024575945,0.013388663302259296,0.0013722327281353586,True,0.019730768934751675,0.03096838613026298,0.0013722327281353586,True,0.027333735058123976,0.03497382526058157,0.0013722327281353586,True,0.02707409287086393,0.03497382526058157,0.0013722327281353586,True,0.0524051649554127,0.07940512285127421,0.0013722327281353586,True,20,True,True,False,True,False,False,2,,TARGET_BEFORE_STOP,True,False,True,False,False,15,,TARGET_BEFORE_STOP,2024-09-26,2024-09-30,2024-10-02,2024-10-09,2024-10-23
V|2024-09-26T00:00:00|Long,V,2024-09-26,Long,0.012808756137718591,0.023151417013507425,0.004011911841053761,True,0.02175274617763656,0.02712648625625058,0.004011911841053761,True,0.019028977377521406,0.02712648625625058,0.004011911841053761,True,0.021274241699575924,0.02712648625625058,0.004011911841053761,True,0.04243806792921467,0.07122089855952174,0.004011911841053761,True,20,True,True,False,True,False,False,12,,TARGET_BEFORE_STOP,True,False,True,False,False,14,,TARGET_BEFORE_STOP,2024-09-27,2024-10-01,2024-10-03,2024-10-10,2024-10-24
V|2024-09-27T00:00:00|Long,V,2024-09-27,Long,-0.0007995101572392249,0.0018897008696350248,-0.007159214756590759,True,0.006650385154508109,0.01413665712481782,-0.007159214756590759,True,0.01003008726738197,0.01413665712481782,-0.007159214756590759,True,0.009703030053663353,0.01413665712481782,-0.007159214756590759,True,0.02383979808292791,0.05767341767912271,-0.007159214756590759,True,20,True,True,False,True,False,False,13,,TARGET_BEFORE_STOP,True,False,True,False,False,14,,TARGET_BEFORE_STOP,2024-09-30,2024-10-02,2024-10-04,2024-10-11,2024-10-25
V|2024-09-30T00:00:00|Long,V,2024-09-30,Long,0.00963809339455124,0.014948118454592985,-0.0021459422777710957,True,0.006946619602595572,0.014948118454592985,-0.0021459422777710957,True,-0.004218962031672602,0.014948118454592985,-0.006219392241265442,True,0.020840080794160665,0.023349636752596936,-0.006219392241265442,True,0.03360607319201536,0.05851971494285735,-0.006219392241265442,True,20,True,True,False,True,False,False,12,,TARGET_BEFORE_STOP,True,False,True,False,False,13,,TARGET_BEFORE_STOP,2024-10-01,2024-10-03,2024-10-07,2024-10-14,2024-10-28
V|2024-10-01T00:00:00|Long,V,2024-10-01,Long,-0.0021614052245081394,0.00014412299727029065,-0.008033180609861246,True,0.00118871240997942,0.0030259233408567177,-0.009005763490753549,True,-0.009510139014381136,0.0030259233408567177,-0.015706108693365084,True,0.006087904914440223,0.01815564997877739,-0.015706108693365084,True,0.015417862698824614,0.04841499332098187,-0.015706108693365084,True,20,True,True,False,True,False,False,11,,TARGET_BEFORE_STOP,False,False,False,False,True,,,NEITHER,2024-10-02,2024-10-04,2024-10-08,2024-10-15,2024-10-29
V|2024-10-02T00:00:00|Long,V,2024-10-02,Long,-0.0005054680449007032,0.0024909835429829386,-0.00418773885238044,True,-0.011588416805336177,0.005198564770419578,-0.013574042475180459,True,-0.0002527340224504071,0.005198564770419578,-0.013574042475180459,True,0.037978299688346207,0.038267170048792876,-0.013574042475180459,True,0.04750903849136967,0.06779782952814761,-0.013574042475180459,True,20,True,True,False,True,False,False,10,,TARGET_BEFORE_STOP,True,False,True,False,False,11,,TARGET_BEFORE_STOP,2024-10-03,2024-10-07,2024-10-09,2024-10-16,2024-10-30
V|2024-10-03T00:00:00|Long,V,2024-10-03,Long,0.00386479585650501,0.00570691747974128,-0.006356928921353533,True,-0.0068626525934101235,0.00570691747974128,-0.013075183517729183,True,0.0022033370707796873,0.00570691747974128,-0.013075183517729183,True,0.04886957311542983,0.05081993812270258,-0.013075183517729183,True,0.046919097880678384,0.07036051440077928,-0.013075183517729183,True,20,True,True,False,True,False,False,9,,TARGET_BEFORE_STOP,True,False,True,False,False,10,,TARGET_BEFORE_STOP,2024-10-04,2024-10-08,2024-10-10,2024-10-17,2024-10-31
V|2024-10-04T00:00:00|Long,V,2024-10-04,Long,-0.014895780376207424,-0.00111538001210032,-0.016874761864500765,True,-0.0035980283753201947,-0.00111538001210032,-0.016874761864500765,True,-0.00032380937740539295,0.0031302671180306607,-0.016874761864500765,True,0.04565898886706243,0.04717020909806635,-0.016874761864500765,True,0.04609073470360303,0.0662397155660186,-0.016874761864500765,True,20,True,True,False,True,False,False,8,,TARGET_BEFORE_STOP,True,False,True,False,False,18,,TARGET_BEFORE_STOP,2024-10-07,2024-10-09,2024-10-11,2024-10-18,2024-11-01
V|2024-10-07T00:00:00|Long,V,2024-10-07,Long,0.004273285633665802,0.00843711416231141,0.0008035399899080087,True,0.013440931228056341,0.014171462660135248,0.0008035399899080087,True,0.02516521390782933,0.02768540244602069,0.0008035399899080087,True,0.04770078217244711,0.06300449052789192,0.0008035399899080087,True,0.06596295333995195,0.08236234738006831,0.0008035399899080087,True,20,True,True,False,True,False,False,6,,TARGET_BEFORE_STOP,True,False,True,False,False,7,,TARGET_BEFORE_STOP,2024-10-08,2024-10-10,2024-10-14,2024-10-21,2024-11-04
V|2024-10-08T00:00:00|Long,V,2024-10-08,Long,0.007164683160913565,0.009201334222874502,-0.001963842173860253,True,0.010474268883889692,0.01396565484880008,-0.001963842173860253,True,0.015747807769884936,0.02793142068675869,-0.001963842173860253,True,0.035750717905625784,0.05848129760533127,-0.001963842173860253,True,0.0666643062972252,0.07775678479501802,-0.001963842173860253,True,20,True,True,False,True,False,False,6,,TARGET_BEFORE_STOP,True,False,True,False,False,7,,TARGET_BEFORE_STOP,2024-10-09,2024-10-11,2024-10-15,2024-10-22,2024-11-05
V|2024-10-09T00:00:00|Long,V,2024-10-09,Long,0.0019499821586825838,0.0026722304247468465,-0.005705364583298844,True,0.013541328491603055,0.01603294175002712,-0.005705364583298844,True,0.03824069843633371,0.038529641822604654,-0.005705364583298844,True,0.024663334671156667,0.05095156264153755,-0.005705364583298844,True,0.11002781217842372,0.11580546770809708,-0.005705364583298844,True,20,True,True,False,True,False,False,5,,TARGET_BEFORE_STOP,True,False,True,False,False,6,,TARGET_BEFORE_STOP,2024-10-10,2024-10-14,2024-10-16,2024-10-23,2024-11-06
V|2024-10-10T00:00:00|Long,V,2024-10-10,Long,0.0013334598895726746,0.004793262574024126,-0.007568407735167204,True,0.006559294036154517,0.018632693282118362,-0.007568407735167204,True,0.04656364064905749,0.04850971779241786,-0.007568407735167204,True,0.020722960949664637,0.04890621423764285,-0.007568407735167204,True,0.10210107920723144,0.11363390146892849,-0.007568407735167204,True,20,True,True,False,True,False,False,4,,TARGET_BEFORE_STOP,True,False,True,False,False,14,,TARGET_BEFORE_STOP,2024-10-11,2024-10-15,2024-10-17,2024-10-24,2024-11-07
V|2024-10-11T00:00:00|Long,V,2024-10-11,Long,0.010221697290971887,0.012705149819408845,0.0005398571064691993,True,0.03484016989407479,0.035128166909977665,0.0005398571064691993,True,0.04599769272871246,0.047509402465504946,0.0005398571064691993,True,0.014000916713613476,0.047509402465504946,0.0005398571064691993,True,0.10808378626227877,0.11988913762467934,0.0005398571064691993,True,20,True,True,False,True,False,False,3,,TARGET_BEFORE_STOP,True,False,True,False,False,13,,TARGET_BEFORE_STOP,2024-10-14,2024-10-16,2024-10-18,2024-10-25,2024-11-08
V|2024-10-14T00:00:00|Long,V,2024-10-14,Long,-0.00495220239108729,0.00698311965156817,-0.00659115773047847,True,0.034594635264482365,0.036518456133209254,-0.008301220724902358,True,0.021982377044100554,0.036910418054298955,-0.008301220724902358,True,0.012505379283230589,0.036910418054298955,-0.008301220724902358,True,0.10773842646805232,0.11315380716256329,-0.008301220724902358,True,20,True,True,False,True,False,False,3,,TARGET_BEFORE_STOP,True,False,True,False,False,12,,TARGET_BEFORE_STOP,2024-10-15,2024-10-17,2024-10-21,2024-10-28,2024-11-11
V|2024-10-15T00:00:00|Long,V,2024-10-15,Long,0.029467507669277193,0.029754009468108578,-0.003365685891534742,True,0.040567103102949975,0.042070964375763076,-0.003365685891534742,True,0.019692791835463686,0.042070964375763076,-0.003365685891534742,True,0.009273501588489719,0.042070964375763076,-0.003365685891534742,True,0.10942030371157507,0.11869380530006479,-0.003365685891534742,True,20,True,True,False,True,False,False,2,,TARGET_BEFORE_STOP,True,False,True,False,False,11,,TARGET_BEFORE_STOP,2024-10-16,2024-10-18,2024-10-22,2024-10-29,2024-11-12
V|2024-10-16T00:00:00|Long,V,2024-10-16,Long,0.0099820038412326,0.01186005770870846,0.00031300897791264326,True,-0.0023302133269224035,0.012242694997747217,-0.00413885116470869,True,-0.013077279464796088,0.012242694997747217,-0.01387726205771822,True,0.009182021248310468,0.028728471345455642,-0.02344181445434912,True,0.07637737483223139,0.08667228151065842,-0.02344181445434912,True,20,True,True,True,False,True,False,11,6,STOP_BEFORE_TARGET,True,False,True,False,False,15,,TARGET_BEFORE_STOP,2024-10-17,2024-10-21,2024-10-23,2024-10-30,2024-11-13
V|2024-10-17T00:00:00|Long,V,2024-10-17,Long,0.0007919709946928588,0.0022383479585939003,-0.007954915663916817,True,-0.019284430665755914,0.0022383479585939003,-0.023623456465766357,True,-0.02469097787819874,0.0022383479585939003,-0.029821974672902152,True,-0.0018595974988177,0.02048962219536543,-0.033093479060480324,True,0.06150344175292943,0.07593232095002889,-0.033093479060480324,True,20,True,True,True,False,True,False,14,3,STOP_BEFORE_TARGET,True,True,False,True,False,14,6,STOP_BEFORE_TARGET,2024-10-18,2024-10-22,2024-10-24,2024-10-31,2024-11-14
V|2024-10-18T00:00:00|Long,V,2024-10-18,Long,-0.012972228604407277,-0.0006193403028194044,-0.014761573935034966,True,-0.023604657170255394,-0.0006193403028194044,-0.024396106451766042,True,-0.030589719497017498,-0.0006193403028194044,-0.033858634998334525,True,0.0004128935352130103,0.0196820635772037,-0.033858634998334525,True,0.06544635555299805,0.07508088806972912,-0.033858634998334525,True,20,True,True,True,False,True,False,13,2,STOP_BEFORE_TARGET,True,True,False,True,False,13,4,STOP_BEFORE_TARGET,2024-10-21,2024-10-23,2024-10-25,2024-11-01,2024-11-15
V|2024-10-21T00:00:00|Long,V,2024-10-21,Long,-0.00718144505756213,-0.0011155911361677706,-0.011574018663331187,True,-0.012654714330047945,-0.0011155911361677706,-0.017849032624178696,True,-0.009273151840720084,-0.0011155911361677706,-0.021160910563230995,True,0.017430712545272398,0.033083458366566454,-0.021160910563230995,True,0.08823425839307864,0.08921037404006871,-0.021160910563230995,True,20,True,True,True,False,True,False,7,4,STOP_BEFORE_TARGET,True,False,True,False,False,12,,TARGET_BEFORE_STOP,2024-10-22,2024-10-24,2024-10-28,2024-11-04,2024-11-18
V|2024-10-22T00:00:00|Long,V,2024-10-22,Long,-0.0036166956297358777,0.004459387533153336,-0.004424346809295598,True,-0.010744750401280534,0.004459387533153336,-0.014080584449269629,True,-0.010218067961644706,0.004459387533153336,-0.014080584449269629,True,0.029846552705374174,0.04055615522462008,-0.014080584449269629,True,0.09501736980469033,0.09708905883937624,-0.014080584449269629,True,20,True,True,False,True,False,False,6,,TARGET_BEFORE_STOP,True,False,True,False,False,11,,TARGET_BEFORE_STOP,2024-10-23,2024-10-25,2024-10-29,2024-11-05,2024-11-19
V|2024-10-23T00:00:00|Long,V,2024-10-23,Long,-0.0019030466814823344,-0.0004934262884792595,-0.007153928352954253,True,0.0015153392337996507,0.004687012004842117,-0.010501870890085918,True,0.022554248929475662,0.04235970045109583,-0.010501870890085918,True,0.08330978050918847,0.08894836962834285,-0.010501870890085918,True,0.0832746125936843,0.10107129859302533,-0.010501870890085918,True,20,True,True,False,True,False,False,5,,TARGET_BEFORE_STOP,True,False,True,False,False,10,,TARGET_BEFORE_STOP,2024-10-24,2024-10-28,2024-10-30,2024-11-06,2024-11-20
V|2024-10-24T00:00:00|Long,V,2024-10-24,Long,-0.005260893397193045,0.0066026237876126714,-0.008615219373242056,True,-0.0047312913357641095,0.008756482507022989,-0.008615219373242056,True,0.023409380884953812,0.04632439467777405,-0.008615219373242056,True,0.07972596029568502,0.09102464044976633,-0.008615219373242056,True,0.09420236057053932,0.1031706839021338,-0.008615219373242056,True,20,True,True,False,True,False,False,4,,TARGET_BEFORE_STOP,True,False,True,False,False,9,,TARGET_BEFORE_STOP,2024-10-25,2024-10-29,2024-10-31,2024-11-07,2024-11-21
V|2024-10-25T00:00:00|Long,V,2024-10-25,Long,0.008731733784646423,0.010329051036918502,-0.0007099428503587468,True,0.029922238835217163,0.0498703980586952,-0.0013488264224393864,True,0.03198089978594476,0.051858108053215224,-0.0013488264224393864,True,0.09278381113657042,0.1044261589567892,-0.0013488264224393864,True,0.1000603462255012,0.1090050412008412,-0.0013488264224393864,True,20,True,True,False,True,False,False,3,,TARGET_BEFORE_STOP,True,False,True,False,False,4,,TARGET_BEFORE_STOP,2024-10-28,2024-10-30,2024-11-01,2024-11-08,2024-11-22
V|2024-10-28T00:00:00|Long,V,2024-10-28,Long,-0.008128356165766348,0.0053133810220376,-0.009993301359980666,True,0.019916265925914667,0.042753065878837315,-0.009993301359980666,True,0.026953811169654784,0.042753065878837315,-0.009993301359980666,True,0.09405683084097682,0.09940532656782852,-0.009993301359980666,True,0.10204440603423115,0.10369823346188678,-0.009993301359980666,True,20,True,True,False,True,False,False,2,,TARGET_BEFORE_STOP,True,False,True,False,False,7,,TARGET_BEFORE_STOP,2024-10-29,2024-10-31,2024-11-04,2024-11-11,2024-11-25
V|2024-10-29T00:00:00|Long,V,2024-10-29,Long,0.029374196948588782,0.04931174136407113,0.022882012124750162,True,0.03143176244532109,0.05129839365899569,0.018837794333093294,True,0.04047822997183825,0.05129839365899569,0.018837794333093294,True,0.0992266238690156,0.10841491779914869,0.018837794333093294,True,0.10621541763437015,0.11572298336928433,0.018837794333093294,True,20,True,True,False,True,False,False,1,,TARGET_BEFORE_STOP,True,False,True,False,False,2,,TARGET_BEFORE_STOP,2024-10-30,2024-11-01,2024-11-05,2024-11-12,2024-11-26
V|2024-10-30T00:00:00|Long,V,2024-10-30,Long,-0.0010683676408921317,0.021298568368429693,-0.0018610716091344015,True,0.005824381100347109,0.021298568368429693,-0.01023573608774031,True,0.05941546049348312,0.06492968052147452,-0.01023573608774031,True,0.0665839780823716,0.07678521677040595,-0.01023573608774031,True,0.08457405650400607,0.09032944280494148,-0.01023573608774031,True,20,True,True,False,True,False,False,5,,TARGET_BEFORE_STOP,True,False,True,False,False,5,,TARGET_BEFORE_STOP,2024-10-31,2024-11-04,2024-11-06,2024-11-13,2024-11-27
V|2024-10-31T00:00:00|Long,V,2024-10-31,Long,0.003070498920540121,0.009729195324603923,-0.009177173041560627,True,0.011868215866718712,0.017008772026799956,-0.009177173041560627,True,0.05502839866684983,0.06606863375274608,-0.009177173041560627,True,0.06348108852519085,0.07793684961946479,-0.009177173041560627,True,0.08704495407096702,0.09149556134285763,-0.009177173041560627,True,20,True,True,False,True,False,False,4,,TARGET_BEFORE_STOP,True,False,True,False,False,4,,TARGET_BEFORE_STOP,2024-11-01,2024-11-05,2024-11-07,2024-11-14,2024-11-29
V|2024-11-01T00:00:00|Long,V,2024-11-01,Long,0.00381789883203143,0.00828920596773286,6.88571642100122e-05,True,0.05730207134106036,0.06280529125320888,6.88571642100122e-05,True,0.05891864022215665,0.07020019380772569,6.88571642100122e-05,True,0.0650066212041438,0.07463717732651154,6.88571642100122e-05,True,0.08911744009216793,0.09176592174971088,6.88571642100122e-05,True,20,True,True,False,True,False,False,3,,TARGET_BEFORE_STOP,True,False,True,False,False,3,,TARGET_BEFORE_STOP,2024-11-04,2024-11-06,2024-11-08,2024-11-15,2024-12-02
V|2024-11-04T00:00:00|Long,V,2024-11-04,Long,0.0049340497217447155,0.010039378497535445,-0.0009251996765565762,True,0.04779846290119738,0.05876304107528951,-0.0009251996765565762,True,0.06534180889293806,0.07054992601435006,-0.0009251996765565762,True,0.0695905332665645,0.07054992601435006,-0.0009251996765565762,True,0.07250300914711705,0.08761352334921457,-0.0009251996765565762,True,20,True,True,False,True,False,False,2,,TARGET_BEFORE_STOP,True,False,True,False,False,2,,TARGET_BEFORE_STOP,2024-11-05,2024-11-07,2024-11-11,2024-11-18,2024-12-03
V|2024-11-05T00:00:00|Long,V,2024-11-05,Long,0.048109328447857314,0.05356470045815387,0.03249343142160677,True,0.04971184202489631,0.06089530782234931,0.03249343142160677,True,0.05646287659355198,0.06529371386189342,0.03249343142160677,True,0.06328206559328131,0.06529371386189342,0.03249343142160677,True,0.056633314697518644,0.08227353193014286,0.03249343142160677,True,20,True,True,False,True,False,False,1,,TARGET_BEFORE_STOP,True,False,True,False,False,1,,TARGET_BEFORE_STOP,2024-11-06,2024-11-08,2024-11-12,2024-11-19,2024-12-04
V|2024-11-06T00:00:00|Long,V,2024-11-06,Long,-0.005204964656096989,0.0007482465546357897,-0.009694146154581529,True,0.011450942098702122,0.016395603919950208,-0.009694146154581529,True,0.006766483835859205,0.016395603919950208,-0.009694146154581529,True,-3.2463397023452245e-05,0.016395603919950208,-0.009694146154581529,True,0.0054651682145021585,0.03259603035198566,-0.009694146154581529,True,20,True,True,False,True,False,False,17,,TARGET_BEFORE_STOP,False,False,False,False,True,,,NEITHER,2024-11-07,2024-11-11,2024-11-13,2024-11-20,2024-12-05
V|2024-11-07T00:00:00|Long,V,2024-11-07,Long,0.006769154371648156,0.017495115490775204,-0.0003596643425537449,True,0.013244010700513176,0.021713587029090764,-0.0003596643425537449,True,0.008011812638429427,0.021713587029090764,-0.0003596643425537449,True,0.013407476347877978,0.021713587029090764,-0.0003596643425537449,True,0.017037351800627043,0.037998777300908726,-0.0003596643425537449,True,20,True,True,False,True,False,False,14,,TARGET_BEFORE_STOP,False,False,False,False,True,,,NEITHER,2024-11-08,2024-11-12,2024-11-14,2024-11-21,2024-12-06
V|2024-11-08T00:00:00|Long,V,2024-11-08,Long,0.00990683846727558,0.014843951657189658,0.004644793901519728,True,0.005229531603194282,0.014843951657189658,-9.743976279807942e-05,True,0.005749243379746138,0.014843951657189658,-0.003930202599371713,True,0.006658714207490535,0.014843951657189658,-0.005359385203667966,True,0.0013966696417349045,0.03101964615587738,-0.005359385203667966,True,20,True,True,False,True,False,False,15,,TARGET_BEFORE_STOP,False,False,False,False,True,,,NEITHER,2024-11-11,2024-11-13,2024-11-15,2024-11-22,2024-12-09
V|2024-11-11T00:00:00|Long,V,2024-11-11,Long,-0.003441423124946108,-0.001190099121270105,-0.009037784493808432,True,-0.008587460801570246,0.0011900009687653146,-0.009938333725779791,True,0.00398813257694397,0.004792197896650752,-0.013701304456604668,True,0.007300877768035674,0.008812524495184437,-0.015116467271488965,True,0.004695713984386174,0.020905698312375653,-0.015116467271488965,True,20,True,False,False,False,False,True,,,NEITHER,False,False,False,False,True,,,NEITHER,2024-11-12,2024-11-14,2024-11-18,2024-11-25,2024-12-10
V|2024-11-12T00:00:00|Long,V,2024-11-12,Long,-0.0011941104079368214,0.0035501245178226615,-0.006487041232955404,True,-0.0006777197061211826,0.004647417824885203,-0.010295311855958222,True,0.006454736035512054,0.008262054246138906,-0.010295311855958222,True,0.006357918934637663,0.015007241584274356,-0.011715361663087287,True,0.012715837869275326,0.024431199532362502,-0.011715361663087287,True,20,True,False,False,False,False,True,,,NEITHER,False,False,False,False,True,,,NEITHER,2024-11-13,2024-11-15,2024-11-19,2024-11-26,2024-12-11
V|2024-11-13T00:00:00|Long,V,2024-11-13,Long,-0.0039744440437623485,0.005848512001874306,-0.005331602544551339,True,0.00865966324364531,0.009467469858370547,-0.00911208228031024,True,-0.006753251465998367,0.009467469858370547,-0.01053382981096318,True,0.01686700605983149,0.022263099025040978,-0.01053382981096318,True,0.015348325679779729,0.02565594597241061,-0.01053382981096318,True,20,True,False,False,False,False,True,,,NEITHER,False,False,False,False,True,,,NEITHER,2024-11-14,2024-11-18,2024-11-20,2024-11-27,2024-12-12
V|2024-11-14T00:00:00|Long,V,2024-11-14,Long,0.004509374366382879,0.008012980440237127,-0.005158138971259163,True,0.01167885191732565,0.013495551215277679,-0.005158138971259163,True,0.005352778252990742,0.013495551215277679,-0.006585559705748145,True,0.022157296260391313,0.026342238822992803,-0.006585559705748145,True,0.021054307329683608,0.029748624258667977,-0.006585559705748145,True,20,True,False,False,False,False,True,,,NEITHER,False,False,False,False,True,,,NEITHER,2024-11-15,2024-11-19,2024-11-21,2024-11-29,2024-12-13
V|2024-11-15T00:00:00|Long,V,2024-11-15,Long,0.008138447534092208,0.00894583672209448,-0.0030357912315484015,True,-0.007266502692020005,0.00894583672209448,-0.011045127457500747,True,0.0009042719482323935,0.00894583672209448,-0.011045127457500747,True,0.02263912581197225,0.025125947588299224,-0.011045127457500747,True,0.020184729700055692,0.025578034283290307,-0.011045127457500747,True,20,True,False,False,False,False,True,,,NEITHER,False,False,False,False,True,,,NEITHER,2024-11-18,2024-11-20,2024-11-22,2024-12-02,2024-12-16
V|2024-11-18T00:00:00|Long,V,2024-11-18,Long,-0.0009930726388935884,0.00022426743784431658,-0.01169270199149286,True,-0.007239908185262878,0.0004164687381065235,-0.019028710826886952,True,0.0032995860046560743,0.004805228031787401,-0.019028710826886952,True,0.0027229821038690094,0.016850364248837568,-0.019028710826886952,True,0.019669349240223122,0.021399258705198765,-0.019028710826886952,True,20,True,False,False,False,False,True,,,NEITHER,False,False,False,False,True,,,NEITHER,2024-11-19,2024-11-21,2024-11-25,2024-12-03,2024-12-17
V|2024-11-19T00:00:00|Long,V,2024-11-19,Long,-0.014301719954424752,0.001410942545436944,-0.018053566691108802,True,-0.006188849248059958,0.001410942545436944,-0.018053566691108802,True,-9.619617992540075e-05,0.008497655426066286,-0.018053566691108802,True,-0.006253045274541291,0.017861174331258,-0.018053566691108802,True,-0.006637829994242894,0.0313291288197981,-0.018053566691108802,True,20,True,True,False,True,False,False,20,,TARGET_BEFORE_STOP,False,False,False,False,True,,,NEITHER,2024-11-20,2024-11-22,2024-11-26,2024-12-04,2024-12-18
V|2024-11-20T00:00:00|Long,V,2024-11-20,Long,0.008165454726685173,0.011483778298179814,-0.0024074326317967687,True,0.018868497727885458,0.020397503870914102,-0.0024074326317967687,True,0.02378085562393495,0.02921363753152617,-0.0024074326317967687,True,0.0054978100891174275,0.03262955301514325,-0.0024074326317967687,True,0.024366407096669374,0.04629291711061234,-0.0024398970827265165,True,20,True,True,False,True,False,False,7,,TARGET_BEFORE_STOP,False,False,False,False,True,,,NEITHER,2024-11-21,2024-11-25,2024-11-27,2024-12-05,2024-12-19
V|2024-11-21T00:00:00|Long,V,2024-11-21,Long,6.45999730373159e-05,0.005453380040951972,-0.006453694867345039,True,0.006195590401901541,0.014843517890007263,-0.006453694867345039,True,0.016715046072287132,0.02087770683488399,-0.006453694867345039,True,0.0035818518586721027,0.024265955725581323,-0.006453694867345039,True,0.025201670578936852,0.03781865586166466,-0.010519455670385702,True,20,True,True,False,True,False,False,18,,TARGET_BEFORE_STOP,False,False,False,False,True,,,NEITHER,2024-11-22,2024-11-26,2024-11-29,2024-12-06,2024-12-20
V|2024-11-22T00:00:00|Long,V,2024-11-22,Long,0.010551074057804755,0.012067598323227013,-0.00019368893124382947,True,0.0154233304472009,0.020811762422555224,-0.001387529603536386,True,0.021715217401793385,0.024199792446604418,-0.001387529603536386,True,-0.0052272378826008215,0.024199792446604418,-0.007356732964999391,True,0.023554425260345235,0.03775161713517816,-0.01058337195787995,True,20,True,True,False,True,False,False,17,,TARGET_BEFORE_STOP,False,False,False,False,True,,,NEITHER,2024-11-25,2024-11-27,2024-12-02,2024-12-09,2024-12-23
V|2024-11-25T00:00:00|Long,V,2024-11-25,Long,-0.004374325829394232,0.004182756628187123,-0.005268347915393878,True,0.006034624720222315,0.010153557428373539,-0.0118139537603007,True,-0.0005747076036213272,0.013506213331696326,-0.0118139537603007,True,-0.002586281657395162,0.013506213331696326,-0.020913783140935838,True,0.02381937928070932,0.02691654462168991,-0.020913783140935838,True,20,True,False,True,False,True,False,,10,STOP_BEFORE_TARGET,False,False,False,False,True,,,NEITHER,2024-11-26,2024-11-29,2024-12-03,2024-12-10,2024-12-24
V|2024-11-26T00:00:00|Long,V,2024-11-26,Long,0.00923611319083184,0.01459171216116939,-0.007472314268215263,True,0.015489662173099772,0.01795909810781615,-0.007472314268215263,True,-0.006157441416958287,0.01795909810781615,-0.00968513713140251,True,0.006317751184755638,0.01795909810781615,-0.016612124155315322,True,0.029151421090306107,0.0314283482867701,-0.016612124155315322,True,20,True,True,False,True,False,False,15,,TARGET_BEFORE_STOP,False,False,False,False,True,,,NEITHER,2024-11-27,2024-12-02,2024-12-04,2024-12-11,2024-12-26
V|2024-11-27T00:00:00|Long,V,2024-11-27,Long,0.0012074177009704368,0.004925286726551015,-0.0031776293651432086,True,-0.0053702013849762364,0.008643155752131815,-0.006132898374626272,True,-0.017858358489889037,0.008643155752131815,-0.01874809083318707,True,-0.0014934896805594011,0.008643155752131815,-0.025611684925170408,True,0.012583385133372538,0.021989140901601978,-0.025611684925170408,True,20,True,False,True,False,True,False,,7,STOP_BEFORE_TARGET,False,False,False,False,True,,,NEITHER,2024-11-29,2024-12-03,2024-12-05,2024-12-12,2024-12-27
V|2024-11-29T00:00:00|Long,V,2024-11-29,Long,0.004982884953432798,0.007426770836592045,-0.004348086757561376,True,-0.01644024659304466,0.007426770836592045,-0.019931442957125123,True,-0.012917281262188829,0.007426770836592045,-0.019931442957125123,True,-0.0010790794476964738,0.007426770836592045,-0.02678675981818468,True,0.000730008239591573,0.020756661240436847,-0.02678675981818468,True,20,True,False,True,False,True,False,,6,STOP_BEFORE_TARGET,False,False,False,False,True,,,NEITHER,2024-12-02,2024-12-04,2024-12-06,2024-12-13,2024-12-30
V|2024-12-02T00:00:00|Long,V,2024-12-02,Long,-0.011495291965959442,0.0021159432832751346,-0.012253292144641326,True,-0.023906544986997402,0.0021159432832751346,-0.02479079821514807,True,-0.026369828720872568,0.0021159432832751346,-0.028454064177219962,True,-0.0024000608327670037,0.0028738470855833587,-0.03161212518866885,True,-0.0019263709563244191,0.01569556708195563,-0.03161212518866885,True,20,True,False,True,False,True,False,,2,STOP_BEFORE_TARGET,False,True,False,True,False,,6,STOP_BEFORE_TARGET,2024-12-03,2024-12-05,2024-12-09,2024-12-16,2024-12-31
V|2024-12-03T00:00:00|Long,V,2024-12-03,Long,-0.009935835187728781,-0.0005111774611591402,-0.013450119297490293,True,-0.006389572018791201,-0.0005111774611591402,-0.013450119297490293,True,-0.0020127307854602705,0.0,-0.020350771280308932,True,0.016900347791767967,0.018625559536038505,-0.020350771280308932,True,0.0044407018545513655,0.027507060742272937,-0.020350771280308932,True,20,True,False,True,False,True,False,,5,STOP_BEFORE_TARGET,False,False,False,False,True,,,NEITHER,2024-12-04,2024-12-06,2024-12-10,2024-12-17,2025-01-02
V|2024-12-04T00:00:00|Long,V,2024-12-04,Long,-0.002646038529747985,0.003839956324115823,-0.0034527503881660593,True,-0.0051629755889898155,0.010035546726017142,-0.007292608236713183,True,0.012552483785259083,0.018231668305136006,-0.010519455670385702,True,-0.0003872059359497637,0.03781865586166466,-0.010519455670385702,True,0.016166537154881366,0.03781865586166466,-0.010519455670385702,True,20,True,True,False,True,False,False,10,,TARGET_BEFORE_STOP,False,False,False,False,True,,,NEITHER,2024-12-05,2024-12-09,2024-12-11,2024-12-18,2025-01-03
V|2024-12-05T00:00:00|Long,V,2024-12-05,Long,0.0062444133467312035,0.01125925694808605,-0.000905910416271527,True,0.010676907124089308,0.012715230244907838,-0.007894305777891741,True,0.01666243250226862,0.020933096615074476,-0.007894305777891741,True,0.018765428246810156,0.04057204959787941,-0.007894305777891741,True,0.012812288548907258,0.04057204959787941,-0.007894305777891741,True,20,True,True,False,True,False,False,8,,TARGET_BEFORE_STOP,False,False,False,False,True,,,NEITHER,2024-12-06,2024-12-10,2024-12-12,2024-12-19,2025-01-06
V|2024-12-06T00:00:00|Long,V,2024-12-06,Long,-0.008713616563976512,0.006430661191603404,-0.010835648407995335,True,0.008938615131364624,0.014597530255585855,-0.014050979003797037,True,0.011993120322914663,0.01909907158899027,-0.014050979003797037,True,0.02154265611740991,0.0341146105218868,-0.014050979003797037,True,0.0021221299681213335,0.0341146105218868,-0.014050979003797037,True,20,True,True,False,True,False,False,8,,TARGET_BEFORE_STOP,False,False,False,False,True,,,NEITHER,2024-12-09,2024-12-11,2024-12-13,2024-12-20,2025-01-07
V|2024-12-09T00:00:00|Long,V,2024-12-09,Long,0.013233919076842682,0.01518009529245301,-0.005384278982346169,True,0.019234587830543548,0.02351605672092516,-0.005384278982346169,True,0.02461896579952394,0.030035712397897818,-0.005384278982346169,True,0.02893290230593326,0.04320469624268508,-0.005384278982346169,True,0.013947513723012062,0.04320469624268508,-0.005384278982346169,True,20,True,True,False,True,False,False,5,,TARGET_BEFORE_STOP,False,False,False,False,True,,,NEITHER,2024-12-10,2024-12-12,2024-12-16,2024-12-23,2025-01-08
V|2024-12-10T00:00:00|Long,V,2024-12-10,Long,0.004513744926274432,0.01014784192523921,-0.0037454811749980665,True,0.007554854070918715,0.014629640991052462,-0.0037454811749980665,True,0.018951222285744862,0.020679913419879625,-0.0037454811749980665,True,0.026474130496202175,0.029579326749294754,-0.009027489852548864,True,-0.01494978345200515,0.029579326749294754,-0.02045590162159927,True,20,True,False,True,False,True,False,,20,STOP_BEFORE_TARGET,False,False,False,False,True,,,NEITHER,2024-12-11,2024-12-13,2024-12-17,2024-12-24,2025-01-10
V|2024-12-11T00:00:00|Long,V,2024-12-11,Long,0.0014022194124236886,0.0056087803949147474,-0.0011473146350645669,True,0.006692393149334341,0.012014369199177866,-0.0011473146350645669,True,-0.012779278040814135,0.024952950568994048,-0.01348038774702598,True,0.02269031812135669,0.024952950568994048,-0.01348038774702598,True,-0.02189360696678777,0.024952950568994048,-0.031709142853752814,True,20,True,False,True,False,True,False,,19,STOP_BEFORE_TARGET,False,True,False,True,False,,20,STOP_BEFORE_TARGET,2024-12-12,2024-12-16,2024-12-18,2024-12-26,2025-01-13
V|2024-12-12T00:00:00|Long,V,2024-12-12,Long,0.0016229488916290613,0.008656083523548297,0.00035001542728929635,True,0.012952221825870414,0.014670735417958047,-0.0004137252275949743,True,0.00206852901937693,0.023517754105227384,-0.01486176770027725,True,0.014097929926794928,0.023517754105227384,-0.01486176770027725,True,-0.01635749122849106,0.023517754105227384,-0.03306499788427131,True,20,True,False,True,False,True,False,,18,STOP_BEFORE_TARGET,False,True,False,True,False,,19,STOP_BEFORE_TARGET,2024-12-13,2024-12-17,2024-12-19,2024-12-27,2025-01-14
V|2024-12-13T00:00:00|Long,V,2024-12-13,Long,0.003653887175907089,0.008959799872011232,-0.002033374057051951,True,-0.0157590125467838,0.021859328640409625,-0.01645800608916559,True,0.009436364341536274,0.021859328640409625,-0.01645800608916559,True,0.0018110419454302473,0.021859328640409625,-0.01645800608916559,True,0.004892954796672289,0.021859328640409625,-0.03463174122985635,True,20,True,False,True,False,True,False,,17,STOP_BEFORE_TARGET,False,True,False,True,False,,18,STOP_BEFORE_TARGET,2024-12-16,2024-12-18,2024-12-20,2024-12-30,2025-01-15
V|2024-12-16T00:00:00|Long,V,2024-12-16,Long,0.007629152656861926,0.009338635451127564,-0.0023742440888316896,True,-0.003197346287596492,0.01813916300940077,-0.020038674210353213,True,0.004210283676569615,0.01813916300940077,-0.020038674210353213,True,0.0004748294961185451,0.01813916300940077,-0.020038674210353213,True,0.004305249575793146,0.01813916300940077,-0.03814624632550567,True,20,True,False,True,False,True,False,,2,STOP_BEFORE_TARGET,False,True,False,True,False,,16,STOP_BEFORE_TARGET,2024-12-17,2024-12-19,2024-12-23,2024-12-31,2025-01-16
V|2024-12-17T00:00:00|Long,V,2024-12-17,Long,-0.0267671672649058,0.010430434971861136,-0.027458342976939498,True,-0.0018535858011856643,0.010430434971861136,-0.027458342976939498,True,0.007382991497455249,0.010430434971861136,-0.027458342976939498,True,-0.012252573188978655,0.010430434971861136,-0.027458342976939498,True,0.004147054272202189,0.010430434971861136,-0.045428815613035134,True,20,True,False,True,False,True,False,,1,STOP_BEFORE_TARGET,False,True,False,True,False,,15,STOP_BEFORE_TARGET,2024-12-18,2024-12-20,2024-12-24,2025-01-02,2025-01-17
V|2024-12-18T00:00:00|Long,V,2024-12-18,Long,0.016463316300640685,0.022887198546804433,0.004680780595083922,True,0.02401705232979512,0.032991159083787025,0.004680780595083922,True,0.03592873951407727,0.03796245662071751,0.004680780595083922,True,0.016560155281256206,0.03796245662071751,0.004680780595083922,True,0.04470916830683791,0.047775801702139686,-0.01917490627158991,True,20,True,True,False,True,False,False,2,,TARGET_BEFORE_STOP,False,False,False,False,True,,,NEITHER,2024-12-19,2024-12-23,2024-12-26,2025-01-03,2025-01-21
V|2024-12-19T00:00:00|Long,V,2024-12-19,Long,0.008987508029666191,0.016260146842582035,-0.008257133076720047,True,0.018324405882232053,0.021150925936335607,-0.008257133076720047,True,0.012004569107853191,0.021150925936335607,-0.008257133076720047,True,-0.005843484214170469,0.021150925936335607,-0.00911456768509522,True,0.027566033222756303,0.034489282212772476,-0.03506100220314268,True,20,True,True,True,False,True,False,19,13,STOP_BEFORE_TARGET,False,True,False,True,False,,14,STOP_BEFORE_TARGET,2024-12-20,2024-12-24,2024-12-27,2025-01-06,2025-01-22
V|2024-12-20T00:00:00|Long,V,2024-12-20,Long,-0.0015422562952172036,0.0008183871222751105,-0.013723160960705805,True,0.010072117003231629,0.012055072842697356,-0.013723160960705805,True,-0.007554039725010453,0.012055072842697356,-0.01410084853873228,True,-0.019010979162730424,0.012055072842697356,-0.02011263196852553,True,0.03304900784489373,0.03399332284478662,-0.04365615023205405,True,20,True,True,True,False,True,False,20,10,STOP_BEFORE_TARGET,False,True,False,True,False,,12,STOP_BEFORE_TARGET,2024-12-23,2024-12-26,2024-12-30,2025-01-07,2025-01-23
V|2024-12-23T00:00:00|Long,V,2024-12-23,Long,0.010812662072322787,0.013618332096320573,0.000189135484404801,True,0.004539444032106932,0.013618332096320573,0.000189135484404801,True,-0.003719792797555299,0.013618332096320573,-0.01257799072889798,True,-0.014564009518344245,0.013618332096320573,-0.022098259058853764,True,0.04091800938269774,0.043723583203499006,-0.04217894467979488,True,20,True,True,True,False,True,False,19,10,STOP_BEFORE_TARGET,False,True,False,True,False,,11,STOP_BEFORE_TARGET,2024-12-24,2024-12-27,2024-12-31,2025-01-08,2025-01-24
V|2024-12-24T00:00:00|Long,V,2024-12-24,Long,0.0008108834260853737,0.002494989320988905,-0.003711219286005707,True,-0.016653661124392705,0.002650884514877161,-0.023140443010741585,True,-0.01949165794158003,0.002650884514877161,-0.025697771374463607,True,-0.04035553621617616,0.002650884514877161,-0.045719644288663486,True,0.043318306292940756,0.046280981195594206,-0.052424755585744776,True,20,True,True,True,False,True,False,19,3,STOP_BEFORE_TARGET,False,True,False,True,False,,9,STOP_BEFORE_TARGET,2024-12-26,2024-12-30,2025-01-02,2025-01-10,2025-01-27
V|2024-12-26T00:00:00|Long,V,2024-12-26,Long,-0.0070113115026761985,0.0018385102712841217,-0.010439082812273126,True,-0.015175579014717111,0.0018385102712841217,-0.023931920439188348,True,-0.018696830673803122,0.0018385102712841217,-0.02773361314674161,True,-0.04359474642337813,0.0018385102712841217,-0.0531925060902495,True,0.04228602153053096,0.05272500924580559,-0.0531925060902495,True,20,True,True,True,False,True,False,18,2,STOP_BEFORE_TARGET,True,True,False,True,False,20,8,STOP_BEFORE_TARGET,2024-12-27,2024-12-31,2025-01-03,2025-01-13,2025-01-28
V|2024-12-27T00:00:00|Long,V,2024-12-27,Long,-0.01051279126660587,-0.004864175901379886,-0.01704008226127729,True,-0.013368511004418715,0.0032008692711664732,-0.01961338080767483,True,-0.01763633669930742,0.0032008692711664732,-0.020868618025673746,True,-0.0300320316771423,0.0032008692711664732,-0.04650727155558909,True,0.05403879063204409,0.06015810798296206,-0.04650727155558909,True,20,True,True,True,False,True,False,16,4,STOP_BEFORE_TARGET,True,True,False,True,False,18,8,STOP_BEFORE_TARGET,2024-12-30,2025-01-02,2025-01-06,2025-01-14,2025-01-29
V|2024-12-30T00:00:00|Long,V,2024-12-30,Long,0.00231521674536328,0.0074530021937504465,-0.0003805623612210818,True,-0.0012685734660540238,0.013859361108191415,-0.010465852077384596,True,-0.011544144362828024,0.013859361108191415,-0.012654182440357098,True,0.0030763414678054435,0.013859361108191415,-0.03637690307796748,True,0.08797688132048553,0.09238528783851607,-0.03637690307796748,True,20,True,True,True,False,True,False,14,7,STOP_BEFORE_TARGET,True,True,False,True,False,16,8,STOP_BEFORE_TARGET,2024-12-31,2025-01-03,2025-01-07,2025-01-15,2025-01-30
V|2024-12-31T00:00:00|Long,V,2024-12-31,Long,-0.005189262764509706,0.011517478902807854,-0.011485903001728803,True,-0.009492469051030183,0.011517478902807854,-0.012751546229388344,True,-0.010884705570172404,0.011517478902807854,-0.018447085597439683,True,0.003828602146446647,0.011517478902807854,-0.03860274609914505,True,0.08150860192242204,0.11140991805812273,-0.03860274609914505,True,20,True,True,True,False,True,False,13,6,STOP_BEFORE_TARGET,True,True,False,True,False,16,6,STOP_BEFORE_TARGET,2025-01-02,2025-01-06,2025-01-08,2025-01-16,2025-01-31
V|2025-01-02T00:00:00|Long,V,2025-01-02,Long,0.0016221684972199668,0.004834667814117344,-0.007601730843691645,True,-0.008683144153141531,0.004834667814117344,-0.009796395140133862,True,-0.02127863413257225,0.004834667814117344,-0.02674937603490657,True,0.016603057640076857,0.019688303312894728,-0.033587779146301844,True,0.09993643141761432,0.11720740082345049,-0.033587779146301844,True,20,True,True,True,False,True,False,11,5,STOP_BEFORE_TARGET,True,True,False,True,False,14,6,STOP_BEFORE_TARGET,2025-01-03,2025-01-07,2025-01-10,2025-01-17,2025-02-03
V|2025-01-03T00:00:00|Long,V,2025-01-03,Long,-0.005938188991906235,0.0015242798918613243,-0.009018437981849203,True,-0.007335421332223868,0.0015242798918613243,-0.014924937767535118,True,-0.025372297295922275,0.0015242798918613243,-0.03515292367814582,True,0.02769045479437815,0.03070713155410565,-0.03515292367814582,True,0.0960274042828495,0.11539803726553743,-0.03515292367814582,True,20,True,True,True,False,True,False,10,4,STOP_BEFORE_TARGET,True,True,False,True,False,13,5,STOP_BEFORE_TARGET,2025-01-06,2025-01-08,2025-01-13,2025-01-21,2025-02-04
V|2025-01-06T00:00:00|Long,V,2025-01-06,Long,-0.004376421798464425,0.006868112183097574,-0.005494509244035828,True,-0.017026632201483816,0.006868112183097574,-0.022521141445519643,True,-0.012618234408412365,0.006868112183097574,-0.02938925362861733,True,0.03360589294183547,0.04056983562096561,-0.02938925362861733,True,0.11627904709586323,0.12206104782799643,-0.02938925362861733,True,20,True,True,True,False,True,False,9,3,STOP_BEFORE_TARGET,True,False,True,False,False,12,,TARGET_BEFORE_STOP,2025-01-07,2025-01-10,2025-01-14,2025-01-22,2025-02-05
V|2025-01-07T00:00:00|Long,V,2025-01-07,Long,0.0029839016771400217,0.007604180752336154,-0.004684512175550659,True,-0.015240478054849405,0.007604180752336154,-0.02512277971091781,True,0.01479123801761384,0.017711004510710726,-0.02512277971091781,True,0.053068878348089266,0.05403149360660331,-0.02512277971091781,True,0.1148971540917807,0.1269932456349152,-0.02512277971091781,True,20,True,True,True,False,True,False,8,3,STOP_BEFORE_TARGET,True,False,True,False,False,10,,TARGET_BEFORE_STOP,2025-01-08,2025-01-13,2025-01-15,2025-01-23,2025-02-06
V|2025-01-08T00:00:00|Long,V,2025-01-08,Long,-0.015643040796416985,-0.0023992321988364207,-0.021145283877415433,True,-0.011228437930556834,-0.0023992321988364207,-0.028023063322411335,True,0.01487522010778397,0.021049220869454155,-0.028023063322411335,True,0.05630200179102829,0.05914903990197673,-0.028023063322411335,True,0.11330768464037444,0.12364041312169927,-0.028023063322411335,True,20,True,True,True,False,True,False,7,1,STOP_BEFORE_TARGET,True,False,True,False,False,9,,TARGET_BEFORE_STOP,2025-01-10,2025-01-14,2025-01-16,2025-01-24,2025-02-07
V|2025-01-10T00:00:00|Long,V,2025-01-10,Long,-0.0025672810415032776,-0.0025672810415032776,-0.01257676131635288,True,0.027850923149077778,0.030808265085900066,-0.01257676131635288,True,0.03870528742271295,0.04185761021898049,-0.01257676131635288,True,0.08719254439211355,0.09027980745094655,-0.01257676131635288,True,0.14143193506800178,0.1436092543906149,-0.01257676131635288,True,20,True,True,False,True,False,False,3,,TARGET_BEFORE_STOP,True,False,True,False,False,6,,TARGET_BEFORE_STOP,2025-01-13,2025-01-15,2025-01-17,2025-01-27,2025-02-10
V|2025-01-13T00:00:00|Long,V,2025-01-13,Long,0.007070190327185033,0.01055646452699599,0.001954827185222774,True,0.033656933794895316,0.03994519324799106,0.001954827185222774,True,0.05444412460581538,0.05753933393688371,0.001954827185222774,True,0.08979537453683473,0.10071019090388877,0.001954827185222774,True,0.14270815155976013,0.1472695807114437,0.001954827185222774,True,20,True,True,False,True,False,False,2,,TARGET_BEFORE_STOP,True,False,True,False,False,5,,TARGET_BEFORE_STOP,2025-01-14,2025-01-16,2025-01-21,2025-01-28,2025-02-11
V|2025-01-14T00:00:00|Long,V,2025-01-14,Long,0.023261841297336217,0.026205979486508157,0.013070654478592125,True,0.03406774371237087,0.03720599222314669,0.013070654478592125,True,0.046814848077078475,0.053867786385046745,0.013070654478592125,True,0.08667381300699106,0.09298259592638858,0.013070654478592125,True,0.13717685592817963,0.13921511303865497,0.013070654478592125,True,20,True,True,False,True,False,False,2,,TARGET_BEFORE_STOP,True,False,True,False,False,4,,TARGET_BEFORE_STOP,2025-01-15,2025-01-17,2025-01-22,2025-01-29,2025-02-12
V|2025-01-15T00:00:00|Long,V,2025-01-15,Long,0.0030669066158053315,0.009169071416710084,-0.0016757265124017762,True,0.023238921626038467,0.0262425313804322,-0.0016757265124017762,True,0.03771971898895221,0.038668303508064605,-0.0016757265124017762,True,0.08464015782532064,0.08903504417223584,-0.0016757265124017762,True,0.12441509502779025,0.12583782707278157,-0.0016757265124017762,True,20,True,True,False,True,False,False,5,,TARGET_BEFORE_STOP,True,False,True,False,False,7,,TARGET_BEFORE_STOP,2025-01-16,2025-01-21,2025-01-23,2025-01-30,2025-02-13
V|2025-01-16T00:00:00|Long,V,2025-01-16,Long,0.007470433781520791,0.010527963240001936,-0.0017021545939224225,True,0.019889669215425565,0.02676119853230885,-0.0017021545939224225,True,0.04081958142484243,0.043624889953949975,-0.0017021545939224225,True,0.07738372826782891,0.107171000788022,-0.0017021545939224225,True,0.11524033903418052,0.12239554475103431,-0.0017021545939224225,True,20,True,True,False,True,False,False,4,,TARGET_BEFORE_STOP,True,False,True,False,False,6,,TARGET_BEFORE_STOP,2025-01-17,2025-01-22,2025-01-24,2025-01-31,2025-02-14
V|2025-01-17T00:00:00|Long,V,2025-01-17,Long,0.012546179296932802,0.015518401635853829,0.0011889271278950897,True,0.02687565380489154,0.027814325712563814,0.0011889271278950897,True,0.04668047573889744,0.04965269807781847,0.0011889271278950897,True,0.08197238160092302,0.09896128329272846,0.0011889271278950897,True,0.11610667804288766,0.11613790026990523,0.0011889271278950897,True,20,True,True,False,True,False,False,4,,TARGET_BEFORE_STOP,True,False,True,False,False,6,,TARGET_BEFORE_STOP,2025-01-21,2025-01-23,2025-01-27,2025-02-03,2025-02-18
V|2025-01-21T00:00:00|Long,V,2025-01-21,Long,-0.00021631901604457493,0.006519745758204687,-0.003862435439052181,True,0.020300983299115893,0.023050988296896113,-0.003862435439052181,True,0.033525958470520756,0.043877210008988365,-0.003862435439052181,True,0.06649565457153561,0.08534435837365817,-0.003862435439052181,True,0.09764238675878678,0.10357503478643637,-0.003862435439052181,True,20,True,True,False,True,False,False,4,,TARGET_BEFORE_STOP,True,False,True,False,False,7,,TARGET_BEFORE_STOP,2025-01-22,2025-01-24,2025-01-28,2025-02-04,2025-02-19
V|2025-01-22T00:00:00|Long,V,2025-01-22,Long,0.014371349769967567,0.015298591433988484,3.093635091033775e-05,True,0.03393500763128099,0.03687103710532336,3.093635091033775e-05,True,0.03807642297310787,0.044103069357601,3.093635091033775e-05,True,0.07998518073336891,0.08557918979583334,3.093635091033775e-05,True,0.08323029076208499,0.1038138107038642,3.093635091033775e-05,True,20,True,True,False,True,False,False,3,,TARGET_BEFORE_STOP,True,False,True,False,False,6,,TARGET_BEFORE_STOP,2025-01-23,2025-01-27,2025-01-29,2025-02-05,2025-02-20
V|2025-01-23T00:00:00|Long,V,2025-01-23,Long,0.00606325463502988,0.008774884853579135,-0.0012187133448041676,True,0.01910368268635776,0.029310488308227356,-0.0012187133448041676,True,0.04521494385987257,0.04945008198676226,-0.0012187133448041676,True,0.05871247077463648,0.07019898584676487,-0.0012187133448041676,True,0.061911604927481045,0.08817526338276394,-0.0012187133448041676,True,20,True,True,False,True,False,False,5,,TARGET_BEFORE_STOP,True,False,True,False,False,6,,TARGET_BEFORE_STOP,2025-01-24,2025-01-28,2025-01-30,2025-02-06,2025-02-21
V|2025-01-24T00:00:00|Long,V,2025-01-24,Long,0.013143537787543957,0.01602052644391483,-0.006511279026587213,True,0.01720167312477261,0.023107129264581916,-0.006511279026587213,True,0.035130148870692546,0.0637492035577838,-0.006511279026587213,True,0.05396722031453982,0.0637492035577838,-0.006511279026587213,True,0.05953958939348758,0.08161714322577263,-0.006511279026587213,True,20,True,True,False,True,False,False,4,,TARGET_BEFORE_STOP,True,False,True,False,False,5,,TARGET_BEFORE_STOP,2025-01-27,2025-01-29,2025-01-31,2025-02-07,2025-02-24
V|2025-01-27T00:00:00|Long,V,2025-01-27,Long,-0.00017934344790238033,0.009834333542506624,-0.004932127262329611,True,0.02543785206756266,0.02959285479648388,-0.004932127262329611,True,0.033717936543252724,0.04994915713596715,-0.004932127262329611,True,0.04988940639416861,0.051892105303247726,-0.004932127262329611,True,0.052460056629107576,0.06758529555225512,-0.004932127262329611,True,20,True,True,False,True,False,False,4,,TARGET_BEFORE_STOP,True,False,True,False,False,10,,TARGET_BEFORE_STOP,2025-01-28,2025-01-30,2025-02-03,2025-02-10,2025-02-25
V|2025-01-28T00:00:00|Long,V,2025-01-28,Long,0.00418558314548001,0.007862874548105303,5.976145962494073e-05,True,0.021884646514615858,0.050137492414628504,5.976145962494073e-05,True,0.03190021095339057,0.050137492414628504,5.976145962494073e-05,True,0.04855294696530854,0.05273853011078855,5.976145962494073e-05,True,0.048283883538692285,0.06777679432413941,5.976145962494073e-05,True,20,True,True,False,True,False,False,3,,TARGET_BEFORE_STOP,True,False,True,False,False,3,,TARGET_BEFORE_STOP,2025-01-29,2025-01-31,2025-02-04,2025-02-11,2025-02-26
V|2025-01-29T00:00:00|Long,V,2025-01-29,Long,0.021346858419446058,0.025485284727146285,0.00928901712466046,True,0.029593909422724662,0.04576037541308842,0.00928901712466046,True,0.0403715534163005,0.04576037541308842,0.00928901712466046,True,0.04647488723542437,0.04835057162762957,0.00928901712466046,True,0.059128215621205626,0.07273428700915008,0.00928901712466046,True,20,True,True,False,True,False,False,2,,TARGET_BEFORE_STOP,True,False,True,False,False,11,,TARGET_BEFORE_STOP,2025-01-30,2025-02-03,2025-02-05,2025-02-12,2025-02-27
V|2025-01-30T00:00:00|Long,V,2025-01-30,Long,-0.00364378383465902,0.02390325753918976,-0.0039061255956065466,True,0.006121574634140536,0.02390325753918976,-0.011106246011275411,True,0.012913637519301968,0.02390325753918976,-0.011106246011275411,True,0.03667109032936566,0.037982799134103074,-0.011106246011275411,True,0.05730944282666539,0.06106985265271203,-0.011106246011275411,True,20,True,True,False,True,False,False,10,,TARGET_BEFORE_STOP,True,False,True,False,False,19,,TARGET_BEFORE_STOP,2025-01-31,2025-02-04,2025-02-06,2025-02-13,2025-02-28
V|2025-01-31T00:00:00|Long,V,2025-01-31,Long,0.011761321459393903,0.012287923806408196,-0.007489753218318906,True,0.022352296434443142,0.02246934893985797,-0.007489753218318906,True,0.018197780698782973,0.02618494010143846,-0.007489753218318906,True,0.03513753714028667,0.041778815942926206,-0.007489753218318906,True,0.05857232371633758,0.07238157295353198,-0.007489753218318906,True,20,True,True,False,True,False,False,7,,TARGET_BEFORE_STOP,True,False,True,False,False,18,,TARGET_BEFORE_STOP,2025-02-03,2025-02-05,2025-02-07,2025-02-14,2025-03-03
V|2025-02-03T00:00:00|Long,V,2025-02-03,Long,-0.0019374628811057448,0.000549425820895566,-0.009484699293935805,True,0.004800195555351605,0.013966764414926836,-0.009484699293935805,True,0.015643986893555617,0.017581361527661432,-0.009484699293935805,True,0.0315482141895882,0.03157707095853013,-0.009484699293935805,True,0.01853566458374334,0.059915565270569626,-0.009484699293935805,True,20,True,True,False,True,False,False,10,,TARGET_BEFORE_STOP,True,False,True,False,False,18,,TARGET_BEFORE_STOP,2025-02-04,2025-02-06,2025-02-10,2025-02-18,2025-03-04
V|2025-02-04T00:00:00|Long,V,2025-02-04,Long,0.012429403507996373,0.012545319908487063,0.00028974679207327547,True,0.008315211264492417,0.016224847754727545,0.00028974679207327547,True,0.016137932558936363,0.020194122393041525,0.00028974679207327547,True,0.029204743642171183,0.0347674930094275,0.00028974679207327547,True,0.02181659832668359,0.06197309873009216,0.00028974679207327547,True,20,True,True,False,True,False,False,7,,TARGET_BEFORE_STOP,True,False,True,False,False,17,,TARGET_BEFORE_STOP,2025-02-05,2025-02-07,2025-02-11,2025-02-19,2025-03-05
V|2025-02-05T00:00:00|Long,V,2025-02-05,Long,-0.0056089498665991,0.003462658672803265,-0.00812727884056963,True,0.005122506102380298,0.007039810662462953,-0.00812727884056963,True,0.005866494329917149,0.0076693929059556964,-0.009128898864236734,True,0.003004772738189221,0.022063849019034132,-0.009128898864236734,True,-0.015109886511010528,0.04893545668510835,-0.02589854547201198,True,20,True,True,True,True,False,False,15,20,TARGET_BEFORE_STOP,False,False,False,False,True,,,NEITHER,2025-02-06,2025-02-10,2025-02-12,2025-02-20,2025-03-06
V|2025-02-06T00:00:00|Long,V,2025-02-06,Long,0.001553982992607228,0.00941058164580455,-0.0007770793217243277,True,0.009324249257326223,0.013353240428675806,-0.003539803578446743,True,0.023454569007726356,0.024749554834899268,-0.003539803578446743,True,0.0030217214221570643,0.027828889732988804,-0.003539803578446743,True,-0.006216195446691053,0.05485206905712814,-0.02400137007656178,True,20,True,True,True,True,False,False,14,19,TARGET_BEFORE_STOP,True,False,True,False,False,16,,TARGET_BEFORE_STOP,2025-02-07,2025-02-11,2025-02-13,2025-02-21,2025-03-07
V|2025-02-07T00:00:00|Long,V,2025-02-07,Long,0.009223671265991884,0.011148798934822235,-0.0009194207710524482,True,0.009970695161900078,0.011780950040069627,-0.005085883195066532,True,0.01663699996466117,0.02315958224536674,-0.005085883195066532,True,0.005287042112452678,0.026234139334030626,-0.005085883195066532,True,-0.018791960903966398,0.05321539025312272,-0.02982579935897478,True,20,True,True,True,True,False,False,13,18,TARGET_BEFORE_STOP,True,False,True,False,False,15,,TARGET_BEFORE_STOP,2025-02-10,2025-02-12,2025-02-14,2025-02-24,2025-03-10
V|2025-02-10T00:00:00|Long,V,2025-02-10,Long,-0.001452067732460538,0.002533906850272105,-0.014178774109715797,True,0.012527385926186296,0.013808545495066715,-0.014178774109715797,True,0.01565925412966518,0.015687666417154134,-0.014178774109715797,True,0.0024484962123465515,0.016855003060620266,-0.01489055838833686,True,-0.05435183708898306,0.04358966227174044,-0.06164058803877448,True,20,True,True,True,True,False,False,13,17,TARGET_BEFORE_STOP,False,True,False,True,False,,17,STOP_BEFORE_TARGET,2025-02-11,2025-02-13,2025-02-18,2025-02-25,2025-03-11
V|2025-02-11T00:00:00|Long,V,2025-02-11,Long,0.002195452243932028,0.0031648761054376973,-0.009209657205422772,True,0.008810436607937122,0.015282804895377256,-0.009209657205422772,True,0.012859288748653164,0.01833369255645878,-0.009209657205422772,True,-0.00025660452092091113,0.01833369255645878,-0.01345803263080192,True,-0.05098085316086909,0.04510722875557782,-0.061616149047461266,True,20,True,True,True,True,False,False,12,16,TARGET_BEFORE_STOP,False,True,False,True,False,,17,STOP_BEFORE_TARGET,2025-02-12,2025-02-14,2025-02-19,2025-02-26,2025-03-12
V|2025-02-12T00:00:00|Long,V,2025-02-12,Long,0.011778470976305577,0.013058682936688992,-0.0021621646964686825,True,0.014908022696347834,0.01493641396871448,-0.0021621646964686825,True,-0.002845031232136086,0.016102887192705806,-0.006913405056459543,True,0.012091382736578282,0.02509319630507134,-0.015619193680918908,True,-0.06526502341107854,0.04281777213772564,-0.06768323049962388,True,20,True,True,True,True,False,False,11,15,TARGET_BEFORE_STOP,False,True,False,True,False,,15,STOP_BEFORE_TARGET,2025-02-13,2025-02-18,2025-02-20,2025-02-27,2025-03-13
V|2025-02-13T00:00:00|Long,V,2025-02-13,Long,-0.0051176990108539044,-0.000562416568582691,-0.0067767163316366785,True,-0.00112474732444523,0.004274074157979868,-0.009082504125017432,True,-0.01996458680660318,0.004274074157979868,-0.02291705925986187,True,0.019908293662112664,0.023535683160214704,-0.027078718754301345,True,-0.0670078923675077,0.03067796168015824,-0.08224840311108872,True,20,True,True,True,False,True,False,11,5,STOP_BEFORE_TARGET,False,True,False,True,False,,14,STOP_BEFORE_TARGET,2025-02-14,2025-02-19,2025-02-21,2025-02-28,2025-03-14
V|2025-02-14T00:00:00|Long,V,2025-02-14,Long,0.008253055164872292,0.008281260269633828,-0.003985200169127179,True,-0.009383588217201089,0.009440084680867544,-0.013425284849994612,True,-0.011164218745336907,0.009440084680867544,-0.018230158140070896,True,0.022639297422053506,0.035979794449476854,-0.022073987768817527,True,-0.05443602469835629,0.035979794449476854,-0.07752746633802687,True,20,True,True,True,False,True,False,10,6,STOP_BEFORE_TARGET,False,True,False,True,False,,13,STOP_BEFORE_TARGET,2025-02-18,2025-02-20,2025-02-24,2025-03-03,2025-03-17
V|2025-02-18T00:00:00|Long,V,2025-02-18,Long,-0.004204860689608458,0.00117731308614899,-0.007148314501200237,True,-0.022986605989103404,0.00117731308614899,-0.025929974252585364,True,-0.013007076796281436,0.00117731308614899,-0.03007880093031856,True,-0.012614582068825375,0.027499782066190415,-0.03007880093031856,True,-0.06155922209050668,0.027499782066190415,-0.0850783650626995,True,20,True,False,True,False,True,False,,2,STOP_BEFORE_TARGET,False,True,False,True,False,,5,STOP_BEFORE_TARGET,2025-02-19,2025-02-21,2025-02-25,2025-03-04,2025-03-18
V|2025-02-19T00:00:00|Long,V,2025-02-19,Long,-0.013343525618210061,0.0025335525396219527,-0.01736906577966979,True,-0.015117038168749541,0.0025335525396219527,-0.02215473183955885,True,-0.012949373536158437,0.0025335525396219527,-0.025983195959992655,True,-0.007178499089833479,0.03183851929399362,-0.025983195959992655,True,-0.043239634586312525,0.03183851929399362,-0.0812150021430087,True,20,True,True,True,False,True,False,8,2,STOP_BEFORE_TARGET,False,True,False,True,False,,11,STOP_BEFORE_TARGET,2025-02-20,2025-02-24,2025-02-26,2025-03-05,2025-03-19
V|2025-02-20T00:00:00|Long,V,2025-02-20,Long,-0.005592146736537185,0.008074459096396147,-0.00858791786331492,True,0.004565055060333334,0.008074459096396147,-0.012810609031580378,True,0.01497902977625487,0.028017939450002638,-0.012810609031580378,True,-0.018060391876049686,0.04579308613011768,-0.02881673048403921,True,-0.03135607446884836,0.04579308613011768,-0.06878936923545231,True,20,True,True,True,True,False,False,6,10,TARGET_BEFORE_STOP,False,True,False,True,False,,11,STOP_BEFORE_TARGET,2025-02-21,2025-02-25,2025-02-27,2025-03-06,2025-03-20
V|2025-02-21T00:00:00|Long,V,2025-02-21,Long,0.003815988801319392,0.006513037677165157,-0.0033569948980927133,True,0.006025323819673467,0.011648918522978224,-0.0072590560013715555,True,0.040685142528464446,0.04438642663439518,-0.0072590560013715555,True,-0.009210086553010921,0.05167420259003208,-0.02694168124335683,True,-0.036926506074839494,0.05167420259003208,-0.06355261806462353,True,20,True,True,True,True,False,False,4,9,TARGET_BEFORE_STOP,True,True,True,False,False,6,11,TARGET_BEFORE_STOP,2025-02-24,2025-02-26,2025-02-28,2025-03-07,2025-03-21
V|2025-02-24T00:00:00|Long,V,2025-02-24,Long,0.006374009831639604,0.007803152977282624,-0.011032943214937085,True,0.016806737349239542,0.02986912663513208,-0.011032943214937085,True,0.034185166847926496,0.04767628163191673,-0.011032943214937085,True,-0.02395236584948013,0.04767628163191673,-0.034928174740662454,True,-0.017121106971852873,0.04767628163191673,-0.06711250629349841,True,20,True,True,True,True,False,False,4,8,TARGET_BEFORE_STOP,False,True,False,True,False,,9,STOP_BEFORE_TARGET,2025-02-25,2025-02-27,2025-03-03,2025-03-10,2025-03-24
V|2025-02-25T00:00:00|Long,V,2025-02-25,Long,-0.00414664281934618,-0.0007384752998647048,-0.008804584440793461,True,0.030162728926259597,0.033826589184543954,-0.008804584440793461,True,0.00039766721546707906,0.04104067811447831,-0.008804584440793461,True,-0.056661597594234725,0.04104067811447831,-0.06393254565523865,True,-0.021216170008801938,0.04104067811447831,-0.0730210790493604,True,20,True,True,True,True,False,False,3,7,TARGET_BEFORE_STOP,False,True,False,True,False,,7,STOP_BEFORE_TARGET,2025-02-26,2025-02-28,2025-03-04,2025-03-11,2025-03-25
V|2025-02-26T00:00:00|Long,V,2025-02-26,Long,0.014573725238575586,0.02760742817494033,0.002994574846267639,True,0.031913989919790664,0.04537547682899179,0.002994574846267639,True,0.005846584047060954,0.04537547682899179,-0.0048199025122538375,True,-0.0507372680523096,0.04537547682899179,-0.061375293704377665,True,-0.018395494159682557,0.04537547682899179,-0.06916122311923889,True,20,True,True,True,True,False,False,2,6,TARGET_BEFORE_STOP,False,True,False,True,False,,7,STOP_BEFORE_TARGET,2025-02-27,2025-03-03,2025-03-05,2025-03-12,2025-03-26
V|2025-02-27T00:00:00|Long,V,2025-02-27,Long,0.019592965120708072,0.023219233126371197,-0.005706411522526378,True,-0.009866698556252773,0.030359303443594943,-0.01501095318064305,True,-0.03255182686837177,0.030359303443594943,-0.043149423757009586,True,-0.07643223474395566,0.030359303443594943,-0.07882155168686533,True,-0.01652893979937009,0.030359303443594943,-0.08253214751655846,True,20,True,True,True,True,False,False,2,5,TARGET_BEFORE_STOP,False,True,False,True,False,,5,STOP_BEFORE_TARGET,2025-02-28,2025-03-04,2025-03-06,2025-03-13,2025-03-27
V|2025-02-28T00:00:00|Long,V,2025-02-28,Long,-0.0024537072367073476,0.010559447437548997,-0.008739717638985511,True,-0.02765294316558442,0.010559447437548997,-0.03796418443956018,True,-0.04794459634568171,0.010559447437548997,-0.06498298189163554,True,-0.08521960902733394,0.010559447437548997,-0.10016262972663414,True,-0.054754447959623365,0.010559447437548997,-0.10016262972663414,True,20,True,False,True,False,True,False,,2,STOP_BEFORE_TARGET,False,True,False,True,False,,2,STOP_BEFORE_TARGET,2025-03-03,2025-03-05,2025-03-07,2025-03-14,2025-03-28
V|2025-03-03T00:00:00|Long,V,2025-03-03,Long,-0.02650488127732875,-0.0042839485909300645,-0.031562691936770526,True,-0.048808809089113336,-0.0042839485909300645,-0.05922832414454715,True,-0.05621578665124627,-0.0042839485909300645,-0.06682878830996786,True,-0.07536902045003269,-0.0042839485909300645,-0.09794926130121173,True,-0.03139687037527794,-0.0042839485909300645,-0.09794926130121173,True,20,True,False,True,False,True,False,,1,STOP_BEFORE_TARGET,False,True,False,True,False,,1,STOP_BEFORE_TARGET,2025-03-04,2025-03-06,2025-03-10,2025-03-17,2025-03-31
V|2025-03-04T00:00:00|Long,V,2025-03-04,Long,0.0012775222877603465,0.005337348626171856,-0.009340511717638944,True,-0.019617873112968698,0.005337348626171856,-0.03716320565994791,True,-0.057036583230468785,0.005337348626171856,-0.06430464102316846,True,-0.04956994415031257,0.005337348626171856,-0.07338956164220489,True,-0.016693651021805533,0.005337348626171856,-0.07338956164220489,True,20,True,False,True,False,True,False,,2,STOP_BEFORE_TARGET,False,True,False,True,False,,2,STOP_BEFORE_TARGET,2025-03-05,2025-03-07,2025-03-11,2025-03-18,2025-04-01
V|2025-03-05T00:00:00|Long,V,2025-03-05,Long,-0.024157846179565734,-0.010802987517628426,-0.034847392204189864,True,-0.03175678213124289,-0.010802987517628426,-0.0426448291359981,True,-0.0562549527898214,-0.010802987517628426,-0.066831143851947,True,-0.03632187202172821,-0.010802987517628426,-0.0745718167720002,True,-0.018005008039549297,-0.0023250746888060503,-0.0745718167720002,True,20,True,False,True,False,True,False,,1,STOP_BEFORE_TARGET,False,True,False,True,False,,1,STOP_BEFORE_TARGET,2025-03-06,2025-03-10,2025-03-12,2025-03-19,2025-04-02
V|2025-03-06T00:00:00|Long,V,2025-03-06,Long,0.003370535941905173,0.006479576251160024,-0.01458620688126333,True,-0.03492558369877552,0.006479576251160024,-0.0423640659422998,True,-0.04535685641282794,0.006479576251160024,-0.0478265669454091,True,-0.013540224350661267,0.006479576251160024,-0.051662013569575005,True,-0.013859800566352165,0.02237326129567574,-0.051662013569575005,True,20,True,False,True,False,True,False,,3,STOP_BEFORE_TARGET,False,True,False,True,False,,3,STOP_BEFORE_TARGET,2025-03-07,2025-03-11,2025-03-13,2025-03-20,2025-04-03
V|2025-03-07T00:00:00|Long,V,2025-03-07,Long,-0.011120109627141495,-0.0008977109695896823,-0.02224021925428299,True,-0.03614042256929162,-0.0008977109695896823,-0.04694202950550952,True,-0.03915214654375976,-0.0008977109695896823,-0.054847683423172144,True,-0.02797406306388628,-0.0008977109695896823,-0.054847683423172144,True,-0.09321788995325508,0.01893889114048175,-0.09614274152340085,True,20,True,False,True,False,True,False,,1,STOP_BEFORE_TARGET,False,True,False,True,False,,2,STOP_BEFORE_TARGET,2025-03-10,2025-03-12,2025-03-14,2025-03-21,2025-04-04
V|2025-03-10T00:00:00|Long,V,2025-03-10,Long,-0.027351517035837825,-0.005476237479799306,-0.03484837774161531,True,-0.03786465613613044,-0.005476237479799306,-0.04035374937319125,True,-0.02029408155793,-0.005476237479799306,-0.04421929722885065,True,0.006998899068663356,0.010952296222471292,-0.04421929722885065,True,-0.085393003174282,0.030397018950693244,-0.12439970018634239,True,20,True,True,True,False,True,False,15,1,STOP_BEFORE_TARGET,False,True,False,True,False,,1,STOP_BEFORE_TARGET,2025-03-11,2025-03-13,2025-03-17,2025-03-24,2025-04-07
V|2025-03-11T00:00:00|Long,V,2025-03-11,Long,0.0021074897891903976,0.012103296309921907,-0.009122746923709957,True,-0.0010237455304162868,0.01222375317497093,-0.01734211330038582,True,0.007918270154886775,0.01222375317497093,-0.01734211330038582,True,0.03757445630861356,0.04031427572806123,-0.01734211330038582,True,-0.07186735889089269,0.05937246291747811,-0.0997772420872427,True,20,True,True,True,True,False,False,7,18,TARGET_BEFORE_STOP,True,True,True,False,False,12,18,TARGET_BEFORE_STOP,2025-03-12,2025-03-14,2025-03-18,2025-03-25,2025-04-08
V|2025-03-12T00:00:00|Long,V,2025-03-12,Long,-0.012889101646806789,0.010094988301014185,-0.015442807917956491,True,0.005137578037172519,0.010094988301014185,-0.019408699453656086,True,0.021121256028858282,0.024606425103706586,-0.019408699453656086,True,0.03407041360010887,0.043684679440271434,-0.019408699453656086,True,-0.0012318341143506828,0.05714454159037796,-0.1016704624150312,True,20,True,True,True,True,False,False,8,17,TARGET_BEFORE_STOP,True,True,True,False,False,11,17,TARGET_BEFORE_STOP,2025-03-13,2025-03-17,2025-03-19,2025-03-26,2025-04-09
V|2025-03-13T00:00:00|Long,V,2025-03-13,Long,0.009891949842493863,0.012844320126294662,-0.006604726801949012,True,0.018931673875521637,0.02301018974122626,-0.006604726801949012,True,0.03332829893127642,0.041667943844310384,-0.006604726801949012,True,0.06486074676716158,0.06784358354311548,-0.006604726801949012,True,-0.011992094316828905,0.07094810051638856,-0.08994061449056956,True,20,True,True,True,True,False,False,4,16,TARGET_BEFORE_STOP,True,True,True,False,False,7,16,TARGET_BEFORE_STOP,2025-03-14,2025-03-18,2025-03-20,2025-03-27,2025-04-10
V|2025-03-14T00:00:00|Long,V,2025-03-14,Long,0.008288125681655822,0.012989745983001733,-0.00614821610125138,True,0.024321903620003082,0.02781799676281871,-0.00614821610125138,True,0.011633562420590327,0.0314647463095159,-0.00614821610125138,True,0.033303251106331144,0.05973480425980515,-0.00614821610125138,True,0.0048222006099469805,0.06045810215975789,-0.0988546986126918,True,20,True,True,True,True,False,False,4,15,TARGET_BEFORE_STOP,True,True,True,False,False,9,15,TARGET_BEFORE_STOP,2025-03-17,2025-03-19,2025-03-21,2025-03-28,2025-04-11
V|2025-03-17T00:00:00|Long,V,2025-03-17,Long,0.0006576034336587266,0.0037363624140185347,-0.0067254523452333625,True,0.014796031647427599,0.022986108868624733,-0.0067254523452333625,True,0.027858340051670538,0.031893629702767656,-0.0067254523452333625,True,0.04755643175200186,0.05174113941174552,-0.0067254523452333625,True,0.0018831412518309776,0.05174113941174552,-0.10626211056677226,True,20,True,True,True,True,False,False,5,14,TARGET_BEFORE_STOP,True,True,True,False,False,9,14,TARGET_BEFORE_STOP,2025-03-18,2025-03-20,2025-03-24,2025-03-31,2025-04-14
V|2025-03-18T00:00:00|Long,V,2025-03-18,Long,0.015234358726544439,0.018699435346844595,-0.000806491090994621,True,0.002658585529305535,0.02231383178256774,-0.000806491090994621,True,0.029423205265611152,0.032141500489118124,-0.000806491090994621,True,0.03459096534896022,0.05104996534558737,-0.0008363915180146231,True,0.0031066361354135097,0.05104996534558737,-0.10684944943559749,True,20,True,True,True,True,False,False,4,13,TARGET_BEFORE_STOP,True,True,True,False,False,8,13,TARGET_BEFORE_STOP,2025-03-19,2025-03-21,2025-03-25,2025-04-01,2025-04-15
V|2025-03-19T00:00:00|Long,V,2025-03-19,Long,-0.0010886371921708937,0.006973240213130172,-0.0065024611964233925,True,0.011769206041918556,0.01574133103944919,-0.012799029528969608,True,0.01268131232681391,0.022096713077115027,-0.012799029528969608,True,0.01900724261596176,0.03527816637723746,-0.015829596493086906,True,-0.025127280041232436,0.03527816637723746,-0.1202518483665953,True,20,True,True,True,True,False,False,6,11,TARGET_BEFORE_STOP,False,True,False,True,False,,12,STOP_BEFORE_TARGET,2025-03-20,2025-03-24,2025-03-26,2025-04-02,2025-04-16
V|2025-03-20T00:00:00|Long,V,2025-03-20,Long,-0.011310740317792667,-0.00020620714055596956,-0.011723154598904606,True,0.015080987090390297,0.017761410248297027,-0.011723154598904606,True,0.030515420770434565,0.033402051068897265,-0.011723154598904606,True,-0.0003239627439248771,0.036406436970729095,-0.025036818851251863,True,-0.029131118257547883,0.036406436970729095,-0.11929307805596467,True,20,True,True,True,True,False,False,5,10,TARGET_BEFORE_STOP,False,True,False,True,False,,11,STOP_BEFORE_TARGET,2025-03-21,2025-03-25,2025-03-27,2025-04-03,2025-04-17
V|2025-03-21T00:00:00|Long,V,2025-03-21,Long,0.0244592485416959,0.028481193631330726,0.00592858908617,True,0.02538279485407058,0.03491628759112153,0.00592858908617,True,0.021420492054346818,0.047548088187308046,0.00592858908617,True,-0.06712148761690595,0.048263068321243274,-0.07013051387742442,True,-0.04635642432470788,0.048263068321243274,-0.10921767044670894,True,20,True,True,True,True,False,False,3,10,TARGET_BEFORE_STOP,False,True,False,True,False,,10,STOP_BEFORE_TARGET,2025-03-24,2025-03-26,2025-03-28,2025-04-04,2025-04-21
V|2025-03-24T00:00:00|Long,V,2025-03-24,Long,0.0021810568256890317,0.004827416423883291,-0.009305789207815551,True,0.017419345448659085,0.02026929164996738,-0.009305789207815551,True,0.01916420865869628,0.023235496983829762,-0.027277764899539703,True,-0.09174975496834736,0.023235496983829762,-0.13048534549196777,True,-0.03626370837168702,0.023235496983829762,-0.13048534549196777,True,20,True,False,True,False,True,False,,5,STOP_BEFORE_TARGET,False,True,False,True,False,,8,STOP_BEFORE_TARGET,2025-03-25,2025-03-27,2025-03-31,2025-04-07,2025-04-22
V|2025-03-25T00:00:00|Long,V,2025-03-25,Long,-0.0012767757171391336,0.00800884976127536,-0.004700815797518132,True,-0.005136060120568442,0.02031222824903023,-0.008734286484454956,True,0.005020054003946672,0.02100861916591068,-0.02939471019192552,True,-0.10547851726117885,0.02100861916591068,-0.13237767907713682,True,-0.029742905650365747,0.02100861916591068,-0.13237767907713682,True,20,True,False,True,False,True,False,,4,STOP_BEFORE_TARGET,False,True,False,True,False,,7,STOP_BEFORE_TARGET,2025-03-26,2025-03-28,2025-04-01,2025-04-08,2025-04-23
V|2025-03-26T00:00:00|Long,V,2025-03-26,Long,0.016502971691128465,0.01935035099028304,-0.0024986500373733733,True,0.01824626333004975,0.022313884709201703,-0.028153880665963804,True,0.006246713760929445,0.022313884709201703,-0.028153880665963804,True,-0.034139113981179414,0.022313884709201703,-0.1312685037980722,True,-0.02460922017823941,0.022313884709201703,-0.1312685037980722,True,20,True,False,True,False,True,False,,3,STOP_BEFORE_TARGET,False,True,False,True,False,,6,STOP_BEFORE_TARGET,2025-03-27,2025-03-31,2025-04-02,2025-04-09,2025-04-24
V|2025-03-27T00:00:00|Long,V,2025-03-27,Long,-0.020036527586893893,0.005030611785616035,-0.023580861903112038,True,-0.010032525567391759,0.005716572582572521,-0.04393184634059455,True,-0.029926173730911443,0.005716572582572521,-0.05390723758423166,True,-0.07217172885497936,0.005716572582572521,-0.14537239890539355,True,-0.041988145369258656,0.005716572582572521,-0.14537239890539355,True,20,True,False,True,False,True,False,,1,STOP_BEFORE_TARGET,False,True,False,True,False,,2,STOP_BEFORE_TARGET,2025-03-28,2025-04-01,2025-04-03,2025-04-10,2025-04-25
V|2025-03-28T00:00:00|Long,V,2025-03-28,Long,0.022196252635517943,0.026279653165082628,-0.024383887181896435,True,0.010150154314710225,0.026279653165082628,-0.024383887181896435,True,-0.08668514129099902,0.026279653165082628,-0.08963106442836088,True,-0.027563109344609593,0.026279653165082628,-0.1278985134107774,True,-0.015575313527275592,0.026279653165082628,-0.1278985134107774,True,20,True,False,True,False,True,False,,1,STOP_BEFORE_TARGET,False,True,False,True,False,,4,STOP_BEFORE_TARGET,2025-03-31,2025-04-02,2025-04-04,2025-04-11,2025-04-28
V|2025-03-31T00:00:00|Long,V,2025-03-31,Long,-0.011727402419027144,-2.847471406208779e-05,-0.0225132235440082,True,-0.031586991601178505,-2.847471406208779e-05,-0.05552699860055921,True,-0.10882835433655524,-2.847471406208779e-05,-0.1468355667116834,True,-0.043599837789916385,-2.847471406208779e-05,-0.1468355667116834,True,-0.02550933818233625,-2.847471406208779e-05,-0.1468355667116834,True,20,True,False,True,False,True,False,,1,STOP_BEFORE_TARGET,False,True,False,True,False,,3,STOP_BEFORE_TARGET,2025-04-01,2025-04-03,2025-04-07,2025-04-14,2025-04-29
V|2025-04-01T00:00:00|Long,V,2025-04-01,Long,-5.7801446216809715e-05,0.005341435169378128,-0.009527986869908078,True,-0.09591453915197701,0.005341435169378128,-0.09883069260318589,True,-0.10994663322876497,0.005341435169378128,-0.13671143429795074,True,-0.030431668425528247,0.005341435169378128,-0.13671143429795074,True,-0.002454182441277597,0.005341435169378128,-0.13671143429795074,True,20,True,False,True,False,True,False,,2,STOP_BEFORE_TARGET,False,True,False,True,False,,2,STOP_BEFORE_TARGET,2025-04-02,2025-04-04,2025-04-08,2025-04-15,2025-04-30
V|2025-04-02T00:00:00|Long,V,2025-04-02,Long,-0.020038611130717143,-0.004590986629911309,-0.04426410408174941,True,-0.0982010815310973,-0.004590986629911309,-0.13666153208593068,True,-0.04013511516590551,-0.004590986629911309,-0.13666153208593068,True,-0.04331129437696002,-0.004590986629911309,-0.13666153208593068,True,-0.011203114127181668,0.0005486167781392215,-0.13666153208593068,True,20,True,False,True,False,True,False,,1,STOP_BEFORE_TARGET,False,True,False,True,False,,1,STOP_BEFORE_TARGET,2025-04-03,2025-04-07,2025-04-09,2025-04-16,2025-05-01
V|2025-04-03T00:00:00|Long,V,2025-04-03,Long,-0.07737413781258962,-0.013966294078696317,-0.08035009385735192,True,-0.09169399302157366,-0.013966294078696317,-0.11900766936315477,True,-0.04354880420446405,-0.013966294078696317,-0.11900766936315477,True,-0.02881649098311212,0.0006481354595917477,-0.11900766936315477,True,0.024190433132166733,0.03152709634235085,-0.11900766936315477,True,20,True,True,True,False,True,False,20,1,STOP_BEFORE_TARGET,False,True,False,True,False,,1,STOP_BEFORE_TARGET,2025-04-04,2025-04-08,2025-04-10,2025-04-17,2025-05-02
V|2025-04-04T00:00:00|Long,V,2025-04-04,Long,-0.0025867772042378334,0.028901694669457356,-0.045125042833568774,True,0.06163570239840688,0.06674542065780664,-0.045125042833568774,True,0.0647334611745618,0.07616646674419258,-0.045125042833568774,True,0.022259129154076573,0.0845654522269752,-0.045125042833568774,True,0.11340340820712624,0.12109980621099425,-0.045125042833568774,True,20,True,True,True,False,True,False,2,1,STOP_BEFORE_TARGET,True,True,False,True,False,3,1,STOP_BEFORE_TARGET,2025-04-07,2025-04-09,2025-04-11,2025-04-21,2025-05-05
V|2025-04-07T00:00:00|Long,V,2025-04-07,Long,-0.012967527585712957,0.044697717493923816,-0.026863519632694732,True,0.039350594707772135,0.06951200994479056,-0.026863519632694732,True,0.07319411121757424,0.08737825751590123,-0.026863519632694732,True,0.061091144098426975,0.08737825751590123,-0.026863519632694732,True,0.11328126297744534,0.12400736283457015,-0.026863519632694732,True,20,True,True,True,,,False,1,1,AMBIGUOUS,True,False,True,False,False,2,,TARGET_BEFORE_STOP,2025-04-08,2025-04-10,2025-04-14,2025-04-22,2025-05-06
V|2025-04-08T00:00:00|Long,V,2025-04-08,Long,0.07837286963745882,0.08356314491736838,-0.008531399289464225,True,0.08151946598245718,0.09313271805833478,-0.008531399289464225,True,0.0893373001797475,0.10166411734779901,-0.008531399289464225,True,0.08466606232745577,0.10698417673367966,-0.008531399289464225,True,0.1348818197414594,0.1390988627209857,-0.008531399289464225,True,20,True,True,False,True,False,False,1,,TARGET_BEFORE_STOP,True,False,True,False,False,1,,TARGET_BEFORE_STOP,2025-04-09,2025-04-11,2025-04-15,2025-04-23,2025-05-07
V|2025-04-09T00:00:00|Long,V,2025-04-09,Long,-0.02352377191141597,-0.006828472351126824,-0.05763620637201683,True,0.008272418435727902,0.021598510465281384,-0.05763620637201683,True,-0.003308985734594816,0.021598510465281384,-0.05763620637201683,True,0.009866735407643823,0.02653192406986249,-0.05763620637201683,True,0.05667357564894959,0.06888666606812066,-0.05763620637201683,True,20,True,True,True,False,True,False,14,1,STOP_BEFORE_TARGET,True,True,False,True,False,16,1,STOP_BEFORE_TARGET,2025-04-10,2025-04-14,2025-04-16,2025-04-24,2025-05-08
V|2025-04-10T00:00:00|Long,V,2025-04-10,Long,0.02707867576963796,0.038107347872766484,-0.006376811866704468,True,0.034502981154141965,0.04620929939587204,-0.006376811866704468,True,0.015403099798624087,0.04620929939587204,-0.006376811866704468,True,0.032531433266709486,0.051261561256089605,-0.02452170855575253,True,0.08604178692503961,0.0946366489232684,-0.02452170855575253,True,20,True,True,True,True,False,False,1,6,TARGET_BEFORE_STOP,True,False,True,False,False,8,,TARGET_BEFORE_STOP,2025-04-11,2025-04-15,2025-04-17,2025-04-25,2025-05-09
V|2025-04-11T00:00:00|Long,V,2025-04-11,Long,0.00533892864991925,0.018626249456400013,-0.0007797818020583991,True,-0.006208780330276387,0.018626249456400013,-0.013617302423621136,True,-0.03989198571220787,0.018626249456400013,-0.05023995292933514,True,0.012327582316683294,0.023545309679738446,-0.05023995292933514,True,0.06733657053995512,0.08545297322590484,-0.05023995292933514,True,20,True,True,True,False,True,False,12,5,STOP_BEFORE_TARGET,True,True,False,True,False,14,5,STOP_BEFORE_TARGET,2025-04-14,2025-04-16,2025-04-21,2025-04-28,2025-05-12
V|2025-04-14T00:00:00|Long,V,2025-04-14,Long,0.0018796016963396056,0.012560481128504053,-0.000537003042288875,True,-0.016617958845791314,0.012560481128504053,-0.020108569668997434,True,-0.01127751912970909,0.012560481128504053,-0.055283725712175436,True,0.018915199225579382,0.02115280295011157,-0.055283725712175436,True,0.06253363097638953,0.07968859286446972,-0.055283725712175436,True,20,True,True,True,False,True,False,11,3,STOP_BEFORE_TARGET,True,True,False,True,False,17,4,STOP_BEFORE_TARGET,2025-04-15,2025-04-17,2025-04-22,2025-04-29,2025-05-13
V|2025-04-15T00:00:00|Long,V,2025-04-15,Long,-0.013340910094692515,0.004198813830321946,-0.02069626353461551,True,-0.046782381612497925,0.004198813830321946,-0.05705608469493595,True,-0.004288146427668504,0.01619964408729979,-0.05705608469493595,True,0.02885561035065809,0.031893009537958816,-0.05705608469493595,True,0.06149308849234392,0.0776630156322049,-0.05705608469493595,True,20,True,True,True,False,True,False,10,1,STOP_BEFORE_TARGET,True,True,False,True,False,16,3,STOP_BEFORE_TARGET,2025-04-16,2025-04-21,2025-04-23,2025-04-30,2025-05-14
V|2025-04-16T00:00:00|Long,V,2025-04-16,Long,-0.005191203001265299,0.009024298654299434,-0.00872237421296318,True,0.0002112918451571133,0.009024298654299434,-0.044306260437370404,True,0.013219464160564964,0.0299399807737315,-0.044306260437370404,True,0.03356178458160852,0.045845540871662704,-0.044306260437370404,True,0.0934717727818708,0.09778778174970837,-0.044306260437370404,True,20,True,True,True,False,True,False,8,2,STOP_BEFORE_TARGET,True,True,False,True,False,11,2,STOP_BEFORE_TARGET,2025-04-17,2025-04-22,2025-04-24,2025-05-01,2025-05-15
V|2025-04-17T00:00:00|Long,V,2025-04-17,Long,-0.028852218290363774,-0.0013955628637508655,-0.03931917123583184,True,0.014441339695907551,0.035314508557810376,-0.03931917123583184,True,0.01686850618388136,0.035314508557810376,-0.03931917123583184,True,0.054579720128214326,0.062134073288113933,-0.03931917123583184,True,0.10773341629122668,0.11097969938874108,-0.03931917123583184,True,20,True,True,True,False,True,False,3,1,STOP_BEFORE_TARGET,True,True,False,True,False,8,1,STOP_BEFORE_TARGET,2025-04-21,2025-04-23,2025-04-25,2025-05-02,2025-05-16
V|2025-04-21T00:00:00|Long,V,2025-04-21,Long,0.03530142948299253,0.038925308395804104,0.007154040928638139,True,0.04876596392976773,0.06607308182819827,0.007154040928638139,True,0.05438926376177333,0.06607308182819827,0.007154040928638139,True,0.08915966260773023,0.09668847578667128,0.007154040928638139,True,0.1493282939129683,0.1532333235167347,0.007154040928638139,True,20,True,True,False,True,False,False,1,,TARGET_BEFORE_STOP,True,False,True,False,False,2,,TARGET_BEFORE_STOP,2025-04-22,2025-04-24,2025-04-28,2025-05-05,2025-05-19
V|2025-04-22T00:00:00|Long,V,2025-04-22,Long,0.008961983329519363,0.029722408825971103,0.005431558067889197,True,0.011376039833083329,0.029722408825971103,-0.00045260681728087615,True,0.030537101097076524,0.0328002272703205,-0.00045260681728087615,True,0.049185330750604495,0.059293887321621996,-0.00045260681728087615,True,0.10694026280663183,0.11391068405327598,-0.00045260681728087615,True,20,True,True,False,True,False,False,5,,TARGET_BEFORE_STOP,True,False,True,False,False,8,,TARGET_BEFORE_STOP,2025-04-23,2025-04-25,2025-04-29,2025-05-06,2025-05-20
V|2025-04-23T00:00:00|Long,V,2025-04-23,Long,0.004007525667549805,0.007177659274251624,-0.009330966183416112,True,0.009390838574905747,0.01486377753171686,-0.009330966183416112,True,0.03328649413925944,0.03633697423187199,-0.009330966183416112,True,0.04629605291259109,0.050183925066051405,-0.009330966183416112,True,0.07156740444786158,0.10401650652627326,-0.009330966183416112,True,20,True,True,False,True,False,False,5,,TARGET_BEFORE_STOP,True,False,True,False,False,10,,TARGET_BEFORE_STOP,2025-04-24,2025-04-28,2025-04-30,2025-05-07,2025-05-21
V|2025-04-24T00:00:00|Long,V,2025-04-24,Long,-0.001608465762378164,0.001965993503049157,-0.010544750282826865,True,0.017306597082235475,0.019540668212347567,-0.010544750282826865,True,0.020076914371060628,0.03220040461631668,-0.010544750282826865,True,0.046349521773694,0.05844328621900097,-0.010544750282826865,True,0.0663072602311976,0.09960979206030252,-0.010544750282826865,True,20,True,True,False,True,False,False,4,,TARGET_BEFORE_STOP,True,False,True,False,False,10,,TARGET_BEFORE_STOP,2025-04-25,2025-04-29,2025-05-01,2025-05-08,2025-05-22
V|2025-04-25T00:00:00|Long,V,2025-04-25,Long,0.006981520554180332,0.012441396136577021,-0.00044760691008194353,True,0.03082013950658169,0.0338633383991096,-0.0057583408898108646,True,0.03708563468629422,0.04451467109951679,-0.0057583408898108646,True,0.05182443065102138,0.06014849878232886,-0.0057583408898108646,True,0.05480799111269019,0.10138132621484175,-0.0057583408898108646,True,20,True,True,False,True,False,False,3,,TARGET_BEFORE_STOP,True,False,True,False,False,9,,TARGET_BEFORE_STOP,2025-04-28,2025-04-30,2025-05-02,2025-05-09,2025-05-23
V|2025-04-28T00:00:00|Long,V,2025-04-28,Long,0.011881067618798813,0.014103223935054032,-0.0031110730946203313,True,0.014636610169981967,0.026695443060499535,-0.012651534495866423,True,0.032976814200389004,0.04011726359388934,-0.012651534495866423,True,0.054339118269785214,0.07223490912089559,-0.012651534495866423,True,0.06456098307269542,0.09374532077679998,-0.012651534495866423,True,20,True,True,False,True,False,False,4,,TARGET_BEFORE_STOP,True,False,True,False,False,8,,TARGET_BEFORE_STOP,2025-04-29,2025-05-01,2025-05-05,2025-05-12,2025-05-27
V|2025-04-29T00:00:00|Long,V,2025-04-29,Long,0.011653815631180509,0.014640431485255956,-0.02424455096525957,True,0.017802814726608496,0.025093721011673065,-0.02424455096525957,True,0.018095641227934056,0.02790465883657367,-0.02424455096525957,True,0.04280869672369403,0.05964519293173831,-0.02424455096525957,True,0.05332051580713548,0.0809030386848204,-0.02424455096525957,True,20,True,True,True,False,True,False,7,1,STOP_BEFORE_TARGET,True,False,True,False,False,9,,TARGET_BEFORE_STOP,2025-04-30,2025-05-02,2025-05-06,2025-05-13,2025-05-28
V|2025-04-30T00:00:00|Long,V,2025-04-30,Long,-0.008827750486161356,0.0006367618544229625,-0.015571649443741009,True,0.009088320255969506,0.016063640500633136,-0.015571649443741009,True,0.01259046629092797,0.016353093766959148,-0.015571649443741009,True,0.03172211709139838,0.047438537332670005,-0.015571649443741009,True,0.048914598832082046,0.068451501871156,-0.015571649443741009,True,20,True,True,False,True,False,False,8,,TARGET_BEFORE_STOP,True,False,True,False,False,11,,TARGET_BEFORE_STOP,2025-05-01,2025-05-05,2025-05-07,2025-05-14,2025-05-29
V|2025-05-01T00:00:00|Long,V,2025-05-01,Long,0.015038673420665338,0.022309779116727046,0.010716842690423167,True,0.015330704665958761,0.02511308301761228,0.009665637145875428,True,0.025755516111088506,0.037611253923529375,0.009665637145875428,True,0.05796459301609547,0.06214045268140289,0.009665637145875428,True,0.06640382369333175,0.07796753026047898,0.009665637145875428,True,20,True,True,False,True,False,False,5,,TARGET_BEFORE_STOP,True,False,True,False,False,7,,TARGET_BEFORE_STOP,2025-05-02,2025-05-06,2025-05-08,2025-05-15,2025-05-30
V|2025-05-02T00:00:00|Long,V,2025-05-02,Long,0.002991969294189767,0.00992514852955928,-0.004257799080381375,True,0.0064729573086657055,0.010212853080076023,-0.0052934301081187796,True,0.014211744403523241,0.022238148253794998,-0.0052934301081187796,True,0.05040272930390688,0.05348100118374144,-0.0052934301081187796,True,0.050978138404940365,0.06199651154940189,-0.0052934301081187796,True,20,True,True,False,True,False,False,6,,TARGET_BEFORE_STOP,True,False,True,False,False,10,,TARGET_BEFORE_STOP,2025-05-05,2025-05-07,2025-05-09,2025-05-16,2025-06-02
V|2025-05-05T00:00:00|Long,V,2025-05-05,Long,-0.002696197802636413,0.0028969114433561316,-0.008260683690357928,True,0.007543524135880997,0.019188766758669873,-0.008260683690357928,True,0.020680332584165795,0.038004817127377244,-0.008260683690357928,True,0.055243168996158776,0.058828529102515015,-0.008260683690357928,True,0.049391836793287514,0.058828529102515015,-0.008260683690357928,True,20,True,True,False,True,False,False,5,,TARGET_BEFORE_STOP,True,False,True,False,False,9,,TARGET_BEFORE_STOP,2025-05-06,2025-05-08,2025-05-12,2025-05-19,2025-06-03
V|2025-05-06T00:00:00|Long,V,2025-05-06,Long,0.006183473744614698,0.009922293840469942,-0.0014093204910828883,True,0.013920034995594799,0.021944130277140372,-0.0014093204910828883,True,0.024273805421613837,0.04081104959224757,-0.0014093204910828883,True,0.05504740712940448,0.06169105820071463,-0.0014093204910828883,True,0.058383626920557985,0.0631578679439404,-0.0014093204910828883,True,20,True,True,False,True,False,False,4,,TARGET_BEFORE_STOP,True,False,True,False,False,8,,TARGET_BEFORE_STOP,2025-05-07,2025-05-09,2025-05-13,2025-05-20,2025-06-04
V|2025-05-07T00:00:00|Long,V,2025-05-07,Long,0.004058833458290945,0.015663799837489556,0.0031442220503781204,True,0.017150206932466716,0.03441477300234608,0.0023438825494148663,True,0.018893769433311558,0.03441477300234608,0.0023438825494148663,True,0.024153155758279254,0.055166464073915567,0.0023438825494148663,True,0.04836353470049648,0.06045446199085225,0.0023438825494148663,True,20,True,True,False,True,False,False,3,,TARGET_BEFORE_STOP,True,False,True,False,False,8,,TARGET_BEFORE_STOP,2025-05-08,2025-05-12,2025-05-14,2025-05-21,2025-06-05
V|2025-05-08T00:00:00|Long,V,2025-05-08,Long,0.00361550821582024,0.0072024336220717355,-0.0017080183468624055,True,0.013864052686197725,0.030233227907073834,-0.0017080183468624055,True,0.03140034481814946,0.035471353552413154,-0.0017080183468624055,True,0.019073682399809222,0.05090103180467431,-0.0017080183468624055,True,0.05394714265297984,0.05616765338174168,-0.0017080183468624055,True,20,True,True,False,True,False,False,2,,TARGET_BEFORE_STOP,True,False,True,False,False,7,,TARGET_BEFORE_STOP,2025-05-09,2025-05-13,2025-05-15,2025-05-22,2025-06-06
V|2025-05-09T00:00:00|Long,V,2025-05-09,Long,0.009388998350160271,0.02652182979772122,-0.003999556441633523,True,0.011119256864875027,0.02652182979772122,-0.003999556441633523,True,0.0356838550727574,0.038718992357274606,-0.003999556441633523,True,0.00283655748499978,0.04711517827471212,-0.003999556441633523,True,0.040052177837819114,0.05236282693493455,-0.003999556441633523,True,20,True,True,False,True,False,False,4,,TARGET_BEFORE_STOP,True,False,True,False,False,18,,TARGET_BEFORE_STOP,2025-05-12,2025-05-14,2025-05-16,2025-05-23,2025-06-09
V|2025-05-12T00:00:00|Long,V,2025-05-12,Long,0.0008149741181611159,0.008486690914355055,-0.0035689743135217666,True,0.018125562958615893,0.0221441752076863,-0.0035689743135217666,True,0.03386254766415098,0.03737526363593724,-0.0035689743135217666,True,0.009695044626329308,0.03737526363593724,-0.010200940903613565,True,0.041731082896752314,0.04381058330895615,-0.010200940903613565,True,20,True,True,False,True,False,False,5,,TARGET_BEFORE_STOP,False,False,False,False,True,,,NEITHER,2025-05-13,2025-05-15,2025-05-19,2025-05-27,2025-06-10
V|2025-05-13T00:00:00|Long,V,2025-05-13,Long,0.0008984578915023356,0.006373866794812999,-0.002611397638868085,True,0.02521474728868811,0.02821920418824475,-0.002611397638868085,True,0.030044311926070932,0.03653051809100871,-0.002611397638868085,True,0.010080294800443701,0.03653051809100871,-0.011006944646767658,True,0.04821132757886115,0.05438870758824588,-0.011006944646767658,True,20,True,True,False,True,False,False,4,,TARGET_BEFORE_STOP,True,False,True,False,False,20,,TARGET_BEFORE_STOP,2025-05-14,2025-05-16,2025-05-20,2025-05-28,2025-06-11
V|2025-05-14T00:00:00|Long,V,2025-05-14,Long,0.016383315036426982,0.020395050512046486,0.0006171834875636772,True,0.03209337012748015,0.0356000750311567,0.0006171834875636772,True,0.00516185934466229,0.0356000750311567,0.0006171834875636772,True,0.01666386855130364,0.0356000750311567,-0.01189471563713862,True,0.04191214385777431,0.05344223409977733,-0.01189471563713862,True,20,True,True,False,True,False,False,3,,TARGET_BEFORE_STOP,True,False,True,False,False,19,,TARGET_BEFORE_STOP,2025-05-15,2025-05-19,2025-05-21,2025-05-29,2025-06-12
V|2025-05-15T00:00:00|Long,V,2025-05-15,Long,0.007783625225596724,0.010736999115386059,-0.003891728379899817,True,0.012531075622106203,0.018907000646740224,-0.003891728379899817,True,-0.01195138481412239,0.018907000646740224,-0.015843197426920752,True,0.007976855494924662,0.018907000646740224,-0.027822210631775368,True,-0.02608330667362091,0.036461557873981754,-0.04775045094082253,True,20,True,True,True,False,True,False,18,6,STOP_BEFORE_TARGET,False,True,False,True,False,,20,STOP_BEFORE_TARGET,2025-05-16,2025-05-20,2025-05-22,2025-05-30,2025-06-13
V|2025-05-16T00:00:00|Long,V,2025-05-16,Long,0.007613931903139415,0.011037463938405878,-0.007668678326066658,True,-0.018678810844171445,0.011037463938405878,-0.019281355825671365,True,-0.03171556399848485,0.011037463938405878,-0.03533083388748415,True,0.0005477985585726763,0.011037463938405878,-0.03533083388748415,True,-0.026402235593165346,0.028456438396650352,-0.055105158266475884,True,20,True,False,True,False,True,False,,4,STOP_BEFORE_TARGET,False,True,False,True,False,,5,STOP_BEFORE_TARGET,2025-05-19,2025-05-21,2025-05-23,2025-06-02,2025-06-16
V|2025-05-19T00:00:00|Long,V,2025-05-19,Long,-0.002881211133947459,0.0009513620802454881,-0.008725173982963796,True,-0.02699101071084886,0.0009513620802454881,-0.030823583925041698,True,-0.023375934346808958,0.0009513620802454881,-0.04262025804815073,True,-0.005545008368485815,0.0009513620802454881,-0.04262025804815073,True,-0.027344380879289476,0.020685012219059384,-0.06224515976188827,True,20,True,False,True,False,True,False,,2,STOP_BEFORE_TARGET,False,True,False,True,False,,3,STOP_BEFORE_TARGET,2025-05-20,2025-05-22,2025-05-27,2025-06-03,2025-06-17
V|2025-05-20T00:00:00|Long,V,2025-05-20,Long,-0.023279927571081438,-0.002317103129432785,-0.023879647402341275,True,-0.036255555353125524,-0.002317103129432785,-0.03985387434068466,True,-0.019381707072675947,-0.002317103129432785,-0.03985387434068466,True,0.0031621515475126483,0.007687295148758322,-0.03985387434068466,True,-0.07212951619023089,0.02363431881552125,-0.07850830901884953,True,20,True,False,True,False,True,False,,1,STOP_BEFORE_TARGET,False,True,False,True,False,,3,STOP_BEFORE_TARGET,2025-05-21,2025-05-23,2025-05-28,2025-06-04,2025-06-18
V|2025-05-21T00:00:00|Long,V,2025-05-21,Long,-0.000920978463600397,0.004744661638151015,-0.004856238609141084,True,0.002790957393439264,0.004744661638151015,-0.016968983475876498,True,0.011442942347753116,0.01322919596271932,-0.016968983475876498,True,0.023639412529361303,0.03544519296598336,-0.016968983475876498,True,-0.055065534861670984,0.0480324380658379,-0.06525251231307239,True,20,True,True,True,True,False,False,9,16,TARGET_BEFORE_STOP,False,True,False,True,False,,16,STOP_BEFORE_TARGET,2025-05-22,2025-05-27,2025-05-29,2025-06-05,2025-06-20
V|2025-05-22T00:00:00|Long,V,2025-05-22,Long,-0.012375318212907938,-0.00550325785396899,-0.01606279850376313,True,0.004916640387806925,0.008212985533370576,-0.01606279850376313,True,0.02016929127044831,0.025337339143753246,-0.01606279850376313,True,0.03422074463845193,0.03639969476454352,-0.01606279850376313,True,-0.03972400249242092,0.04899854313241114,-0.06439083642307075,True,20,True,True,True,True,False,False,8,15,TARGET_BEFORE_STOP,False,True,False,True,False,,15,STOP_BEFORE_TARGET,2025-05-23,2025-05-28,2025-05-30,2025-06-06,2025-06-23
V|2025-05-23T00:00:00|Long,V,2025-05-23,Long,0.01629229820905831,0.018272306666693217,0.0026588290396751812,True,0.025060771447135144,0.026871074759259983,0.0026588290396751812,True,0.033320129248681774,0.03818521150000098,0.0026588290396751812,True,0.037110354698428605,0.04938618270373096,0.0026588290396751812,True,-0.005402510652105397,0.06214289950132068,-0.05266729271694748,True,20,True,True,True,True,False,False,4,14,TARGET_BEFORE_STOP,True,True,True,False,False,11,17,TARGET_BEFORE_STOP,2025-05-27,2025-05-29,2025-06-02,2025-06-09,2025-06-24
V|2025-05-27T00:00:00|Long,V,2025-05-27,Long,0.0011968360923162447,0.004480979470748991,-0.0035067611768828666,True,0.016393027688693884,0.02154194549099997,-0.0035067611768828666,True,0.018257717176360266,0.02154194549099997,-0.0035067611768828666,True,0.03172842972828405,0.03378796287472374,-0.0035067611768828666,True,-0.03907592124782844,0.04511556505255587,-0.06785409182725133,True,20,True,True,True,True,False,False,7,13,TARGET_BEFORE_STOP,False,True,False,True,False,,13,STOP_BEFORE_TARGET,2025-05-28,2025-05-30,2025-06-03,2025-06-10,2025-06-25
V|2025-05-28T00:00:00|Long,V,2025-05-28,Long,0.007422185607577125,0.009201338385747215,-0.002807688362879923,True,0.015539421697299272,0.020320788745289198,-0.002807688362879923,True,0.022989433077870602,0.027604015157241424,-0.002807688362879923,True,0.03775049664338881,0.043866228275006636,-0.002807688362879923,True,-0.03808415141530108,0.043866228275006636,-0.06896838406828576,True,20,True,True,True,True,False,False,6,12,TARGET_BEFORE_STOP,False,True,False,True,False,,12,STOP_BEFORE_TARGET,2025-05-29,2025-06-02,2025-06-04,2025-06-11,2025-06-26
V|2025-05-29T00:00:00|Long,V,2025-05-29,Long,0.007698699205052506,0.012803572645100125,-0.0028973173583128897,True,0.009547437950747861,0.012803572645100125,-0.006732898682396793,True,0.012058485625791038,0.02373070156831214,-0.006732898682396793,True,0.024834437504352547,0.03617554108702703,-0.006732898682396793,True,-0.03805190059926111,0.03617554108702703,-0.07582776195244467,True,20,True,True,True,True,False,False,9,11,TARGET_BEFORE_STOP,False,True,False,True,False,,11,STOP_BEFORE_TARGET,2025-05-30,2025-06-03,2025-06-05,2025-06-12,2025-06-27
V|2025-05-30T00:00:00|Long,V,2025-05-30,Long,0.0003559924476119747,0.0007393110760616217,-0.014321342181779051,True,0.00769461797915616,0.01224020699038797,-0.014321342181779051,True,0.013773648636791203,0.015909519756160284,-0.014321342181779051,True,-0.03379061928145344,0.028259282168806354,-0.05528629564454102,True,-0.027766408118098607,0.028259282168806354,-0.08288832884610142,True,20,True,False,True,False,True,False,,10,STOP_BEFORE_TARGET,False,True,False,True,False,,10,STOP_BEFORE_TARGET,2025-06-02,2025-06-04,2025-06-06,2025-06-13,2025-06-30
V|2025-06-02T00:00:00|Long,V,2025-06-02,Long,0.0014780959611240263,0.004270222071930618,-0.010456605845922118,True,0.003969072759177683,0.01554799234069959,-0.010456605845922118,True,0.0036680069829884143,0.01554799234069959,-0.010456605845922118,True,-0.02693527904470261,0.02789335989573294,-0.05562248690689664,True,-0.02696267903765215,0.02789335989573294,-0.08321469748987664,True,20,True,False,True,False,True,False,,9,STOP_BEFORE_TARGET,False,True,False,True,False,,9,STOP_BEFORE_TARGET,2025-06-03,2025-06-05,2025-06-09,2025-06-16,2025-07-01
V|2025-06-03T00:00:00|Long,V,2025-06-03,Long,0.0058492722192100555,0.010386537098052262,0.0012300120949242377,True,0.01191717062184594,0.014049130416649236,0.0001913500437920046,True,0.01322917796221379,0.015251782958668691,-0.010413813237686087,True,-0.021920924219043236,0.02637627726571301,-0.05701630729449059,True,-0.03181540643116321,0.02637627726571301,-0.08456779413604709,True,20,True,False,True,False,True,False,,8,STOP_BEFORE_TARGET,False,True,False,True,False,,8,STOP_BEFORE_TARGET,2025-06-04,2025-06-06,2025-06-10,2025-06-17,2025-07-02
V|2025-06-04T00:00:00|Long,V,2025-06-04,Long,-0.003342421158500364,0.008152173913043459,-0.005625019902768313,True,-0.0036412943964418965,0.008152173913043459,-0.016168511432150146,True,0.014429341191830813,0.020407635232676524,-0.016168511432150146,True,-0.07505433455757471,0.020407635232676524,-0.0814130202583645,True,-0.024836996327275762,0.020407635232676524,-0.08989126785941748,True,20,True,False,True,False,True,False,,7,STOP_BEFORE_TARGET,False,True,False,True,False,,7,STOP_BEFORE_TARGET,2025-06-05,2025-06-09,2025-06-11,2025-06-18,2025-07-03
V|2025-06-05T00:00:00|Long,V,2025-06-05,Long,0.009406473567559637,0.011533143695054093,0.0021266701274944566,True,0.010715225648445514,0.01273281230095491,-0.012869104239952356,True,0.012623728825969849,0.023829705302380377,-0.012869104239952356,True,-0.07688737501475873,0.023829705302380377,-0.08683909954462021,True,-0.02761941998710471,0.023829705302380377,-0.08683909954462021,True,20,True,False,True,False,True,False,,6,STOP_BEFORE_TARGET,False,True,False,True,False,,6,STOP_BEFORE_TARGET,2025-06-06,2025-06-10,2025-06-12,2025-06-20,2025-07-07
V|2025-06-06T00:00:00|Long,V,2025-06-06,Long,-0.009615897430866993,-0.001161451770199995,-0.0220679957884391,True,0.008346378714553904,0.014288824286855073,-0.0220679957884391,True,-0.04691803538413508,0.014288824286855073,-0.06812166046552537,True,-0.07149803126094012,0.014288824286855073,-0.09534867829014182,True,-0.04232622056092761,0.014288824286855073,-0.09534867829014182,True,20,True,False,True,False,True,False,,1,STOP_BEFORE_TARGET,False,True,False,True,False,,5,STOP_BEFORE_TARGET,2025-06-09,2025-06-11,2025-06-13,2025-06-23,2025-07-08
V|2025-06-09T00:00:00|Long,V,2025-06-09,Long,0.01101840534710985,0.01303659720600936,5.4516482496769214e-05,True,0.012927481009745057,0.024136818892499745,5.4516482496769214e-05,True,-0.03049144320110797,0.024136818892499745,-0.05907381073958062,True,-0.04099165065505095,0.024136818892499745,-0.08656518277795189,True,-0.02427315171437694,0.024136818892499745,-0.08656518277795189,True,20,True,False,True,False,True,False,,4,STOP_BEFORE_TARGET,False,True,False,True,False,,4,STOP_BEFORE_TARGET,2025-06-10,2025-06-12,2025-06-16,2025-06-24,2025-07-09
V|2025-06-10T00:00:00|Long,V,2025-06-10,Long,0.007040693999505132,0.012975444834642857,-0.0035608505010826796,True,-0.04815215947051721,0.012975444834642857,-0.06932832846166215,True,-0.034691166565051224,0.012975444834642857,-0.06932832846166215,True,-0.06862692636545786,0.012975444834642857,-0.09652009064222578,True,-0.039978437648234944,0.012975444834642857,-0.09652009064222578,True,20,True,False,True,False,True,False,,3,STOP_BEFORE_TARGET,False,True,False,True,False,,3,STOP_BEFORE_TARGET,2025-06-11,2025-06-13,2025-06-17,2025-06-25,2025-07-10
V|2025-06-11T00:00:00|Long,V,2025-06-11,Long,-0.005116401046316943,0.002303757935134376,-0.010072084300487671,True,-0.047761878033997895,0.002303757935134376,-0.07583509079247275,True,-0.08821085127947226,0.002303757935134376,-0.09447909041904512,True,-0.07307599302913148,0.002303757935134376,-0.1028367426051422,True,-0.0679864055310464,0.002303757935134376,-0.1028367426051422,True,20,True,False,True,False,True,False,,2,STOP_BEFORE_TARGET,False,True,False,True,False,,2,STOP_BEFORE_TARGET,2025-06-12,2025-06-16,2025-06-18,2025-06-26,2025-07-11
V|2025-06-12T00:00:00|Long,V,2025-06-12,Long,-0.04994611765701573,-0.022590156889441992,-0.07108237568749798,True,-0.036510494834238405,-0.022590156889441992,-0.07108237568749798,True,-0.08839522647223286,-0.022590156889441992,-0.09822288925216727,True,-0.06136243650901574,-0.022590156889441992,-0.09822288925216727,True,-0.056273543995559616,-0.022590156889441992,-0.09822288925216727,True,20,True,False,True,False,True,False,,1,STOP_BEFORE_TARGET,False,True,False,True,False,,1,STOP_BEFORE_TARGET,2025-06-13,2025-06-17,2025-06-20,2025-06-27,2025-07-14
V|2025-06-13T00:00:00|Long,V,2025-06-13,Long,0.007453605887258963,0.020887048291634125,0.0041943614656358985,True,-0.035340799220632046,0.020887048291634125,-0.04197250191983537,True,-0.025790012600555134,0.020887048291634125,-0.05081477218543995,True,0.006234892026068861,0.020887048291634125,-0.05081477218543995,True,-0.01652264982002971,0.020887048291634125,-0.05081477218543995,True,20,True,False,True,False,True,False,,3,STOP_BEFORE_TARGET,False,True,False,True,False,,3,STOP_BEFORE_TARGET,2025-06-16,2025-06-18,2025-06-23,2025-06-30,2025-07-15
V|2025-06-16T00:00:00|Long,V,2025-06-16,Long,0.006638869355872989,0.011589948773085723,-0.006076301325962485,True,-0.04756949234695429,0.011589948773085723,-0.05783728176880387,True,-0.010830443300688719,0.011589948773085723,-0.05783728176880387,True,-2.8158448620585474e-05,0.011589948773085723,-0.05783728176880387,True,-0.01569713322096855,0.011758727766951749,-0.05783728176880387,True,20,True,False,True,False,True,False,,2,STOP_BEFORE_TARGET,False,True,False,True,False,,2,STOP_BEFORE_TARGET,2025-06-17,2025-06-20,2025-06-24,2025-07-01,2025-07-16
V|2025-06-17T00:00:00|Long,V,2025-06-17,Long,-0.048792733159407686,0.0017885497847847098,-0.055331958404874926,True,-0.03937512989628511,0.0017885497847847098,-0.06405092539883117,True,-0.03515533954004113,0.0017885497847847098,-0.06405092539883117,True,-0.010116239532288906,0.0017885497847847098,-0.06405092539883117,True,-0.022440193554312926,0.0050860925073903385,-0.06405092539883117,True,20,True,False,True,False,True,False,,1,STOP_BEFORE_TARGET,False,True,False,True,False,,1,STOP_BEFORE_TARGET,2025-06-18,2025-06-23,2025-06-25,2025-07-02,2025-07-17
V|2025-06-18T00:00:00|Long,V,2025-06-18,Long,-0.005317578978286108,-0.0011164136475740882,-0.016040870135594187,True,0.03305129513666105,0.04165929981892802,-0.016040870135594187,True,0.016599076959381343,0.04165929981892802,-0.016040870135594187,True,0.05429220343043473,0.05470355147212036,-0.016040870135594187,True,0.02547148124385612,0.056642571545689524,-0.016040870135594187,True,20,True,True,False,True,False,False,3,,TARGET_BEFORE_STOP,True,False,True,False,False,10,,TARGET_BEFORE_STOP,2025-06-20,2025-06-24,2025-06-26,2025-07-03,2025-07-18
V|2025-06-20T00:00:00|Long,V,2025-06-20,Long,0.015299620650747192,0.01692406398911439,-0.008683587966464068,True,0.019759583828108607,0.047228017510313025,-0.008683587966464068,True,0.02965406802182957,0.047228017510313025,-0.008683587966464068,True,0.05337155369144875,0.06229138990948657,-0.008683587966464068,True,0.03653600392707501,0.06229138990948657,-0.008683587966464068,True,20,True,True,False,True,False,False,2,,TARGET_BEFORE_STOP,True,False,True,False,False,6,,TARGET_BEFORE_STOP,2025-06-23,2025-06-25,2025-06-27,2025-07-07,2025-07-21
V|2025-06-23T00:00:00|Long,V,2025-06-23,Long,0.022923650568181797,0.031447265625,0.012130948153409093,True,0.00663272372159085,0.031447265625,-0.005003639914772706,True,0.03287269176136354,0.03450177556818179,-0.005003639914772706,True,0.03141814630681816,0.04628364701704535,-0.005003639914772706,True,0.023592684659090812,0.04628364701704535,-0.005003639914772706,True,20,True,True,False,True,False,False,1,,TARGET_BEFORE_STOP,False,False,False,False,True,,,NEITHER,2025-06-24,2025-06-26,2025-06-30,2025-07-08,2025-07-22
V|2025-06-24T00:00:00|Long,V,2025-06-24,Long,-0.018115618771812225,-0.0009669150333286858,-0.018115618771812225,True,-0.008588628641791995,0.0010806952692763439,-0.02730144177177085,True,0.010920559350930281,0.015271720395354738,-0.02730144177177085,True,0.017433110933907425,0.022836500491398626,-0.02730144177177085,True,0.010408678472501709,0.022836500491398626,-0.02730144177177085,True,20,True,False,True,False,True,False,,2,STOP_BEFORE_TARGET,False,False,False,False,True,,,NEITHER,2025-06-25,2025-06-27,2025-07-01,2025-07-09,2025-07-23
V|2025-06-25T00:00:00|Long,V,2025-06-25,Long,0.002230171441501616,0.004778989311865045,-0.009355300049144866,True,0.028355377832461892,0.02997733676994163,-0.009355300049144866,True,0.02595143138981104,0.03400333054020521,-0.009355300049144866,True,0.03075941266524529,0.041707679688301136,-0.009355300049144866,True,0.02522733942164579,0.041707679688301136,-0.009355300049144866,True,20,True,True,False,True,False,False,4,,TARGET_BEFORE_STOP,False,False,False,False,True,,,NEITHER,2025-06-26,2025-06-30,2025-07-02,2025-07-10,2025-07-24
V|2025-06-26T00:00:00|Long,V,2025-06-26,Long,0.007455962145961781,0.017281770388186013,-0.0010692573432730113,True,0.02728087875244367,0.03170245718406606,-0.0010692573432730113,True,0.03707767135082629,0.03748230288257637,-0.0010692573432730113,True,0.005490835774895508,0.039389662546298165,-0.004739427612186264,True,0.03181807879220133,0.039389662546298165,-0.004739427612186264,True,20,True,True,False,True,False,False,3,,TARGET_BEFORE_STOP,False,False,False,False,True,,,NEITHER,2025-06-27,2025-07-01,2025-07-03,2025-07-11,2025-07-25
V|2025-06-27T00:00:00|Long,V,2025-06-27,Long,0.018473373431663775,0.020079746117830588,0.0012908758381589003,True,0.01609252776704917,0.02406705200935777,0.0012908758381589003,True,0.023034421371427305,0.031697366039022956,0.0012908758381589003,True,0.005421573471372287,0.031697366039022956,-0.012105134334776113,True,0.01967819671666171,0.031697366039022956,-0.012105134334776113,True,20,True,True,False,True,False,False,5,,TARGET_BEFORE_STOP,False,False,False,False,True,,,NEITHER,2025-06-30,2025-07-02,2025-07-07,2025-07-14,2025-07-28
V|2025-06-30T00:00:00|Long,V,2025-06-30,Long,0.0011829698413601264,0.005492218769398427,-0.010223840276121998,True,0.010730876466936712,0.011125228398358722,-0.014223314931962272,True,-0.0014082524072400737,0.012984131890264372,-0.014223314931962272,True,-0.022616530222159037,0.012984131890264372,-0.030023865683800888,True,-0.010589999654469273,0.012984131890264372,-0.030023865683800888,True,20,True,False,True,False,True,False,,8,STOP_BEFORE_TARGET,False,True,False,True,False,,8,STOP_BEFORE_TARGET,2025-07-01,2025-07-03,2025-07-08,2025-07-15,2025-07-29
V|2025-07-01T00:00:00|Long,V,2025-07-01,Long,-0.003516471138794941,0.0025036828081219653,-0.015388081137420406,True,0.0032914547605042976,0.01178721812534822,-0.015388081137420406,True,0.006442199164649276,0.01178721812534822,-0.015388081137420406,True,-0.015669415998793235,0.01178721812534822,-0.031169962399685947,True,-0.012828079846216256,0.01178721812534822,-0.031169962399685947,True,20,True,False,True,False,True,False,,7,STOP_BEFORE_TARGET,False,True,False,True,False,,7,STOP_BEFORE_TARGET,2025-07-02,2025-07-07,2025-07-09,2025-07-16,2025-07-30
V|2025-07-02T00:00:00|Long,V,2025-07-02,Long,0.013099159039210662,0.013494434991881299,-0.0017221384084422642,True,0.0009315865031009896,0.015357694152388524,-0.0027384145936433235,True,0.004686363436250618,0.015357694152388524,-0.0027384145936433235,True,-0.01244990019454506,0.015357694152388524,-0.027751077122663337,True,-0.024702162412754802,0.015357694152388524,-0.027751077122663337,True,20,True,False,True,False,True,False,,6,STOP_BEFORE_TARGET,False,False,False,False,True,,,NEITHER,2025-07-03,2025-07-08,2025-07-10,2025-07-17,2025-07-31
V|2025-07-03T00:00:00|Long,V,2025-07-03,Long,-0.006186175092634416,0.002229332729206668,-0.012177437707094563,True,-0.003065194312093289,0.002229332729206668,-0.015632797136929555,True,-0.0304575408848482,0.002229332729206668,-0.040322051200412545,True,-0.027336560104307073,0.002229332729206668,-0.040322051200412545,True,-0.05436654975319588,0.002229332729206668,-0.0578498024172549,True,20,True,False,True,False,True,False,,5,STOP_BEFORE_TARGET,False,True,False,True,False,,5,STOP_BEFORE_TARGET,2025-07-07,2025-07-09,2025-07-11,2025-07-18,2025-08-01
V|2025-07-07T00:00:00|Long,V,2025-07-07,Long,-0.005860326294370055,0.004598429967192619,-0.009505424263116513,True,-0.0021310277434072322,0.004598429967192619,-0.009505424263116513,True,-0.017216280832901165,0.004598429967192619,-0.03434836108358619,True,-0.01598253693615992,0.004598429967192619,-0.03434836108358619,True,-0.04062926244055043,0.004710611840450074,-0.05198521697908165,True,20,True,False,True,False,True,False,,4,STOP_BEFORE_TARGET,False,True,False,True,False,,4,STOP_BEFORE_TARGET,2025-07-08,2025-07-10,2025-07-14,2025-07-21,2025-08-04
V|2025-07-08T00:00:00|Long,V,2025-07-08,Long,0.00905379236546655,0.00905379236546655,-0.0022563469764830257,True,-0.01867154236387425,0.00905379236546655,-0.028655968112637265,True,-0.02123818654224252,0.00905379236546655,-0.028655968112637265,True,-0.007587089364044841,0.00905379236546655,-0.028655968112637265,True,-0.04828654831934254,0.010633252463828624,-0.053589058395609346,True,20,True,False,True,False,True,False,,3,STOP_BEFORE_TARGET,False,True,False,True,False,,18,STOP_BEFORE_TARGET,2025-07-09,2025-07-11,2025-07-15,2025-07-22,2025-08-05
V|2025-07-09T00:00:00|Long,V,2025-07-09,Long,-0.005254933003954632,-0.0003913647266758913,-0.012047175315701986,True,-0.02029296055302876,-0.0003913647266758913,-0.03737140751406631,True,-0.02197007953541219,-0.0003913647266758913,-0.03737140751406631,True,-0.0069040729910569976,-0.0003913647266758913,-0.03737140751406631,True,-0.05036901565117702,0.0015652883030738973,-0.062416190966879004,True,20,True,False,True,False,True,False,,2,STOP_BEFORE_TARGET,False,True,False,True,False,,2,STOP_BEFORE_TARGET,2025-07-10,2025-07-14,2025-07-16,2025-07-23,2025-08-06
V|2025-07-10T00:00:00|Long,V,2025-07-10,Long,-0.022339024665488316,-0.005816587883043289,-0.0322861359917046,True,-0.02489607662014659,-0.005816587883043289,-0.0322861359917046,True,-0.01705633146267249,-0.005816587883043289,-0.0322861359917046,True,-0.005366987849565574,0.0036528823624042417,-0.0322861359917046,True,-0.06684839895052741,0.006856250443768808,-0.07637403704299528,True,20,True,False,True,False,True,False,,1,STOP_BEFORE_TARGET,False,True,False,True,False,,1,STOP_BEFORE_TARGET,2025-07-11,2025-07-15,2025-07-17,2025-07-24,2025-08-07
V|2025-07-11T00:00:00|Long,V,2025-07-11,Long,0.00738656447653141,0.011611555858843658,-0.008392443800834481,True,0.005662062087699482,0.011611555858843658,-0.008392443800834481,True,0.0032190243461740486,0.011611555858843658,-0.008392443800834481,True,0.02618347386231168,0.027936658021203487,-0.008392443800834481,True,-0.03204665918777083,0.02986237135962999,-0.05526968319362302,True,20,True,False,True,False,True,False,,15,STOP_BEFORE_TARGET,False,True,False,True,False,,17,STOP_BEFORE_TARGET,2025-07-14,2025-07-16,2025-07-18,2025-07-25,2025-08-08
V|2025-07-14T00:00:00|Long,V,2025-07-14,Long,-0.00992870466855389,-0.0008274138228869798,-0.010670442894079923,True,-0.0019686232279778615,0.0024821543999642426,-0.013409449948733942,True,0.001255356466209001,0.00898714378454879,-0.013409449948733942,True,0.014179746706713514,0.022311005204618484,-0.013409449948733942,True,-0.041654796301043184,0.022311005204618484,-0.06219682679876959,True,20,True,False,True,False,True,False,,14,STOP_BEFORE_TARGET,False,True,False,True,False,,14,STOP_BEFORE_TARGET,2025-07-15,2025-07-17,2025-07-21,2025-07-28,2025-08-11
V|2025-07-15T00:00:00|Long,V,2025-07-15,Long,0.008299247807016297,0.010518196442910632,-0.003515651142087517,True,0.00584980359508025,0.01253531854427048,-0.003515651142087517,True,0.013947312809406975,0.021497384037904244,-0.003515651142087517,True,0.01230482296822899,0.03256301846664433,-0.003515651142087517,True,-0.029623650235583,0.03256301846664433,-0.05279228109801726,True,20,True,True,True,True,False,False,8,13,TARGET_BEFORE_STOP,False,True,False,True,False,,15,STOP_BEFORE_TARGET,2025-07-16,2025-07-18,2025-07-22,2025-07-29,2025-08-12
V|2025-07-16T00:00:00|Long,V,2025-07-16,Long,-0.00025720588585453896,0.004201203904959261,-0.004058253600817019,True,0.002972302266542881,0.010717348000610194,-0.007830781029352085,True,0.015404443390850897,0.016804815619837044,-0.007830781029352085,True,0.002886566971258109,0.024064057086623958,-0.007830781029352085,True,-0.021006019524796193,0.024064057086623958,-0.06058868836598208,True,20,True,False,True,False,True,False,,12,STOP_BEFORE_TARGET,False,True,False,True,False,,12,STOP_BEFORE_TARGET,2025-07-17,2025-07-21,2025-07-23,2025-07-30,2025-08-13
V|2025-07-17T00:00:00|Long,V,2025-07-17,Long,-0.0021726359192970612,-0.0008861883901469803,-0.007575523612759261,True,0.005860289320705814,0.013350142821324518,-0.007575523612759261,True,0.011892180587012913,0.021068566274904832,-0.007575523612759261,True,-0.01240672470249704,0.0243275201538502,-0.013493042662145571,True,-0.012349582214256638,0.0243275201538502,-0.060347004084771894,True,20,True,False,True,False,True,False,,11,STOP_BEFORE_TARGET,False,True,False,True,False,,11,STOP_BEFORE_TARGET,2025-07-18,2025-07-22,2025-07-24,2025-07-31,2025-08-14
V|2025-07-18T00:00:00|Long,V,2025-07-18,Long,0.0054147391907617415,0.013178645650731236,-0.0018621799719698018,True,0.017877155049935922,0.019280937463661774,-0.0018621799719698018,True,0.022890763590836194,0.024638322315646555,-0.0018621799719698018,True,-0.027789663454182545,0.026557856626393317,-0.031370812411968485,True,-0.013121291311954275,0.026557856626393317,-0.0583010350884402,True,20,True,False,True,False,True,False,,10,STOP_BEFORE_TARGET,False,True,False,True,False,,10,STOP_BEFORE_TARGET,2025-07-21,2025-07-23,2025-07-25,2025-08-01,2025-08-15
V|2025-07-21T00:00:00|Long,V,2025-07-21,Long,0.0026214820304215625,0.010087218670698395,-0.0021085947148431483,True,0.008633950983695016,0.017780789282968223,-0.0021085947148431483,True,0.012908185865910804,0.021029249534027405,-0.0021085947148431483,True,-0.025047040758454098,0.021029249534027405,-0.03658744015662452,True,-0.023365852139926258,0.021029249534027405,-0.0633726280266047,True,20,True,False,True,False,True,False,,9,STOP_BEFORE_TARGET,False,True,False,True,False,,9,STOP_BEFORE_TARGET,2025-07-22,2025-07-24,2025-07-28,2025-08-04,2025-08-18
V|2025-07-22T00:00:00|Long,V,2025-07-22,Long,0.009748261627227306,0.01114083326018922,-0.0018473083713538285,True,0.014721830867422181,0.016455433371137085,-0.0018473083713538285,True,-0.0016198966360756462,0.01835963804239249,-0.002984106851251167,True,-0.04101061011914575,0.01835963804239249,-0.04635365838004435,True,-0.026743515990115263,0.01835963804239249,-0.065821560020219,True,20,True,False,True,False,True,False,,8,STOP_BEFORE_TARGET,False,True,False,True,False,,8,STOP_BEFORE_TARGET,2025-07-23,2025-07-25,2025-07-29,2025-08-05,2025-08-19
V|2025-07-23T00:00:00|Long,V,2025-07-23,Long,-0.0037152953713075476,0.005319553281556422,-0.0040249462663359825,True,0.0005066077611313169,0.008528240891732652,-0.006417289325513331,True,-0.012327970889895457,0.008528240891732652,-0.022685685960050495,True,-0.043767114009852004,0.008528240891732652,-0.05589804213880556,True,-0.03197392438831925,0.008528240891732652,-0.07484025922031712,True,20,True,False,True,False,True,False,,5,STOP_BEFORE_TARGET,False,True,False,True,False,,7,STOP_BEFORE_TARGET,2025-07-24,2025-07-28,2025-07-30,2025-08-06,2025-08-20
V|2025-07-24T00:00:00|Long,V,2025-07-24,Long,0.008673072050262798,0.010396340546064309,-0.0027120700956789756,True,-0.007571242383645482,0.01228919424955266,-0.008927320539061978,True,-0.02401333438056008,0.01228919424955266,-0.025086885476703902,True,-0.061813161588148646,0.01228919424955266,-0.07139019952686843,True,-0.02904200566105941,0.01228919424955266,-0.07139019952686843,True,20,True,False,True,False,True,False,,5,STOP_BEFORE_TARGET,False,True,False,True,False,,6,STOP_BEFORE_TARGET,2025-07-25,2025-07-29,2025-07-31,2025-08-07,2025-08-21
V|2025-07-25T00:00:00|Long,V,2025-07-25,Long,-0.004397286821208435,0.0035850289846042216,-0.006469856327888546,True,-0.017168957920975503,0.0035850289846042216,-0.027475905567483472,True,-0.0495462749776977,0.0035850289846042216,-0.053047283184296856,True,-0.056744368364185505,0.0035850289846042216,-0.07937484780315585,True,-0.019605645956955242,0.0035850289846042216,-0.07937484780315585,True,20,True,False,True,False,True,False,,3,STOP_BEFORE_TARGET,False,True,False,True,False,,4,STOP_BEFORE_TARGET,2025-07-28,2025-07-30,2025-08-01,2025-08-08,2025-08-22
V|2025-07-28T00:00:00|Long,V,2025-07-28,Long,-0.011759058883807127,0.008017571366721654,-0.013109414707588973,True,-0.028131769110359417,0.008017571366721654,-0.029200790072768434,True,-0.037471537059321824,0.008017571366721654,-0.04886486920847888,True,-0.05505389275329642,0.008017571366721654,-0.07530871500194758,True,-0.018707609288119764,0.008017571366721654,-0.07530871500194758,True,20,True,False,True,False,True,False,,2,STOP_BEFORE_TARGET,False,True,False,True,False,,4,STOP_BEFORE_TARGET,2025-07-29,2025-07-31,2025-08-04,2025-08-11,2025-08-25
V|2025-07-29T00:00:00|Long,V,2025-07-29,Long,-0.0010817412211252542,0.015172610784869534,-0.011557395484746769,True,-0.03398901805053589,0.015172610784869534,-0.03754733160797985,True,-0.03945462589884119,0.015172610784869534,-0.04480634338889922,True,-0.041418821932381444,0.015172610784869534,-0.06430583218538044,True,-0.00031317676695763463,0.015172610784869534,-0.06430583218538044,True,20,True,False,True,False,True,False,,3,STOP_BEFORE_TARGET,False,True,False,True,False,,3,STOP_BEFORE_TARGET,2025-07-30,2025-08-01,2025-08-05,2025-08-12,2025-08-26
V|2025-07-30T00:00:00|Long,V,2025-07-30,Long,-0.015502557307099263,0.005443001459566554,-0.016585469959479515,True,-0.024963693466145798,0.005443001459566554,-0.03650507943606096,True,-0.031831561685798926,0.005443001459566554,-0.04411390620038802,True,-0.023823817451469553,0.005443001459566554,-0.06329255713229565,True,-0.0015958438139397346,0.00718129716272875,-0.06329255713229565,True,20,True,False,True,False,True,False,,2,STOP_BEFORE_TARGET,False,True,False,True,False,,2,STOP_BEFORE_TARGET,2025-07-31,2025-08-04,2025-08-06,2025-08-13,2025-08-27
V|2025-07-31T00:00:00|Long,V,2025-07-31,Long,-0.017714982764242215,0.0020262604699621267,-0.021333241934599068,True,-0.023272667717928797,0.0020262604699621267,-0.028714543643970414,True,-0.03872986029332459,0.0020262604699621267,-0.04854253322840141,True,5.786034561960918e-05,0.0020262604699621267,-0.04854253322840141,True,0.012707280271362364,0.023041049662638757,-0.04854253322840141,True,20,True,False,True,False,True,False,,1,STOP_BEFORE_TARGET,False,True,False,True,False,,5,STOP_BEFORE_TARGET,2025-08-01,2025-08-05,2025-08-07,2025-08-14,2025-08-28
V|2025-08-01T00:00:00|Long,V,2025-08-01,Long,0.008251032098448352,0.014822450829019562,0.00191540853040717,True,0.0011492091464422316,0.014822450829019562,-0.011551534867332847,True,-0.007573323347561112,0.014822450829019562,-0.03138350878130147,True,0.015087652939737017,0.026550697173992388,-0.03138350878130147,True,0.03662882702878045,0.041491045584276964,-0.03138350878130147,True,20,True,True,True,False,True,False,15,4,STOP_BEFORE_TARGET,False,True,False,True,False,,4,STOP_BEFORE_TARGET,2025-08-04,2025-08-06,2025-08-08,2025-08-15,2025-08-29
V|2025-08-04T00:00:00|Long,V,2025-08-04,Long,-0.013795122913639823,0.0009060282452832968,-0.019289803364755942,True,-0.029402302317846463,0.0009060282452832968,-0.03931019123011392,True,-0.018266842354207058,0.0009060282452832968,-0.03931019123011392,True,0.0017243792150092307,0.018149909588941693,-0.03931019123011392,True,0.023147781876420304,0.0329679935131304,-0.03931019123011392,True,20,True,True,True,False,True,False,16,3,STOP_BEFORE_TARGET,False,True,False,True,False,,3,STOP_BEFORE_TARGET,2025-08-05,2025-08-07,2025-08-11,2025-08-18,2025-09-02
V|2025-08-05T00:00:00|Long,V,2025-08-05,Long,0.006845857240714626,0.011854310780972543,-0.005927155390486272,True,-0.0019263074136652847,0.013988090339196235,-0.025871975397095737,True,-0.002044875845014893,0.013988090339196235,-0.025871975397095737,True,0.014877217912497409,0.0323918825031162,-0.025871975397095737,True,0.03983049145936479,0.047417243123890174,-0.025871975397095737,True,20,True,True,True,False,True,False,8,2,STOP_BEFORE_TARGET,False,False,False,False,True,,,NEITHER,2025-08-06,2025-08-08,2025-08-12,2025-08-19,2025-09-03
V|2025-08-06T00:00:00|Long,V,2025-08-06,Long,-0.022517201731850567,0.007093670840594202,-0.03249537394678692,True,-0.011302750480570611,0.007093670840594202,-0.03249537394678692,True,0.008271023839893754,0.011008479600452814,-0.03249537394678692,True,0.012332968039810988,0.025372329913946334,-0.03249537394678692,True,0.03311355837809682,0.040295528447981566,-0.03249537394678692,True,20,True,True,True,False,True,False,12,1,STOP_BEFORE_TARGET,False,True,False,True,False,,1,STOP_BEFORE_TARGET,2025-08-07,2025-08-11,2025-08-13,2025-08-20,2025-09-04
V|2025-08-07T00:00:00|Long,V,2025-08-07,Long,0.014122685094778653,0.01592944263078455,0.001927232543874391,True,0.01400221008691016,0.019753674097183982,0.001927232543874391,True,0.04035048945843678,0.042127105268598974,0.001927232543874391,True,0.034930308745924954,0.04899271038901665,0.001927232543874391,True,0.03351502606386281,0.06425967831978263,0.001927232543874391,True,20,True,True,False,True,False,False,4,,TARGET_BEFORE_STOP,True,False,True,False,False,11,,TARGET_BEFORE_STOP,2025-08-08,2025-08-12,2025-08-14,2025-08-21,2025-09-05
V|2025-08-08T00:00:00|Long,V,2025-08-08,Long,-0.002612996276507462,0.0032068014020434354,-0.006740272646534096,True,0.017132813808973024,0.019894329328690397,-0.006740272646534096,True,0.022833904831877305,0.03438442488936033,-0.006740272646534096,True,0.03937291351531447,0.04281730946018647,-0.006740272646534096,True,0.016390489440227363,0.04943878483530639,-0.006740272646534096,True,20,True,True,False,True,False,False,5,,TARGET_BEFORE_STOP,False,False,False,False,True,,,NEITHER,2025-08-11,2025-08-13,2025-08-15,2025-08-22,2025-09-08
V|2025-08-11T00:00:00|Long,V,2025-08-11,Long,0.0025007334121878166,0.008186960553644651,-0.0032450025534283,True,0.028550153355602736,0.03030661762655007,-0.0032450025534283,True,0.020363192801958085,0.03709434856053595,-0.0032450025534283,True,0.03846386919469835,0.04554932595581396,-0.0032450025534283,True,0.024084538508160058,0.052188148549651814,-0.0032450025534283,True,20,True,True,False,True,False,False,3,,TARGET_BEFORE_STOP,True,False,True,False,False,11,,TARGET_BEFORE_STOP,2025-08-12,2025-08-14,2025-08-18,2025-08-25,2025-09-09
V|2025-08-12T00:00:00|Long,V,2025-08-12,Long,0.017253660768208556,0.02001550438741173,0.00011881138588276663,True,0.022955429145638195,0.03450732153641711,0.00011881138588276663,True,0.0169567682433025,0.03450732153641711,0.00011881138588276663,True,0.04288175702373764,0.04947438422895312,0.00011881138588276663,True,0.004098131860881704,0.04956347011173157,-0.0008908588277856122,True,20,True,True,False,True,False,False,3,,TARGET_BEFORE_STOP,False,False,False,False,True,,,NEITHER,2025-08-13,2025-08-15,2025-08-19,2025-08-26,2025-09-10
V|2025-08-13T00:00:00|Long,V,2025-08-13,Long,0.008582696091593789,0.01030506175767365,-0.0025688932903019657,True,0.000554670699685067,0.016961021064479498,-0.0046707798655782895,True,0.004028623360064376,0.016961021064479498,-0.0046707798655782895,True,0.02277045274706313,0.031761801986658345,-0.008261528749421543,True,0.0027441321702057486,0.031761801986658345,-0.017836770016921633,True,20,True,True,False,True,False,False,9,,TARGET_BEFORE_STOP,False,False,False,False,True,,,NEITHER,2025-08-14,2025-08-18,2025-08-20,2025-08-27,2025-09-11
V|2025-08-14T00:00:00|Long,V,2025-08-14,Long,-0.0029522968609884126,0.008307028273787376,-0.00761239097268307,True,-0.008799033584971472,0.008307028273787376,-0.013140693379463442,True,-0.005209956420872519,0.008307028273787376,-0.01670088621021293,True,0.012648688068279457,0.02298185957868082,-0.01670088621021293,True,-0.0175402985032439,0.02298185957868082,-0.02619464542758354,True,20,True,False,True,False,True,False,,18,STOP_BEFORE_TARGET,False,False,False,False,True,,,NEITHER,2025-08-15,2025-08-19,2025-08-21,2025-08-28,2025-09-12
V|2025-08-15T00:00:00|Long,V,2025-08-15,Long,-0.005022239905354442,0.00365782146822613,-0.010218564755125392,True,-0.001567650428217937,0.008621944465928122,-0.010218564755125392,True,0.01616978925444945,0.019537291962954395,-0.01378929945471985,True,0.021220999020783227,0.026010948481221874,-0.01378929945471985,True,-0.01573435541129098,0.026010948481221874,-0.02331117006079153,True,20,True,False,True,False,True,False,,17,STOP_BEFORE_TARGET,False,False,False,False,True,,,NEITHER,2025-08-18,2025-08-20,2025-08-22,2025-08-29,2025-09-15
V|2025-08-18T00:00:00|Long,V,2025-08-18,Long,-0.000846058340450595,0.010503606833430323,-0.0024799428434255644,True,0.0027718160532759217,0.013713054621426801,-0.00881131207247432,True,0.017739444660910708,0.024683498318568198,-0.00881131207247432,True,0.02138652418362752,0.031189831201477558,-0.00881131207247432,True,-0.00790684347404269,0.031189831201477558,-0.027046709686059156,True,20,True,True,True,True,False,False,6,20,TARGET_BEFORE_STOP,False,False,False,False,True,,,NEITHER,2025-08-19,2025-08-21,2025-08-25,2025-09-02,2025-09-16
V|2025-08-19T00:00:00|Long,V,2025-08-19,Long,0.004321741614817798,0.014571441251280293,0.0011680358657502055,True,0.022163808051792522,0.025551174443264824,-0.007971998507851352,True,0.025492714724951515,0.031975416262602474,-0.007971998507851352,True,0.0245874802453383,0.032063016724648064,-0.007971998507851352,True,0.010950503332827655,0.032063016724648064,-0.02622283739589759,True,20,True,True,True,True,False,False,5,19,TARGET_BEFORE_STOP,False,False,False,False,True,,,NEITHER,2025-08-20,2025-08-22,2025-08-26,2025-09-03,2025-09-17
V|2025-08-20T00:00:00|Long,V,2025-08-20,Long,-0.0006977880367683431,0.0017154547450206614,-0.01224083838203327,True,0.014218052372789947,0.021138079510568675,-0.01224083838203327,True,0.0186666285710837,0.027621900393419718,-0.01224083838203327,True,0.020527426246448766,0.027621900393419718,-0.01224083838203327,True,-0.016718518659175063,0.027621900393419718,-0.03041314127244099,True,20,True,False,True,False,True,False,,14,STOP_BEFORE_TARGET,False,True,False,True,False,,18,STOP_BEFORE_TARGET,2025-08-21,2025-08-25,2025-08-27,2025-09-04,2025-09-18
V|2025-08-21T00:00:00|Long,V,2025-08-21,Long,0.01847596979373356,0.021851114993969967,0.004451682529106105,True,0.021792866190956328,0.02825217895808163,0.004451682529106105,True,0.01795217453614506,0.028339463368695306,0.004451682529106105,True,-0.00136751496221732,0.028339463368695306,-0.010154471208309257,True,-0.006052015115564413,0.028339463368695306,-0.029736102732419334,True,20,True,False,True,False,True,False,,13,STOP_BEFORE_TARGET,False,False,False,False,True,,,NEITHER,2025-08-22,2025-08-26,2025-08-28,2025-09-05,2025-09-19
V|2025-08-22T00:00:00|Long,V,2025-08-22,Long,-0.003485319366133388,0.0019426141560443533,-0.007256337798300261,True,0.0008856060765236595,0.00968456190179845,-0.007399143739759806,True,0.0049708324531472226,0.00968456190179845,-0.007399143739759806,True,-0.022111817400895295,0.00968456190179845,-0.0281110618720255,True,,,,False,20,False,,True,False,True,False,,9,STOP_BEFORE_TARGET,,True,False,True,False,,12,STOP_BEFORE_TARGET,2025-08-25,2025-08-27,2025-08-29,2025-09-08,
V|2025-08-25T00:00:00|Long,V,2025-08-25,Long,0.006765624969925943,0.013129942308637954,-0.003927513010783645,True,0.002981417365710781,0.013215943050186363,-0.003927513010783645,True,0.003583510044589122,0.013215943050186363,-0.007855113509605438,True,-0.013846731805593926,0.013215943050186363,-0.024711871269400665,True,,,,False,20,False,,True,False,True,False,,8,STOP_BEFORE_TARGET,,True,False,True,False,,11,STOP_BEFORE_TARGET,2025-08-26,2025-08-28,2025-09-02,2025-09-09,
V|2025-08-26T00:00:00|Long,V,2025-08-26,Long,-0.002363422146978267,0.0064069709178371514,-0.00381569669638826,True,0.001708542958110737,0.0064069709178371514,-0.007346621749740545,True,-0.0008827312633380435,0.0064069709178371514,-0.014522484793785151,True,-0.03718889979774864,0.0064069709178371514,-0.041972750560375305,True,,,,False,20,False,,True,False,True,False,,7,STOP_BEFORE_TARGET,,True,False,True,False,,7,STOP_BEFORE_TARGET,2025-08-27,2025-08-29,2025-09-03,2025-09-10,
V|2025-08-27T00:00:00|Long,V,2025-08-27,Long,-0.0013986606062976747,0.0019694660464837366,-0.004995004907985989,True,-0.0007991973010388342,0.006507774338737171,-0.012187867723308599,True,0.0018266993569575618,0.006507774338737171,-0.012187867723308599,True,-0.0195804645344112,0.006507774338737171,-0.039703163749908676,True,,,,False,20,False,,True,False,True,False,,6,STOP_BEFORE_TARGET,,True,False,True,False,,9,STOP_BEFORE_TARGET,2025-08-28,2025-09-02,2025-09-04,2025-09-11,
V|2025-08-28T00:00:00|Long,V,2025-08-28,Long,0.005487948059578862,0.007917508852767208,-0.0024580843410780817,True,0.002886897067151173,0.007917508852767208,-0.010804318691943204,True,-0.01897897561559403,0.007917508852767208,-0.02761096881320757,True,-0.029811905083402146,0.007917508852767208,-0.038358153181396126,True,,,,False,20,False,,True,False,True,False,,5,STOP_BEFORE_TARGET,,True,False,True,False,,8,STOP_BEFORE_TARGET,2025-08-29,2025-09-03,2025-09-05,2025-09-12,
V|2025-08-29T00:00:00|Long,V,2025-08-29,Long,-0.00486096839221084,-0.004576682463895865,-0.016203343643216517,True,-0.0022457460562376186,0.0024163002628494468,-0.016203343643216517,True,-0.026948692419195175,0.0024163002628494468,-0.03291826315438362,True,-0.036187421202178105,0.0024163002628494468,-0.043606789445453376,True,,,,False,20,False,,True,False,True,False,,4,STOP_BEFORE_TARGET,,True,False,True,False,,4,STOP_BEFORE_TARGET,2025-09-02,2025-09-04,2025-09-08,2025-09-15,
V|2025-09-02T00:00:00|Long,V,2025-09-02,Long,0.002285222316197544,0.0023424095382706955,-0.00802695889337146,True,-0.019567532094148965,0.007312816022604363,-0.028194346589784702,True,-0.017368003435417778,0.007312816022604363,-0.028194346589784702,True,-0.028680002099189528,0.007312816022604363,-0.04741910405406846,True,,,,False,20,False,,True,False,True,False,,3,STOP_BEFORE_TARGET,,True,False,True,False,,6,STOP_BEFORE_TARGET,2025-09-03,2025-09-05,2025-09-09,2025-09-16,
V|2025-09-03T00:00:00|Long,V,2025-09-03,Long,0.0003419930996020337,0.005016130732515833,-0.004902104040354516,True,-0.024425021926871904,0.005016130732515833,-0.030410075123672442,True,-0.03633824543971509,0.005016130732515833,-0.04112632278790829,True,-0.013309724328512407,0.005016130732515833,-0.049590999910587796,True,,,,False,20,False,,True,False,True,False,,2,STOP_BEFORE_TARGET,,True,False,True,False,,2,STOP_BEFORE_TARGET,2025-09-04,2025-09-08,2025-09-10,2025-09-17,
V|2025-09-04T00:00:00|Long,V,2025-09-04,Long,-0.022137352146377243,0.004644020992519149,-0.030741554823653816,True,-0.019943588691306302,0.004644020992519149,-0.030741554823653816,True,-0.02136813074068533,0.004644020992519149,-0.04145413885807092,True,-0.03649676034931881,0.004644020992519149,-0.04991592210926821,True,,,,False,20,False,,True,False,True,False,,1,STOP_BEFORE_TARGET,,True,False,True,False,,1,STOP_BEFORE_TARGET,2025-09-05,2025-09-09,2025-09-11,2025-09-18,
V|2025-09-05T00:00:00|Long,V,2025-09-05,Long,-0.002680535587851085,0.0033797670822903747,-0.006468158070064178,True,-0.014859291665336616,0.009032125437008487,-0.019754089957412124,True,-0.01104250489902181,0.009032125437008487,-0.019754089957412124,True,-0.004690915049864297,0.009032125437008487,-0.02840743536309931,True,,,,False,20,False,,True,False,True,False,,7,STOP_BEFORE_TARGET,,,,,,,,CENSORED,2025-09-08,2025-09-10,2025-09-12,2025-09-19,
V|2025-09-08T00:00:00|Long,V,2025-09-08,Long,0.0049371969081939415,0.011744141614405734,-0.00295056758417922,True,0.0034764898739230166,0.011744141614405734,-0.017119443647502397,True,-0.009494595722760235,0.011744141614405734,-0.017119443647502397,True,,,,False,,,,False,20,False,,True,False,True,False,,6,STOP_BEFORE_TARGET,,,,,,,,CENSORED,2025-09-09,2025-09-11,2025-09-15,,
V|2025-09-09T00:00:00|Long,V,2025-09-09,Long,-0.017064435837763847,-0.004011758835983148,-0.021948277587451326,True,-0.013256192587135507,-0.0013372233731705485,-0.021948277587451326,True,-0.011511938043255343,-0.0013372233731705485,-0.030582253299010653,True,,,,False,,,,False,20,False,,True,False,True,False,,1,STOP_BEFORE_TARGET,,True,False,True,False,,5,STOP_BEFORE_TARGET,2025-09-10,2025-09-12,2025-09-16,,
V|2025-09-10T00:00:00|Long,V,2025-09-10,Long,0.015881921195835647,0.016000247664248235,-0.000739382478440409,True,0.0027504811582022004,0.016000247664248235,-0.000739382478440409,True,0.0238968922469176,0.0238968922469176,-0.013752496047661267,True,,,,False,,,,False,20,False,,,,,,,,CENSORED,,,,,,,,CENSORED,2025-09-11,2025-09-15,2025-09-17,,
V|2025-09-11T00:00:00|Long,V,2025-09-11,Long,-0.011819842423423932,-0.0008733523581402336,-0.01257671818527506,True,-0.010073048861532374,-0.0008733523581402336,-0.029171123754828776,True,-0.015458958658360222,0.007889667966181735,-0.029171123754828776,True,,,,False,,,,False,20,False,,True,False,True,False,,3,STOP_BEFORE_TARGET,,,,,,,,CENSORED,2025-09-12,2025-09-16,2025-09-18,,
V|2025-09-12T00:00:00|Long,V,2025-09-12,Long,-0.0011195383172148965,0.009663255605198984,-0.003063895500646341,True,0.019945260222530292,0.019945260222530292,-0.017558823862601436,True,0.00642251045229103,0.019945260222530292,-0.017558823862601436,True,,,,False,,,,False,20,False,,,,,,,,CENSORED,,,,,,,,CENSORED,2025-09-15,2025-09-17,2025-09-19,,
V|2025-09-15T00:00:00|Long,V,2025-09-15,Long,0.0028904616475802225,0.004394693424566443,-0.01645771058299783,True,-0.0025659789072717265,0.021088407820349042,-0.01645771058299783,True,,,,False,,,,False,,,,False,20,False,,,,,,,,CENSORED,,,,,,,,CENSORED,2025-09-16,2025-09-18,,,
V|2025-09-16T00:00:00|Long,V,2025-09-16,Long,0.018145497308721614,0.018145497308721614,-0.0014998963840129331,True,0.00464660935193284,0.018145497308721614,-0.00544071437860516,True,,,,False,,,,False,,,,False,20,False,,,,,,,,CENSORED,,,,,,,,CENSORED,2025-09-17,2025-09-19,,,
V|2025-09-17T00:00:00|Long,V,2025-09-17,Long,-0.023165855714799788,-0.0026863753915848942,-0.023165855714799788,True,,,,False,,,,False,,,,False,,,,False,20,False,,True,False,True,False,,1,STOP_BEFORE_TARGET,,,,,,,,CENSORED,2025-09-18,,,,
V|2025-09-18T00:00:00|Long,V,2025-09-18,Long,0.010142506209909419,0.013336122370636083,0.0002070120223991445,True,,,,False,,,,False,,,,False,,,,False,20,False,,,,,,,,CENSORED,,,,,,,,CENSORED,2025-09-19,,,,
V|2025-09-19T00:00:00|Long,V,2025-09-19,Long,,,,False,,,,False,,,,False,,,,False,,,,False,20,False,,,,,,,,CENSORED,,,,,,,,CENSORED,,,,,
