observation_id,symbol,timestamp,direction,forward_return_1,mfe_1,mae_1,complete_1,forward_return_3,mfe_3,mae_3,complete_3,forward_return_5,mfe_5,mae_5,complete_5,forward_return_10,mfe_10,mae_10,complete_10,forward_return_20,mfe_20,mae_20,complete_20,path_horizon,path_complete,target_3_stop_2_target_hit,target_3_stop_2_stop_hit,target_3_stop_2_target_before_stop,target_3_stop_2_stop_before_target,target_3_stop_2_neither,target_3_stop_2_bars_to_target,target_3_stop_2_bars_to_stop,target_3_stop_2_path_status,target_5_stop_3_target_hit,target_5_stop_3_stop_hit,target_5_stop_3_target_before_stop,target_5_stop_3_stop_before_target,target_5_stop_3_neither,target_5_stop_3_bars_to_target,target_5_stop_3_bars_to_stop,target_5_stop_3_path_status,label_end_1,label_end_3,label_end_5,label_end_10,label_end_20
SHOP|2021-09-23T00:00:00|Long,SHOP,2021-09-23,Long,-0.02207781176197776,-0.00044021698357121775,-0.03291345313435523,True,-0.0726601898967929,-0.00044021698357121775,-0.07964248594044088,True,-0.08182311006891985,-0.00044021698357121775,-0.09173780924468067,True,-0.05289176056412259,-0.00044021698357121775,-0.12914808919994802,True,0.01361913542624471,0.020398166961281383,-0.12914808919994802,True,20,True,False,True,False,True,False,,1,STOP_BEFORE_TARGET,False,True,False,True,False,,1,STOP_BEFORE_TARGET,2021-09-24,2021-09-28,2021-09-30,2021-10-07,2021-10-21
SHOP|2021-09-24T00:00:00|Long,SHOP,2021-09-24,Long,-0.00013155950959686802,0.005332439785370902,-0.020595561974673382,True,-0.06748611862250753,0.005332439785370902,-0.07123265871307538,True,-0.06457056968332098,0.005332439785370902,-0.07254149091055873,True,-0.045685598344273326,0.005332439785370902,-0.10948752234662429,True,-0.012569163845798315,0.04343492686242301,-0.10948752234662429,True,20,True,True,True,False,True,False,17,1,STOP_BEFORE_TARGET,False,True,False,True,False,,2,STOP_BEFORE_TARGET,2021-09-27,2021-09-29,2021-10-01,2021-10-08,2021-10-22
SHOP|2021-09-27T00:00:00|Long,SHOP,2021-09-27,Long,-0.051599567244368205,-0.012647121643456827,-0.05874043676951746,True,-0.06097058460162286,-0.012647121643456827,-0.07111045445999442,True,-0.08928454232350713,-0.012647121643456827,-0.10937035154684138,True,-0.06011866432512769,-0.010257602048920567,-0.10937035154684138,True,-0.012917144755532961,0.04357221871174555,-0.10937035154684138,True,20,True,True,True,False,True,False,16,1,STOP_BEFORE_TARGET,False,True,False,True,False,,1,STOP_BEFORE_TARGET,2021-09-28,2021-09-30,2021-10-04,2021-10-11,2021-10-25
SHOP|2021-09-28T00:00:00|Long,SHOP,2021-09-28,Long,-0.016621517265049457,0.017293353733210948,-0.02057241492281514,True,-0.01354693773394211,0.017293353733210948,-0.021952638259131185,True,-0.037413011719529154,0.017293353733210948,-0.06091391600762652,True,-0.008829261715350367,0.04359125509393347,-0.06091391600762652,True,-0.004096987823590803,0.10034979178529757,-0.06091391600762652,True,20,True,True,True,False,True,False,8,1,STOP_BEFORE_TARGET,True,True,False,True,False,14,4,STOP_BEFORE_TARGET,2021-09-29,2021-10-01,2021-10-05,2021-10-12,2021-10-26
SHOP|2021-09-29T00:00:00|Long,SHOP,2021-09-29,Long,0.006854585115725564,0.022605966174679137,0.00029711889855232876,True,-0.023504461882772887,0.022605966174679137,-0.04504104932151054,True,0.0024730445621687913,0.022605966174679137,-0.04504104932151054,True,0.038929148134507985,0.06123051644522515,-0.04504104932151054,True,0.010820249865435283,0.11894841213632112,-0.04504104932151054,True,20,True,True,True,False,True,False,6,3,STOP_BEFORE_TARGET,True,True,False,True,False,7,3,STOP_BEFORE_TARGET,2021-09-30,2021-10-04,2021-10-06,2021-10-13,2021-10-27
SHOP|2021-09-30T00:00:00|Long,SHOP,2021-09-30,Long,-0.0037026574408794977,0.010363029023414017,-0.012192242415511534,True,-0.027806902233366793,0.010363029023414017,-0.05154233312774892,True,0.03150955967424629,0.03738064475467184,-0.05154233312774892,True,0.037594595081280824,0.05400574435805905,-0.05154233312774892,True,0.07465808464374635,0.11133070125286437,-0.05154233312774892,True,20,True,True,True,False,True,False,5,2,STOP_BEFORE_TARGET,True,True,False,True,False,6,2,STOP_BEFORE_TARGET,2021-10-01,2021-10-05,2021-10-07,2021-10-14,2021-10-28
SHOP|2021-10-01T00:00:00|Long,SHOP,2021-10-01,Long,-0.02654800577609928,-0.008706284586190272,-0.0480174679217622,True,-0.0006514660924155091,0.006100194287590233,-0.0480174679217622,True,0.020188558032276482,0.05792287034582144,-0.0480174679217622,True,0.05465062857384284,0.058566993747755536,-0.0480174679217622,True,0.08585536865333143,0.11546087074594169,-0.0480174679217622,True,20,True,True,True,False,True,False,4,1,STOP_BEFORE_TARGET,True,True,False,True,False,5,1,STOP_BEFORE_TARGET,2021-10-04,2021-10-06,2021-10-08,2021-10-15,2021-10-29
SHOP|2021-10-04T00:00:00|Long,SHOP,2021-10-04,Long,0.002418382772666483,0.03125713315576095,-0.0018556794106386887,True,0.06357898137578366,0.06963259729319837,-0.007247721422728559,True,0.032025236590131456,0.08677456785043258,-0.007247721422728559,True,0.11423678961311556,0.11492888341619545,-0.007247721422728559,True,0.16177646228895282,0.16492500170296398,-0.007247721422728559,True,20,True,True,False,True,False,False,1,,TARGET_BEFORE_STOP,True,False,True,False,False,3,,TARGET_BEFORE_STOP,2021-10-05,2021-10-07,2021-10-11,2021-10-18,2021-11-01
SHOP|2021-10-05T00:00:00|Long,SHOP,2021-10-05,Long,0.024126061900386464,0.031045120788907976,-0.009642784252079317,True,0.04548278691931129,0.08415267170623775,-0.009642784252079317,True,0.0296947188692418,0.08415267170623775,-0.009642784252079317,True,0.12720022032446932,0.13952111842220272,-0.009642784252079317,True,0.12029621092155063,0.16382916333310904,-0.009642784252079317,True,20,True,True,False,True,False,False,1,,TARGET_BEFORE_STOP,True,False,True,False,False,2,,TARGET_BEFORE_STOP,2021-10-06,2021-10-08,2021-10-12,2021-10-19,2021-11-02
SHOP|2021-10-06T00:00:00|Long,SHOP,2021-10-06,Long,0.036018011040205966,0.041914757057364804,0.011326870718540327,True,0.005281931739902879,0.05861252050793908,0.002311290223763418,True,0.03636616841728779,0.05861252050793908,0.0008296997233052661,True,0.10192748062696366,0.11292552348513674,0.0008296997233052661,True,0.1077576471976609,0.13641201667447755,-0.01580883175792125,True,20,True,True,False,True,False,False,1,,TARGET_BEFORE_STOP,True,False,True,False,False,2,,TARGET_BEFORE_STOP,2021-10-07,2021-10-11,2021-10-13,2021-10-20,2021-11-03
SHOP|2021-10-07T00:00:00|Long,SHOP,2021-10-07,Long,-0.014637198711213384,0.021808992919965853,-0.018693625132430114,True,-0.029517381489349348,0.021808992919965853,-0.03396496097743529,True,0.005899155611273521,0.021808992919965853,-0.03396496097743529,True,0.07022523215507337,0.07738284229166603,-0.03396496097743529,True,0.10158021474685253,0.10776545218276512,-0.05002504034277444,True,20,True,True,True,False,True,False,7,2,STOP_BEFORE_TARGET,True,True,False,True,False,8,2,STOP_BEFORE_TARGET,2021-10-08,2021-10-12,2021-10-14,2021-10-21,2021-11-04
SHOP|2021-10-08T00:00:00|Long,SHOP,2021-10-08,Long,-0.015253585488387511,0.0054135412942251104,-0.01816354386867447,True,0.015195674216207378,0.01558754418225905,-0.01961486900149123,True,0.033780099051528456,0.0376189630959034,-0.01961486900149123,True,0.03470180732997252,0.09338696456018392,-0.01961486900149123,True,0.10887285951135062,0.12479336582639222,-0.03591351488535621,True,20,True,True,True,True,False,False,4,13,TARGET_BEFORE_STOP,True,True,True,False,False,6,13,TARGET_BEFORE_STOP,2021-10-11,2021-10-13,2021-10-15,2021-10-22,2021-11-05
SHOP|2021-10-11T00:00:00|Long,SHOP,2021-10-11,Long,0.0001547232012051314,0.016197360237778957,-0.004428839190307454,True,0.036654106276173604,0.051576574322627744,-0.004428839190307454,True,0.07966040955995979,0.0803310266907642,-0.004428839190307454,True,0.050220722316719035,0.11032337711272788,-0.004428839190307454,True,0.13025692034937308,0.15277701721779113,-0.02097994884014387,True,20,True,True,True,True,False,False,2,13,TARGET_BEFORE_STOP,True,False,True,False,False,3,,TARGET_BEFORE_STOP,2021-10-12,2021-10-14,2021-10-18,2021-10-25,2021-11-08
SHOP|2021-10-12T00:00:00|Long,SHOP,2021-10-12,Long,0.03076143180915958,0.0311593102256551,0.00844370177804099,True,0.0496308072794549,0.05352853172745897,0.00844370177804099,True,0.09469360157766271,0.10665918503842242,0.00844370177804099,True,0.004774428571155509,0.11015161090166625,0.0003610024287559188,True,0.145613831733294,0.15259868345978167,-0.021131402523104525,True,20,True,True,True,True,False,False,1,12,TARGET_BEFORE_STOP,True,False,True,False,False,2,,TARGET_BEFORE_STOP,2021-10-13,2021-10-15,2021-10-19,2021-10-26,2021-11-09
SHOP|2021-10-13T00:00:00|Long,SHOP,2021-10-13,Long,0.005561233337950666,0.020036124511768172,0.001957180673822556,True,0.047277627561955304,0.04792813054560874,-0.0013724478610515067,True,0.06326076073073605,0.07387288142063575,-0.0013724478610515067,True,-0.02705564505485758,0.07702090575232678,-0.04493313365960283,True,0.053632247671048905,0.1182012130942629,-0.0503441754132995,True,20,True,True,True,True,False,False,3,9,TARGET_BEFORE_STOP,True,True,True,False,False,4,10,TARGET_BEFORE_STOP,2021-10-14,2021-10-18,2021-10-20,2021-10-27,2021-11-10
SHOP|2021-10-14T00:00:00|Long,SHOP,2021-10-14,Long,0.012674529683835312,0.0164350197960208,-0.006895334634158368,True,0.056150715506215976,0.06769500471674728,-0.006895334634158368,True,0.06394883243013516,0.07106446633504993,-0.006895334634158368,True,0.035720588501679584,0.07106446633504993,-0.05559622517036855,True,0.059420603155757146,0.11201702693172133,-0.05559622517036855,True,20,True,True,True,True,False,False,2,8,TARGET_BEFORE_STOP,True,True,True,False,False,3,8,TARGET_BEFORE_STOP,2021-10-15,2021-10-19,2021-10-21,2021-10-28,2021-11-11
SHOP|2021-10-15T00:00:00|Long,SHOP,2021-10-15,Long,0.028450555567635316,0.02908936435847531,-0.0046188317703904636,True,0.04414635747778495,0.05456770243164,-0.0046188317703904636,True,0.0008915902707835599,0.057659134242711074,-0.01410938390191141,True,0.029587750894991105,0.057659134242711074,-0.0674162851469351,True,0.17193842800124726,0.17563428603745423,-0.0674162851469351,True,20,True,True,True,True,False,False,2,6,TARGET_BEFORE_STOP,True,True,True,False,False,2,7,TARGET_BEFORE_STOP,2021-10-18,2021-10-20,2021-10-22,2021-10-29,2021-11-12
SHOP|2021-10-18T00:00:00|Long,SHOP,2021-10-18,Long,0.014080878007070696,0.02516532151187101,0.0033376224842462943,True,0.021568371165866296,0.02840056677197733,-0.002109095794566529,True,-0.0272675435558849,0.02840056677197733,-0.04784619878990748,True,0.04266568212340571,0.04549141848695215,-0.09321482709653295,True,0.1306317757865887,0.16331875091454728,-0.09321482709653295,True,20,True,True,True,False,True,False,10,4,STOP_BEFORE_TARGET,True,True,False,True,False,13,4,STOP_BEFORE_TARGET,2021-10-19,2021-10-21,2021-10-25,2021-11-01,2021-11-15
SHOP|2021-10-19T00:00:00|Long,SHOP,2021-10-19,Long,0.0011643281168447484,0.011156680955198839,-0.0159651701878597,True,-0.040309867180119974,0.014120854732069033,-0.05469332992090126,True,-0.08214095056088433,0.014120854732069033,-0.08617260483934075,True,-0.006124918429248782,0.032495507318208494,-0.10580586561741223,True,0.1275996600987619,0.1539771299953805,-0.10580586561741223,True,20,True,True,True,False,True,False,9,3,STOP_BEFORE_TARGET,True,True,False,True,False,14,3,STOP_BEFORE_TARGET,2021-10-20,2021-10-22,2021-10-26,2021-11-02,2021-11-16
SHOP|2021-10-20T00:00:00|Long,SHOP,2021-10-20,Long,0.006211965737966452,0.012941458511206427,-0.010265705252914814,True,-0.0418898384464218,0.012941458511206427,-0.062159151514169175,True,-0.08494285609065721,0.012941458511206427,-0.10175668884458933,True,0.005290880455563363,0.03129474185351411,-0.10684579017658802,True,0.10107102963670633,0.15263508455796782,-0.10684579017658802,True,20,True,True,True,False,True,False,9,2,STOP_BEFORE_TARGET,True,True,False,True,False,13,2,STOP_BEFORE_TARGET,2021-10-21,2021-10-25,2021-10-27,2021-11-03,2021-11-17
SHOP|2021-10-21T00:00:00|Long,SHOP,2021-10-21,Long,-0.04734382937674886,-0.015874865516703918,-0.061621869825776554,True,-0.08886831560799402,-0.015874865516703918,-0.09287042024035663,True,-0.026531580342994743,0.005344975078090286,-0.11235978080586295,True,0.02929755499096265,0.03507693418150715,-0.11235978080586295,True,0.1233304981354062,0.14551915879137178,-0.11235978080586295,True,20,True,True,True,False,True,False,10,1,STOP_BEFORE_TARGET,True,True,False,True,False,16,1,STOP_BEFORE_TARGET,2021-10-22,2021-10-26,2021-10-28,2021-11-04,2021-11-18
SHOP|2021-10-22T00:00:00|Long,SHOP,2021-10-22,Long,-0.00048392356062432196,0.009222478666750966,-0.021629200046102248,True,-0.04539753057723772,0.009222478666750966,-0.06293799389605659,True,0.028670598197796826,0.05530726203176628,-0.0682470270324067,True,0.07168350500205944,0.08707006971303066,-0.0682470270324067,True,0.18567864500546905,0.23639783653421698,-0.0682470270324067,True,20,True,True,True,False,True,False,4,1,STOP_BEFORE_TARGET,True,True,False,True,False,4,2,STOP_BEFORE_TARGET,2021-10-25,2021-10-27,2021-10-29,2021-11-05,2021-11-19
SHOP|2021-10-25T00:00:00|Long,SHOP,2021-10-25,Long,-0.043125060158380246,0.0035013114125386213,-0.04732808996727922,True,0.02234128332238927,0.05581819733319171,-0.06779591151067632,True,0.07189358719964578,0.07479853433575356,-0.06779591151067632,True,0.07620893049615263,0.09765213418645913,-0.06779591151067632,True,0.11917959975927017,0.23699644825993849,-0.06779591151067632,True,20,True,True,True,False,True,False,3,1,STOP_BEFORE_TARGET,True,True,False,True,False,3,1,STOP_BEFORE_TARGET,2021-10-26,2021-10-28,2021-11-01,2021-11-08,2021-11-22
SHOP|2021-10-26T00:00:00|Long,SHOP,2021-10-26,Long,-0.0018918795534680344,0.011341990237597077,-0.02023174293711727,True,0.07555187652789308,0.10340249636796717,-0.025782733275865333,True,0.08281885130193722,0.12489549234072994,-0.025782733275865333,True,0.14017017069435167,0.14712183220948427,-0.025782733275865333,True,0.1535235417489078,0.2927462061705619,-0.025782733275865333,True,20,True,True,True,False,True,False,2,1,STOP_BEFORE_TARGET,True,False,True,False,False,2,,TARGET_BEFORE_STOP,2021-10-27,2021-10-29,2021-11-02,2021-11-09,2021-11-23
SHOP|2021-10-27T00:00:00|Long,SHOP,2021-10-27,Long,0.07044197036939392,0.10549395778317971,-0.02393613801249206,True,0.12232568734728533,0.12536731090971132,-0.02393613801249206,True,0.09860994709108595,0.12702769298928862,-0.02393613801249206,True,0.08293166234615312,0.1492961621194775,-0.02393613801249206,True,0.19658807233351228,0.2951965620640531,-0.02393613801249206,True,20,True,True,True,,,False,1,1,AMBIGUOUS,True,False,True,False,False,1,,TARGET_BEFORE_STOP,2021-10-28,2021-11-01,2021-11-03,2021-11-10,2021-11-24
SHOP|2021-10-28T00:00:00|Long,SHOP,2021-10-28,Long,0.00667815526786919,0.02139330445997545,-0.02551820451071596,True,0.013479784198617617,0.05286201791991396,-0.02551820451071596,True,0.057350741129977845,0.0632876355107741,-0.02551820451071596,True,0.022882633518334305,0.073665078474896,-0.02551820451071596,True,0.08215512334537167,0.20996429317611653,-0.02551820451071596,True,20,True,True,True,False,True,False,2,1,STOP_BEFORE_TARGET,True,False,True,False,False,2,,TARGET_BEFORE_STOP,2021-10-29,2021-11-02,2021-11-04,2021-11-11,2021-11-26
SHOP|2021-10-29T00:00:00|Long,SHOP,2021-10-29,Long,0.04151404202213782,0.04433665731690084,-0.004588466393587787,True,0.019505923726135244,0.045877485679378216,-0.010008674246766769,True,0.041814072337267305,0.05677179032583246,-0.010008674246766769,True,0.13825987826925368,0.14184952668241158,-0.010008674246766769,True,0.06837653430031043,0.201937567478212,-0.010008674246766769,True,20,True,True,False,True,False,False,1,,TARGET_BEFORE_STOP,True,False,True,False,False,4,,TARGET_BEFORE_STOP,2021-11-01,2021-11-03,2021-11-05,2021-11-12,2021-11-29
SHOP|2021-11-01T00:00:00|Long,SHOP,2021-11-01,Long,-0.033372122408332094,0.004189519757956228,-0.037051024780725195,True,0.008470734891488751,0.014133174048410746,-0.04946905580732386,True,0.00402590644075107,0.024030880765047113,-0.04946905580732386,True,0.0843665377803926,0.11571596808042028,-0.04946905580732386,True,-0.003816345549727762,0.15402915273672746,-0.04946905580732386,True,20,True,True,True,False,True,False,9,1,STOP_BEFORE_TARGET,True,True,False,True,False,9,1,STOP_BEFORE_TARGET,2021-11-02,2021-11-04,2021-11-08,2021-11-15,2021-11-30
SHOP|2021-11-02T00:00:00|Long,SHOP,2021-11-02,Long,0.012663852385394803,0.01390996339064543,-0.016652668283369754,True,0.03482228735511983,0.04967962164684647,-0.016652668283369754,True,0.05296483278200914,0.05938479998776525,-0.016652668283369754,True,0.13454867820679062,0.16108870359401606,-0.016652668283369754,True,-0.01146527526043395,0.19387116747756705,-0.016652668283369754,True,20,True,True,False,True,False,False,2,,TARGET_BEFORE_STOP,True,False,True,False,False,4,,TARGET_BEFORE_STOP,2021-11-03,2021-11-05,2021-11-09,2021-11-16,2021-12-01
SHOP|2021-11-03T00:00:00|Long,SHOP,2021-11-03,Long,0.030240636090719697,0.03602531056566116,0.00010704234550296121,True,0.025699856936731713,0.04613667950358469,0.00010704234550296121,True,-0.014271020198247775,0.04613667950358469,-0.016945956370805315,True,0.09527605496405056,0.14656872649201103,-0.016945956370805315,True,-0.0322267869132824,0.17894122977267024,-0.043026941201200875,True,20,True,True,True,True,False,False,1,19,TARGET_BEFORE_STOP,True,True,True,False,False,7,20,TARGET_BEFORE_STOP,2021-11-04,2021-11-08,2021-11-10,2021-11-17,2021-12-02
SHOP|2021-11-04T00:00:00|Long,SHOP,2021-11-04,Long,-0.00811393260879767,0.006126950161714051,-0.019720065363115324,True,0.009275853305011239,0.015429447117503603,-0.019720065363115324,True,-0.0325985562508877,0.015429447117503603,-0.04580152520538883,True,0.09135642330877691,0.11291351391719706,-0.04580152520538883,True,-0.08474840172761788,0.14433578765267852,-0.11913198353362953,True,20,True,True,True,False,True,False,6,4,STOP_BEFORE_TARGET,True,True,False,True,False,6,4,STOP_BEFORE_TARGET,2021-11-05,2021-11-09,2021-11-11,2021-11-18,2021-12-03
SHOP|2021-11-05T00:00:00|Long,SHOP,2021-11-05,Long,0.0037367586771468453,0.02373597180190634,-0.003965132239976188,True,-0.03537823035752696,0.02373597180190634,-0.03799588867672554,True,0.09257487347585358,0.09602044837109824,-0.03799588867672554,True,0.10637015450115594,0.1536968057858097,-0.03799588867672554,True,-0.06540321264784121,0.1536968057858097,-0.12307108219511032,True,20,True,True,True,False,True,False,5,3,STOP_BEFORE_TARGET,True,True,False,True,False,5,3,STOP_BEFORE_TARGET,2021-11-08,2021-11-10,2021-11-12,2021-11-19,2021-12-06
SHOP|2021-11-08T00:00:00|Long,SHOP,2021-11-08,Long,0.013743923300650662,0.019090871557739142,-0.00910173040123008,True,-0.028315864506703536,0.019090871557739142,-0.04157728308054898,True,0.08001848440788462,0.11124221090629804,-0.04157728308054898,True,0.03992781331344952,0.14940176875289435,-0.04157728308054898,True,-0.008645390363733907,0.14940176875289435,-0.12633575464485414,True,20,True,True,True,False,True,False,4,2,STOP_BEFORE_TARGET,True,True,False,True,False,4,2,STOP_BEFORE_TARGET,2021-11-09,2021-11-11,2021-11-15,2021-11-22,2021-12-07
SHOP|2021-11-09T00:00:00|Long,SHOP,2021-11-09,Long,-0.05199862804855604,-0.006418632631541188,-0.054571184210978285,True,0.07374984850142763,0.07713605626767372,-0.054571184210978285,True,0.07748012363264878,0.10268516805669159,-0.054571184210978285,True,0.01171173514075008,0.13381865216074984,-0.054571184210978285,True,-0.022227183578977794,0.13381865216074984,-0.13818053526715024,True,20,True,True,True,False,True,False,3,1,STOP_BEFORE_TARGET,True,True,False,True,False,3,1,STOP_BEFORE_TARGET,2021-11-10,2021-11-12,2021-11-16,2021-11-23,2021-12-08
SHOP|2021-11-10T00:00:00|Long,SHOP,2021-11-10,Long,0.011085500360972889,0.025780211730717317,0.010854858682282309,True,0.12381275953658832,0.15630259442903038,0.010854858682282309,True,0.1111330572672522,0.16316832515424928,0.010854858682282309,True,0.10495252280381617,0.19600950558415797,0.010854858682282309,True,0.014213034650289114,0.19600950558415797,-0.0909090532655984,True,20,True,True,True,True,False,False,2,15,TARGET_BEFORE_STOP,True,True,True,False,False,2,16,TARGET_BEFORE_STOP,2021-11-11,2021-11-15,2021-11-17,2021-11-24,2021-12-09
SHOP|2021-11-11T00:00:00|Long,SHOP,2021-11-11,Long,0.12022759691420948,0.12376037821697605,0.013198401325594133,True,0.12411933869364589,0.15041539487904898,0.013198401325594133,True,0.12813189432432903,0.15041539487904898,0.013198401325594133,True,0.05794652082728402,0.1828965059405605,0.013198401325594133,True,-0.019297555505773833,0.1828965059405605,-0.1008762894830928,True,20,True,True,True,True,False,False,1,13,TARGET_BEFORE_STOP,True,True,True,False,False,1,14,TARGET_BEFORE_STOP,2021-11-12,2021-11-16,2021-11-18,2021-11-26,2021-12-10
SHOP|2021-11-12T00:00:00|Long,SHOP,2021-11-12,Long,-0.007798660605997432,0.020886240346954743,-0.022167981584749086,True,-0.018993423673058785,0.026947914913000748,-0.02456393470431384,True,0.01262639418149436,0.055943014793582435,-0.02456393470431384,True,-0.06139489347125393,0.055943014793582435,-0.08673752436395965,True,-0.16314270082912863,0.055943014793582435,-0.19737407559531417,True,20,True,True,True,False,True,False,5,1,STOP_BEFORE_TARGET,True,True,True,False,False,5,6,TARGET_BEFORE_STOP,2021-11-15,2021-11-17,2021-11-19,2021-11-29,2021-12-13
SHOP|2021-11-15T00:00:00|Long,SHOP,2021-11-15,Long,0.011361327217167094,0.03501968213449502,-0.016897048444377227,True,0.014971391957176339,0.03501968213449502,-0.016897048444377227,True,-0.03712035643206113,0.06424268227506214,-0.045867746594107306,True,-0.08132202558613,0.06424268227506214,-0.08443098670067295,True,-0.18244492143450497,0.06424268227506214,-0.19770601392515386,True,20,True,True,True,True,False,False,1,5,TARGET_BEFORE_STOP,True,True,True,False,False,4,5,TARGET_BEFORE_STOP,2021-11-16,2021-11-18,2021-11-22,2021-11-30,2021-12-14
SHOP|2021-11-16T00:00:00|Long,SHOP,2021-11-16,Long,-0.02238970389667827,0.000876279227865151,-0.023677846202020403,True,0.009120645005632033,0.052287301911574824,-0.023677846202020403,True,-0.06103907352848892,0.052287301911574824,-0.0854761613523245,True,-0.12869783048710326,0.052287301911574824,-0.1297304027359658,True,-0.18339182633040108,0.052287301911574824,-0.230630572208241,True,20,True,True,True,False,True,False,3,1,STOP_BEFORE_TARGET,True,True,True,False,False,3,4,TARGET_BEFORE_STOP,2021-11-17,2021-11-19,2021-11-23,2021-12-01,2021-12-15
SHOP|2021-11-17T00:00:00|Long,SHOP,2021-11-17,Long,0.026553744743585295,0.03647553018795646,-0.00036642110645201953,True,-0.026132448978679168,0.07638729471846784,-0.034979660041708494,True,-0.005562371151693335,0.07638729471846784,-0.06453129402084234,True,-0.11641160354000246,0.07638729471846784,-0.12627227221706294,True,-0.18984498328232813,0.07638729471846784,-0.21301010140911414,True,20,True,True,True,True,False,False,1,3,TARGET_BEFORE_STOP,True,True,True,False,False,2,3,TARGET_BEFORE_STOP,2021-11-18,2021-11-22,2021-11-24,2021-12-02,2021-12-16
SHOP|2021-11-18T00:00:00|Long,SHOP,2021-11-18,Long,0.005531390285924642,0.04854451141019411,0.0022571898635104226,True,-0.06437878315948131,0.04854451141019411,-0.08872895280040016,True,-0.06221380128524867,0.04854451141019411,-0.08872895280040016,True,-0.1613632551888775,0.04854451141019411,-0.1928686195883167,True,-0.2128710373253584,0.04854451141019411,-0.23867838361572935,True,20,True,True,True,True,False,False,1,2,TARGET_BEFORE_STOP,False,True,False,True,False,,2,STOP_BEFORE_TARGET,2021-11-19,2021-11-23,2021-11-26,2021-12-03,2021-12-17
SHOP|2021-11-19T00:00:00|Long,SHOP,2021-11-19,Long,-0.05654200057114411,0.007630477721229045,-0.06511295258745964,True,-0.036614234773432286,0.007630477721229045,-0.0937418204910756,True,-0.07309831945727596,0.007630477721229045,-0.09812495419474998,True,-0.15525849685130655,0.007630477721229045,-0.2073819831118977,True,-0.24158880225453894,0.007630477721229045,-0.2476700245750807,True,20,True,False,True,False,True,False,,1,STOP_BEFORE_TARGET,False,True,False,True,False,,1,STOP_BEFORE_TARGET,2021-11-22,2021-11-24,2021-11-29,2021-12-06,2021-12-20
SHOP|2021-11-22T00:00:00|Long,SHOP,2021-11-22,Long,-0.013761714514546886,0.011680122697109274,-0.03942922731319387,True,-0.011479607211593024,0.04154200617656567,-0.03942922731319387,True,-0.045905705296957144,0.04154200617656567,-0.04913452120900885,True,-0.046708245567947726,0.04154200617656567,-0.15987991265331158,True,-0.14100227895033202,0.04154200617656567,-0.20258244046861695,True,20,True,True,True,False,True,False,3,1,STOP_BEFORE_TARGET,False,True,False,True,False,,1,STOP_BEFORE_TARGET,2021-11-23,2021-11-26,2021-11-30,2021-12-07,2021-12-21
SHOP|2021-11-23T00:00:00|Long,SHOP,2021-11-23,Long,0.03537052223032511,0.04383809965578345,-0.02022813396104417,True,-0.003839674946838789,0.05607541453725928,-0.030736314707456636,True,-0.07205705269639584,0.05607541453725928,-0.07315674941406736,True,-0.03354603642608367,0.05607541453725928,-0.148157093766484,True,-0.11914991319409085,0.05607541453725928,-0.19145548163457016,True,20,True,True,True,,,False,1,1,AMBIGUOUS,True,True,True,False,False,2,3,TARGET_BEFORE_STOP,2021-11-24,2021-11-29,2021-12-01,2021-12-08,2021-12-22
SHOP|2021-11-24T00:00:00|Long,SHOP,2021-11-24,Long,-0.031927286204562755,0.019997567887419798,-0.03221584193441762,True,-0.0656412757610938,0.019997567887419798,-0.0688033031761367,True,-0.11146926581678884,0.019997567887419798,-0.12138508998816544,True,-0.08212071223049078,0.019997567887419798,-0.17725791111134426,True,-0.1162706270503383,0.019997567887419798,-0.21907713132133788,True,20,True,False,True,False,True,False,,1,STOP_BEFORE_TARGET,False,True,False,True,False,,1,STOP_BEFORE_TARGET,2021-11-26,2021-11-30,2021-12-02,2021-12-09,2021-12-23
SHOP|2021-11-26T00:00:00|Long,SHOP,2021-11-26,Long,-0.006139419867936535,0.004293790581513024,-0.03297396579774381,True,-0.07419931034956628,0.03376550278760582,-0.07529646829724512,True,-0.10572714126046479,0.03376550278760582,-0.13932260730871515,True,-0.07301321457407439,0.03376550278760582,-0.15012366616242756,True,-0.11169526629137294,0.03376550278760582,-0.19332209497263197,True,20,True,True,True,False,True,False,2,1,STOP_BEFORE_TARGET,False,True,False,True,False,,1,STOP_BEFORE_TARGET,2021-11-29,2021-12-01,2021-12-03,2021-12-10,2021-12-27
SHOP|2021-11-29T00:00:00|Long,SHOP,2021-11-29,Long,-0.02886367190535344,0.040151429137313954,-0.03215016093094758,True,-0.07649551268780874,0.040151429137313954,-0.08680163690542841,True,-0.08863958186581744,0.040151429137313954,-0.14487368668486533,True,-0.10840321094583616,0.040151429137313954,-0.14487368668486533,True,-0.1221426650367462,0.040151429137313954,-0.18833896710122344,True,20,True,True,True,,,False,1,1,AMBIGUOUS,False,True,False,True,False,,1,STOP_BEFORE_TARGET,2021-11-30,2021-12-02,2021-12-06,2021-12-13,2021-12-28
SHOP|2021-11-30T00:00:00|Long,SHOP,2021-11-30,Long,-0.04079411599262539,0.023794361751184656,-0.04193086213125308,True,-0.07345954955494238,0.023794361751184656,-0.10826722367929342,True,-0.0008411540404822393,0.023794361751184656,-0.11945801163377501,True,-0.11007436627931866,0.023794361751184656,-0.12668638149649614,True,-0.08523520477824431,0.023794361751184656,-0.16421514733030096,True,20,True,False,True,False,True,False,,1,STOP_BEFORE_TARGET,False,True,False,True,False,,1,STOP_BEFORE_TARGET,2021-12-01,2021-12-03,2021-12-07,2021-12-14,2021-12-29
SHOP|2021-12-01T00:00:00|Long,SHOP,2021-12-01,Long,-0.008604426659892916,0.01720895785280807,-0.019668201734098334,True,-0.021641262528936056,0.01720895785280807,-0.08200939647336947,True,0.04150149142489479,0.052256998616505346,-0.08200939647336947,True,-0.06277270705509042,0.052256998616505346,-0.11698896810749759,True,-0.0421110234775941,0.052256998616505346,-0.12867001067804817,True,20,True,True,True,False,True,False,4,2,STOP_BEFORE_TARGET,True,True,False,True,False,4,2,STOP_BEFORE_TARGET,2021-12-02,2021-12-06,2021-12-08,2021-12-15,2021-12-30
SHOP|2021-12-02T00:00:00|Long,SHOP,2021-12-02,Long,-0.0256711220806487,0.014093252644811205,-0.06227408103000809,True,0.05069273206508362,0.06138964800029356,-0.07404205928231866,True,0.03303043153963259,0.06138964800029356,-0.07404205928231866,True,-0.08310813047854493,0.06138964800029356,-0.10932522230500452,True,-0.0482050796485296,0.06138964800029356,-0.1211076458750393,True,20,True,True,True,False,True,False,3,1,STOP_BEFORE_TARGET,True,True,False,True,False,3,1,STOP_BEFORE_TARGET,2021-12-03,2021-12-07,2021-12-09,2021-12-16,2021-12-31
SHOP|2021-12-03T00:00:00|Long,SHOP,2021-12-03,Long,0.012851038723127317,0.014794315852171946,-0.049645390070921946,True,0.07821990750360142,0.08935460300310294,-0.049645390070921946,True,0.03658159404781691,0.08935460300310294,-0.049645390070921946,True,-0.061418465688719004,0.08935460300310294,-0.09219143914838213,True,-0.03323407545157353,0.08935460300310294,-0.09795103681848405,True,20,True,True,True,False,True,False,2,1,STOP_BEFORE_TARGET,True,True,False,True,False,2,1,STOP_BEFORE_TARGET,2021-12-06,2021-12-08,2021-12-10,2021-12-17,2022-01-03
SHOP|2021-12-06T00:00:00|Long,SHOP,2021-12-06,Long,0.06469343361974644,0.0755328882087356,0.026959203370071405,True,0.04679577922643374,0.0755328882087356,0.026959203370071405,True,-0.021685854121776038,0.0755328882087356,-0.03998962745932477,True,-0.10219730542591365,0.0755328882087356,-0.10939622047610897,True,-0.14442763886762366,0.0755328882087356,-0.1518604916785149,True,20,True,True,True,True,False,False,1,5,TARGET_BEFORE_STOP,True,True,True,False,False,1,5,TARGET_BEFORE_STOP,2021-12-07,2021-12-09,2021-12-13,2021-12-20,2022-01-04
SHOP|2021-12-07T00:00:00|Long,SHOP,2021-12-07,Long,-0.00014460882059619262,0.009490292543343104,-0.018750274716617943,True,-0.038756669216304496,0.009490292543343104,-0.05159905643998974,True,-0.10932517154861099,0.009490292543343104,-0.12595117179307114,True,-0.09891413929050763,0.009490292543343104,-0.16351153167535293,True,-0.21736125732000622,0.009490292543343104,-0.2280550344441954,True,20,True,False,True,False,True,False,,2,STOP_BEFORE_TARGET,False,True,False,True,False,,3,STOP_BEFORE_TARGET,2021-12-08,2021-12-10,2021-12-14,2021-12-21,2022-01-05
SHOP|2021-12-08T00:00:00|Long,SHOP,2021-12-08,Long,-0.016667949699363915,0.009004781814351492,-0.025107059627296868,True,-0.08099777053413537,0.009004781814351492,-0.09819184727902885,True,-0.10011910625046361,0.009004781814351492,-0.15217497126726065,True,-0.08857522447468347,0.009004781814351492,-0.1633905505695712,True,-0.23111385070096246,0.009004781814351492,-0.2510771201680395,True,20,True,False,True,False,True,False,,1,STOP_BEFORE_TARGET,False,True,False,True,False,,2,STOP_BEFORE_TARGET,2021-12-09,2021-12-13,2021-12-15,2021-12-22,2022-01-06
SHOP|2021-12-09T00:00:00|Long,SHOP,2021-12-09,Long,-0.02232175300470418,0.024448970859738628,-0.035383713723693755,True,-0.09409680459032399,0.024448970859738628,-0.11100706888343981,True,-0.11242511205123373,0.024448970859738628,-0.1378039305506903,True,-0.0372052352361425,0.024448970859738628,-0.14920961929935006,True,-0.23443592237211375,0.024448970859738628,-0.24987455732719943,True,20,True,False,True,False,True,False,,1,STOP_BEFORE_TARGET,False,True,False,True,False,,1,STOP_BEFORE_TARGET,2021-12-10,2021-12-14,2021-12-16,2021-12-23,2022-01-07
SHOP|2021-12-10T00:00:00|Long,SHOP,2021-12-10,Long,-0.04408248753394417,0.006027700676016545,-0.06196723094820322,True,-0.0639719057387339,0.006027700676016545,-0.1181187961386051,True,-0.09454157810563557,0.006027700676016545,-0.12422855464116878,True,-0.04172880598241224,0.006027700676016545,-0.12978489261125647,True,-0.2260636223769814,0.006027700676016545,-0.27200702690609313,True,20,True,False,True,False,True,False,,1,STOP_BEFORE_TARGET,False,True,False,True,False,,1,STOP_BEFORE_TARGET,2021-12-13,2021-12-15,2021-12-17,2021-12-27,2022-01-10
SHOP|2021-12-13T00:00:00|Long,SHOP,2021-12-13,Long,-0.030683911361302663,0.00386507217604537,-0.04877788798651694,True,-0.05029519365879154,0.022080712842065475,-0.07745052019568466,True,-0.08229611280113214,0.022080712842065475,-0.0896546029962555,True,-0.015409941197169763,0.04283720980013683,-0.0896546029962555,True,-0.1716637022433145,0.04283720980013683,-0.23843536330258674,True,20,True,True,True,False,True,False,8,1,STOP_BEFORE_TARGET,False,True,False,True,False,,1,STOP_BEFORE_TARGET,2021-12-14,2021-12-16,2021-12-20,2021-12-28,2022-01-11
SHOP|2021-12-14T00:00:00|Long,SHOP,2021-12-14,Long,0.010189952936253466,0.016348204347540474,-0.04824701599667125,True,-0.022801766093258347,0.05443489984517891,-0.05484085296801533,True,0.011688926110334785,0.05443489984517891,-0.06083742168952444,True,0.027911502444563308,0.07584844822362546,-0.06083742168952444,True,-0.1369878841639861,0.07584844822362546,-0.21432786928467185,True,20,True,True,True,False,True,False,2,1,STOP_BEFORE_TARGET,True,True,False,True,False,2,1,STOP_BEFORE_TARGET,2021-12-15,2021-12-17,2021-12-21,2021-12-29,2022-01-12
SHOP|2021-12-15T00:00:00|Long,SHOP,2021-12-15,Long,-0.03011516254623514,0.04379864082029483,-0.05128716756215723,True,-0.06279606091960732,0.04379864082029483,-0.07031090976437371,True,0.012828232998347344,0.04379864082029483,-0.07031090976437371,True,0.022045541922466105,0.06499618719878053,-0.07031090976437371,True,-0.22200457536146323,0.06499618719878053,-0.2240950633899812,True,20,True,True,True,,,False,1,1,AMBIGUOUS,True,True,False,True,False,6,1,STOP_BEFORE_TARGET,2021-12-16,2021-12-20,2021-12-22,2021-12-30,2022-01-13
SHOP|2021-12-16T00:00:00|Long,SHOP,2021-12-16,Long,-0.0026227480470261133,0.018984362754562722,-0.03532343795154491,True,0.03258017252155376,0.03346944821093212,-0.0414438350471219,True,0.08474763970500376,0.08797320466186087,-0.0414438350471219,True,0.03806670338153606,0.0980645805276339,-0.0414438350471219,True,-0.16879448462776636,0.0980645805276339,-0.20972433833599302,True,20,True,True,True,False,True,False,3,1,STOP_BEFORE_TARGET,True,True,False,True,False,5,1,STOP_BEFORE_TARGET,2021-12-17,2021-12-21,2021-12-23,2021-12-31,2022-01-14
SHOP|2021-12-17T00:00:00|Long,SHOP,2021-12-17,Long,-0.031154610946988126,-0.0025691124928138853,-0.038923172675213724,True,0.04702287573183739,0.052100683567019246,-0.038923172675213724,True,0.05832710906010519,0.1009521004990872,-0.038923172675213724,True,0.030028707370454155,0.1009521004990872,-0.038923172675213724,True,-0.20306780764378418,0.1009521004990872,-0.22241196102770955,True,20,True,True,True,False,True,False,2,1,STOP_BEFORE_TARGET,True,True,False,True,False,3,1,STOP_BEFORE_TARGET,2021-12-20,2021-12-22,2021-12-27,2022-01-03,2022-01-18
SHOP|2021-12-20T00:00:00|Long,SHOP,2021-12-20,Long,0.06858690091158581,0.06950718621073926,0.017575747406022524,True,0.12257348090744191,0.12591152336909395,0.017575747406022524,True,0.07288426314518603,0.13635479193971456,0.017575747406022524,True,-0.04703743227429713,0.13635479193971456,-0.05531637023673808,True,-0.1959334171860453,0.13635479193971456,-0.19740750406797525,True,20,True,True,True,True,False,False,1,10,TARGET_BEFORE_STOP,True,True,True,False,False,1,10,TARGET_BEFORE_STOP,2021-12-21,2021-12-23,2021-12-28,2022-01-04,2022-01-19
SHOP|2021-12-21T00:00:00|Long,SHOP,2021-12-21,Long,0.011327571765399336,0.01623226600549077,-0.013685032430118982,True,0.02224641901079094,0.0634182310959619,-0.013685032430118982,True,0.016035142735623342,0.0634182310959619,-0.013685032430118982,True,-0.13144931376044044,0.0634182310959619,-0.14331696987455278,True,-0.2526512801374473,0.0634182310959619,-0.2535854996568162,True,20,True,True,True,True,False,False,2,8,TARGET_BEFORE_STOP,True,True,True,False,False,2,9,TARGET_BEFORE_STOP,2021-12-22,2021-12-27,2021-12-29,2022-01-05,2022-01-20
SHOP|2021-12-22T00:00:00|Long,SHOP,2021-12-22,Long,0.03875489834944146,0.04184370101306434,-0.0034642074295785363,True,-0.007224201659203122,0.05150720773846995,-0.015487511376944818,True,0.009100564758973917,0.05150720773846995,-0.024725287734153056,True,-0.1563909935892671,0.05150720773846995,-0.17829435852201303,True,-0.3633798652441149,0.05150720773846995,-0.37302889097018843,True,20,True,True,True,True,False,False,1,4,TARGET_BEFORE_STOP,True,True,True,False,False,2,7,TARGET_BEFORE_STOP,2021-12-23,2021-12-28,2021-12-30,2022-01-06,2022-01-21
SHOP|2021-12-23T00:00:00|Long,SHOP,2021-12-23,Long,-0.02691525193015476,0.012276533578124749,-0.03000002226275933,True,-0.03282781674526303,0.012276533578124749,-0.061111804319250895,True,-0.04303391370933296,0.012276533578124749,-0.061111804319250895,True,-0.2048522637992798,0.012276533578124749,-0.22088749323768686,True,-0.3479674577826525,0.012276533578124749,-0.458081185498293,True,20,True,False,True,False,True,False,,1,STOP_BEFORE_TARGET,False,True,False,True,False,,1,STOP_BEFORE_TARGET,2021-12-27,2021-12-29,2021-12-31,2022-01-07,2022-01-24
SHOP|2021-12-27T00:00:00|Long,SHOP,2021-12-27,Long,-0.017828266480965582,0.010281289482505951,-0.026003313902189018,True,-0.0016778686176905921,0.023054487860046935,-0.03514241946236085,True,-0.026738804522150605,0.023054487860046935,-0.04741218099279143,True,-0.19236184656844224,0.023054487860046935,-0.24030589916642575,True,-0.362847123301282,0.023054487860046935,-0.44309186268038236,True,20,True,False,True,False,True,False,,1,STOP_BEFORE_TARGET,False,True,False,True,False,,2,STOP_BEFORE_TARGET,2021-12-28,2021-12-30,2022-01-03,2022-01-10,2022-01-25
SHOP|2021-12-28T00:00:00|Long,SHOP,2021-12-28,Long,0.011965485643624652,0.018296526679254965,-0.017628437462112845,True,0.0012867067771622498,0.04162485331820043,-0.017628437462112845,True,-0.11177505304060453,0.04162485331820043,-0.11949157778314401,True,-0.158699308051246,0.04162485331820043,-0.22651602066406717,True,-0.36834299786928015,0.04162485331820043,-0.432982931279986,True,20,True,True,True,True,False,False,2,4,TARGET_BEFORE_STOP,False,True,False,True,False,,4,STOP_BEFORE_TARGET,2021-12-29,2021-12-31,2022-01-04,2022-01-11,2022-01-26
SHOP|2021-12-29T00:00:00|Long,SHOP,2021-12-29,Long,0.004425123600604319,0.029308675142919682,-0.0028661200343961246,True,-0.020789016056432352,0.029308675142919682,-0.04158877403436423,True,-0.14515684575532428,0.029308675142919682,-0.15683720563161674,True,-0.16042177387487966,0.029308675142919682,-0.23566169962408756,True,-0.4139991899714298,0.029308675142919682,-0.4396873443174961,True,20,True,False,True,False,True,False,,3,STOP_BEFORE_TARGET,False,True,False,True,False,,3,STOP_BEFORE_TARGET,2021-12-30,2022-01-03,2022-01-05,2022-01-12,2022-01-27
SHOP|2021-12-30T00:00:00|Long,SHOP,2021-12-30,Long,-0.01491165062804567,0.0038705709364952323,-0.015161991491029703,True,-0.1261443491170301,0.0038705709364952323,-0.13373603945913282,True,-0.16399907415349535,0.0038705709364952323,-0.18570490377809545,True,-0.23878595157792226,0.0038705709364952323,-0.24083134773960968,True,-0.3761943845510659,0.0038705709364952323,-0.44215587352701025,True,20,True,False,True,False,True,False,,2,STOP_BEFORE_TARGET,False,True,False,True,False,,2,STOP_BEFORE_TARGET,2021-12-31,2022-01-04,2022-01-06,2022-01-13,2022-01-28
SHOP|2021-12-31T00:00:00|Long,SHOP,2021-12-31,Long,-0.010345676011699778,0.011819499199223538,-0.03136726457463679,True,-0.13603989558720453,0.011819499199223538,-0.14784482715645508,True,-0.16909517736117186,0.011819499199223538,-0.18585149680459312,True,-0.19927542934904408,0.011819499199223538,-0.2387043538824063,True,-0.29995132306760386,0.011819499199223538,-0.43371157842984875,True,20,True,False,True,False,True,False,,1,STOP_BEFORE_TARGET,False,True,False,True,False,,1,STOP_BEFORE_TARGET,2022-01-03,2022-01-05,2022-01-07,2022-01-14,2022-01-31
SHOP|2022-01-03T00:00:00|Long,SHOP,2022-01-03,Long,-0.10364305084449787,0.005032532696686687,-0.11143022300171246,True,-0.14247251405220407,0.005032532696686687,-0.16473725674916606,True,-0.17017327189847986,0.005032532696686687,-0.21943451114314538,True,-0.22630098884263838,0.005032532696686687,-0.2450811968557809,True,-0.2779905107464352,0.005032532696686687,-0.42779169671283535,True,20,True,False,True,False,True,False,,1,STOP_BEFORE_TARGET,False,True,False,True,False,,1,STOP_BEFORE_TARGET,2022-01-04,2022-01-06,2022-01-10,2022-01-18,2022-02-01
SHOP|2022-01-04T00:00:00|Long,SHOP,2022-01-04,Long,-0.02606679682248625,0.005671687512640355,-0.03937437289898327,True,-0.06332967076263918,0.005671687512640355,-0.08221889468124677,True,-0.05282924688309443,0.005671687512640355,-0.12918007765515716,True,-0.15624536571997427,0.005671687512640355,-0.1577922122928127,True,-0.2749742228661676,0.005671687512640355,-0.3616289762395799,True,20,True,False,True,False,True,False,,1,STOP_BEFORE_TARGET,False,True,False,True,False,,1,STOP_BEFORE_TARGET,2022-01-05,2022-01-07,2022-01-11,2022-01-19,2022-02-02
SHOP|2022-01-05T00:00:00|Long,SHOP,2022-01-05,Long,-0.017714151298855008,0.006512563167169638,-0.043218105439783105,True,-0.04944498544304521,0.006512563167169638,-0.10587305217263132,True,-0.017856992880808886,0.006512563167169638,-0.10587305217263132,True,-0.13954507007732353,0.006512563167169638,-0.1406206774473594,True,-0.3198040300687941,0.006512563167169638,-0.34454332013972055,True,20,True,False,True,False,True,False,,1,STOP_BEFORE_TARGET,False,True,False,True,False,,1,STOP_BEFORE_TARGET,2022-01-06,2022-01-10,2022-01-12,2022-01-20,2022-02-03
SHOP|2022-01-06T00:00:00|Long,SHOP,2022-01-06,Long,-0.020916562514950443,0.011497709837071657,-0.04066110411980006,True,-0.009940671866844553,0.011497709837071657,-0.08974872333786232,True,-0.08945788827769574,0.019051654486643255,-0.09190453169452739,True,-0.2453611448928391,0.019051654486643255,-0.2567989385303522,True,-0.2505966981213661,0.019051654486643255,-0.3327230757452371,True,20,True,False,True,False,True,False,,1,STOP_BEFORE_TARGET,False,True,False,True,False,,1,STOP_BEFORE_TARGET,2022-01-07,2022-01-11,2022-01-13,2022-01-21,2022-02-04
SHOP|2022-01-07T00:00:00|Long,SHOP,2022-01-07,Long,-0.011629747172974936,-0.00982979186354338,-0.07030265060934893,True,0.02121488750562639,0.04082207447432595,-0.07030265060934893,True,-0.03632215286947582,0.04082207447432595,-0.08377515044402584,True,-0.17998566488686563,0.04082207447432595,-0.3184677641276593,True,-0.2425467944383174,0.04082207447432595,-0.3184677641276593,True,20,True,True,True,False,True,False,3,1,STOP_BEFORE_TARGET,False,True,False,True,False,,1,STOP_BEFORE_TARGET,2022-01-10,2022-01-12,2022-01-14,2022-01-24,2022-02-07
SHOP|2022-01-10T00:00:00|Long,SHOP,2022-01-10,Long,0.02310887061391753,0.030773472662510182,-0.039923256181460864,True,-0.059062739879233606,0.05306900070826015,-0.061591055619371615,True,-0.06763787552681955,0.05306900070826015,-0.09026935674713155,True,-0.2110911625564843,0.05306900070826015,-0.31044845398476817,True,-0.22381246353228623,0.05306900070826015,-0.31044845398476817,True,20,True,True,True,,,False,1,1,AMBIGUOUS,True,True,False,True,False,2,1,STOP_BEFORE_TARGET,2022-01-11,2022-01-13,2022-01-18,2022-01-25,2022-02-08
SHOP|2022-01-11T00:00:00|Long,SHOP,2022-01-11,Long,0.009893603401758932,0.02928342325520572,-0.0002679131660731082,True,-0.047005575942768885,0.02928342325520572,-0.09393250513181606,True,-0.10918424000800575,0.02928342325520572,-0.11081736325188574,True,-0.24918996480607214,0.02928342325520572,-0.32602329446966316,True,-0.20075866099847495,0.02928342325520572,-0.32602329446966316,True,20,True,False,True,False,True,False,,2,STOP_BEFORE_TARGET,False,True,False,True,False,,2,STOP_BEFORE_TARGET,2022-01-12,2022-01-14,2022-01-19,2022-01-26,2022-02-09
SHOP|2022-01-12T00:00:00|Long,SHOP,2022-01-12,Long,-0.08932546023541355,0.007948602440693397,-0.09177245948883261,True,-0.09762479967094828,0.007948602440693397,-0.11952840006812382,True,-0.12390056877098632,0.007948602440693397,-0.12499573247142426,True,-0.30202952888247026,0.007948602440693397,-0.33262602787056816,True,-0.23565145920755115,0.007948602440693397,-0.33262602787056816,True,20,True,False,True,False,True,False,,1,STOP_BEFORE_TARGET,False,True,False,True,False,,1,STOP_BEFORE_TARGET,2022-01-13,2022-01-18,2022-01-20,2022-01-27,2022-02-10
SHOP|2022-01-13T00:00:00|Long,SHOP,2022-01-13,Long,0.03621898103324561,0.04474051233984855,-0.01480605491635989,True,-0.0313897166602668,0.054615014688427,-0.03316545979260366,True,-0.17122025945647912,0.054615014688427,-0.18378178021456726,True,-0.18051221369071935,0.054615014688427,-0.2671652242502014,True,-0.19763985939423168,0.054615014688427,-0.2671652242502014,True,20,True,True,True,True,False,False,1,2,TARGET_BEFORE_STOP,True,True,False,True,False,3,2,STOP_BEFORE_TARGET,2022-01-14,2022-01-19,2022-01-21,2022-01-28,2022-02-11
SHOP|2022-01-14T00:00:00|Long,SHOP,2022-01-14,Long,-0.04374787545875214,-0.013210513347272634,-0.06695924519416141,True,-0.0715924571989246,0.0177530367537162,-0.07275300839191201,True,-0.14907835896110577,0.0177530367537162,-0.2927800115965191,True,-0.12573099091578332,0.0177530367537162,-0.2927800115965191,True,-0.23162359154242695,0.0177530367537162,-0.2927800115965191,True,20,True,False,True,False,True,False,,1,STOP_BEFORE_TARGET,False,True,False,True,False,,1,STOP_BEFORE_TARGET,2022-01-18,2022-01-20,2022-01-24,2022-01-31,2022-02-14
SHOP|2022-01-18T00:00:00|Long,SHOP,2022-01-18,Long,-0.02248119887381328,0.06431453654753749,-0.023149691398213545,True,-0.16359779334531277,0.06431453654753749,-0.17627484512038794,True,-0.15386005422594917,0.06431453654753749,-0.26042518468362896,True,-0.06680830808672678,0.06431453654753749,-0.26042518468362896,True,-0.15660028762323097,0.06431453654753749,-0.26042518468362896,True,20,True,True,True,,,False,1,1,AMBIGUOUS,True,True,True,False,False,1,2,TARGET_BEFORE_STOP,2022-01-19,2022-01-21,2022-01-25,2022-02-01,2022-02-15
SHOP|2022-01-19T00:00:00|Long,SHOP,2022-01-19,Long,-0.006789898339863876,0.051884174403243,-0.008031455646573371,True,-0.08968429203926209,0.051884174403243,-0.24341627550864853,True,-0.15716574749342627,0.051884174403243,-0.24341627550864853,True,-0.14071490966980515,0.051884174403243,-0.24341627550864853,True,-0.27557110748066216,0.051884174403243,-0.30161502354644476,True,20,True,True,True,True,False,False,1,2,TARGET_BEFORE_STOP,True,True,True,False,False,1,2,TARGET_BEFORE_STOP,2022-01-20,2022-01-24,2022-01-26,2022-02-02,2022-02-16
SHOP|2022-01-20T00:00:00|Long,SHOP,2022-01-20,Long,-0.1385126141140115,-0.010068834062023302,-0.15156987305900094,True,-0.1284828230019901,-0.010068834062023302,-0.23824402991196636,True,-0.20332048368254296,-0.010068834062023302,-0.23824402991196636,True,-0.20949262270793112,-0.010068834062023302,-0.23824402991196636,True,-0.35543725607935617,-0.010068834062023302,-0.360320307169664,True,20,True,False,True,False,True,False,,1,STOP_BEFORE_TARGET,False,True,False,True,False,,1,STOP_BEFORE_TARGET,2022-01-21,2022-01-25,2022-01-27,2022-02-03,2022-02-17
SHOP|2022-01-21T00:00:00|Long,SHOP,2022-01-21,Long,0.06390288357942575,0.09281055044994768,-0.11576654218260785,True,-0.014963947365029706,0.09281055044994768,-0.11576654218260785,True,-0.011211608802293438,0.09281055044994768,-0.11576654218260785,True,-0.006937826210636211,0.12059584558994918,-0.11576654218260785,True,-0.2553393524701303,0.12059584558994918,-0.2739989879021353,True,20,True,True,True,,,False,1,1,AMBIGUOUS,True,True,,,False,1,1,AMBIGUOUS,2022-01-24,2022-01-26,2022-01-28,2022-02-04,2022-02-18
SHOP|2022-01-24T00:00:00|Long,SHOP,2022-01-24,Long,-0.04912146808513407,0.0005328032507339042,-0.10387964337138778,True,-0.13077393208473864,0.012264392679085079,-0.13358696090456568,True,0.027437741525550452,0.031667893669575564,-0.15554237322306785,True,-0.07629272669095521,0.05328772286036498,-0.15554237322306785,True,-0.3328005436316598,0.05328772286036498,-0.3348144488697482,True,20,True,True,True,False,True,False,5,1,STOP_BEFORE_TARGET,True,True,False,True,False,6,1,STOP_BEFORE_TARGET,2022-01-25,2022-01-27,2022-01-31,2022-02-07,2022-02-22
SHOP|2022-01-25T00:00:00|Long,SHOP,2022-01-25,Long,-0.026300162079431755,0.0645569951406948,-0.04492424979485732,True,-0.022591007028115673,0.0645569951406948,-0.11191850648223689,True,0.10288102644721175,0.10769955100286976,-0.11191850648223689,True,-0.016125185030282818,0.10769955100286976,-0.11191850648223689,True,-0.2978294197337479,0.10769955100286976,-0.30045160469580656,True,20,True,True,True,,,False,1,1,AMBIGUOUS,True,True,,,False,1,1,AMBIGUOUS,2022-01-26,2022-01-28,2022-02-01,2022-02-08,2022-02-23
SHOP|2022-01-26T00:00:00|Long,SHOP,2022-01-26,Long,-0.06117941808963445,0.043421749973746815,-0.06421767183171856,True,0.10969946022111654,0.11426829915038117,-0.08793094244079513,True,0.01951847326410472,0.13761911819608708,-0.08793094244079513,True,0.0645054028814196,0.13761911819608708,-0.08793094244079513,True,-0.23585595992241004,0.13761911819608708,-0.32671592893842083,True,20,True,True,True,,,False,1,1,AMBIGUOUS,True,True,False,True,False,3,1,STOP_BEFORE_TARGET,2022-01-27,2022-01-31,2022-02-02,2022-02-09,2022-02-24
SHOP|2022-01-27T00:00:00|Long,SHOP,2022-01-27,Long,0.06922383327336812,0.0718103604930227,-0.02849482091319866,True,0.2064823295280196,0.21175349168548774,-0.02849482091319866,True,-0.007747329884817411,0.21175349168548774,-0.02849482091319866,True,0.09510154429404483,0.21175349168548774,-0.02849482091319866,True,-0.1701603083855725,0.21175349168548774,-0.28284052987894404,True,20,True,True,True,,,False,1,1,AMBIGUOUS,True,True,True,False,False,1,14,TARGET_BEFORE_STOP,2022-01-28,2022-02-01,2022-02-03,2022-02-10,2022-02-25
SHOP|2022-01-28T00:00:00|Long,SHOP,2022-01-28,Long,0.10548827801600225,0.1100397787254277,0.003175772773269969,True,0.01564951756366706,0.13330198409043414,-0.008369390648216402,True,0.004322241876727917,0.13330198409043414,-0.07593181994513354,True,-0.020900428279291283,0.13330198409043414,-0.07593181994513354,True,-0.20404018616062136,0.13330198409043414,-0.3292709647843213,True,20,True,True,True,True,False,False,1,4,TARGET_BEFORE_STOP,True,True,True,False,False,1,4,TARGET_BEFORE_STOP,2022-01-31,2022-02-02,2022-02-04,2022-02-11,2022-02-28
SHOP|2022-01-31T00:00:00|Long,SHOP,2022-01-31,Long,0.020700183495065527,0.025159657164659066,-0.027367674627508776,True,-0.16054097298197167,0.025159657164659066,-0.16410856774232552,True,-0.10096034438299462,0.025159657164659066,-0.16410856774232552,True,-0.12112130194065163,0.025159657164659066,-0.16410856774232552,True,-0.30158467544414136,0.025159657164659066,-0.3932734986395128,True,20,True,False,True,False,True,False,,1,STOP_BEFORE_TARGET,False,True,False,True,False,,2,STOP_BEFORE_TARGET,2022-02-01,2022-02-03,2022-02-07,2022-02-14,2022-03-01
SHOP|2022-02-01T00:00:00|Long,SHOP,2022-02-01,Long,-0.09989840393559557,0.0009246435649443718,-0.12118474065251872,True,-0.10993700361841985,0.0009246435649443718,-0.18106076027592333,True,-0.10790484977410264,0.0009246435649443718,-0.18106076027592333,True,-0.09622029462393566,0.0009246435649443718,-0.18106076027592333,True,-0.3295772918455089,0.0009246435649443718,-0.4055781402106309,True,20,True,False,True,False,True,False,,1,STOP_BEFORE_TARGET,False,True,False,True,False,,1,STOP_BEFORE_TARGET,2022-02-02,2022-02-04,2022-02-08,2022-02-15,2022-03-02
SHOP|2022-02-02T00:00:00|Long,SHOP,2022-02-02,Long,-0.08628705257571734,-0.03212393055586893,-0.09017021711238071,True,-0.02143624983916681,0.024969585939893957,-0.09017021711238071,True,0.044125664023805466,0.04487070730280207,-0.09017021711238071,True,-0.1569399950359156,0.05267079628427429,-0.18724881379567637,True,-0.27670791978163545,0.05267079628427429,-0.339605815178627,True,20,True,True,True,False,True,False,5,1,STOP_BEFORE_TARGET,True,True,False,True,False,6,1,STOP_BEFORE_TARGET,2022-02-03,2022-02-07,2022-02-09,2022-02-16,2022-03-03
SHOP|2022-02-03T00:00:00|Long,SHOP,2022-02-03,Long,0.08222966754675909,0.1027648637653904,0.001760498994673787,True,0.08470056813276261,0.1217632286258381,0.001760498994673787,True,0.10365189963855004,0.15208042006158262,0.001760498994673787,True,-0.18462146915234023,0.15208042006158262,-0.19079857923451948,True,-0.2577090401689355,0.15208042006158262,-0.27724107808366316,True,20,True,True,True,True,False,False,1,9,TARGET_BEFORE_STOP,True,True,True,False,False,1,9,TARGET_BEFORE_STOP,2022-02-04,2022-02-08,2022-02-10,2022-02-17,2022-03-04
SHOP|2022-02-04T00:00:00|Long,SHOP,2022-02-04,Long,-0.010399492000762622,0.03652973325772457,-0.02341440319974719,True,0.05590186368867123,0.05665530995852874,-0.02739727816990678,True,-0.025114120851179145,0.06454337245546404,-0.046792227110008855,True,-0.2501369328283185,0.06454337245546404,-0.26892692999516543,True,-0.35981731954456697,0.06454337245546404,-0.3637363113984463,True,20,True,True,True,,,False,1,1,AMBIGUOUS,True,True,True,False,False,3,5,TARGET_BEFORE_STOP,2022-02-07,2022-02-09,2022-02-11,2022-02-18,2022-03-07
SHOP|2022-02-07T00:00:00|Long,SHOP,2022-02-07,Long,0.012815928465044868,0.01569980059847742,-0.01717641212968868,True,0.030511328447847985,0.07573042237796068,-0.01717641212968868,True,-0.022424992525853282,0.07573042237796068,-0.036775178281612475,True,-0.27769383694663696,0.07573042237796068,-0.279874078778959,True,-0.405980030276785,0.07573042237796068,-0.4103058384769339,True,20,True,True,True,True,False,False,2,4,TARGET_BEFORE_STOP,True,True,True,False,False,2,4,TARGET_BEFORE_STOP,2022-02-08,2022-02-10,2022-02-14,2022-02-22,2022-03-08
SHOP|2022-02-08T00:00:00|Long,SHOP,2022-02-08,Long,0.05349656529536273,0.05424829524747832,0.006845078632291113,True,-0.02733486836514243,0.06211838908207623,-0.04896359284338492,True,0.013097879914724553,0.06211838908207623,-0.04896359284338492,True,-0.2863212173106958,0.06211838908207623,-0.2889863784899048,True,-0.33069479103540955,0.06211838908207623,-0.41776768616113036,True,20,True,True,True,True,False,False,1,3,TARGET_BEFORE_STOP,True,True,True,False,False,1,3,TARGET_BEFORE_STOP,2022-02-09,2022-02-11,2022-02-15,2022-02-23,2022-03-09
SHOP|2022-02-09T00:00:00|Long,SHOP,2022-02-09,Long,-0.034195724810613726,0.00818400749536008,-0.04321222933433144,True,-0.08380811013606582,0.00818400749536008,-0.09725723036412692,True,-0.19256844840386655,0.00818400749536008,-0.22159638996691378,True,-0.2821604869179687,0.00818400749536008,-0.3675146511806108,True,-0.4019481733688878,0.00818400749536008,-0.44733344842407474,True,20,True,False,True,False,True,False,,1,STOP_BEFORE_TARGET,False,True,False,True,False,,1,STOP_BEFORE_TARGET,2022-02-10,2022-02-14,2022-02-16,2022-02-24,2022-03-10
SHOP|2022-02-10T00:00:00|Long,SHOP,2022-02-10,Long,-0.04403696379919153,0.014160335312804806,-0.06529429116592733,True,-0.004298505464000679,0.014160335312804806,-0.06529429116592733,True,-0.261199540258392,0.014160335312804806,-0.2667965134382526,True,-0.2422258045947857,0.014160335312804806,-0.345120574564278,True,-0.3906351389413406,0.014160335312804806,-0.4277654740474701,True,20,True,False,True,False,True,False,,1,STOP_BEFORE_TARGET,False,True,False,True,False,,1,STOP_BEFORE_TARGET,2022-02-11,2022-02-15,2022-02-17,2022-02-25,2022-03-11
SHOP|2022-02-11T00:00:00|Long,SHOP,2022-02-11,Long,-0.007669774796179474,0.02005851763368338,-0.02165104204216195,True,-0.12546842828847227,0.04373304659674959,-0.1569086801692654,True,-0.2308196444219791,0.04373304659674959,-0.2500936923579823,True,-0.187049165550622,0.04373304659674959,-0.3149531931293641,True,-0.3998243541882919,0.04373304659674959,-0.4027869087811202,True,20,True,True,True,False,True,False,2,1,STOP_BEFORE_TARGET,False,True,False,True,False,,3,STOP_BEFORE_TARGET,2022-02-14,2022-02-16,2022-02-18,2022-02-28,2022-03-14
SHOP|2022-02-14T00:00:00|Long,SHOP,2022-02-14,Long,0.04961937654583126,0.05180011662183448,-0.005085842726894718,True,-0.22119301597801955,0.05180011662183448,-0.22709306888727698,True,-0.26112456074377977,0.05180011662183448,-0.26335481603432287,True,-0.20533365287151784,0.05180011662183448,-0.3096584287454006,True,-0.34694676133135427,0.05180011662183448,-0.3981710160080888,True,20,True,True,True,True,False,False,1,2,TARGET_BEFORE_STOP,True,True,True,False,False,1,2,TARGET_BEFORE_STOP,2022-02-15,2022-02-17,2022-02-22,2022-03-01,2022-03-15
SHOP|2022-02-15T00:00:00|Long,SHOP,2022-02-15,Long,-0.16037099358135887,-0.10061829404502365,-0.19055646464052123,True,-0.2615176414422893,-0.10061829404502365,-0.2800224618989139,True,-0.2955480444304389,-0.10061829404502365,-0.29817874895765917,True,-0.2582011919867939,-0.10061829404502365,-0.3422934192331425,True,-0.30030352897463164,-0.10061829404502365,-0.4266216902621819,True,20,True,False,True,False,True,False,,1,STOP_BEFORE_TARGET,False,True,False,True,False,,1,STOP_BEFORE_TARGET,2022-02-16,2022-02-18,2022-02-23,2022-03-02,2022-03-16
SHOP|2022-02-16T00:00:00|Long,SHOP,2022-02-16,Long,-0.11628838243959205,-0.019562142102368396,-0.12298316742111026,True,-0.16159867207566936,-0.019562142102368396,-0.16412934084317354,True,-0.11095929845322028,-0.019562142102368396,-0.216670010517808,True,-0.14206334548016208,-0.019562142102368396,-0.216670010517808,True,-0.11979646366289409,-0.019562142102368396,-0.31710516745543416,True,20,True,False,True,False,True,False,,1,STOP_BEFORE_TARGET,False,True,False,True,False,,1,STOP_BEFORE_TARGET,2022-02-17,2022-02-22,2022-02-24,2022-03-03,2022-03-17
SHOP|2022-02-17T00:00:00|Long,SHOP,2022-02-17,Long,-0.004727219090317258,0.03557575110233202,-0.029666669440991944,True,-0.050590919725822636,0.03557575110233202,-0.05413639184200403,True,0.025681813557942634,0.03734842936197924,-0.11359093405983667,True,-0.08963636918501416,0.07753788341175416,-0.11359093405983667,True,0.18181818181818188,0.18181818181818188,-0.22724244088837597,True,20,True,True,True,,,False,1,1,AMBIGUOUS,True,True,False,True,False,6,2,STOP_BEFORE_TARGET,2022-02-18,2022-02-23,2022-02-25,2022-03-04,2022-03-18
SHOP|2022-02-18T00:00:00|Long,SHOP,2022-02-18,Long,-0.046766566881823124,0.007779106229161892,-0.04964385010763239,True,0.01080865677459486,0.018131077190820077,-0.10938078188978262,True,0.05690535198141489,0.0718395123357436,-0.10938078188978262,True,-0.14626722066728626,0.0826558347419899,-0.15149349733758677,True,0.04044875072271803,0.18743143034414733,-0.2235720960787042,True,20,True,True,True,False,True,False,4,1,STOP_BEFORE_TARGET,True,True,False,True,False,5,1,STOP_BEFORE_TARGET,2022-02-22,2022-02-24,2022-02-28,2022-03-07,2022-03-21
SHOP|2022-02-22T00:00:00|Long,SHOP,2022-02-22,Long,0.0007186369000553583,0.05388393819113446,-0.0018206564732242692,True,0.08111342906101582,0.09341055166835432,-0.06568612978999122,True,0.07550786628991646,0.13577199154718267,-0.06568612978999122,True,-0.17760639447938698,0.13577199154718267,-0.1835952790015163,True,0.1610609922050803,0.24568798060289598,-0.18547978181852298,True,20,True,True,True,True,False,False,1,2,TARGET_BEFORE_STOP,True,True,True,False,False,1,2,TARGET_BEFORE_STOP,2022-02-23,2022-02-25,2022-03-01,2022-03-08,2022-03-22
SHOP|2022-02-23T00:00:00|Long,SHOP,2022-02-23,Long,0.059638425308828236,0.06731457448631617,-0.06635708004374719,True,0.10796194251806801,0.12361753673474785,-0.06635708004374719,True,0.05301547131549866,0.13495637001973382,-0.06635708004374719,True,-0.06217583428430362,0.13495637001973382,-0.18418155623894872,True,0.12285156553202636,0.24479342611394417,-0.1860647057552246,True,20,True,True,True,,,False,1,1,AMBIGUOUS,True,True,,,False,1,1,AMBIGUOUS,2022-02-24,2022-02-28,2022-03-02,2022-03-09,2022-03-23
SHOP|2022-02-24T00:00:00|Long,SHOP,2022-02-24,Long,0.019533675999972022,0.031130359825249476,-0.031657654173272154,True,0.014247403658473656,0.07107891042074499,-0.031657654173272154,True,-0.03498607765969097,0.07107891042074499,-0.04786290668682547,True,-0.16687251714051343,0.07107891042074499,-0.23009733860558734,True,0.06177892727715828,0.17473413230664336,-0.23187450095766715,True,20,True,True,True,,,False,1,1,AMBIGUOUS,True,True,False,True,False,2,1,STOP_BEFORE_TARGET,2022-02-25,2022-03-01,2022-03-03,2022-03-10,2022-03-24
SHOP|2022-02-25T00:00:00|Long,SHOP,2022-02-25,Long,0.025570615487417347,0.040062013414075004,-0.013974431638562268,True,-0.025289873603038693,0.05055765751947017,-0.06136345885722616,True,-0.11243075700341676,0.05055765751947017,-0.12621314361147662,True,-0.19584902104933,0.05055765751947017,-0.24484822863817424,True,0.003811259857100069,0.15222690526082783,-0.24659134158668639,True,20,True,True,True,True,False,False,1,3,TARGET_BEFORE_STOP,True,True,True,False,False,2,3,TARGET_BEFORE_STOP,2022-02-28,2022-03-02,2022-03-04,2022-03-11,2022-03-25
SHOP|2022-02-28T00:00:00|Long,SHOP,2022-02-28,Long,-0.02998877448472792,0.0243640385700572,-0.03406512557137209,True,-0.07707494830933193,0.0243640385700572,-0.0893901572616117,True,-0.19223345994776808,0.0243640385700572,-0.1971783461293951,True,-0.2617319272226163,0.0243640385700572,-0.26537612619171513,True,0.010572424354148291,0.12349836067915732,-0.26537612619171513,True,20,True,True,True,False,True,False,14,1,STOP_BEFORE_TARGET,True,True,False,True,False,14,1,STOP_BEFORE_TARGET,2022-03-01,2022-03-03,2022-03-07,2022-03-14,2022-03-28
SHOP|2022-03-01T00:00:00|Long,SHOP,2022-03-01,Long,-0.020209670130429513,0.0067414281753994665,-0.056471271439969994,True,-0.1078047330929851,0.0067414281753994665,-0.12165895370216062,True,-0.23534394187412977,0.0067414281753994665,-0.24091236653176484,True,-0.17820448666481703,0.0067414281753994665,-0.24266456461052688,True,0.10474579278168927,0.15823232878810511,-0.24266456461052688,True,20,True,True,True,False,True,False,13,1,STOP_BEFORE_TARGET,True,True,False,True,False,13,1,STOP_BEFORE_TARGET,2022-03-02,2022-03-04,2022-03-08,2022-03-15,2022-03-29
SHOP|2022-03-02T00:00:00|Long,SHOP,2022-03-02,Long,-0.028916610510648977,0.00974489982336868,-0.04187442851520096,True,-0.15008410683718976,0.00974489982336868,-0.15528701776164344,True,-0.10939184535997126,0.00974489982336868,-0.2252550261755648,True,-0.05675708363646792,0.00974489982336868,-0.22704336601251263,True,0.06936628724161498,0.18212263734251066,-0.22704336601251263,True,20,True,True,True,False,True,False,12,1,STOP_BEFORE_TARGET,True,True,False,True,False,12,1,STOP_BEFORE_TARGET,2022-03-03,2022-03-07,2022-03-09,2022-03-16,2022-03-30
SHOP|2022-03-03T00:00:00|Long,SHOP,2022-03-03,Long,-0.06228634419876644,0.015903314402035296,-0.07684738519234169,True,-0.19633240133462915,0.015903314402035296,-0.20218491819550255,True,-0.1366679137239568,0.015903314402035296,-0.20218491819550255,True,0.025953992873436693,0.026578275626967685,-0.20402651064400312,True,0.05495128975173724,0.21732350706167036,-0.20402651064400312,True,20,True,True,True,False,True,False,11,1,STOP_BEFORE_TARGET,True,True,False,True,False,11,1,STOP_BEFORE_TARGET,2022-03-04,2022-03-08,2022-03-10,2022-03-17,2022-03-31
SHOP|2022-03-04T00:00:00|Long,SHOP,2022-03-04,Long,-0.06664000111741353,0.008704460638474742,-0.07235372993893585,True,-0.021952603890884603,0.008704460638474742,-0.14919114500598707,True,-0.09398507745072271,0.008704460638474742,-0.14919114500598707,True,0.2981825523501873,0.2981825523501873,-0.15115506270848333,True,0.1533853184564964,0.2981825523501873,-0.15115506270848333,True,20,True,True,True,False,True,False,8,1,STOP_BEFORE_TARGET,True,True,False,True,False,9,1,STOP_BEFORE_TARGET,2022-03-07,2022-03-09,2022-03-11,2022-03-18,2022-04-01
SHOP|2022-03-07T00:00:00|Long,SHOP,2022-03-07,Long,-0.08175825159532979,-0.010360222231956984,-0.08844512726858167,True,-0.013587749870145216,0.060805986734540296,-0.08844512726858167,True,-0.0860378139336575,0.060805986734540296,-0.09054926469127755,True,0.2187054028029045,0.3908701400363892,-0.09054926469127755,True,0.29687934918328196,0.3908701400363892,-0.09054926469127755,True,20,True,True,True,False,True,False,2,1,STOP_BEFORE_TARGET,True,True,False,True,False,2,1,STOP_BEFORE_TARGET,2022-03-08,2022-03-10,2022-03-14,2022-03-21,2022-04-04
SHOP|2022-03-08T00:00:00|Long,SHOP,2022-03-08,Long,0.14117876703677767,0.1552578485758871,0.03712986898020265,True,0.057131787625920305,0.1552578485758871,0.03712986898020265,True,0.07472569477754276,0.1552578485758871,-0.009573745815000367,True,0.4118069309039376,0.5147101974538313,-0.009573745815000367,True,0.365025755411192,0.5147101974538313,-0.009573745815000367,True,20,True,True,False,True,False,False,1,,TARGET_BEFORE_STOP,True,False,True,False,False,1,,TARGET_BEFORE_STOP,2022-03-09,2022-03-11,2022-03-15,2022-03-22,2022-04-05
SHOP|2022-03-09T00:00:00|Long,SHOP,2022-03-09,Long,-0.05865734079797513,-0.02666549041694033,-0.07215175542937924,True,-0.12779713093736722,-0.012099013741868503,-0.132102451610826,True,0.059099797648694885,0.0616183482493744,-0.132102451610826,True,0.19729434000575918,0.32732069786662565,-0.132102451610826,True,0.11729767401160629,0.32732069786662565,-0.132102451610826,True,20,True,True,True,False,True,False,5,1,STOP_BEFORE_TARGET,True,True,False,True,False,5,1,STOP_BEFORE_TARGET,2022-03-10,2022-03-14,2022-03-16,2022-03-23,2022-04-06
SHOP|2022-03-10T00:00:00|Long,SHOP,2022-03-10,Long,-0.015926109153659662,0.0494594891679232,-0.01977659630369233,True,0.0004518910810782373,0.0494594891679232,-0.07802165353380486,True,0.1883654148646996,0.18908852334572912,-0.07802165353380486,True,0.27444952797966415,0.41002926499877734,-0.07802165353380486,True,0.16412383401688202,0.41002926499877734,-0.07802165353380486,True,20,True,True,True,True,False,False,1,2,TARGET_BEFORE_STOP,True,True,False,True,False,4,2,STOP_BEFORE_TARGET,2022-03-11,2022-03-15,2022-03-17,2022-03-24,2022-04-07
SHOP|2022-03-11T00:00:00|Long,SHOP,2022-03-11,Long,-0.05845287562665846,0.016266473949837046,-0.06310048966621873,True,0.14330324316888743,0.14602203045997597,-0.06310048966621873,True,0.43284897416199053,0.43284897416199053,-0.06310048966621873,True,0.24828705819268548,0.43284897416199053,-0.06310048966621873,True,0.10803314821034671,0.43284897416199053,-0.06310048966621873,True,20,True,True,True,False,True,False,2,1,STOP_BEFORE_TARGET,True,True,False,True,False,3,1,STOP_BEFORE_TARGET,2022-03-14,2022-03-16,2022-03-18,2022-03-25,2022-04-08
SHOP|2022-03-14T00:00:00|Long,SHOP,2022-03-14,Long,0.07975802070691018,0.09842938374424715,0.002146143948087653,True,0.28256750741337333,0.28334793692646976,0.002146143948087653,True,0.3334308808203159,0.5218027192379149,0.002146143948087653,True,0.3688421071120529,0.5218027192379149,0.002146143948087653,True,0.20452634232424938,0.5218027192379149,0.002146143948087653,True,20,True,True,False,True,False,False,1,,TARGET_BEFORE_STOP,True,False,True,False,False,1,,TARGET_BEFORE_STOP,2022-03-15,2022-03-17,2022-03-21,2022-03-28,2022-04-11
SHOP|2022-03-15T00:00:00|Long,SHOP,2022-03-15,Long,0.12458668023175057,0.1272609593367997,0.024519854271846997,True,0.4093923731556086,0.4093923731556086,0.024519854271846997,True,0.31364397237768427,0.4093923731556086,0.024519854271846997,True,0.34430740355125344,0.4093923731556086,0.024519854271846997,True,0.0679941562610824,0.4093923731556086,0.024519854271846997,True,20,True,True,False,True,False,False,1,,TARGET_BEFORE_STOP,True,False,True,False,False,1,,TARGET_BEFORE_STOP,2022-03-16,2022-03-18,2022-03-22,2022-03-29,2022-04-12
SHOP|2022-03-16T00:00:00|Long,SHOP,2022-03-16,Long,0.05623574116054608,0.056878450055340535,-0.028551696019654682,True,0.09812337093276402,0.25325366014931494,-0.028551696019654682,True,0.13048302215133045,0.25325366014931494,-0.028551696019654682,True,0.13371250256967104,0.25325366014931494,-0.028551696019654682,True,-0.028278517157924843,0.25325366014931494,-0.06978049707642842,True,20,True,True,True,,,False,1,1,AMBIGUOUS,True,True,True,False,False,1,17,TARGET_BEFORE_STOP,2022-03-17,2022-03-21,2022-03-23,2022-03-30,2022-04-13
SHOP|2022-03-17T00:00:00|Long,SHOP,2022-03-17,Long,0.1865283585010047,0.1865283585010047,-0.01533353039914187,True,0.10592043485390845,0.1865283585010047,-0.01533353039914187,True,0.07243909326052345,0.1865283585010047,-0.01533353039914187,True,0.028263739972478108,0.1865283585010047,-0.01533353039914187,True,-0.11845506209023693,0.1865283585010047,-0.11930692489018924,True,20,True,True,True,True,False,False,1,14,TARGET_BEFORE_STOP,True,True,True,False,False,1,15,TARGET_BEFORE_STOP,2022-03-18,2022-03-22,2022-03-24,2022-03-31,2022-04-14
SHOP|2022-03-18T00:00:00|Long,SHOP,2022-03-18,Long,-0.12378203563201118,-0.08583332942082333,-0.16278203328450525,True,-0.09796152359400045,-0.051935929518479584,-0.16278203328450525,True,-0.12880765474759615,-0.051935929518479584,-0.16278203328450525,True,-0.11153842241336143,-0.027205149332682255,-0.16278203328450525,True,-0.25512822469075525,-0.027205149332682255,-0.2871795067420373,True,20,True,False,True,False,True,False,,1,STOP_BEFORE_TARGET,False,True,False,True,False,,1,STOP_BEFORE_TARGET,2022-03-21,2022-03-23,2022-03-25,2022-04-01,2022-04-18
SHOP|2022-03-21T00:00:00|Long,SHOP,2022-03-21,Long,0.06373538811062507,0.07364104237989322,-0.018289559992301974,True,0.03153118356583007,0.08199570088174801,-0.018289559992301974,True,0.026556476830619236,0.08199570088174801,-0.025532265936275,True,0.06414507246836276,0.11022016236449717,-0.025532265936275,True,-0.11386350656767563,0.11022016236449717,-0.1864803938685322,True,20,True,True,True,True,False,False,1,4,TARGET_BEFORE_STOP,True,True,True,False,False,1,12,TARGET_BEFORE_STOP,2022-03-22,2022-03-24,2022-03-28,2022-04-04,2022-04-19
SHOP|2022-03-22T00:00:00|Long,SHOP,2022-03-22,Long,-0.03221407346890803,0.017166217252164717,-0.044029608361365935,True,-0.06530850613360284,0.017166217252164717,-0.08391904137499329,True,0.023342269152325068,0.04369956548727494,-0.08391904137499329,True,-0.033135674906194845,0.04369956548727494,-0.08391904137499329,True,-0.277864092647075,0.04369956548727494,-0.277864092647075,True,20,True,True,True,False,True,False,5,1,STOP_BEFORE_TARGET,False,True,False,True,False,,1,STOP_BEFORE_TARGET,2022-03-23,2022-03-25,2022-03-29,2022-04-05,2022-04-20
SHOP|2022-03-23T00:00:00|Long,SHOP,2022-03-23,Long,0.0020039915008465137,0.01168292020414019,-0.032999334749858944,True,-0.0028283161255657774,0.0184909177361543,-0.05342603822667191,True,0.002856726156041489,0.07844052788439071,-0.05342603822667191,True,-0.06681453617643285,0.07844052788439071,-0.09259653039791937,True,-0.3163632558545536,0.07844052788439071,-0.3283389511819169,True,20,True,True,True,False,True,False,4,1,STOP_BEFORE_TARGET,True,True,False,True,False,4,1,STOP_BEFORE_TARGET,2022-03-24,2022-03-28,2022-03-30,2022-04-06,2022-04-21
SHOP|2022-03-24T00:00:00|Long,SHOP,2022-03-24,Long,-0.03612761801861697,0.0026240788453013586,-0.05531917057984259,True,0.055290817368960576,0.07628366456809621,-0.05531917057984259,True,-0.041191479838486256,0.07628366456809621,-0.05531917057984259,True,-0.0865673308676862,0.07628366456809621,-0.11992910398659129,True,-0.3475602603127771,0.07628366456809621,-0.35598581733433066,True,20,True,True,True,False,True,False,3,1,STOP_BEFORE_TARGET,True,True,False,True,False,3,1,STOP_BEFORE_TARGET,2022-03-25,2022-03-29,2022-03-31,2022-04-07,2022-04-22
SHOP|2022-03-25T00:00:00|Long,SHOP,2022-03-25,Long,0.032478339988970095,0.054552419651823,-0.013053154376642562,True,0.03836467141273747,0.1166246535206612,-0.013053154376642562,True,0.019822525333635044,0.1166246535206612,-0.013053154376642562,True,-0.11235709692080242,0.1166246535206612,-0.11694850953256053,True,-0.3242241040938004,0.1166246535206612,-0.3327888577813466,True,20,True,True,True,True,False,False,1,8,TARGET_BEFORE_STOP,True,True,True,False,False,1,8,TARGET_BEFORE_STOP,2022-03-28,2022-03-30,2022-04-01,2022-04-08,2022-04-25
SHOP|2022-03-28T00:00:00|Long,SHOP,2022-03-28,Long,0.060404771111651545,0.08149934993560248,0.0011972581158006257,True,-0.03654508062842898,0.08149934993560248,-0.0375855316413245,True,0.03661619841296426,0.08149934993560248,-0.0375855316413245,True,-0.12003996949982232,0.08149934993560248,-0.15381988409758496,True,-0.38983757306971756,0.08149934993560248,-0.3899658351902977,True,20,True,True,True,True,False,False,1,3,TARGET_BEFORE_STOP,True,True,True,False,False,1,3,TARGET_BEFORE_STOP,2022-03-29,2022-03-31,2022-04-04,2022-04-11,2022-04-26
SHOP|2022-03-29T00:00:00|Long,SHOP,2022-03-29,Long,-0.0515874745359558,-0.008306726301967049,-0.06986754338693713,True,-0.06852333924182907,-0.008306726301967049,-0.09240839481535912,True,-0.055189691426801746,-0.0035484815405227854,-0.09240839481535912,True,-0.20554320132451487,-0.0035484815405227854,-0.20664539129641146,True,-0.44057639367091916,-0.0035484815405227854,-0.4444474411359489,True,20,True,False,True,False,True,False,,1,STOP_BEFORE_TARGET,False,True,False,True,False,,1,STOP_BEFORE_TARGET,2022-03-30,2022-04-01,2022-04-05,2022-04-12,2022-04-27
SHOP|2022-03-30T00:00:00|Long,SHOP,2022-03-30,Long,-0.04200676005899373,0.004308402281898438,-0.043041312913312924,True,0.030739778816751828,0.035841828459718617,-0.043041312913312924,True,-0.06947279757450986,0.05065200185112295,-0.09518134950326762,True,-0.14288544878920117,0.05065200185112295,-0.17949259550799923,True,-0.3717686982885763,0.05065200185112295,-0.4172760487174053,True,20,True,True,True,False,True,False,3,1,STOP_BEFORE_TARGET,True,True,False,True,False,4,1,STOP_BEFORE_TARGET,2022-03-31,2022-04-04,2022-04-06,2022-04-13,2022-04-28
SHOP|2022-03-31T00:00:00|Long,SHOP,2022-03-31,Long,0.025208627188685107,0.060531653533211216,0.003772371899006588,True,0.039884003768421605,0.09672172834520487,0.003772371899006588,True,-0.04732524802924809,0.09672172834520487,-0.0821202800063161,True,-0.14268596310382586,0.09672172834520487,-0.14351441087149208,True,-0.36857212286805907,0.09672172834520487,-0.3917243598519765,True,20,True,True,True,True,False,False,1,4,TARGET_BEFORE_STOP,True,True,True,False,False,1,4,TARGET_BEFORE_STOP,2022-04-01,2022-04-05,2022-04-07,2022-04-14,2022-04-29
SHOP|2022-04-01T00:00:00|Long,SHOP,2022-04-01,Long,0.04948041953961613,0.054675233313039584,-0.0014430894532707628,True,-0.05255419567139219,0.06975468139847996,-0.07873017375862712,True,-0.12961041649006033,0.06975468139847996,-0.13411258475728505,True,-0.1616162205544467,0.06975468139847996,-0.19769125504084972,True,-0.34634923028990594,0.06975468139847996,-0.4066811144420138,True,20,True,True,True,True,False,False,1,3,TARGET_BEFORE_STOP,True,True,True,False,False,1,3,TARGET_BEFORE_STOP,2022-04-04,2022-04-06,2022-04-08,2022-04-18,2022-05-02
SHOP|2022-04-04T00:00:00|Long,SHOP,2022-04-04,Long,-0.03350790722704444,0.019318380296945215,-0.04850884871970107,True,-0.1145621901794186,0.019318380296945215,-0.14690149259367857,True,-0.15112263164768558,0.019318380296945215,-0.18370934469488553,True,-0.1672784882827436,0.019318380296945215,-0.23551813828874923,True,-0.36036515228840416,0.019318380296945215,-0.4346546400377227,True,20,True,False,True,False,True,False,,1,STOP_BEFORE_TARGET,False,True,False,True,False,,1,STOP_BEFORE_TARGET,2022-04-05,2022-04-07,2022-04-11,2022-04-19,2022-05-03
SHOP|2022-04-05T00:00:00|Long,SHOP,2022-04-05,Long,-0.06592503695467633,-0.024867710453340686,-0.0917316062094059,True,-0.14189380085100767,-0.024867710453340686,-0.14633243220978165,True,-0.15913618695034026,-0.024867710453340686,-0.16030275971303698,True,-0.25311557308429655,-0.024867710453340686,-0.25311557308429655,True,-0.3093239641375475,-0.024867710453340686,-0.41505433496072475,True,20,True,False,True,False,True,False,,1,STOP_BEFORE_TARGET,False,True,False,True,False,,1,STOP_BEFORE_TARGET,2022-04-06,2022-04-08,2022-04-12,2022-04-20,2022-05-04
SHOP|2022-04-06T00:00:00|Long,SHOP,2022-04-06,Long,-0.019205489241423734,0.018992380249653662,-0.05502755369120693,True,-0.059703285817619856,0.018992380249653662,-0.09579940564204315,True,-0.07889361108770987,0.018992380249653662,-0.11823383308592628,True,-0.26741599537527927,0.018992380249653662,-0.2802491306861261,True,-0.37084589977254045,0.018992380249653662,-0.39708793650885876,True,20,True,False,True,False,True,False,,1,STOP_BEFORE_TARGET,False,True,False,True,False,,1,STOP_BEFORE_TARGET,2022-04-07,2022-04-11,2022-04-13,2022-04-21,2022-05-05
SHOP|2022-04-07T00:00:00|Long,SHOP,2022-04-07,Long,-0.06334149384809973,-0.00347852604611687,-0.06818644406753793,True,-0.08216227339999171,0.0006210426597781371,-0.08343563595384429,True,-0.10009787167898565,0.0006210426597781371,-0.10096747357192182,True,-0.28572760561871824,0.0006210426597781371,-0.2949516648255749,True,-0.41380811701097686,0.0006210426597781371,-0.4485302306316912,True,20,True,False,True,False,True,False,,1,STOP_BEFORE_TARGET,False,True,False,True,False,,1,STOP_BEFORE_TARGET,2022-04-08,2022-04-12,2022-04-14,2022-04-22,2022-05-06
SHOP|2022-04-08T00:00:00|Long,SHOP,2022-04-08,Long,0.02354186395878277,0.042773268052963775,-0.01574987152164542,True,0.002652605280469844,0.06828800046951677,-0.04017043509101503,True,-0.036771814220615484,0.06828800046951677,-0.0782188112548936,True,-0.23868495589616034,0.06828800046951677,-0.24833382894841527,True,-0.4362544983234887,0.06828800046951677,-0.4408136932944987,True,20,True,True,True,True,False,False,1,2,TARGET_BEFORE_STOP,True,True,True,False,False,2,3,TARGET_BEFORE_STOP,2022-04-11,2022-04-13,2022-04-18,2022-04-25,2022-05-09
SHOP|2022-04-11T00:00:00|Long,SHOP,2022-04-11,Long,-0.04263176671931457,0.04371695783665186,-0.04395997193814283,True,-0.0613398362827654,0.04371695783665186,-0.062246891205188004,True,-0.01903202657695635,0.04371695783665186,-0.09942013980756348,True,-0.30660211170789176,0.04371695783665186,-0.30674787073800036,True,-0.45675269641848004,0.04371695783665186,-0.48492015012624,True,20,True,True,True,,,False,1,1,AMBIGUOUS,False,True,False,True,False,,1,STOP_BEFORE_TARGET,2022-04-12,2022-04-14,2022-04-19,2022-04-26,2022-05-10
SHOP|2022-04-12T00:00:00|Long,SHOP,2022-04-12,Long,0.02321256169130259,0.05234666231409357,-0.020488589242883992,True,-0.017020277737278988,0.05234666231409357,-0.05931716879057913,True,-0.11176528788069773,0.05234666231409357,-0.11176528788069773,True,-0.29584137581584125,0.05234666231409357,-0.3007139472023326,True,-0.4609853518229917,0.05234666231409357,-0.46663621027187896,True,20,True,True,True,,,False,1,1,AMBIGUOUS,True,True,True,False,False,1,3,TARGET_BEFORE_STOP,2022-04-13,2022-04-18,2022-04-20,2022-04-27,2022-05-11
SHOP|2022-04-13T00:00:00|Long,SHOP,2022-04-13,Long,-0.041783795768182586,0.003670758287606102,-0.042610530060499086,True,0.001405454604516354,0.015245227607387335,-0.08065746412012909,True,-0.2046695002411072,0.015245227607387335,-0.21860180541814667,True,-0.2670392763441528,0.015245227607387335,-0.3201329385209801,True,-0.4154733727157499,0.015245227607387335,-0.49062469940446995,True,20,True,False,True,False,True,False,,1,STOP_BEFORE_TARGET,False,True,False,True,False,,1,STOP_BEFORE_TARGET,2022-04-14,2022-04-19,2022-04-21,2022-04-28,2022-05-12
SHOP|2022-04-14T00:00:00|Long,SHOP,2022-04-14,Long,0.0025711076590360094,0.012736590254014857,-0.040568786230358866,True,-0.09406222832270694,0.059515820254040674,-0.09406222832270694,True,-0.2062776918708592,0.059515820254040674,-0.21652776120236128,True,-0.26348123329699946,0.059515820254040674,-0.2904867831743092,True,-0.3054822013378923,0.059515820254040674,-0.46841297575020047,True,20,True,True,True,False,True,False,2,1,STOP_BEFORE_TARGET,True,True,False,True,False,2,1,STOP_BEFORE_TARGET,2022-04-18,2022-04-20,2022-04-22,2022-04-29,2022-05-13
SHOP|2022-04-18T00:00:00|Long,SHOP,2022-04-18,Long,0.04239244949925047,0.05679867708133757,-0.008605852205361253,True,-0.17211704410722495,0.05679867708133757,-0.18661959115636284,True,-0.20962129706801447,0.05679867708133757,-0.21963852164128372,True,-0.22034420782523778,0.05679867708133757,-0.29230633976439224,True,-0.3804647181201276,0.05679867708133757,-0.4697762381253592,True,20,True,True,True,True,False,False,1,2,TARGET_BEFORE_STOP,True,True,True,False,False,1,2,TARGET_BEFORE_STOP,2022-04-19,2022-04-21,2022-04-25,2022-05-02,2022-05-16
SHOP|2022-04-19T00:00:00|Long,SHOP,2022-04-19,Long,-0.13313408784089575,-0.019203114190796122,-0.13313408784089575,True,-0.24050985161650817,-0.019203114190796122,-0.2503178494487387,True,-0.293149310601316,-0.019203114190796122,-0.2932978975420294,True,-0.23187423561026177,-0.019203114190796122,-0.3210871197545865,True,-0.384706832423094,-0.019203114190796122,-0.4913395985078822,True,20,True,False,True,False,True,False,,1,STOP_BEFORE_TARGET,False,True,False,True,False,,1,STOP_BEFORE_TARGET,2022-04-20,2022-04-22,2022-04-26,2022-05-03,2022-05-17
SHOP|2022-04-20T00:00:00|Long,SHOP,2022-04-20,Long,-0.08380955287388392,0.024276224772135313,-0.09985903785342265,True,-0.12531425839378718,0.024276224772135313,-0.13639998663039432,True,-0.2072381155831473,0.024276224772135313,-0.21272379557291665,True,-0.07525714692615326,0.024276224772135313,-0.21681903657459078,True,-0.31310475667317705,0.024276224772135313,-0.4132190522693452,True,20,True,False,True,False,True,False,,1,STOP_BEFORE_TARGET,False,True,False,True,False,,1,STOP_BEFORE_TARGET,2022-04-21,2022-04-25,2022-04-27,2022-05-04,2022-05-18
SHOP|2022-04-21T00:00:00|Long,SHOP,2022-04-21,Long,-0.043721349124435704,0.024345144937087726,-0.056070658664208795,True,-0.11000001110306934,0.024345144937087726,-0.1101870978210544,True,-0.07841994758399595,0.024345144937087726,-0.14517667600434792,True,-0.14118504327738501,0.024345144937087726,-0.17700624135249343,True,-0.18642410266976472,0.024345144937087726,-0.35954260430104357,True,20,True,False,True,False,True,False,,1,STOP_BEFORE_TARGET,False,True,False,True,False,,1,STOP_BEFORE_TARGET,2022-04-22,2022-04-26,2022-04-28,2022-05-05,2022-05-19
SHOP|2022-04-22T00:00:00|Long,SHOP,2022-04-22,Long,-0.0016522862556289653,0.034523933726759326,-0.01430530083419601,True,-0.09515843553379966,0.034523933726759326,-0.10141967407424113,True,-0.07206996809875865,0.034523933726759326,-0.1060938951078958,True,-0.17931605981105403,0.06091697367305815,-0.2279279253876192,True,-0.20897021505845415,0.06091697367305815,-0.3302606984767916,True,20,True,True,True,True,False,False,1,2,TARGET_BEFORE_STOP,True,True,False,True,False,8,2,STOP_BEFORE_TARGET,2022-04-25,2022-04-27,2022-04-29,2022-05-06,2022-05-20
SHOP|2022-04-25T00:00:00|Long,SHOP,2022-04-25,Long,-0.06776862936812567,-0.0014808212219474814,-0.0679645935363391,True,-0.03469006052958512,-0.0014808212219474814,-0.1046144618897874,True,-0.013566801227621217,0.00908080842903436,-0.1046144618897874,True,-0.2595108870597608,0.06267281335679797,-0.26549946564666727,True,-0.19755671974756428,0.06267281335679797,-0.3291522659862609,True,20,True,True,True,False,True,False,6,1,STOP_BEFORE_TARGET,True,True,False,True,False,7,1,STOP_BEFORE_TARGET,2022-04-26,2022-04-28,2022-05-02,2022-05-09,2022-05-23
SHOP|2022-04-26T00:00:00|Long,SHOP,2022-04-26,Long,-0.027774515372404607,0.02775125773895515,-0.034502030899325464,True,-0.0029666403555406173,0.08243601343845675,-0.03952434307878672,True,0.08668743754523422,0.11039739186581654,-0.03952434307878672,True,-0.21654318140544182,0.1399238931816995,-0.25716553429021716,True,-0.2411875401105067,0.1399238931816995,-0.2803849396754019,True,20,True,True,True,False,True,False,2,1,STOP_BEFORE_TARGET,True,True,False,True,False,2,1,STOP_BEFORE_TARGET,2022-04-27,2022-04-29,2022-05-03,2022-05-10,2022-05-24
SHOP|2022-04-27T00:00:00|Long,SHOP,2022-04-27,Long,0.06506487872662792,0.08632874607268115,-0.012085496515124583,True,0.08837101148964477,0.11335902067314829,-0.012085496515124583,True,0.16648248515892994,0.17248921284792273,-0.012085496515124583,True,-0.23452666818997925,0.17248921284792273,-0.24255164758355607,True,-0.1996395560102885,0.17248921284792273,-0.259826993117505,True,20,True,True,True,True,False,False,1,6,TARGET_BEFORE_STOP,True,True,True,False,False,1,6,TARGET_BEFORE_STOP,2022-04-28,2022-05-02,2022-05-04,2022-05-11,2022-05-25
SHOP|2022-04-28T00:00:00|Long,SHOP,2022-04-28,Long,-0.037132285266867404,0.04534384985472428,-0.04915630973641949,True,0.049449589120573956,0.07234706723627804,-0.04992324221047628,True,-0.0681059616349603,0.10086177496504178,-0.10697529043737952,True,-0.20251302911735902,0.10086177496504178,-0.3050442074782973,True,-0.20745351310923565,0.10086177496504178,-0.3050442074782973,True,20,True,True,True,,,False,1,1,AMBIGUOUS,True,True,False,True,False,3,1,STOP_BEFORE_TARGET,2022-04-29,2022-05-03,2022-05-05,2022-05-12,2022-05-26
SHOP|2022-04-29T00:00:00|Long,SHOP,2022-04-29,Long,0.06129050133034464,0.06400830113604372,-0.01328423079088703,True,0.13745842952301546,0.14331569967547986,-0.01328423079088703,True,-0.11557562318848347,0.14331569967547986,-0.1679630488621241,True,-0.057026337874469424,0.14331569967547986,-0.27824374845269795,True,-0.13537322490376558,0.14331569967547986,-0.27824374845269795,True,20,True,True,True,True,False,False,1,4,TARGET_BEFORE_STOP,True,True,True,False,False,1,4,TARGET_BEFORE_STOP,2022-05-02,2022-05-04,2022-05-06,2022-05-13,2022-05-27
SHOP|2022-05-02T00:00:00|Long,SHOP,2022-05-02,Long,0.026976910967688283,0.04938406762198877,-0.007792852626012925,True,-0.08806133158686036,0.07728816779412928,-0.12609832129910237,True,-0.24932665094627615,0.07728816779412928,-0.2553975927945019,True,-0.20537333513325373,0.07728816779412928,-0.3199258349692482,True,-0.17188395161807146,0.07728816779412928,-0.3199258349692482,True,20,True,True,True,True,False,False,1,2,TARGET_BEFORE_STOP,True,True,,,False,2,2,AMBIGUOUS,2022-05-03,2022-05-05,2022-05-09,2022-05-16,2022-05-31
SHOP|2022-05-03T00:00:00|Long,SHOP,2022-05-03,Long,0.0436156343217462,0.048989666942983456,-0.05610491368591508,True,-0.18854255851546287,0.048989666942983456,-0.2366079075918297,True,-0.2790412481768052,0.048989666942983456,-0.3164230669788508,True,-0.19896819492086015,0.048989666942983456,-0.3377902095287233,True,-0.22285039720165878,0.048989666942983456,-0.3377902095287233,True,20,True,True,True,,,False,1,1,AMBIGUOUS,False,True,False,True,False,,1,STOP_BEFORE_TARGET,2022-05-04,2022-05-06,2022-05-10,2022-05-17,2022-06-01
SHOP|2022-05-04T00:00:00|Long,SHOP,2022-05-04,Long,-0.14912772066003244,-0.1248429597034737,-0.1846176294189228,True,-0.29959418799451143,-0.1248429597034737,-0.3052585997658961,True,-0.343776403375892,-0.1248429597034737,-0.3506560432296214,True,-0.2572040529498746,-0.1248429597034737,-0.36546582027620544,True,-0.17841765611842508,-0.1248429597034737,-0.36546582027620544,True,20,True,False,True,False,True,False,,1,STOP_BEFORE_TARGET,False,True,False,True,False,,1,STOP_BEFORE_TARGET,2022-05-05,2022-05-09,2022-05-11,2022-05-18,2022-06-02
SHOP|2022-05-05T00:00:00|Long,SHOP,2022-05-05,Long,-0.08617971196721075,-0.02808104530596167,-0.14030835617189774,True,-0.18809453143281507,-0.02808104530596167,-0.2301919510613537,True,-0.14422998962222033,-0.02808104530596167,-0.25425449255908217,True,-0.052676142908618884,0.0014766957991878549,-0.25425449255908217,True,-0.14386688738456133,0.0014766957991878549,-0.25425449255908217,True,20,True,False,True,False,True,False,,1,STOP_BEFORE_TARGET,False,True,False,True,False,,1,STOP_BEFORE_TARGET,2022-05-06,2022-05-10,2022-05-12,2022-05-19,2022-06-03
SHOP|2022-05-06T00:00:00|Long,SHOP,2022-05-06,Long,-0.09920789629892823,-0.015311640217735567,-0.10649289780564719,True,-0.15603065541568972,-0.015311640217735567,-0.16487856208682705,True,0.06620044273891801,0.08249220821138614,-0.18392542034024162,True,-0.03613346599736411,0.09592302656696239,-0.18392542034024162,True,-0.04468993218652917,0.09592302656696239,-0.18392542034024162,True,20,True,True,True,False,True,False,5,1,STOP_BEFORE_TARGET,True,True,False,True,False,5,1,STOP_BEFORE_TARGET,2022-05-09,2022-05-11,2022-05-13,2022-05-20,2022-06-06
SHOP|2022-05-09T00:00:00|Long,SHOP,2022-05-09,Long,-0.013674865617860577,0.0766380093213499,-0.06481597093094027,True,0.039612988413098904,0.13221968499917836,-0.09404780935938017,True,0.05855185330400858,0.20171147567098524,-0.09404780935938017,True,0.08366654719094635,0.21662148465129638,-0.09404780935938017,True,0.11969178629663979,0.21662148465129638,-0.09404780935938017,True,20,True,True,True,,,False,1,1,AMBIGUOUS,True,True,,,False,1,1,AMBIGUOUS,2022-05-10,2022-05-12,2022-05-16,2022-05-23,2022-06-07
SHOP|2022-05-10T00:00:00|Long,SHOP,2022-05-10,Long,-0.05009100268788347,0.031634722649375835,-0.060049547045239016,True,0.20003575958638997,0.21837255665574173,-0.08148727122508881,True,0.11106468026562188,0.21837255665574173,-0.08148727122508881,True,-0.03145592471742642,0.2334892848628669,-0.08148727122508881,True,0.16720825455002064,0.2334892848628669,-0.08148727122508881,True,20,True,True,True,,,False,1,1,AMBIGUOUS,True,True,False,True,False,2,1,STOP_BEFORE_TARGET,2022-05-11,2022-05-13,2022-05-17,2022-05-24,2022-06-08
SHOP|2022-05-11T00:00:00|Long,SHOP,2022-05-11,Long,0.10960804071485075,0.20844975999041138,-0.033051869838105596,True,0.12982202130107168,0.28262029321048177,-0.033051869838105596,True,0.13192507991389246,0.28262029321048177,-0.033051869838105596,True,0.045575868851234214,0.2985341631179148,-0.033051869838105596,True,0.16573027435132404,0.2985341631179148,-0.033051869838105596,True,20,True,True,True,,,False,1,1,AMBIGUOUS,True,True,,,False,1,1,AMBIGUOUS,2022-05-12,2022-05-16,2022-05-18,2022-05-25,2022-06-09
SHOP|2022-05-12T00:00:00|Long,SHOP,2022-05-12,Long,0.13852505213901334,0.15592195275024334,0.052813121927758555,True,0.05411439861194278,0.15592195275024334,-0.020163583827566334,True,0.10698417285408857,0.1702638368421978,-0.020163583827566334,True,-0.00619506546471682,0.1702638368421978,-0.10044984095806941,True,-0.01437026420373333,0.1702638368421978,-0.10044984095806941,True,20,True,True,True,True,False,False,1,3,TARGET_BEFORE_STOP,True,True,True,False,False,1,6,TARGET_BEFORE_STOP,2022-05-13,2022-05-17,2022-05-19,2022-05-26,2022-06-10
SHOP|2022-05-13T00:00:00|Long,SHOP,2022-05-13,Long,-0.10566989789941439,-0.010534679358060295,-0.11312366526354656,True,-0.10400518559210647,-0.010534679358060295,-0.139380890801166,True,-0.09597999084806308,0.02787710700221746,-0.15521271808356774,True,-0.08308491549243979,0.02787710700221746,-0.20989866902630439,True,-0.2224706874530129,0.02787710700221746,-0.22570068806339483,True,20,True,False,True,False,True,False,,1,STOP_BEFORE_TARGET,False,True,False,True,False,,1,STOP_BEFORE_TARGET,2022-05-16,2022-05-18,2022-05-20,2022-05-27,2022-06-13
SHOP|2022-05-16T00:00:00|Long,SHOP,2022-05-16,Long,0.035254925537891335,0.06950973163797358,-0.03769412750680301,True,0.08717879098203207,0.1493262997499012,-0.03769412750680301,True,0.023725520680492496,0.1493262997499012,-0.055396570089487174,True,0.04214480207607707,0.1493262997499012,-0.1165439594195471,True,-0.15671618301772394,0.1493262997499012,-0.17310459774098275,True,20,True,True,True,,,False,1,1,AMBIGUOUS,True,True,,,False,1,1,AMBIGUOUS,2022-05-17,2022-05-19,2022-05-23,2022-05-31,2022-06-14
SHOP|2022-05-17T00:00:00|Long,SHOP,2022-05-17,Long,-0.032256324234526845,0.019026396386602196,-0.04728427008597191,True,-0.023588493421837886,0.11018674859502964,-0.08756441857089303,True,-0.12827390476401068,0.11018674859502964,-0.14394590836250354,True,-0.029814299668711852,0.11018674859502964,-0.14662947377774393,True,-0.12508048802409855,0.11018674859502964,-0.20126397676457897,True,20,True,True,True,False,True,False,2,1,STOP_BEFORE_TARGET,True,True,False,True,False,2,1,STOP_BEFORE_TARGET,2022-05-18,2022-05-20,2022-05-24,2022-06-01,2022-06-15
SHOP|2022-05-18T00:00:00|Long,SHOP,2022-05-18,Long,0.08515886867390132,0.14719091056512035,-0.00033278901631228486,True,0.02182349128681982,0.14719091056512035,-0.05715159470571396,True,-0.07628527063754698,0.14719091056512035,-0.1181853753296288,True,0.10606734883831148,0.14719091056512035,-0.1181853753296288,True,-0.1535965702209683,0.14719091056512035,-0.17464092689251542,True,20,True,True,True,True,False,False,1,2,TARGET_BEFORE_STOP,True,True,True,False,False,1,2,TARGET_BEFORE_STOP,2022-05-19,2022-05-23,2022-05-25,2022-06-02,2022-06-16
SHOP|2022-05-19T00:00:00|Long,SHOP,2022-05-19,Long,-0.07022209233511278,0.032351183376954085,-0.13114251515404673,True,-0.1699077085584113,0.032351183376954085,-0.1848312142899129,True,-0.10224106278502632,0.032351183376954085,-0.18738661211148122,True,-0.0962614250589342,0.032351183376954085,-0.18738661211148122,True,-0.19022309443279173,0.032351183376954085,-0.23941176086401095,True,20,True,True,True,,,False,1,1,AMBIGUOUS,False,True,False,True,False,,1,STOP_BEFORE_TARGET,2022-05-20,2022-05-24,2022-05-26,2022-06-03,2022-06-17
SHOP|2022-05-20T00:00:00|Long,SHOP,2022-05-20,Long,0.012752527780925949,0.0135771147090058,-0.06005215499214778,True,-0.0844852999687884,0.0135771147090058,-0.12601344773895962,True,0.014264148166056811,0.02189092198464082,-0.12601344773895962,True,-0.008877231325412627,0.10210252367633887,-0.12601344773895962,True,-0.09784245493524979,0.10210252367633887,-0.1819678303110187,True,20,True,True,True,False,True,False,6,1,STOP_BEFORE_TARGET,True,True,False,True,False,6,1,STOP_BEFORE_TARGET,2022-05-23,2022-05-25,2022-05-27,2022-06-06,2022-06-21
SHOP|2022-05-23T00:00:00|Long,SHOP,2022-05-23,Long,-0.11845634832558705,-0.03278244226762117,-0.13430485321350127,True,-0.04659554124829812,-0.030836635008132718,-0.1370186414878075,True,0.017992402283124598,0.05131761255784828,-0.1370186414878075,True,0.03324384165874372,0.08822490533910621,-0.1370186414878075,True,-0.08127761977957182,0.08822490533910621,-0.19226844935021048,True,20,True,True,True,False,True,False,5,1,STOP_BEFORE_TARGET,True,True,False,True,False,5,1,STOP_BEFORE_TARGET,2022-05-24,2022-05-26,2022-05-31,2022-06-07,2022-06-22
SHOP|2022-05-24T00:00:00|Long,SHOP,2022-05-24,Long,0.025458676110794,0.03666414342058699,-0.021056578567565043,True,0.13606692559884426,0.1446095971504151,-0.021056578567565043,True,0.112947869328891,0.20964158710377778,-0.021056578567565043,True,0.20511630222866906,0.23445379394669907,-0.021056578567565043,True,0.12002826380079767,0.23445379394669907,-0.08373051168189338,True,20,True,True,True,,,False,1,1,AMBIGUOUS,True,True,True,False,False,2,13,TARGET_BEFORE_STOP,2022-05-25,2022-05-27,2022-06-01,2022-06-08,2022-06-23
SHOP|2022-05-25T00:00:00|Long,SHOP,2022-05-25,Long,0.05466659963567366,0.07209927671802507,-0.023295636797679098,True,0.12611450000624114,0.16297921768189028,-0.023295636797679098,True,0.19741226774820175,0.2038064748045727,-0.023295636797679098,True,0.1149169649755808,0.2038064748045727,-0.023295636797679098,True,0.1564647671014634,0.2038064748045727,-0.1064783889749743,True,20,True,True,True,,,False,1,1,AMBIGUOUS,True,True,True,False,False,1,12,TARGET_BEFORE_STOP,2022-05-26,2022-05-31,2022-06-02,2022-06-09,2022-06-24
SHOP|2022-05-26T00:00:00|Long,SHOP,2022-05-26,Long,0.05043832860839448,0.0583371146959768,0.012282235044289935,True,0.029061821397420085,0.1184674585106067,0.0015939814388028495,True,0.0066606273446212505,0.1414094987178114,-0.00868155258569736,True,-0.00822616034085144,0.1414094987178114,-0.034185364188383804,True,0.06230784407169754,0.1414094987178114,-0.15279235036580685,True,20,True,True,True,True,False,False,1,10,TARGET_BEFORE_STOP,True,True,True,False,False,1,10,TARGET_BEFORE_STOP,2022-05-27,2022-06-01,2022-06-03,2022-06-10,2022-06-27
SHOP|2022-05-27T00:00:00|Long,SHOP,2022-05-27,Long,0.016475225451052067,0.0497507691105441,-0.0185345252643071,True,0.08083139397500272,0.08660305667819079,-0.0464990145916514,True,-0.022815929689827374,0.08660305667819079,-0.05628115386118193,True,-0.15201600924193748,0.08660305667819079,-0.155538691620008,True,-0.05088874881359229,0.08660305667819079,-0.1934722614733969,True,20,True,True,True,True,False,False,1,2,TARGET_BEFORE_STOP,True,True,,,False,2,2,AMBIGUOUS,2022-05-31,2022-06-02,2022-06-06,2022-06-13,2022-06-28
SHOP|2022-05-31T00:00:00|Long,SHOP,2022-05-31,Long,-0.03622843682228161,0.04750473532131738,-0.06195354147934018,True,-0.057208355968436986,0.06899118588553921,-0.07157712995901988,True,0.01498187937494766,0.06899118588553921,-0.07157712995901988,True,-0.19081895788152103,0.06899118588553921,-0.20654461778080868,True,-0.11894864782246406,0.06899118588553921,-0.20654461778080868,True,20,True,True,True,,,False,1,1,AMBIGUOUS,True,True,False,True,False,2,1,STOP_BEFORE_TARGET,2022-06-01,2022-06-03,2022-06-07,2022-06-14,2022-06-29
SHOP|2022-06-01T00:00:00|Long,SHOP,2022-06-01,Long,0.10328330075722048,0.10917485712163355,0.0013276999379148169,True,-0.002517069221883217,0.10917485712163355,-0.03667746018588436,True,0.08281469010345988,0.10917485712163355,-0.03667746018588436,True,-0.09819376674265179,0.10917485712163355,-0.17671841281243628,True,-0.1358946732885301,0.10917485712163355,-0.17671841281243628,True,20,True,True,True,True,False,False,1,2,TARGET_BEFORE_STOP,True,True,True,False,False,1,2,TARGET_BEFORE_STOP,2022-06-02,2022-06-06,2022-06-08,2022-06-15,2022-06-30
SHOP|2022-06-02T00:00:00|Long,SHOP,2022-06-02,Long,-0.11334519494673845,-0.033509695453522115,-0.12685840603863496,True,-0.045453397803280726,-0.033509695453522115,-0.12685840603863496,True,-0.06889465307363007,-0.0033846148549301347,-0.12685840603863496,True,-0.23476320798367423,-0.0033846148549301347,-0.25378949665737005,True,-0.21252540852081336,-0.0033846148549301347,-0.25378949665737005,True,20,True,False,True,False,True,False,,1,STOP_BEFORE_TARGET,False,True,False,True,False,,1,STOP_BEFORE_TARGET,2022-06-03,2022-06-07,2022-06-09,2022-06-16,2022-07-01
SHOP|2022-06-03T00:00:00|Long,SHOP,2022-06-03,Long,0.019679893776119783,0.05909630961542911,0.0024599327903129797,True,0.106910538632087,0.11986083463623332,-0.01034895429126459,True,-0.01478828840732671,0.12401735090715826,-0.0405757317048836,True,-0.1039699665138063,0.12401735090715826,-0.15839794800660345,True,-0.03862469845437133,0.12401735090715826,-0.1596449028878808,True,20,True,True,True,True,False,False,1,5,TARGET_BEFORE_STOP,True,True,True,False,False,1,5,TARGET_BEFORE_STOP,2022-06-06,2022-06-08,2022-06-10,2022-06-17,2022-07-05
SHOP|2022-06-06T00:00:00|Long,SHOP,2022-06-06,Long,0.05579282963434351,0.057401133577131835,-0.02944928918445222,True,0.029865222564026128,0.10232373685888008,-0.02944928918445222,True,-0.13221672710147647,0.10232373685888008,-0.1358216593605056,True,-0.08976206220023464,0.10232373685888008,-0.17464092689251542,True,-0.08380010360253098,0.10232373685888008,-0.17586381545674867,True,20,True,True,True,,,False,1,1,AMBIGUOUS,True,True,True,False,False,1,4,TARGET_BEFORE_STOP,2022-06-07,2022-06-09,2022-06-13,2022-06-21,2022-07-06
SHOP|2022-06-07T00:00:00|Long,SHOP,2022-06-07,Long,0.02818190917405916,0.04021111985116321,-0.009586638280366544,True,-0.0848611308572168,0.0440720053390129,-0.10881445116363087,True,-0.20276306546793366,0.0440720053390129,-0.21825660305598582,True,-0.11083681975250459,0.0440720053390129,-0.21825660305598582,True,-0.07207016301483105,0.0440720053390129,-0.21941486870234073,True,20,True,True,True,True,False,False,1,2,TARGET_BEFORE_STOP,False,True,False,True,False,,3,STOP_BEFORE_TARGET,2022-06-08,2022-06-10,2022-06-14,2022-06-22,2022-07-07
SHOP|2022-06-08T00:00:00|Long,SHOP,2022-06-08,Long,-0.051293827190810215,0.015454557236587174,-0.0521623585542641,True,-0.20060282683425723,0.015454557236587174,-0.20392367058329197,True,-0.16716475912311168,0.015454557236587174,-0.23968376610322728,True,-0.07060566542043667,0.015454557236587174,-0.23968376610322728,True,-0.09137353367729628,0.015454557236587174,-0.2408102843156371,True,20,True,False,True,False,True,False,,1,STOP_BEFORE_TARGET,False,True,False,True,False,,1,STOP_BEFORE_TARGET,2022-06-09,2022-06-13,2022-06-15,2022-06-23,2022-07-08
SHOP|2022-06-09T00:00:00|Long,SHOP,2022-06-09,Long,-0.061821843294097234,-0.02310244514915416,-0.08637820588539202,True,-0.1826920449813605,-0.02310244514915416,-0.19857564366275848,True,-0.1781415555797048,-0.02310244514915416,-0.19857564366275848,True,0.03726537798874796,0.04444652839848451,-0.19857564366275848,True,-0.12975578911818542,0.0635719880695571,-0.19976306949037193,True,20,True,True,True,False,True,False,10,1,STOP_BEFORE_TARGET,True,True,False,True,False,11,1,STOP_BEFORE_TARGET,2022-06-10,2022-06-14,2022-06-16,2022-06-24,2022-07-11
SHOP|2022-06-10T00:00:00|Long,SHOP,2022-06-10,Long,-0.10185684445487209,-0.023792400231095634,-0.10558789728311602,True,-0.06428832075033153,-0.023792400231095634,-0.14576527857867239,True,-0.09052031868593013,-0.023792400231095634,-0.14576527857867239,True,0.07111904104749311,0.13365673722774862,-0.14576527857867239,True,-0.07068844652378403,0.13365673722774862,-0.14703095058257265,True,20,True,True,True,False,True,False,8,1,STOP_BEFORE_TARGET,True,True,False,True,False,9,1,STOP_BEFORE_TARGET,2022-06-13,2022-06-15,2022-06-17,2022-06-27,2022-07-12
SHOP|2022-06-13T00:00:00|Long,SHOP,2022-06-13,Long,-0.03003772337399202,0.025020739536110836,-0.04888801284373212,True,-0.024637307248479345,0.05763082973564626,-0.04888801284373212,True,0.0489231196626283,0.07630851067914679,-0.04888801284373212,True,0.11925609625948419,0.2622227650776625,-0.04888801284373212,True,0.027353514512555632,0.2622227650776625,-0.05029722249598634,True,20,True,True,True,False,True,False,2,1,STOP_BEFORE_TARGET,True,True,False,True,False,2,1,STOP_BEFORE_TARGET,2022-06-14,2022-06-16,2022-06-21,2022-06-28,2022-07-13
SHOP|2022-06-14T00:00:00|Long,SHOP,2022-06-14,Long,0.0740923944960481,0.09038346667933461,0.004144402012839166,True,0.043980993623445874,0.09038346667933461,-0.013078979967498294,True,0.11530605486734591,0.14729527106481632,-0.013078979967498294,True,0.08881857868406895,0.3013111906457602,-0.013078979967498294,True,0.010410489022471658,0.3013111906457602,-0.020886893861961853,True,20,True,True,True,True,False,False,1,13,TARGET_BEFORE_STOP,True,False,True,False,False,1,,TARGET_BEFORE_STOP,2022-06-15,2022-06-17,2022-06-22,2022-06-29,2022-07-14
SHOP|2022-06-15T00:00:00|Long,SHOP,2022-06-15,Long,-0.06379780642333555,-0.020611626899377677,-0.08115817122459579,True,0.006809192948701304,0.03309506930234085,-0.08115817122459579,True,0.11594021117671294,0.12035701344182614,-0.08115817122459579,True,-0.041805994631132215,0.21154492603620056,-0.08115817122459579,True,-0.040885812867006543,0.21154492603620056,-0.08842748430648106,True,20,True,True,True,False,True,False,3,1,STOP_BEFORE_TARGET,True,True,False,True,False,4,1,STOP_BEFORE_TARGET,2022-06-16,2022-06-21,2022-06-23,2022-06-30,2022-07-15
SHOP|2022-06-16T00:00:00|Long,SHOP,2022-06-16,Long,0.038200649722052615,0.06758830290342788,0.003538308786757538,True,0.10913079632162859,0.14094289370957402,0.003538308786757538,True,0.2620973660742656,0.27083506349465525,0.003538308786757538,True,0.029060023897003795,0.29410605353061325,0.003538308786757538,True,0.06608132067533257,0.29410605353061325,-0.026308075383855267,True,20,True,True,True,True,False,False,1,11,TARGET_BEFORE_STOP,True,False,True,False,False,1,,TARGET_BEFORE_STOP,2022-06-17,2022-06-22,2022-06-24,2022-07-01,2022-07-18
SHOP|2022-06-17T00:00:00|Long,SHOP,2022-06-17,Long,0.0358484526634566,0.0628924889500897,0.014894762672953421,True,0.14812712190960942,0.15267131739777184,0.014894762672953421,True,0.17772729072943916,0.24648935047100173,0.014894762672953421,True,0.07292754217757125,0.24648935047100173,-0.06213512303539592,True,0.08460348466567247,0.24648935047100173,-0.06213512303539592,True,20,True,True,True,True,False,False,1,8,TARGET_BEFORE_STOP,True,True,True,False,False,1,9,TARGET_BEFORE_STOP,2022-06-21,2022-06-23,2022-06-27,2022-07-05,2022-07-19
SHOP|2022-06-21T00:00:00|Long,SHOP,2022-06-21,Long,0.031348036700582727,0.06092916842390661,-0.01742581561595824,True,0.17358714133856878,0.18171206863270672,-0.01742581561595824,True,0.06705255635844654,0.2033510763721551,-0.01742581561595824,True,0.00654989025409658,0.2033510763721551,-0.09459257813911803,True,0.17258189745187535,0.2033510763721551,-0.09459257813911803,True,20,True,True,True,True,False,False,1,7,TARGET_BEFORE_STOP,True,True,True,False,False,1,7,TARGET_BEFORE_STOP,2022-06-22,2022-06-24,2022-06-28,2022-07-06,2022-07-20
SHOP|2022-06-22T00:00:00|Long,SHOP,2022-06-22,Long,0.07470311696620802,0.07895670610458616,-0.01893421275472773,True,0.10241032210607703,0.16677497173682765,-0.01893421275472773,True,-0.02374906517155717,0.16677497173682765,-0.04088139856757855,True,0.04359903513647856,0.16677497173682765,-0.12211262382638677,True,0.19335976300063673,0.20163053686900279,-0.12211262382638677,True,20,True,True,True,True,False,False,1,5,TARGET_BEFORE_STOP,True,True,True,False,False,1,5,TARGET_BEFORE_STOP,2022-06-23,2022-06-27,2022-06-29,2022-07-07,2022-07-21
SHOP|2022-06-23T00:00:00|Long,SHOP,2022-06-23,Long,0.05881866321505913,0.06614903038872,0.0,True,-0.03729759682351452,0.0856718970263437,-0.047467257172544186,True,-0.14135721988323036,0.0856718970263437,-0.15180163531963276,True,-0.02234559377452472,0.0856718970263437,-0.18313498647718474,True,0.026578321451394604,0.1181046355025932,-0.18313498647718474,True,20,True,True,True,True,False,False,1,3,TARGET_BEFORE_STOP,True,True,True,False,False,1,3,TARGET_BEFORE_STOP,2022-06-24,2022-06-28,2022-06-30,2022-07-08,2022-07-22
SHOP|2022-06-24T00:00:00|Long,SHOP,2022-06-24,Long,-0.031202131231808705,0.02536150404616566,-0.0699322567653865,True,-0.14207096388767004,0.02536150404616566,-0.15712685346731659,True,-0.18464291935108057,0.02536150404616566,-0.2030734441390878,True,-0.16102067094033978,0.02536150404616566,-0.22851283047614745,True,-0.04706278798004426,0.05599256449401313,-0.22851283047614745,True,20,True,True,True,False,True,False,18,1,STOP_BEFORE_TARGET,True,True,False,True,False,18,1,STOP_BEFORE_TARGET,2022-06-27,2022-06-29,2022-07-01,2022-07-11,2022-07-25
SHOP|2022-06-27T00:00:00|Long,SHOP,2022-06-27,Long,-0.06149348145791944,0.01950646171156345,-0.07140754472132405,True,-0.16293774319066145,0.01950646171156345,-0.1731196560404502,True,-0.08898473303353527,0.01950646171156345,-0.20366549680297674,True,-0.13239190242813492,0.01950646171156345,-0.20366549680297674,True,-0.15463144183110378,0.09000298053575229,-0.20366549680297674,True,20,True,True,True,False,True,False,16,1,STOP_BEFORE_TARGET,True,True,False,True,False,17,1,STOP_BEFORE_TARGET,2022-06-28,2022-06-30,2022-07-05,2022-07-12,2022-07-26
SHOP|2022-06-28T00:00:00|Long,SHOP,2022-06-28,Long,-0.056415282487549345,-0.0013133510261977843,-0.07297435289771481,True,-0.10323762428859695,-0.0013133510261977843,-0.123508253668975,True,-0.056700736757361425,0.008108273534239707,-0.1514875097148115,True,-0.08211041427789767,0.0492205497450624,-0.1514875097148115,True,0.006109766914227377,0.16142291928777808,-0.1514875097148115,True,20,True,True,True,False,True,False,7,1,STOP_BEFORE_TARGET,True,True,False,True,False,15,1,STOP_BEFORE_TARGET,2022-06-29,2022-07-01,2022-07-06,2022-07-13,2022-07-27
SHOP|2022-06-29T00:00:00|Long,SHOP,2022-06-29,Long,-0.05476549191301472,0.008774611867529147,-0.06626319749663512,True,0.028744350525556905,0.03721632588896018,-0.10075642966950404,True,0.06898646434573785,0.07352497310955775,-0.10075642966950404,True,-0.07201207914394725,0.11195161417100619,-0.10075642966950404,True,0.08653557265878864,0.23086236745080924,-0.10075642966950404,True,20,True,True,True,False,True,False,3,1,STOP_BEFORE_TARGET,True,True,False,True,False,4,1,STOP_BEFORE_TARGET,2022-06-30,2022-07-05,2022-07-07,2022-07-14,2022-07-28
SHOP|2022-06-30T00:00:00|Long,SHOP,2022-06-30,Long,0.005441743839291302,0.05825869447846377,-0.017285499748241007,True,0.05761847495508965,0.1302817423813052,-0.0486555847919351,True,0.13860435196639154,0.17637644907974392,-0.0486555847919351,True,0.0009603292850610678,0.17637644907974392,-0.0486555847919351,True,0.11491684014849235,0.3021767158521247,-0.0486555847919351,True,20,True,True,True,True,False,False,1,2,TARGET_BEFORE_STOP,True,True,True,False,False,1,2,TARGET_BEFORE_STOP,2022-07-01,2022-07-06,2022-07-08,2022-07-15,2022-07-29
SHOP|2022-07-01T00:00:00|Long,SHOP,2022-07-01,Long,0.08245782124068635,0.09137214090503187,-0.05380453811740016,True,0.124801082543321,0.12957655888557884,-0.05380453811740016,True,0.028971660357619777,0.1700095567822124,-0.05380453811740016,True,0.03597583806446081,0.1700095567822124,-0.05380453811740016,True,0.16014004469061782,0.2951289558356185,-0.05380453811740016,True,20,True,True,True,,,False,1,1,AMBIGUOUS,True,True,,,False,1,1,AMBIGUOUS,2022-07-05,2022-07-07,2022-07-11,2022-07-18,2022-08-01
SHOP|2022-07-05T00:00:00|Long,SHOP,2022-07-05,Long,-0.028235267190372282,0.038529452155618094,-0.03676470588235292,True,0.04617646161247713,0.0808823529411764,-0.05000002243939572,True,-0.04764702740837545,0.0808823529411764,-0.06764703638413372,True,0.010882321526022531,0.0808823529411764,-0.11705881006577434,True,0.1100000493666704,0.1964705972110523,-0.11705881006577434,True,20,True,True,True,,,False,1,1,AMBIGUOUS,True,True,False,True,False,3,1,STOP_BEFORE_TARGET,2022-07-06,2022-07-08,2022-07-12,2022-07-19,2022-08-02
SHOP|2022-07-06T00:00:00|Long,SHOP,2022-07-06,Long,0.06930995314988464,0.07384983532377243,-0.0223971446114285,True,-0.02179180389685631,0.11228810477208917,-0.030266342986995598,True,-0.026937026785316398,0.11228810477208917,-0.0835351135715241,True,0.16495159237051338,0.1755447662331875,-0.0914043696755591,True,0.2690677706812814,0.2757264030846398,-0.0914043696755591,True,20,True,True,True,,,False,1,1,AMBIGUOUS,True,True,True,False,False,1,3,TARGET_BEFORE_STOP,2022-07-07,2022-07-11,2022-07-13,2022-07-20,2022-08-03
SHOP|2022-07-07T00:00:00|Long,SHOP,2022-07-07,Long,0.0067930328709628895,0.04019241707757715,-0.03481469836359974,True,-0.08349846051653564,0.04019241707757715,-0.10274556693978154,True,-0.13189927860871642,0.04019241707757715,-0.14293803800401406,True,0.14350408808549076,0.15142932909271756,-0.15029722892976427,True,0.16105288230434045,0.20549102590625234,-0.15029722892976427,True,20,True,True,True,,,False,1,1,AMBIGUOUS,True,True,False,True,False,9,1,STOP_BEFORE_TARGET,2022-07-08,2022-07-12,2022-07-14,2022-07-21,2022-08-04
SHOP|2022-07-08T00:00:00|Long,SHOP,2022-07-08,Long,-0.0913691320743224,-0.013213416495235886,-0.09924089990393015,True,-0.09614838904378609,-0.013213416495235886,-0.1487208055542507,True,-0.12088836868014474,-0.013213416495235886,-0.15603034255488413,True,0.050042136479294896,0.14366040635910138,-0.15603034255488413,True,0.1473152016706165,0.1973573381499114,-0.15603034255488413,True,20,True,True,True,False,True,False,8,1,STOP_BEFORE_TARGET,True,True,False,True,False,8,1,STOP_BEFORE_TARGET,2022-07-11,2022-07-13,2022-07-15,2022-07-22,2022-08-05
SHOP|2022-07-11T00:00:00|Long,SHOP,2022-07-11,Long,0.0018564781515335582,0.03589108472664604,-0.019183135449845068,True,-0.051051968877168896,0.03589108472664604,-0.06311878178963592,True,0.00680696852662277,0.05816835042904711,-0.07116334340278085,True,0.13582919031869478,0.25866338766365615,-0.07116334340278085,True,0.23050745152489927,0.31775991815396987,-0.07116334340278085,True,20,True,True,True,True,False,False,1,2,TARGET_BEFORE_STOP,True,True,False,True,False,5,2,STOP_BEFORE_TARGET,2022-07-12,2022-07-14,2022-07-18,2022-07-25,2022-08-08
SHOP|2022-07-12T00:00:00|Long,SHOP,2022-07-12,Long,-0.007103135721104437,0.025633044749177714,-0.06485485831368942,True,-0.03428043773119538,0.025633044749177714,-0.07288451304825516,True,0.06145762193099791,0.06176652050729592,-0.07288451304825516,True,-0.025633162559466238,0.25633103654321987,-0.07288451304825516,True,0.13495981432156068,0.315318058915276,-0.07288451304825516,True,20,True,True,True,False,True,False,4,1,STOP_BEFORE_TARGET,True,True,False,True,False,4,1,STOP_BEFORE_TARGET,2022-07-13,2022-07-15,2022-07-19,2022-07-26,2022-08-09
SHOP|2022-07-13T00:00:00|Long,SHOP,2022-07-13,Long,-0.04603425752230972,0.003110372297824071,-0.0550545033003359,True,0.012130618075850252,0.06376358133017246,-0.06625197409090966,True,0.19720061747071949,0.20808703916620086,-0.06625197409090966,True,0.09611197530117122,0.26531876747908445,-0.06625197409090966,True,0.2631414831399881,0.3247277801310642,-0.06625197409090966,True,20,True,True,True,False,True,False,3,1,STOP_BEFORE_TARGET,True,True,False,True,False,3,1,STOP_BEFORE_TARGET,2022-07-14,2022-07-18,2022-07-20,2022-07-27,2022-08-10
SHOP|2022-07-14T00:00:00|Long,SHOP,2022-07-14,Long,0.019563103357586487,0.03814802978100684,-0.0211933360584724,True,0.1206390233579,0.12096514452534657,-0.0211933360584724,True,0.3172481716785407,0.3263775743065276,-0.0211933360584724,True,0.17085098656939257,0.3263775743065276,-0.0211933360584724,True,0.3179001652558693,0.48125204408755207,-0.0211933360584724,True,20,True,True,True,,,False,1,1,AMBIGUOUS,True,False,True,False,False,2,,TARGET_BEFORE_STOP,2022-07-15,2022-07-19,2022-07-21,2022-07-28,2022-08-11
SHOP|2022-07-15T00:00:00|Long,SHOP,2022-07-15,Long,0.04061402108001433,0.09370004036723079,0.017908521194260008,True,0.23089226463092527,0.24208505225476418,0.017908521194260008,True,0.1944354949584879,0.3009273971748794,0.017908521194260008,True,0.11384718008237638,0.3009273971748794,-0.02302530253159507,True,0.30348569634937017,0.45283017717054386,-0.02302530253159507,True,20,True,True,True,True,False,False,1,7,TARGET_BEFORE_STOP,True,False,True,False,False,1,,TARGET_BEFORE_STOP,2022-07-18,2022-07-20,2022-07-22,2022-07-29,2022-08-12
SHOP|2022-07-18T00:00:00|Long,SHOP,2022-07-18,Long,0.056238413179766855,0.05654579289547246,-0.015365703316910784,True,0.2415488748988004,0.25015363124234624,-0.015365703316910784,True,0.1281499093921501,0.25015363124234624,-0.015365703316910784,True,0.11985241553329673,0.25015363124234624,-0.06115555078295076,True,0.22433924498069557,0.39612781275299924,-0.06115555078295076,True,20,True,True,True,True,False,False,1,6,TARGET_BEFORE_STOP,True,True,True,False,False,1,6,TARGET_BEFORE_STOP,2022-07-19,2022-07-21,2022-07-25,2022-08-01,2022-08-15
SHOP|2022-07-19T00:00:00|Long,SHOP,2022-07-19,Long,0.11987206501656122,0.1300553203263659,-0.01221990637176551,True,0.08670350988785769,0.1835903860746786,-0.01221990637176551,True,-0.08204829160492433,0.1835903860746786,-0.11114343362054735,True,0.09805070850484388,0.1835903860746786,-0.11114343362054735,True,0.15158577425315678,0.321792310648888,-0.11114343362054735,True,20,True,True,True,True,False,False,1,5,TARGET_BEFORE_STOP,True,True,True,False,False,1,5,TARGET_BEFORE_STOP,2022-07-20,2022-07-22,2022-07-26,2022-08-02,2022-08-16
SHOP|2022-07-20T00:00:00|Long,SHOP,2022-07-20,Long,0.0496232726453909,0.05689785739692965,-0.01662777803160642,True,-0.04624584350148164,0.05689785739692965,-0.07222661659558749,True,-0.08443751255584409,0.05689785739692965,-0.20628740179682248,True,0.08937382376456182,0.09508962556007616,-0.20628740179682248,True,-0.030917183411607763,0.18030652959393256,-0.20628740179682248,True,20,True,True,True,True,False,False,1,2,TARGET_BEFORE_STOP,True,True,True,False,False,1,2,TARGET_BEFORE_STOP,2022-07-21,2022-07-25,2022-07-27,2022-08-03,2022-08-17
SHOP|2022-07-21T00:00:00|Long,SHOP,2022-07-21,Long,-0.07549512219211385,-0.013391097667765917,-0.08997529700344209,True,-0.219059454320796,-0.013391097667765917,-0.2438119286334376,True,-0.11113865120996713,-0.013391097667765917,-0.2438119286334376,True,0.015346507635342954,0.05420788475233462,-0.2438119286334376,True,-0.08762378172831842,0.1245049155771647,-0.2438119286334376,True,20,True,True,True,False,True,False,9,1,STOP_BEFORE_TARGET,True,True,False,True,False,10,1,STOP_BEFORE_TARGET,2022-07-22,2022-07-26,2022-07-28,2022-08-04,2022-08-18
SHOP|2022-07-22T00:00:00|Long,SHOP,2022-07-22,Long,-0.017135191855278897,0.002141950048809793,-0.04390895466260203,True,-0.0564925537310601,0.002141950048809793,-0.18206156666303752,True,-0.06746979239671058,0.002141950048809793,-0.18206156666303752,True,0.09263729693502598,0.14029456204924529,-0.18206156666303752,True,-0.08433729156278813,0.21633205250739507,-0.18206156666303752,True,20,True,True,True,False,True,False,7,1,STOP_BEFORE_TARGET,True,True,False,True,False,8,1,STOP_BEFORE_TARGET,2022-07-25,2022-07-27,2022-07-29,2022-08-05,2022-08-19
SHOP|2022-07-25T00:00:00|Long,SHOP,2022-07-25,Long,-0.14056115434758076,-0.12966489894429212,-0.16780168894140957,True,-0.021792406892184424,-0.014982273243727251,-0.16780168894140957,True,-0.007354956810060931,0.019340754622164225,-0.16780168894140957,True,0.08335607326629746,0.16017437250774313,-0.16780168894140957,True,-0.0961590538636099,0.23753749491079268,-0.16780168894140957,True,20,True,True,True,False,True,False,6,1,STOP_BEFORE_TARGET,True,True,False,True,False,6,1,STOP_BEFORE_TARGET,2022-07-26,2022-07-28,2022-08-01,2022-08-08,2022-08-22
SHOP|2022-07-26T00:00:00|Long,SHOP,2022-07-26,Long,0.11695729098692809,0.1245641965201496,-0.007606965988013248,True,0.10396204986722313,0.1616164547303034,-0.007606965988013248,True,0.1961965955972227,0.23549922297456205,-0.007606965988013248,True,0.16481777777132933,0.34992079817736066,-0.007606965988013248,True,0.02916012696957182,0.43993665305103846,-0.007606965988013248,True,20,True,True,False,True,False,False,1,,TARGET_BEFORE_STOP,True,False,True,False,False,1,,TARGET_BEFORE_STOP,2022-07-27,2022-07-29,2022-08-02,2022-08-09,2022-08-23
SHOP|2022-07-27T00:00:00|Long,SHOP,2022-07-27,Long,0.01901243294646915,0.026106643732297874,-0.046538113684251536,True,0.03405212517272482,0.06186141846328552,-0.046538113684251536,True,0.18984104165911186,0.19608398179034214,-0.046538113684251536,True,0.1523836173698616,0.20856975380373677,-0.046538113684251536,True,-0.05533486577927693,0.28915999266071335,-0.08115778870973067,True,20,True,True,True,False,True,False,2,1,STOP_BEFORE_TARGET,True,True,False,True,False,3,1,STOP_BEFORE_TARGET,2022-07-28,2022-08-01,2022-08-03,2022-08-10,2022-08-24
SHOP|2022-07-28T00:00:00|Long,SHOP,2022-07-28,Long,-0.030075132858438436,0.020579181738403562,-0.0601503719462636,True,0.05096078637790824,0.08549149840905557,-0.0601503719462636,True,0.1423002125331343,0.18602061636202372,-0.0601503719462636,True,0.1255917109634357,0.265107226349647,-0.0601503719462636,True,-0.04372040382888953,0.265107226349647,-0.09830127525192034,True,20,True,True,True,False,True,False,2,1,STOP_BEFORE_TARGET,True,True,False,True,False,3,1,STOP_BEFORE_TARGET,2022-07-29,2022-08-02,2022-08-04,2022-08-11,2022-08-25
SHOP|2022-07-29T00:00:00|Long,SHOP,2022-07-29,Long,0.046224424663073416,0.07436107383667623,-0.02239456080931601,True,0.20384720358500474,0.21016363221369838,-0.02239456080931601,True,0.17169104874707508,0.22279637994777057,-0.02239456080931601,True,0.17025541713268844,0.30433528328643544,-0.02239456080931601,True,-0.06919332573679615,0.30433528328643544,-0.08699404061737859,True,20,True,True,True,,,False,1,1,AMBIGUOUS,True,True,True,False,False,1,16,TARGET_BEFORE_STOP,2022-08-01,2022-08-03,2022-08-05,2022-08-12,2022-08-26
SHOP|2022-08-01T00:00:00|Long,SHOP,2022-08-01,Long,0.035675167419050524,0.06970365014409285,-0.0244236943795082,True,0.1256861142606558,0.1687706300123517,-0.0244236943795082,True,0.09138314919183155,0.1687706300123517,-0.0244236943795082,True,0.09330410686093837,0.24670697083609405,-0.0244236943795082,True,-0.12349062190559634,0.24670697083609405,-0.12843025725025425,True,20,True,True,True,,,False,1,1,AMBIGUOUS,True,True,True,False,False,1,14,TARGET_BEFORE_STOP,2022-08-02,2022-08-04,2022-08-08,2022-08-15,2022-08-29
SHOP|2022-08-02T00:00:00|Long,SHOP,2022-08-02,Long,0.11102274616748775,0.1168521370238389,0.014838302429468708,True,0.08134604023019576,0.1285108176581864,0.014838302429468708,True,-0.02623215777522503,0.1285108176581864,-0.037890838409572525,True,0.04875463886472842,0.20376254066508537,-0.037890838409572525,True,-0.16905142512898863,0.20376254066508537,-0.19104400294542323,True,20,True,True,True,True,False,False,1,5,TARGET_BEFORE_STOP,True,True,True,False,False,1,5,TARGET_BEFORE_STOP,2022-08-03,2022-08-05,2022-08-09,2022-08-16,2022-08-30
SHOP|2022-08-03T00:00:00|Long,SHOP,2022-08-03,Long,-0.021702834266370874,0.015740516160469564,-0.041855498577198946,True,-0.051514424795877756,0.015740516160469564,-0.06892438274777923,True,-0.031481032320938906,0.015740516160469564,-0.13403288554689186,True,-0.11042215679506473,0.08347245348261945,-0.13403288554689186,True,-0.2451705368906606,0.08347245348261945,-0.27188169653132754,True,20,True,True,True,False,True,False,6,1,STOP_BEFORE_TARGET,True,True,False,True,False,6,1,STOP_BEFORE_TARGET,2022-08-04,2022-08-08,2022-08-10,2022-08-17,2022-08-31
SHOP|2022-08-04T00:00:00|Long,SHOP,2022-08-04,Long,-0.005119431548736397,0.03729884842083897,-0.04826912530815397,True,-0.1040955731377986,0.03729884842083897,-0.11482201442982232,True,-0.014627066848430514,0.10750852750362294,-0.11482201442982232,True,-0.10141393956578482,0.10750852750362294,-0.12213559435205346,True,-0.2376889295756861,0.10750852750362294,-0.2730131932540306,True,20,True,True,True,,,False,1,1,AMBIGUOUS,True,True,False,True,False,5,1,STOP_BEFORE_TARGET,2022-08-05,2022-08-09,2022-08-11,2022-08-18,2022-09-01
SHOP|2022-08-05T00:00:00|Long,SHOP,2022-08-05,Long,-0.025483971588591836,0.04018621255724275,-0.03773587022065705,True,-0.004900778147739704,0.04018621255724275,-0.11026708768858606,True,-0.0012252646428612124,0.11320751718740252,-0.11026708768858606,True,-0.16197011487183188,0.11320751718740252,-0.1641754603645863,True,-0.26219064942110737,0.11320751718740252,-0.2692722827246753,True,20,True,True,True,,,False,1,1,AMBIGUOUS,True,True,False,True,False,4,1,STOP_BEFORE_TARGET,2022-08-08,2022-08-10,2022-08-12,2022-08-19,2022-09-02
SHOP|2022-08-08T00:00:00|Long,SHOP,2022-08-08,Long,-0.07593664629124053,-0.023384468053085805,-0.08700022742386504,True,0.01634392013326602,0.14231832492491714,-0.08700022742386504,True,0.0017601130002138365,0.14231832492491714,-0.08700022742386504,True,-0.16570279297800283,0.14231832492491714,-0.18104100276754986,True,-0.24968569753278202,0.14231832492491714,-0.26904703645409844,True,20,True,True,True,False,True,False,3,1,STOP_BEFORE_TARGET,True,True,False,True,False,3,1,STOP_BEFORE_TARGET,2022-08-09,2022-08-11,2022-08-15,2022-08-22,2022-09-06
SHOP|2022-08-09T00:00:00|Long,SHOP,2022-08-09,Long,0.10503403021364788,0.11210881447305487,0.033197312127976275,True,0.1091156005859375,0.23619048449457902,0.033197312127976275,True,0.07700685254570572,0.23619048449457902,0.023945607295652538,True,-0.11646255181760201,0.23619048449457902,-0.11891153556149026,True,-0.1570068151772428,0.23619048449457902,-0.2089796001408376,True,20,True,True,True,True,False,False,1,7,TARGET_BEFORE_STOP,True,True,True,False,False,1,8,TARGET_BEFORE_STOP,2022-08-10,2022-08-12,2022-08-16,2022-08-23,2022-09-07
SHOP|2022-08-10T00:00:00|Long,SHOP,2022-08-10,Long,-0.0046787106267075496,0.11868996853931568,-0.02339327132876956,True,-0.018960858069216546,0.11868996853931568,-0.04309283362960403,True,-0.08150705056742324,0.11868996853931568,-0.0864319646263626,True,-0.18025115943875014,0.11868996853931568,-0.20265942916874735,True,-0.21349421191793694,0.11868996853931568,-0.2841664797361706,True,20,True,True,True,,,False,1,1,AMBIGUOUS,True,True,True,False,False,1,3,TARGET_BEFORE_STOP,2022-08-11,2022-08-15,2022-08-17,2022-08-24,2022-09-08
SHOP|2022-08-11T00:00:00|Long,SHOP,2022-08-11,Long,0.008411681543546212,0.027461668991473953,-0.020039524871034553,True,-0.020781701532485375,0.027461668991473953,-0.06902516643292755,True,-0.0880751538808554,0.027461668991473953,-0.10910440492796247,True,-0.15042054160775997,0.027461668991473953,-0.19891136726985825,True,-0.1387926039037889,0.027461668991473953,-0.2808015583444855,True,20,True,False,True,False,True,False,,1,STOP_BEFORE_TARGET,False,True,False,True,False,,2,STOP_BEFORE_TARGET,2022-08-12,2022-08-16,2022-08-18,2022-08-25,2022-09-09
SHOP|2022-08-12T00:00:00|Long,SHOP,2022-08-12,Long,-0.022571104191122737,0.00834151537264094,-0.04661427353832559,True,-0.08488712529325015,0.00834151537264094,-0.08979391555761074,True,-0.16094204682849933,0.00834151537264094,-0.1631500977679996,True,-0.20461237723314452,0.00834151537264094,-0.2198233428223464,True,-0.13738956586665652,0.00834151537264094,-0.28680076320153436,True,20,True,False,True,False,True,False,,1,STOP_BEFORE_TARGET,False,True,False,True,False,,1,STOP_BEFORE_TARGET,2022-08-15,2022-08-17,2022-08-19,2022-08-26,2022-09-12
SHOP|2022-08-15T00:00:00|Long,SHOP,2022-08-15,Long,-0.006526062262485088,0.013805201680573198,-0.05547186435763862,True,-0.07479918501061444,0.013805201680573198,-0.09613458374462136,True,-0.1671686702285189,0.013805201680573198,-0.18247993046986555,True,-0.1982931623562535,0.013805201680573198,-0.2028112422881404,True,-0.1792168514634065,0.013805201680573198,-0.2703313357558831,True,20,True,False,True,False,True,False,,1,STOP_BEFORE_TARGET,False,True,False,True,False,,1,STOP_BEFORE_TARGET,2022-08-16,2022-08-18,2022-08-22,2022-08-29,2022-09-13
SHOP|2022-08-16T00:00:00|Long,SHOP,2022-08-16,Long,-0.05760491380789268,-0.014274947328651866,-0.06265798994955507,True,-0.13592725667571992,-0.014274947328651866,-0.13820113612049745,True,-0.17963618699918849,-0.014274947328651866,-0.181910066443966,True,-0.20768066802497387,-0.014274947328651866,-0.22865085209037306,True,-0.14881260565592935,-0.014274947328651866,-0.2655381922692147,True,20,True,False,True,False,True,False,,1,STOP_BEFORE_TARGET,False,True,False,True,False,,1,STOP_BEFORE_TARGET,2022-08-17,2022-08-19,2022-08-23,2022-08-30,2022-09-14
SHOP|2022-08-17T00:00:00|Long,SHOP,2022-08-17,Long,-0.011796210072621438,0.0021448212517709564,-0.034584475654509506,True,-0.11045573769854711,0.0021448212517709564,-0.12680964179582865,True,-0.1075066596127151,0.0021448212517709564,-0.13190343886272515,True,-0.15147452370231007,0.0021448212517709564,-0.18150130533215936,True,-0.09249331993314358,0.0021448212517709564,-0.2206434238759759,True,20,True,False,True,False,True,False,,1,STOP_BEFORE_TARGET,False,True,False,True,False,,1,STOP_BEFORE_TARGET,2022-08-18,2022-08-22,2022-08-24,2022-08-31,2022-09-15
SHOP|2022-08-18T00:00:00|Long,SHOP,2022-08-18,Long,-0.07216494311899413,-0.0113945191722169,-0.07460661840650396,True,-0.11909927609755855,-0.0113945191722169,-0.12154095138506837,True,-0.06836680455875976,-0.0113945191722169,-0.12154095138506837,True,-0.15165491210051762,-0.0113945191722169,-0.1909658531819708,True,-0.13917528440502935,-0.0113945191722169,-0.21134022752402348,True,20,True,False,True,False,True,False,,1,STOP_BEFORE_TARGET,False,True,False,True,False,,1,STOP_BEFORE_TARGET,2022-08-19,2022-08-23,2022-08-25,2022-09-01,2022-09-16
SHOP|2022-08-19T00:00:00|Long,SHOP,2022-08-19,Long,-0.029824574123079706,-0.006432784087581855,-0.04766084888166355,True,-0.026608182079288833,0.0019005445982158697,-0.05321636415857767,True,-0.05204685831244271,0.014912231291113187,-0.07017548164734688,True,-0.11959064506863948,0.014912231291113187,-0.1280409801094774,True,-0.03684216690415576,0.047076040188169355,-0.15000002788521327,True,20,True,True,True,False,True,False,15,1,STOP_BEFORE_TARGET,False,True,False,True,False,,1,STOP_BEFORE_TARGET,2022-08-22,2022-08-24,2022-08-26,2022-09-02,2022-09-19
SHOP|2022-08-22T00:00:00|Long,SHOP,2022-08-22,Long,-0.02139840500127732,0.0186859230314127,-0.024110886971141943,True,0.03496081485060021,0.046112078517920096,-0.024110886971141943,True,-0.03737190354771436,0.046112078517920096,-0.0427968674874436,True,-0.10066305370307305,0.046112078517920096,-0.12386981834085276,True,-0.0672091477313359,0.07926464870179584,-0.12386981834085276,True,20,True,True,True,False,True,False,2,1,STOP_BEFORE_TARGET,True,True,False,True,False,13,4,STOP_BEFORE_TARGET,2022-08-23,2022-08-25,2022-08-29,2022-09-06,2022-09-20
SHOP|2022-08-23T00:00:00|Long,SHOP,2022-08-23,Long,0.025254070341746093,0.05528174011280318,-0.0018479017873506143,True,-0.0015399768979968975,0.0689866886220285,-0.02063449209898338,True,-0.03418541942166042,0.0689866886220285,-0.0597474733946316,True,-0.045888562440729475,0.0689866886220285,-0.10471208494168582,True,-0.05913156487405269,0.1028641831543351,-0.10471208494168582,True,20,True,True,True,True,False,False,1,3,TARGET_BEFORE_STOP,True,True,True,False,False,1,5,TARGET_BEFORE_STOP,2022-08-24,2022-08-26,2022-08-30,2022-09-07,2022-09-21
SHOP|2022-08-24T00:00:00|Long,SHOP,2022-08-24,Long,0.03154097951889212,0.04265539591147882,0.0,True,-0.04055272887781902,0.04265539591147882,-0.04595976703418703,True,-0.04926408086195422,0.04265539591147882,-0.08290778470944704,True,-0.04055272887781902,0.04265539591147882,-0.12676482741503337,True,-0.14178435238497067,0.07569841959927004,-0.14929411486993938,True,20,True,True,True,True,False,False,1,2,TARGET_BEFORE_STOP,True,True,False,True,False,12,2,STOP_BEFORE_TARGET,2022-08-25,2022-08-29,2022-08-31,2022-09-08,2022-09-22
SHOP|2022-08-25T00:00:00|Long,SHOP,2022-08-25,Long,-0.055911531016632376,0.007280139746334902,-0.07396624648343009,True,-0.0867792524459774,0.007280139746334902,-0.11094931418208676,True,-0.08940010719810265,0.007280139746334902,-0.13159583538148356,True,0.01368669827066693,0.016307553022792076,-0.1534653591830727,True,-0.1624927169164716,0.042807257256006315,-0.194816555163977,True,20,True,True,True,False,True,False,11,1,STOP_BEFORE_TARGET,False,True,False,True,False,,1,STOP_BEFORE_TARGET,2022-08-26,2022-08-30,2022-09-01,2022-09-09,2022-09-23
SHOP|2022-08-26T00:00:00|Long,SHOP,2022-08-26,Long,-0.014805603392892164,0.024059304073042576,-0.020357741435521715,True,-0.023750727757677947,0.028686007331937935,-0.05829727295019427,True,-0.07125224210550596,0.028686007331937935,-0.0801665382549912,True,0.08451578757618217,0.10456518802622705,-0.10333123575960013,True,-0.12862425676938194,0.10456518802622705,-0.14713136396732307,True,20,True,True,True,False,True,False,9,1,STOP_BEFORE_TARGET,True,True,False,True,False,9,2,STOP_BEFORE_TARGET,2022-08-29,2022-08-31,2022-09-02,2022-09-12,2022-09-26
SHOP|2022-08-29T00:00:00|Long,SHOP,2022-08-29,Long,-0.01815904552310832,0.030369420699294603,-0.04414526687025655,True,-0.020976833597091682,0.04414520715364412,-0.06634318575825682,True,-0.06574828886525841,0.04414520715364412,-0.08985600473528854,True,0.023794621671075156,0.12116470803144841,-0.08985600473528854,True,-0.12805260125862317,0.12116470803144841,-0.13431436580450007,True,20,True,True,True,,,False,1,1,AMBIGUOUS,True,True,False,True,False,8,1,STOP_BEFORE_TARGET,2022-08-30,2022-09-01,2022-09-06,2022-09-13,2022-09-27
SHOP|2022-08-30T00:00:00|Long,SHOP,2022-08-30,Long,0.009247417172657313,0.06345656329842853,-0.0006377696866839422,True,-0.039859693101772176,0.06345656329842853,-0.04907530085747969,True,-0.012117380762735053,0.06345656329842853,-0.07302298695655773,True,0.0742984046877957,0.1419005317707347,-0.07302298695655773,True,-0.06760206626187415,0.1419005317707347,-0.1183036007530135,True,20,True,True,True,True,False,False,1,2,TARGET_BEFORE_STOP,True,True,True,False,False,1,2,TARGET_BEFORE_STOP,2022-08-31,2022-09-02,2022-09-07,2022-09-14,2022-09-28
SHOP|2022-08-31T00:00:00|Long,SHOP,2022-08-31,Long,-0.012006292743969582,-0.009162685992859299,-0.05778832527857691,True,-0.057187977496299,0.010742501001132165,-0.0815165862496734,True,0.009162746256639931,0.012006292743969693,-0.0815165862496734,True,0.06951023324192329,0.13143765576304034,-0.0815165862496734,True,-0.15418638924436145,0.13143765576304034,-0.16240124649603782,True,20,True,True,True,False,True,False,6,1,STOP_BEFORE_TARGET,True,True,False,True,False,6,1,STOP_BEFORE_TARGET,2022-09-01,2022-09-06,2022-09-08,2022-09-15,2022-09-29
SHOP|2022-09-01T00:00:00|Long,SHOP,2022-09-01,Long,-0.03709625297188335,0.023025241535477248,-0.04509113612954985,True,-0.00927409374102972,0.023025241535477248,-0.07035499618591279,True,0.11320757479069488,0.11608573760714425,-0.07035499618591279,True,0.014710555731969777,0.1451871074213611,-0.07035499618591279,True,-0.13847137385093988,0.1451871074213611,-0.15637995604131782,True,20,True,True,True,False,True,False,5,1,STOP_BEFORE_TARGET,True,True,False,True,False,5,1,STOP_BEFORE_TARGET,2022-09-02,2022-09-07,2022-09-09,2022-09-16,2022-09-30
SHOP|2022-09-02T00:00:00|Long,SHOP,2022-09-02,Long,-0.008967135579228347,0.008302889237207456,-0.03454004963287183,True,0.060777146682518435,0.06376612852957675,-0.03454004963287183,True,0.16771833725318497,0.18930589994673874,-0.03454004963287183,True,0.09398864028533072,0.18930589994673874,-0.03454004963287183,True,-0.07804717149895424,0.18930589994673874,-0.12387915556210971,True,20,True,True,True,False,True,False,2,1,STOP_BEFORE_TARGET,True,True,False,True,False,3,1,STOP_BEFORE_TARGET,2022-09-06,2022-09-08,2022-09-12,2022-09-19,2022-10-03
SHOP|2022-09-06T00:00:00|Long,SHOP,2022-09-06,Long,0.038203732701709514,0.0421581572966887,-0.015750647149836983,True,0.16655499984211963,0.16957109073111654,-0.015750647149836983,True,0.09584452398548415,0.20006706401391794,-0.015750647149836983,True,0.03719841168483695,0.20006706401391794,-0.015750647149836983,True,0.05663540634771236,0.20006706401391794,-0.11595177527240119,True,20,True,True,True,True,False,False,1,12,TARGET_BEFORE_STOP,True,True,True,False,False,2,12,TARGET_BEFORE_STOP,2022-09-07,2022-09-09,2022-09-13,2022-09-20,2022-10-04
SHOP|2022-09-07T00:00:00|Long,SHOP,2022-09-07,Long,0.030987766494718016,0.033892809960472725,-0.03518399511600534,True,0.1349257703983182,0.15590709820604554,-0.03518399511600534,True,0.08747576257314016,0.15590709820604554,-0.03518399511600534,True,-0.013879932586491561,0.15590709820604554,-0.03518399511600534,True,-0.004841821199053742,0.15590709820604554,-0.14848290669592668,True,20,True,True,True,,,False,1,1,AMBIGUOUS,True,True,False,True,False,2,1,STOP_BEFORE_TARGET,2022-09-08,2022-09-12,2022-09-14,2022-09-21,2022-10-05
SHOP|2022-09-08T00:00:00|Long,SHOP,2022-09-08,Long,0.08985600473528854,0.0926737928092718,0.012523469375141483,True,0.023794621671075156,0.12116470803144841,0.012523469375141483,True,0.05979955880172416,0.12116470803144841,-0.001565470994775442,True,-0.10551035638336848,0.12116470803144841,-0.1133375322074085,True,-0.05886039563808365,0.12116470803144841,-0.17407643332261025,True,20,True,True,True,True,False,False,1,6,TARGET_BEFORE_STOP,True,True,True,False,False,1,8,TARGET_BEFORE_STOP,2022-09-09,2022-09-13,2022-09-15,2022-09-22,2022-10-06
SHOP|2022-09-09T00:00:00|Long,SHOP,2022-09-09,Long,0.010054537785501028,0.028727376057137377,-0.0060328322575434745,True,-0.03217474008608878,0.028727376057137377,-0.08388399507168753,True,-0.0884803708573797,0.028727376057137377,-0.10313133922169437,True,-0.1738006580215541,0.028727376057137377,-0.2056880629787754,True,-0.21832812378598987,0.028727376057137377,-0.2421718437216891,True,20,True,False,True,False,True,False,,2,STOP_BEFORE_TARGET,False,True,False,True,False,,2,STOP_BEFORE_TARGET,2022-09-12,2022-09-14,2022-09-16,2022-09-23,2022-10-07
SHOP|2022-09-12T00:00:00|Long,SHOP,2022-09-12,Long,-0.0699658445719169,-0.04664389638127786,-0.07849824611806266,True,-0.03725828722912905,-0.012229815331112115,-0.09300342639234549,True,-0.06313996673314903,-0.012229815331112115,-0.11433448450539618,True,-0.1965301444084252,-0.012229815331112115,-0.21359500174840296,True,-0.24772466218067235,-0.012229815331112115,-0.2602388981296808,True,20,True,False,True,False,True,False,,1,STOP_BEFORE_TARGET,False,True,False,True,False,,1,STOP_BEFORE_TARGET,2022-09-13,2022-09-15,2022-09-19,2022-09-26,2022-10-10
SHOP|2022-09-13T00:00:00|Long,SHOP,2022-09-13,Long,0.030275163323284948,0.03149843288273635,-0.024770683620565226,True,-0.029663645200965094,0.06207947192458696,-0.045259982111753416,True,-0.053516818323238735,0.06207947192458696,-0.0584097799036386,True,-0.14831805101871665,0.06207947192458696,-0.15443428215856803,True,-0.21498472546254366,0.06207947192458696,-0.23700305257434318,True,20,True,True,True,,,False,1,1,AMBIGUOUS,True,True,True,False,False,2,3,TARGET_BEFORE_STOP,2022-09-14,2022-09-16,2022-09-20,2022-09-27,2022-10-11
SHOP|2022-09-14T00:00:00|Long,SHOP,2022-09-14,Long,0.0047491793984599795,0.030869722704673697,-0.02226179966078745,True,-0.02226179966078745,0.030869722704673697,-0.07569009620080369,True,-0.09320271646313116,0.030869722704673697,-0.09468681379464339,True,-0.13208664401852843,0.030869722704673697,-0.17928166382857258,True,-0.22855444254860735,0.030869722704673697,-0.2594241086385969,True,20,True,True,True,,,False,1,1,AMBIGUOUS,False,True,False,True,False,,2,STOP_BEFORE_TARGET,2022-09-15,2022-09-19,2022-09-21,2022-09-28,2022-10-12
SHOP|2022-09-15T00:00:00|Long,SHOP,2022-09-15,Long,-0.0626292179453285,-0.030132841626158702,-0.07769569510548957,True,-0.08567201896327226,-0.024224512017367528,-0.09039875026680344,True,-0.15598224571069108,-0.024224512017367528,-0.16336777041584372,True,-0.20915800104895732,-0.024224512017367528,-0.21683895350396587,True,-0.22481533370883033,-0.024224512017367528,-0.30192022966168985,True,20,True,False,True,False,True,False,,1,STOP_BEFORE_TARGET,False,True,False,True,False,,1,STOP_BEFORE_TARGET,2022-09-16,2022-09-20,2022-09-22,2022-09-29,2022-10-13
SHOP|2022-09-16T00:00:00|Long,SHOP,2022-09-16,Long,0.03813422949666312,0.04097066674489214,-0.01859439524423978,True,-0.03718879048847967,0.04097066674489214,-0.03876456224334501,True,-0.09360224885604163,0.04097066674489214,-0.12858493484297406,True,-0.15096120634362642,0.04097066674489214,-0.16861016257968275,True,-0.17869524607923537,0.04097066674489214,-0.25527893155774184,True,20,True,True,True,True,False,False,1,2,TARGET_BEFORE_STOP,False,True,False,True,False,,3,STOP_BEFORE_TARGET,2022-09-19,2022-09-21,2022-09-23,2022-09-30,2022-10-14
SHOP|2022-09-19T00:00:00|Long,SHOP,2022-09-19,Long,-0.06041280955476325,-0.01669700242836647,-0.06527012145769617,True,-0.13266542544241056,-0.015482645500770498,-0.14025498252870894,True,-0.14238004924827652,-0.015482645500770498,-0.16059499783613773,True,-0.1572555741889744,-0.015482645500770498,-0.19914996173142796,True,-0.1572555741889744,-0.015482645500770498,-0.2826350896807107,True,20,True,False,True,False,True,False,,1,STOP_BEFORE_TARGET,False,True,False,True,False,,1,STOP_BEFORE_TARGET,2022-09-20,2022-09-22,2022-09-26,2022-10-03,2022-10-17
SHOP|2022-09-20T00:00:00|Long,SHOP,2022-09-20,Long,-0.012924120065220812,0.04781904703564743,-0.01453960425998757,True,-0.07075930468731995,0.04781904703564743,-0.10662362077744147,True,-0.10016156074483107,0.04781904703564743,-0.10662362077744147,True,0.0187399001424442,0.04781904703564743,-0.14765756024294263,True,-0.07172863218024306,0.04781904703564743,-0.23651054674409122,True,20,True,True,True,True,False,False,1,2,TARGET_BEFORE_STOP,False,True,False,True,False,,2,STOP_BEFORE_TARGET,2022-09-21,2022-09-23,2022-09-27,2022-10-04,2022-10-18
SHOP|2022-09-21T00:00:00|Long,SHOP,2022-09-21,Long,-0.06481177059521392,0.0006219642407396808,-0.07299507685522588,True,-0.07528639261864178,0.0006219642407396808,-0.09492634012940504,True,-0.042880507321034766,0.0006219642407396808,-0.09492634012940504,True,0.009165325487335396,0.04238952892420911,-0.13649755091434734,True,-0.07201305762790255,0.04238952892420911,-0.22651391977447954,True,20,True,True,True,False,True,False,9,1,STOP_BEFORE_TARGET,False,True,False,True,False,,1,STOP_BEFORE_TARGET,2022-09-22,2022-09-26,2022-09-28,2022-10-05,2022-10-19
SHOP|2022-09-22T00:00:00|Long,SHOP,2022-09-22,Long,0.006650351280613975,0.011900600497713132,-0.03220161309489311,True,-0.02520123629840043,0.047952427506731565,-0.03220161309489311,True,-0.0630031241262714,0.047952427506731565,-0.07210358725749566,True,0.0521526001761945,0.11463071940891822,-0.07665385220337828,True,0.04060202519435996,0.11463071940891822,-0.17290866597217902,True,20,True,True,True,False,True,False,2,1,STOP_BEFORE_TARGET,True,True,False,True,False,8,1,STOP_BEFORE_TARGET,2022-09-23,2022-09-27,2022-09-29,2022-10-06,2022-10-20
SHOP|2022-09-23T00:00:00|Long,SHOP,2022-09-23,Long,-0.01773297026505849,0.041029217516861616,-0.018080683366666572,True,0.01668983096023391,0.041029217516861616,-0.03824757902348919,True,-0.06328232546384016,0.041029217516861616,-0.08275386123693951,True,-0.053894336998391634,0.10726700486513163,-0.08275386123693951,True,0.03442280122529251,0.10726700486513163,-0.17837277563591603,True,20,True,True,True,True,False,False,1,2,TARGET_BEFORE_STOP,True,True,False,True,False,7,2,STOP_BEFORE_TARGET,2022-09-26,2022-09-28,2022-09-30,2022-10-07,2022-10-21
SHOP|2022-09-26T00:00:00|Long,SHOP,2022-09-26,Long,-0.014159278532045128,0.04070795109841674,-0.02088496115355365,True,-0.05238936432694963,0.04070795109841674,-0.06159291225197039,True,-0.017345124641350962,0.04070795109841674,-0.06619471997286364,True,-0.06371678715258577,0.127256612862106,-0.0792920272962182,True,0.017699115044247815,0.127256612862106,-0.1635398527162265,True,20,True,True,True,,,False,1,1,AMBIGUOUS,True,True,False,True,False,6,3,STOP_BEFORE_TARGET,2022-09-27,2022-09-29,2022-10-03,2022-10-10,2022-10-24
SHOP|2022-09-27T00:00:00|Long,SHOP,2022-09-27,Long,0.04991021079386715,0.054578112637119425,-0.00682228120126116,True,-0.032675038956824776,0.054578112637119425,-0.05278280791985934,True,0.1321364543902952,0.14344699738470656,-0.05278280791985934,True,-0.07827649103467393,0.14344699738470656,-0.10412924879023766,True,0.07109513519266386,0.14344699738470656,-0.15152607407183183,True,20,True,True,True,True,False,False,1,2,TARGET_BEFORE_STOP,True,True,True,False,False,1,2,TARGET_BEFORE_STOP,2022-09-28,2022-09-30,2022-10-04,2022-10-11,2022-10-25
SHOP|2022-09-28T00:00:00|Long,SHOP,2022-09-28,Long,-0.08447330139154918,-0.02188780419487546,-0.0933652381534178,True,-0.05061557981605047,-0.02188780419487546,-0.09781123914975298,True,0.054377570623595384,0.08909027231968092,-0.09781123914975298,True,-0.11114911167715502,0.08909027231968092,-0.1467167934938276,True,-0.006155961237509167,0.08909027231968092,-0.19186048749196116,True,20,True,True,True,False,True,False,4,1,STOP_BEFORE_TARGET,True,True,False,True,False,4,1,STOP_BEFORE_TARGET,2022-09-29,2022-10-03,2022-10-05,2022-10-12,2022-10-26
SHOP|2022-09-29T00:00:00|Long,SHOP,2022-09-29,Long,0.006350394971496698,0.05117664955016643,-0.014568595081363322,True,0.17781098795242523,0.1895778397014931,-0.014568595081363322,True,0.12289872812551872,0.1895778397014931,-0.014568595081363322,True,-0.019798306969837975,0.1895778397014931,-0.11729552645885089,True,0.2738138920812614,0.29249151596807743,-0.11729552645885089,True,20,True,True,True,True,False,False,1,7,TARGET_BEFORE_STOP,True,True,True,False,False,1,8,TARGET_BEFORE_STOP,2022-09-30,2022-10-04,2022-10-06,2022-10-13,2022-10-27
SHOP|2022-09-30T00:00:00|Long,SHOP,2022-09-30,Long,0.03043799846208506,0.0475129455798895,-0.01707501791767796,True,0.14439492622617767,0.18207122056645697,-0.01707501791767796,True,0.010022217708336889,0.18207122056645697,-0.01707501791767796,True,-0.03266522088604762,0.18207122056645697,-0.12286567586019548,True,0.2691164791732614,0.2910170040764444,-0.12286567586019548,True,20,True,True,True,True,False,False,1,6,TARGET_BEFORE_STOP,True,True,True,False,False,2,6,TARGET_BEFORE_STOP,2022-10-03,2022-10-05,2022-10-07,2022-10-14,2022-10-28
SHOP|2022-10-03T00:00:00|Long,SHOP,2022-10-03,Long,0.13580693179682757,0.14715414448097075,0.044668579282937326,True,0.08285299777006494,0.14715414448097075,0.044668579282937326,True,-0.047190182101635725,0.14715414448097075,-0.06304034530155656,True,0.0,0.14715414448097075,-0.14877525338844677,True,0.23306913760840064,0.3025936437057668,-0.14877525338844677,True,20,True,True,True,True,False,False,1,4,TARGET_BEFORE_STOP,True,True,True,False,False,1,5,TARGET_BEFORE_STOP,2022-10-04,2022-10-06,2022-10-10,2022-10-17,2022-10-31
SHOP|2022-10-04T00:00:00|Long,SHOP,2022-10-04,Long,-0.022201102051860655,-0.008880452919371562,-0.04471930912482702,True,-0.13701241700266065,-0.008880452919371562,-0.14335554580809484,True,-0.1858547568263631,-0.008880452919371562,-0.20869012941357168,True,-0.08880434771430612,-0.008880452919371562,-0.250555069896492,True,0.10339359841062756,0.15445609683402517,-0.250555069896492,True,20,True,True,True,False,True,False,17,1,STOP_BEFORE_TARGET,True,True,False,True,False,17,1,STOP_BEFORE_TARGET,2022-10-05,2022-10-07,2022-10-11,2022-10-18,2022-11-01
SHOP|2022-10-05T00:00:00|Long,SHOP,2022-10-05,Long,-0.02497568795553573,0.008108984775175632,-0.034057711309080196,True,-0.1420693860397546,0.008108984775175632,-0.15634121656672417,True,-0.15698995019673279,0.008108984775175632,-0.19072329469080873,True,-0.08044111412174826,0.008108984775175632,-0.23353878627171742,True,0.0869282648219023,0.18066823275889532,-0.23353878627171742,True,20,True,True,True,False,True,False,16,1,STOP_BEFORE_TARGET,True,True,False,True,False,16,1,STOP_BEFORE_TARGET,2022-10-06,2022-10-10,2022-10-12,2022-10-19,2022-11-02
SHOP|2022-10-06T00:00:00|Long,SHOP,2022-10-06,Long,-0.09481039361623222,-0.028942080749883692,-0.10146371561037981,True,-0.14604123312185202,-0.028942080749883692,-0.16999330651327849,True,-0.12707916708888278,-0.028942080749883692,-0.21390553624130615,True,-0.01097804156916038,0.025282775861087625,-0.21390553624130615,True,0.12242189879922694,0.21091158258734066,-0.21390553624130615,True,20,True,True,True,False,True,False,15,1,STOP_BEFORE_TARGET,True,True,False,True,False,15,1,STOP_BEFORE_TARGET,2022-10-07,2022-10-11,2022-10-13,2022-10-20,2022-11-03
SHOP|2022-10-07T00:00:00|Long,SHOP,2022-10-07,Long,-0.027930847008623916,0.002572642577294282,-0.044101392722045274,True,-0.04483643345841504,0.002572642577294282,-0.08305764048418762,True,-0.042263860978463574,0.0066152264326424515,-0.13156927762445148,True,0.09334807059867889,0.13267183872900623,-0.13156927762445148,True,0.18155099623745508,0.33774357775155206,-0.13156927762445148,True,20,True,True,True,False,True,False,7,1,STOP_BEFORE_TARGET,True,True,False,True,False,7,1,STOP_BEFORE_TARGET,2022-10-10,2022-10-12,2022-10-14,2022-10-21,2022-11-04
SHOP|2022-10-10T00:00:00|Long,SHOP,2022-10-10,Long,-0.02948962813409095,0.004914901966609708,-0.056710773411459914,True,-0.007939545775572654,0.004914901966609708,-0.10661631458718557,True,0.049527388588127996,0.05841209949826287,-0.10661631458718557,True,0.08695649038631426,0.16521734615629247,-0.10661631458718557,True,0.21890361998174424,0.3761814924739415,-0.10661631458718557,True,20,True,True,True,False,True,False,4,1,STOP_BEFORE_TARGET,True,True,False,True,False,5,1,STOP_BEFORE_TARGET,2022-10-11,2022-10-13,2022-10-17,2022-10-24,2022-11-07
SHOP|2022-10-11T00:00:00|Long,SHOP,2022-10-11,Long,0.01246590159225347,0.030385690858093728,-0.01616676721051491,True,0.015192808277729508,0.06700425820967948,-0.07947023410456744,True,0.11920527685421667,0.15777168776873873,-0.07947023410456744,True,0.16205686930456364,0.2006232802190857,-0.07947023410456744,True,0.27775610204812984,0.4179977178688845,-0.07947023410456744,True,20,True,True,True,True,False,False,1,2,TARGET_BEFORE_STOP,True,True,False,True,False,3,2,STOP_BEFORE_TARGET,2022-10-12,2022-10-14,2022-10-18,2022-10-25,2022-11-08
SHOP|2022-10-12T00:00:00|Long,SHOP,2022-10-12,Long,0.00961908434788894,0.02193150057114046,-0.09080417972816424,True,0.06810313479612318,0.07714509756723142,-0.09080417972816424,True,0.09080417972816424,0.1435167208574335,-0.09080417972816424,True,0.11812234405002986,0.18776456756795423,-0.09080417972816424,True,0.18891881072151562,0.40053873976286214,-0.09080417972816424,True,20,True,True,True,False,True,False,2,1,STOP_BEFORE_TARGET,True,True,False,True,False,2,1,STOP_BEFORE_TARGET,2022-10-13,2022-10-17,2022-10-19,2022-10-26,2022-11-09
SHOP|2022-10-13T00:00:00|Long,SHOP,2022-10-13,Long,-0.006859767787570803,0.04382620535675663,-0.009908545394425428,True,0.09489328478801506,0.13262193493106245,-0.009908545394425428,True,0.13300304121799322,0.174542681541757,-0.009908545394425428,True,0.2995426361113871,0.3185975143263762,-0.009908545394425428,True,0.39138714329254753,0.39481702718633294,-0.009908545394425428,True,20,True,True,False,True,False,False,1,,TARGET_BEFORE_STOP,True,False,True,False,False,2,,TARGET_BEFORE_STOP,2022-10-14,2022-10-18,2022-10-20,2022-10-27,2022-11-10
SHOP|2022-10-14T00:00:00|Long,SHOP,2022-10-14,Long,0.06523410582418365,0.07425178100329033,0.038756724849584145,True,0.08787417354018467,0.1404451236537949,0.038756724849584145,True,0.14159633958857332,0.18265542311705119,0.038756724849584145,True,0.3119723456399772,0.33461241335597847,0.038756724849584145,True,0.5134305232144314,0.5702610235201855,0.038756724849584145,True,20,True,True,False,True,False,False,1,,TARGET_BEFORE_STOP,True,False,True,False,False,1,,TARGET_BEFORE_STOP,2022-10-17,2022-10-19,2022-10-21,2022-10-28,2022-11-11
SHOP|2022-10-17T00:00:00|Long,SHOP,2022-10-17,Long,0.03494233808922287,0.07060515375765197,0.02053313004771473,True,0.07096539254725509,0.11023052740319228,0.0028818416083016274,True,0.035662815668429104,0.11023052740319228,0.0025216028186985096,True,0.23306913760840064,0.3025936437057668,0.0025216028186985096,True,0.3832853461552599,0.4740994631459503,0.0025216028186985096,True,20,True,True,False,True,False,False,1,,TARGET_BEFORE_STOP,True,False,True,False,False,1,,TARGET_BEFORE_STOP,2022-10-18,2022-10-20,2022-10-24,2022-10-31,2022-11-14
SHOP|2022-10-18T00:00:00|Long,SHOP,2022-10-18,Long,-0.013226563411807946,-0.0034806955469217637,-0.030978050951237845,True,0.0355029750788598,0.07274626473680779,-0.030978050951237845,True,0.03828751823864818,0.07274626473680779,-0.03132612714480465,True,0.21092939331175886,0.2669683990898368,-0.03132612714480465,True,0.3929690600561888,0.45248869499244293,-0.03132612714480465,True,20,True,True,True,False,True,False,2,1,STOP_BEFORE_TARGET,True,True,False,True,False,2,1,STOP_BEFORE_TARGET,2022-10-19,2022-10-21,2022-10-25,2022-11-01,2022-11-15
SHOP|2022-10-19T00:00:00|Long,SHOP,2022-10-19,Long,0.04867721841967243,0.08712519506592131,0.0010581579856514534,True,0.014109333797107215,0.08712519506592131,-0.018342167575544632,True,0.025044059080038927,0.08888890383969117,-0.018342167575544632,True,0.18201050690059883,0.2839506538303562,-0.018342167575544632,True,0.3583773475609653,0.4719576360045521,-0.018342167575544632,True,20,True,True,False,True,False,False,1,,TARGET_BEFORE_STOP,True,False,True,False,False,1,,TARGET_BEFORE_STOP,2022-10-20,2022-10-24,2022-10-26,2022-11-02,2022-11-16
SHOP|2022-10-20T00:00:00|Long,SHOP,2022-10-20,Long,0.000672736564804044,0.000672736564804044,-0.057013108675504465,True,0.00336361866833057,0.014463515364838697,-0.06390849807552179,True,0.14698953915813107,0.16380756834409427,-0.06390849807552179,True,0.13488066592579684,0.22435257606266523,-0.06390849807552179,True,0.2687521628486973,0.40363270046311417,-0.06390849807552179,True,20,True,True,True,False,True,False,4,1,STOP_BEFORE_TARGET,True,True,False,True,False,5,1,STOP_BEFORE_TARGET,2022-10-21,2022-10-25,2022-10-27,2022-11-03,2022-11-17
SHOP|2022-10-21T00:00:00|Long,SHOP,2022-10-21,Long,-0.03361344537815125,-0.012100860852153339,-0.06453781769055278,True,-0.02319329526244096,0.037647087033055415,-0.06453781769055278,True,0.14924365131794914,0.16907558922006305,-0.06453781769055278,True,0.08067232019761028,0.22352946305475307,-0.06453781769055278,True,0.22991597151555943,0.40268906024323803,-0.06453781769055278,True,20,True,True,True,False,True,False,3,1,STOP_BEFORE_TARGET,True,True,False,True,False,4,1,STOP_BEFORE_TARGET,2022-10-24,2022-10-26,2022-10-28,2022-11-04,2022-11-18
SHOP|2022-10-24T00:00:00|Long,SHOP,2022-10-24,Long,0.03756521473760199,0.049043472953464784,0.013913030209748545,True,0.1860869034476902,0.2034782077955164,-0.006956548276154884,True,0.19060867972995932,0.25773912512737773,-0.006956548276154884,True,0.12139136272927997,0.2660870095957881,-0.006956548276154884,True,0.22469562032948365,0.45147824494735045,-0.006956548276154884,True,20,True,True,False,True,False,False,1,,TARGET_BEFORE_STOP,True,False,True,False,False,2,,TARGET_BEFORE_STOP,2022-10-25,2022-10-27,2022-10-31,2022-11-07,2022-11-21
SHOP|2022-10-25T00:00:00|Long,SHOP,2022-10-25,Long,-0.025812955405063454,0.03486426142096133,-0.04290984545488663,True,0.1461615391939044,0.16594029058836934,-0.04290984545488663,True,0.16627559518964508,0.22024812668375637,-0.04290984545488663,True,0.09956417435302156,0.22024812668375637,-0.04290984545488663,True,0.18270193997753514,0.3989272426740196,-0.04290984545488663,True,20,True,True,True,,,False,1,1,AMBIGUOUS,True,True,False,True,False,2,1,STOP_BEFORE_TARGET,2022-10-26,2022-10-28,2022-11-01,2022-11-08,2022-11-22
SHOP|2022-10-26T00:00:00|Long,SHOP,2022-10-26,Long,0.17343424297324805,0.19064002443191552,0.06331728101868439,True,0.17790778290801623,0.24432210984004854,0.06331728101868439,True,0.15313141560123267,0.25258094269887477,0.06331728101868439,True,0.06331728101868439,0.25258094269887477,0.04748799358143696,True,0.26531318422277406,0.43599450478802937,0.04748799358143696,True,20,True,True,False,True,False,False,1,,TARGET_BEFORE_STOP,True,False,True,False,False,1,,TARGET_BEFORE_STOP,2022-10-27,2022-10-31,2022-11-02,2022-11-09,2022-11-23
SHOP|2022-10-27T00:00:00|Long,SHOP,2022-10-27,Long,0.0026393007805027846,0.019941358815362964,-0.044574683609442056,True,0.020234676606507795,0.06744877286441264,-0.044574683609442056,True,-0.010557091254051021,0.06744877286441264,-0.044574683609442056,True,0.07067448549128486,0.07331378627178764,-0.10733132269319878,True,0.07888570562393804,0.2237537070245248,-0.10733132269319878,True,20,True,True,True,False,True,False,2,1,STOP_BEFORE_TARGET,True,True,False,True,False,2,1,STOP_BEFORE_TARGET,2022-10-28,2022-11-01,2022-11-03,2022-11-10,2022-11-25
SHOP|2022-10-28T00:00:00|Long,SHOP,2022-10-28,Long,0.0011699595534964136,0.05761922491462679,-0.008481927829138147,True,-0.019888866115501114,0.0646388706621206,-0.020035027379575077,True,-0.05966648677301922,0.0646388706621206,-0.08365015553901545,True,0.15355367683164323,0.1968705199759493,-0.10968114195014611,True,0.11231355094551265,0.22053235502727242,-0.10968114195014611,True,20,True,True,True,True,False,False,1,3,TARGET_BEFORE_STOP,True,True,True,False,False,1,4,TARGET_BEFORE_STOP,2022-10-31,2022-11-02,2022-11-04,2022-11-11,2022-11-28
SHOP|2022-10-31T00:00:00|Long,SHOP,2022-10-31,Long,0.016359958538709085,0.06339474182478488,0.014314977651757932,True,-0.01431486620865785,0.06339474182478488,-0.04089972918212248,True,-0.05813607626006767,0.06339474182478488,-0.08472099495508234,True,0.12182302189333138,0.1954718662450996,-0.11072156175468939,True,0.08530534685048985,0.219106050257049,-0.11072156175468939,True,20,True,True,True,True,False,False,1,2,TARGET_BEFORE_STOP,True,True,True,False,False,1,3,TARGET_BEFORE_STOP,2022-11-01,2022-11-03,2022-11-07,2022-11-14,2022-11-29
SHOP|2022-11-01T00:00:00|Long,SHOP,2022-11-01,Long,-0.036792255254665895,0.03650475493942418,-0.03693589576304357,True,-0.07588385513580609,0.03650475493942418,-0.09945389194505694,True,-0.05720039166709612,0.03650475493942418,-0.09945389194505694,True,0.15033053764313342,0.19948256522211105,-0.12503593753940523,True,0.17505030159024293,0.19948256522211105,-0.12503593753940523,True,20,True,True,True,,,False,1,1,AMBIGUOUS,True,True,False,True,False,7,1,STOP_BEFORE_TARGET,2022-11-02,2022-11-04,2022-11-08,2022-11-15,2022-11-30
SHOP|2022-11-02T00:00:00|Long,SHOP,2022-11-02,Long,0.006863723320027715,0.04911966549964175,-0.020292346300762265,True,-0.03789903630792835,0.04911966549964175,-0.06505516284751056,True,-0.0778871630478647,0.04911966549964175,-0.09161438201275096,True,0.1492091987598534,0.24529995918922598,-0.09161438201275096,True,0.295135890770561,0.3052821208397343,-0.09161438201275096,True,20,True,True,True,,,False,1,1,AMBIGUOUS,True,True,False,True,False,6,2,STOP_BEFORE_TARGET,2022-11-03,2022-11-07,2022-11-09,2022-11-16,2022-12-01
SHOP|2022-11-03T00:00:00|Long,SHOP,2022-11-03,Long,-0.04712507627415574,0.03734434673538689,-0.07142861988352622,True,-0.027860177671720998,0.03734434673538689,-0.07142861988352622,True,0.08209829594745521,0.08476575736152303,-0.097806786610662,True,0.11796085786137955,0.2368108318402613,-0.097806786610662,True,0.2762299712857552,0.335506791099206,-0.097806786610662,True,20,True,True,True,,,False,1,1,AMBIGUOUS,True,True,False,True,False,5,1,STOP_BEFORE_TARGET,2022-11-04,2022-11-08,2022-11-10,2022-11-17,2022-12-02
SHOP|2022-11-04T00:00:00|Long,SHOP,2022-11-04,Long,0.0027993825292806918,0.024261236151700283,-0.02146197227551727,True,-0.03888030631483652,0.03421456988845417,-0.053188208729783026,True,0.22674951025933998,0.27281491421974313,-0.053188208729783026,True,0.1381025945872829,0.2979781512186266,-0.053188208729783026,True,0.26874024819854925,0.40155518614891195,-0.053188208729783026,True,20,True,True,True,False,True,False,2,1,STOP_BEFORE_TARGET,True,True,False,True,False,4,3,STOP_BEFORE_TARGET,2022-11-07,2022-11-09,2022-11-11,2022-11-18,2022-12-05
SHOP|2022-11-07T00:00:00|Long,SHOP,2022-11-07,Long,0.0173696504168539,0.03132748973173238,-0.017990130299592177,True,0.132444057715988,0.13523562557896374,-0.05583129809857934,True,0.19106698283847767,0.2692617650096911,-0.05583129809857934,True,0.09212150283445952,0.29435475712484016,-0.05583129809857934,True,0.20874687319670082,0.39764264973307184,-0.05583129809857934,True,20,True,True,True,True,False,False,1,2,TARGET_BEFORE_STOP,True,True,False,True,False,3,2,STOP_BEFORE_TARGET,2022-11-08,2022-11-10,2022-11-14,2022-11-21,2022-12-06
SHOP|2022-11-08T00:00:00|Long,SHOP,2022-11-08,Long,-0.057926818985516104,-0.012499995638684425,-0.07195118164321113,True,0.20243901049076674,0.24759153616350527,-0.07195118164321113,True,0.22012199355618534,0.27225611319788756,-0.07195118164321113,True,0.07560974390006048,0.27225611319788756,-0.07195118164321113,True,0.17347568822432002,0.37378056162812223,-0.07195118164321113,True,20,True,True,True,False,True,False,2,1,STOP_BEFORE_TARGET,True,True,False,True,False,2,1,STOP_BEFORE_TARGET,2022-11-09,2022-11-11,2022-11-15,2022-11-22,2022-12-07
SHOP|2022-11-09T00:00:00|Long,SHOP,2022-11-09,Long,0.18155335832556752,0.18446598465886765,0.08252430989934312,True,0.24271851132486733,0.32430426988699557,0.08252430989934312,True,0.24627827821846715,0.3504854387509915,0.08252430989934312,True,0.18996766704531765,0.3504854387509915,0.08252430989934312,True,0.2504854325783421,0.45825248963010345,0.08252430989934312,True,20,True,True,False,True,False,False,1,,TARGET_BEFORE_STOP,True,False,True,False,False,1,,TARGET_BEFORE_STOP,2022-11-10,2022-11-14,2022-11-16,2022-11-23,2022-12-08
SHOP|2022-11-10T00:00:00|Long,SHOP,2022-11-10,Long,0.08025199780542569,0.1208163055485929,-0.010408032618118512,True,0.09613810730197447,0.14297456753440674,-0.010408032618118512,True,0.033141685970888624,0.14297456753440674,-0.010408032618118512,True,0.007669203146169368,0.14297456753440674,-0.0583401082262367,True,0.05121892173517639,0.23418251012942704,-0.0583401082262367,True,20,True,True,True,True,False,False,1,7,TARGET_BEFORE_STOP,True,True,True,False,False,1,7,TARGET_BEFORE_STOP,2022-11-11,2022-11-15,2022-11-17,2022-11-25,2022-12-09
SHOP|2022-11-11T00:00:00|Long,SHOP,2022-11-11,Long,-0.026369095766798134,-0.0032960765198895015,-0.038539566701057626,True,-0.02358013026263084,0.058062905559447486,-0.040060803026687686,True,-0.0722616271135228,0.058062905559447486,-0.08519261948906076,True,-0.035750504475353884,0.058062905559447486,-0.12829608861008157,True,-0.02687620678252034,0.14249500360722966,-0.12829608861008157,True,20,True,True,True,False,True,False,2,1,STOP_BEFORE_TARGET,True,True,False,True,False,2,1,STOP_BEFORE_TARGET,2022-11-14,2022-11-16,2022-11-18,2022-11-28,2022-12-12
SHOP|2022-11-14T00:00:00|Long,SHOP,2022-11-14,Long,0.04218747050811955,0.08671869489674977,0.04062493480742235,True,-0.01770834057695303,0.08671869489674977,-0.040625034148493055,True,-0.0830729769439309,0.08671869489674977,-0.09739587317324183,True,-0.032552082039829844,0.08671869489674977,-0.10468750776102109,True,0.009895761414537407,0.17343748913457047,-0.10468750776102109,True,20,True,True,True,True,False,False,1,3,TARGET_BEFORE_STOP,True,True,True,False,False,1,3,TARGET_BEFORE_STOP,2022-11-15,2022-11-17,2022-11-21,2022-11-29,2022-12-13
SHOP|2022-11-15T00:00:00|Long,SHOP,2022-11-15,Long,-0.03773118738027237,-0.005997043371353539,-0.0539730090630991,True,-0.08570715307201804,-0.005997043371353539,-0.09845073917145963,True,-0.11844082019612423,-0.005997043371353539,-0.14092951836921597,True,0.021489270377675007,0.021989031935268688,-0.14092951836921597,True,-0.044477730108360425,0.12593705292048818,-0.14092951836921597,True,20,True,True,True,False,True,False,11,1,STOP_BEFORE_TARGET,True,True,False,True,False,11,1,STOP_BEFORE_TARGET,2022-11-16,2022-11-18,2022-11-22,2022-11-30,2022-12-14
SHOP|2022-11-16T00:00:00|Long,SHOP,2022-11-16,Long,-0.020514077778817863,-0.0062320922936871526,-0.043365313989419674,True,-0.0856920119681055,-0.0036354036808710077,-0.09997399745323632,True,-0.04518301582985518,-0.0036354036808710077,-0.10724480481497822,True,0.12698009393605747,0.13580897389988178,-0.10724480481497822,True,-0.05505061086173435,0.17008577868712393,-0.10724480481497822,True,20,True,True,True,False,True,False,7,1,STOP_BEFORE_TARGET,True,True,False,True,False,9,1,STOP_BEFORE_TARGET,2022-11-17,2022-11-21,2022-11-23,2022-12-01,2022-12-15
SHOP|2022-11-17T00:00:00|Long,SHOP,2022-11-17,Long,-0.029957609531969465,0.017232176302923286,-0.04347824328140004,True,-0.06468723124184372,0.017232176302923286,-0.08854719099941832,True,-0.024655362541858517,0.017232176302923286,-0.08854719099941832,True,0.14156945863662806,0.19459172627383792,-0.08854719099941832,True,-0.04321317644127187,0.19459172627383792,-0.08854719099941832,True,20,True,True,True,False,True,False,6,1,STOP_BEFORE_TARGET,True,True,False,True,False,6,1,STOP_BEFORE_TARGET,2022-11-18,2022-11-22,2022-11-25,2022-12-02,2022-12-16
SHOP|2022-11-18T00:00:00|Long,SHOP,2022-11-18,Long,-0.037715251772624914,-0.013637620859127342,-0.05274666021118557,True,0.00491938519882873,0.012298462997071713,-0.06039899085150324,True,0.0393549773354438,0.0972943798427186,-0.06039899085150324,True,0.11478548088069362,0.23148404442146653,-0.06039899085150324,True,-0.029789564035046845,0.23148404442146653,-0.06039899085150324,True,20,True,True,True,False,True,False,5,1,STOP_BEFORE_TARGET,True,True,False,True,False,5,1,STOP_BEFORE_TARGET,2022-11-21,2022-11-23,2022-11-28,2022-12-05,2022-12-19
SHOP|2022-11-21T00:00:00|Long,SHOP,2022-11-21,Long,0.0019880629549657858,0.004828230277277967,-0.02357279289801073,True,0.04487366862078268,0.05197392441460491,-0.02357279289801073,True,0.05509805429849557,0.14030112382436144,-0.02357279289801073,True,0.1067879078102163,0.2797501432813765,-0.02357279289801073,True,0.022152871748812863,0.2797501432813765,-0.02357279289801073,True,20,True,True,True,False,True,False,2,1,STOP_BEFORE_TARGET,True,False,True,False,False,2,,TARGET_BEFORE_STOP,2022-11-22,2022-11-25,2022-11-29,2022-12-06,2022-12-20
SHOP|2022-11-22T00:00:00|Long,SHOP,2022-11-22,Long,0.04223360912759344,0.049886683592043735,-0.0036847295327644414,True,0.07794784850201775,0.13803863137999484,-0.0036847295327644414,True,0.15873022909809653,0.15929713551690883,-0.0036847295327644414,True,0.09098647988201258,0.27721096747127083,-0.0036847295327644414,True,0.025793647361068484,0.27721096747127083,-0.014172336091275883,True,20,True,True,False,True,False,False,1,,TARGET_BEFORE_STOP,True,False,True,False,False,3,,TARGET_BEFORE_STOP,2022-11-23,2022-11-28,2022-11-30,2022-12-07,2022-12-21
SHOP|2022-11-23T00:00:00|Long,SHOP,2022-11-23,Long,0.0005439341178863355,0.006527001924985232,-0.019853128451136404,True,0.010334540750189136,0.09192279102628009,-0.019853128451136404,True,0.18031006215871193,0.1895567346731286,-0.019853128451136404,True,0.05085664695687897,0.2254555564950227,-0.019853128451136404,True,-0.05683981850880304,0.2254555564950227,-0.09192279102628009,True,20,True,True,True,True,False,False,2,16,TARGET_BEFORE_STOP,True,True,True,False,False,2,16,TARGET_BEFORE_STOP,2022-11-25,2022-11-29,2022-12-01,2022-12-08,2022-12-22
SHOP|2022-11-25T00:00:00|Long,SHOP,2022-11-25,Long,0.033704752185700126,0.09132917985151412,0.020304371151474543,True,0.11117151537937842,0.11171515379378327,-0.0016309152432146812,True,0.17042675459998136,0.224789351779366,-0.0016309152432146812,True,0.04321826890514768,0.224789351779366,-0.006251686233018194,True,-0.08371844942669637,0.224789351779366,-0.10016312263084914,True,20,True,True,True,True,False,False,1,14,TARGET_BEFORE_STOP,True,True,True,False,False,1,15,TARGET_BEFORE_STOP,2022-11-28,2022-11-30,2022-12-02,2022-12-09,2022-12-23
SHOP|2022-11-28T00:00:00|Long,SHOP,2022-11-28,Long,-0.023139555131856282,0.05074941801540245,-0.034183520346791396,True,0.14120438913885547,0.1501447037194854,-0.034183520346791396,True,0.07257434196219292,0.18485413672485307,-0.034183520346791396,True,0.00920332106370969,0.18485413672485307,-0.0386536274833148,True,-0.12200892817736309,0.18485413672485307,-0.1493557845778295,True,20,True,True,True,,,False,1,1,AMBIGUOUS,True,True,,,False,1,1,AMBIGUOUS,2022-11-29,2022-12-01,2022-12-05,2022-12-12,2022-12-27
SHOP|2022-11-29T00:00:00|Long,SHOP,2022-11-29,Long,0.10040375206009045,0.10094212236808997,-0.001615110923998686,True,0.1590847807447644,0.2129205793410791,-0.001615110923998686,True,0.04899056850795547,0.2129205793410791,-0.001615110923998686,True,0.04387610192377789,0.2129205793410791,-0.0158815646932583,True,-0.12139978333752621,0.2129205793410791,-0.1292059987780647,True,20,True,True,True,True,False,False,1,12,TARGET_BEFORE_STOP,True,True,True,False,False,1,13,TARGET_BEFORE_STOP,2022-11-30,2022-12-02,2022-12-06,2022-12-13,2022-12-28
SHOP|2022-11-30T00:00:00|Long,SHOP,2022-11-30,Long,0.06164384520354549,0.06996087415913133,0.010273927543335892,True,-0.0022015692327876923,0.10225049403034414,-0.011497094139503505,True,-0.05846378001962782,0.10225049403034414,-0.07729940716358696,True,-0.06457923974242585,0.10225049403034414,-0.10567513654478955,True,-0.14138949224495767,0.10225049403034414,-0.20865954919573626,True,20,True,True,True,True,False,False,1,4,TARGET_BEFORE_STOP,True,True,True,False,False,1,4,TARGET_BEFORE_STOP,2022-12-01,2022-12-05,2022-12-07,2022-12-14,2022-12-29
SHOP|2022-12-01T00:00:00|Long,SHOP,2022-12-01,Long,-0.007834104622903126,0.038248843065645355,-0.032027722476388854,True,-0.10207373616183457,0.038248843065645355,-0.11129036085804311,True,-0.10967746472064377,0.038248843065645355,-0.15760368461068552,True,-0.16152078087026078,0.038248843065645355,-0.1693548854931639,True,-0.20023046396034117,0.038248843065645355,-0.2546083562962279,True,20,True,True,True,,,False,1,1,AMBIGUOUS,False,True,False,True,False,,1,STOP_BEFORE_TARGET,2022-12-02,2022-12-06,2022-12-08,2022-12-15,2022-12-30
SHOP|2022-12-02T00:00:00|Long,SHOP,2022-12-02,Long,-0.05271714782553849,0.014862967237279534,-0.061542067844025494,True,-0.10613096955586421,0.014862967237279534,-0.1240130046976764,True,-0.10868555866044771,0.014862967237279534,-0.15095215496281378,True,-0.16186718528593524,0.014862967237279534,-0.1720854531139968,True,-0.17138877920920959,0.014862967237279534,-0.2487227718904128,True,20,True,False,True,False,True,False,,1,STOP_BEFORE_TARGET,False,True,False,True,False,,1,STOP_BEFORE_TARGET,2022-12-05,2022-12-07,2022-12-09,2022-12-16,2023-01-03
SHOP|2022-12-05T00:00:00|Long,SHOP,2022-12-05,Long,-0.04461877062943154,0.001470888875879206,-0.05442513289716666,True,-0.052709033528373195,0.001470888875879206,-0.1037018741675515,True,-0.05908310353811996,0.001470888875879206,-0.1037018741675515,True,-0.1296886687127684,0.04682519746365199,-0.1365040614975197,True,-0.07967638948404232,0.04682519746365199,-0.20691351439007766,True,20,True,True,True,False,True,False,6,1,STOP_BEFORE_TARGET,False,True,False,True,False,,1,STOP_BEFORE_TARGET,2022-12-06,2022-12-08,2022-12-12,2022-12-19,2023-01-04
SHOP|2022-12-06T00:00:00|Long,SHOP,2022-12-06,Long,-0.0123171549191875,0.0005132270243051185,-0.032075954858731937,True,-0.015139854608843262,0.03554011491273479,-0.06184243705211323,True,-0.004875607786876568,0.09571463755189047,-0.06184243705211323,True,-0.07646906463665137,0.09571463755189047,-0.10751866333481863,True,-0.07749551868526172,0.09571463755189047,-0.1698743274112371,True,20,True,True,True,False,True,False,3,1,STOP_BEFORE_TARGET,True,True,False,True,False,5,1,STOP_BEFORE_TARGET,2022-12-07,2022-12-09,2022-12-13,2022-12-20,2023-01-05
SHOP|2022-12-07T00:00:00|Long,SHOP,2022-12-07,Long,0.0038970564988454193,0.01714730627775851,-0.05014290000032706,True,-0.0028579008977570597,0.04845408631958836,-0.05014290000032706,True,-0.006495193273526434,0.1093790309400775,-0.05014290000032706,True,-0.05975585740347078,0.1093790309400775,-0.0963887435018087,True,-0.04260855112571227,0.1093790309400775,-0.15952203004918863,True,20,True,True,True,False,True,False,2,1,STOP_BEFORE_TARGET,True,True,False,True,False,4,1,STOP_BEFORE_TARGET,2022-12-08,2022-12-12,2022-12-14,2022-12-21,2023-01-06
SHOP|2022-12-08T00:00:00|Long,SHOP,2022-12-08,Long,-0.0067287351356132286,0.044384062621060316,-0.008152138501155703,True,0.0036231726671802633,0.10507250096848297,-0.0297618459975888,True,-0.058229814584385586,0.10507250096848297,-0.06702899051498812,True,-0.10248444997474637,0.10507250096848297,-0.13586956736356637,True,-0.03752590025474756,0.10507250096848297,-0.16278470535412115,True,20,True,True,True,True,False,False,1,2,TARGET_BEFORE_STOP,True,True,True,False,False,3,5,TARGET_BEFORE_STOP,2022-12-09,2022-12-13,2022-12-15,2022-12-22,2023-01-09
SHOP|2022-12-09T00:00:00|Long,SHOP,2022-12-09,Long,0.0,0.007816551034694363,-0.023189144473156786,True,-0.0036477171900014538,0.11255861319954796,-0.023189144473156786,True,-0.05966651515884913,0.11255861319954796,-0.07113078338354495,True,-0.1216780055673905,0.11255861319954796,-0.13744141164866186,True,-0.048983872219771074,0.11255861319954796,-0.15711314294369982,True,20,True,True,True,False,True,False,2,1,STOP_BEFORE_TARGET,True,True,True,False,False,2,4,TARGET_BEFORE_STOP,2022-12-12,2022-12-14,2022-12-16,2022-12-23,2023-01-10
SHOP|2022-12-12T00:00:00|Long,SHOP,2022-12-12,Long,0.010422034915312794,0.11255861319954796,0.004846295435075643,True,-0.05184996412415477,0.11255861319954796,-0.060708748468232154,True,-0.07503910859731155,0.11255861319954796,-0.08228246112969706,True,-0.13001567325677632,0.11255861319954796,-0.15711314294369982,True,-0.05054722218384555,0.11255861319954796,-0.15711314294369982,True,20,True,True,True,True,False,False,1,3,TARGET_BEFORE_STOP,True,True,True,False,False,1,3,TARGET_BEFORE_STOP,2022-12-13,2022-12-15,2022-12-19,2022-12-27,2023-01-11
SHOP|2022-12-13T00:00:00|Long,SHOP,2022-12-13,Long,-0.01392462913429382,0.017276998574849545,-0.02800408894638806,True,-0.06936561916925765,0.017276998574849545,-0.08071163878140586,True,-0.07194422869140338,0.017276998574849545,-0.10314595476819466,True,-0.15832902483035516,0.017276998574849545,-0.16580713015928472,True,-0.052088718962056024,0.017276998574849545,-0.16580713015928472,True,20,True,False,True,False,True,False,,1,STOP_BEFORE_TARGET,False,True,False,True,False,,2,STOP_BEFORE_TARGET,2022-12-14,2022-12-16,2022-12-20,2022-12-28,2023-01-12
SHOP|2022-12-14T00:00:00|Long,SHOP,2022-12-14,Long,-0.04837871881841749,-0.011506339489885997,-0.057269935807546135,True,-0.07165276041318036,-0.011506339489885997,-0.07892263137885636,True,-0.05360886406320908,-0.011506339489885997,-0.09048124339174057,True,-0.08211305090276344,-0.011506339489885997,-0.1540272736876579,True,0.01699784734966836,0.02170496809430844,-0.1540272736876579,True,20,True,False,True,False,True,False,,1,STOP_BEFORE_TARGET,False,True,False,True,False,,1,STOP_BEFORE_TARGET,2022-12-15,2022-12-19,2022-12-21,2022-12-29,2023-01-13
SHOP|2022-12-15T00:00:00|Long,SHOP,2022-12-15,Long,-0.008244002255902383,0.019785689276706542,-0.02033519857601407,True,-0.010991968065144464,0.019785689276706542,-0.044242941394759816,True,-0.0469909072040019,0.019785689276706542,-0.08244023221537577,True,-0.04616653842686458,0.019785689276706542,-0.11101953787546837,True,0.09865348207752667,0.10744709846091283,-0.11101953787546837,True,20,True,True,True,False,True,False,12,1,STOP_BEFORE_TARGET,True,True,False,True,False,15,2,STOP_BEFORE_TARGET,2022-12-16,2022-12-20,2022-12-22,2022-12-30,2023-01-17
SHOP|2022-12-16T00:00:00|Long,SHOP,2022-12-16,Long,-0.01634802300064786,0.005818760974917847,-0.024050984395890485,True,0.0027708083596094113,0.027985544950483554,-0.03629818142843866,True,-0.06594627481442594,0.027985544950483554,-0.08270990849905879,True,-0.011360483393700105,0.027985544950483554,-0.1036298604226693,True,0.08534214473081869,0.13687998353623598,-0.1036298604226693,True,20,True,True,True,False,True,False,11,1,STOP_BEFORE_TARGET,True,True,False,True,False,14,2,STOP_BEFORE_TARGET,2022-12-19,2022-12-21,2022-12-23,2023-01-03,2023-01-18
SHOP|2022-12-19T00:00:00|Long,SHOP,2022-12-19,Long,0.013802864182163255,0.04507037955270676,-0.02028172452684862,True,-0.023098582952794877,0.04507037955270676,-0.059436636911311624,True,-0.059436636911311624,0.04507037955270676,-0.08873243734870162,True,0.057464814521897,0.06394367486658226,-0.08873243734870162,True,0.072112714740592,0.1557746135013205,-0.08873243734870162,True,20,True,True,True,,,False,1,1,AMBIGUOUS,True,True,False,True,False,10,3,STOP_BEFORE_TARGET,2022-12-20,2022-12-22,2022-12-27,2023-01-04,2023-01-19
SHOP|2022-12-20T00:00:00|Long,SHOP,2022-12-20,Long,0.005557014140453509,0.026396135146906197,-0.019449867471339144,True,-0.06335099993502613,0.026396135146906197,-0.0801612114943745,True,-0.09308147075810502,0.026396135146906197,-0.10113928965231356,True,-0.0011114452253909723,0.04945814660414061,-0.10113928965231356,True,0.12475681173574227,0.14003881260849083,-0.10113928965231356,True,20,True,True,True,False,True,False,9,2,STOP_BEFORE_TARGET,True,True,False,True,False,12,2,STOP_BEFORE_TARGET,2022-12-21,2022-12-23,2022-12-28,2023-01-05,2023-01-20
SHOP|2022-12-21T00:00:00|Long,SHOP,2022-12-21,Long,-0.04172418841759207,-0.016302850925019374,-0.07736942092598165,True,-0.07736942092598165,-0.016302850925019374,-0.10610666754084619,True,-0.03011882271206956,-0.016302850925019374,-0.10610666754084619,True,0.018237078542606477,0.04365852144267879,-0.10610666754084619,True,0.21691082030118936,0.21884504791877646,-0.10610666754084619,True,20,True,True,True,False,True,False,8,1,STOP_BEFORE_TARGET,True,True,False,True,False,11,1,STOP_BEFORE_TARGET,2022-12-22,2022-12-27,2022-12-29,2023-01-06,2023-01-23
SHOP|2022-12-22T00:00:00|Long,SHOP,2022-12-22,Long,-0.027970046486947675,-0.0037485890130120048,-0.0454152465132589,True,-0.058823555293420426,-0.0037485890130120048,-0.06718575001589455,True,0.000865016696450116,0.02018456622778575,-0.06718575001589455,True,0.0723759601916325,0.10986163032767893,-0.06718575001589455,True,0.23096880770032047,0.3119953748446016,-0.06718575001589455,True,20,True,True,True,False,True,False,6,1,STOP_BEFORE_TARGET,True,True,False,True,False,6,1,STOP_BEFORE_TARGET,2022-12-23,2022-12-28,2022-12-30,2023-01-09,2023-01-24
SHOP|2022-12-23T00:00:00|Long,SHOP,2022-12-23,Long,-0.009492723331802622,-0.0022248817851199254,-0.04034413074125531,True,0.041234038190427924,0.04954025597739653,-0.04034413074125531,True,0.058439669955687945,0.08217147828519455,-0.04034413074125531,True,0.08276478763870565,0.1417977669479049,-0.04034413074125531,True,0.40403450360387616,0.4319193642457728,-0.04034413074125531,True,20,True,True,True,False,True,False,3,1,STOP_BEFORE_TARGET,True,True,False,True,False,5,1,STOP_BEFORE_TARGET,2022-12-27,2022-12-29,2023-01-03,2023-01-10,2023-01-25
SHOP|2022-12-27T00:00:00|Long,SHOP,2022-12-27,Long,-0.022461815325235168,0.009284258129909517,-0.029799309675735852,True,0.03953278583267794,0.05959873359817247,-0.029799309675735852,True,0.12428875716498178,0.1311770334884499,-0.029799309675735852,True,0.09134469280661639,0.15274041275961991,-0.029799309675735852,True,0.44743943439657397,0.46990124972180936,-0.029799309675735852,True,20,True,True,True,False,True,False,2,1,STOP_BEFORE_TARGET,True,False,True,False,False,2,,TARGET_BEFORE_STOP,2022-12-28,2022-12-30,2023-01-04,2023-01-11,2023-01-26
SHOP|2022-12-28T00:00:00|Long,SHOP,2022-12-28,Long,0.07536762041891554,0.08394613142473806,0.008884832136955012,True,0.09313728469282578,0.11764706569834438,0.008884832136955012,True,0.10140935769566095,0.15716915331016157,0.008884832136955012,True,0.12622545983231226,0.17922801465105564,0.008884832136955012,True,0.5343138102795808,0.537071051075338,0.008884832136955012,True,20,True,True,False,True,False,False,1,,TARGET_BEFORE_STOP,True,False,True,False,False,1,,TARGET_BEFORE_STOP,2022-12-29,2023-01-03,2023-01-05,2023-01-12,2023-01-27
SHOP|2022-12-29T00:00:00|Long,SHOP,2022-12-29,Long,-0.011111094205202954,0.0013105822315089277,-0.027065441297457915,True,0.06951574209341471,0.07606843588928203,-0.027065441297457915,True,0.049857552024973995,0.07606843588928203,-0.027065441297457915,True,0.10797723875463072,0.11310545280023798,-0.027065441297457915,True,0.34444446376548243,0.4293447393148804,-0.027065441297457915,True,20,True,True,True,False,True,False,2,1,STOP_BEFORE_TARGET,True,False,True,False,False,3,,TARGET_BEFORE_STOP,2022-12-30,2023-01-04,2023-01-06,2023-01-13,2023-01-30
SHOP|2022-12-30T00:00:00|Long,SHOP,2022-12-30,Long,0.02794587284034389,0.05099396440363124,-0.0017285381785154819,True,0.035724624349572576,0.08815907386929012,-0.0017285381785154819,True,0.07144913879717563,0.10890241122723343,-0.0017285381785154819,True,0.15182946115723706,0.16104869778255182,-0.0017285381785154819,True,0.41947570605970896,0.44540476785516847,-0.0017285381785154819,True,20,True,True,False,True,False,False,1,,TARGET_BEFORE_STOP,True,False,True,False,False,1,,TARGET_BEFORE_STOP,2023-01-03,2023-01-05,2023-01-09,2023-01-17,2023-01-31
SHOP|2023-01-03T00:00:00|Long,SHOP,2023-01-03,Long,0.052130061503439684,0.0585762369594125,0.0008407729551651588,True,0.03279142822136105,0.0585762369594125,-0.019899077309415314,True,0.022982054030567634,0.07875564319665651,-0.019899077309415314,True,0.09781384063674659,0.14994390214018627,-0.019899077309415314,True,0.40863222790506626,0.4248878844659927,-0.019899077309415314,True,20,True,True,False,True,False,False,1,,TARGET_BEFORE_STOP,True,False,True,False,False,1,,TARGET_BEFORE_STOP,2023-01-04,2023-01-06,2023-01-10,2023-01-18,2023-02-01
SHOP|2023-01-04T00:00:00|Long,SHOP,2023-01-04,Long,-0.04235482455543127,-0.019978688910734288,-0.058071397229883526,True,-0.009323449128462613,0.025306359610303364,-0.0684602992047667,True,-0.0293021380391969,0.025306359610303364,-0.0684602992047667,True,0.01385190317213314,0.09296744215917152,-0.0684602992047667,True,0.4286094768296269,0.4515183897059676,-0.0684602992047667,True,20,True,True,True,False,True,False,7,1,STOP_BEFORE_TARGET,True,True,False,True,False,8,1,STOP_BEFORE_TARGET,2023-01-05,2023-01-09,2023-01-11,2023-01-19,2023-02-02
SHOP|2023-01-05T00:00:00|Long,SHOP,2023-01-05,Long,0.025034706316597433,0.0361613131980989,-0.02726007013737264,True,0.015299004878674083,0.07065370964180362,-0.02726007013737264,True,0.022531225073818995,0.07065370964180362,-0.02726007013737264,True,0.12600830829374599,0.14130731317242007,-0.02726007013737264,True,0.47232264761843523,0.5205841378418279,-0.02726007013737264,True,20,True,True,True,,,False,1,1,AMBIGUOUS,True,False,True,False,False,2,,TARGET_BEFORE_STOP,2023-01-06,2023-01-10,2023-01-12,2023-01-20,2023-02-03
SHOP|2023-01-06T00:00:00|Long,SHOP,2023-01-06,Long,0.00922659882405874,0.044504837781674356,0.008412520654749178,True,-0.011126183565517422,0.044504837781674356,-0.029036627927560343,True,0.05535959294435222,0.060244268999418926,-0.03392130398262694,True,0.1951154067606169,0.19701499150207558,-0.03392130398262694,True,0.3994573088256881,0.48344649061294587,-0.03392130398262694,True,20,True,True,True,True,False,False,1,2,TARGET_BEFORE_STOP,True,True,False,True,False,5,4,STOP_BEFORE_TARGET,2023-01-09,2023-01-11,2023-01-13,2023-01-23,2023-02-06
SHOP|2023-01-09T00:00:00|Long,SHOP,2023-01-09,Long,-0.018553338321810053,0.00564675737898801,-0.030922230536350126,True,-0.011562256548914296,0.00564675737898801,-0.04275343402260812,True,0.07502019409927141,0.08362464977662132,-0.04275343402260812,True,0.14788922299260387,0.22344720839336008,-0.04275343402260812,True,0.38074752272893964,0.46988445641587684,-0.04275343402260812,True,20,True,True,True,False,True,False,4,1,STOP_BEFORE_TARGET,True,True,False,True,False,4,1,STOP_BEFORE_TARGET,2023-01-10,2023-01-12,2023-01-17,2023-01-24,2023-02-07
SHOP|2023-01-10T00:00:00|Long,SHOP,2023-01-10,Long,-0.0016438732408496914,0.02328762942797513,-0.01972606084118156,True,0.06547943533283385,0.07041095054312918,-0.024657576051476893,True,0.073150634765625,0.12410955559717474,-0.024657576051476893,True,0.29671237893300506,0.3224657659661281,-0.024657576051476893,True,0.3643835407413849,0.49767125795965317,-0.024657576051476893,True,20,True,True,True,False,True,False,3,2,STOP_BEFORE_TARGET,True,False,True,False,False,3,,TARGET_BEFORE_STOP,2023-01-11,2023-01-13,2023-01-18,2023-01-25,2023-02-08
SHOP|2023-01-11T00:00:00|Long,SHOP,2023-01-11,Long,0.008781550682871675,0.026344756732956665,-0.023051596713623557,True,0.09714602219915203,0.1059275728820237,-0.023051596713623557,True,0.0444567181019222,0.12596049192009606,-0.023051596713623557,True,0.32628989166950273,0.3468716707107973,-0.023051596713623557,True,0.3622393320636519,0.5001372935140618,-0.023051596713623557,True,20,True,True,True,False,True,False,2,1,STOP_BEFORE_TARGET,True,False,True,False,False,2,,TARGET_BEFORE_STOP,2023-01-12,2023-01-17,2023-01-19,2023-01-26,2023-02-09
SHOP|2023-01-12T00:00:00|Long,SHOP,2023-01-12,Long,0.0579434484595045,0.06284008375315597,-0.02965180093464237,True,0.06556039057271623,0.11615888609174396,-0.02965180093464237,True,0.10119699103805524,0.11615888609174396,-0.02965180093464237,True,0.36235049286492815,0.3647987067387004,-0.02965180093464237,True,0.31392822204693793,0.487078438834035,-0.02965180093464237,True,20,True,True,True,,,False,1,1,AMBIGUOUS,True,False,True,False,False,1,,TARGET_BEFORE_STOP,2023-01-13,2023-01-18,2023-01-20,2023-01-27,2023-02-10
SHOP|2023-01-13T00:00:00|Long,SHOP,2023-01-13,Long,0.02802777499857778,0.036256103613810264,-0.021599387137338888,True,-0.02134219669281734,0.05502698439789766,-0.02519926864532629,True,0.13242482917728493,0.13422476993127863,-0.02519926864532629,True,0.213422457375245,0.29004882891048167,-0.02519926864532629,True,0.25224997498719937,0.4056313132799334,-0.02519926864532629,True,20,True,True,True,,,False,1,1,AMBIGUOUS,True,False,True,False,False,2,,TARGET_BEFORE_STOP,2023-01-17,2023-01-19,2023-01-23,2023-01-30,2023-02-13
SHOP|2023-01-17T00:00:00|Long,SHOP,2023-01-17,Long,-0.020260164646457857,0.02626311278346294,-0.022136026304809153,True,0.012506253269757517,0.02626311278346294,-0.0517758809035852,True,0.06778386982245244,0.1380690475479407,-0.0517758809035852,True,0.23236620865172974,0.2548774072882092,-0.0517758809035852,True,0.25337671796152805,0.3673086928822309,-0.0517758809035852,True,20,True,True,True,False,True,False,4,1,STOP_BEFORE_TARGET,True,True,False,True,False,4,2,STOP_BEFORE_TARGET,2023-01-18,2023-01-20,2023-01-24,2023-01-31,2023-02-14
SHOP|2023-01-18T00:00:00|Long,SHOP,2023-01-18,Long,-0.028337933304636298,0.007659000913501801,-0.03216743376138709,True,0.1243299202000745,0.12611699444302693,-0.03216743376138709,True,0.2083227991718104,0.23232072285448835,-0.03216743376138709,True,0.28312485756969585,0.2979321554550076,-0.03216743376138709,True,0.3630329815020772,0.39558344321973316,-0.03216743376138709,True,20,True,True,True,False,True,False,2,1,STOP_BEFORE_TARGET,True,True,False,True,False,3,1,STOP_BEFORE_TARGET,2023-01-19,2023-01-23,2023-01-25,2023-02-01,2023-02-15
SHOP|2023-01-19T00:00:00|Long,SHOP,2023-01-19,Long,0.0635837646249684,0.0635837646249684,0.002101892103807401,True,0.12164994972036736,0.19548077662262187,0.002101892103807401,True,0.26983710160795593,0.28954282869514203,0.002101892103807401,True,0.409090886311702,0.43168680274157056,0.002101892103807401,True,0.17997893397156184,0.43628478568287843,0.002101892103807401,True,20,True,True,False,True,False,False,1,,TARGET_BEFORE_STOP,True,False,True,False,False,1,,TARGET_BEFORE_STOP,2023-01-20,2023-01-24,2023-01-26,2023-02-02,2023-02-16
SHOP|2023-01-20T00:00:00|Long,SHOP,2023-01-20,Long,0.08794469895130685,0.08967394044379207,0.03507910078311549,True,0.1692194260444877,0.1924407362554279,0.03507910078311549,True,0.23715420942141652,0.23937743913753162,0.03507910078311549,True,0.3075593108628689,0.3504199983621681,0.03507910078311549,True,0.07732216164798689,0.3504199983621681,0.03507910078311549,True,20,True,True,False,True,False,False,1,,TARGET_BEFORE_STOP,True,False,True,False,False,1,,TARGET_BEFORE_STOP,2023-01-23,2023-01-25,2023-01-27,2023-02-03,2023-02-17
SHOP|2023-01-23T00:00:00|Long,SHOP,2023-01-23,Long,-0.030654002287778925,0.03315165881292925,-0.04632154571114222,True,0.0974114629051881,0.1144414353032035,-0.04632154571114222,True,0.07152583210031294,0.13919157870082355,-0.04632154571114222,True,0.17098089515801984,0.24125794230521702,-0.04632154571114222,True,-0.05949143260935508,0.24125794230521702,-0.06584926125322677,True,20,True,True,True,,,False,1,1,AMBIGUOUS,True,True,False,True,False,2,1,STOP_BEFORE_TARGET,2023-01-24,2023-01-26,2023-01-30,2023-02-06,2023-02-21
SHOP|2023-01-24T00:00:00|Long,SHOP,2023-01-24,Long,0.10869063840734561,0.13070981519225344,0.03865077486431634,True,0.1731085369424714,0.17521667329256996,0.03865077486431634,True,0.15413450556866293,0.17521667329256996,0.03865077486431634,True,0.20285781508538125,0.28051072087236384,0.03865077486431634,True,-0.015460292074106152,0.28051072087236384,-0.0391191900367146,True,20,True,True,True,True,False,False,1,19,TARGET_BEFORE_STOP,True,True,True,False,False,1,19,TARGET_BEFORE_STOP,2023-01-25,2023-01-27,2023-01-31,2023-02-07,2023-02-22
SHOP|2023-01-25T00:00:00|Long,SHOP,2023-01-25,Long,0.02112824765081389,0.036974433388924366,-0.018804208111434018,True,-0.0029580223733235433,0.06000414595435766,-0.018804208111434018,True,0.06190569146684566,0.07416011379129461,-0.018804208111434018,True,0.05218671689095977,0.15497567717523175,-0.018804208111434018,True,-0.10458484199110263,0.15497567717523175,-0.13500957019091053,True,20,True,True,True,True,False,False,1,16,TARGET_BEFORE_STOP,True,True,True,False,False,2,16,TARGET_BEFORE_STOP,2023-01-26,2023-01-30,2023-02-01,2023-02-08,2023-02-23
SHOP|2023-01-26T00:00:00|Long,SHOP,2023-01-26,Long,0.03620939237944598,0.03807151392881436,-0.01469072775233593,True,0.019449588063226164,0.03807151392881436,-0.026484637812938527,True,0.10966271542027961,0.12745705801844132,-0.026484637812938527,True,0.027105266065849953,0.13107798147034355,-0.026484637812938527,True,-0.1568384345929017,0.13107798147034355,-0.17504660828988228,True,20,True,True,True,True,False,False,1,2,TARGET_BEFORE_STOP,True,True,True,False,False,4,15,TARGET_BEFORE_STOP,2023-01-27,2023-01-31,2023-02-02,2023-02-09,2023-02-24
SHOP|2023-01-27T00:00:00|Long,SHOP,2023-01-27,Long,-0.057707729606223945,-0.008586267760660071,-0.060503244473031015,True,0.0035941789915610034,0.015175684779267007,-0.060503244473031015,True,0.05690891313733548,0.09155349274826685,-0.060503244473031015,True,-0.035543181487872055,0.09155349274826685,-0.060503244473031015,True,-0.19169332942926098,0.09155349274826685,-0.20646964406011747,True,20,True,True,True,False,True,False,4,1,STOP_BEFORE_TARGET,True,True,False,True,False,4,1,STOP_BEFORE_TARGET,2023-01-30,2023-02-01,2023-02-03,2023-02-10,2023-02-27
SHOP|2023-01-30T00:00:00|Long,SHOP,2023-01-30,Long,0.04407717507068187,0.05414283491268601,0.011443122086079338,True,0.13646964672216133,0.15469386022880904,0.011443122086079338,True,0.09281629996988827,0.1584022569686534,0.011443122086079338,True,0.03199835092548242,0.1584022569686534,0.0028820002303853176,True,-0.12820511576866878,0.1584022569686534,-0.15787237052440972,True,20,True,True,True,True,False,False,1,13,TARGET_BEFORE_STOP,True,True,True,False,False,1,13,TARGET_BEFORE_STOP,2023-01-31,2023-02-02,2023-02-06,2023-02-13,2023-02-28
SHOP|2023-01-31T00:00:00|Long,SHOP,2023-01-31,Long,0.020093319556962363,0.03186522590293239,-0.020093396981302414,True,0.07428455070849083,0.10949868901236348,-0.020093396981302414,True,0.04221631818616456,0.10949868901236348,-0.020093396981302414,True,0.017048917085112913,0.10949868901236348,-0.03945606304199456,True,-0.1861173512978449,0.10949868901236348,-0.19342396368488757,True,20,True,True,True,,,False,1,1,AMBIGUOUS,True,True,True,False,False,2,8,TARGET_BEFORE_STOP,2023-02-01,2023-02-03,2023-02-07,2023-02-14,2023-03-01
SHOP|2023-02-01T00:00:00|Long,SHOP,2023-02-01,Long,0.06705138995474669,0.0841624253521176,0.04118590486770102,True,0.026064492977305953,0.0876443044389612,0.014723472009145588,True,-0.009152389570924013,0.0876443044389612,-0.018304779141847916,True,0.062276187279024064,0.0876443044389612,-0.058376406802487346,True,-0.1806605316273403,0.0876443044389612,-0.22363705211175677,True,20,True,True,True,True,False,False,1,7,TARGET_BEFORE_STOP,True,True,True,False,False,1,7,TARGET_BEFORE_STOP,2023-02-02,2023-02-06,2023-02-08,2023-02-15,2023-03-02
SHOP|2023-02-02T00:00:00|Long,SHOP,2023-02-02,Long,-0.013052410013014604,0.019298896639915464,-0.04903973551622498,True,-0.042513566074673714,0.019298896639915464,-0.07999255696599061,True,-0.07439868728324495,0.019298896639915464,-0.07999255696599061,True,-0.16259558170860167,0.019298896639915464,-0.17387657238894716,True,-0.19075143275203832,0.019298896639915464,-0.2724221577358439,True,20,True,False,True,False,True,False,,1,STOP_BEFORE_TARGET,False,True,False,True,False,,1,STOP_BEFORE_TARGET,2023-02-03,2023-02-07,2023-02-09,2023-02-16,2023-03-03
SHOP|2023-02-03T00:00:00|Long,SHOP,2023-02-03,Long,-0.025694324627059784,-0.000755732387997643,-0.028906079170138654,True,-0.059134726054576814,-0.000755732387997643,-0.06782543230472726,True,-0.08747404196902087,-0.000755732387997643,-0.10587568598605779,True,-0.17608161044943083,0.014547524151220959,-0.18911774189526387,True,-0.17853770467511942,0.014547524151220959,-0.26279992003045416,True,20,True,False,True,False,True,False,,1,STOP_BEFORE_TARGET,False,True,False,True,False,,2,STOP_BEFORE_TARGET,2023-02-06,2023-02-08,2023-02-10,2023-02-17,2023-03-06
SHOP|2023-02-06T00:00:00|Long,SHOP,2023-02-06,Long,-0.004266069846907583,0.004459948489381249,-0.04324218645400035,True,-0.037424865553557174,0.004459948489381249,-0.04324218645400035,True,-0.05565249076727863,0.004459948489381249,-0.08229589890083167,True,-0.19681988725894062,0.041303104144268854,-0.20224937690318778,True,-0.1766531057642391,0.041303104144268854,-0.2433585284337343,True,20,True,True,True,False,True,False,7,1,STOP_BEFORE_TARGET,False,True,False,True,False,,1,STOP_BEFORE_TARGET,2023-02-07,2023-02-09,2023-02-13,2023-02-21,2023-03-07
SHOP|2023-02-07T00:00:00|Long,SHOP,2023-02-07,Long,-0.03018499090787119,0.00720550647666518,-0.030963976627754075,True,-0.059396286809972554,0.00720550647666518,-0.07836413593129954,True,-0.02414796301103017,0.00720550647666518,-0.07836413593129954,True,-0.1814995125953358,0.04576440815285898,-0.2011684191492905,True,-0.1489775645278162,0.04576440815285898,-0.2401168136854256,True,20,True,True,True,False,True,False,6,1,STOP_BEFORE_TARGET,False,True,False,True,False,,1,STOP_BEFORE_TARGET,2023-02-08,2023-02-10,2023-02-14,2023-02-22,2023-03-08
SHOP|2023-02-08T00:00:00|Long,SHOP,2023-02-08,Long,-0.0032128483908296923,0.02931725114136441,-0.008132505732961537,True,-0.022088323111910557,0.02931725114136441,-0.04967869601083008,True,0.07208835758206722,0.07831328485195188,-0.04967869601083008,True,-0.14899594945020478,0.07831328485195188,-0.17791166156801985,True,-0.1365461715107833,0.07831328485195188,-0.21646584225797605,True,20,True,True,True,False,True,False,5,2,STOP_BEFORE_TARGET,True,True,False,True,False,5,2,STOP_BEFORE_TARGET,2023-02-09,2023-02-13,2023-02-15,2023-02-23,2023-03-09
SHOP|2023-02-09T00:00:00|Long,SHOP,2023-02-09,Long,-0.02699436279339129,-0.009871028803270177,-0.04661561652855162,True,0.009468195537511104,0.021958101651693207,-0.04661561652855162,True,-0.09528605157925707,0.08178890860618471,-0.10747379432049664,True,-0.1790894339032223,0.08178890860618471,-0.19681709463922825,True,-0.164786470704139,0.08178890860618471,-0.21394035178210302,True,20,True,True,True,False,True,False,4,1,STOP_BEFORE_TARGET,True,True,False,True,False,4,1,STOP_BEFORE_TARGET,2023-02-10,2023-02-14,2023-02-16,2023-02-24,2023-03-10
SHOP|2023-02-10T00:00:00|Long,SHOP,2023-02-10,Long,0.008281605221475585,0.01697721962270826,-0.00786751706247768,True,0.10538302759811091,0.11180127559371655,-0.00786751706247768,True,-0.09710142237663544,0.11180127559371655,-0.11138718743471876,True,-0.16190475814384564,0.11180127559371655,-0.1772256251305625,True,-0.1349896596429112,0.11180127559371655,-0.19213248293752228,True,20,True,True,True,True,False,False,2,4,TARGET_BEFORE_STOP,True,True,True,False,False,2,4,TARGET_BEFORE_STOP,2023-02-13,2023-02-15,2023-02-17,2023-02-27,2023-03-13
SHOP|2023-02-13T00:00:00|Long,SHOP,2023-02-13,Long,0.028952768487123137,0.04168375251529155,-0.015605793107272947,True,-0.07782342620436922,0.10266940290902382,-0.09024641455669657,True,-0.1494867039003046,0.10266940290902382,-0.1552361653974378,True,-0.1552361653974378,0.10266940290902382,-0.18398355121364163,True,-0.10061604618305864,0.10266940290902382,-0.19876797029831328,True,20,True,True,True,True,False,False,1,3,TARGET_BEFORE_STOP,True,True,True,False,False,2,3,TARGET_BEFORE_STOP,2023-02-14,2023-02-16,2023-02-21,2023-02-28,2023-03-14
SHOP|2023-02-14T00:00:00|Long,SHOP,2023-02-14,Long,0.06545597164928596,0.07164238892158936,0.001995579183857288,True,-0.129714626238844,0.07164238892158936,-0.14348438143744424,True,-0.16124529500375917,0.07164238892158936,-0.18140091881599596,True,-0.19976056703864087,0.07164238892158936,-0.20694469777640678,True,-0.13111154689283733,0.07164238892158936,-0.22131311150487099,True,20,True,True,True,True,False,False,1,2,TARGET_BEFORE_STOP,True,True,True,False,False,1,2,TARGET_BEFORE_STOP,2023-02-15,2023-02-17,2023-02-22,2023-03-01,2023-03-15
SHOP|2023-02-15T00:00:00|Long,SHOP,2023-02-15,Long,-0.1588312350473725,-0.12118376652309093,-0.17016293666102023,True,-0.22419931368315282,-0.12118376652309093,-0.22944371867468316,True,-0.20621836387711,-0.12118376652309093,-0.23318975286134447,True,-0.228694497547419,-0.12118376652309093,-0.2691515095741115,True,-0.1633264903612981,-0.12118376652309093,-0.2691515095741115,True,20,True,False,True,False,True,False,,1,STOP_BEFORE_TARGET,False,True,False,True,False,,1,STOP_BEFORE_TARGET,2023-02-16,2023-02-21,2023-02-23,2023-03-02,2023-03-16
SHOP|2023-02-16T00:00:00|Long,SHOP,2023-02-16,Long,-0.028946765563960697,0.002671986913660218,-0.04431088143460482,True,-0.0641282805143717,0.002671986913660218,-0.08661766650779879,True,-0.0926297007692336,0.002671986913660218,-0.11222446966491739,True,-0.03362276389809904,0.002671986913660218,-0.1311511781264867,True,-0.005121343643237242,0.023825421920723455,-0.1311511781264867,True,20,True,False,True,False,True,False,,1,STOP_BEFORE_TARGET,False,True,False,True,False,,1,STOP_BEFORE_TARGET,2023-02-17,2023-02-22,2023-02-24,2023-03-03,2023-03-17
SHOP|2023-02-17T00:00:00|Long,SHOP,2023-02-17,Long,-0.05021789522484932,-0.017427244338310555,-0.05663841289002025,True,-0.0282045293515627,-0.015707437828570425,-0.06122453442499631,True,-0.07177255272434635,-0.015707437828570425,-0.08874108868886732,True,-0.002980992118683301,0.01020407449200067,-0.10525109122558407,True,0.006191250951268712,0.054345308386035907,-0.10525109122558407,True,20,True,True,True,False,True,False,13,1,STOP_BEFORE_TARGET,True,True,False,True,False,13,1,STOP_BEFORE_TARGET,2023-02-21,2023-02-23,2023-02-27,2023-03-06,2023-03-20
SHOP|2023-02-21T00:00:00|Long,SHOP,2023-02-21,Long,0.014727200321532408,0.03633513120827736,-0.009657115617198175,True,-0.016175717010235013,0.03633513120827736,-0.03742151872480426,True,-0.006759990141834593,0.03633513120827736,-0.040560032948965596,True,0.025108666381040257,0.06361666472032979,-0.05794296999706394,True,0.1042975301906317,0.1117817786768176,-0.05794296999706394,True,20,True,True,True,True,False,False,1,3,TARGET_BEFORE_STOP,True,True,False,True,False,9,3,STOP_BEFORE_TARGET,2023-02-22,2023-02-24,2023-02-28,2023-03-07,2023-03-21
SHOP|2023-02-22T00:00:00|Long,SHOP,2023-02-22,Long,0.00832743989968332,0.018796120353838264,-0.025933861152639404,True,-0.03687840309488766,0.018796120353838264,-0.05448482434784374,True,-0.04591958984606159,0.018796120353838264,-0.05448482434784374,True,0.03973357202344685,0.048179909224179696,-0.07161547487400521,True,0.0697121196829309,0.12586250461975013,-0.07161547487400521,True,20,True,True,True,False,True,False,7,1,STOP_BEFORE_TARGET,True,True,False,True,False,11,2,STOP_BEFORE_TARGET,2023-02-23,2023-02-27,2023-03-01,2023-03-08,2023-03-22
SHOP|2023-02-23T00:00:00|Long,SHOP,2023-02-23,Long,-0.03846156269546608,-0.030438907102762758,-0.05922609893747455,True,-0.029259123341545124,-0.02409154985169215,-0.062293518714294005,True,-0.028315260327878566,-0.021944320003225992,-0.07928269291336743,True,0.014629516664906861,0.08494569097190441,-0.07928269291336743,True,0.08046247667458495,0.11656438183588458,-0.07928269291336743,True,20,True,True,True,False,True,False,7,1,STOP_BEFORE_TARGET,True,True,False,True,False,10,1,STOP_BEFORE_TARGET,2023-02-24,2023-02-28,2023-03-02,2023-03-09,2023-03-23
SHOP|2023-02-24T00:00:00|Long,SHOP,2023-02-24,Long,-0.006625778104629942,0.00736194446774352,-0.02478523488425033,True,-0.015950957690279877,0.017177932832870058,-0.02478523488425033,True,0.06503071229150681,0.06721468498370409,-0.04245397649659699,True,0.01742329041650681,0.12834354704874418,-0.04245397649659699,True,0.10380366974813082,0.16122698637605448,-0.04245397649659699,True,20,True,True,True,False,True,False,5,1,STOP_BEFORE_TARGET,True,True,False,True,False,5,4,STOP_BEFORE_TARGET,2023-02-27,2023-03-01,2023-03-03,2023-03-10,2023-03-24
SHOP|2023-02-27T00:00:00|Long,SHOP,2023-02-27,Long,0.016304344240999136,0.021714467079341215,-0.0017292414924852118,True,0.01729250916144598,0.02396248101957199,-0.036067171466968806,True,0.0741106727748313,0.08831523723732615,-0.036067171466968806,True,0.03211460602177496,0.13586956675385742,-0.036067171466968806,True,0.1133893331149558,0.16897233769607922,-0.036067171466968806,True,20,True,True,True,False,True,False,4,3,STOP_BEFORE_TARGET,True,True,False,True,False,4,3,STOP_BEFORE_TARGET,2023-02-28,2023-03-02,2023-03-06,2023-03-13,2023-03-27
SHOP|2023-02-28T00:00:00|Long,SHOP,2023-02-28,Long,-0.025279555929916375,0.007535278995872252,-0.027710243231925835,True,0.05493442318327135,0.057097692228662345,-0.051531331145770354,True,0.032085554555364215,0.07085563827841979,-0.051531331145770354,True,0.06465726511608594,0.11764706427792815,-0.051531331145770354,True,0.07705401144075386,0.15021877483864965,-0.051531331145770354,True,20,True,True,True,False,True,False,3,1,STOP_BEFORE_TARGET,True,True,False,True,False,3,2,STOP_BEFORE_TARGET,2023-03-01,2023-03-03,2023-03-07,2023-03-14,2023-03-28
SHOP|2023-03-01T00:00:00|Long,SHOP,2023-03-01,Long,0.02693271501622818,0.03266836466680756,-0.026932619886616882,True,0.0842893066516337,0.0986284783428879,-0.026932619886616882,True,0.08977562159114938,0.0986284783428879,-0.026932619886616882,True,0.08578560030685001,0.14663344867481598,-0.026932619886616882,True,0.16458859201896803,0.18004991260442615,-0.026932619886616882,True,20,True,True,True,,,False,1,1,AMBIGUOUS,True,False,True,False,False,2,,TARGET_BEFORE_STOP,2023-03-02,2023-03-06,2023-03-08,2023-03-15,2023-03-29
SHOP|2023-03-02T00:00:00|Long,SHOP,2023-03-02,Long,0.05390969412946078,0.05607086184552412,0.000971367538390222,True,0.031083020150827867,0.06981544387309424,0.000971367538390222,True,0.044196204014973484,0.1165614182003114,0.000971367538390222,True,0.08474982607833748,0.1165614182003114,-0.033754234564047136,True,0.12943171386250607,0.14910148965872438,-0.033754234564047136,True,20,True,True,True,True,False,False,1,7,TARGET_BEFORE_STOP,True,True,True,False,False,1,7,TARGET_BEFORE_STOP,2023-03-03,2023-03-07,2023-03-09,2023-03-16,2023-03-30
SHOP|2023-03-03T00:00:00|Long,SHOP,2023-03-03,Long,0.0018432722014933844,0.01509213724120051,-0.0052996163328806745,True,0.006912424574032849,0.01509213724120051,-0.03168202653587704,True,-0.044700515511490235,0.05944695681217893,-0.06635946928245895,True,0.02949305839387195,0.05944695681217893,-0.08317973464122952,True,0.10460822445185713,0.10910130481979063,-0.08317973464122952,True,20,True,True,True,False,True,False,4,2,STOP_BEFORE_TARGET,True,True,False,True,False,4,3,STOP_BEFORE_TARGET,2023-03-06,2023-03-08,2023-03-10,2023-03-17,2023-03-31
SHOP|2023-03-06T00:00:00|Long,SHOP,2023-03-06,Long,-0.02345907241265832,0.004599833602692893,-0.028978802548266902,True,-0.011039548005745914,0.05749770069734028,-0.03346361618389715,True,-0.03909845402109713,0.05749770069734028,-0.08486657464484404,True,0.009199667205386008,0.05749770069734028,-0.08486657464484404,True,0.09659615471843752,0.10706069062339862,-0.08486657464484404,True,20,True,True,True,False,True,False,3,1,STOP_BEFORE_TARGET,True,True,False,True,False,3,2,STOP_BEFORE_TARGET,2023-03-07,2023-03-09,2023-03-13,2023-03-20,2023-04-03
SHOP|2023-03-07T00:00:00|Long,SHOP,2023-03-07,Long,0.02920399682533814,0.032030161085163655,-0.010244879132671136,True,-0.02355157846354483,0.08290156697273487,-0.04569002987610593,True,0.031559118734835856,0.08290156697273487,-0.06288267137343662,True,0.07724923845308362,0.08455017027781175,-0.06288267137343662,True,0.12081962267378477,0.1365991371201316,-0.06288267137343662,True,20,True,True,True,True,False,False,1,3,TARGET_BEFORE_STOP,True,True,True,False,False,2,3,TARGET_BEFORE_STOP,2023-03-08,2023-03-10,2023-03-14,2023-03-21,2023-04-04
SHOP|2023-03-08T00:00:00|Long,SHOP,2023-03-08,Long,-0.016018323815067292,0.05217388419888702,-0.02196794205291641,True,-0.04393597139867489,0.05217388419888702,-0.08947367915673021,True,-0.0036613236754861056,0.05217388419888702,-0.08947367915673021,True,0.028832913032847518,0.08283750271589851,-0.08947367915673021,True,0.03409606036055601,0.10434776839777382,-0.08947367915673021,True,20,True,True,True,,,False,1,1,AMBIGUOUS,True,True,True,False,False,1,2,TARGET_BEFORE_STOP,2023-03-09,2023-03-13,2023-03-15,2023-03-22,2023-04-05
SHOP|2023-03-09T00:00:00|Long,SHOP,2023-03-09,Long,-0.035813974779705715,-0.008488411127134832,-0.057674407958984375,True,0.01860463342001273,0.028139513592387422,-0.07465114149936414,True,0.038837166719658534,0.04302322032839756,-0.07465114149936414,True,0.06488374222156623,0.10046510918195861,-0.07465114149936414,True,0.05465112730514177,0.12232554236123727,-0.07465114149936414,True,20,True,True,True,False,True,False,5,1,STOP_BEFORE_TARGET,True,True,False,True,False,6,1,STOP_BEFORE_TARGET,2023-03-10,2023-03-14,2023-03-16,2023-03-23,2023-04-06
SHOP|2023-03-10T00:00:00|Long,SHOP,2023-03-10,Long,0.007718275491811699,0.0314761296187418,-0.04027974447232319,True,0.05016888270587727,0.06632899326401365,-0.04027974447232319,True,0.07766525064659402,0.09454901278834504,-0.04027974447232319,True,0.0849011224190297,0.14134106945859082,-0.04027974447232319,True,0.0938253612047304,0.1640134922146499,-0.04027974447232319,True,20,True,True,True,,,False,1,1,AMBIGUOUS,True,True,False,True,False,2,1,STOP_BEFORE_TARGET,2023-03-13,2023-03-15,2023-03-17,2023-03-24,2023-04-10
SHOP|2023-03-13T00:00:00|Long,SHOP,2023-03-13,Long,0.04834850447062822,0.05816180890794831,0.025849733427705468,True,0.06917183997335363,0.0734801288779714,0.005744415640953182,True,0.05026334011907552,0.08616568678796277,0.005744415640953182,True,0.0787458356068127,0.13259935561014347,0.005744415640953182,True,0.07180469333777428,0.155098126653066,0.005744415640953182,True,20,True,True,False,True,False,False,1,,TARGET_BEFORE_STOP,True,False,True,False,False,1,,TARGET_BEFORE_STOP,2023-03-14,2023-03-16,2023-03-20,2023-03-27,2023-04-11
SHOP|2023-03-14T00:00:00|Long,SHOP,2023-03-14,Long,-0.005936034841599103,-0.0054794033778535756,-0.0390410756680053,True,0.020091348937071096,0.036073101793979045,-0.040639242244341456,True,0.044292293954305784,0.051369863908495406,-0.040639242244341456,True,0.011643884591644893,0.08036530865473823,-0.040639242244341456,True,0.03424657593899694,0.11301371801739912,-0.040639242244341456,True,20,True,True,True,False,True,False,3,1,STOP_BEFORE_TARGET,True,True,False,True,False,5,1,STOP_BEFORE_TARGET,2023-03-15,2023-03-17,2023-03-21,2023-03-28,2023-04-12
SHOP|2023-03-15T00:00:00|Long,SHOP,2023-03-15,Long,0.02595308290439169,0.03008721936261094,-0.034910436972949266,True,0.007808914686233681,0.04225999342897824,-0.034910436972949266,True,0.032613645821925275,0.08681669039535644,-0.034910436972949266,True,0.07257693571350354,0.08681669039535644,-0.034910436972949266,True,0.05029854342350237,0.11966005913919608,-0.034910436972949266,True,20,True,True,True,,,False,1,1,AMBIGUOUS,True,True,False,True,False,4,1,STOP_BEFORE_TARGET,2023-03-16,2023-03-20,2023-03-22,2023-03-29,2023-04-13
SHOP|2023-03-16T00:00:00|Long,SHOP,2023-03-16,Long,0.0002239117224192011,0.015894401797032387,-0.02059543780292561,True,0.0239535158581079,0.030893242101688978,-0.04231026342334554,True,0.025072818278301545,0.059323967640571684,-0.04231026342334554,True,0.04119096100315178,0.059323967640571684,-0.04231026342334554,True,0.038504618115226874,0.09133651216245431,-0.04231026342334554,True,20,True,True,True,False,True,False,3,1,STOP_BEFORE_TARGET,True,True,False,True,False,4,2,STOP_BEFORE_TARGET,2023-03-17,2023-03-21,2023-03-23,2023-03-30,2023-04-14
SHOP|2023-03-17T00:00:00|Long,SHOP,2023-03-17,Long,-0.017905085756408923,-0.009847775821478999,-0.04252465337738165,True,0.0062667586701972144,0.05908682568524104,-0.04252465337738165,True,0.006714396486380281,0.05908682568524104,-0.04252465337738165,True,0.07296325647418489,0.0773276184592413,-0.04252465337738165,True,0.08594449700894602,0.09265889349532652,-0.04252465337738165,True,20,True,True,True,False,True,False,2,1,STOP_BEFORE_TARGET,True,True,False,True,False,3,1,STOP_BEFORE_TARGET,2023-03-20,2023-03-22,2023-03-24,2023-03-31,2023-04-17
SHOP|2023-03-20T00:00:00|Long,SHOP,2023-03-20,Long,0.04238834469179409,0.04945301085058795,0.005013614417747059,True,0.04352779856242939,0.07839559122546635,0.005013614417747059,True,0.02711938463405561,0.07839559122546635,0.005013614417747059,True,0.08659979818965313,0.09696894142762003,0.0027347066764764616,True,0.12123973485246609,0.13628075197522294,-0.008660005899392642,True,20,True,True,False,True,False,False,1,,TARGET_BEFORE_STOP,True,False,True,False,False,2,,TARGET_BEFORE_STOP,2023-03-21,2023-03-23,2023-03-27,2023-04-03,2023-04-18
SHOP|2023-03-21T00:00:00|Long,SHOP,2023-03-21,Long,-0.0170529638253456,0.03454302488802141,-0.022299965464230853,True,-0.016615699788840588,0.03454302488802141,-0.03290338900061185,True,-0.03126366971361494,0.03454302488802141,-0.03804113718006141,True,0.04044596428145786,0.05509393420623243,-0.03804113718006141,True,0.07236548835003664,0.0900743065303462,-0.04897248789392439,True,20,True,True,True,,,False,1,1,AMBIGUOUS,True,True,False,True,False,8,3,STOP_BEFORE_TARGET,2023-03-22,2023-03-24,2023-03-28,2023-04-04,2023-04-19
SHOP|2023-03-22T00:00:00|Long,SHOP,2023-03-22,Long,0.018460895194754023,0.04408368102003113,0.0035587155398177917,True,0.002446632842338037,0.04408368102003113,-0.016125411229634068,True,0.03870110573618146,0.04408368102003113,-0.021352293238907083,True,0.0051156482855836405,0.07339856103778764,-0.021352293238907083,True,0.06761568010301033,0.1089858012824374,-0.032473289906646774,True,20,True,True,True,True,False,False,1,4,TARGET_BEFORE_STOP,True,True,True,False,False,6,11,TARGET_BEFORE_STOP,2023-03-23,2023-03-27,2023-03-29,2023-04-05,2023-04-20
SHOP|2023-03-23T00:00:00|Long,SHOP,2023-03-23,Long,-0.017689481482765057,-0.004608044237491282,-0.03395938576294022,True,-0.032321456926078795,0.001965497942529426,-0.03909152390779613,True,0.015723900231714216,0.03341338171447927,-0.03909152390779613,True,-0.009609138078375712,0.05394185098538151,-0.05001093840884385,True,0.0687922613714882,0.08888402737384715,-0.05001093840884385,True,20,True,True,True,False,True,False,5,1,STOP_BEFORE_TARGET,True,True,False,True,False,6,1,STOP_BEFORE_TARGET,2023-03-24,2023-03-28,2023-03-30,2023-04-06,2023-04-21
SHOP|2023-03-24T00:00:00|Long,SHOP,2023-03-24,Long,0.0020008926968391183,0.02000892696839185,-0.01622942529269833,True,0.03823924495792941,0.0389061809206277,-0.021787451138502223,True,0.06580700566022046,0.07014225903524784,-0.021787451138502223,True,0.008225854505341523,0.07292127195815001,-0.03290350283011023,True,0.06758561463907475,0.10849268825654179,-0.03290350283011023,True,20,True,True,True,False,True,False,3,2,STOP_BEFORE_TARGET,True,True,True,False,False,4,9,TARGET_BEFORE_STOP,2023-03-27,2023-03-29,2023-03-31,2023-04-10,2023-04-24
SHOP|2023-03-27T00:00:00|Long,SHOP,2023-03-27,Long,-0.016862620960267694,0.007100059840048578,-0.023740840960047693,True,0.03195026928021827,0.04992234335999757,-0.023740840960047693,True,0.05790993183989945,0.06800529504021635,-0.023740840960047693,True,-0.006434455679853235,0.0707787585602162,-0.0348346950400471,True,0.03084090080009605,0.10627914239984837,-0.0348346950400471,True,20,True,True,True,False,True,False,2,1,STOP_BEFORE_TARGET,True,True,True,False,False,4,8,TARGET_BEFORE_STOP,2023-03-28,2023-03-30,2023-04-03,2023-04-11,2023-04-25
SHOP|2023-03-28T00:00:00|Long,SHOP,2023-03-28,Long,0.05393814749662984,0.05461516799690358,0.009930007065497515,True,0.08192275199535515,0.08632355742935727,0.009930007065497515,True,0.0740238925217902,0.08914459096864635,0.009930007065497515,True,0.022342537420147357,0.10020308032274872,-0.018280328327393458,True,0.04649057762917308,0.12525387192621373,-0.018280328327393458,True,20,True,True,False,True,False,False,1,,TARGET_BEFORE_STOP,True,False,True,False,False,1,,TARGET_BEFORE_STOP,2023-03-29,2023-03-31,2023-04-04,2023-04-12,2023-04-26
SHOP|2023-03-29T00:00:00|Long,SHOP,2023-03-29,Long,-0.004068574695977989,0.013276208174642923,-0.0145610341341883,True,0.020985000561585476,0.030727998611352225,-0.016059956911075535,True,-0.03233409232465767,0.03340465809653148,-0.03254818914199942,True,-0.02077090374424373,0.043897199219906646,-0.06852249915762176,True,0.019057802464849782,0.06766594851792473,-0.06852249915762176,True,20,True,True,True,True,False,False,2,5,TARGET_BEFORE_STOP,True,True,False,True,False,13,5,STOP_BEFORE_TARGET,2023-03-30,2023-04-03,2023-04-05,2023-04-13,2023-04-27
SHOP|2023-03-30T00:00:00|Long,SHOP,2023-03-30,Long,0.03074608378374677,0.034938724116179154,-0.012040369357194325,True,0.023220852935500247,0.03762631827896201,-0.012040369357194325,True,-0.024940870549871708,0.03762631827896201,-0.06471723135151419,True,-0.0025800674309894855,0.048161723485371954,-0.06471723135151419,True,0.041711513898465835,0.07202757277390348,-0.06471723135151419,True,20,True,True,True,True,False,False,1,4,TARGET_BEFORE_STOP,True,True,False,True,False,12,5,STOP_BEFORE_TARGET,2023-03-31,2023-04-04,2023-04-06,2023-04-14,2023-04-28
SHOP|2023-03-31T00:00:00|Long,SHOP,2023-03-31,Long,-0.005423411117670529,-0.003754699840051612,-0.028368728298139634,True,-0.05736337252350032,0.006675004255130235,-0.05757193159357987,True,-0.054025870395935205,0.006675004255130235,-0.09261574371917713,True,0.012098494945128158,0.018356301487771676,-0.09261574371917713,True,-0.013767206222746964,0.04005010510310858,-0.09261574371917713,True,20,True,True,True,False,True,False,11,1,STOP_BEFORE_TARGET,False,True,False,True,False,,3,STOP_BEFORE_TARGET,2023-04-03,2023-04-05,2023-04-10,2023-04-17,2023-05-01
SHOP|2023-04-03T00:00:00|Long,SHOP,2023-04-03,Long,-0.0018875870807852912,0.012164387849101121,-0.007550348323141387,True,-0.04886748775464589,0.012164387849101121,-0.08766779107428047,True,-0.0608221792642083,0.012164387849101121,-0.08766779107428047,True,0.031879204027577934,0.045721482617925524,-0.08766779107428047,True,-0.018875870807853357,0.045721482617925524,-0.08766779107428047,True,20,True,True,True,False,True,False,10,2,STOP_BEFORE_TARGET,False,True,False,True,False,,2,STOP_BEFORE_TARGET,2023-04-04,2023-04-06,2023-04-11,2023-04-18,2023-05-02
SHOP|2023-04-04T00:00:00|Long,SHOP,2023-04-04,Long,-0.05043079466660594,-0.0035722206996743333,-0.050640887574804005,True,-0.04706874703266817,-0.0035722206996743333,-0.08594242780992045,True,-0.048119371888735274,0.024374865385433875,-0.08594242780992045,True,0.030678694679375118,0.047699105914800644,-0.08594242780992045,True,-0.027736913019371756,0.047699105914800644,-0.08594242780992045,True,20,True,True,True,False,True,False,9,1,STOP_BEFORE_TARGET,False,True,False,True,False,,1,STOP_BEFORE_TARGET,2023-04-05,2023-04-10,2023-04-12,2023-04-19,2023-05-03
SHOP|2023-04-05T00:00:00|Long,SHOP,2023-04-05,Long,0.003540603059844827,0.009736721725549957,-0.03739762509552569,True,-0.009072800616767074,0.009736721725549957,-0.03739762509552569,True,0.011949566982464521,0.07877852359984194,-0.03739762509552569,True,0.06218193092907498,0.10334149425891836,-0.03739762509552569,True,0.2679796631636562,0.3237442246671889,-0.03739762509552569,True,20,True,True,True,False,True,False,4,1,STOP_BEFORE_TARGET,True,True,False,True,False,4,1,STOP_BEFORE_TARGET,2023-04-06,2023-04-11,2023-04-13,2023-04-20,2023-05-04
SHOP|2023-04-06T00:00:00|Long,SHOP,2023-04-06,Long,0.0,0.005733233626872947,-0.028687954388500247,True,-0.0011025190461489975,0.07497247277349106,-0.028687954388500247,True,0.0229327662738692,0.07497247277349106,-0.028687954388500247,True,0.07916207879558179,0.09944878253533118,-0.028687954388500247,True,0.3678059727983056,0.37902984716816546,-0.028687954388500247,True,20,True,True,True,False,True,False,3,1,STOP_BEFORE_TARGET,True,False,True,False,False,3,,TARGET_BEFORE_STOP,2023-04-10,2023-04-12,2023-04-14,2023-04-21,2023-05-05
SHOP|2023-04-10T00:00:00|Long,SHOP,2023-04-10,Long,-0.012568902183083597,0.004410160301407284,-0.025799298970494378,True,0.008379296160992755,0.07497247277349106,-0.025799298970494378,True,0.0699008178677567,0.07651601626146198,-0.025799298970494378,True,0.05887545917264392,0.09944878253533118,-0.025799298970494378,True,0.41962512501861093,0.4361631630612799,-0.025799298970494378,True,20,True,True,True,False,True,False,2,1,STOP_BEFORE_TARGET,True,False,True,False,False,2,,TARGET_BEFORE_STOP,2023-04-11,2023-04-13,2023-04-17,2023-04-24,2023-05-08
SHOP|2023-04-11T00:00:00|Long,SHOP,2023-04-11,Long,0.011612337470721101,0.08865567952044184,0.00982586988389289,True,0.03595356530237148,0.08865567952044184,0.007302359830742677,True,0.0987048259073664,0.11344354554568059,0.007302359830742677,True,0.037516756386168026,0.11344354554568059,0.007302359830742677,True,0.4267530400020172,0.45444392650429233,0.007302359830742677,True,20,True,True,False,True,False,False,1,,TARGET_BEFORE_STOP,True,False,True,False,False,1,,TARGET_BEFORE_STOP,2023-04-12,2023-04-14,2023-04-18,2023-04-25,2023-05-09
SHOP|2023-04-12T00:00:00|Long,SHOP,2023-04-12,Long,0.009492280627324767,0.031346622683402936,0.0072848087552439544,True,0.07108170584843632,0.0777042056743329,-0.0042605032385769626,True,0.0827814583478419,0.10066228366645125,-0.0042605032385769626,True,0.023620302711811814,0.10066228366645125,-0.0042605032385769626,True,0.394481219268213,0.4467991615750002,-0.0042605032385769626,True,20,True,True,False,True,False,False,1,,TARGET_BEFORE_STOP,True,False,True,False,False,3,,TARGET_BEFORE_STOP,2023-04-13,2023-04-17,2023-04-19,2023-04-26,2023-05-10
SHOP|2023-04-13T00:00:00|Long,SHOP,2023-04-13,Long,0.014432535622540987,0.01629125168034795,-0.013623466102539727,True,0.07588019364614751,0.0903127292686885,-0.013623466102539727,True,0.04963919703666497,0.0903127292686885,-0.013623466102539727,True,0.0406735322320233,0.0903127292686885,-0.013623466102539727,True,0.37546473115059453,0.4331948736407587,-0.013623466102539727,True,20,True,True,False,True,False,False,2,,TARGET_BEFORE_STOP,True,False,True,False,False,2,,TARGET_BEFORE_STOP,2023-04-14,2023-04-18,2023-04-20,2023-04-27,2023-05-11
SHOP|2023-04-14T00:00:00|Long,SHOP,2023-04-14,Long,0.045915091531355534,0.052381986142427506,-0.010347047823920374,True,0.05733994141861687,0.07480063087643463,-0.010347047823920374,True,0.05496872754065096,0.07480063087643463,-0.010347047823920374,True,0.044406152196472926,0.07480063087643463,-0.010347047823920374,True,0.3220522232802614,0.4128045220486052,-0.010347047823920374,True,20,True,True,False,True,False,False,1,,TARGET_BEFORE_STOP,True,False,True,False,False,1,,TARGET_BEFORE_STOP,2023-04-17,2023-04-19,2023-04-21,2023-04-28,2023-05-12
SHOP|2023-04-17T00:00:00|Long,SHOP,2023-04-17,Long,0.014014845399016762,0.027617480213223633,0.002267118905889376,True,-0.010717239341667573,0.027617480213223633,-0.018136872625985845,True,-0.010305028756857681,0.027617480213223633,-0.02019784692890536,True,-0.025556505910304117,0.027617480213223633,-0.048433682329908856,True,0.26916737943272806,0.3507831883179693,-0.0502885120298584,True,20,True,True,True,False,True,False,13,5,STOP_BEFORE_TARGET,True,True,False,True,False,13,6,STOP_BEFORE_TARGET,2023-04-18,2023-04-20,2023-04-24,2023-05-01,2023-05-15
SHOP|2023-04-18T00:00:00|Long,SHOP,2023-04-18,Long,-0.003048811454326228,0.004065056094269437,-0.018089418208278585,True,-0.005284596182899226,0.004065056094269437,-0.03170734449390711,True,-0.05569109016215179,0.005182948458556158,-0.05934963289354478,True,-0.04918703142511893,0.005182948458556158,-0.06341461145331817,True,0.22195117885386173,0.33211381908953563,-0.06341461145331817,True,20,True,True,True,False,True,False,12,2,STOP_BEFORE_TARGET,True,True,False,True,False,12,2,STOP_BEFORE_TARGET,2023-04-19,2023-04-21,2023-04-25,2023-05-02,2023-05-16
SHOP|2023-04-19T00:00:00|Long,SHOP,2023-04-19,Long,-0.02140671260739191,-0.006320031873915388,-0.028746174706293592,True,-0.020998956071718755,0.00825693374706793,-0.030784879613051985,True,-0.054638131434482484,0.00825693374706793,-0.058715619019606424,True,-0.05667683634124099,0.00825693374706793,-0.06055040677272483,True,0.2387359687383026,0.33618760315917595,-0.06055040677272483,True,20,True,True,True,False,True,False,11,1,STOP_BEFORE_TARGET,True,True,False,True,False,11,3,STOP_BEFORE_TARGET,2023-04-20,2023-04-24,2023-04-26,2023-05-03,2023-05-17
SHOP|2023-04-20T00:00:00|Long,SHOP,2023-04-20,Long,0.019583304723103767,0.020625034968058342,-0.003125031789143917,True,-0.0320833524068197,0.030312538146972656,-0.03583335876464844,True,-0.008541663487752316,0.030312538146972656,-0.038125038146972656,True,0.19374998410542799,0.24624999364217115,-0.039999961853027344,True,0.26770830154418945,0.36541668574015307,-0.039999961853027344,True,20,True,True,True,True,False,False,2,3,TARGET_BEFORE_STOP,True,True,False,True,False,10,3,STOP_BEFORE_TARGET,2023-04-21,2023-04-25,2023-04-27,2023-05-04,2023-05-18
SHOP|2023-04-21T00:00:00|Long,SHOP,2023-04-21,Long,-0.018798491924011285,0.010523155267614603,-0.028606410920853476,True,-0.05251327680711548,0.010523155267614603,-0.0565999292090692,True,-0.010012216541054775,0.010523155267614603,-0.0565999292090692,True,0.267470382507204,0.27787092806972646,-0.05843884094621643,True,0.2300776962033939,0.3391909022195787,-0.05843884094621643,True,20,True,True,True,False,True,False,9,1,STOP_BEFORE_TARGET,True,True,False,True,False,9,2,STOP_BEFORE_TARGET,2023-04-24,2023-04-26,2023-04-28,2023-05-05,2023-05-19
SHOP|2023-04-24T00:00:00|Long,SHOP,2023-04-24,Long,-0.032486492261971645,-0.010828830753990548,-0.036234936732189915,True,-0.008954608518881413,-0.008329894253764736,-0.0385256616239632,True,-0.015410280537537124,0.018742142911332138,-0.0385256616239632,True,0.34069130861512265,0.3563098007611123,-0.040399804419313234,True,0.2923781920384678,0.36484798606308866,-0.040399804419313234,True,20,True,True,True,False,True,False,8,1,STOP_BEFORE_TARGET,True,True,False,True,False,8,1,STOP_BEFORE_TARGET,2023-04-25,2023-04-27,2023-05-01,2023-05-08,2023-05-22
SHOP|2023-04-25T00:00:00|Long,SHOP,2023-04-25,Long,-0.001937153559220972,0.020770559009985146,-0.006241948369393402,True,0.042832581095161304,0.05187257630010489,-0.006241948369393402,True,0.006887638853423139,0.05294875447586511,-0.008179019821482725,True,0.3751614431477903,0.4018510231780221,-0.008179019821482725,True,0.25548865648921404,0.4106758976977982,-0.008179019821482725,True,20,True,True,False,True,False,False,3,,TARGET_BEFORE_STOP,True,False,True,False,False,3,,TARGET_BEFORE_STOP,2023-04-26,2023-04-28,2023-05-02,2023-05-09,2023-05-23
SHOP|2023-04-26T00:00:00|Long,SHOP,2023-04-26,Long,0.026310141229359152,0.026957084942705878,-0.000646943713346726,True,0.01962475454763002,0.054992436829821134,-0.000646943713346726,True,-0.002156533888818646,0.054992436829821134,-0.006253981184171864,True,0.3623032051766686,0.4134138974599151,-0.006253981184171864,True,0.27172746558237226,0.4134138974599151,-0.006253981184171864,True,20,True,True,False,True,False,False,2,,TARGET_BEFORE_STOP,True,False,True,False,False,2,,TARGET_BEFORE_STOP,2023-04-27,2023-05-01,2023-05-03,2023-05-10,2023-05-24
SHOP|2023-04-27T00:00:00|Long,SHOP,2023-04-27,Long,0.018071036091492854,0.026896381071502606,-0.014078629575422386,True,-0.017020411235425636,0.027947005927569712,-0.031729319535442224,True,0.20403444112921765,0.25698675148189243,-0.031729319535442224,True,0.3217062686321188,0.37718009467086233,-0.031729319535442224,True,0.21264969320102955,0.37718009467086233,-0.031729319535442224,True,20,True,True,True,False,True,False,5,3,STOP_BEFORE_TARGET,True,True,False,True,False,5,3,STOP_BEFORE_TARGET,2023-04-28,2023-05-02,2023-05-04,2023-05-11,2023-05-25
SHOP|2023-04-28T00:00:00|Long,SHOP,2023-04-28,Long,-0.02414864737293343,0.009700668701854154,-0.02714143283176429,True,-0.044994845631526115,0.009700668701854154,-0.04891638585272495,True,0.28028891233258935,0.2907946435509925,-0.04891638585272495,True,0.265841091130951,0.352734775716669,-0.04891638585272495,True,0.22311656116345358,0.352734775716669,-0.04891638585272495,True,20,True,True,True,False,True,False,4,1,STOP_BEFORE_TARGET,True,True,False,True,False,4,2,STOP_BEFORE_TARGET,2023-05-01,2023-05-03,2023-05-05,2023-05-12,2023-05-26
SHOP|2023-05-01T00:00:00|Long,SHOP,2023-05-01,Long,-0.010575296381330368,0.007402755876796174,-0.025380646768706105,True,0.21192894916383254,0.26522845260771044,-0.025380646768706105,True,0.36167510396825353,0.37753804854024886,-0.025380646768706105,True,0.30245354105253375,0.3862098690287239,-0.025380646768706105,True,0.23075296381330324,0.3862098690287239,-0.025380646768706105,True,20,True,True,True,False,True,False,3,1,STOP_BEFORE_TARGET,True,False,True,False,False,3,,TARGET_BEFORE_STOP,2023-05-02,2023-05-04,2023-05-08,2023-05-15,2023-05-30
SHOP|2023-05-02T00:00:00|Long,SHOP,2023-05-02,Long,-0.010902059316831525,0.025438274315066955,-0.012612231038556687,True,0.32599402304279446,0.33687479899040174,-0.012612231038556687,True,0.3657546185726672,0.3922616278955984,-0.012612231038556687,True,0.28516461095958157,0.40102613565122547,-0.012612231038556687,True,0.22253099869722948,0.40102613565122547,-0.012612231038556687,True,20,True,True,False,True,False,False,2,,TARGET_BEFORE_STOP,True,False,True,False,False,2,,TARGET_BEFORE_STOP,2023-05-03,2023-05-05,2023-05-09,2023-05-16,2023-05-31
SHOP|2023-05-03T00:00:00|Long,SHOP,2023-05-03,Long,0.23838337303163226,0.2928463173331779,0.16446943019372018,True,0.3913982411170607,0.4076074477861771,0.16446943019372018,True,0.3652474074775156,0.416468559911811,0.16446943019372018,True,0.31316182667852654,0.416468559911811,0.16446943019372018,True,0.2522152161981921,0.416468559911811,0.16446943019372018,True,20,True,True,False,True,False,False,1,,TARGET_BEFORE_STOP,True,False,True,False,False,1,,TARGET_BEFORE_STOP,2023-05-04,2023-05-08,2023-05-10,2023-05-17,2023-06-01
SHOP|2023-05-04T00:00:00|Long,SHOP,2023-05-04,Long,0.08254798612941427,0.09143110466910298,-0.0048865407159687235,True,0.11500873019777647,0.1366491818606017,-0.0048865407159687235,True,0.09773128033824441,0.1438045687291618,-0.0048865407159687235,True,0.0619546122919401,0.1438045687291618,-0.0048865407159687235,True,0.01727751643365605,0.1438045687291618,-0.03280979220152036,True,20,True,True,True,True,False,False,1,19,TARGET_BEFORE_STOP,True,True,True,False,False,1,19,TARGET_BEFORE_STOP,2023-05-05,2023-05-09,2023-05-11,2023-05-18,2023-06-02
SHOP|2023-05-05T00:00:00|Long,SHOP,2023-05-05,Long,0.037884870552430616,0.049975794536945006,-0.01192967722605398,True,0.01837819461684287,0.056585558686194304,-0.01192967722605398,True,-0.011284813187451115,0.056585558686194304,-0.016443663998653935,True,-0.029501822543453016,0.056585558686194304,-0.042076425305729304,True,-0.03401580931605297,0.056585558686194304,-0.10656135322313942,True,20,True,True,True,True,False,False,1,6,TARGET_BEFORE_STOP,True,True,True,False,False,3,7,TARGET_BEFORE_STOP,2023-05-08,2023-05-10,2023-05-12,2023-05-19,2023-06-05
SHOP|2023-05-08T00:00:00|Long,SHOP,2023-05-08,Long,-0.007611026478313798,-0.006989701264988768,-0.03137615298607621,True,-0.02298844036468939,0.018018075669423705,-0.043491698381745825,True,-0.043491698381745825,0.018018075669423705,-0.05716055681072807,True,-0.03603597358034649,0.018018075669423705,-0.07704254886729323,True,-0.011183557575682124,0.018018075669423705,-0.13917364813178779,True,20,True,False,True,False,True,False,,1,STOP_BEFORE_TARGET,False,True,False,True,False,,1,STOP_BEFORE_TARGET,2023-05-09,2023-05-11,2023-05-15,2023-05-22,2023-06-06
SHOP|2023-05-09T00:00:00|Long,SHOP,2023-05-09,Long,-0.011269388442344819,0.025825661944617995,-0.011425881189703113,True,-0.0400688305376401,0.025825661944617995,-0.045077494062112256,True,-0.05900767716041788,0.025825661944617995,-0.05900767716041788,True,-0.08702453610438743,0.025825661944617995,-0.09258101380551431,True,-0.06777270398689306,0.025825661944617995,-0.13257162782310883,True,20,True,False,True,False,True,False,,2,STOP_BEFORE_TARGET,False,True,False,True,False,,2,STOP_BEFORE_TARGET,2023-05-10,2023-05-12,2023-05-16,2023-05-23,2023-06-07
SHOP|2023-05-10T00:00:00|Long,SHOP,2023-05-10,Long,-0.004274127764644087,-0.0012822141742728776,-0.025170118473618608,True,-0.025170118473618608,-0.0012822141742728776,-0.03910079907553521,True,-0.03815101974463686,-0.0012822141742728776,-0.059363623693177825,True,-0.06648721022611848,0.013867333798883053,-0.09751464343781469,True,-0.061579855982341614,0.026120018580118476,-0.12268482229923416,True,20,True,False,True,False,True,False,,1,STOP_BEFORE_TARGET,False,True,False,True,False,,2,STOP_BEFORE_TARGET,2023-05-11,2023-05-15,2023-05-17,2023-05-24,2023-06-08
SHOP|2023-05-11T00:00:00|Long,SHOP,2023-05-11,Long,-0.024960248914752015,-0.0030207064673611894,-0.03004774496814755,True,-0.044197178482584976,-0.0030207064673611894,-0.044197178482584976,True,-0.03259146267133839,-0.0030207064673611894,-0.05532596617667518,True,-0.08251196050084242,0.018219333321931597,-0.09364074819493262,True,-0.02448332079759552,0.030524612438290077,-0.11891896940346025,True,20,True,True,True,False,True,False,18,1,STOP_BEFORE_TARGET,False,True,False,True,False,,1,STOP_BEFORE_TARGET,2023-05-12,2023-05-16,2023-05-18,2023-05-25,2023-06-09
SHOP|2023-05-12T00:00:00|Long,SHOP,2023-05-12,Long,0.00407630837332551,0.01614214632663269,-0.010272314516648673,True,-0.009294040314749563,0.01614214632663269,-0.03114305568375575,True,-0.018424931263299804,0.01614214632663269,-0.03114305568375575,True,-0.033751890554702846,0.04428494549952822,-0.07043866591463288,True,0.060003264231314635,0.06994946661415358,-0.09636398965696458,True,20,True,True,True,False,True,False,6,3,STOP_BEFORE_TARGET,True,True,False,True,False,17,3,STOP_BEFORE_TARGET,2023-05-15,2023-05-17,2023-05-19,2023-05-26,2023-06-12
SHOP|2023-05-15T00:00:00|Long,SHOP,2023-05-15,Long,-0.023709042802165792,0.006820366295174463,-0.023709042802165792,True,-0.0118545523745901,0.006820366295174463,-0.03507638190780449,True,0.007794730886062862,0.04004539972797816,-0.03507638190780449,True,-0.05505039141840573,0.04004539972797816,-0.07421246141010729,True,0.03670019899858934,0.07989603804240497,-0.10003253457200934,True,20,True,True,True,False,True,False,5,1,STOP_BEFORE_TARGET,True,True,False,True,False,16,2,STOP_BEFORE_TARGET,2023-05-16,2023-05-18,2023-05-22,2023-05-30,2023-06-13
SHOP|2023-05-16T00:00:00|Long,SHOP,2023-05-16,Long,0.010645365951745145,0.015968112379003863,-0.01164339280399096,True,0.0013307024696611602,0.030938134454375543,-0.01164339280399096,True,-0.029773738067728872,0.06530270721049503,-0.0356786509626178,True,-0.048735867552084255,0.06530270721049503,-0.05638721639847777,True,0.095808357017092,0.10711907420366762,-0.07817699345378393,True,20,True,True,True,True,False,False,2,5,TARGET_BEFORE_STOP,True,True,True,False,False,4,5,TARGET_BEFORE_STOP,2023-05-17,2023-05-19,2023-05-23,2023-05-31,2023-06-14
SHOP|2023-05-17T00:00:00|Long,SHOP,2023-05-17,Long,0.00148124020859286,0.02007901998691719,-0.012343647477261355,True,0.021395705853683333,0.0540816225949623,-0.015964408044792378,True,-0.029460124263955167,0.0540816225949623,-0.061718237386306996,True,-0.04641210949185981,0.0540816225949623,-0.08788677254942268,True,0.08788677254942256,0.09545752793421403,-0.08788677254942268,True,20,True,True,True,True,False,False,3,4,TARGET_BEFORE_STOP,True,True,True,False,False,3,4,TARGET_BEFORE_STOP,2023-05-18,2023-05-22,2023-05-24,2023-06-01,2023-06-15
SHOP|2023-05-18T00:00:00|Long,SHOP,2023-05-18,Long,-0.010681967583911711,0.003286783368195323,-0.017419845278131896,True,-0.04141325729265444,0.05252258382335118,-0.04724733068354492,True,-0.051602292003077865,0.05252258382335118,-0.0631060024466723,True,-0.042070626504329245,0.05252258382335118,-0.08923583305404859,True,0.06343468705250976,0.10698442562819643,-0.08923583305404859,True,20,True,True,True,True,False,False,2,3,TARGET_BEFORE_STOP,True,True,True,False,False,2,3,TARGET_BEFORE_STOP,2023-05-19,2023-05-23,2023-05-25,2023-06-02,2023-06-16
SHOP|2023-05-19T00:00:00|Long,SHOP,2023-05-19,Long,0.0308970197139371,0.06388699016524169,-0.0004983819537193179,True,-0.02043188582471822,0.06388699016524169,-0.05299007310594739,True,-0.015614658297229411,0.06388699016524169,-0.05299007310594739,True,-0.004651205821354698,0.06388699016524169,-0.07940203543879065,True,0.06744188242254068,0.11893687303439338,-0.07940203543879065,True,20,True,True,True,True,False,False,1,2,TARGET_BEFORE_STOP,True,True,True,False,False,1,2,TARGET_BEFORE_STOP,2023-05-22,2023-05-24,2023-05-26,2023-06-05,2023-06-20
SHOP|2023-05-22T00:00:00|Long,SHOP,2023-05-22,Long,-0.060103117300954856,-0.0003222761411713071,-0.06582344197188494,True,-0.0700934932735997,-0.0003222761411713071,-0.081372912343041,True,-0.062359050289154117,-0.0003222761411713071,-0.081372912343041,True,0.025781476614818333,0.03222681503457836,-0.10699328162121802,True,0.017885864825842646,0.08540121043796045,-0.10699328162121802,True,20,True,True,True,False,True,False,10,1,STOP_BEFORE_TARGET,True,True,False,True,False,14,1,STOP_BEFORE_TARGET,2023-05-23,2023-05-25,2023-05-30,2023-06-06,2023-06-21
SHOP|2023-05-23T00:00:00|Long,SHOP,2023-05-23,Long,0.01097204473783675,0.02588716396592483,-0.022629924019970105,True,0.015943707548169206,0.027258636858881635,-0.022629924019970105,True,-0.01954402826263535,0.054174519941978305,-0.027430177243137455,True,0.02108691074275737,0.11126346065558113,-0.0498886262773971,True,0.08829071746128081,0.15480882043259836,-0.0498886262773971,True,20,True,True,True,False,True,False,4,1,STOP_BEFORE_TARGET,True,True,True,False,False,4,6,TARGET_BEFORE_STOP,2023-05-24,2023-05-26,2023-05-31,2023-06-07,2023-06-22
SHOP|2023-05-24T00:00:00|Long,SHOP,2023-05-24,Long,-0.021366832459689844,0.010344252971414392,-0.026114988700164377,True,-0.013227108323686121,0.042733600230602464,-0.026114988700164377,True,-0.017466552020903303,0.042733600230602464,-0.06020015225150588,True,0.005256868783731994,0.09920295663937151,-0.06020015225150588,True,0.08173646930724532,0.14227572012840461,-0.06020015225150588,True,20,True,True,True,False,True,False,3,1,STOP_BEFORE_TARGET,True,True,False,True,False,8,4,STOP_BEFORE_TARGET,2023-05-25,2023-05-30,2023-06-01,2023-06-08,2023-06-23
SHOP|2023-05-25T00:00:00|Long,SHOP,2023-05-25,Long,0.026858417287301428,0.03829490763355903,0.0014728658087177493,True,-0.009010578166922634,0.06549995934779318,-0.01698145135649476,True,0.010050283144273031,0.06549995934779318,-0.03968118093669293,True,0.06324729828077524,0.12320223051718204,-0.03968118093669293,True,0.09599724490409711,0.1672154163744446,-0.03968118093669293,True,20,True,True,True,True,False,False,1,4,TARGET_BEFORE_STOP,True,True,True,False,False,2,4,TARGET_BEFORE_STOP,2023-05-26,2023-05-31,2023-06-02,2023-06-09,2023-06-26
SHOP|2023-05-26T00:00:00|Long,SHOP,2023-05-26,Long,-0.018056019661333966,0.03763083732864847,-0.025649623457955628,True,-0.022274717047107484,0.03763083732864847,-0.06479919442037108,True,0.011137358523553686,0.03763083732864847,-0.06479919442037108,True,0.09703010424500635,0.10732373616584812,-0.06479919442037108,True,0.0766115599749797,0.13668583392239264,-0.06479919442037108,True,20,True,True,True,,,False,1,1,AMBIGUOUS,True,True,False,True,False,6,2,STOP_BEFORE_TARGET,2023-05-30,2023-06-01,2023-06-05,2023-06-12,2023-06-27
SHOP|2023-05-30T00:00:00|Long,SHOP,2023-05-30,Long,-0.01718508375322425,0.015810311142030242,-0.025090206546293348,True,0.0017185477088577095,0.027324285789862346,-0.047602689863138314,True,0.09400242910802237,0.10087642327577684,-0.047602689863138314,True,0.09709574942807397,0.14280806958941494,-0.047602689863138314,True,0.11050015933359547,0.15758725210613056,-0.047602689863138314,True,20,True,True,True,False,True,False,4,1,STOP_BEFORE_TARGET,True,True,False,True,False,5,2,STOP_BEFORE_TARGET,2023-05-31,2023-06-02,2023-06-06,2023-06-13,2023-06-28
SHOP|2023-05-31T00:00:00|Long,SHOP,2023-05-31,Long,0.013114181115747359,0.024479831430264776,-0.030949475437424545,True,0.047735611257059274,0.06399720117675978,-0.030949475437424545,True,0.04144086035132699,0.1334149545608112,-0.030949475437424545,True,0.15194962118167576,0.1638398173961273,-0.030949475437424545,True,0.1148802212377722,0.17782833061466397,-0.030949475437424545,True,20,True,True,True,False,True,False,2,1,STOP_BEFORE_TARGET,True,True,False,True,False,3,1,STOP_BEFORE_TARGET,2023-06-01,2023-06-05,2023-06-07,2023-06-14,2023-06-29
SHOP|2023-06-01T00:00:00|Long,SHOP,2023-06-01,Long,0.006040771437937353,0.03175699337589721,-0.0001725633719396047,True,0.09872284011526267,0.10562649425165138,-0.0001725633719396047,True,0.023127376326346427,0.11874354903667039,-0.0001725633719396047,True,0.14083534761511962,0.14877457949940553,-0.0001725633719396047,True,0.11494649646646704,0.16258201944968942,-0.0001725633719396047,True,20,True,True,False,True,False,False,1,,TARGET_BEFORE_STOP,True,False,True,False,False,2,,TARGET_BEFORE_STOP,2023-06-02,2023-06-06,2023-06-08,2023-06-15,2023-06-30
SHOP|2023-06-02T00:00:00|Long,SHOP,2023-06-02,Long,0.02796358256676168,0.043918296764202225,-0.006004499628085025,True,0.02178762116686417,0.11202605381255726,-0.006004499628085025,True,0.05266768994005,0.11202605381255726,-0.006004499628085025,True,0.11013892722782836,0.15560129614628537,-0.006004499628085025,True,0.11254070090169255,0.15560129614628537,-0.006004499628085025,True,20,True,True,False,True,False,False,1,,TARGET_BEFORE_STOP,True,False,True,False,False,2,,TARGET_BEFORE_STOP,2023-06-05,2023-06-07,2023-06-09,2023-06-16,2023-07-03
SHOP|2023-06-05T00:00:00|Long,SHOP,2023-06-05,Long,0.062416585326351415,0.06909211475567223,0.013351186184989317,True,-0.010680898017452423,0.08177572889877727,-0.03077433263804663,True,0.0849466642661405,0.0951269150837668,-0.03077433263804663,True,0.0724299749650934,0.12416559861081855,-0.03077433263804663,True,0.0754339854903987,0.12416559861081855,-0.03077433263804663,True,20,True,True,True,True,False,False,1,3,TARGET_BEFORE_STOP,True,True,True,False,False,1,3,TARGET_BEFORE_STOP,2023-06-06,2023-06-08,2023-06-12,2023-06-20,2023-07-05
SHOP|2023-06-06T00:00:00|Long,SHOP,2023-06-06,Long,-0.06440462588671791,0.018221800976948366,-0.06809612150272226,True,-0.036129425739451104,0.018221800976948366,-0.08771598566090888,True,0.002827526007025183,0.044612003760526875,-0.08771598566090888,True,-0.007697167446454434,0.05812128136676176,-0.08771598566090888,True,-0.028746434507442298,0.05812128136676176,-0.08771598566090888,True,20,True,True,True,False,True,False,4,1,STOP_BEFORE_TARGET,True,True,False,True,False,8,1,STOP_BEFORE_TARGET,2023-06-07,2023-06-09,2023-06-13,2023-06-21,2023-07-06
SHOP|2023-06-07T00:00:00|Long,SHOP,2023-06-07,Long,-0.004701185150067899,0.02619203362364786,-0.024916069937054308,True,0.09150437604562311,0.10174615905916595,-0.024916069937054308,True,0.10611141259914536,0.11752847588821247,-0.024916069937054308,True,0.06581595162123666,0.1309603602621534,-0.024916069937054308,True,0.03542640609475378,0.1309603602621534,-0.024916069937054308,True,20,True,True,True,False,True,False,2,1,STOP_BEFORE_TARGET,True,False,True,False,False,3,,TARGET_BEFORE_STOP,2023-06-08,2023-06-12,2023-06-14,2023-06-22,2023-07-07
SHOP|2023-06-08T00:00:00|Long,SHOP,2023-06-08,Long,0.03508775090901506,0.050944678136842114,0.005398105624387695,True,0.07692310167326721,0.12179489489504958,0.005398105624387695,True,0.11504723068931733,0.12280699948056273,0.005398105624387695,True,0.0760796597351745,0.136302327892027,0.005398105624387695,True,0.044028351283689426,0.136302327892027,0.005398105624387695,True,20,True,True,False,True,False,False,1,,TARGET_BEFORE_STOP,True,False,True,False,False,1,,TARGET_BEFORE_STOP,2023-06-09,2023-06-13,2023-06-15,2023-06-23,2023-07-10
SHOP|2023-06-09T00:00:00|Long,SHOP,2023-06-09,Long,0.05948503079485201,0.06942637049960854,0.009289434308252797,True,0.07366356906951976,0.08474571213359705,0.009289434308252797,True,0.054595802490196466,0.09778357138718463,0.009289434308252797,True,0.030801815039903868,0.09778357138718463,0.0035854175116485365,True,0.029172113717765624,0.09778357138718463,-0.013852709914656702,True,20,True,True,False,True,False,False,1,,TARGET_BEFORE_STOP,True,False,True,False,False,1,,TARGET_BEFORE_STOP,2023-06-12,2023-06-14,2023-06-16,2023-06-26,2023-07-11
SHOP|2023-06-12T00:00:00|Long,SHOP,2023-06-12,Long,-0.017997261116694085,0.022919517225167718,-0.02630368932439897,True,0.016766594401989243,0.023842414573610027,-0.02630368932439897,True,-0.011536686284494335,0.03614826021996742,-0.02630368932439897,True,-0.01861256513473608,0.03614826021996742,-0.0527611166353773,True,0.014305495687062741,0.03614826021996742,-0.06922017638558708,True,20,True,True,True,False,True,False,4,1,STOP_BEFORE_TARGET,False,True,False,True,False,,6,STOP_BEFORE_TARGET,2023-06-13,2023-06-15,2023-06-20,2023-06-27,2023-07-12
SHOP|2023-06-13T00:00:00|Long,SHOP,2023-06-13,Long,0.0319548417286053,0.04260647555615016,0.0001566153118626179,True,0.013627802785171284,0.05513785165022411,-0.000313290377754849,True,-0.010495018515682464,0.05513785165022411,-0.031171705415262707,True,0.012218085716318994,0.05513785165022411,-0.03540097612987847,True,0.10228700780680433,0.10432330563116587,-0.0521616826925978,True,20,True,True,True,True,False,False,1,5,TARGET_BEFORE_STOP,True,True,True,False,False,3,5,TARGET_BEFORE_STOP,2023-06-14,2023-06-16,2023-06-21,2023-06-28,2023-07-13
SHOP|2023-06-14T00:00:00|Long,SHOP,2023-06-14,Long,0.003339423647163331,0.006982378622500507,-0.03126893813716536,True,-0.024590090842838475,0.022465139930721634,-0.03885849522346374,True,-0.03642983927199728,0.022465139930721634,-0.061171811586373304,True,-0.03217970583286234,0.022465139930721634,-0.06527012145769617,True,0.03901031879127603,0.08424412998089292,-0.0815118268938021,True,20,True,True,True,False,True,False,19,1,STOP_BEFORE_TARGET,True,True,False,True,False,19,1,STOP_BEFORE_TARGET,2023-06-15,2023-06-20,2023-06-22,2023-06-29,2023-07-14
SHOP|2023-06-15T00:00:00|Long,SHOP,2023-06-15,Long,-0.021028735578452973,0.019062059989665148,-0.024054408087666235,True,-0.04432678324981976,0.019062059989665148,-0.06429652190784729,True,-0.03494701379604637,0.019062059989665148,-0.06838119133748599,True,-0.02269289008512254,0.019062059989665148,-0.06838119133748599,True,0.039031798647692684,0.08063543047041732,-0.08456883935899695,True,20,True,True,True,False,True,False,18,1,STOP_BEFORE_TARGET,True,True,False,True,False,18,2,STOP_BEFORE_TARGET,2023-06-16,2023-06-21,2023-06-23,2023-06-30,2023-07-17
SHOP|2023-06-16T00:00:00|Long,SHOP,2023-06-16,Long,-0.006954055858581554,0.028743635244431243,-0.02148044211581468,True,-0.019007874511490552,0.028743635244431243,-0.04419719750912232,True,-0.022562186758290137,0.028743635244431243,-0.048369607444006646,True,0.0021634892849509146,0.028743635244431243,-0.048369607444006646,True,0.03940663093549168,0.10384795728293561,-0.06490497330183487,True,20,True,True,True,False,True,False,17,1,STOP_BEFORE_TARGET,True,True,False,True,False,17,2,STOP_BEFORE_TARGET,2023-06-20,2023-06-22,2023-06-26,2023-07-03,2023-07-18
SHOP|2023-06-20T00:00:00|Long,SHOP,2023-06-20,Long,-0.0169624016658817,0.009181393063757426,-0.037503946187244064,True,-0.007314055478970127,0.009181393063757426,-0.04170557447997292,True,-0.007158463801397397,0.010582014979305221,-0.04170557447997292,True,0.0028011251041384355,0.033613382522703183,-0.04170557447997292,True,0.061780284605138513,0.11157793231542379,-0.05835673342723058,True,20,True,True,True,False,True,False,6,1,STOP_BEFORE_TARGET,True,True,False,True,False,16,1,STOP_BEFORE_TARGET,2023-06-21,2023-06-23,2023-06-27,2023-07-05,2023-07-19
SHOP|2023-06-21T00:00:00|Long,SHOP,2023-06-21,Long,0.004907414631577733,0.014088957027799331,-0.017729918701111513,True,0.0012664529582655515,0.028019698017516914,-0.025170118473618608,True,0.02295400696005645,0.049628023224665085,-0.025170118473618608,True,-0.021212543560740094,0.051448473867420796,-0.027386411150583267,True,0.03593484784327394,0.1307583089386748,-0.042108594657515375,True,20,True,True,True,False,True,False,5,2,STOP_BEFORE_TARGET,True,True,True,False,False,8,12,TARGET_BEFORE_STOP,2023-06-22,2023-06-26,2023-06-28,2023-07-06,2023-07-20
SHOP|2023-06-22T00:00:00|Long,SHOP,2023-06-22,Long,0.004883449519950789,0.006931295366759294,-0.029930650990592444,True,0.005040953010897686,0.02299941571673303,-0.029930650990592444,True,0.0044108188613105614,0.0445022177585217,-0.029930650990592444,True,-0.028512939293371176,0.046313778322459864,-0.032136120514147604,True,0.03292375815468174,0.12523630781770767,-0.0467864089811002,True,20,True,True,True,False,True,False,4,1,STOP_BEFORE_TARGET,True,True,False,True,False,14,9,STOP_BEFORE_TARGET,2023-06-23,2023-06-27,2023-06-29,2023-07-07,2023-07-21
SHOP|2023-06-23T00:00:00|Long,SHOP,2023-06-23,Long,-0.00846529091984849,0.018027927721803394,-0.010503244615559959,True,0.013011472317641104,0.039426232223744195,-0.015833235957590674,True,0.012697876578907197,0.039426232223744195,-0.015833235957590674,True,-0.02978525628797135,0.04122898911540518,-0.051418757593962416,True,0.037309879593349304,0.11976797742589085,-0.051418757593962416,True,20,True,True,True,True,False,False,3,8,TARGET_BEFORE_STOP,True,True,False,True,False,13,8,STOP_BEFORE_TARGET,2023-06-26,2023-06-28,2023-06-30,2023-07-10,2023-07-24
SHOP|2023-06-26T00:00:00|Long,SHOP,2023-06-26,Long,0.008695640111629155,0.02039527139173658,-0.0074308493391798125,True,0.008063214569694832,0.04830040008183056,-0.0074308493391798125,True,0.025296418563179435,0.05011854812561767,-0.0074308493391798125,True,-0.0015810035434165037,0.05011854812561767,-0.04332018463979126,True,0.02750984764853004,0.12932806806602026,-0.04332018463979126,True,20,True,True,True,True,False,False,2,7,TARGET_BEFORE_STOP,True,True,True,False,False,5,9,TARGET_BEFORE_STOP,2023-06-27,2023-06-29,2023-07-03,2023-07-11,2023-07-25
SHOP|2023-06-27T00:00:00|Long,SHOP,2023-06-27,Long,0.012852719738672969,0.03926334009515342,-0.007993704194857565,True,0.012539173144626492,0.03926334009515342,-0.009874625010172,True,0.010031398307195127,0.041065814470462314,-0.01144199923144018,True,0.033542370375180264,0.041065814470462314,-0.0515674130857392,True,0.013793120354836264,0.11959249466076916,-0.0515674130857392,True,20,True,True,True,True,False,False,1,6,TARGET_BEFORE_STOP,True,True,False,True,False,11,6,STOP_BEFORE_TARGET,2023-06-28,2023-06-30,2023-07-05,2023-07-12,2023-07-26
SHOP|2023-06-28T00:00:00|Long,SHOP,2023-06-28,Long,-0.013308641109494812,0.002940185761935332,-0.022438943299386005,True,0.003559203308007186,0.02785508118008373,-0.022438943299386005,True,-0.043175499797930894,0.02785508118008373,-0.04921083232298762,True,0.08898173561752332,0.09099345409311321,-0.06360266558896455,True,-0.010213612411897999,0.10538528735909036,-0.06360266558896455,True,20,True,True,True,False,True,False,10,1,STOP_BEFORE_TARGET,True,True,False,True,False,10,5,STOP_BEFORE_TARGET,2023-06-29,2023-07-03,2023-07-06,2023-07-13,2023-07-27
SHOP|2023-06-29T00:00:00|Long,SHOP,2023-06-29,Long,0.013174406755029677,0.02493726779241312,0.006900856936823185,True,0.01066505862255318,0.041718944752759946,-0.010821810615951,True,-0.03277917515066886,0.041718944752759946,-0.0363864453559859,True,0.07355706948199625,0.12029488998672444,-0.05097239782866181,True,0.035759138237369203,0.12029488998672444,-0.05097239782866181,True,20,True,True,True,True,False,False,2,4,TARGET_BEFORE_STOP,True,True,False,True,False,9,4,STOP_BEFORE_TARGET,2023-06-30,2023-07-05,2023-07-07,2023-07-14,2023-07-28
SHOP|2023-06-30T00:00:00|Long,SHOP,2023-06-30,Long,0.0038699691316579354,0.028173370554386512,-0.0035603054639575804,True,-0.042879206013852644,0.028173370554386512,-0.0489164074621149,True,-0.041950451214922024,0.028173370554386512,-0.0633126973559659,True,0.06315792457315839,0.1057275850213959,-0.0633126973559659,True,0.046130084014280426,0.1057275850213959,-0.0633126973559659,True,20,True,True,True,False,True,False,8,2,STOP_BEFORE_TARGET,True,True,False,True,False,8,3,STOP_BEFORE_TARGET,2023-07-03,2023-07-06,2023-07-10,2023-07-17,2023-07-31
SHOP|2023-07-03T00:00:00|Long,SHOP,2023-07-03,Long,-0.006322221162093911,-0.0018503488051027084,-0.02744793864578421,True,-0.049036243330750184,-0.0018503488051027084,-0.0525828824617921,True,-0.026214294344518496,-0.0018503488051027084,-0.06692367393531706,True,0.03716274045975654,0.10146494966658315,-0.06692367393531706,True,0.04009249861676789,0.10146494966658315,-0.06692367393531706,True,20,True,True,True,False,True,False,7,1,STOP_BEFORE_TARGET,True,True,False,True,False,7,2,STOP_BEFORE_TARGET,2023-07-05,2023-07-07,2023-07-11,2023-07-18,2023-08-01
SHOP|2023-07-05T00:00:00|Long,SHOP,2023-07-05,Long,-0.0405028012332056,-0.01769092428856256,-0.04655499225694626,True,-0.03957174045852141,-0.0172253347035618,-0.060987026241138165,True,0.023277466529643798,0.02343256439521313,-0.060987026241138165,True,0.058814412972338026,0.10847296087745129,-0.060987026241138165,True,-0.0311918383004115,0.10847296087745129,-0.060987026241138165,True,20,True,True,True,False,True,False,6,1,STOP_BEFORE_TARGET,True,True,False,True,False,6,1,STOP_BEFORE_TARGET,2023-07-06,2023-07-10,2023-07-12,2023-07-19,2023-08-02
SHOP|2023-07-06T00:00:00|Long,SHOP,2023-07-06,Long,-0.002587799731052387,0.024260067209744385,-0.00371993126511716,True,0.021348854208851575,0.024260067209744385,-0.021348915905393007,True,0.13812066412131419,0.1402231588579823,-0.021348915905393007,True,0.058385904956231194,0.1552644054637471,-0.021348915905393007,True,-0.04512373981729434,0.1552644054637471,-0.05660682348940338,True,20,True,True,True,False,True,False,4,2,STOP_BEFORE_TARGET,True,True,True,False,False,4,20,TARGET_BEFORE_STOP,2023-07-07,2023-07-11,2023-07-13,2023-07-20,2023-08-03
SHOP|2023-07-07T00:00:00|Long,SHOP,2023-07-07,Long,0.0035673946365366582,0.005999720408105258,-0.018809792149406035,True,0.06923957190274654,0.0694016362311507,-0.018809792149406035,True,0.10993998671319938,0.15826175492162142,-0.018809792149406035,True,0.06323985149464129,0.15826175492162142,-0.018809792149406035,True,-0.06064533768144087,0.15826175492162142,-0.0648613607712778,True,20,True,True,True,True,False,False,3,19,TARGET_BEFORE_STOP,True,True,True,False,False,3,19,TARGET_BEFORE_STOP,2023-07-10,2023-07-12,2023-07-14,2023-07-21,2023-08-04
SHOP|2023-07-10T00:00:00|Long,SHOP,2023-07-10,Long,0.02035873563833346,0.022459192169275166,0.003554713570411261,True,0.13701734432965496,0.13911780086059666,0.003554713570411261,True,0.10971079306009845,0.15414446614331334,0.003554713570411261,True,0.06915493329303124,0.15414446614331334,0.003554713570411261,True,-0.06980125605796617,0.15414446614331334,-0.08692843950835583,True,20,True,True,True,True,False,False,2,18,TARGET_BEFORE_STOP,True,True,True,False,False,2,18,TARGET_BEFORE_STOP,2023-07-11,2023-07-13,2023-07-17,2023-07-24,2023-08-07
SHOP|2023-07-11T00:00:00|Long,SHOP,2023-07-11,Long,0.04418053599545835,0.04433880213313768,0.008709409719256378,True,0.08392708304514196,0.13111636705034324,0.008709409719256378,True,0.06508314348444277,0.13111636705034324,0.008709409719256378,True,0.02913691676058927,0.13111636705034324,0.008709409719256378,True,-0.1102138199682815,0.13111636705034324,-0.11749804915842887,True,20,True,True,True,True,False,False,1,17,TARGET_BEFORE_STOP,True,True,True,False,False,2,17,TARGET_BEFORE_STOP,2023-07-12,2023-07-14,2023-07-18,2023-07-25,2023-08-08
SHOP|2023-07-12T00:00:00|Long,SHOP,2023-07-12,Long,0.06718228906819101,0.06915373657508916,0.013193738019050993,True,0.041552892968183874,0.08325747134522632,0.013193738019050993,True,0.034728553696403264,0.08325747134522632,-0.010464094871991847,True,-0.019108311943877965,0.08325747134522632,-0.03078560083157389,True,-0.16287536064334052,0.08325747134522632,-0.16454355303458756,True,20,True,True,True,True,False,False,1,10,TARGET_BEFORE_STOP,True,True,True,False,False,1,10,TARGET_BEFORE_STOP,2023-07-13,2023-07-17,2023-07-19,2023-07-26,2023-08-09
SHOP|2023-07-13T00:00:00|Long,SHOP,2023-07-13,Long,-0.027284435461146894,0.015063201893156686,-0.027710736130835745,True,-0.04419497639571457,0.015063201893156686,-0.07275831386592801,True,-0.07005826506686097,0.015063201893156686,-0.07595567730687258,True,-0.09109000159049618,0.015063201893156686,-0.09727157813754095,True,-0.1975273693811821,0.015063201893156686,-0.21713801332395588,True,20,True,False,True,False,True,False,,1,STOP_BEFORE_TARGET,False,True,False,True,False,,2,STOP_BEFORE_TARGET,2023-07-14,2023-07-18,2023-07-20,2023-07-27,2023-08-10
SHOP|2023-07-14T00:00:00|Long,SHOP,2023-07-14,Long,0.003360166065566217,0.02103729007460875,-0.008473253871708941,True,-0.003213931353056698,0.02103729007460875,-0.04674940965536978,True,-0.04207446868983278,0.02103729007460875,-0.05003645836468129,True,-0.03520812476496005,0.02103729007460875,-0.07195026503927049,True,-0.1925492633760736,0.02103729007460875,-0.2007304379306094,True,20,True,False,True,False,True,False,,2,STOP_BEFORE_TARGET,False,True,False,True,False,,2,STOP_BEFORE_TARGET,2023-07-17,2023-07-19,2023-07-21,2023-07-28,2023-08-11
SHOP|2023-07-17T00:00:00|Long,SHOP,2023-07-17,Long,-0.020675570218922967,-0.0032032792621660144,-0.049941763103301784,True,-0.047175274452137206,0.0065520813372546005,-0.053217803771929084,True,-0.03654633263071361,0.0065520813372546005,-0.053217803771929084,True,-0.016016285224713322,0.0065520813372546005,-0.07505822301093368,True,-0.18491556066551695,0.0065520813372546005,-0.2082556980235003,True,20,True,False,True,False,True,False,,1,STOP_BEFORE_TARGET,False,True,False,True,False,,1,STOP_BEFORE_TARGET,2023-07-18,2023-07-20,2023-07-24,2023-07-31,2023-08-14
SHOP|2023-07-18T00:00:00|Long,SHOP,2023-07-18,Long,0.014421665029662911,0.027802483761447894,0.00223017426575578,True,-0.025126410760190954,0.027802483761447894,-0.03322926760877476,True,-0.03374969075771361,0.027802483761447894,-0.03577171845016902,True,0.002824781534007448,0.027802483761447894,-0.055530783403583306,True,-0.1772227416749027,0.027802483761447894,-0.19154033341791532,True,20,True,False,True,False,True,False,,2,STOP_BEFORE_TARGET,False,True,False,True,False,,2,STOP_BEFORE_TARGET,2023-07-19,2023-07-21,2023-07-25,2023-08-01,2023-08-15
SHOP|2023-07-19T00:00:00|Long,SHOP,2023-07-19,Long,-0.04089111502650722,0.00055685743655709,-0.04697349660512651,True,-0.03019207220629483,0.00055685743655709,-0.04697349660512651,True,-0.05202994103908476,0.00055685743655709,-0.0633153055397363,True,-0.08500663588445234,0.0011724197233535794,-0.09145539163794691,True,-0.1889198676557856,0.0011724197233535794,-0.20342963798787506,True,20,True,False,True,False,True,False,,1,STOP_BEFORE_TARGET,False,True,False,True,False,,1,STOP_BEFORE_TARGET,2023-07-20,2023-07-24,2023-07-26,2023-08-02,2023-08-16
SHOP|2023-07-20T00:00:00|Long,SHOP,2023-07-20,Long,0.001986510522128615,0.018260997100270515,-0.00382029325600719,True,-0.006876597812471741,0.03453536709231475,-0.008954861593648,True,-0.02261618737344584,0.03591073328924832,-0.02926346033134697,True,-0.09779953067100433,0.04385689196386022,-0.10864914952773308,True,-0.1867359530074083,0.04385689196386022,-0.19353607033965725,True,20,True,True,True,True,False,False,2,4,TARGET_BEFORE_STOP,False,True,False,True,False,,9,STOP_BEFORE_TARGET,2023-07-21,2023-07-25,2023-07-27,2023-08-03,2023-08-17
SHOP|2023-07-21T00:00:00|Long,SHOP,2023-07-21,Long,0.009150502926850823,0.03248432611455532,-0.0009150153861977595,True,-0.013573271218402794,0.03248432611455532,-0.025316453486931234,True,0.007167930805102918,0.03385696554880968,-0.03118801553245598,True,-0.11651669094412853,0.041787370390758305,-0.12048195154258168,True,-0.18956840571949773,0.041787370390758305,-0.21915508614862877,True,20,True,True,True,True,False,False,1,3,TARGET_BEFORE_STOP,False,True,False,True,False,,4,STOP_BEFORE_TARGET,2023-07-24,2023-07-26,2023-07-28,2023-08-04,2023-08-18
SHOP|2023-07-24T00:00:00|Long,SHOP,2023-07-24,Long,-0.01783285987348837,0.004684981057378579,-0.01988819598770164,True,-0.03339880830629738,0.02448243601950595,-0.03997274771435233,True,0.021308806122517288,0.03234093167396779,-0.03997274771435233,True,-0.12996824410004615,0.03234093167396779,-0.14598760941096278,True,-0.18497805958099556,0.03234093167396779,-0.2262354211917076,True,20,True,True,True,False,True,False,5,2,STOP_BEFORE_TARGET,False,True,False,True,False,,2,STOP_BEFORE_TARGET,2023-07-25,2023-07-27,2023-07-31,2023-08-07,2023-08-21
SHOP|2023-07-25T00:00:00|Long,SHOP,2023-07-25,Long,-0.004769927200852675,0.01400221098663379,-0.01661791124568568,True,0.01615637923175206,0.043083599689095475,-0.022541873919760924,True,0.03785196438426186,0.051084779257625446,-0.022541873919760924,True,-0.13540543970330465,0.051084779257625446,-0.14248343785060258,True,-0.16971840501391755,0.051084779257625446,-0.2121864525943875,True,20,True,True,True,,,False,2,2,AMBIGUOUS,True,True,True,False,False,4,6,TARGET_BEFORE_STOP,2023-07-26,2023-07-28,2023-08-01,2023-08-08,2023-08-22
SHOP|2023-07-26T00:00:00|Long,SHOP,2023-07-26,Long,-0.01113174423787855,0.04808287872105499,-0.01785712389992755,True,0.0448361396443413,0.05612240625063025,-0.01785712389992755,True,-0.03478664176536739,0.05612240625063025,-0.041589341589624684,True,-0.14656771022738735,0.05612240625063025,-0.1482683999279525,True,-0.12291281269989862,0.05612240625063025,-0.20841062892137374,True,20,True,True,True,True,False,False,1,5,TARGET_BEFORE_STOP,True,True,True,False,False,3,5,TARGET_BEFORE_STOP,2023-07-27,2023-07-31,2023-08-02,2023-08-09,2023-08-23
SHOP|2023-07-27T00:00:00|Long,SHOP,2023-07-27,Long,0.03252035429687239,0.03596002321263603,0.014227699736323096,True,0.05456532072741682,0.06801123415239574,0.014227699736323096,True,-0.07692304939603611,0.06801123415239574,-0.08802372317082696,True,-0.11710440855193593,0.06801123415239574,-0.13868041055113312,True,-0.13289556162710314,0.06801123415239574,-0.19949966391777052,True,20,True,True,True,True,False,False,1,4,TARGET_BEFORE_STOP,True,True,True,False,False,2,4,TARGET_BEFORE_STOP,2023-07-28,2023-08-01,2023-08-03,2023-08-10,2023-08-24
SHOP|2023-07-28T00:00:00|Long,SHOP,2023-07-28,Long,0.023319214024499768,0.03437305589940842,0.010902501676583576,True,-0.0546638485812434,0.03437305589940842,-0.06132645640391432,True,-0.12280436853302246,0.03437305589940842,-0.12674140869998196,True,-0.16308298468287008,0.03437305589940842,-0.17156271462726125,True,-0.15899454655415124,0.03437305589940842,-0.22471229477373778,True,20,True,True,True,True,False,False,1,3,TARGET_BEFORE_STOP,False,True,False,True,False,,3,STOP_BEFORE_TARGET,2023-07-31,2023-08-02,2023-08-04,2023-08-11,2023-08-25
SHOP|2023-07-31T00:00:00|Long,SHOP,2023-07-31,Long,-0.0019237182493351268,0.0008878004878387635,-0.029446662314969174,True,-0.12636875827373828,0.0008878004878387635,-0.1368748113254622,True,-0.14812077337989393,0.0008878004878387635,-0.16380590721491428,True,-0.17164844590885864,0.0008878004878387635,-0.19536849026275693,True,-0.1667653174372189,0.0008878004878387635,-0.24237941142801533,True,20,True,False,True,False,True,False,,1,STOP_BEFORE_TARGET,False,True,False,True,False,,2,STOP_BEFORE_TARGET,2023-08-01,2023-08-03,2023-08-07,2023-08-14,2023-08-28
SHOP|2023-08-01T00:00:00|Long,SHOP,2023-08-01,Long,-0.07442545396878975,-0.018813895475141118,-0.08094878453389887,True,-0.1411415429769639,-0.018813895475141118,-0.14499628201320103,True,-0.16693845561140008,-0.018813895475141118,-0.17375830891436816,True,-0.17954036091279457,-0.018813895475141118,-0.19381762251088874,True,-0.12824311493771046,-0.018813895475141118,-0.24091915375136608,True,20,True,False,True,False,True,False,,1,STOP_BEFORE_TARGET,False,True,False,True,False,,1,STOP_BEFORE_TARGET,2023-08-02,2023-08-04,2023-08-08,2023-08-15,2023-08-29
SHOP|2023-08-02T00:00:00|Long,SHOP,2023-08-02,Long,-0.05430080687293204,0.029152645938291588,-0.06567352961843864,True,-0.07784719824754893,0.029152645938291588,-0.09482623666032208,True,-0.11580969897315418,0.029152645938291588,-0.11757168215133529,True,-0.11356719714768437,0.029152645938291588,-0.12942498464772256,True,-0.03876344660920894,0.029152645938291588,-0.17988145903156916,True,20,True,False,True,False,True,False,,1,STOP_BEFORE_TARGET,False,True,False,True,False,,1,STOP_BEFORE_TARGET,2023-08-03,2023-08-07,2023-08-09,2023-08-16,2023-08-30
SHOP|2023-08-03T00:00:00|Long,SHOP,2023-08-03,Long,-0.018800823054520577,0.03624660156611936,-0.023204653206936543,True,-0.04827239574227071,0.03624660156611936,-0.05606370802783123,True,-0.043529804454124243,0.03624660156611936,-0.06690380592288603,True,-0.09857722907476407,0.03624660156611936,-0.10611448666154677,True,0.12618558320995654,0.1322831544289449,-0.13279132843858055,True,20,True,True,True,,,False,1,1,AMBIGUOUS,True,True,False,True,False,20,2,STOP_BEFORE_TARGET,2023-08-04,2023-08-08,2023-08-10,2023-08-17,2023-08-31
SHOP|2023-08-04T00:00:00|Long,SHOP,2023-08-04,Long,-0.006214407188936177,0.002226787537628505,-0.02451237659523553,True,-0.047125833382611115,0.002226787537628505,-0.04902468734035459,True,-0.045917483745886556,0.002226787537628505,-0.05558434668980028,True,-0.08268601571368162,0.002226787537628505,-0.1161746850816956,True,0.15156220840745305,0.16692556737448072,-0.1161746850816956,True,20,True,True,True,False,True,False,18,1,STOP_BEFORE_TARGET,True,True,False,True,False,19,2,STOP_BEFORE_TARGET,2023-08-07,2023-08-09,2023-08-11,2023-08-18,2023-09-01
SHOP|2023-08-07T00:00:00|Long,SHOP,2023-08-07,Long,-0.023970836814843688,-0.0045162119665006495,-0.03196109366582667,True,-0.019107147471810526,-0.0045162119665006495,-0.043077984286654214,True,-0.02761855412569747,-0.0045162119665006495,-0.05546292878900427,True,-0.06322736510237792,-0.0045162119665006495,-0.11064788892916144,True,0.14295645997152073,0.17422266514617712,-0.11064788892916144,True,20,True,True,True,False,True,False,17,1,STOP_BEFORE_TARGET,True,True,False,True,False,18,1,STOP_BEFORE_TARGET,2023-08-08,2023-08-10,2023-08-14,2023-08-21,2023-09-05
SHOP|2023-08-08T00:00:00|Long,SHOP,2023-08-08,Long,-0.017618755792226604,0.015572166246398123,-0.01957641041119773,True,-0.01637298792365527,0.01797476705668366,-0.02633919876148272,True,-0.015127220055083934,0.01797476705668366,-0.032265523574510624,True,-0.039686769829824,0.01797476705668366,-0.08880580149004702,True,0.1713828315264947,0.2030610451374626,-0.08880580149004702,True,20,True,True,True,False,True,False,15,3,STOP_BEFORE_TARGET,True,True,False,True,False,15,4,STOP_BEFORE_TARGET,2023-08-09,2023-08-11,2023-08-15,2023-08-22,2023-09-06
SHOP|2023-08-09T00:00:00|Long,SHOP,2023-08-09,Long,0.023007254351639972,0.036231883557196864,0.003260875048694434,True,0.01413041247312008,0.036231883557196864,-0.014909453807921302,True,0.002536220791910404,0.036231883557196864,-0.01539859197590876,True,0.027717368807068876,0.036231883557196864,-0.07246376711439373,True,0.17355068630341952,0.22463763659052027,-0.07246376711439373,True,20,True,True,True,True,False,False,1,6,TARGET_BEFORE_STOP,True,True,False,True,False,14,6,STOP_BEFORE_TARGET,2023-08-10,2023-08-14,2023-08-16,2023-08-23,2023-09-07
SHOP|2023-08-10T00:00:00|Long,SHOP,2023-08-10,Long,-0.021250234407636404,-0.00935009503304407,-0.03116702847856878,True,-0.020010643592848987,-0.004781307808165658,-0.03706396802004308,True,-0.05755268159633897,-0.004781307808165658,-0.06543296644147323,True,-0.017885640417875215,0.01239590814787439,-0.09332389487945636,True,0.11581365254924725,0.19709575018279746,-0.09332389487945636,True,20,True,True,True,False,True,False,13,1,STOP_BEFORE_TARGET,True,True,False,True,False,14,1,STOP_BEFORE_TARGET,2023-08-11,2023-08-15,2023-08-17,2023-08-24,2023-09-08
SHOP|2023-08-11T00:00:00|Long,SHOP,2023-08-11,Long,0.012846011915907729,0.013026980545320255,-0.01615707524878529,True,0.0012665043286494981,0.01682649353126875,-0.016645593921165713,True,-0.038538104767032566,0.01682649353126875,-0.0736384957683226,True,0.004885117704495068,0.03437665452225902,-0.0736384957683226,True,0.1680838976639656,0.22308662772275145,-0.0736384957683226,True,20,True,True,True,False,True,False,8,4,STOP_BEFORE_TARGET,True,True,False,True,False,12,4,STOP_BEFORE_TARGET,2023-08-14,2023-08-16,2023-08-18,2023-08-25,2023-09-11
SHOP|2023-08-14T00:00:00|Long,SHOP,2023-08-14,Long,-0.011432643709930135,0.003929996829262761,-0.0216148462730823,True,-0.04930329303505643,0.003929996829262761,-0.0572525552441151,True,-0.036620208178348435,0.003929996829262761,-0.08538761733448064,True,0.005894995243894252,0.02125756763915554,-0.08538761733448064,True,0.12415149731638975,0.207574116236239,-0.08538761733448064,True,20,True,True,True,False,True,False,11,1,STOP_BEFORE_TARGET,True,True,False,True,False,11,3,STOP_BEFORE_TARGET,2023-08-15,2023-08-17,2023-08-21,2023-08-28,2023-09-12
SHOP|2023-08-15T00:00:00|Long,SHOP,2023-08-15,Long,0.0,0.010932409479005756,-0.017889441195104494,True,-0.039754260153115895,0.011384189851430193,-0.07481025258824181,True,-0.02493677384008286,0.011384189851430193,-0.07481025258824181,True,0.0625225709239694,0.06882902236009536,-0.07481025258824181,True,0.13155039319161332,0.2215395426044262,-0.07481025258824181,True,20,True,True,True,False,True,False,6,2,STOP_BEFORE_TARGET,True,True,False,True,False,10,2,STOP_BEFORE_TARGET,2023-08-16,2023-08-18,2023-08-22,2023-08-29,2023-09-13
SHOP|2023-08-16T00:00:00|Long,SHOP,2023-08-16,Long,-0.038308618106963066,0.011384189851430193,-0.04634981242566971,True,-0.025478855141386814,0.011384189851430193,-0.07481025258824181,True,0.02511744462984855,0.030086752998490507,-0.07481025258824181,True,0.08438738988198091,0.08473074020774307,-0.07481025258824181,True,0.1456451274135766,0.2215395426044262,-0.07481025258824181,True,20,True,True,True,False,True,False,5,1,STOP_BEFORE_TARGET,True,True,False,True,False,9,1,STOP_BEFORE_TARGET,2023-08-17,2023-08-21,2023-08-23,2023-08-30,2023-09-14
SHOP|2023-08-17T00:00:00|Long,SHOP,2023-08-17,Long,-0.0015032286587690624,0.0005636749080946135,-0.0379556634992686,True,0.01390450670417609,0.03504317589237527,-0.0379556634992686,True,0.042089398955108326,0.07422015891847811,-0.0379556634992686,True,0.24934228370337275,0.2561066693120586,-0.0379556634992686,True,0.17211573914524414,0.27019911543752473,-0.0379556634992686,True,20,True,True,True,False,True,False,3,1,STOP_BEFORE_TARGET,True,True,False,True,False,4,1,STOP_BEFORE_TARGET,2023-08-18,2023-08-22,2023-08-24,2023-08-31,2023-09-15
SHOP|2023-08-18T00:00:00|Long,SHOP,2023-08-18,Long,0.014866408065507652,0.02126460446168843,-0.004535211364668168,True,0.06755739920627879,0.0727324373891447,-0.004535211364668168,True,0.0451637477125455,0.07583738851306632,-0.004535211364668168,True,0.2553631887596075,0.2721113897357219,-0.004535211364668168,True,0.11968386683102739,0.2721113897357219,-0.004535211364668168,True,20,True,True,False,True,False,False,2,,TARGET_BEFORE_STOP,True,False,True,False,False,3,,TARGET_BEFORE_STOP,2023-08-21,2023-08-23,2023-08-25,2023-09-01,2023-09-18
SHOP|2023-08-21T00:00:00|Long,SHOP,2023-08-21,Long,0.0005562540168202457,0.021416628458391207,-0.0016688327846949846,True,0.0283700866055816,0.06007783878055317,-0.0016688327846949846,True,0.04413130084641992,0.06007783878055317,-0.0016688327846949846,True,0.22010017948104554,0.2534766937064781,-0.0016688327846949846,True,0.0815872705540599,0.2534766937064781,-0.0016688327846949846,True,20,True,True,False,True,False,False,2,,TARGET_BEFORE_STOP,True,False,True,False,False,2,,TARGET_BEFORE_STOP,2023-08-22,2023-08-24,2023-08-28,2023-09-05,2023-09-19
SHOP|2023-08-22T00:00:00|Long,SHOP,2023-08-22,Long,0.051334331074159634,0.056430727118355284,0.0027798652413630887,True,0.02928098328136075,0.059488494049962926,0.0020015142849669765,True,0.0896960755134748,0.09616381141708663,0.0020015142849669765,True,0.21979245388394308,0.2527798298939081,0.0020015142849669765,True,0.055782101321358635,0.2527798298939081,0.0020015142849669765,True,20,True,True,False,True,False,False,1,,TARGET_BEFORE_STOP,True,False,True,False,False,1,,TARGET_BEFORE_STOP,2023-08-23,2023-08-25,2023-08-29,2023-09-06,2023-09-20
SHOP|2023-08-23T00:00:00|Long,SHOP,2023-08-23,Long,-0.02238675247684674,0.007756013225090896,-0.03169399524416916,True,-0.007403457999900387,0.007756013225090896,-0.04692400441141198,True,0.057817712070574956,0.058152649620961006,-0.04692400441141198,True,0.1419002168520591,0.19160936047235277,-0.04692400441141198,True,-0.0534108726202438,0.19160936047235277,-0.05376342784543431,True,20,True,True,True,False,True,False,4,1,STOP_BEFORE_TARGET,True,True,False,True,False,5,1,STOP_BEFORE_TARGET,2023-08-24,2023-08-28,2023-08-30,2023-09-07,2023-09-21
SHOP|2023-08-24T00:00:00|Long,SHOP,2023-08-24,Long,0.001442514107020454,0.021276601598541056,-0.025099140172999856,True,0.060223588310931,0.06651639446308999,-0.025099140172999856,True,0.198882058445345,0.2053732343612198,-0.025099140172999856,True,0.13613413922998685,0.2188964945916727,-0.025099140172999856,True,-0.04291376294097893,0.2188964945916727,-0.04633969955372308,True,20,True,True,True,False,True,False,3,1,STOP_BEFORE_TARGET,True,True,True,False,False,3,19,TARGET_BEFORE_STOP,2023-08-25,2023-08-29,2023-08-31,2023-09-08,2023-09-22
SHOP|2023-08-25T00:00:00|Long,SHOP,2023-08-25,Long,0.0138638899004484,0.021335929763415917,0.003781042150000191,True,0.08048248707817685,0.08082460099187627,0.003781042150000191,True,0.20111627628408102,0.21714075188684645,0.003781042150000191,True,0.16240541041375245,0.21714075188684645,0.003781042150000191,True,-0.03528986410089707,0.21714075188684645,-0.0583363634328099,True,20,True,True,True,True,False,False,2,18,TARGET_BEFORE_STOP,True,True,True,False,False,2,18,TARGET_BEFORE_STOP,2023-08-28,2023-08-30,2023-09-01,2023-09-11,2023-09-25
SHOP|2023-08-28T00:00:00|Long,SHOP,2023-08-28,Long,0.04421946018546152,0.05041727611382418,-0.00532770457185805,True,0.1807848737738993,0.18717806506446677,-0.00532770457185805,True,0.16853137004127472,0.20049719100495622,-0.00532770457185805,True,0.11756346599957235,0.20049719100495622,-0.00532770457185805,True,-0.08524246021479498,0.20049719100495622,-0.08772868621788732,True,20,True,True,True,True,False,False,1,17,TARGET_BEFORE_STOP,True,True,True,False,False,1,17,TARGET_BEFORE_STOP,2023-08-29,2023-08-31,2023-09-05,2023-09-12,2023-09-26
SHOP|2023-08-29T00:00:00|Long,SHOP,2023-08-29,Long,0.02057821598932974,0.02090136237243545,-0.007312930455018796,True,0.13452380867424552,0.14965985291227812,-0.007312930455018796,True,0.11938776443621268,0.14965985291227812,-0.007312930455018796,True,0.06496598204743753,0.14965985291227812,-0.007312930455018796,True,-0.11819729342035423,0.14965985291227812,-0.1321428666425285,True,20,True,True,True,True,False,False,2,14,TARGET_BEFORE_STOP,True,True,True,False,False,2,14,TARGET_BEFORE_STOP,2023-08-30,2023-09-01,2023-09-06,2023-09-13,2023-09-27
SHOP|2023-08-30T00:00:00|Long,SHOP,2023-08-30,Long,0.10798199839161016,0.1139810088968709,0.05449092733252603,True,0.09648400086935172,0.12647892626026613,0.05449092733252603,True,0.07948676205931626,0.12647892626026613,0.05449092733252603,True,0.05649063987940961,0.12647892626026613,0.028528609372128422,True,-0.11348104897630262,0.12647892626026613,-0.15697381157174872,True,20,True,True,True,True,False,False,1,13,TARGET_BEFORE_STOP,True,True,True,False,False,1,13,TARGET_BEFORE_STOP,2023-08-31,2023-09-05,2023-09-07,2023-09-14,2023-09-28
SHOP|2023-08-31T00:00:00|Long,SHOP,2023-08-31,Long,0.0033087867013303907,0.016694249451260745,-0.009023890711358118,True,-0.010076676048599964,0.016694249451260745,-0.022409353461288584,True,-0.052338692345372806,0.016694249451260745,-0.05572263701900759,True,-0.06181376038054953,0.016694249451260745,-0.07170999992312088,True,-0.17927505718030012,0.016694249451260745,-0.2391336775759707,True,20,True,False,True,False,True,False,,3,STOP_BEFORE_TARGET,False,True,False,True,False,,4,STOP_BEFORE_TARGET,2023-09-01,2023-09-06,2023-09-08,2023-09-15,2023-09-29
SHOP|2023-09-01T00:00:00|Long,SHOP,2023-09-01,Long,-0.013641073979967278,-0.003297874737257067,-0.021586006013623593,True,-0.02893119969514446,-0.003297874737257067,-0.04705441436133184,True,-0.03222907443240153,-0.003297874737257067,-0.058836745479346364,True,-0.10807973592298925,-0.003297874737257067,-0.11001350326224957,True,-0.190526146888091,-0.003297874737257067,-0.24164291939912252,True,20,True,False,True,False,True,False,,1,STOP_BEFORE_TARGET,False,True,False,True,False,,3,STOP_BEFORE_TARGET,2023-09-05,2023-09-07,2023-09-11,2023-09-18,2023-10-02
SHOP|2023-09-05T00:00:00|Long,SHOP,2023-09-05,Long,0.0003039003364586623,0.006990867220945551,-0.01215810052666011,True,-0.04240128572684121,0.006990867220945551,-0.04582071526613951,True,-0.04361706099503537,0.006990867220945551,-0.04582071526613951,True,-0.11352584915273145,0.006990867220945551,-0.135562333889653,True,-0.21914895615278174,0.006990867220945551,-0.23115504853709268,True,20,True,False,True,False,True,False,,2,STOP_BEFORE_TARGET,False,True,False,True,False,,2,STOP_BEFORE_TARGET,2023-09-06,2023-09-08,2023-09-12,2023-09-19,2023-10-03
SHOP|2023-09-06T00:00:00|Long,SHOP,2023-09-06,Long,-0.015800682472642547,-0.0016712338325977072,-0.034168954113399375,True,-0.01914315013783796,-0.0016712338325977072,-0.046110602574961246,True,-0.04861745332385781,-0.0016712338325977072,-0.062260704827626356,True,-0.13445758910899863,-0.0016712338325977072,-0.1365086698877348,True,-0.20115463271280842,-0.0016712338325977072,-0.23138862979110508,True,20,True,False,True,False,True,False,,1,STOP_BEFORE_TARGET,False,True,False,True,False,,1,STOP_BEFORE_TARGET,2023-09-07,2023-09-11,2023-09-13,2023-09-20,2023-10-04
SHOP|2023-09-07T00:00:00|Long,SHOP,2023-09-07,Long,-0.027323255497333387,0.0006946305926713858,-0.030796526234612265,True,-0.028558173957736077,0.0021611514709256596,-0.030796526234612265,True,-0.02130282925937632,0.0021611514709256596,-0.04720590791681012,True,-0.17104041718349794,0.0021611514709256596,-0.17134916152033886,True,-0.19435011407582092,0.0021611514709256596,-0.2190490721534868,True,20,True,False,True,False,True,False,,1,STOP_BEFORE_TARGET,False,True,False,True,False,,1,STOP_BEFORE_TARGET,2023-09-08,2023-09-12,2023-09-14,2023-09-21,2023-10-05
SHOP|2023-09-08T00:00:00|Long,SHOP,2023-09-08,Long,0.024599258504199195,0.027773430587431314,-0.0031740510009479195,True,-0.006189484209447427,0.030312647171732765,-0.02044117177864968,True,-0.009998369627041703,0.030312647171732765,-0.02044117177864968,True,-0.15759398119337853,0.030312647171732765,-0.16060941440187804,True,-0.14854780265016432,0.030312647171732765,-0.19711154578305823,True,20,True,True,True,True,False,False,2,3,TARGET_BEFORE_STOP,False,True,False,True,False,,6,STOP_BEFORE_TARGET,2023-09-11,2023-09-13,2023-09-15,2023-09-22,2023-10-06
SHOP|2023-09-11T00:00:00|Long,SHOP,2023-09-11,Long,-0.025247789886277627,0.005576217843329845,-0.025557586331754867,True,-0.017967721136638026,0.005576217843329845,-0.04395906976216524,True,-0.07837666898920448,0.005576217843329845,-0.08037483538186208,True,-0.1700742896957791,0.005576217843329845,-0.1899008485929108,True,-0.1711586067987646,0.005576217843329845,-0.21638782426109737,True,20,True,False,True,False,True,False,,1,STOP_BEFORE_TARGET,False,True,False,True,False,,2,STOP_BEFORE_TARGET,2023-09-12,2023-09-14,2023-09-18,2023-09-25,2023-10-09
SHOP|2023-09-12T00:00:00|Long,SHOP,2023-09-12,Long,-0.004926130173012577,0.00524389027104899,-0.019195934804502324,True,-0.008739857530483897,0.014428745298611378,-0.019195934804502324,True,-0.07309706740527,0.014428745298611378,-0.09613855407153005,True,-0.18147150688482228,0.014428745298611378,-0.18369619127969783,True,-0.12474175172497903,0.014428745298611378,-0.19609089611863495,True,20,True,False,True,False,True,False,,4,STOP_BEFORE_TARGET,False,True,False,True,False,,4,STOP_BEFORE_TARGET,2023-09-13,2023-09-15,2023-09-19,2023-09-26,2023-10-10
SHOP|2023-09-13T00:00:00|Long,SHOP,2023-09-13,Long,0.012456125954946051,0.01945069211292738,0.0004791215986250652,True,-0.04982432106520096,0.01945069211292738,-0.05188439164380254,True,-0.09022672960003486,0.01945069211292738,-0.09238262449836154,True,-0.1719897898669528,0.01945069211292738,-0.1850846430897416,True,-0.13382301814686004,0.01945069211292738,-0.19211113038156657,True,20,True,False,True,False,True,False,,3,STOP_BEFORE_TARGET,False,True,False,True,False,,3,STOP_BEFORE_TARGET,2023-09-14,2023-09-18,2023-09-20,2023-09-27,2023-10-11
SHOP|2023-09-14T00:00:00|Long,SHOP,2023-09-14,Long,-0.016088334908751167,0.0014195607322051718,-0.023343900967091935,True,-0.07996844752053711,0.0014195607322051718,-0.10283912146441054,True,-0.1529968537773625,0.0014195607322051718,-0.15331231840326642,True,-0.160883288918786,0.0014195607322051718,-0.2020504899840132,True,-0.15883279893477287,0.0014195607322051718,-0.2020504899840132,True,20,True,False,True,False,True,False,,1,STOP_BEFORE_TARGET,False,True,False,True,False,,2,STOP_BEFORE_TARGET,2023-09-15,2023-09-19,2023-09-21,2023-09-28,2023-10-12
SHOP|2023-09-15T00:00:00|Long,SHOP,2023-09-15,Long,-0.04616866012827481,0.000641184676903217,-0.04823665652492093,True,-0.08672651097752804,0.000641184676903217,-0.08889070036385172,True,-0.14908623080826022,0.000641184676903217,-0.1521321179219648,True,-0.12520040460985182,0.000641184676903217,-0.18900289698061035,True,-0.17361336398870808,0.000641184676903217,-0.18900289698061035,True,20,True,False,True,False,True,False,,1,STOP_BEFORE_TARGET,False,True,False,True,False,,1,STOP_BEFORE_TARGET,2023-09-18,2023-09-20,2023-09-22,2023-09-29,2023-10-13
SHOP|2023-09-18T00:00:00|Long,SHOP,2023-09-18,Long,-0.019663834772190136,-0.004537822819557502,-0.044033595493861655,True,-0.09747897877412681,-0.004537822819557502,-0.09781512092141542,True,-0.09949576754529932,-0.004537822819557502,-0.12100841618385638,True,-0.09243697478991597,-0.004537822819557502,-0.14974789659516152,True,-0.10453783564206931,-0.004537822819557502,-0.14974789659516152,True,20,True,False,True,False,True,False,,1,STOP_BEFORE_TARGET,False,True,False,True,False,,1,STOP_BEFORE_TARGET,2023-09-19,2023-09-21,2023-09-25,2023-10-02,2023-10-16
SHOP|2023-09-19T00:00:00|Long,SHOP,2023-09-19,Long,-0.023315627767175995,0.006343201101834728,-0.02563008228444963,True,-0.09000514032565865,0.006343201101834728,-0.09326251106870376,True,-0.11692102340875532,0.006343201101834728,-0.11932115002033894,True,-0.11914967503462848,0.006343201101834728,-0.13269332136975942,True,-0.07131842159303003,0.006343201101834728,-0.13269332136975942,True,20,True,False,True,False,True,False,,1,STOP_BEFORE_TARGET,False,True,False,True,False,,2,STOP_BEFORE_TARGET,2023-09-20,2023-09-22,2023-09-26,2023-10-03,2023-10-17
SHOP|2023-09-20T00:00:00|Long,SHOP,2023-09-20,Long,-0.057398637663629515,-0.01720202775562152,-0.05774970765371412,True,-0.05950499064438319,-0.01720202775562152,-0.08197300129151974,True,-0.08987190866903827,-0.01720202775562152,-0.104265443463737,True,-0.07705808839008932,-0.01720202775562152,-0.11198878236633625,True,-0.07249431243849747,-0.01358613408128273,-0.11198878236633625,True,20,True,False,True,False,True,False,,1,STOP_BEFORE_TARGET,False,True,False,True,False,,1,STOP_BEFORE_TARGET,2023-09-21,2023-09-25,2023-09-27,2023-10-04,2023-10-18
SHOP|2023-09-21T00:00:00|Long,SHOP,2023-09-21,Long,-0.011545603781679126,0.0292364929705502,-0.015083824241768573,True,-0.04078216778942134,0.0292364929705502,-0.04338923273652384,True,-0.009310986832333001,0.0292364929705502,-0.05791434946306184,True,-0.02811922001447309,0.03519551886026795,-0.05791434946306184,True,-0.034823070862511574,0.04648041614723675,-0.05791434946306184,True,20,True,True,True,False,True,False,6,2,STOP_BEFORE_TARGET,False,True,False,True,False,,3,STOP_BEFORE_TARGET,2023-09-22,2023-09-26,2023-09-28,2023-10-05,2023-10-19
SHOP|2023-09-22T00:00:00|Long,SHOP,2023-09-22,Long,0.009419743458024321,0.010267485873115767,-0.014694848664036697,True,-0.023172632149646488,0.010361703430439073,-0.038621005671451325,True,0.028070795259426795,0.04728708053782915,-0.046910354042414726,True,0.010738501792792565,0.04728708053782915,-0.046910354042414726,True,-0.036548650611975764,0.058703790636082775,-0.046910354042414726,True,20,True,True,True,False,True,False,5,2,STOP_BEFORE_TARGET,True,True,False,True,False,18,2,STOP_BEFORE_TARGET,2023-09-25,2023-09-27,2023-09-29,2023-10-06,2023-10-20
SHOP|2023-09-25T00:00:00|Long,SHOP,2023-09-25,Long,-0.03863388276933055,0.0009331697527410476,-0.04124678655552072,True,-0.007092218274150741,0.005599089712734262,-0.05580443404788771,True,0.007838711358570505,0.0375139651519798,-0.05580443404788771,True,-0.0013065230893835045,0.0375139651519798,-0.05580443404788771,True,-0.04815232816135018,0.0488241363391837,-0.0735349441351203,True,20,True,True,True,False,True,False,4,1,STOP_BEFORE_TARGET,False,True,False,True,False,,1,STOP_BEFORE_TARGET,2023-09-26,2023-09-28,2023-10-02,2023-10-09,2023-10-23
SHOP|2023-09-26T00:00:00|Long,SHOP,2023-09-26,Long,0.0066006632433874834,0.01912251295764067,-0.00931857033347383,True,0.05940596919048646,0.07920795892064869,-0.017860574624804726,True,-0.002523728550843818,0.07920795892064869,-0.017860574624804726,True,0.06930700108427468,0.07920795892064869,-0.017860574624804726,True,0.016307516597932725,0.09097264563520047,-0.036303610809923725,True,20,True,True,True,True,False,False,2,19,TARGET_BEFORE_STOP,True,True,True,False,False,3,19,TARGET_BEFORE_STOP,2023-09-27,2023-09-29,2023-10-03,2023-10-10,2023-10-24
SHOP|2023-09-27T00:00:00|Long,SHOP,2023-09-27,Long,0.026036689075162878,0.0391514494452172,-0.0243008362316941,True,0.04146579728352351,0.07213118203529878,-0.0243008362316941,True,0.01407913941015737,0.07213118203529878,-0.0243008362316941,True,0.04609456653192723,0.07305693588497952,-0.0243008362316941,True,-0.06480225447511456,0.08381872322630546,-0.06750241278689506,True,20,True,True,True,,,False,1,1,AMBIGUOUS,True,True,True,False,False,2,18,TARGET_BEFORE_STOP,2023-09-28,2023-10-02,2023-10-04,2023-10-11,2023-10-25
SHOP|2023-09-28T00:00:00|Long,SHOP,2023-09-28,Long,0.025751859252587606,0.04492479991303644,0.016954895005837134,True,-0.034210520088790664,0.04492479991303644,-0.04097744875775322,True,-0.018985002288459785,0.04492479991303644,-0.04097744875775322,True,0.0024436290648663928,0.045827061849220474,-0.04097744875775322,True,-0.12236845945245756,0.056315758263211446,-0.1389097609712162,True,20,True,True,True,True,False,False,1,3,TARGET_BEFORE_STOP,True,True,False,True,False,14,3,STOP_BEFORE_TARGET,2023-09-29,2023-10-03,2023-10-05,2023-10-12,2023-10-26
SHOP|2023-09-29T00:00:00|Long,SHOP,2023-09-29,Long,-0.010445294081214418,0.011728044589106812,-0.019424617541120348,True,-0.036466884275212386,0.011728044589106812,-0.06505404538965487,True,-0.016859046620675944,0.011728044589106812,-0.06505404538965487,True,-0.055341771571424614,0.01957120761278519,-0.0711013577022842,True,-0.14971592843384618,0.029796581634172314,-0.16052773264655262,True,20,True,False,True,False,True,False,,2,STOP_BEFORE_TARGET,False,True,False,True,False,,2,STOP_BEFORE_TARGET,2023-10-02,2023-10-04,2023-10-06,2023-10-13,2023-10-27
SHOP|2023-10-02T00:00:00|Long,SHOP,2023-10-02,Long,-0.04851849873860681,-0.005962936966507515,-0.0551851767080801,True,-0.03351854394983367,-0.005962936966507515,-0.0551851767080801,True,-0.009074105156792522,-0.0012962906448928946,-0.0551851767080801,True,-0.0133333559389468,0.03033334237557872,-0.06129632172761135,True,-0.13111114501953125,0.04066665084273735,-0.15166664123535156,True,20,True,True,True,False,True,False,7,1,STOP_BEFORE_TARGET,False,True,False,True,False,,1,STOP_BEFORE_TARGET,2023-10-03,2023-10-05,2023-10-09,2023-10-16,2023-10-30
SHOP|2023-10-03T00:00:00|Long,SHOP,2023-10-03,Long,0.02335540556623572,0.026664050280352125,-0.004476440978103846,True,0.044180623016225606,0.0492409250039294,-0.005216067552065495,True,0.07201246956056506,0.08191902581335353,-0.005216067552065495,True,0.0543012269916332,0.0828727001099343,-0.013429397179098967,True,-0.08154928677116025,0.09373293065930333,-0.1144414353032035,True,20,True,True,True,True,False,False,3,14,TARGET_BEFORE_STOP,True,True,True,False,False,5,14,TARGET_BEFORE_STOP,2023-10-04,2023-10-06,2023-10-10,2023-10-17,2023-10-31
SHOP|2023-10-04T00:00:00|Long,SHOP,2023-10-04,Long,-0.007417329607534606,-0.0005706084623302576,-0.02791940411209548,True,0.01768726622465122,0.025675131744171242,-0.02791940411209548,True,0.031570935519284804,0.058158968252839616,-0.02791940411209548,True,0.004944813854678154,0.06877134249769945,-0.0359452860123225,True,-0.07208065392818042,0.06877134249769945,-0.13465198905476472,True,20,True,True,True,False,True,False,4,1,STOP_BEFORE_TARGET,True,True,True,False,False,4,7,TARGET_BEFORE_STOP,2023-10-05,2023-10-09,2023-10-11,2023-10-18,2023-11-01
SHOP|2023-10-05T00:00:00|Long,SHOP,2023-10-05,Long,0.02797476408483268,0.03295652933439408,-0.018969110745729822,True,0.055374655688660956,0.06512746052182927,-0.018969110745729822,True,0.021843326965758747,0.06606633363289083,-0.018969110745729822,True,-0.0068978119395861626,0.07675801157712048,-0.0287411389053448,True,0.14389734305122426,0.15251969934132692,-0.12818545320453945,True,20,True,True,True,True,False,False,1,6,TARGET_BEFORE_STOP,True,True,True,False,False,3,11,TARGET_BEFORE_STOP,2023-10-06,2023-10-10,2023-10-12,2023-10-19,2023-11-02
SHOP|2023-10-06T00:00:00|Long,SHOP,2023-10-06,Long,-0.0026095657104160397,0.005218989214041514,-0.02963653508604147,True,0.010997206632012757,0.03705496562648558,-0.02963653508604147,True,-0.039142632415497536,0.03705496562648558,-0.05517246626250549,True,-0.04678475423751349,0.04745568587543847,-0.05647721356601587,True,0.14575954282223313,0.15265607444127305,-0.1519105553416923,True,20,True,True,True,False,True,False,2,1,STOP_BEFORE_TARGET,True,True,False,True,False,19,5,STOP_BEFORE_TARGET,2023-10-09,2023-10-11,2023-10-13,2023-10-20,2023-11-03
SHOP|2023-10-09T00:00:00|Long,SHOP,2023-10-09,Long,0.02934037672899148,0.038852596628366376,0.0009344618450060072,True,-0.0033637917421889263,0.039768309353351405,-0.011025979650432283,True,-0.0042982535871950445,0.039768309353351405,-0.05270042577611911,True,-0.046907090268458185,0.05019624197771133,-0.07232291260094137,True,0.12932166325368533,0.15567187614174482,-0.14969161974931067,True,20,True,True,True,True,False,False,1,4,TARGET_BEFORE_STOP,True,True,False,True,False,7,4,STOP_BEFORE_TARGET,2023-10-10,2023-10-12,2023-10-16,2023-10-23,2023-11-06
SHOP|2023-10-10T00:00:00|Long,SHOP,2023-10-10,Long,-0.015250546925622777,0.010130694238865479,-0.024872961166272356,True,-0.06408864336681785,0.010130694238865479,-0.07970230679750223,True,-0.0165214893220339,0.010130694238865479,-0.07970230679750223,True,-0.04956432945131806,0.020261388477730735,-0.0987654731401828,True,0.12000719999844867,0.13180824401207514,-0.17392885825311255,True,20,True,True,True,False,True,False,17,1,STOP_BEFORE_TARGET,True,True,False,True,False,17,2,STOP_BEFORE_TARGET,2023-10-11,2023-10-13,2023-10-17,2023-10-24,2023-11-07
SHOP|2023-10-11T00:00:00|Long,SHOP,2023-10-11,Long,-0.016777282803318583,0.01456484285367754,-0.024336347136315162,True,-0.01769916794731663,0.01456484285367754,-0.06544990674598672,True,-0.0258112367727803,0.03606189908761648,-0.06544990674598672,True,-0.10601032120326692,0.03606189908761648,-0.10859150114451466,True,0.15671090960482936,0.16316368363304323,-0.16113571917414904,True,20,True,True,True,False,True,False,5,1,STOP_BEFORE_TARGET,True,True,False,True,False,16,2,STOP_BEFORE_TARGET,2023-10-12,2023-10-16,2023-10-18,2023-10-25,2023-11-08
SHOP|2023-10-12T00:00:00|Long,SHOP,2023-10-12,Long,-0.03337713356232486,0.016125947236579785,-0.04950315232894664,True,0.01575091522688621,0.021188772072382678,-0.04950315232894664,True,-0.02812675695665423,0.05374080660136449,-0.04950315232894664,True,-0.12450783754669126,0.05374080660136449,-0.14100881679296484,True,0.13200819162039856,0.18769919328418738,-0.14682170564815522,True,20,True,True,True,False,True,False,4,1,STOP_BEFORE_TARGET,True,True,False,True,False,4,1,STOP_BEFORE_TARGET,2023-10-13,2023-10-17,2023-10-19,2023-10-26,2023-11-09
SHOP|2023-10-13T00:00:00|Long,SHOP,2023-10-13,Long,0.03355964244113108,0.03957324821957986,-0.009699321191076526,True,0.02502426643296496,0.09012609073148425,-0.009699321191076526,True,-0.007953440416684776,0.09012609073148425,-0.01804074333539818,True,-0.09990296386811937,0.09012609073148425,-0.11134816583358753,True,0.1899127266812659,0.22871001144557201,-0.11736177161203631,True,20,True,True,True,True,False,False,1,6,TARGET_BEFORE_STOP,True,True,True,False,False,2,6,TARGET_BEFORE_STOP,2023-10-16,2023-10-18,2023-10-20,2023-10-27,2023-11-10
SHOP|2023-10-16T00:00:00|Long,SHOP,2023-10-16,Long,0.016704193131368283,0.022147153382336304,-0.014827273253186557,True,-0.02721465806049561,0.054729737856976435,-0.03265761831146374,True,-0.042792770862127294,0.054729737856976435,-0.06831830842801823,True,-0.11936938355979998,0.054729737856976435,-0.14020265722882286,True,0.17004507471594543,0.1888138439147271,-0.1460210014554273,True,20,True,True,True,True,False,False,2,3,TARGET_BEFORE_STOP,True,True,True,False,False,2,3,TARGET_BEFORE_STOP,2023-10-17,2023-10-19,2023-10-23,2023-10-30,2023-11-13
SHOP|2023-10-17T00:00:00|Long,SHOP,2023-10-17,Long,-0.024552299451985005,0.037400794628861034,-0.03212106189006747,True,-0.055934998739466835,0.037400794628861034,-0.06553441678157002,True,-0.03359792793693672,0.037400794628861034,-0.08362560333062452,True,-0.12885360491368514,0.037400794628861034,-0.16005166073488386,True,0.20952554657142008,0.2215248367292615,-0.16005166073488386,True,20,True,True,True,,,False,1,1,AMBIGUOUS,True,True,False,True,False,12,1,STOP_BEFORE_TARGET,2023-10-18,2023-10-20,2023-10-24,2023-10-31,2023-11-14
SHOP|2023-10-18T00:00:00|Long,SHOP,2023-10-18,Long,-0.019114275522645663,0.009046189240893288,-0.024602559298003257,True,-0.034822107253490886,0.009046189240893288,-0.060560195944335704,True,-0.0823239678569162,0.009046189240893288,-0.08497353644021322,True,-0.07664646527943275,0.009046189240893288,-0.13890991921634976,True,0.2840650696099227,0.2935275979701826,-0.13890991921634976,True,20,True,True,True,False,True,False,11,1,STOP_BEFORE_TARGET,True,True,False,True,False,11,2,STOP_BEFORE_TARGET,2023-10-19,2023-10-23,2023-10-25,2023-11-01,2023-11-15
SHOP|2023-10-19T00:00:00|Long,SHOP,2023-10-19,Long,-0.01331279986551781,0.011962163032633422,-0.023345607880047026,True,0.01003273441435315,0.02025852209079848,-0.042253566738137294,True,-0.09917042297432443,0.02025852209079848,-0.11614895321413443,True,0.15184253625029487,0.16052478103211598,-0.12213007153053923,True,0.2980898399078409,0.3187342477222954,-0.12213007153053923,True,20,True,True,True,False,True,False,10,1,STOP_BEFORE_TARGET,True,True,False,True,False,10,2,STOP_BEFORE_TARGET,2023-10-20,2023-10-24,2023-10-26,2023-11-02,2023-11-16
SHOP|2023-10-20T00:00:00|Long,SHOP,2023-10-20,Long,-0.0027375712029589216,0.01642550181097424,-0.029331247905795332,True,-0.05181849321097265,0.03402428039173966,-0.05455613900715228,True,-0.09268670161010961,0.03402428039173966,-0.10422366210345124,True,0.20199456304932317,0.20922958331331754,-0.11028548019087514,True,0.33633158297854315,0.34708643355191127,-0.11028548019087514,True,20,True,True,True,False,True,False,2,1,STOP_BEFORE_TARGET,True,True,False,True,False,9,3,STOP_BEFORE_TARGET,2023-10-23,2023-10-25,2023-10-27,2023-11-03,2023-11-17
SHOP|2023-10-23T00:00:00|Long,SHOP,2023-10-23,Long,0.02647055831609979,0.03686276604147509,0.00500002094343599,True,-0.08450983084884345,0.03686276604147509,-0.10176467895507812,True,-0.08000003590303306,0.03686276604147509,-0.10176467895507812,True,0.18490196676815263,0.2125490225997626,-0.10784313725490191,True,0.36294121835746007,0.37568634631587017,-0.10784313725490191,True,20,True,True,True,True,False,False,1,2,TARGET_BEFORE_STOP,True,True,False,True,False,8,2,STOP_BEFORE_TARGET,2023-10-24,2023-10-26,2023-10-30,2023-11-06,2023-11-20
SHOP|2023-10-24T00:00:00|Long,SHOP,2023-10-24,Long,-0.07373442040428069,-0.02425972645814345,-0.07640878923764205,True,-0.11365801569571266,-0.02425972645814345,-0.12492831502302881,True,-0.09856733520179417,-0.02425972645814345,-0.13085002242182198,True,0.1784145257846581,0.19083098318341496,-0.13085002242182198,True,0.33199628251000246,0.3402102331825769,-0.13085002242182198,True,20,True,True,True,False,True,False,7,1,STOP_BEFORE_TARGET,True,True,False,True,False,7,1,STOP_BEFORE_TARGET,2023-10-25,2023-10-27,2023-10-31,2023-11-07,2023-11-21
SHOP|2023-10-25T00:00:00|Long,SHOP,2023-10-25,Long,-0.037121117538693515,0.017941821030522,-0.055269132035643986,True,-0.03237788111314266,0.017941821030522,-0.055269132035643986,True,0.006186826699859038,0.017941821030522,-0.061662230871701196,True,0.2938750156061156,0.3010929669776561,-0.061662230871701196,True,0.4633944447971472,0.4761806424692616,-0.061662230871701196,True,20,True,True,True,False,True,False,6,1,STOP_BEFORE_TARGET,True,True,False,True,False,6,1,STOP_BEFORE_TARGET,2023-10-26,2023-10-30,2023-11-01,2023-11-08,2023-11-22
SHOP|2023-10-26T00:00:00|Long,SHOP,2023-10-26,Long,-0.0062111182128882225,0.031912652008827536,-0.013493194944271814,True,0.010708931563642832,0.031912652008827536,-0.02548722770851075,True,0.2786464450394759,0.2882844997872871,-0.02548722770851075,True,0.29299637411747836,0.35660745375036873,-0.02548722770851075,True,0.5067466383234678,0.5330906818683732,-0.02548722770851075,True,20,True,True,True,True,False,False,1,3,TARGET_BEFORE_STOP,True,False,True,False,False,5,,TARGET_BEFORE_STOP,2023-10-27,2023-10-31,2023-11-02,2023-11-09,2023-11-24
SHOP|2023-10-27T00:00:00|Long,SHOP,2023-10-27,Long,0.011206823835477442,0.031249933201693336,-0.003232791399699564,True,0.051508605841649624,0.053017219904629265,-0.01939658397159627,True,0.3247844655009149,0.33275858014999327,-0.01939658397159627,True,0.3219827184353954,0.3650861652937867,-0.01939658397159627,True,0.5903016915715418,0.6049568700804588,-0.01939658397159627,True,20,True,True,False,True,False,False,1,,TARGET_BEFORE_STOP,True,False,True,False,False,3,,TARGET_BEFORE_STOP,2023-10-30,2023-11-01,2023-11-03,2023-11-10,2023-11-27
SHOP|2023-10-30T00:00:00|Long,SHOP,2023-10-30,Long,0.00575448568415271,0.015025615058981368,-0.030264241780920575,True,0.27237858253909253,0.28196939201268045,-0.030264241780920575,True,0.28793697066195234,0.31798811947775385,-0.030264241780920575,True,0.32864455638126033,0.3499574301882731,-0.030264241780920575,True,0.5667093990827166,0.5871697384249299,-0.030264241780920575,True,20,True,True,True,False,True,False,2,1,STOP_BEFORE_TARGET,True,True,False,True,False,3,1,STOP_BEFORE_TARGET,2023-10-31,2023-11-02,2023-11-06,2023-11-13,2023-11-28
SHOP|2023-10-31T00:00:00|Long,SHOP,2023-10-31,Long,0.03390553793982898,0.03538889663576672,-0.0006357020591201135,True,0.3026065482000635,0.310447169998161,-0.0006357020591201135,True,0.307268498028588,0.3210426354474225,-0.0006357020591201135,True,0.38842972133469944,0.40220385875353415,-0.0006357020591201135,True,0.5539310015904677,0.5905912215074884,-0.0006357020591201135,True,20,True,True,False,True,False,False,1,,TARGET_BEFORE_STOP,True,False,True,False,False,2,,TARGET_BEFORE_STOP,2023-11-01,2023-11-03,2023-11-07,2023-11-14,2023-11-29
SHOP|2023-11-01T00:00:00|Long,SHOP,2023-11-01,Long,0.22361138845439155,0.23283460539424294,0.1376716320539646,True,0.23857346118524103,0.2674728221394109,0.1376716320539646,True,0.2859192560191137,0.29309282575786133,0.1376716320539646,True,0.39065376513505945,0.4009017665824395,0.1376716320539646,True,0.4925189245415522,0.5384299272416291,0.1376716320539646,True,20,True,True,False,True,False,False,1,,TARGET_BEFORE_STOP,True,False,True,False,False,1,,TARGET_BEFORE_STOP,2023-11-02,2023-11-06,2023-11-08,2023-11-15,2023-11-30
SHOP|2023-11-02T00:00:00|Long,SHOP,2023-11-02,Long,0.02964824849487191,0.03584588546566492,-0.012562813909804627,True,0.03333329712459365,0.04422109473886793,-0.012562813909804627,True,0.0112227497551598,0.06097151328527417,-0.012562813909804627,True,0.1269681393549149,0.14489108208774737,-0.012562813909804627,True,0.23718592406119954,0.25728637519866626,-0.012562813909804627,True,20,True,True,False,True,False,False,1,,TARGET_BEFORE_STOP,True,False,True,False,False,4,,TARGET_BEFORE_STOP,2023-11-03,2023-11-07,2023-11-09,2023-11-16,2023-12-01
SHOP|2023-11-03T00:00:00|Long,SHOP,2023-11-03,Long,-0.01691883674759176,0.00504307064320253,-0.02863188712021203,True,0.02066049182598584,0.02635430128052696,-0.02863188712021203,True,-0.0021148701079161114,0.030421325764590224,-0.02863188712021203,True,0.11176175338798733,0.1207092568992214,-0.02863188712021203,True,0.17976240772615504,0.2210833913781265,-0.02863188712021203,True,20,True,True,True,False,True,False,4,1,STOP_BEFORE_TARGET,True,False,True,False,False,7,,TARGET_BEFORE_STOP,2023-11-06,2023-11-08,2023-11-10,2023-11-17,2023-12-04
SHOP|2023-11-06T00:00:00|Long,SHOP,2023-11-06,Long,0.02085054302780276,0.03160681512107355,-0.006701948986457151,True,-0.0009929070492802339,0.04815488718709915,-0.006701948986457151,True,0.03160681512107355,0.04815488718709915,-0.008935974065866326,True,0.15025652465993766,0.16101279675320845,-0.008935974065866326,True,0.2364719649737188,0.24888301902323806,-0.008935974065866326,True,20,True,True,False,True,False,False,1,,TARGET_BEFORE_STOP,True,False,True,False,False,6,,TARGET_BEFORE_STOP,2023-11-07,2023-11-09,2023-11-13,2023-11-20,2023-12-05
SHOP|2023-11-07T00:00:00|Long,SHOP,2023-11-07,Long,0.017020636653138244,0.022694140979811372,-0.015983142859209987,True,-0.005673504326673129,0.02674666173788065,-0.029178137090786538,True,0.06208458585860965,0.07262116456421341,-0.029178137090786538,True,0.13032914425683995,0.13729948490764365,-0.029178137090786538,True,0.15318529702232841,0.22337498623363605,-0.029178137090786538,True,20,True,True,True,False,True,False,5,2,STOP_BEFORE_TARGET,True,False,True,False,False,5,,TARGET_BEFORE_STOP,2023-11-08,2023-11-10,2023-11-14,2023-11-21,2023-12-06
SHOP|2023-11-08T00:00:00|Long,SHOP,2023-11-08,Long,-0.03777498698084114,0.00956325243974332,-0.03833284235979817,True,-0.006375542160946268,0.00956325243974332,-0.04542560109297089,True,0.08144718933611572,0.08941658663646046,-0.04542560109297089,True,0.1310168502725284,0.14089894670216263,-0.04542560109297089,True,0.1453617897338193,0.20290084797057695,-0.04542560109297089,True,20,True,True,True,False,True,False,4,1,STOP_BEFORE_TARGET,True,True,False,True,False,4,1,STOP_BEFORE_TARGET,2023-11-09,2023-11-13,2023-11-15,2023-11-22,2023-12-07
SHOP|2023-11-09T00:00:00|Long,SHOP,2023-11-09,Long,0.01606760374134808,0.020871329443820752,-0.007950961582389837,True,0.08530723541990382,0.09607419810632534,-0.007950961582389837,True,0.11446082441062555,0.13218485478590325,-0.007950961582389837,True,0.16531389297350696,0.18568830706487383,-0.007950961582389837,True,0.20125886907651647,0.2501242762295828,-0.007950961582389837,True,20,True,True,False,True,False,False,2,,TARGET_BEFORE_STOP,True,False,True,False,False,3,,TARGET_BEFORE_STOP,2023-11-10,2023-11-14,2023-11-16,2023-11-24,2023-12-08
SHOP|2023-11-10T00:00:00|Long,SHOP,2023-11-10,Long,0.016302575766423688,0.01744375109492191,-0.01793280846730949,True,0.10612974087608551,0.11428102875929746,-0.01793280846730949,True,0.11411796817557418,0.12308443459861995,-0.01793280846730949,True,0.20296708072985226,0.21405283722617163,-0.01793280846730949,True,0.18699050175209275,0.2303554129925951,-0.01793280846730949,True,20,True,True,False,True,False,False,2,,TARGET_BEFORE_STOP,True,False,True,False,False,2,,TARGET_BEFORE_STOP,2023-11-13,2023-11-15,2023-11-17,2023-11-27,2023-12-11
SHOP|2023-11-13T00:00:00|Long,SHOP,2023-11-13,Long,0.051010530681663946,0.06143724746523649,0.026307336952747118,True,0.07924283950300759,0.09640677425124644,0.026307336952747118,True,0.11501446849683616,0.1254411852804087,0.026307336952747118,True,0.17917872884668062,0.19457813664460977,0.026307336952747118,True,0.16297721884093286,0.21061920173207072,0.026307336952747118,True,20,True,True,False,True,False,False,1,,TARGET_BEFORE_STOP,True,False,True,False,False,1,,TARGET_BEFORE_STOP,2023-11-14,2023-11-16,2023-11-20,2023-11-28,2023-12-12
SHOP|2023-11-14T00:00:00|Long,SHOP,2023-11-14,Long,0.03556169033017276,0.043192948352419824,0.0036630876901833087,True,0.043040290587723185,0.05143472098969748,0.0036630876901833087,True,0.0642552950178259,0.07081818157470843,0.0036630876901833087,True,0.11920032948925319,0.14560441703772442,0.0036630876901833087,True,0.12728944436183398,0.15186210450897009,0.0036630876901833087,True,20,True,True,False,True,False,False,1,,TARGET_BEFORE_STOP,True,False,True,False,False,3,,TARGET_BEFORE_STOP,2023-11-15,2023-11-17,2023-11-21,2023-11-29,2023-12-13
SHOP|2023-11-15T00:00:00|Long,SHOP,2023-11-15,Long,-0.008400879994737598,0.005969031516652734,-0.017096478390596914,True,0.024465787758897628,0.03404576624816502,-0.017096478390596914,True,0.045836413858399094,0.05497425852347315,-0.017096478390596914,True,0.07324983540859997,0.10626380614028519,-0.017096478390596914,True,0.14281507235556012,0.14428888925121175,-0.017096478390596914,True,20,True,True,False,True,False,False,3,,TARGET_BEFORE_STOP,True,False,True,False,False,5,,TARGET_BEFORE_STOP,2023-11-16,2023-11-20,2023-11-22,2023-11-30,2023-12-14
SHOP|2023-11-16T00:00:00|Long,SHOP,2023-11-16,Long,0.015755017506331015,0.02392985492810351,-0.007134300479309186,True,0.036415050863387144,0.04280625646650171,-0.007134300479309186,True,0.045630198432299984,0.06391205603114525,-0.007134300479309186,True,0.09780026680201814,0.11563613139795281,-0.007134300479309186,True,0.14179549774996358,0.15859093880109643,-0.007134300479309186,True,20,True,True,False,True,False,False,2,,TARGET_BEFORE_STOP,True,False,True,False,False,4,,TARGET_BEFORE_STOP,2023-11-17,2023-11-21,2023-11-24,2023-12-01,2023-12-15
SHOP|2023-11-17T00:00:00|Long,SHOP,2023-11-17,Long,0.017120366711098844,0.026631656741978205,-0.008925856213703454,True,0.03833776539331457,0.047410091700102575,-0.008925856213703454,True,0.07974838849405974,0.08969864224903046,-0.008925856213703454,True,0.0611647721563926,0.09833189319293645,-0.008925856213703454,True,0.12862161818193996,0.14062044374186433,-0.008925856213703454,True,20,True,True,False,True,False,False,3,,TARGET_BEFORE_STOP,True,False,True,False,False,5,,TARGET_BEFORE_STOP,2023-11-20,2023-11-22,2023-11-27,2023-12-04,2023-12-18
SHOP|2023-11-20T00:00:00|Long,SHOP,2023-11-20,Long,0.0031650296927332455,0.005754589463181858,-0.019392886366367934,True,0.012084539088983881,0.029779882480327036,-0.019392886366367934,True,0.05754567511248987,0.07135662396832765,-0.019392886366367934,True,0.07495322866285847,0.08574304274645028,-0.019392886366367934,True,0.12717588931396362,0.15076960732931144,-0.019392886366367934,True,20,True,True,False,True,False,False,4,,TARGET_BEFORE_STOP,True,False,True,False,False,4,,TARGET_BEFORE_STOP,2023-11-21,2023-11-24,2023-11-28,2023-12-05,2023-12-19
SHOP|2023-11-21T00:00:00|Long,SHOP,2023-11-21,Long,0.01763940439301237,0.02653088175905194,-0.008317823076614217,True,0.0582245427095629,0.06797644680305637,-0.008317823076614217,True,0.051627682501224514,0.07643760139200073,-0.008317823076614217,True,0.020220793988741992,0.08231747579858362,-0.008317823076614217,True,0.08160038058345997,0.1471388787164849,-0.008317823076614217,True,20,True,True,False,True,False,False,3,,TARGET_BEFORE_STOP,True,False,True,False,False,3,,TARGET_BEFORE_STOP,2023-11-22,2023-11-27,2023-11-29,2023-12-06,2023-12-20
SHOP|2023-11-22T00:00:00|Long,SHOP,2023-11-22,Long,-0.008596401045966817,0.003523111657631084,-0.01028742583085518,True,0.035935781914571585,0.04946451777785499,-0.01028742583085518,True,0.026211959334122348,0.0577790096817834,-0.01028742583085518,True,0.012683223470839167,0.06355696440837955,-0.012965025096042138,True,0.07299887784679049,0.1272547758709428,-0.012965025096042138,True,20,True,True,False,True,False,False,2,,TARGET_BEFORE_STOP,True,False,True,False,False,4,,TARGET_BEFORE_STOP,2023-11-24,2023-11-28,2023-11-30,2023-12-07,2023-12-21
SHOP|2023-11-24T00:00:00|Long,SHOP,2023-11-24,Long,0.04889840108058685,0.058564361562816636,0.010362529098251194,True,0.04235967905571192,0.06695094792653444,0.010362529098251194,True,0.04989342163982635,0.06695094792653444,0.010362529098251194,True,0.03084574578553223,0.07277900295144235,-0.004406504126759692,True,0.09211092391590214,0.13702913431042374,-0.004406504126759692,True,20,True,True,False,True,False,False,1,,TARGET_BEFORE_STOP,True,False,True,False,False,1,,TARGET_BEFORE_STOP,2023-11-27,2023-11-29,2023-12-01,2023-12-08,2023-12-22
SHOP|2023-11-27T00:00:00|Long,SHOP,2023-11-27,Long,-0.0037945355173176765,0.005827351942548908,-0.021547688678108967,True,-0.013145429037378031,0.017210958494501938,-0.022631767830672334,True,-0.017211061887840384,0.017210958494501938,-0.032795746563489714,True,-0.013280977703950314,0.022767316497244616,-0.050819893664087235,True,0.05989968985100291,0.08402218283395557,-0.050819893664087235,True,20,True,True,True,False,True,False,13,1,STOP_BEFORE_TARGET,True,True,False,True,False,13,5,STOP_BEFORE_TARGET,2023-11-28,2023-11-30,2023-12-04,2023-12-11,2023-12-26
SHOP|2023-11-28T00:00:00|Long,SHOP,2023-11-28,Long,-0.0024486505229887046,0.021085503704526998,-0.006937860446328381,True,0.004761236076044062,0.021085503704526998,-0.024078414107249313,True,0.016460332598416505,0.026663025813008945,-0.032104482951557434,True,-0.013739655922723415,0.026663025813008945,-0.047204477212127394,True,0.06570526542373245,0.0881512112532683,-0.047204477212127394,True,20,True,True,True,False,True,False,12,3,STOP_BEFORE_TARGET,True,True,False,True,False,12,5,STOP_BEFORE_TARGET,2023-11-29,2023-12-01,2023-12-05,2023-12-12,2023-12-27
SHOP|2023-11-29T00:00:00|Long,SHOP,2023-11-29,Long,-0.0069548905426930485,0.006954786500768417,-0.016500737137036703,True,-0.011046027107083023,0.009000354782963349,-0.026728474506086952,True,-0.029865026411042606,0.02918313563633612,-0.030887758531177756,True,0.0072275844274207746,0.02918313563633612,-0.04486568707726468,True,0.07882174601077252,0.09082225373536512,-0.04486568707726468,True,20,True,True,True,False,True,False,11,2,STOP_BEFORE_TARGET,True,True,False,True,False,11,5,STOP_BEFORE_TARGET,2023-11-30,2023-12-04,2023-12-06,2023-12-13,2023-12-28
SHOP|2023-11-30T00:00:00|Long,SHOP,2023-11-30,Long,0.014281803349159627,0.01606698947883234,-0.014831115566887987,True,0.026091754103837905,0.036391122452411384,-0.022933235044547917,True,-0.013183178913702909,0.036391122452411384,-0.038176308582084095,True,0.06481737490365025,0.06619060306267488,-0.038176308582084095,True,0.06976108009261295,0.09846193626741973,-0.038176308582084095,True,20,True,True,True,,,False,3,3,AMBIGUOUS,True,True,False,True,False,10,5,STOP_BEFORE_TARGET,2023-12-01,2023-12-05,2023-12-07,2023-12-14,2023-12-29
SHOP|2023-12-01T00:00:00|Long,SHOP,2023-12-01,Long,-0.01814248519106232,-0.0027077842755143244,-0.033712399718292874,True,-0.036826444600948416,0.021798004292541417,-0.03784183788042905,True,-0.01814248519106232,0.021798004292541417,-0.05171946470697486,True,0.04007580639063524,0.05537498380845407,-0.05171946470697486,True,-0.00040615731179227677,0.08299481725916524,-0.05171946470697486,True,20,True,True,True,False,True,False,9,1,STOP_BEFORE_TARGET,True,True,False,True,False,9,1,STOP_BEFORE_TARGET,2023-12-04,2023-12-06,2023-12-08,2023-12-15,2024-01-02
SHOP|2023-12-04T00:00:00|Long,SHOP,2023-12-04,Long,0.030336523434561613,0.04067849854097827,-0.01889127386382039,True,-0.009100883387560765,0.04067849854097827,-0.03419740543763761,True,0.003998909665628991,0.04067849854097827,-0.03419740543763761,True,0.06356868207042754,0.07487590397861577,-0.03419740543763761,True,-0.009652468017717575,0.10300608889254992,-0.03419740543763761,True,20,True,True,True,True,False,False,1,2,TARGET_BEFORE_STOP,True,True,False,True,False,8,3,STOP_BEFORE_TARGET,2023-12-05,2023-12-07,2023-12-11,2023-12-18,2024-01-03
SHOP|2023-12-05T00:00:00|Long,SHOP,2023-12-05,Long,-0.04791222929025807,-0.007226992862758741,-0.04891593575461772,True,-0.029443315600845454,-0.007226992862758741,-0.06263383603745265,True,-0.029710936622522666,-0.007226992862758741,-0.06263383603745265,True,0.048581332897679186,0.07052993250763251,-0.06263383603745265,True,-0.01739832749624759,0.07052993250763251,-0.06263383603745265,True,20,True,True,True,False,True,False,7,1,STOP_BEFORE_TARGET,True,True,False,True,False,10,1,STOP_BEFORE_TARGET,2023-12-06,2023-12-08,2023-12-12,2023-12-19,2024-01-04
SHOP|2023-12-06T00:00:00|Long,SHOP,2023-12-06,Long,0.010120905635091937,0.016024731507297663,-0.015462447055926698,True,0.02347481280957542,0.034931130611074446,-0.015462447055926698,True,0.038234484734883445,0.04146748627427521,-0.015462447055926698,True,0.06016304211438683,0.12440256606761868,-0.015462447055926698,True,0.047371419391274205,0.12440256606761868,-0.015462447055926698,True,20,True,True,False,True,False,False,3,,TARGET_BEFORE_STOP,True,False,True,False,False,6,,TARGET_BEFORE_STOP,2023-12-07,2023-12-11,2023-12-13,2023-12-20,2024-01-05
SHOP|2023-12-07T00:00:00|Long,SHOP,2023-12-07,Long,0.00918447017964219,0.016142443958562236,-0.008627925707152317,True,0.00890619794339731,0.0245616389459673,-0.010993611311124085,True,0.07904258637534123,0.08043415989707436,-0.010993611311124085,True,0.05956023856031445,0.11313661542394748,-0.010993611311124085,True,0.0811299997430679,0.11313661542394748,-0.017325392930802264,True,20,True,True,False,True,False,False,4,,TARGET_BEFORE_STOP,True,False,True,False,False,5,,TARGET_BEFORE_STOP,2023-12-08,2023-12-12,2023-12-14,2023-12-21,2024-01-08
SHOP|2023-12-08T00:00:00|Long,SHOP,2023-12-08,Long,0.003998909665628991,0.015237222946551832,-0.004688311550316793,True,0.018477716896216467,0.02164919701460466,-0.01999444312413412,True,0.05929403269172573,0.07487590397861577,-0.01999444312413412,True,0.05943195515026756,0.10300608889254992,-0.01999444312413412,True,0.10466084278302068,0.10645341392802221,-0.026268599937656067,True,20,True,True,True,True,False,False,4,17,TARGET_BEFORE_STOP,True,False,True,False,False,4,,TARGET_BEFORE_STOP,2023-12-11,2023-12-13,2023-12-15,2023-12-22,2024-01-09
SHOP|2023-12-11T00:00:00|Long,SHOP,2023-12-11,Long,-0.004257623526827903,-0.0025408263260120467,-0.02389778769556017,True,0.06496365218426403,0.06633706898791947,-0.02389778769556017,True,0.059332507068795115,0.07059469251474737,-0.02389778769556017,True,0.07416566003224023,0.09861283540625987,-0.02389778769556017,True,0.11385800293230308,0.11660494132459953,-0.030146954654926228,True,20,True,True,True,False,True,False,3,1,STOP_BEFORE_TARGET,True,True,True,False,False,3,16,TARGET_BEFORE_STOP,2023-12-12,2023-12-14,2023-12-18,2023-12-26,2024-01-10
SHOP|2023-12-12T00:00:00|Long,SHOP,2023-12-12,Long,0.01875862910829751,0.021930983970905205,-0.018620668608566815,True,0.059586202687230694,0.07517237169989222,-0.018620668608566815,True,0.0806896341258081,0.10331031536233826,-0.018620668608566815,True,0.08055167362607762,0.10331031536233826,-0.018620668608566815,True,0.12137935243803888,0.1400000210466057,-0.02600002946524782,True,20,True,True,True,True,False,False,2,15,TARGET_BEFORE_STOP,True,False,True,False,False,2,,TARGET_BEFORE_STOP,2023-12-13,2023-12-15,2023-12-19,2023-12-27,2024-01-11
SHOP|2023-12-13T00:00:00|Long,SHOP,2023-12-13,Long,0.04982399505504498,0.05117788719280214,0.01340370776588884,True,0.04427290300628717,0.05537498380845407,0.01340370776588884,True,0.021121006575988588,0.08299481725916524,0.01340370776588884,True,0.07108042183341401,0.08299481725916524,0.01340370776588884,True,0.10208503727619256,0.12632008873483658,-0.04393450744335958,True,20,True,True,True,True,False,False,1,13,TARGET_BEFORE_STOP,True,True,True,False,False,1,13,TARGET_BEFORE_STOP,2023-12-14,2023-12-18,2023-12-20,2023-12-28,2024-01-12
SHOP|2023-12-14T00:00:00|Long,SHOP,2023-12-14,Long,-0.009285545682253704,0.005287542273329393,-0.015346949024447998,True,0.010446189696027508,0.03159655557537633,-0.024632494706701702,True,-0.01805521678293609,0.03159655557537633,-0.03082279289952705,True,0.004642772841126908,0.03159655557537633,-0.03082279289952705,True,0.04874901643881624,0.07286563656394662,-0.08930878217685301,True,20,True,True,True,False,True,False,3,2,STOP_BEFORE_TARGET,True,True,False,True,False,18,4,STOP_BEFORE_TARGET,2023-12-15,2023-12-19,2023-12-21,2023-12-29,2024-01-16
SHOP|2023-12-15T00:00:00|Long,SHOP,2023-12-15,Long,0.004035375681140874,0.008461358089834725,-0.015490789457610843,True,-0.018224440659210694,0.041265271824244554,-0.021739106685492837,True,0.00013020224251758528,0.041265271824244554,-0.021739106685492837,True,-0.03892212803498596,0.041265271824244554,-0.05089815215110294,True,0.04556105199042082,0.08292115037604209,-0.08077326029295406,True,20,True,True,True,True,False,False,2,3,TARGET_BEFORE_STOP,True,True,False,True,False,16,10,STOP_BEFORE_TARGET,2023-12-18,2023-12-20,2023-12-22,2024-01-02,2024-01-17
SHOP|2023-12-18T00:00:00|Long,SHOP,2023-12-18,Long,0.01581746744648127,0.03708026335013037,0.0006482957803501943,True,-0.012835445339337892,0.03708026335013037,-0.025670890678675895,True,0.01400235796075866,0.03708026335013037,-0.025670890678675895,True,-0.06884477826632418,0.03708026335013037,-0.07714244989135555,True,0.005056390555377099,0.07856872039133567,-0.08446777676190997,True,20,True,True,True,True,False,False,1,2,TARGET_BEFORE_STOP,True,True,False,True,False,15,9,STOP_BEFORE_TARGET,2023-12-19,2023-12-21,2023-12-26,2024-01-03,2024-01-18
SHOP|2023-12-19T00:00:00|Long,SHOP,2023-12-19,Long,-0.03739630328319099,0.004467115264037869,-0.040842335808074615,True,-0.019400085164883007,0.004467115264037869,-0.040842335808074615,True,-0.00012765968634664837,0.004467115264037869,-0.040842335808074615,True,-0.06292278750718994,0.017613336435077454,-0.098723685526381,True,0.021187028646307837,0.06177414245749868,-0.098723685526381,True,20,True,True,True,False,True,False,14,1,STOP_BEFORE_TARGET,True,True,False,True,False,15,1,STOP_BEFORE_TARGET,2023-12-20,2023-12-22,2023-12-27,2024-01-04,2024-01-19
SHOP|2023-12-20T00:00:00|Long,SHOP,2023-12-20,Long,0.009546555796650535,0.024927140393204095,0.001060750901577645,True,0.03699285313263423,0.04037388282779242,0.001060750901577645,True,0.048926047878447676,0.05011931677364201,0.001060750901577645,True,-0.012065712739430134,0.05714671562751317,-0.06370989686863016,True,0.06417401332261052,0.10302312995361862,-0.06370989686863016,True,20,True,True,True,True,False,False,3,7,TARGET_BEFORE_STOP,True,True,True,False,False,5,7,TARGET_BEFORE_STOP,2023-12-21,2023-12-26,2023-12-28,2024-01-05,2024-01-22
SHOP|2023-12-21T00:00:00|Long,SHOP,2023-12-21,Long,0.009062285880449661,0.013527696185362759,0.000196997501558549,True,0.02889410252006508,0.03335961302716628,0.000196997501558549,True,0.02311534213736488,0.04715003934939932,0.000196997501558549,True,0.02035727691335576,0.04715003934939932,-0.07256371907234416,True,0.06566850591122764,0.09259263341570612,-0.07256371907234416,True,20,True,True,True,True,False,False,2,6,TARGET_BEFORE_STOP,True,True,False,True,False,11,6,STOP_BEFORE_TARGET,2023-12-22,2023-12-27,2023-12-29,2024-01-08,2024-01-23
SHOP|2023-12-22T00:00:00|Long,SHOP,2023-12-22,Long,0.017961697520878728,0.021280677702328,-0.005076134066819726,True,0.02967589125287895,0.03084726097493795,-0.005076134066819726,True,-0.039047246238479216,0.0377456912243197,-0.051021711252398405,True,0.04269163999903869,0.0443836515872178,-0.08089293009456955,True,0.05076143997047944,0.08499282342405778,-0.08089293009456955,True,20,True,True,True,True,False,False,3,5,TARGET_BEFORE_STOP,True,True,False,True,False,11,5,STOP_BEFORE_TARGET,2023-12-26,2023-12-28,2024-01-02,2024-01-09,2024-01-24
SHOP|2023-12-26T00:00:00|Long,SHOP,2023-12-26,Long,0.001662156437024942,0.006009477384029793,-0.011123932448105056,True,-0.003963656338352939,0.019434909733462735,-0.012274633623710729,True,-0.08170310017197113,0.019434909733462735,-0.08988618925444491,True,0.036951789074016306,0.03950906538111232,-0.09711036069058065,True,0.029152267050077674,0.06584837726844261,-0.09711036069058065,True,20,True,True,True,False,True,False,10,4,STOP_BEFORE_TARGET,True,True,False,True,False,11,4,STOP_BEFORE_TARGET,2023-12-27,2023-12-29,2024-01-03,2024-01-10,2024-01-25
SHOP|2023-12-27T00:00:00|Long,SHOP,2023-12-27,Long,0.009829005724480977,0.010977797428560754,-0.010977700040318727,True,-0.05756950111899095,0.017743261220586337,-0.06931315968360507,True,-0.06280314525066755,0.017743261220586337,-0.09860861418479228,True,0.03778410584933267,0.05501666312822717,-0.09860861418479228,True,0.040975323767211025,0.06407971032841253,-0.09860861418479228,True,20,True,True,True,False,True,False,9,3,STOP_BEFORE_TARGET,True,True,False,True,False,10,3,STOP_BEFORE_TARGET,2023-12-28,2024-01-02,2024-01-04,2024-01-11,2024-01-26
SHOP|2023-12-28T00:00:00|Long,SHOP,2023-12-28,Long,-0.015295146949023342,0.007837223382613612,-0.023511573707511557,True,-0.09215018151034426,0.007837223382613612,-0.10024017499676441,True,-0.05814686434876837,0.007837223382613612,-0.10738216004349843,True,0.028947047122480862,0.051573780806175584,-0.10738216004349843,True,0.055997980925260205,0.05644035271700365,-0.10738216004349843,True,20,True,True,True,False,True,False,9,1,STOP_BEFORE_TARGET,True,True,False,True,False,10,2,STOP_BEFORE_TARGET,2023-12-29,2024-01-03,2024-01-05,2024-01-12,2024-01-29
SHOP|2023-12-29T00:00:00|Long,SHOP,2023-12-29,Long,-0.05224646489220075,-0.0163030070293263,-0.06405645399264626,True,-0.057509669694233656,-0.0163030070293263,-0.09351737508874436,True,-0.0026957519943423547,0.0,-0.09351737508874436,True,0.04390241465924971,0.06790758423502696,-0.09351737508874436,True,0.05686778200773346,0.0728497472554992,-0.09351737508874436,True,20,True,True,True,False,True,False,6,1,STOP_BEFORE_TARGET,True,True,False,True,False,8,1,STOP_BEFORE_TARGET,2024-01-02,2024-01-04,2024-01-08,2024-01-16,2024-01-30
SHOP|2024-01-02T00:00:00|Long,SHOP,2024-01-02,Long,-0.027224733663558043,-0.01137754227891441,-0.03589328809638814,True,0.009210352002047006,0.02867393624046022,-0.04354603667276147,True,0.08506025495796954,0.08682101955493438,-0.04354603667276147,True,0.08790461469336819,0.12677773775178913,-0.04354603667276147,True,0.08451845738875274,0.13199234559802653,-0.04354603667276147,True,20,True,True,True,False,True,False,4,1,STOP_BEFORE_TARGET,True,True,False,True,False,4,1,STOP_BEFORE_TARGET,2024-01-03,2024-01-05,2024-01-09,2024-01-17,2024-01-31
SHOP|2024-01-03T00:00:00|Long,SHOP,2024-01-03,Long,0.02227789586354456,0.030632093533700333,-0.016778081818086266,True,0.08173214663777095,0.08465611051085609,-0.016778081818086266,True,0.1292119022379452,0.13199670561425503,-0.016778081818086266,True,0.07936503721056076,0.15831248670140874,-0.016778081818086266,True,0.06822614239348201,0.16367303402070466,-0.016778081818086266,True,20,True,True,False,True,False,False,1,,TARGET_BEFORE_STOP,True,False,True,False,False,2,,TARGET_BEFORE_STOP,2024-01-04,2024-01-08,2024-01-10,2024-01-18,2024-02-01
SHOP|2024-01-04T00:00:00|Long,SHOP,2024-01-04,Long,0.01484614538912088,0.03441842127850858,-0.005720487325249768,True,0.09111962146896291,0.09289021880838044,-0.005720487325249768,True,0.10732777280489669,0.12571511287285264,-0.005720487325249768,True,0.08975761552215,0.13307006968291346,-0.005720487325249768,True,0.12952877108968575,0.13831379777386266,-0.005720487325249768,True,20,True,True,False,True,False,False,1,,TARGET_BEFORE_STOP,True,False,True,False,False,2,,TARGET_BEFORE_STOP,2024-01-05,2024-01-09,2024-01-11,2024-01-19,2024-02-02
SHOP|2024-01-05T00:00:00|Long,SHOP,2024-01-05,Long,0.04267883792784799,0.045497239195488426,0.002818401267640658,True,0.08844445240844045,0.09112871723064564,0.002818401267640658,True,0.09247079844463157,0.11649443103364421,0.002818401267640658,True,0.07717084733787782,0.11649443103364421,0.002818401267640658,True,0.09247079844463157,0.12166144882720209,0.002818401267640658,True,20,True,True,False,True,False,False,1,,TARGET_BEFORE_STOP,True,False,True,False,False,2,,TARGET_BEFORE_STOP,2024-01-08,2024-01-10,2024-01-12,2024-01-22,2024-02-05
SHOP|2024-01-08T00:00:00|Long,SHOP,2024-01-08,Long,0.031149415534778457,0.032822697158318315,-0.009911240163001378,True,0.046466733130485105,0.06384346670877616,-0.009911240163001378,True,0.046724123302167575,0.0707941797807008,-0.009911240163001378,True,0.04440721894485944,0.0707941797807008,-0.01776296614037698,True,0.04981329637756482,0.07574970165915995,-0.02407005647853322,True,20,True,True,True,True,False,False,1,17,TARGET_BEFORE_STOP,True,False,True,False,False,3,,TARGET_BEFORE_STOP,2024-01-09,2024-01-11,2024-01-16,2024-01-23,2024-02-06
SHOP|2024-01-09T00:00:00|Long,SHOP,2024-01-09,Long,0.012357980978989103,0.014854605321928727,-0.009224795998696411,True,0.01610286987515841,0.03844715775294483,-0.01223322118920267,True,0.0026213841327260567,0.03844715775294483,-0.0322057397503166,True,0.0077393926083919595,0.04056921701708305,-0.04743481491456625,True,0.06316311971092303,0.06678315358082498,-0.05355137789092723,True,20,True,True,True,True,False,False,2,5,TARGET_BEFORE_STOP,True,True,False,True,False,20,5,STOP_BEFORE_TARGET,2024-01-10,2024-01-12,2024-01-17,2024-01-24,2024-02-07
SHOP|2024-01-10T00:00:00|Long,SHOP,2024-01-10,Long,0.0024661477361251904,0.019112245140823436,-0.02429101427581104,True,0.0027127154727792924,0.025770702917486066,-0.02429101427581104,True,-0.04414305670051355,0.025770702917486066,-0.0479654680991114,True,-0.007521585965827304,0.027866857937754785,-0.05906289772688256,True,0.08347724290797909,0.12749696870320704,-0.06510479505103461,True,20,True,True,True,False,True,False,12,1,STOP_BEFORE_TARGET,True,True,False,True,False,19,4,STOP_BEFORE_TARGET,2024-01-11,2024-01-16,2024-01-18,2024-01-25,2024-02-08
SHOP|2024-01-11T00:00:00|Long,SHOP,2024-01-11,Long,0.0012299934854544947,0.023247224092294516,-0.0036900742988511537,True,-0.0120541613794245,0.023247224092294516,-0.04637151452578481,True,-0.015867169337079767,0.023247224092294516,-0.06137767903879765,True,0.003075030634880127,0.025338222401815935,-0.06137767903879765,True,0.11586713180008479,0.12472323504333738,-0.06740471280726612,True,20,True,True,True,False,True,False,18,2,STOP_BEFORE_TARGET,True,True,False,True,False,18,3,STOP_BEFORE_TARGET,2024-01-12,2024-01-17,2024-01-19,2024-01-26,2024-02-09
SHOP|2024-01-12T00:00:00|Long,SHOP,2024-01-12,Long,-0.0009828234589068785,0.009090882676878964,-0.021867306461056724,True,-0.04766590675774074,0.009090882676878964,-0.05147423050200006,True,-0.01400490624420947,0.01756757098734396,-0.06253076009669278,True,0.02628991829893379,0.026719844982703078,-0.06253076009669278,True,0.09484030805882426,0.12493855010201727,-0.06855038975989058,True,20,True,True,True,False,True,False,17,1,STOP_BEFORE_TARGET,True,True,False,True,False,18,2,STOP_BEFORE_TARGET,2024-01-16,2024-01-18,2024-01-22,2024-01-29,2024-02-12
SHOP|2024-01-16T00:00:00|Long,SHOP,2024-01-16,Long,-0.012297097931047385,-0.010821412404333541,-0.04660601241699913,True,-0.01610916826746034,-0.003812070336412954,-0.061608486903982906,True,-0.0022134813803650344,0.01856864414531678,-0.061608486903982906,True,0.012420095179793256,0.027729922059523737,-0.061608486903982906,True,-0.05090997792898344,0.12604525379323617,-0.06763403862076078,True,20,True,True,True,False,True,False,16,1,STOP_BEFORE_TARGET,True,True,False,True,False,16,1,STOP_BEFORE_TARGET,2024-01-17,2024-01-19,2024-01-23,2024-01-30,2024-02-13
SHOP|2024-01-17T00:00:00|Long,SHOP,2024-01-17,Long,-0.034860595896369806,0.008590667878833669,-0.03872012726802798,True,-0.000746981559035298,0.03125002671522936,-0.04992532559096696,True,0.005104627286693031,0.03784861711999277,-0.04992532559096696,True,-0.003112549812622989,0.0405253643648571,-0.04992532559096696,True,0.004357550740175631,0.1400647415680325,-0.05602589662721302,True,20,True,True,True,False,True,False,3,1,STOP_BEFORE_TARGET,True,True,False,True,False,15,1,STOP_BEFORE_TARGET,2024-01-18,2024-01-22,2024-01-24,2024-01-31,2024-02-14
SHOP|2024-01-18T00:00:00|Long,SHOP,2024-01-18,Long,0.0321208152862682,0.034287988594487784,-0.015608863994718503,True,0.04669766387181351,0.06849852190316397,-0.015608863994718503,True,0.03831271090449362,0.07533545175672418,-0.015608863994718503,True,-0.01031985883651143,0.07810888244816971,-0.02192978614369223,True,0.08359137819329598,0.1812435972675508,-0.02192978614369223,True,20,True,True,True,True,False,False,1,10,TARGET_BEFORE_STOP,True,False,True,False,False,2,,TARGET_BEFORE_STOP,2024-01-19,2024-01-23,2024-01-25,2024-02-01,2024-02-15
SHOP|2024-01-19T00:00:00|Long,SHOP,2024-01-19,Long,0.003124609340396489,0.03524558954545087,-0.00399949614148698,True,0.008998890157223105,0.04186974609020955,-0.00599929188998527,True,0.019247604979502952,0.04186974609020955,-0.010873674832562852,True,0.03649541421050739,0.04455686435230577,-0.05236848305880637,True,0.01599798456594792,0.14448190538616545,-0.05236848305880637,True,20,True,True,True,True,False,False,1,9,TARGET_BEFORE_STOP,True,True,False,True,False,13,9,STOP_BEFORE_TARGET,2024-01-22,2024-01-24,2024-01-26,2024-02-02,2024-02-16
SHOP|2024-01-22T00:00:00|Long,SHOP,2024-01-22,Long,0.01096433129822616,0.016944936134478894,-0.009095481404230665,True,0.002865633209785834,0.038624450431228086,-0.013954681245596956,True,0.04086716536251167,0.04130319865161436,-0.013954681245596956,True,0.014203829545299973,0.04130319865161436,-0.05532023826600385,True,-0.020433582681255835,0.14091698551660348,-0.05532023826600385,True,20,True,True,True,True,False,False,2,8,TARGET_BEFORE_STOP,True,True,False,True,False,12,8,STOP_BEFORE_TARGET,2024-01-23,2024-01-25,2024-01-29,2024-02-05,2024-02-20
SHOP|2024-01-23T00:00:00|Long,SHOP,2024-01-23,Long,-0.005052945967450317,0.02736013356423994,-0.005792472568875606,True,0.005053039994990183,0.02736013356423994,-0.024648755423273383,True,0.014666039565660371,0.030009829639022545,-0.024648755423273383,True,0.005176216072277917,0.030009829639022545,-0.0655656856648057,True,-0.06840033391059974,0.12854326329347265,-0.07973873883869598,True,20,True,True,True,False,True,False,4,2,STOP_BEFORE_TARGET,True,True,False,True,False,11,7,STOP_BEFORE_TARGET,2024-01-24,2024-01-26,2024-01-30,2024-02-06,2024-02-21
SHOP|2024-01-24T00:00:00|Long,SHOP,2024-01-24,Long,-0.0029729404581209096,0.012015279957563463,-0.01969532888850789,True,0.03480735094447884,0.03524084569562014,-0.01969532888850789,True,-0.008175444502229068,0.03524084569562014,-0.01969532888850789,True,0.054998075404271374,0.058590307579032386,-0.06082006017515762,True,-0.07060577654673372,0.1342746920245188,-0.0750650927288462,True,20,True,True,True,True,False,False,3,6,TARGET_BEFORE_STOP,True,True,False,True,False,10,6,STOP_BEFORE_TARGET,2024-01-25,2024-01-29,2024-01-31,2024-02-07,2024-02-22
SHOP|2024-01-25T00:00:00|Long,SHOP,2024-01-25,Long,0.013169402610525127,0.029196155255197143,-0.0001863509758545101,True,0.022860032502415972,0.03832773221952457,-0.0001863509758545101,True,-0.04683807607309398,0.03832773221952457,-0.058019608558685154,True,0.09168847159498328,0.1360418047987746,-0.058019608558685154,True,-0.05280159166103082,0.13765687818513483,-0.08249471444746126,True,20,True,True,True,True,False,False,2,5,TARGET_BEFORE_STOP,True,True,False,True,False,9,5,STOP_BEFORE_TARGET,2024-01-26,2024-01-30,2024-02-01,2024-02-08,2024-02-23
SHOP|2024-01-26T00:00:00|Long,SHOP,2024-01-26,Long,0.024402180126302797,0.024831316011100002,-0.0009810156721136165,True,-0.0181484157148869,0.024831316011100002,-0.01949728887534219,True,0.0169220993473429,0.024831316011100002,-0.0702636804721748,True,0.11244632527021903,0.1212752792096341,-0.0702636804721748,True,-0.04892710415512436,0.12286935951071576,-0.094420653457851,True,20,True,True,True,False,True,False,8,4,STOP_BEFORE_TARGET,True,True,False,True,False,9,4,STOP_BEFORE_TARGET,2024-01-29,2024-01-31,2024-02-02,2024-02-09,2024-02-26
SHOP|2024-01-29T00:00:00|Long,SHOP,2024-01-29,Long,-0.014484068364999936,-0.003471401871548707,-0.022264790399419865,True,-0.08163753435579157,-0.003471401871548707,-0.09241083476296963,True,-0.025616463564709924,-0.003471401871548707,-0.09241083476296963,True,0.0667943711982597,0.0961216027207914,-0.09241083476296963,True,-0.0827149100596315,0.0961216027207914,-0.11599236695250259,True,20,True,True,True,False,True,False,8,1,STOP_BEFORE_TARGET,True,True,False,True,False,8,2,STOP_BEFORE_TARGET,2024-01-30,2024-02-01,2024-02-05,2024-02-12,2024-02-27
SHOP|2024-01-30T00:00:00|Long,SHOP,2024-01-30,Long,-0.027450529405648627,-0.0013360938649957799,-0.028786623270644407,True,0.007287725747320062,0.008502331260463514,-0.07907205139615225,True,-0.009352657054970348,0.008502331260463514,-0.07907205139615225,True,-0.06255315694571428,0.11223123598042029,-0.07907205139615225,True,-0.08223009986509322,0.11223123598042029,-0.10300015994576295,True,20,True,True,True,False,True,False,6,1,STOP_BEFORE_TARGET,True,True,False,True,False,7,2,STOP_BEFORE_TARGET,2024-01-31,2024-02-02,2024-02-06,2024-02-13,2024-02-28
SHOP|2024-01-31T00:00:00|Long,SHOP,2024-01-31,Long,-0.041838372510167976,-0.0061196186541412345,-0.05307855646557125,True,0.016610488773870502,0.036967642010169666,-0.05307855646557125,True,0.0636942487018739,0.06731609104772929,-0.05307855646557125,True,0.007493424208915966,0.14362432925978097,-0.05307855646557125,True,-0.04620952869169748,0.14362432925978097,-0.07768204376682653,True,20,True,True,True,False,True,False,2,1,STOP_BEFORE_TARGET,True,True,False,True,False,5,1,STOP_BEFORE_TARGET,2024-02-01,2024-02-05,2024-02-07,2024-02-14,2024-02-29
SHOP|2024-02-01T00:00:00|Long,SHOP,2024-02-01,Long,0.08094367812388503,0.08224709929867657,0.034019819718762445,True,0.06308649975079161,0.08224709929867657,0.034019819718762445,True,0.14533369849412936,0.1918665404912805,0.034019819718762445,True,0.09489049352794265,0.19356097807404327,0.0037799910181581797,True,-0.001694537027424059,0.19356097807404327,-0.03740879432894939,True,20,True,True,True,True,False,False,1,13,TARGET_BEFORE_STOP,True,True,True,False,False,1,15,TARGET_BEFORE_STOP,2024-02-02,2024-02-06,2024-02-08,2024-02-15,2024-03-01
SHOP|2024-02-02T00:00:00|Long,SHOP,2024-02-02,Long,-0.01844927979822264,-0.0015675539966186758,-0.034969269446607165,True,0.027010706083763658,0.030507642228224885,-0.03810446943784895,True,0.09393465436947745,0.10261669003875973,-0.03810446943784895,True,-0.019775707025363243,0.1041842440353784,-0.07138548350609175,True,-0.0863379191578576,0.1041842440353784,-0.1094899529439407,True,20,True,True,True,False,True,False,3,1,STOP_BEFORE_TARGET,True,True,False,True,False,4,1,STOP_BEFORE_TARGET,2024-02-05,2024-02-07,2024-02-09,2024-02-16,2024-03-04
SHOP|2024-02-05T00:00:00|Long,SHOP,2024-02-05,Long,0.001965553190609981,0.00783784368945506,-0.020024629634611046,True,0.07948404299041889,0.12334153227669664,-0.020024629634611046,True,0.09484030805882426,0.12493855010201727,-0.020024629634611046,True,-0.034152318515781044,0.12493855010201727,-0.05393119542206348,True,-0.09742014934305199,0.12493855010201727,-0.10761673184300202,True,20,True,True,True,False,True,False,2,1,STOP_BEFORE_TARGET,True,True,True,False,False,3,6,TARGET_BEFORE_STOP,2024-02-06,2024-02-08,2024-02-12,2024-02-20,2024-03-05
SHOP|2024-02-06T00:00:00|Long,SHOP,2024-02-06,Long,0.04426190189324242,0.047817577766319674,0.0029426863701367267,True,0.11231000412339043,0.12113787614712201,0.0029426863701367267,True,-0.053702763419914534,0.12273176110677486,-0.05578709610792354,True,-0.07319766306287834,0.12273176110677486,-0.0844776801850512,True,-0.09256983384457884,0.12273176110677486,-0.10936731775325359,True,20,True,True,True,True,False,False,1,5,TARGET_BEFORE_STOP,True,True,True,False,False,2,5,TARGET_BEFORE_STOP,2024-02-07,2024-02-09,2024-02-13,2024-02-21,2024-03-06
SHOP|2024-02-07T00:00:00|Long,SHOP,2024-02-07,Long,0.03170135770439875,0.07361752268708055,-0.0031700909812260036,True,0.046377887314279276,0.07514384951827413,-0.0031700909812260036,True,-0.052835506595570014,0.07514384951827413,-0.09580833871251793,True,-0.11905600102907699,0.07514384951827413,-0.12328284872299677,True,-0.11553359809133457,0.07514384951827413,-0.14711751847689436,True,20,True,True,True,True,False,False,1,4,TARGET_BEFORE_STOP,True,True,True,False,False,1,4,TARGET_BEFORE_STOP,2024-02-08,2024-02-12,2024-02-14,2024-02-22,2024-03-07
SHOP|2024-02-08T00:00:00|Long,SHOP,2024-02-08,Long,0.03243425953155499,0.038010654756927886,0.011949418340084561,True,-0.12165701726715916,0.04210762299522197,-0.12359167259470694,True,-0.04404236514869764,0.04210762299522197,-0.12359167259470694,True,-0.13235466620336356,0.04210762299522197,-0.15955393005841556,True,-0.1332650360583738,0.04210762299522197,-0.17332426176037663,True,20,True,True,True,True,False,False,1,3,TARGET_BEFORE_STOP,False,True,False,True,False,,3,STOP_BEFORE_TARGET,2024-02-09,2024-02-13,2024-02-15,2024-02-23,2024-03-08
SHOP|2024-02-09T00:00:00|Long,SHOP,2024-02-09,Long,-0.01763666724638402,0.009369471590429335,-0.019179870374301133,True,-0.11078045542909798,0.009369471590429335,-0.15112432649905994,True,-0.10394621007813398,0.009369471590429335,-0.15112432649905994,True,-0.14506176681031768,0.009369471590429335,-0.18595681789664864,True,-0.17361110877504826,0.009369471590429335,-0.19929455012979724,True,20,True,False,True,False,True,False,,2,STOP_BEFORE_TARGET,False,True,False,True,False,,2,STOP_BEFORE_TARGET,2024-02-12,2024-02-14,2024-02-16,2024-02-26,2024-03-11
SHOP|2024-02-12T00:00:00|Long,SHOP,2024-02-12,Long,-0.13397668394780404,-0.06317330239342278,-0.13588420373804366,True,-0.057450657414599315,-0.0568895818960089,-0.13588420373804366,True,-0.11781866782317507,-0.0568895818960089,-0.13588420373804366,True,-0.14014817221987896,-0.0568895818960089,-0.1713420534319562,True,-0.14317775743919448,-0.0568895818960089,-0.18491924202241616,True,20,True,False,True,False,True,False,,1,STOP_BEFORE_TARGET,False,True,False,True,False,,1,STOP_BEFORE_TARGET,2024-02-13,2024-02-15,2024-02-20,2024-02-27,2024-03-12
SHOP|2024-02-13T00:00:00|Long,SHOP,2024-02-13,Long,0.04521894078737754,0.04560762670572771,0.003887056887426521,True,0.05325214555714308,0.08901273282479272,0.003887056887426521,True,-0.020601243340219733,0.08901273282479272,-0.03252140614544863,True,-0.020989929258569795,0.08901273282479272,-0.043145916272189666,True,0.019435086733206486,0.08901273282479272,-0.05882354104140741,True,20,True,True,True,True,False,False,1,5,TARGET_BEFORE_STOP,True,True,True,False,False,2,5,TARGET_BEFORE_STOP,2024-02-14,2024-02-16,2024-02-21,2024-02-28,2024-03-13
SHOP|2024-02-14T00:00:00|Long,SHOP,2024-02-14,Long,0.04127930961496662,0.04189915655797871,-0.013263911232318848,True,-0.02541211688228906,0.04189915655797871,-0.036568699828950946,True,-0.06991446036526139,0.04189915655797871,-0.07437709354392619,True,-0.053303526961261394,0.04189915655797871,-0.08454195921191487,True,-0.027891410078972334,0.04189915655797871,-0.09954132839422947,True,20,True,True,True,True,False,False,1,3,TARGET_BEFORE_STOP,False,True,False,True,False,,3,STOP_BEFORE_TARGET,2024-02-15,2024-02-20,2024-02-22,2024-02-29,2024-03-14
SHOP|2024-02-15T00:00:00|Long,SHOP,2024-02-15,Long,-0.032261893862769675,-0.00392859322684147,-0.04345239911760601,True,-0.10011909121558782,-0.00392859322684147,-0.11107145036969868,True,-0.0923809778122675,-0.00392859322684147,-0.12083335149855845,True,-0.08821432931082585,-0.00392859322684147,-0.12083335149855845,True,-0.08154760088239399,-0.00392859322684147,-0.13523810250418522,True,20,True,False,True,False,True,False,,1,STOP_BEFORE_TARGET,False,True,False,True,False,,1,STOP_BEFORE_TARGET,2024-02-16,2024-02-21,2024-02-23,2024-03-01,2024-03-15
SHOP|2024-02-16T00:00:00|Long,SHOP,2024-02-16,Long,-0.03284534553911311,-0.008734150282646125,-0.04391683669107094,True,-0.07700826750802425,-0.008734150282646125,-0.08143686396880745,True,-0.04588514349765638,-0.008734150282646125,-0.09152420171747255,True,-0.06790508316265198,-0.008734150282646125,-0.09152420171747255,True,-0.04637722019930279,-0.008734150282646125,-0.106409169989647,True,20,True,False,True,False,True,False,,1,STOP_BEFORE_TARGET,False,True,False,True,False,,1,STOP_BEFORE_TARGET,2024-02-20,2024-02-22,2024-02-26,2024-03-04,2024-03-18
SHOP|2024-02-20T00:00:00|Long,SHOP,2024-02-20,Long,-0.03853989192111973,-0.007122935238165318,-0.05024172525621595,True,-0.03027225641906972,0.00267106432378994,-0.060671637062087336,True,-0.025311694526118256,0.00267106432378994,-0.060671637062087336,True,-0.06550497768969865,0.00267106432378994,-0.0760621107609103,True,-0.013864206680310076,0.015008906944194766,-0.0760621107609103,True,20,True,False,True,False,True,False,,1,STOP_BEFORE_TARGET,False,True,False,True,False,,1,STOP_BEFORE_TARGET,2024-02-21,2024-02-23,2024-02-27,2024-03-05,2024-03-19
SHOP|2024-02-21T00:00:00|Long,SHOP,2024-02-21,Long,-0.007408355413731416,0.042862887288432905,-0.009524985132823516,True,0.02606166577779856,0.042862887288432905,-0.023018890700717387,True,-0.00039686176412523366,0.042862887288432905,-0.023018890700717387,True,-0.020902160050352614,0.042862887288432905,-0.03902628775182859,True,0.07593604671583765,0.07977254532116929,-0.03902628775182859,True,20,True,True,True,True,False,False,1,2,TARGET_BEFORE_STOP,True,True,False,True,False,12,9,STOP_BEFORE_TARGET,2024-02-22,2024-02-26,2024-02-28,2024-03-06,2024-03-20
SHOP|2024-02-22T00:00:00|Long,SHOP,2024-02-22,Long,0.016126870640527535,0.02359062110166721,-0.015727046839582037,True,0.02132478342199562,0.04291618383434681,-0.015727046839582037,True,0.01785957602407562,0.04291618383434681,-0.015727046839582037,True,0.00399844137863159,0.04838071360617069,-0.03185391748010946,True,0.060775658173834346,0.11142210777508832,-0.03185391748010946,True,20,True,True,True,True,False,False,2,8,TARGET_BEFORE_STOP,True,True,False,True,False,11,8,STOP_BEFORE_TARGET,2024-02-23,2024-02-27,2024-02-29,2024-03-07,2024-03-21
SHOP|2024-02-23T00:00:00|Long,SHOP,2024-02-23,Long,0.017313742547355293,0.026364142084868147,-0.0003934782284553684,True,-0.008919206771107802,0.026364142084868147,-0.01984523256394599,True,0.004590746116579059,0.031741944729118066,-0.01984523256394599,True,-0.0010492419189609414,0.043809077398628604,-0.047219288759081546,True,0.03252890118602858,0.09378281382765752,-0.047219288759081546,True,20,True,True,True,True,False,False,5,6,TARGET_BEFORE_STOP,True,True,False,True,False,18,7,STOP_BEFORE_TARGET,2024-02-26,2024-02-28,2024-03-01,2024-03-08,2024-03-22
SHOP|2024-02-26T00:00:00|Long,SHOP,2024-02-26,Long,-0.011990721176508568,0.0009025231695158897,-0.021402734463223494,True,-0.015342893881768349,0.0009025231695158897,-0.03652656359311046,True,-0.023078919183501356,0.01418264747474507,-0.04602887838060099,True,-0.03339345563973206,0.026044408664851915,-0.06343473857420423,True,0.011088198006992789,0.07516763814555727,-0.06343473857420423,True,20,True,True,True,False,True,False,17,1,STOP_BEFORE_TARGET,True,True,False,True,False,17,2,STOP_BEFORE_TARGET,2024-02-27,2024-02-29,2024-03-04,2024-03-11,2024-03-25
SHOP|2024-02-27T00:00:00|Long,SHOP,2024-02-27,Long,-0.01396319630921683,-0.005741809053661284,-0.024833615374360574,True,-0.0005220007433258678,0.026491015026114395,-0.024833615374360574,True,-0.04123706310812758,0.026491015026114395,-0.052068354518850835,True,-0.0035233805656226247,0.038496733438224684,-0.052068354518850835,True,0.024794487719939973,0.08821613439283982,-0.052068354518850835,True,20,True,True,True,False,True,False,8,1,STOP_BEFORE_TARGET,True,True,False,True,False,16,4,STOP_BEFORE_TARGET,2024-02-28,2024-03-01,2024-03-05,2024-03-12,2024-03-26
SHOP|2024-02-28T00:00:00|Long,SHOP,2024-02-28,Long,0.0107200266564349,0.020910559583190214,-0.007014277348088571,True,0.002779236252751449,0.04102708051455006,-0.020778186150770428,True,-0.020513439285930635,0.04102708051455006,-0.03864476261636951,True,0.04129172640804546,0.05320281104222624,-0.03864476261636951,True,0.04049768775621487,0.10362628486035663,-0.03864476261636951,True,20,True,True,True,True,False,False,2,3,TARGET_BEFORE_STOP,True,True,False,True,False,7,4,STOP_BEFORE_TARGET,2024-02-29,2024-03-04,2024-03-06,2024-03-13,2024-03-27
SHOP|2024-02-29T00:00:00|Long,SHOP,2024-02-29,Long,0.0028806283016460377,0.029985607348034682,-0.0007857167190028491,True,-0.037973044671766765,0.029985607348034682,-0.04884121019755405,True,-0.013617924291274064,0.029985607348034682,-0.04884121019755405,True,0.026842940272842064,0.04491292630376775,-0.04884121019755405,True,0.010475257216081335,0.0919208640905882,-0.04884121019755405,True,20,True,True,True,False,True,False,6,2,STOP_BEFORE_TARGET,True,True,False,True,False,14,2,STOP_BEFORE_TARGET,2024-03-01,2024-03-05,2024-03-07,2024-03-14,2024-03-28
SHOP|2024-03-01T00:00:00|Long,SHOP,2024-03-01,Long,-0.010706355059825867,-0.0007833602488902525,-0.03394697216919462,True,-0.033685785677257996,-0.0007833602488902525,-0.05157327506344378,True,-0.005614214601659673,0.03903911262736082,-0.05157327506344378,True,0.0073117275723282305,0.04191156635790483,-0.05157327506344378,True,0.02089053636269811,0.08878448070108758,-0.05157327506344378,True,20,True,True,True,False,True,False,5,1,STOP_BEFORE_TARGET,True,True,False,True,False,13,1,STOP_BEFORE_TARGET,2024-03-04,2024-03-06,2024-03-08,2024-03-15,2024-04-01
SHOP|2024-03-04T00:00:00|Long,SHOP,2024-03-04,Long,-0.030354962706386157,-0.01108613402541958,-0.04130919086828799,True,-0.005806979431244086,0.002507621087820544,-0.04130919086828799,True,-0.010558208496852184,0.050283824162435486,-0.04130919086828799,True,0.02309621324445632,0.05318736422380699,-0.04130919086828799,True,0.03101499548146891,0.10056754763337228,-0.04130919086828799,True,20,True,True,True,False,True,False,4,1,STOP_BEFORE_TARGET,True,True,False,True,False,4,1,STOP_BEFORE_TARGET,2024-03-05,2024-03-07,2024-03-11,2024-03-18,2024-04-02
SHOP|2024-03-05T00:00:00|Long,SHOP,2024-03-05,Long,0.007349951089631546,0.018783139111056668,-0.0075541077440378634,True,0.03661361639733074,0.08316320278799494,-0.0075541077440378634,True,0.03933577435185964,0.08316320278799494,-0.0075541077440378634,True,0.0552606164575602,0.08615763884417849,-0.0075541077440378634,True,0.029535839565684174,0.13502106988055895,-0.0075541077440378634,True,20,True,True,False,True,False,False,2,,TARGET_BEFORE_STOP,True,False,True,False,False,3,,TARGET_BEFORE_STOP,2024-03-06,2024-03-08,2024-03-12,2024-03-19,2024-04-03
SHOP|2024-03-06T00:00:00|Long,SHOP,2024-03-06,Long,0.01783542300666996,0.026347748844174124,-0.010944536746496758,True,0.012971207360669812,0.07526009369073527,-0.010944536746496758,True,0.06309955457573468,0.07526009369073527,-0.010944536746496758,True,0.09890554632535031,0.10282394798940575,-0.010944536746496758,True,0.010809287924228528,0.12673958901057958,-0.010944536746496758,True,20,True,True,False,True,False,False,2,,TARGET_BEFORE_STOP,True,False,True,False,False,2,,TARGET_BEFORE_STOP,2024-03-07,2024-03-11,2024-03-13,2024-03-20,2024-04-04
SHOP|2024-03-07T00:00:00|Long,SHOP,2024-03-07,Long,0.0110182106847172,0.05641842422268395,0.009956192509885442,True,0.01367315484216891,0.05641842422268395,-0.011814673676027176,True,0.04101946452650651,0.05933892356365744,-0.011814673676027176,True,0.056551100534817156,0.10699584976342091,-0.011814673676027176,True,-0.0006637866791767699,0.10699584976342091,-0.021770866185912507,True,20,True,True,True,True,False,False,1,20,TARGET_BEFORE_STOP,True,False,True,False,False,1,,TARGET_BEFORE_STOP,2024-03-08,2024-03-12,2024-03-14,2024-03-21,2024-04-05
SHOP|2024-03-08T00:00:00|Long,SHOP,2024-03-08,Long,-0.01562503130495896,0.0017068966277196118,-0.02258404855564433,True,0.03308818962570692,0.04254198671187126,-0.02258404855564433,True,0.012998920905541667,0.04779410733483713,-0.02258404855564433,True,0.0336134117055904,0.09493166202585268,-0.02258404855564433,True,-0.023371931763403797,0.09493166202585268,-0.03728996626477443,True,20,True,True,True,False,True,False,3,1,STOP_BEFORE_TARGET,True,True,True,False,False,8,19,TARGET_BEFORE_STOP,2024-03-11,2024-03-13,2024-03-15,2024-03-22,2024-04-08
SHOP|2024-03-11T00:00:00|Long,SHOP,2024-03-11,Long,0.018540741190018695,0.022942526246459982,-0.005188741264918417,True,0.04601836590726194,0.06442579368293888,-0.005188741264918417,True,0.03401354382876942,0.06442579368293888,-0.005188741264918417,True,0.04601836590726194,0.11231156505063677,-0.005188741264918417,True,-0.0006669741355693759,0.11231156505063677,-0.022008823516242004,True,20,True,True,True,True,False,False,2,19,TARGET_BEFORE_STOP,True,False,True,False,False,2,,TARGET_BEFORE_STOP,2024-03-12,2024-03-14,2024-03-18,2024-03-25,2024-04-09
SHOP|2024-03-12T00:00:00|Long,SHOP,2024-03-12,Long,0.030382394922476186,0.03981143126281261,-0.003404951992564853,True,0.010345742656008516,0.04504979588672131,-0.003404951992564853,True,0.015322134096299456,0.04504979588672131,-0.013881581326887216,True,0.028417995699323573,0.0920638910831002,-0.013881581326887216,True,-0.05735983785238741,0.0920638910831002,-0.06246731579798215,True,20,True,True,True,True,False,False,1,16,TARGET_BEFORE_STOP,True,True,True,False,False,6,17,TARGET_BEFORE_STOP,2024-03-13,2024-03-15,2024-03-19,2024-03-26,2024-04-10
SHOP|2024-03-13T00:00:00|Long,SHOP,2024-03-13,Long,-0.003304551794890642,0.014234910297888703,-0.016776813544793323,True,-0.014743310340748272,0.014234910297888703,-0.030757475337555573,True,0.033680751342149984,0.03736657892733697,-0.042958785464006,True,-0.0007625515805927963,0.05986272326136244,-0.042958785464006,True,-0.090366047061185,0.05986272326136244,-0.10409255731621403,True,20,True,True,True,False,True,False,5,2,STOP_BEFORE_TARGET,True,True,False,True,False,6,3,STOP_BEFORE_TARGET,2024-03-14,2024-03-18,2024-03-20,2024-03-27,2024-04-11
SHOP|2024-03-14T00:00:00|Long,SHOP,2024-03-14,Long,-0.016194805824024217,0.008288721513083575,-0.021168019274096506,True,-0.011349138107999646,0.008288721513083575,-0.03978570760057776,True,0.014919640350216756,0.06337670666602069,-0.03978570760057776,True,-0.015939811644818502,0.06337670666602069,-0.03978570760057776,True,-0.10737054789016398,0.06337670666602069,-0.11769951470356177,True,20,True,True,True,False,True,False,4,1,STOP_BEFORE_TARGET,True,True,False,True,False,5,3,STOP_BEFORE_TARGET,2024-03-15,2024-03-19,2024-03-21,2024-03-28,2024-04-12
SHOP|2024-03-15T00:00:00|Long,SHOP,2024-03-15,Long,0.004795788851195137,0.011017478383794632,-0.01153596075237795,True,0.05418017138695275,0.05793909439138156,-0.023979240927176626,True,0.020349963237493718,0.08088137058139155,-0.023979240927176626,True,0.013480244911965311,0.08088137058139155,-0.023979240927176626,True,-0.11121194635591347,0.08088137058139155,-0.11354506756933824,True,20,True,True,True,False,True,False,3,2,STOP_BEFORE_TARGET,True,True,True,False,False,3,13,TARGET_BEFORE_STOP,2024-03-18,2024-03-20,2024-03-22,2024-04-01,2024-04-15
SHOP|2024-03-18T00:00:00|Long,SHOP,2024-03-18,Long,0.00012902653074831072,0.013028923890192168,-0.028637689466504357,True,0.026702783597312818,0.07572243293056258,-0.028637689466504357,True,0.0116099273071808,0.07572243293056258,-0.028637689466504357,True,0.0077400171503914095,0.07572243293056258,-0.028637689466504357,True,-0.1137770907735598,0.07572243293056258,-0.12261348897088897,True,20,True,True,True,False,True,False,2,1,STOP_BEFORE_TARGET,True,True,True,False,False,2,11,TARGET_BEFORE_STOP,2024-03-19,2024-03-21,2024-03-25,2024-04-02,2024-04-16
SHOP|2024-03-19T00:00:00|Long,SHOP,2024-03-19,Long,0.049013325313923994,0.05275382473470813,-0.0031600041409122204,True,0.015348928932577444,0.07558365410314405,-0.0031600041409122204,True,0.01289823314516858,0.07558365410314405,-0.0031600041409122204,True,-0.02437765277191173,0.07558365410314405,-0.030955779229546287,True,-0.10473359015911421,0.07558365410314405,-0.12272668050382152,True,20,True,True,True,True,False,False,1,9,TARGET_BEFORE_STOP,True,True,True,False,False,1,10,TARGET_BEFORE_STOP,2024-03-20,2024-03-22,2024-03-26,2024-04-03,2024-04-17
SHOP|2024-03-20T00:00:00|Long,SHOP,2024-03-20,Long,-0.021394386499320905,0.025328876333643002,-0.02176323905829658,True,-0.035780199146611014,0.025328876333643002,-0.044202645269465934,True,-0.0333210257403177,0.025328876333643002,-0.04758395007319827,True,-0.08016727069556473,0.025328876333643002,-0.08324116709752627,True,-0.14533381813242408,0.025328876333643002,-0.1637157523869882,True,20,True,False,True,False,True,False,,1,STOP_BEFORE_TARGET,False,True,False,True,False,,2,STOP_BEFORE_TARGET,2024-03-21,2024-03-25,2024-03-27,2024-04-04,2024-04-18
SHOP|2024-03-21T00:00:00|Long,SHOP,2024-03-21,Long,-0.010930960638495746,0.00980030713131308,-0.015202904135536599,True,-0.01331822600033361,0.00980030713131308,-0.023306895500583735,True,-0.030405808271073087,0.00980030713131308,-0.032541732090237585,True,-0.054152503541979424,0.00980030713131308,-0.07412984254247978,True,-0.12463875644410194,0.00980030713131308,-0.14543281167022304,True,20,True,False,True,False,True,False,,2,STOP_BEFORE_TARGET,False,True,False,True,False,,5,STOP_BEFORE_TARGET,2024-03-22,2024-03-26,2024-03-28,2024-04-05,2024-04-19
SHOP|2024-03-22T00:00:00|Long,SHOP,2024-03-22,Long,-0.003811014317907757,0.01067068502114954,-0.01251271081144889,True,-0.001270305799929261,0.013084333883699006,-0.016006124449844283,True,-0.006732707965932838,0.013084333883699006,-0.03099596549249717,True,-0.05513216336363247,0.013084333883699006,-0.06859757929549826,True,-0.10378554423594988,0.013084333883699006,-0.1359883341597219,True,20,True,False,True,False,True,False,,4,STOP_BEFORE_TARGET,False,True,False,True,False,,5,STOP_BEFORE_TARGET,2024-03-25,2024-03-27,2024-04-01,2024-04-08,2024-04-22
SHOP|2024-03-25T00:00:00|Long,SHOP,2024-03-25,Long,0.0014027112078551784,0.01695998293942025,-0.008543715692289289,True,-0.015939811644818502,0.01695998293942025,-0.018107602679180324,True,-0.003825496421422825,0.01695998293942025,-0.03149708337638368,True,-0.04463147260549183,0.01695998293942025,-0.06503441205308158,True,-0.05623560489269719,0.01695998293942025,-0.13268297656524686,True,20,True,False,True,False,True,False,,4,STOP_BEFORE_TARGET,False,True,False,True,False,,5,STOP_BEFORE_TARGET,2024-03-26,2024-03-28,2024-04-02,2024-04-09,2024-04-23
SHOP|2024-03-26T00:00:00|Long,SHOP,2024-03-26,Long,0.00114610936819326,0.010823869697361932,-0.01362536242782042,True,-0.004329509017899746,0.010823869697361932,-0.028651471220870195,True,-0.03680121526259772,0.010823869697361932,-0.04329557594205968,True,-0.08340755792918819,0.010823869697361932,-0.08837390232120912,True,-0.07984205705500902,0.010823869697361932,-0.13389786773332468,True,20,True,False,True,False,True,False,,3,STOP_BEFORE_TARGET,False,True,False,True,False,,4,STOP_BEFORE_TARGET,2024-03-27,2024-04-01,2024-04-03,2024-04-10,2024-04-24
SHOP|2024-03-27T00:00:00|Long,SHOP,2024-03-27,Long,-0.018443201818633348,0.0073136215740869925,-0.020605478122454834,True,-0.006359704687516565,0.0073136215740869925,-0.03396089678279646,True,-0.04846101570702277,0.00852198099133794,-0.05164086805078094,True,-0.08967187491053996,0.00852198099133794,-0.10340886032550978,True,-0.10264562977486102,0.00852198099133794,-0.1348893791204382,True,20,True,False,True,False,True,False,,1,STOP_BEFORE_TARGET,False,True,False,True,False,,3,STOP_BEFORE_TARGET,2024-03-28,2024-04-02,2024-04-04,2024-04-11,2024-04-25
SHOP|2024-03-28T00:00:00|Long,SHOP,2024-03-28,Long,0.013217627273074184,0.018919257731176087,-0.011532971501437617,True,-0.01982634204483602,0.027471851715491713,-0.026435155681373113,True,-0.024491375333594467,0.027471851715491713,-0.045095189971631755,True,-0.09291173174901868,0.027471851715491713,-0.1034080072163377,True,-0.07567703092470401,0.027471851715491713,-0.11863417126503217,True,20,True,False,True,False,True,False,,3,STOP_BEFORE_TARGET,False,True,False,True,False,,4,STOP_BEFORE_TARGET,2024-04-01,2024-04-03,2024-04-05,2024-04-12,2024-04-26
SHOP|2024-04-01T00:00:00|Long,SHOP,2024-04-01,Long,-0.0008952512167610394,0.005243586391010524,-0.02864823408648276,True,-0.043228095373771036,0.0140682752241299,-0.04642543508721264,True,-0.048727523583893095,0.0140682752241299,-0.06228421274486462,True,-0.12303366730025411,0.0140682752241299,-0.12533575579693457,True,-0.07302722734599731,0.0140682752241299,-0.13013176536709692,True,20,True,False,True,False,True,False,,1,STOP_BEFORE_TARGET,False,True,False,True,False,,2,STOP_BEFORE_TARGET,2024-04-02,2024-04-04,2024-04-08,2024-04-15,2024-04-29
SHOP|2024-04-02T00:00:00|Long,SHOP,2024-04-02,Long,-0.03174607360138759,0.014976934559778998,-0.03827451853609776,True,-0.03635437618324222,0.014976934559778998,-0.05670763120101918,True,-0.04096267876509674,0.014976934559778998,-0.06144396931639673,True,-0.12058378734186614,0.014976934559778998,-0.12935231696949367,True,-0.1013825591383043,0.014976934559778998,-0.12935231696949367,True,20,True,False,True,False,True,False,,1,STOP_BEFORE_TARGET,False,True,False,True,False,,1,STOP_BEFORE_TARGET,2024-04-03,2024-04-05,2024-04-09,2024-04-16,2024-04-30
SHOP|2024-04-03T00:00:00|Long,SHOP,2024-04-03,Long,-0.01097305443881691,0.018905345276503116,-0.014278184026565333,True,-0.01665788136432622,0.018905345276503116,-0.030671598539723344,True,-0.048387044715070715,0.018905345276503116,-0.0535431396673447,True,-0.08236377284254259,0.018905345276503116,-0.10080645242632702,True,-0.0692754879171329,0.018905345276503116,-0.10080645242632702,True,20,True,False,True,False,True,False,,2,STOP_BEFORE_TARGET,False,True,False,True,False,,3,STOP_BEFORE_TARGET,2024-04-04,2024-04-08,2024-04-10,2024-04-17,2024-05-01
SHOP|2024-04-04T00:00:00|Long,SHOP,2024-04-04,Long,0.006282599064850958,0.0158000166437271,-0.014971195745732802,True,0.001470399865544758,0.0158000166437271,-0.019917095473803714,True,-0.04330969081013347,0.0158000166437271,-0.05774628840805196,True,-0.07084608468556819,0.0158000166437271,-0.09083008141556537,True,-0.03756179187671893,0.0158000166437271,-0.09083008141556537,True,20,True,False,True,False,True,False,,4,STOP_BEFORE_TARGET,False,True,False,True,False,,4,STOP_BEFORE_TARGET,2024-04-05,2024-04-09,2024-04-11,2024-04-18,2024-05-02
SHOP|2024-04-05T00:00:00|Long,SHOP,2024-04-05,Long,-0.011955387094485737,0.002391077418897103,-0.026036120035268673,True,-0.04383628421724717,0.002391077418897103,-0.049017036413941284,True,-0.07013813582511574,0.002391077418897103,-0.08089793353670283,True,-0.07452179465091058,0.002391077418897103,-0.09650636965268422,True,-0.010892663497886867,0.002391077418897103,-0.09650636965268422,True,20,True,False,True,False,True,False,,1,STOP_BEFORE_TARGET,False,True,False,True,False,,3,STOP_BEFORE_TARGET,2024-04-08,2024-04-10,2024-04-12,2024-04-19,2024-05-03
SHOP|2024-04-08T00:00:00|Long,SHOP,2024-04-08,Long,0.007260028710239341,0.009411193916178284,-0.011831100913055392,True,-0.03777894141377669,0.009411193916178284,-0.052298998834255594,True,-0.0781123658663051,0.009411193916178284,-0.08053237543638492,True,-0.05149226059542722,0.009411193916178284,-0.08557405349295089,True,0.040199053557059106,0.04598018183151642,-0.08557405349295089,True,20,True,True,True,False,True,False,20,2,STOP_BEFORE_TARGET,False,True,False,True,False,,2,STOP_BEFORE_TARGET,2024-04-09,2024-04-11,2024-04-15,2024-04-22,2024-05-06
SHOP|2024-04-09T00:00:00|Long,SHOP,2024-04-09,Long,-0.03924178969388126,-0.024025566822682975,-0.04444743609770918,True,-0.06567002521610676,-0.024025566822682975,-0.07648152519461981,True,-0.08302190833850476,-0.024025566822682975,-0.09216496193347523,True,-0.01214623671857007,-0.004404722892685231,-0.09216496193347523,True,0.028430391549253864,0.03877467766010989,-0.09216496193347523,True,20,True,True,True,False,True,False,19,1,STOP_BEFORE_TARGET,False,True,False,True,False,,1,STOP_BEFORE_TARGET,2024-04-10,2024-04-12,2024-04-16,2024-04-23,2024-05-07
SHOP|2024-04-10T00:00:00|Long,SHOP,2024-04-10,Long,-0.005696077285190615,0.004028803453853591,-0.0207002698482166,True,-0.04737431929809577,0.004028803453853591,-0.04987501805860006,True,-0.03570435641799197,0.004028803453853591,-0.05508479831021318,True,0.003889952295617727,0.03801055756371552,-0.05508479831021318,True,-0.12850796586974933,0.0812030191541464,-0.15754380992527162,True,20,True,True,True,False,True,False,9,1,STOP_BEFORE_TARGET,True,True,False,True,False,18,2,STOP_BEFORE_TARGET,2024-04-11,2024-04-15,2024-04-17,2024-04-24,2024-05-08
SHOP|2024-04-11T00:00:00|Long,SHOP,2024-04-11,Long,-0.021936561429631518,-0.005309448861789634,-0.03325411853522875,True,-0.04010063935754893,-0.005309448861789634,-0.04967165460855616,True,-0.02878297565149668,-0.005309448861789634,-0.04967165460855616,True,-0.014251734629253776,0.043957017417341815,-0.04967165460855616,True,-0.1274276787868186,0.08739691602751698,-0.15271762402936284,True,20,True,True,True,False,True,False,8,1,STOP_BEFORE_TARGET,True,True,False,True,False,17,1,STOP_BEFORE_TARGET,2024-04-12,2024-04-16,2024-04-18,2024-04-25,2024-05-09
SHOP|2024-04-12T00:00:00|Long,SHOP,2024-04-12,Long,-0.020428575788225434,0.005857195172991103,-0.023000008719308074,True,-0.008428519112723243,0.014285714285714235,-0.028357151576450912,True,-0.004714311872209831,0.02328567504882817,-0.028357151576450912,True,0.019000026157924177,0.06737147739955351,-0.028357151576450912,True,-0.15800001961844312,0.111785670689174,-0.16214283534458707,True,20,True,True,True,False,True,False,7,1,STOP_BEFORE_TARGET,True,True,True,False,False,7,18,TARGET_BEFORE_STOP,2024-04-15,2024-04-17,2024-04-19,2024-04-26,2024-05-10
SHOP|2024-04-15T00:00:00|Long,SHOP,2024-04-15,Long,0.0018958327839657674,0.011229351706188329,-0.008093923109900092,True,0.013708654595155245,0.03543824290492448,-0.008093923109900092,True,0.02887565065984754,0.04462589430089681,-0.008093923109900092,True,0.057022074952765456,0.08963108867577319,-0.008093923109900092,True,-0.14277382177480613,0.13497152245308452,-0.15035731980715228,True,20,True,True,True,True,False,False,2,17,TARGET_BEFORE_STOP,True,True,True,False,False,6,17,TARGET_BEFORE_STOP,2024-04-16,2024-04-18,2024-04-22,2024-04-29,2024-05-13
SHOP|2024-04-16T00:00:00|Long,SHOP,2024-04-16,Long,0.010334887123824688,0.033478939649598694,0.003930193369067414,True,0.014119377930015276,0.042649205754451636,-0.008005756139663922,True,0.07729265536923946,0.08573507498240351,-0.008005756139663922,True,0.021834062105273278,0.08756923925715676,-0.008005756139663922,True,-0.15531293512260225,0.13282387780707872,-0.17147014996480703,True,20,True,True,True,True,False,False,1,16,TARGET_BEFORE_STOP,True,True,True,False,False,5,16,TARGET_BEFORE_STOP,2024-04-17,2024-04-19,2024-04-23,2024-04-30,2024-05-14
SHOP|2024-04-17T00:00:00|Long,SHOP,2024-04-17,Long,0.0014406925348671162,0.022186906856100475,-0.018153033709149557,True,0.016424136716632454,0.0319837699781087,-0.018153033709149557,True,0.04106034179158091,0.07644430883031195,-0.018153033709149557,True,0.014263042955434457,0.07644430883031195,-0.018153033709149557,True,-0.15329207092599584,0.12123602999788519,-0.1799453224922145,True,20,True,True,True,True,False,False,2,15,TARGET_BEFORE_STOP,True,True,True,False,False,4,15,TARGET_BEFORE_STOP,2024-04-18,2024-04-22,2024-04-24,2024-05-01,2024-05-15
SHOP|2024-04-18T00:00:00|Long,SHOP,2024-04-18,Long,0.0023017699294738403,0.030499137563434253,-0.010358239081794562,True,0.06473888450155107,0.07308292397551708,-0.010358239081794562,True,0.014961888700407044,0.0748957145985294,-0.010358239081794562,True,0.035822152024818754,0.0748957145985294,-0.010358239081794562,True,-0.16832111067999955,0.11962299750351635,-0.1811250694915878,True,20,True,True,True,True,False,False,1,14,TARGET_BEFORE_STOP,True,True,True,False,False,3,14,TARGET_BEFORE_STOP,2024-04-19,2024-04-23,2024-04-25,2024-05-02,2024-05-16
SHOP|2024-04-19T00:00:00|Long,SHOP,2024-04-19,Long,0.012631045011348263,0.022965387055719377,-0.005023661307875571,True,0.03717531269348617,0.07242723384012728,-0.005023661307875571,True,0.023826664356786376,0.07242723384012728,-0.005023661307875571,True,0.06875270620664997,0.0747810997761007,-0.011339183813549703,True,-0.15989665110417617,0.11705180125771664,-0.18300560262800725,True,20,True,True,True,True,False,False,2,13,TARGET_BEFORE_STOP,True,True,True,False,False,2,13,TARGET_BEFORE_STOP,2024-04-22,2024-04-24,2024-04-26,2024-05-03,2024-05-17
SHOP|2024-04-22T00:00:00|Long,SHOP,2024-04-22,Long,0.04904321665208555,0.05726425388201539,0.00949678440770274,True,0.0,0.059050321559229735,-0.013905071086921073,True,0.027356487904895976,0.059050321559229735,-0.013905071086921073,True,0.09666902055015991,0.10276399271990333,-0.023671236372798887,True,-0.16498940752428048,0.10311826480216024,-0.19319637552408153,True,20,True,True,True,True,False,False,1,7,TARGET_BEFORE_STOP,True,True,True,False,False,1,12,TARGET_BEFORE_STOP,2024-04-23,2024-04-25,2024-04-29,2024-05-06,2024-05-20
SHOP|2024-04-23T00:00:00|Long,SHOP,2024-04-23,Long,-0.02364545263461515,0.009539268495611486,-0.0318875900855603,True,-0.03621132587245024,0.009539268495611486,-0.06000542850836943,True,-0.051479598405836935,0.009539268495611486,-0.06000542850836943,True,0.0410755415184505,0.051547016644986066,-0.0693150214125069,True,-0.22956358854298153,0.051547016644986066,-0.23091478819075728,True,20,True,True,True,False,True,False,9,1,STOP_BEFORE_TARGET,True,True,False,True,False,9,1,STOP_BEFORE_TARGET,2024-04-24,2024-04-26,2024-04-30,2024-05-07,2024-05-21
SHOP|2024-04-24T00:00:00|Long,SHOP,2024-04-24,Long,-0.023664531330193195,-0.012455044274454208,-0.03724054542672928,True,0.0030445781095931324,0.02463325113028758,-0.03724054542672928,True,-0.025740389639692163,0.030722407349473846,-0.04677559898822359,True,-0.1318848922260949,0.07701348806384112,-0.16080822589342092,True,-0.18765570125124809,0.07701348806384112,-0.21228900517280536,True,20,True,True,True,False,True,False,4,1,STOP_BEFORE_TARGET,True,True,False,True,False,8,1,STOP_BEFORE_TARGET,2024-04-25,2024-04-29,2024-05-01,2024-05-08,2024-05-22
SHOP|2024-04-25T00:00:00|Long,SHOP,2024-04-25,Long,0.011055970879613408,0.018143142791331,0.0026222190020037672,True,-0.004961106851531283,0.055705175551765684,-0.005244546145668938,True,0.02055275528731615,0.055705175551765684,-0.023671236372798887,True,-0.1148122174123214,0.10311826480216024,-0.1404677991982377,True,-0.1829908306685426,0.10311826480216024,-0.19319637552408153,True,20,True,True,True,True,False,False,2,4,TARGET_BEFORE_STOP,True,True,True,False,False,3,9,TARGET_BEFORE_STOP,2024-04-26,2024-04-30,2024-05-02,2024-05-09,2024-05-23
SHOP|2024-04-26T00:00:00|Long,SHOP,2024-04-26,Long,0.01612226968117403,0.037992415742414964,0.000700903141453546,True,-0.013037996373229999,0.044160962358303246,-0.0343474627049577,True,0.043880515534422404,0.04976861532642962,-0.0343474627049577,True,-0.17369974605764715,0.09105558601513719,-0.17776531585136357,True,-0.201317821978517,0.09105558601513719,-0.2021590020114733,True,20,True,True,True,True,False,False,1,3,TARGET_BEFORE_STOP,True,True,False,True,False,6,3,STOP_BEFORE_TARGET,2024-04-29,2024-05-01,2024-05-03,2024-05-10,2024-05-24
SHOP|2024-04-29T00:00:00|Long,SHOP,2024-04-29,Long,-0.03145704060557686,0.027593817706531354,-0.03173293246733533,True,-0.006622562564874368,0.027593817706531354,-0.04966895608140509,True,0.06746687587150402,0.07339955088889072,-0.04966895608140509,True,-0.1890177144469758,0.0737443894005736,-0.19619211336639752,True,-0.19715789277564366,0.0737443894005736,-0.2230960435254411,True,20,True,True,True,False,True,False,4,1,STOP_BEFORE_TARGET,True,True,False,True,False,5,1,STOP_BEFORE_TARGET,2024-04-30,2024-05-02,2024-05-06,2024-05-13,2024-05-28
SHOP|2024-04-30T00:00:00|Long,SHOP,2024-04-30,Long,0.0028490681813586605,0.026780697500579764,-0.018803415273613844,True,0.06068379375246025,0.06666667391205583,-0.018803415273613844,True,0.09757843876497696,0.10861823834012196,-0.018803415273613844,True,-0.1733618048148654,0.10861823834012196,-0.18917378000868146,True,-0.168518497587394,0.10861823834012196,-0.19786319342993897,True,20,True,True,True,True,False,False,2,6,TARGET_BEFORE_STOP,True,True,True,False,False,3,6,TARGET_BEFORE_STOP,2024-05-01,2024-05-03,2024-05-07,2024-05-14,2024-05-29
SHOP|2024-05-01T00:00:00|Long,SHOP,2024-05-01,Long,0.022727250560256484,0.0329545404053917,-0.0024147466656350147,True,0.09900569701182405,0.1051136557597756,-0.0024147466656350147,True,-0.10894888945170123,0.10546868269077891,-0.1386363909756836,True,-0.1651988752278658,0.10546868269077891,-0.19147731626082953,True,-0.16846591410927525,0.10546868269077891,-0.20014204328402507,True,20,True,True,True,True,False,False,1,5,TARGET_BEFORE_STOP,True,True,True,False,False,2,5,TARGET_BEFORE_STOP,2024-05-02,2024-05-06,2024-05-08,2024-05-15,2024-05-30
SHOP|2024-05-02T00:00:00|Long,SHOP,2024-05-02,Long,0.03416665395100904,0.039999961853027344,0.01472218831380201,True,0.07013893127441406,0.08090273539225268,0.01472218831380201,True,-0.13263887829250764,0.08090273539225268,-0.1577777862548828,True,-0.19708331425984704,0.08090273539225268,-0.2094444698757596,True,-0.1784722010294596,0.08090273539225268,-0.2179166475931803,True,20,True,True,True,True,False,False,1,4,TARGET_BEFORE_STOP,True,True,True,False,False,2,4,TARGET_BEFORE_STOP,2024-05-03,2024-05-07,2024-05-09,2024-05-16,2024-05-31
SHOP|2024-05-03T00:00:00|Long,SHOP,2024-05-03,Long,0.03908143564181432,0.044856352516147835,-0.0005372134840072595,True,-0.1575342423645344,0.0451920212885315,-0.18560300651019135,True,-0.20843406726552194,0.0451920212885315,-0.2123287369458302,True,-0.21394037739785188,0.0451920212885315,-0.23556273342991496,True,-0.19822721599537518,0.0451920212885315,-0.24375500851928578,True,20,True,True,True,True,False,False,1,3,TARGET_BEFORE_STOP,False,True,False,True,False,,3,STOP_BEFORE_TARGET,2024-05-06,2024-05-08,2024-05-10,2024-05-17,2024-06-03
SHOP|2024-05-06T00:00:00|Long,SHOP,2024-05-06,Long,-0.004135965923025009,0.005880757212203269,-0.026819238774401954,True,-0.192839620705606,0.005880757212203269,-0.2162337180177064,True,-0.24027405076066644,0.005880757212203269,-0.246995007711733,True,-0.23859379919674917,0.005880757212203269,-0.26431438350362646,True,-0.21571670995117764,0.005880757212203269,-0.27219853464747845,True,20,True,False,True,False,True,False,,1,STOP_BEFORE_TARGET,False,True,False,True,False,,2,STOP_BEFORE_TARGET,2024-05-07,2024-05-09,2024-05-13,2024-05-20,2024-06-04
SHOP|2024-05-07T00:00:00|Long,SHOP,2024-05-07,Long,-0.18585338017316,-0.16677489415391356,-0.21297862442764692,True,-0.2350422285237751,-0.16677489415391356,-0.23880598049449564,True,-0.246852738729736,-0.16677489415391356,-0.2612589758016013,True,-0.2599610876139632,-0.16677489415391356,-0.2612589758016013,True,-0.20506167976585632,-0.16677489415391356,-0.26917587095401985,True,20,True,False,True,False,True,False,,1,STOP_BEFORE_TARGET,False,True,False,True,False,,1,STOP_BEFORE_TARGET,2024-05-08,2024-05-10,2024-05-14,2024-05-21,2024-06-05
SHOP|2024-05-08T00:00:00|Long,SHOP,2024-05-08,Long,-0.004463554620438792,0.017057224655386616,-0.01785427929312622,True,-0.06296828936336762,0.017057224655386616,-0.07125779138087607,True,-0.06312767596636715,0.017057224655386616,-0.09261918405370184,True,-0.06424356462147685,0.017057224655386616,-0.09261918405370184,True,-0.020245504017716076,0.017057224655386616,-0.10234334793231914,True,20,True,False,True,False,True,False,,2,STOP_BEFORE_TARGET,False,True,False,True,False,,2,STOP_BEFORE_TARGET,2024-05-09,2024-05-13,2024-05-15,2024-05-22,2024-06-06
SHOP|2024-05-09T00:00:00|Long,SHOP,2024-05-09,Long,-0.056204997491584585,0.004643729575411593,-0.06084866598297356,True,-0.07077665219606533,0.004643729575411593,-0.08855088112786513,True,-0.0742994288704959,0.004643729575411593,-0.08855088112786513,True,-0.07702163834312525,0.004643729575411593,-0.08855088112786513,True,-0.013771026418656573,0.004643729575411593,-0.09831864394935574,True,20,True,False,True,False,True,False,,1,STOP_BEFORE_TARGET,False,True,False,True,False,,1,STOP_BEFORE_TARGET,2024-05-10,2024-05-14,2024-05-16,2024-05-23,2024-06-07
SHOP|2024-05-10T00:00:00|Long,SHOP,2024-05-10,Long,-0.002714622516797993,0.00916187526483303,-0.011537161876818192,True,-0.0028842581083514673,0.012385469277997663,-0.03427214972564141,True,-0.006956224244401565,0.012385469277997663,-0.03427214972564141,True,-0.033423777602755944,0.01985072974047175,-0.034441785317194884,True,0.06905327094764946,0.08143880494735312,-0.04462160357476108,True,20,True,True,True,False,True,False,17,2,STOP_BEFORE_TARGET,True,True,False,True,False,19,2,STOP_BEFORE_TARGET,2024-05-13,2024-05-15,2024-05-17,2024-05-24,2024-06-10
SHOP|2024-05-13T00:00:00|Long,SHOP,2024-05-13,Long,-0.012759442252049835,-0.00017009734162709567,-0.031643427168744354,True,-0.016502167848759908,0.015141194422105153,-0.031643427168744354,True,0.0022116548284281112,0.015141194422105153,-0.031643427168744354,True,-0.010037430500861033,0.022626775411283884,-0.04202105235285969,True,0.08574346750926609,0.10054446724811705,-0.04202105235285969,True,20,True,True,True,False,True,False,15,1,STOP_BEFORE_TARGET,True,True,False,True,False,18,1,STOP_BEFORE_TARGET,2024-05-14,2024-05-16,2024-05-20,2024-05-28,2024-06-11
SHOP|2024-05-14T00:00:00|Long,SHOP,2024-05-14,Long,0.012752054007121538,0.028261234260675838,0.005514383966149339,True,0.00861623316418858,0.028261234260675838,-0.0170601048525737,True,-0.017404762067538382,0.028261234260675838,-0.017577123543341733,True,0.005859041181113911,0.03584356151661261,-0.029639797383891997,True,0.1282095915545769,0.1461313723128832,-0.029639797383891997,True,20,True,True,True,True,False,False,6,9,TARGET_BEFORE_STOP,True,False,True,False,False,15,,TARGET_BEFORE_STOP,2024-05-15,2024-05-17,2024-05-21,2024-05-29,2024-06-12
SHOP|2024-05-15T00:00:00|Long,SHOP,2024-05-15,Long,-0.016334849021527265,0.0037434272416116965,-0.016845357678332507,True,0.0023821573686910735,0.007486789574303376,-0.029436779458248075,True,-0.0011910786843455368,0.02280075110006008,-0.029947288115053428,True,-0.003913553521266766,0.02280075110006008,-0.04185807495850857,True,0.10073169878392485,0.13169987439474862,-0.04185807495850857,True,20,True,True,True,False,True,False,13,2,STOP_BEFORE_TARGET,True,True,False,True,False,16,7,STOP_BEFORE_TARGET,2024-05-16,2024-05-20,2024-05-22,2024-05-30,2024-06-13
SHOP|2024-05-16T00:00:00|Long,SHOP,2024-05-16,Long,0.01245454746414354,0.013492453913990898,-0.013319502499085312,True,-0.01366547131570095,0.024217223281860267,-0.013838488717411224,True,-0.00294070194783147,0.03978549009554566,-0.013838488717411224,True,0.023179382818817817,0.03978549009554566,-0.025947067364939014,True,0.1703857819551824,0.17989962747149457,-0.025947067364939014,True,20,True,True,True,True,False,False,4,7,TARGET_BEFORE_STOP,True,False,True,False,False,13,,TARGET_BEFORE_STOP,2024-05-17,2024-05-21,2024-05-23,2024-05-31,2024-06-14
SHOP|2024-05-17T00:00:00|Long,SHOP,2024-05-17,Long,0.006492415445763733,0.01161797914501772,-0.003929601008597405,True,0.002904527373793764,0.02699473541785835,-0.025969596607976042,True,-0.02665295730615236,0.02699473541785835,-0.027678096116034556,True,0.019989783154692686,0.02699473541785835,-0.03792922351454264,True,0.13651115719134,0.1653852811731098,-0.03792922351454264,True,20,True,True,True,False,True,False,11,2,STOP_BEFORE_TARGET,True,True,False,True,False,12,6,STOP_BEFORE_TARGET,2024-05-20,2024-05-22,2024-05-24,2024-06-03,2024-06-17
SHOP|2024-05-20T00:00:00|Long,SHOP,2024-05-20,Long,-0.032082827950159376,-0.0049227790914700975,-0.03225261468002483,True,-0.02155831711175027,0.02037006902134908,-0.03225261468002483,True,-0.012222054363742352,0.02037006902134908,-0.04413509558403628,True,0.030045840474423713,0.030130733839356605,-0.04413509558403628,True,0.09064675210353901,0.15786792159479335,-0.04413509558403628,True,20,True,True,True,False,True,False,10,1,STOP_BEFORE_TARGET,True,True,False,True,False,13,1,STOP_BEFORE_TARGET,2024-05-21,2024-05-23,2024-05-28,2024-06-04,2024-06-18
SHOP|2024-05-21T00:00:00|Long,SHOP,2024-05-21,Long,0.029463351309865438,0.05419151399124833,0.02086984596905528,True,-0.00087687191615482,0.05419151399124833,-0.001929158356163918,True,0.023675876241373794,0.05419151399124833,-0.012451755152099175,True,0.0741844880441489,0.08207646909161981,-0.012451755152099175,True,0.12030867336511086,0.19624690524156918,-0.012451755152099175,True,20,True,True,False,True,False,False,1,,TARGET_BEFORE_STOP,True,False,True,False,False,1,,TARGET_BEFORE_STOP,2024-05-22,2024-05-24,2024-05-29,2024-06-05,2024-06-20
SHOP|2024-05-22T00:00:00|Long,SHOP,2024-05-22,Long,-0.018057944795807468,0.00647361266058355,-0.020783666181370508,True,-0.008688281594579794,0.00647361266058355,-0.0407154916283643,True,-0.0027257213855630402,0.00647361266058355,-0.0407154916283643,True,0.047018710147543,0.05110732471904944,-0.0407154916283643,True,0.10783642136430593,0.16201019076540435,-0.0407154916283643,True,20,True,True,True,False,True,False,8,1,STOP_BEFORE_TARGET,True,True,False,True,False,9,2,STOP_BEFORE_TARGET,2024-05-23,2024-05-28,2024-05-30,2024-06-06,2024-06-21
SHOP|2024-05-23T00:00:00|Long,SHOP,2024-05-23,Long,-0.011623840666896923,0.00728664101474652,-0.012664808292267793,True,0.012664808292267793,0.0161346341954125,-0.023074219820277686,True,0.026197122696389963,0.027585013348793375,-0.023074219820277686,True,0.06852881340676831,0.07460095910120335,-0.023074219820277686,True,0.11571822067269455,0.1833795941490326,-0.023074219820277686,True,20,True,True,True,False,True,False,6,2,STOP_BEFORE_TARGET,True,False,True,False,False,7,,TARGET_BEFORE_STOP,2024-05-24,2024-05-29,2024-05-31,2024-06-07,2024-06-24
SHOP|2024-05-24T00:00:00|Long,SHOP,2024-05-24,Long,0.021414733717128875,0.021941372182132657,-0.011585041833775844,True,0.02755835810397822,0.03177106406548558,-0.011585041833775844,True,0.04791994881060724,0.052132654772114595,-0.011585041833775844,True,0.106020659494652,0.11883447977360095,-0.011585041833775844,True,0.13708965053972233,0.19729678116427474,-0.011585041833775844,True,20,True,True,False,True,False,False,3,,TARGET_BEFORE_STOP,True,False,True,False,False,5,,TARGET_BEFORE_STOP,2024-05-28,2024-05-30,2024-06-03,2024-06-10,2024-06-25
SHOP|2024-05-28T00:00:00|Long,SHOP,2024-05-28,Long,0.003093320320051829,0.006530350181874978,-0.01598213313496999,True,0.016497730225573326,0.017872502836767445,-0.01598213313496999,True,0.042790887390121046,0.04287683116453689,-0.01598213313496999,True,0.09675203988630243,0.11170310995184995,-0.01598213313496999,True,0.12476367920381581,0.17219454707401427,-0.01598213313496999,True,20,True,True,False,True,False,False,4,,TARGET_BEFORE_STOP,True,False,True,False,False,6,,TARGET_BEFORE_STOP,2024-05-29,2024-05-31,2024-06-04,2024-06-11,2024-06-26
SHOP|2024-05-29T00:00:00|Long,SHOP,2024-05-29,Long,0.002912489065503676,0.007024153759032314,-0.0078807451240398,True,0.022785709360843676,0.026897374054372314,-0.010621876704302813,True,0.04934043379846664,0.05704988679099787,-0.010621876704302813,True,0.12163786908928587,0.13945525703786177,-0.010621876704302813,True,0.1370567750743481,0.16857975557050708,-0.010621876704302813,True,20,True,True,False,True,False,False,4,,TARGET_BEFORE_STOP,True,False,True,False,False,5,,TARGET_BEFORE_STOP,2024-05-30,2024-06-03,2024-06-05,2024-06-12,2024-06-27
SHOP|2024-05-30T00:00:00|Long,SHOP,2024-05-30,Long,0.010420235750111972,0.011786788792583769,-0.013495061550602094,True,0.03655618989033571,0.03664161981922209,-0.013495061550602094,True,0.049880391583164485,0.05398018103846569,-0.013495061550602094,True,0.10505639613421436,0.13614624352677684,-0.013495061550602094,True,0.12828838433172085,0.1651861636097176,-0.013495061550602094,True,20,True,True,False,True,False,False,3,,TARGET_BEFORE_STOP,True,False,True,False,False,4,,TARGET_BEFORE_STOP,2024-05-31,2024-06-04,2024-06-06,2024-06-13,2024-06-28
SHOP|2024-05-31T00:00:00|Long,SHOP,2024-05-31,Long,0.009298380775525583,0.013355825535937615,-0.01301775888250467,True,0.035502931867251286,0.04311072140792582,-0.01301775888250467,True,0.04125103235443617,0.04716816616833763,-0.01301775888250467,True,0.1438715455063384,0.1531698617899424,-0.01301775888250467,True,0.09264574110182378,0.1531698617899424,-0.01301775888250467,True,20,True,True,False,True,False,False,3,,TARGET_BEFORE_STOP,True,False,True,False,False,6,,TARGET_BEFORE_STOP,2024-06-03,2024-06-05,2024-06-07,2024-06-14,2024-07-01
SHOP|2024-06-03T00:00:00|Long,SHOP,2024-06-03,Long,0.01641540250774498,0.016499172491854175,-0.008207733202760359,True,0.0294807085266533,0.03350083709281226,-0.008207733202760359,True,0.05544384449402773,0.06767170626294683,-0.008207733202760359,True,0.1142377854768919,0.14254603371489472,-0.008207733202760359,True,0.10653260828101119,0.14254603371489472,-0.008207733202760359,True,20,True,True,False,True,False,False,2,,TARGET_BEFORE_STOP,True,False,True,False,False,5,,TARGET_BEFORE_STOP,2024-06-04,2024-06-06,2024-06-10,2024-06-17,2024-07-02
SHOP|2024-06-04T00:00:00|Long,SHOP,2024-06-04,Long,0.009393534804837511,0.016809499878606138,-0.0065919829246405826,True,0.014996701431039483,0.020764639340743907,-0.008734323939211808,True,0.05174685850126148,0.06608441193248371,-0.008734323939211808,True,0.058833218142217314,0.12409358505976464,-0.008734323939211808,True,0.09970341168969599,0.12409358505976464,-0.008734323939211808,True,20,True,True,False,True,False,False,4,,TARGET_BEFORE_STOP,True,False,True,False,False,4,,TARGET_BEFORE_STOP,2024-06-05,2024-06-07,2024-06-11,2024-06-18,2024-07-03
SHOP|2024-06-05T00:00:00|Long,SHOP,2024-06-05,Long,0.003428556481186229,0.00375509456712364,-0.01795915876116072,True,0.028734666474011572,0.04065308862802941,-0.01795915876116072,True,0.06889797911352047,0.08587758589764038,-0.01795915876116072,True,0.04293879294882008,0.11363263811383928,-0.01795915876116072,True,0.10416322046396687,0.11363263811383928,-0.01795915876116072,True,20,True,True,False,True,False,False,3,,TARGET_BEFORE_STOP,True,False,True,False,False,4,,TARGET_BEFORE_STOP,2024-06-06,2024-06-10,2024-06-12,2024-06-20,2024-07-05
SHOP|2024-06-06T00:00:00|Long,SHOP,2024-06-06,Long,0.002115214286556588,0.007809950364245921,-0.013016583940409832,True,0.03839896917518493,0.052554562399100835,-0.013016583940409832,True,0.052554562399100835,0.08216731413902112,-0.013016583940409832,True,0.0580865562643027,0.10982753173690374,-0.013016583940409832,True,0.09567193851298805,0.10982753173690374,-0.013016583940409832,True,20,True,True,False,True,False,False,2,,TARGET_BEFORE_STOP,True,False,True,False,False,3,,TARGET_BEFORE_STOP,2024-06-07,2024-06-11,2024-06-13,2024-06-21,2024-07-08
SHOP|2024-06-07T00:00:00|Long,SHOP,2024-06-07,Long,0.02305566107204582,0.034908289016923666,-0.0051956436764316605,True,0.0629972569979318,0.07988312991481372,-0.0051956436764316605,True,0.09855501695864888,0.10748496371949767,-0.0051956436764316605,True,0.04416297124966917,0.10748496371949767,-0.0051956436764316605,True,0.0737132178857336,0.10748496371949767,-0.0051956436764316605,True,20,True,True,False,True,False,False,1,,TARGET_BEFORE_STOP,True,False,True,False,False,2,,TARGET_BEFORE_STOP,2024-06-10,2024-06-12,2024-06-14,2024-06-24,2024-07-09
SHOP|2024-06-10T00:00:00|Long,SHOP,2024-06-10,Long,0.01285512450195081,0.02666250062887121,0.003491528750413364,True,0.02666250062887121,0.05554680063372053,0.003491528750413364,True,0.05570541842616894,0.08252659738863044,0.003491528750413364,True,0.028090787254612337,0.08252659738863044,0.0022219204582625274,True,0.04126332896488627,0.08252659738863044,0.0006348344166464681,True,20,True,True,False,True,False,False,2,,TARGET_BEFORE_STOP,True,False,True,False,False,2,,TARGET_BEFORE_STOP,2024-06-11,2024-06-13,2024-06-17,2024-06-25,2024-07-10
SHOP|2024-06-11T00:00:00|Long,SHOP,2024-06-11,Long,0.025853988307253495,0.04214983475821632,0.006267651641987504,True,0.0601692883993632,0.0687872048047733,0.004857373238422058,True,0.006737704594671934,0.0687872048047733,0.0023503843089343057,True,0.02554053997512251,0.0687872048047733,-0.010498247761659751,True,0.02334687983225381,0.0687872048047733,-0.01206519055853461,True,20,True,True,False,True,False,False,1,,TARGET_BEFORE_STOP,True,False,True,False,False,3,,TARGET_BEFORE_STOP,2024-06-12,2024-06-14,2024-06-18,2024-06-26,2024-07-11
SHOP|2024-06-12T00:00:00|Long,SHOP,2024-06-12,Long,-0.011913834806073331,0.004887730087944853,-0.0204674498594849,True,0.016037809726376695,0.04185119616132038,-0.0204674498594849,True,-0.02428593436599935,0.04185119616132038,-0.035436072270769725,True,0.013746777288806689,0.04185119616132038,-0.035436072270769725,True,-0.008859047200861836,0.04185119616132038,-0.03696352433971417,True,20,True,True,True,False,True,False,2,1,STOP_BEFORE_TARGET,False,True,False,True,False,,5,STOP_BEFORE_TARGET,2024-06-13,2024-06-17,2024-06-20,2024-06-27,2024-07-12
SHOP|2024-06-13T00:00:00|Long,SHOP,2024-06-13,Long,0.045911286267043216,0.05441330205938222,0.011439137978697556,True,-0.006801706984085998,0.05441330205938222,-0.011130023087497554,True,0.005255778714780224,0.05441330205938222,-0.02380585650653233,True,0.021023350734657997,0.05441330205938222,-0.02380585650653233,True,-0.007420054704254553,0.05441330205938222,-0.025351725806953773,True,20,True,True,True,True,False,False,1,4,TARGET_BEFORE_STOP,True,False,True,False,False,1,,TARGET_BEFORE_STOP,2024-06-14,2024-06-18,2024-06-21,2024-06-28,2024-07-15
SHOP|2024-06-14T00:00:00|Long,SHOP,2024-06-14,Long,-0.016849053463492303,-0.004877354614148399,-0.043009215261674894,True,-0.05586760847473915,-0.004877354614148399,-0.06665684144436634,True,-0.049512354747206166,-0.004877354614148399,-0.06665684144436634,True,-0.04478282951066781,-0.004877354614148399,-0.06813485331852709,True,0.03044631166266676,0.035175836899205004,-0.06813485331852709,True,20,True,True,True,False,True,False,20,1,STOP_BEFORE_TARGET,False,True,False,True,False,,1,STOP_BEFORE_TARGET,2024-06-17,2024-06-20,2024-06-24,2024-07-01,2024-07-16
SHOP|2024-06-17T00:00:00|Long,SHOP,2024-06-17,Long,-0.03412502642245718,-0.006163500502184394,-0.038334268656778026,True,-0.02239924742877808,-0.006163500502184394,-0.05066138435439571,True,-0.026157515808457266,-0.006163500502184394,-0.05066138435439571,True,-0.00691520005541979,0.009921883575112478,-0.052164726114242055,True,-0.025706541953815498,0.05291648301410179,-0.052164726114242055,True,20,True,True,True,False,True,False,19,1,STOP_BEFORE_TARGET,True,True,False,True,False,19,1,STOP_BEFORE_TARGET,2024-06-18,2024-06-21,2024-06-25,2024-07-02,2024-07-17
SHOP|2024-06-18T00:00:00|Long,SHOP,2024-06-18,Long,-0.005758738239451611,0.00964984819582937,-0.017120598819005295,True,0.0009338141415369261,0.02443579291555209,-0.017120598819005295,True,0.018676995303380295,0.02443579291555209,-0.017120598819005295,True,0.038599274037876885,0.04622569993312253,-0.01867705467610048,True,-0.01774318116184337,0.09011674576696249,-0.023813210572714016,True,20,True,True,True,True,False,False,6,20,TARGET_BEFORE_STOP,True,False,True,False,False,11,,TARGET_BEFORE_STOP,2024-06-20,2024-06-24,2024-06-26,2024-07-03,2024-07-18
SHOP|2024-06-20T00:00:00|Long,SHOP,2024-06-20,Long,0.018002468565324614,0.02050722215696532,-0.007357564383913551,True,0.014088880653304603,0.030369420699294603,-0.007357564383913551,True,0.03897936187902862,0.046336806829717414,-0.007357564383913551,True,0.0587037589636874,0.06516903772471583,-0.012993140531880387,True,-0.011271152295933562,0.09643080376350821,-0.022385727634083308,True,20,True,True,True,True,False,False,2,20,TARGET_BEFORE_STOP,True,False,True,False,False,6,,TARGET_BEFORE_STOP,2024-06-21,2024-06-25,2024-06-27,2024-07-05,2024-07-19
SHOP|2024-06-21T00:00:00|Long,SHOP,2024-06-21,Long,-0.01107183198859829,0.012148253580758883,-0.02491156331376887,True,0.006458529552964221,0.012148253580758883,-0.02491156331376887,True,0.01568513442423236,0.03306168793229913,-0.02491156331376887,True,0.03552202986245745,0.04633247031892118,-0.030447479308068015,True,-0.03598339530236716,0.07704139981970082,-0.05520529324891843,True,20,True,True,True,False,True,False,5,1,STOP_BEFORE_TARGET,True,True,False,True,False,16,6,STOP_BEFORE_TARGET,2024-06-24,2024-06-26,2024-06-28,2024-07-08,2024-07-22
SHOP|2024-06-24T00:00:00|Long,SHOP,2024-06-24,Long,0.0073083694378139885,0.018348629295167784,-0.0038874204554621983,True,0.03203242522457539,0.03934067602773195,-0.0038874204554621983,True,0.004975893437605183,0.04462762953718258,-0.019592572995904778,True,0.028300416170378373,0.05804698881512449,-0.019592572995904778,True,-0.02565693941565317,0.08909972903844232,-0.04462757021985375,True,20,True,True,True,True,False,False,3,17,TARGET_BEFORE_STOP,True,True,True,False,False,8,19,TARGET_BEFORE_STOP,2024-06-25,2024-06-27,2024-07-01,2024-07-09,2024-07-23
SHOP|2024-06-25T00:00:00|Long,SHOP,2024-06-25,Long,0.0103426702928473,0.011577647640210964,-0.005248477065413093,True,0.01960488262415372,0.03704849600345983,-0.005248477065413093,True,0.019759166462132605,0.03704849600345983,-0.026705766823651444,True,0.01281262498757485,0.050370493204209055,-0.026705766823651444,True,-0.08505709208648748,0.08119793509337825,-0.08675515649563226,True,20,True,True,True,True,False,False,2,4,TARGET_BEFORE_STOP,True,True,True,False,False,7,16,TARGET_BEFORE_STOP,2024-06-26,2024-06-28,2024-07-02,2024-07-10,2024-07-24
SHOP|2024-06-26T00:00:00|Long,SHOP,2024-06-26,Long,0.014056620950912757,0.021237577608256286,-0.00443076088089267,True,-0.012528643744210921,0.026432443660794558,-0.03666917987910001,True,0.019557012503814697,0.027043611229816467,-0.03666917987910001,True,-0.002139028207429061,0.039618066313837685,-0.03666917987910001,True,-0.09182579987415285,0.07012993401535117,-0.11321614023259108,True,20,True,True,True,False,True,False,6,3,STOP_BEFORE_TARGET,True,True,False,True,False,13,3,STOP_BEFORE_TARGET,2024-06-27,2024-07-01,2024-07-03,2024-07-11,2024-07-25
SHOP|2024-06-27T00:00:00|Long,SHOP,2024-06-27,Long,-0.004821450679248329,0.012204271885998486,-0.013711068622130451,True,-0.004670862967596445,0.012204271885998486,-0.05002265138059614,True,0.01898439738878599,0.025207118453558497,-0.05002265138059614,True,-0.02229928123680558,0.025207118453558497,-0.05002265138059614,True,-0.09688117905350224,0.05529603762347768,-0.12550853527701067,True,20,True,True,True,False,True,False,12,2,STOP_BEFORE_TARGET,True,True,False,True,False,12,2,STOP_BEFORE_TARGET,2024-06-28,2024-07-02,2024-07-05,2024-07-12,2024-07-26
SHOP|2024-06-28T00:00:00|Long,SHOP,2024-06-28,Long,-0.021498951290389923,-0.0012112312998986408,-0.04542019191651536,True,0.010295235030389316,0.017713824600863237,-0.04542019191651536,True,0.019530556041336578,0.030174051835524907,-0.04542019191651536,True,-0.027857742350795967,0.030174051835524907,-0.04542019191651536,True,-0.09356553874842821,0.0604087460926066,-0.12127179055470605,True,20,True,True,True,False,True,False,4,1,STOP_BEFORE_TARGET,True,True,False,True,False,11,1,STOP_BEFORE_TARGET,2024-07-01,2024-07-03,2024-07-08,2024-07-15,2024-07-29
SHOP|2024-07-01T00:00:00|Long,SHOP,2024-07-01,Long,0.022125953364482864,0.023209037037684066,-0.004487094659624269,True,0.04641807407536813,0.05280832677088898,-0.004487094659624269,True,0.023209037037684066,0.05280832677088898,-0.004487094659624269,True,0.0787560603991202,0.08370731691193534,-0.010830836732012572,True,-0.08401665977467376,0.08370731691193534,-0.10196497938953741,True,20,True,True,True,True,False,False,2,12,TARGET_BEFORE_STOP,True,True,True,False,False,3,13,TARGET_BEFORE_STOP,2024-07-02,2024-07-05,2024-07-09,2024-07-16,2024-07-30
SHOP|2024-07-02T00:00:00|Long,SHOP,2024-07-02,Long,0.01014238303211501,0.017559850211627426,0.003027620118503993,True,0.019376306790831244,0.03001819228384761,0.003027620118503993,True,-0.006811943155811462,0.03001819228384761,-0.021949697272635738,True,-0.018922192646030234,0.060248312201395704,-0.03572505120910774,True,-0.07356943650116832,0.060248312201395704,-0.12140473720049483,True,20,True,True,True,True,False,False,2,5,TARGET_BEFORE_STOP,True,True,False,True,False,9,8,STOP_BEFORE_TARGET,2024-07-03,2024-07-08,2024-07-10,2024-07-17,2024-07-31
SHOP|2024-07-03T00:00:00|Long,SHOP,2024-07-03,Long,0.01348709502785983,0.019676245235916046,-0.005544773384813406,True,-0.008991549128302023,0.019676245235916046,-0.01510569734983458,True,-0.021279870027045344,0.019676245235916046,-0.03176985823366896,True,-0.05424850238983081,0.049602838184929166,-0.060092940723849186,True,-0.12827820706379223,0.049602838184929166,-0.14206508137315377,True,20,True,True,True,False,True,False,8,4,STOP_BEFORE_TARGET,False,True,False,True,False,,4,STOP_BEFORE_TARGET,2024-07-05,2024-07-09,2024-07-11,2024-07-18,2024-08-01
SHOP|2024-07-05T00:00:00|Long,SHOP,2024-07-05,Long,-0.004288051564465878,0.002410202880082535,-0.010202496525709148,True,-0.029868353173181816,0.002410202880082535,-0.044654691197902996,True,-0.040514534600710084,0.002410202880082535,-0.044654691197902996,True,-0.06609489261482926,0.03563512878876507,-0.07659317907508445,True,-0.19517961680199636,0.03563512878876507,-0.22305189556562155,True,20,True,True,True,False,True,False,7,2,STOP_BEFORE_TARGET,False,True,False,True,False,,3,STOP_BEFORE_TARGET,2024-07-08,2024-07-10,2024-07-12,2024-07-19,2024-08-02
SHOP|2024-07-08T00:00:00|Long,SHOP,2024-07-08,Long,-0.017968505350093422,0.002673007350232126,-0.024027269138859553,True,-0.030145513657455325,0.002673007350232126,-0.04054047929911986,True,-0.046480508221483086,0.002673007350232126,-0.05063849447814894,True,-0.06905253881882378,0.04009511025348078,-0.08761505839081629,True,-0.22393820665939457,0.04009511025348078,-0.2788832192738411,True,20,True,True,True,False,True,False,6,1,STOP_BEFORE_TARGET,False,True,False,True,False,,2,STOP_BEFORE_TARGET,2024-07-09,2024-07-11,2024-07-15,2024-07-22,2024-08-05
SHOP|2024-07-09T00:00:00|Long,SHOP,2024-07-09,Long,-0.007863249125411587,0.0030244153325800216,-0.022984979679366968,True,-0.018750913583403195,0.0030244153325800216,-0.022984979679366968,True,0.05428707268091726,0.0591260218433971,-0.033267761070842616,True,-0.052472365796544906,0.0591260218433971,-0.07092089553151426,True,-0.1800997509053922,0.0591260218433971,-0.265688743533387,True,20,True,True,True,False,True,False,5,1,STOP_BEFORE_TARGET,True,True,False,True,False,5,4,STOP_BEFORE_TARGET,2024-07-10,2024-07-12,2024-07-16,2024-07-23,2024-08-06
SHOP|2024-07-10T00:00:00|Long,SHOP,2024-07-10,Long,-0.004572520179347173,0.008535246965161614,-0.012498090034994469,True,-0.02133823369692245,0.008535246965161614,-0.025605857179503255,True,-0.01219330962224674,0.06752019911545082,-0.029111413346195936,True,-0.09663161246164664,0.06752019911545082,-0.09830819544180602,True,-0.02621553428901746,0.06752019911545082,-0.25986890837447263,True,20,True,True,True,False,True,False,4,3,STOP_BEFORE_TARGET,True,True,True,False,False,4,6,TARGET_BEFORE_STOP,2024-07-11,2024-07-15,2024-07-17,2024-07-24,2024-08-07
SHOP|2024-07-11T00:00:00|Long,SHOP,2024-07-11,Long,-0.006430840371238755,0.010335370953769019,-0.010411886856460328,True,0.06752417435252367,0.07242387894273006,-0.021129954141858365,True,-0.03368545445539839,0.07242387894273006,-0.03965696577414468,True,-0.08987902543739057,0.07242387894273006,-0.11131521841727265,True,0.04960964039628468,0.07242387894273006,-0.25646909832258447,True,20,True,True,True,False,True,False,3,2,STOP_BEFORE_TARGET,True,True,True,False,False,3,5,TARGET_BEFORE_STOP,2024-07-12,2024-07-16,2024-07-18,2024-07-25,2024-08-08
SHOP|2024-07-12T00:00:00|Long,SHOP,2024-07-12,Long,-0.010479277416733268,0.005239697495503348,-0.014794253251692924,True,-0.0012328838312094526,0.07936510362643734,-0.018338706085714973,True,-0.026660495584968413,0.07936510362643734,-0.037602075044836925,True,-0.07628295283555053,0.07936510362643734,-0.1055632383811339,True,0.0679612221234338,0.07936510362643734,-0.2516566215126589,True,20,True,True,True,True,False,False,2,4,TARGET_BEFORE_STOP,True,True,True,False,False,2,4,TARGET_BEFORE_STOP,2024-07-15,2024-07-17,2024-07-19,2024-07-26,2024-08-09
SHOP|2024-07-15T00:00:00|Long,SHOP,2024-07-15,Long,0.08581221328132527,0.09079585600655316,0.04080365650115092,True,-0.017131264441757277,0.09079585600655316,-0.023205075300022027,True,-0.023672332649686045,0.09079585600655316,-0.043139705610640844,True,-0.06759072129682364,0.09079585600655316,-0.09609092441861367,True,0.06385295954804904,0.1015885799333256,-0.24373147382533045,True,20,True,True,True,True,False,False,1,3,TARGET_BEFORE_STOP,True,True,True,False,False,1,5,TARGET_BEFORE_STOP,2024-07-16,2024-07-18,2024-07-22,2024-07-29,2024-08-12
SHOP|2024-07-16T00:00:00|Long,SHOP,2024-07-16,Long,-0.07042460665722661,-0.018932869645909456,-0.08634538658005719,True,-0.0940906663573472,-0.018932869645909456,-0.10427424455645118,True,-0.10126220954790477,-0.018932869645909456,-0.1187607924415156,True,-0.15088927529507545,-0.018932869645909456,-0.16752725330858775,True,0.0025817599257633717,0.014529553507529824,-0.30349970563581574,True,20,True,False,True,False,True,False,,1,STOP_BEFORE_TARGET,False,True,False,True,False,,1,STOP_BEFORE_TARGET,2024-07-17,2024-07-19,2024-07-23,2024-07-30,2024-08-13
SHOP|2024-07-17T00:00:00|Long,SHOP,2024-07-17,Long,-0.02623047388183042,0.019750020483176867,-0.032248054569066875,True,-0.03271098614018786,0.019750020483176867,-0.05199813391194774,True,-0.08548059419106524,0.019750020483176867,-0.08717787261253274,True,-0.0557012333226915,0.019750020483176867,-0.10445914053531258,True,0.1046134706789208,0.10723661224263004,-0.2507328621731756,True,20,True,True,True,False,True,False,15,1,STOP_BEFORE_TARGET,True,True,False,True,False,16,1,STOP_BEFORE_TARGET,2024-07-18,2024-07-22,2024-07-24,2024-07-31,2024-08-14
SHOP|2024-07-18T00:00:00|Long,SHOP,2024-07-18,Long,0.0007922553727934822,0.016954518847662747,-0.010457928078420164,True,-0.00713041924556157,0.016954518847662747,-0.026461764656815046,True,-0.05815246313023503,0.016954518847662747,-0.08033591579450272,True,-0.07827606391428188,0.016954518847662747,-0.09285375619835412,True,0.18602436618965723,0.186975169349346,-0.230549819305088,True,20,True,True,True,False,True,False,14,2,STOP_BEFORE_TARGET,True,True,False,True,False,14,4,STOP_BEFORE_TARGET,2024-07-19,2024-07-23,2024-07-25,2024-08-01,2024-08-15
SHOP|2024-07-19T00:00:00|Long,SHOP,2024-07-19,Long,-0.007441437964512354,0.009816322567805846,-0.027232444978759762,True,-0.061589604164760337,0.009816322567805846,-0.06333122244559175,True,-0.050981653395856696,0.009816322567805846,-0.08106394781909665,True,-0.13822038573982087,0.009816322567805846,-0.16806525813982776,True,0.18033570664760523,0.1930811199965694,-0.231158937767466,True,20,True,True,True,False,True,False,13,1,STOP_BEFORE_TARGET,True,True,False,True,False,13,3,STOP_BEFORE_TARGET,2024-07-22,2024-07-24,2024-07-26,2024-08-02,2024-08-16
SHOP|2024-07-22T00:00:00|Long,SHOP,2024-07-22,Long,-0.00047852576095119836,0.015153944548575993,-0.0006380140645438903,True,-0.051842400242378406,0.015153944548575993,-0.07417447460591453,True,-0.04498324703460377,0.015153944548575993,-0.07417447460591453,True,-0.16637423087663128,0.015153944548575993,-0.22539476093396982,True,0.1989153821752927,0.20202592132182162,-0.22539476093396982,True,20,True,True,True,False,True,False,12,2,STOP_BEFORE_TARGET,True,True,False,True,False,12,2,STOP_BEFORE_TARGET,2024-07-23,2024-07-25,2024-07-29,2024-08-05,2024-08-19
SHOP|2024-07-23T00:00:00|Long,SHOP,2024-07-23,Long,-0.054101490550649056,-0.0022342705073310487,-0.055857006200496384,True,-0.043408892871477756,-0.0022342705073310487,-0.0737312311384497,True,-0.05521862580431458,-0.0022342705073310487,-0.0737312311384497,True,-0.13469515874978988,-0.0022342705073310487,-0.22502391491313467,True,0.1948612021848608,0.20778807037136326,-0.22502391491313467,True,20,True,True,True,False,True,False,11,1,STOP_BEFORE_TARGET,True,True,False,True,False,11,1,STOP_BEFORE_TARGET,2024-07-24,2024-07-26,2024-07-30,2024-08-06,2024-08-20
SHOP|2024-07-24T00:00:00|Long,SHOP,2024-07-24,Long,0.0028681992176877724,0.028766627352608376,-0.020752480727798117,True,0.010123139353586774,0.037961869117975944,-0.020752480727798117,True,0.0325628528812163,0.04403577847466811,-0.020752480727798117,True,0.07794835323439919,0.1435801966561061,-0.18069848155484147,True,0.2846296406544906,0.285641915973039,-0.18069848155484147,True,20,True,True,True,False,True,False,2,1,STOP_BEFORE_TARGET,True,True,False,True,False,10,6,STOP_BEFORE_TARGET,2024-07-25,2024-07-29,2024-07-31,2024-08-07,2024-08-21
SHOP|2024-07-25T00:00:00|Long,SHOP,2024-07-25,Long,0.008411844070523422,0.034993302138470295,0.006224810819826843,True,-0.004037649214576056,0.034993302138470295,-0.008580052713931918,True,-0.021366091640402596,0.043068664744899454,-0.03684385392507261,True,0.15326387341057757,0.15713324980446797,-0.18304168076694927,True,0.2500000802215965,0.28364745650368994,-0.18304168076694927,True,20,True,True,True,True,False,False,1,5,TARGET_BEFORE_STOP,True,True,False,True,False,9,5,STOP_BEFORE_TARGET,2024-07-26,2024-07-30,2024-08-01,2024-08-08,2024-08-22
SHOP|2024-07-26T00:00:00|Long,SHOP,2024-07-26,Long,-0.0011678294365696784,0.010510528571058497,-0.0070069766194182925,True,0.021021057142116994,0.032365740504735285,-0.016850155900456687,True,-0.09192523269558395,0.034367724732864646,-0.12337338383702423,True,0.15615623355850494,0.15657321549138792,-0.18985648171748692,True,0.2702702891908444,0.2752753452240644,-0.18985648171748692,True,20,True,True,True,True,False,False,3,4,TARGET_BEFORE_STOP,True,True,False,True,False,8,4,STOP_BEFORE_TARGET,2024-07-29,2024-07-31,2024-08-02,2024-08-09,2024-08-23
SHOP|2024-07-29T00:00:00|Long,SHOP,2024-07-29,Long,-0.011190883262042206,0.019208310445892662,-0.015700662159330192,True,-0.028394868770142745,0.035577102156600704,-0.04376146615378407,True,-0.12710874805609407,0.035577102156600704,-0.18890926608268943,True,0.14097208580730602,0.1814431763972244,-0.18890926608268943,True,0.25187904268236627,0.2832804944337086,-0.18890926608268943,True,20,True,True,True,True,False,False,2,3,TARGET_BEFORE_STOP,True,True,False,True,False,7,3,STOP_BEFORE_TARGET,2024-07-30,2024-08-01,2024-08-05,2024-08-12,2024-08-26
SHOP|2024-07-30T00:00:00|Long,SHOP,2024-07-30,Long,0.0337837833483956,0.045270274841846314,0.015709464412000163,True,-0.08057433101841782,0.04729728380026321,-0.11241558290925435,True,-0.08412161280501063,0.04729728380026321,-0.17972971710347208,True,0.1807432538014071,0.1948142026590114,-0.17972971710347208,True,0.2589526658579766,0.29780406825859385,-0.17972971710347208,True,20,True,True,True,True,False,False,1,2,TARGET_BEFORE_STOP,True,True,False,True,False,6,2,STOP_BEFORE_TARGET,2024-07-31,2024-08-02,2024-08-06,2024-08-13,2024-08-27
SHOP|2024-07-31T00:00:00|Long,SHOP,2024-07-31,Long,-0.0495098456898877,0.013071882795547163,-0.06454249532185352,True,-0.14607846944374547,0.013071882795547163,-0.20653593516460822,True,0.043954225378669554,0.10751630611648677,-0.20653593516460822,True,0.1697711674089224,0.1725490398961853,-0.20653593516460822,True,0.18513068423388757,0.255392171131805,-0.20653593516460822,True,20,True,True,True,False,True,False,5,1,STOP_BEFORE_TARGET,True,True,False,True,False,5,1,STOP_BEFORE_TARGET,2024-08-01,2024-08-05,2024-08-07,2024-08-14,2024-08-28
SHOP|2024-08-01T00:00:00|Long,SHOP,2024-08-01,Long,-0.06429427508158614,-0.05140103073556179,-0.09669933259518249,True,-0.06790436775964925,-0.05140103073556179,-0.16520538246784233,True,0.17844258568936966,0.18239644050763992,-0.16520538246784233,True,0.28674575950185566,0.2877773082362052,-0.16520538246784233,True,0.2595839599352505,0.3207839822843801,-0.16520538246784233,True,20,True,True,True,False,True,False,4,1,STOP_BEFORE_TARGET,True,True,False,True,False,4,1,STOP_BEFORE_TARGET,2024-08-02,2024-08-06,2024-08-08,2024-08-15,2024-08-29
SHOP|2024-08-02T00:00:00|Long,SHOP,2024-08-02,Long,-0.0398677562277403,-0.01965827096867523,-0.1078449182247494,True,0.1738011947718674,0.24526912363165354,-0.1078449182247494,True,0.27319497819602323,0.27365417158834804,-0.1078449182247494,True,0.3696491389633303,0.38443878255440755,-0.1078449182247494,True,0.36083041116170733,0.4115377806409617,-0.1078449182247494,True,20,True,True,True,False,True,False,3,1,STOP_BEFORE_TARGET,True,True,False,True,False,3,1,STOP_BEFORE_TARGET,2024-08-05,2024-08-07,2024-08-09,2024-08-16,2024-08-30
SHOP|2024-08-05T00:00:00|Long,SHOP,2024-08-05,Long,0.037504840453894905,0.05032531864876799,0.0015308425875268927,True,0.31171077790701873,0.3161117678596781,0.0015308425875268927,True,0.30711825014443805,0.35348266323689415,0.0015308425875268927,True,0.43819376341503746,0.44192510097889404,0.0015308425875268927,True,0.36356686614872147,0.4701493359864435,0.0015308425875268927,True,20,True,True,False,True,False,False,1,,TARGET_BEFORE_STOP,True,False,True,False,False,1,,TARGET_BEFORE_STOP,2024-08-06,2024-08-08,2024-08-12,2024-08-19,2024-09-03
SHOP|2024-08-06T00:00:00|Long,SHOP,2024-08-06,Long,0.17834743547097087,0.2500921662358071,0.17207668399673315,True,0.27812618022030966,0.2785871521111556,0.17207668399673315,True,0.28919217912500894,0.30455551671909586,0.17207668399673315,True,0.38085579234539013,0.3957948838311436,0.17207668399673315,True,0.2950940545883025,0.41700479714703986,0.17207668399673315,True,20,True,True,False,True,False,False,1,,TARGET_BEFORE_STOP,True,False,True,False,False,1,,TARGET_BEFORE_STOP,2024-08-07,2024-08-09,2024-08-13,2024-08-20,2024-09-04
SHOP|2024-08-07T00:00:00|Long,SHOP,2024-08-07,Long,0.07293791996599075,0.07653779052063547,0.0003130452019837193,True,0.06918137754218612,0.10710600069976928,0.0003130452019837193,True,0.12051959652217104,0.12318051059266621,0.0003130452019837193,True,0.19173579773088512,0.19267487362956892,0.0003130452019837193,True,0.09735484864804844,0.20253564822388803,0.0003130452019837193,True,20,True,True,False,True,False,False,1,,TARGET_BEFORE_STOP,True,False,True,False,False,1,,TARGET_BEFORE_STOP,2024-08-08,2024-08-12,2024-08-14,2024-08-21,2024-09-05
SHOP|2024-08-08T00:00:00|Long,SHOP,2024-08-08,Long,0.010940918550123468,0.011305526797704468,-0.016557287902284945,True,0.01969363113086664,0.031845347338326446,-0.016557287902284945,True,0.0919036490429701,0.09277899820878965,-0.016557287902284945,True,0.08388037555094696,0.11305615835127614,-0.016557287902284945,True,-0.022465366111867113,0.12078772298587892,-0.03924146348141222,True,20,True,True,True,True,False,False,2,20,TARGET_BEFORE_STOP,True,True,True,False,False,5,20,TARGET_BEFORE_STOP,2024-08-09,2024-08-13,2024-08-15,2024-08-22,2024-09-06
SHOP|2024-08-09T00:00:00|Long,SHOP,2024-08-09,Long,-0.014285792923048768,0.02067819039136709,-0.018037517243201573,True,0.03304463470834906,0.035497820723548346,-0.018037517243201573,True,0.07575757242144632,0.087373737929759,-0.018037517243201573,True,0.09870124151050996,0.10303028968578576,-0.018037517243201573,True,-0.016883199809760607,0.10865798625828305,-0.04963928268281648,True,20,True,True,True,True,False,False,3,19,TARGET_BEFORE_STOP,True,True,True,False,False,4,19,TARGET_BEFORE_STOP,2024-08-12,2024-08-14,2024-08-16,2024-08-23,2024-09-09
SHOP|2024-08-12T00:00:00|Long,SHOP,2024-08-12,Long,0.023276299577105197,0.025764927523541648,0.005416524078553087,True,0.09574002560778272,0.09661845029132654,0.005416524078553087,True,0.10027823669060965,0.1031328656145376,0.005416524078553087,True,0.09720391782993243,0.12472558303274428,0.005416524078553087,True,-0.002049471448573148,0.12472558303274428,-0.03586586203784703,True,20,True,True,True,True,False,False,2,18,TARGET_BEFORE_STOP,True,True,True,False,False,2,18,TARGET_BEFORE_STOP,2024-08-13,2024-08-15,2024-08-19,2024-08-26,2024-09-10
SHOP|2024-08-13T00:00:00|Long,SHOP,2024-08-13,Long,0.02417732153247565,0.026609450210998142,0.0005722591509891295,True,0.06652362552749502,0.07804008171638022,0.0005722591509891295,True,0.07110158958813595,0.08268953724066752,0.0005722591509891295,True,0.06623744137836418,0.09914163310297064,0.0005722591509891295,True,0.0231758953050627,0.09914163310297064,-0.05779686448263699,True,20,True,True,True,True,False,False,2,17,TARGET_BEFORE_STOP,True,True,True,False,False,2,17,TARGET_BEFORE_STOP,2024-08-14,2024-08-16,2024-08-20,2024-08-27,2024-09-11
SHOP|2024-08-14T00:00:00|Long,SHOP,2024-08-14,Long,0.04553711835441221,0.04637529674605623,0.01983525451849033,True,0.04986740476098106,0.052591244749795596,0.01983525451849033,True,0.06355640849990696,0.06439448032087158,0.01983525451849033,True,0.013130360238735372,0.07319466072371728,0.002374714443865278,True,-0.003911143925407368,0.07319466072371728,-0.08003905602250094,True,20,True,True,True,True,False,False,1,14,TARGET_BEFORE_STOP,True,True,True,False,False,2,15,TARGET_BEFORE_STOP,2024-08-15,2024-08-19,2024-08-21,2024-08-28,2024-09-12
SHOP|2024-08-15T00:00:00|Long,SHOP,2024-08-15,Long,-0.004007954956298354,0.006746892359484891,-0.009953174781226926,True,0.0002672581545590802,0.011088869044421523,-0.012424854029854382,True,-0.0073479683844407395,0.019372139040698233,-0.012424854029854382,True,-0.02110890932884868,0.026452951199700703,-0.04128251704586172,True,-0.032064149295990885,0.026452951199700703,-0.12010685433584567,True,20,True,False,True,False,True,False,,8,STOP_BEFORE_TARGET,False,True,False,True,False,,9,STOP_BEFORE_TARGET,2024-08-16,2024-08-20,2024-08-22,2024-08-29,2024-09-13
SHOP|2024-08-16T00:00:00|Long,SHOP,2024-08-16,Long,0.008182435752927653,0.008316500225453494,-0.008450769376563305,True,0.02132791781090515,0.022132714003228582,-0.008450769376563305,True,0.02132791781090515,0.025352103451106167,-0.008450769376563305,True,-0.006438676556462908,0.030583483379791998,-0.03742455803241662,True,-0.013011417585451768,0.030583483379791998,-0.11656609102179438,True,20,True,True,True,True,False,False,6,7,TARGET_BEFORE_STOP,False,True,False,True,False,,8,STOP_BEFORE_TARGET,2024-08-19,2024-08-21,2024-08-23,2024-08-30,2024-09-16
SHOP|2024-08-19T00:00:00|Long,SHOP,2024-08-19,Long,-0.003858447330991055,0.006918528708488525,-0.013304948792919435,True,-0.011442264082606957,0.015167633503231803,-0.013304948792919435,True,-0.002794128574172161,0.022219240122086648,-0.013304948792919435,True,-0.05188932059412643,0.022219240122086648,-0.05774353054579606,True,-0.009446602970631934,0.022219240122086648,-0.12373606437763185,True,20,True,False,True,False,True,False,,6,STOP_BEFORE_TARGET,False,True,False,True,False,,6,STOP_BEFORE_TARGET,2024-08-20,2024-08-22,2024-08-26,2024-09-03,2024-09-17
SHOP|2024-08-20T00:00:00|Long,SHOP,2024-08-20,Long,0.016962689948937903,0.017764046385331245,0.0,True,0.016962689948937903,0.020969675934677134,-0.008548141661149478,True,-0.004541257577296953,0.026178696575006155,-0.02684656153992504,True,-0.062107671367638506,0.026178696575006155,-0.07012154143723037,True,0.004674749048771298,0.02804859619451472,-0.12034195012289872,True,20,True,False,True,False,True,False,,5,STOP_BEFORE_TARGET,False,True,False,True,False,,6,STOP_BEFORE_TARGET,2024-08-21,2024-08-23,2024-08-27,2024-09-04,2024-09-18
SHOP|2024-08-21T00:00:00|Long,SHOP,2024-08-21,Long,-0.02416596207828159,0.0021014402862096215,-0.02508531715295126,True,-0.01562913647157238,0.009062285880449661,-0.02508531715295126,True,-0.04741266928408139,0.009062285880449661,-0.05752557510544776,True,-0.0791962020965905,0.009062285880449661,-0.0897688355563857,True,0.03335961302716628,0.0416338086991932,-0.13501443212113406,True,20,True,True,True,False,True,False,20,1,STOP_BEFORE_TARGET,False,True,False,True,False,,4,STOP_BEFORE_TARGET,2024-08-22,2024-08-26,2024-08-28,2024-09-05,2024-09-19
SHOP|2024-08-22T00:00:00|Long,SHOP,2024-08-22,Long,0.024764418066159033,0.02880214403433734,0.005248982148449821,True,0.003095500916451499,0.03405112618278716,-0.01938092035343708,True,-0.01386280439280596,0.03405112618278716,-0.03418574443069622,True,-0.09811575526381988,0.03405112618278716,-0.11359356789698782,True,0.05948853280485489,0.07025563091393572,-0.11359356789698782,True,20,True,True,True,True,False,False,2,4,TARGET_BEFORE_STOP,True,True,False,True,False,19,4,STOP_BEFORE_TARGET,2024-08-23,2024-08-27,2024-08-29,2024-09-06,2024-09-20
SHOP|2024-08-23T00:00:00|Long,SHOP,2024-08-23,Long,-0.01562913647157238,0.009062285880449661,-0.01602313147468959,True,-0.04741266928408139,0.009062285880449661,-0.05752557510544776,True,-0.02718675743916077,0.009062285880449661,-0.05752557510544776,True,-0.10520097452639932,0.009062285880449661,-0.13501443212113406,True,0.05214080972586488,0.06120309560631432,-0.13501443212113406,True,20,True,True,True,False,True,False,18,2,STOP_BEFORE_TARGET,True,True,False,True,False,20,2,STOP_BEFORE_TARGET,2024-08-26,2024-08-28,2024-08-30,2024-09-09,2024-09-23
SHOP|2024-08-26T00:00:00|Long,SHOP,2024-08-26,Long,-0.005603711621700924,-0.0010673009328525662,-0.02788520911260217,True,-0.02241494827993029,-0.0010673009328525662,-0.042561640318873106,True,-0.04923275466655319,-0.0010673009328525662,-0.0551033678663122,True,-0.09046029426764224,-0.0010673009328525662,-0.12128080998012392,True,0.07178125552863923,0.0816544762611302,-0.12128080998012392,True,20,True,True,True,False,True,False,17,1,STOP_BEFORE_TARGET,True,True,False,True,False,17,2,STOP_BEFORE_TARGET,2024-08-27,2024-08-29,2024-09-03,2024-09-10,2024-09-24
SHOP|2024-08-27T00:00:00|Long,SHOP,2024-08-27,Long,-0.02683483205095083,-0.002146733333360684,-0.03716619734919224,True,-0.0061719990877073805,-0.002146733333360684,-0.03716619734919224,True,-0.05782903031243569,-0.002146733333360684,-0.0658794594543688,True,-0.04038645089937387,-0.002146733333360684,-0.11632897237284923,True,0.06346442284187326,0.0877499130906203,-0.11632897237284923,True,20,True,True,True,False,True,False,15,1,STOP_BEFORE_TARGET,True,True,False,True,False,16,1,STOP_BEFORE_TARGET,2024-08-28,2024-08-30,2024-09-04,2024-09-11,2024-09-25
SHOP|2024-08-28T00:00:00|Long,SHOP,2024-08-28,Long,0.010202645473927019,0.02495515771482948,0.004687770205536124,True,-0.01750994987509802,0.02495515771482948,-0.023576438897731866,True,-0.033365479245479945,0.02495515771482948,-0.04446433928579696,True,-0.01682064306130071,0.02495515771482948,-0.09196192308291073,True,0.11333243291118689,0.1180200979272199,-0.09196192308291073,True,20,True,True,True,False,True,False,13,3,STOP_BEFORE_TARGET,True,True,False,True,False,14,4,STOP_BEFORE_TARGET,2024-08-29,2024-09-03,2024-09-05,2024-09-12,2024-09-26
SHOP|2024-08-29T00:00:00|Long,SHOP,2024-08-29,Long,0.010918562691561329,0.01446711118538846,-0.0020471393934282656,True,-0.04162679899142463,0.01446711118538846,-0.04981566894653022,True,-0.08543735217201387,0.01446711118538846,-0.1011327469934592,True,-0.011191479901641488,0.01446711118538846,-0.1011327469934592,True,0.08107005204794637,0.10754749889234771,-0.1011327469934592,True,20,True,True,True,False,True,False,12,2,STOP_BEFORE_TARGET,True,True,False,True,False,13,2,STOP_BEFORE_TARGET,2024-08-30,2024-09-04,2024-09-06,2024-09-13,2024-09-27
SHOP|2024-08-30T00:00:00|Long,SHOP,2024-08-30,Long,-0.0379370537352669,-0.011475610606496156,-0.043877413438508484,True,-0.05346292832169908,-0.011475610606496156,-0.0643310302319523,True,-0.08019444398379438,-0.011475610606496156,-0.11084108435667173,True,-0.006615335031569747,-0.004995311841588745,-0.11084108435667173,True,0.08194950344043783,0.09558528230356411,-0.11084108435667173,True,20,True,True,True,False,True,False,12,1,STOP_BEFORE_TARGET,True,True,False,True,False,13,1,STOP_BEFORE_TARGET,2024-09-03,2024-09-05,2024-09-09,2024-09-16,2024-09-30
SHOP|2024-09-03T00:00:00|Long,SHOP,2024-09-03,Long,-0.014594455295400266,0.006876197713729937,-0.023014304525464158,True,-0.059640750387224384,0.006876197713729937,-0.07577885719895883,True,-0.04336238948432636,0.006876197713729937,-0.07577885719895883,True,0.04476557278111337,0.06314902982176696,-0.07577885719895883,True,0.10089804373379518,0.13878752586537035,-0.07577885719895883,True,20,True,True,True,False,True,False,8,1,STOP_BEFORE_TARGET,True,True,False,True,False,10,3,STOP_BEFORE_TARGET,2024-09-04,2024-09-06,2024-09-10,2024-09-17,2024-10-01
SHOP|2024-09-04T00:00:00|Long,SHOP,2024-09-04,Long,-0.0015665139339121614,0.010111066250783951,-0.013030488459427336,True,-0.029763656094454083,0.010111066250783951,-0.06209058009907997,True,0.018513178578242417,0.021931086424893165,-0.06209058009907997,True,0.07120478372372685,0.09612645802703113,-0.06209058009907997,True,0.12645965677938298,0.15565366156606197,-0.06209058009907997,True,20,True,True,True,False,True,False,7,2,STOP_BEFORE_TARGET,True,True,False,True,False,9,2,STOP_BEFORE_TARGET,2024-09-05,2024-09-09,2024-09-11,2024-09-18,2024-10-02
SHOP|2024-09-05T00:00:00|Long,SHOP,2024-09-05,Long,-0.044216209487001334,0.006404186188129879,-0.06061902671517727,True,-0.02767083760543876,0.006404186188129879,-0.06061902671517727,True,0.017115916956147004,0.02667241093000272,-0.06061902671517727,True,0.12223648010579069,0.13122232018471602,-0.06061902671517727,True,0.11453428482942085,0.1574668495138669,-0.06061902671517727,True,20,True,True,True,False,True,False,6,1,STOP_BEFORE_TARGET,True,True,False,True,False,7,1,STOP_BEFORE_TARGET,2024-09-06,2024-09-10,2024-09-12,2024-09-19,2024-10-03
SHOP|2024-09-06T00:00:00|Long,SHOP,2024-09-06,Long,0.01671384989528235,0.03700933664346495,0.001939967904398543,True,0.06730330343322732,0.0708849402861278,-0.0008954661405067288,True,0.08118183313816774,0.09595582898361465,-0.0008954661405067288,True,0.17475001807441193,0.18668846602039024,-0.0008954661405067288,True,0.23011487356166116,0.2332487204170266,-0.0008954661405067288,True,20,True,True,False,True,False,False,1,,TARGET_BEFORE_STOP,True,False,True,False,False,3,,TARGET_BEFORE_STOP,2024-09-09,2024-09-11,2024-09-13,2024-09-20,2024-10-04
SHOP|2024-09-09T00:00:00|Long,SHOP,2024-09-09,Long,0.0005871263340662125,0.011301985960703975,-0.017319834914811816,True,0.046675479720737156,0.05650970583772441,-0.017319834914811816,True,0.07999419928588503,0.08175546630518582,-0.017319834914811816,True,0.1758403616599673,0.18596809495253885,-0.017319834914811816,True,0.18684872846218936,0.21297523442219912,-0.017319834914811816,True,20,True,True,False,True,False,False,2,,TARGET_BEFORE_STOP,True,False,True,False,False,2,,TARGET_BEFORE_STOP,2024-09-10,2024-09-12,2024-09-16,2024-09-23,2024-10-07
SHOP|2024-09-10T00:00:00|Long,SHOP,2024-09-10,Long,0.049141830190736036,0.052662521104783755,-0.0010268402039668167,True,0.06278419971040305,0.07730679791717643,-0.0010268402039668167,True,0.09212261915767095,0.11133935999931954,-0.0010268402039668167,True,0.17837764395963918,0.18923282781831552,-0.0010268402039668167,True,0.21138336583781547,0.21959808746955023,-0.0010268402039668167,True,20,True,True,False,True,False,False,1,,TARGET_BEFORE_STOP,True,False,True,False,False,1,,TARGET_BEFORE_STOP,2024-09-11,2024-09-13,2024-09-17,2024-09-24,2024-10-08
SHOP|2024-09-11T00:00:00|Long,SHOP,2024-09-11,Long,-0.002936228947558517,0.0064318615136818025,-0.02642616720301072,True,0.02880320588197338,0.03048099003772986,-0.02642616720301072,True,0.051733847193845106,0.07620252843181685,-0.02642616720301072,True,0.10822155839564673,0.1335291317114966,-0.02642616720301072,True,0.16624730952354794,0.1761606158304183,-0.02642616720301072,True,20,True,True,True,False,True,False,3,1,STOP_BEFORE_TARGET,True,False,True,False,False,4,,TARGET_BEFORE_STOP,2024-09-12,2024-09-16,2024-09-18,2024-09-25,2024-10-09
SHOP|2024-09-12T00:00:00|Long,SHOP,2024-09-12,Long,0.015986529640696245,0.029869653004297447,0.006310539798672243,True,0.04403308788600602,0.06240365628929179,0.0022437760144067287,True,0.10335160565005319,0.11218623298123931,0.0022437760144067287,True,0.13237978915438364,0.13714765270130425,0.0022437760144067287,True,0.1598654033960918,0.17962426273791166,0.0022437760144067287,True,20,True,True,False,True,False,False,2,,TARGET_BEFORE_STOP,True,False,True,False,False,3,,TARGET_BEFORE_STOP,2024-09-13,2024-09-17,2024-09-19,2024-09-26,2024-10-10
SHOP|2024-09-13T00:00:00|Long,SHOP,2024-09-13,Long,0.01559703147565017,0.017253278849590492,-0.013526511646910988,True,0.03823332490186049,0.062387915291286955,-0.013526511646910988,True,0.08654250568071364,0.0975845409610574,-0.013526511646910988,True,0.09330576150416925,0.12008288397654376,-0.013526511646910988,True,0.14893031566634374,0.16218082118615018,-0.013526511646910988,True,20,True,True,False,True,False,False,2,,TARGET_BEFORE_STOP,True,False,True,False,False,3,,TARGET_BEFORE_STOP,2024-09-16,2024-09-18,2024-09-20,2024-09-27,2024-10-11
SHOP|2024-09-16T00:00:00|Long,SHOP,2024-09-16,Long,0.011823798525923968,0.02962761961030158,0.0010872768288097134,True,0.06931229066603017,0.07787436239395018,0.0010872768288097134,True,0.08874692330519718,0.09812450449893717,0.0010872768288097134,True,0.08915462619389447,0.10288121101444814,0.0010872768288097134,True,0.13726553714026068,0.14664311833400068,0.0010872768288097134,True,20,True,True,False,True,False,False,2,,TARGET_BEFORE_STOP,True,False,True,False,False,3,,TARGET_BEFORE_STOP,2024-09-17,2024-09-19,2024-09-23,2024-09-30,2024-10-14
SHOP|2024-09-17T00:00:00|Long,SHOP,2024-09-17,Long,0.010342569563787096,0.03384827905651688,0.001880448561277559,True,0.05735398854924667,0.06809939425986666,0.001880448561277559,True,0.07897924948069912,0.08891877794413161,0.001880448561277559,True,0.05372733598338231,0.08999334925822189,0.001880448561277559,True,0.10047016337869974,0.13324387112112657,0.001880448561277559,True,20,True,True,False,True,False,False,1,,TARGET_BEFORE_STOP,True,False,True,False,False,2,,TARGET_BEFORE_STOP,2024-09-18,2024-09-20,2024-09-24,2024-10-01,2024-10-15
SHOP|2024-09-18T00:00:00|Long,SHOP,2024-09-18,Long,0.045998391761795654,0.054373787177830035,0.018877933340879505,True,0.06500929686641044,0.0741824214371174,0.018877933340879505,True,0.05370913121462961,0.07777184763606426,0.018877933340879505,True,0.05158198870581865,0.07883541889046985,0.018877933340879505,True,0.08814141379717455,0.1216431983167865,0.018877933340879505,True,20,True,True,False,True,False,False,1,,TARGET_BEFORE_STOP,True,False,True,False,False,1,,TARGET_BEFORE_STOP,2024-09-19,2024-09-23,2024-09-25,2024-10-02,2024-10-16
SHOP|2024-09-19T00:00:00|Long,SHOP,2024-09-19,Long,0.0005084000428596802,0.010676109997871608,-0.01741233784021612,True,0.0209710411728401,0.03037619954725934,-0.01741233784021612,True,0.026309096171775792,0.030630351084992347,-0.01741233784021612,True,-0.0068632551275145115,0.03139299963297848,-0.01741233784021612,True,0.03749360621250686,0.07231828189293932,-0.01741233784021612,True,20,True,True,False,True,False,False,3,,TARGET_BEFORE_STOP,True,False,True,False,False,11,,TARGET_BEFORE_STOP,2024-09-20,2024-09-24,2024-09-26,2024-10-03,2024-10-17
SHOP|2024-09-20T00:00:00|Long,SHOP,2024-09-20,Long,0.017657512297940325,0.02642278707825585,0.001651387848095931,True,0.0068597676213617564,0.02985262242987674,0.0007621640963335619,True,0.00622456626233725,0.03086890583706814,0.0006351044409045326,True,0.047129052679650396,0.049796723934937726,-0.013084333883699006,True,0.050304865638533425,0.07177339225438129,-0.013084333883699006,True,20,True,True,False,True,False,False,4,,TARGET_BEFORE_STOP,True,False,True,False,False,12,,TARGET_BEFORE_STOP,2024-09-23,2024-09-25,2024-09-27,2024-10-04,2024-10-18
SHOP|2024-09-23T00:00:00|Long,SHOP,2024-09-23,Long,0.002746239158993413,0.011983511136668401,-0.016602194743746246,True,0.007989007424445527,0.012233125952721968,-0.01672704977001338,True,0.0003744698423207016,0.012982160873844295,-0.020097373587381062,True,0.009362127003942122,0.031581559855461405,-0.03020844027596481,True,0.031831269907995896,0.05317690804860642,-0.03020844027596481,True,20,True,True,True,False,True,False,9,5,STOP_BEFORE_TARGET,True,True,False,True,False,12,8,STOP_BEFORE_TARGET,2024-09-24,2024-09-26,2024-09-30,2024-10-07,2024-10-21
SHOP|2024-09-24T00:00:00|Long,SHOP,2024-09-24,Long,-0.013320050671411399,0.007220239236076509,-0.01643221293085939,True,-0.013942521113562978,0.010207888411963406,-0.019419957082401074,True,-0.023403520975468384,0.010207888411963406,-0.031868606120193266,True,0.028009460335032266,0.03498067340398636,-0.03286442586171889,True,0.01593425557226924,0.05029255350975892,-0.03286442586171889,True,20,True,True,True,False,True,False,10,4,STOP_BEFORE_TARGET,True,True,False,True,False,14,5,STOP_BEFORE_TARGET,2024-09-25,2024-09-27,2024-10-01,2024-10-08,2024-10-22
SHOP|2024-09-25T00:00:00|Long,SHOP,2024-09-25,Long,0.01879886227114347,0.02308849548748171,-0.0061822543522248585,True,0.011102665022711511,0.023845563193399144,-0.009588722126504523,True,-0.0020187188720278693,0.023845563193399144,-0.0187989585289573,True,0.05235934158500233,0.06130458022593066,-0.019808221707157347,True,0.005046700922255676,0.06447136604372772,-0.019808221707157347,True,20,True,True,False,True,False,False,7,,TARGET_BEFORE_STOP,True,False,True,False,False,10,,TARGET_BEFORE_STOP,2024-09-26,2024-09-30,2024-10-02,2024-10-09,2024-10-23
SHOP|2024-09-26T00:00:00|Long,SHOP,2024-09-26,Long,-0.01907121876814044,0.004953579267850339,-0.01931885521478327,True,-0.028483009928889302,0.004953579267850339,-0.036904066339734864,True,-0.032321988982681904,0.004953579267850339,-0.03789470660797212,True,0.024272434482633498,0.04172140304518179,-0.03789470660797212,True,-0.01151703164304374,0.044829755375628944,-0.03789470660797212,True,20,True,True,True,False,True,False,9,2,STOP_BEFORE_TARGET,False,True,False,True,False,,3,STOP_BEFORE_TARGET,2024-09-27,2024-10-01,2024-10-03,2024-10-10,2024-10-24
SHOP|2024-09-27T00:00:00|Long,SHOP,2024-09-27,Long,0.011740945788725421,0.014518388324338938,-0.008963503253111793,True,-0.0013887212678067584,0.014518388324338938,-0.01817955381959513,True,0.04065144878071747,0.04330261765964538,-0.01918945411734474,True,0.05087739964495053,0.06299707008515432,-0.01918945411734474,True,-0.002019896914078001,0.0651433369744967,-0.01918945411734474,True,20,True,True,False,True,False,False,5,,TARGET_BEFORE_STOP,True,False,True,False,False,8,,TARGET_BEFORE_STOP,2024-09-30,2024-10-02,2024-10-04,2024-10-11,2024-10-25
SHOP|2024-09-30T00:00:00|Long,SHOP,2024-09-30,Long,-0.021088126457167733,0.0012477972907747326,-0.02957328131559933,True,-0.024956326618818747,0.0012477972907747326,-0.030571462027720542,True,0.008984292814907757,0.031195408273523517,-0.030571462027720542,True,0.04417270953940888,0.05278267268716719,-0.030571462027720542,True,-0.0033690622051749664,0.05278267268716719,-0.030571462027720542,True,20,True,True,True,False,True,False,4,1,STOP_BEFORE_TARGET,True,True,False,True,False,9,3,STOP_BEFORE_TARGET,2024-10-01,2024-10-03,2024-10-07,2024-10-14,2024-10-28
SHOP|2024-10-01T00:00:00|Long,SHOP,2024-10-01,Long,0.00828555195875591,0.010898704782585034,-0.006628383215992684,True,0.050732995688443694,0.05340984836711504,-0.009687629527090347,True,0.05264506110226219,0.059783334912052455,-0.009687629527090347,True,0.04435950914350628,0.07546215460334049,-0.009687629527090347,True,0.0247291589148968,0.07546215460334049,-0.009687629527090347,True,20,True,True,False,True,False,False,3,,TARGET_BEFORE_STOP,True,False,True,False,False,3,,TARGET_BEFORE_STOP,2024-10-02,2024-10-04,2024-10-08,2024-10-15,2024-10-29
SHOP|2024-10-02T00:00:00|Long,SHOP,2024-10-02,Long,-0.012136524690158357,0.002781304993009659,-0.017825487483114744,True,0.022250343491552416,0.044753489049503825,-0.017825487483114744,True,0.05448805652503741,0.0634513896156319,-0.017825487483114744,True,0.03476611950757125,0.06662458121519577,-0.017825487483114744,True,0.011504471297898888,0.06662458121519577,-0.017825487483114744,True,20,True,True,False,True,False,False,2,,TARGET_BEFORE_STOP,True,False,True,False,False,4,,TARGET_BEFORE_STOP,2024-10-03,2024-10-07,2024-10-09,2024-10-16,2024-10-30
SHOP|2024-10-03T00:00:00|Long,SHOP,2024-10-03,Long,0.05490147106522314,0.05758894337278608,0.017404666252553547,True,0.05682112203848355,0.06398771485865118,0.017404666252553547,True,0.058484767475307065,0.0765165594183772,0.017404666252553547,True,0.04466339763283722,0.07972873567438121,0.017404666252553547,True,0.0008958241025209812,0.07972873567438121,-0.013053450870662897,True,20,True,True,False,True,False,False,1,,TARGET_BEFORE_STOP,True,False,True,False,False,1,,TARGET_BEFORE_STOP,2024-10-04,2024-10-08,2024-10-10,2024-10-17,2024-10-31
SHOP|2024-10-04T00:00:00|Long,SHOP,2024-10-04,Long,-0.019046459893384715,-0.004003419020173982,-0.025840073341407255,True,0.011888916090081025,0.020490149029110283,-0.025840073341407255,True,0.009826489816752826,0.021472723965952234,-0.025840073341407255,True,0.0030328763687303972,0.023535150239280433,-0.025840073341407255,True,-0.04173240845166237,0.023535150239280433,-0.06441826445389853,True,20,True,False,True,False,True,False,,1,STOP_BEFORE_TARGET,False,True,False,True,False,,13,STOP_BEFORE_TARGET,2024-10-07,2024-10-09,2024-10-11,2024-10-18,2024-11-01
SHOP|2024-10-07T00:00:00|Long,SHOP,2024-10-07,Long,0.021271348104379584,0.028196868193010927,-0.0032154604782080876,True,0.022879031166916253,0.040304262440602256,-0.0032154604782080876,True,0.03487508871553491,0.043408386219838,-0.0032154604782080876,True,0.02226073507507964,0.043408386219838,-0.006430920956416175,True,-0.02992824821516893,0.043408386219838,-0.04625275581918242,True,20,True,True,True,True,False,False,2,12,TARGET_BEFORE_STOP,False,True,False,True,False,,18,STOP_BEFORE_TARGET,2024-10-08,2024-10-10,2024-10-14,2024-10-21,2024-11-04
SHOP|2024-10-08T00:00:00|Long,SHOP,2024-10-08,Long,0.010050881722583949,0.01863649104770304,0.0006054180340848703,True,0.007992201720521841,0.019617281197229275,-0.008355563406475586,True,-0.007871173546456278,0.021675961199291383,-0.02567210825351174,True,-0.01174620003869209,0.021675961199291383,-0.027125277833569772,True,-0.03644952857216499,0.021675961199291383,-0.0661176914919781,True,20,True,False,True,False,True,False,,5,STOP_BEFORE_TARGET,False,True,False,True,False,,11,STOP_BEFORE_TARGET,2024-10-09,2024-10-11,2024-10-15,2024-10-22,2024-11-05
SHOP|2024-10-09T00:00:00|Long,SHOP,2024-10-09,Long,-0.008392333615910297,0.002937239017276161,-0.013355784601008613,True,0.0032369815515194134,0.011509399860016423,-0.018223285046460536,True,-0.018702854807533642,0.011509399860016423,-0.03680622454658111,True,-0.0449586360790859,0.011509399860016423,-0.05143269065070377,True,-0.017863630592800495,0.011509399860016423,-0.07541062989288294,True,20,True,False,True,False,True,False,,4,STOP_BEFORE_TARGET,False,True,False,True,False,,4,STOP_BEFORE_TARGET,2024-10-10,2024-10-14,2024-10-16,2024-10-23,2024-11-06
SHOP|2024-10-10T00:00:00|Long,SHOP,2024-10-10,Long,0.0064079166384174435,0.018014724703935503,-0.009914154321132851,True,-0.009430525788064026,0.02007016903015546,-0.027203482346820573,True,-0.013057693664724535,0.02007016903015546,-0.028654367946026937,True,-0.03494135439049939,0.02007016903015546,-0.04679002284390732,True,0.03433688790619649,0.037843033346201205,-0.06758549630959976,True,20,True,True,True,False,True,False,20,3,STOP_BEFORE_TARGET,False,True,False,True,False,,9,STOP_BEFORE_TARGET,2024-10-11,2024-10-15,2024-10-17,2024-10-24,2024-11-07
SHOP|2024-10-11T00:00:00|Long,SHOP,2024-10-11,Long,0.005285949696038683,0.013575263236573765,-0.006967734461134634,True,-0.016698695642968553,0.013575263236573765,-0.034839038927235944,True,-0.006727505681946799,0.013575263236573765,-0.034839038927235944,True,-0.05033631570809338,0.013575263236573765,-0.053579999987168225,True,0.0466122655260337,0.048294141946520375,-0.0735222882538209,True,20,True,True,True,False,True,False,19,2,STOP_BEFORE_TARGET,False,True,False,True,False,,2,STOP_BEFORE_TARGET,2024-10-14,2024-10-16,2024-10-18,2024-10-25,2024-11-08
SHOP|2024-10-14T00:00:00|Long,SHOP,2024-10-14,Long,-0.02091300183577749,0.001075482045439946,-0.03847993796558291,True,-0.024498124334148885,0.001075482045439946,-0.03991400519962196,True,-0.012189252382248328,0.001075482045439946,-0.03991400519962196,True,-0.045530563392673584,0.001075482045439946,-0.05855642337486744,True,0.075406280300927,0.10133847186911504,-0.07839385199175242,True,20,True,True,True,False,True,False,19,1,STOP_BEFORE_TARGET,True,True,False,True,False,20,1,STOP_BEFORE_TARGET,2024-10-15,2024-10-17,2024-10-21,2024-10-28,2024-11-11
SHOP|2024-10-15T00:00:00|Long,SHOP,2024-10-15,Long,-0.0009764656506370262,0.004149839333872807,-0.01940685904262973,True,0.0091541559527204,0.015256926587867259,-0.01940685904262973,True,-0.0039057694816584387,0.016172304934783277,-0.01940685904262973,True,-0.01879654473075909,0.016172304934783277,-0.03844747362560319,True,0.32942753281137827,0.39765655693518287,-0.05870862371142804,True,20,True,True,True,False,True,False,17,6,STOP_BEFORE_TARGET,True,True,False,True,False,18,6,STOP_BEFORE_TARGET,2024-10-16,2024-10-18,2024-10-22,2024-10-29,2024-11-12
SHOP|2024-10-16T00:00:00|Long,SHOP,2024-10-16,Long,-0.00268785858038445,0.016249259081845935,-0.008674393374572098,True,0.009896215065225533,0.01716553213792782,-0.008674393374572098,True,-0.026756198568582024,0.01716553213792782,-0.03335364420809628,True,-0.022480102287019466,0.01716553213792782,-0.037507632890120046,True,0.4061087169632529,0.4125840550032285,-0.057788586630634686,True,20,True,True,True,False,True,False,16,5,STOP_BEFORE_TARGET,True,True,False,True,False,17,5,STOP_BEFORE_TARGET,2024-10-17,2024-10-21,2024-10-23,2024-10-30,2024-11-13
SHOP|2024-10-17T00:00:00|Long,SHOP,2024-10-17,Long,0.012862955862880998,0.016158278678435112,0.004900178112674736,True,-0.0002449668472280786,0.01990689764395359,-0.005757608809534909,True,-0.022173191467527165,0.01990689764395359,-0.034178623170424305,True,-0.04189634061027869,0.01990689764395359,-0.05524923016761585,True,0.33627349627881253,0.4163911140122065,-0.05524923016761585,True,20,True,True,True,False,True,False,15,4,STOP_BEFORE_TARGET,True,True,False,True,False,15,4,STOP_BEFORE_TARGET,2024-10-18,2024-10-22,2024-10-24,2024-10-31,2024-11-14
SHOP|2024-10-18T00:00:00|Long,SHOP,2024-10-18,Long,-0.00024185586589986485,0.006954486527816162,-0.01681179710350611,True,-0.03652632597870653,0.006954486527816162,-0.043057541672153254,True,-0.043904175617071606,0.006954486527816162,-0.04716982960188454,True,-0.044629927767129596,0.006954486527816162,-0.06724718841402444,True,0.31216736167546966,0.39840351136699503,-0.06724718841402444,True,20,True,True,True,False,True,False,14,3,STOP_BEFORE_TARGET,True,True,False,True,False,15,3,STOP_BEFORE_TARGET,2024-10-21,2024-10-23,2024-10-25,2024-11-01,2024-11-15
SHOP|2024-10-21T00:00:00|Long,SHOP,2024-10-21,Long,-0.01270267366609279,-0.00139130762241646,-0.018146623923845584,True,-0.03435765595770213,-0.00139130762241646,-0.04621349086595561,True,-0.033752731574173134,-0.00139130762241646,-0.04693932628738873,True,-0.0510525167401793,-0.00139130762241646,-0.06702154210122335,True,0.28090966081038826,0.3987418052774807,-0.06702154210122335,True,20,True,True,True,False,True,False,13,2,STOP_BEFORE_TARGET,True,True,False,True,False,14,2,STOP_BEFORE_TARGET,2024-10-22,2024-10-24,2024-10-28,2024-11-04,2024-11-18
SHOP|2024-10-22T00:00:00|Long,SHOP,2024-10-22,Long,-0.023894093048136167,0.003676057462493887,-0.030510940389010255,True,-0.031368674665455565,0.003676057462493887,-0.03467714507890496,True,-0.014949163234638907,0.003676057462493887,-0.03467714507890496,True,-0.024996947681294124,0.003676057462493887,-0.05501774084290367,True,0.2815830848630607,0.4167381678945432,-0.05501774084290367,True,20,True,True,True,False,True,False,12,1,STOP_BEFORE_TARGET,True,True,False,True,False,12,1,STOP_BEFORE_TARGET,2024-10-23,2024-10-25,2024-10-29,2024-11-05,2024-11-19
SHOP|2024-10-23T00:00:00|Long,SHOP,2024-10-23,Long,0.002008486384126984,0.009163892718803579,-0.010293839901099444,True,0.0026361922523052694,0.016444859382009458,-0.011047010323338435,True,0.004393653753842042,0.016444859382009458,-0.011047010323338435,True,0.02837050468164759,0.030881232379892154,-0.031885523459189935,True,0.30479535103066735,0.4514184965017418,-0.031885523459189935,True,20,True,True,True,False,True,False,10,6,STOP_BEFORE_TARGET,True,True,False,True,False,11,6,STOP_BEFORE_TARGET,2024-10-24,2024-10-28,2024-10-30,2024-11-06,2024-11-20
SHOP|2024-10-24T00:00:00|Long,SHOP,2024-10-24,Long,-0.009646663067029992,0.014407435859129292,-0.01302932748062613,True,0.0071410636056563614,0.014407435859129292,-0.01302932748062613,True,-0.020170391086282602,0.014407435859129292,-0.033826070641005845,True,0.07178656200001399,0.07541965254425786,-0.033826070641005845,True,0.3340015505391951,0.44850918552533137,-0.033826070641005845,True,20,True,True,True,False,True,False,10,5,STOP_BEFORE_TARGET,True,True,False,True,False,10,5,STOP_BEFORE_TARGET,2024-10-25,2024-10-29,2024-10-31,2024-11-07,2024-11-21
SHOP|2024-10-25T00:00:00|Long,SHOP,2024-10-25,Long,0.010373177269674905,0.014294714861403657,0.0033523008149023426,True,0.0121442004732637,0.022137886558387443,0.0020239851554475496,True,-0.0007590788826281614,0.022137886558387443,-0.024414930179219807,True,0.10208727872585155,0.10385830192944057,-0.024414930179219807,True,0.3530676148670209,0.46261857410530505,-0.024414930179219807,True,20,True,True,True,False,True,False,8,4,STOP_BEFORE_TARGET,True,False,True,False,False,9,,TARGET_BEFORE_STOP,2024-10-28,2024-10-30,2024-11-01,2024-11-08,2024-11-22
SHOP|2024-10-28T00:00:00|Long,SHOP,2024-10-28,Long,0.006510537438145558,0.011643924792722915,-0.008263473637323937,True,-0.020783818768309925,0.011643924792722915,-0.03443094911021127,True,-0.017904097358215965,0.011643924792722915,-0.03443094911021127,True,0.12670583159107984,0.15387505312253524,-0.03443094911021127,True,0.3897583095394366,0.44760233843274655,-0.03443094911021127,True,20,True,True,True,False,True,False,8,3,STOP_BEFORE_TARGET,True,True,False,True,False,8,3,STOP_BEFORE_TARGET,2024-10-29,2024-10-31,2024-11-04,2024-11-11,2024-11-25
SHOP|2024-10-29T00:00:00|Long,SHOP,2024-10-29,Long,-0.004726921959236852,0.0015549197779456403,-0.013807695220538707,True,-0.017415120493945224,0.0015549197779456403,-0.040676659632957746,True,-0.010200269947132301,0.0015549197779456403,-0.040676659632957746,True,0.354894874933543,0.424430936753752,-0.040676659632957746,True,0.3942032924742984,0.4382386319742906,-0.040676659632957746,True,20,True,True,True,False,True,False,7,2,STOP_BEFORE_TARGET,True,True,False,True,False,7,2,STOP_BEFORE_TARGET,2024-10-30,2024-11-01,2024-11-05,2024-11-12,2024-11-26
SHOP|2024-10-30T00:00:00|Long,SHOP,2024-10-30,Long,-0.022497225393057763,0.004749371869418928,-0.036120476346541364,True,-0.01962254284346887,0.004749371869418928,-0.036120476346541364,True,0.023871965775763337,0.02637171046138631,-0.036120476346541364,True,0.4384451101742326,0.445069362074501,-0.036120476346541364,True,0.4065741521154953,0.445069362074501,-0.036120476346541364,True,20,True,True,True,False,True,False,6,1,STOP_BEFORE_TARGET,True,True,False,True,False,6,1,STOP_BEFORE_TARGET,2024-10-31,2024-11-04,2024-11-06,2024-11-13,2024-11-27
SHOP|2024-10-31T00:00:00|Long,SHOP,2024-10-31,Long,0.009973133722382732,0.02148063322902294,-0.0034522010769337808,True,0.017389088687786103,0.023398566071815896,-0.006520932645448951,True,0.0938499431429145,0.09755782307549965,-0.006520932645448951,True,0.3947065990020038,0.47832763201676776,-0.006520932645448951,True,0.47807185561099974,0.4876614222748472,-0.006520932645448951,True,20,True,True,False,True,False,False,4,,TARGET_BEFORE_STOP,True,False,True,False,False,5,,TARGET_BEFORE_STOP,2024-11-01,2024-11-05,2024-11-07,2024-11-14,2024-11-29
SHOP|2024-11-01T00:00:00|Long,SHOP,2024-11-01,Long,-0.0069628489332513865,0.000886184285571856,-0.01633119319425924,True,0.0370933078163771,0.03962533190861306,-0.01633119319425924,True,0.10292448541186117,0.10469685398300488,-0.01633119319425924,True,0.37346500566916485,0.46372966038037644,-0.01633119319425924,True,0.4303077150576087,0.4729712827032184,-0.01633119319425924,True,20,True,True,False,True,False,False,3,,TARGET_BEFORE_STOP,True,False,True,False,False,4,,TARGET_BEFORE_STOP,2024-11-04,2024-11-06,2024-11-08,2024-11-15,2024-12-02
SHOP|2024-11-04T00:00:00|Long,SHOP,2024-11-04,Long,0.01440587988586639,0.02039773615912721,-0.002677193752378071,True,0.090642534281697,0.09433954189397276,-0.002677193752378071,True,0.14724623996526498,0.17491076993466192,-0.002677193752378071,True,0.3498214426052455,0.47399284992308366,-0.002677193752378071,True,0.4260580970010761,0.48329927145314877,-0.002677193752378071,True,20,True,True,False,True,False,False,2,,TARGET_BEFORE_STOP,True,False,True,False,False,3,,TARGET_BEFORE_STOP,2024-11-05,2024-11-07,2024-11-11,2024-11-18,2024-12-03
SHOP|2024-11-05T00:00:00|Long,SHOP,2024-11-05,Long,0.029533724810029804,0.03204729246622939,0.007037797671754609,True,0.0948850456291872,0.09664449504712591,0.007037797671754609,True,0.36885759189000256,0.4391102497852466,0.007037797671754609,True,0.31444007463900836,0.45306023865804734,0.007037797671754609,True,0.4255372720901751,0.4622344969254699,0.007037797671754609,True,20,True,True,False,True,False,False,1,,TARGET_BEFORE_STOP,True,False,True,False,False,2,,TARGET_BEFORE_STOP,2024-11-06,2024-11-08,2024-11-12,2024-11-19,2024-12-04
SHOP|2024-11-06T00:00:00|Long,SHOP,2024-11-06,Long,0.04431158403258584,0.047851541217823534,0.0021972693994030124,True,0.09851074066409637,0.12500006984919465,0.0021972693994030124,True,0.40490721326113976,0.41137701819934747,0.0021972693994030124,True,0.2687988862871875,0.41137701819934747,0.0021972693994030124,True,0.39270018173829135,0.4202880990569613,0.0021972693994030124,True,20,True,True,False,True,False,False,1,,TARGET_BEFORE_STOP,True,False,True,False,False,2,,TARGET_BEFORE_STOP,2024-11-07,2024-11-11,2024-11-13,2024-11-20,2024-12-05
SHOP|2024-11-07T00:00:00|Long,SHOP,2024-11-07,Long,0.01835183680676633,0.019988299514590357,-0.003506756762782448,True,0.2731735158799309,0.3385154652414428,-0.003506756762782448,True,0.2750438099348893,0.35149034041099747,-0.003506756762782448,True,0.24465224498604776,0.35149034041099747,-0.003506756762782448,True,0.38363528374123024,0.41110458111459613,-0.003506756762782448,True,20,True,True,False,True,False,False,2,,TARGET_BEFORE_STOP,True,False,True,False,False,2,,TARGET_BEFORE_STOP,2024-11-08,2024-11-12,2024-11-14,2024-11-21,2024-12-06
SHOP|2024-11-08T00:00:00|Long,SHOP,2024-11-08,Long,0.03294300994842536,0.057851248354386486,0.01825064609462501,True,0.3210513396408947,0.3271349759124995,0.01825064609462501,True,0.24529378378636357,0.3271349759124995,0.01825064609462501,True,0.22773181488069927,0.3271349759124995,0.01825064609462501,True,0.3233470762264239,0.3856749014558465,0.01825064609462501,True,20,True,True,False,True,False,False,1,,TARGET_BEFORE_STOP,True,False,True,False,False,1,,TARGET_BEFORE_STOP,2024-11-11,2024-11-13,2024-11-15,2024-11-22,2024-12-09
SHOP|2024-11-11T00:00:00|Long,SHOP,2024-11-11,Long,0.21035671468547834,0.2724747733584827,0.17790868447921349,True,0.212134730752904,0.2848094842897122,0.17790868447921349,True,0.1765751724286444,0.2848094842897122,0.16957442491921904,True,0.2334704148791764,0.2848094842897122,0.13990448123295218,True,0.26069562886296915,0.34148243234157993,0.13990448123295218,True,20,True,True,False,True,False,False,1,,TARGET_BEFORE_STOP,True,False,True,False,False,1,,TARGET_BEFORE_STOP,2024-11-12,2024-11-14,2024-11-18,2024-11-25,2024-12-10
SHOP|2024-11-12T00:00:00|Long,SHOP,2024-11-12,Long,0.05664706456728963,0.06151308015305301,-0.025156058665365855,True,-0.003947854502428516,0.06151308015305301,-0.03369443840104358,True,-0.03975396533094355,0.06151308015305301,-0.05187294914488716,True,0.02901215309614602,0.06151308015305301,-0.05820782633558885,True,0.07757991846942525,0.10833642352302353,-0.05820782633558885,True,20,True,True,True,,,False,1,1,AMBIGUOUS,True,True,True,False,False,1,3,TARGET_BEFORE_STOP,2024-11-13,2024-11-15,2024-11-19,2024-11-26,2024-12-11
SHOP|2024-11-13T00:00:00|Long,SHOP,2024-11-13,Long,-0.052219955670094076,0.0017378102702299003,-0.0529150797781861,True,-0.08002432337762166,0.0017378102702299003,-0.08549827657480813,True,-0.09688065210940933,0.0017378102702299003,-0.1086974967842389,True,-0.022156534047292786,0.0017378102702299003,-0.1086974967842389,True,0.0019115581519111302,0.048918281883366,-0.1086974967842389,True,20,True,True,True,False,True,False,16,1,STOP_BEFORE_TARGET,False,True,False,True,False,,1,STOP_BEFORE_TARGET,2024-11-14,2024-11-18,2024-11-20,2024-11-27,2024-12-12
SHOP|2024-11-14T00:00:00|Long,SHOP,2024-11-14,Long,-0.005408910500377173,-0.002667770089164856,-0.035111860714731824,True,-0.04116249924636295,0.0002750163072360312,-0.05326370636651556,True,-0.023835702516287305,0.0002750163072360312,-0.05958929126227308,True,0.05977261215272711,0.06664829960606644,-0.05958929126227308,True,0.05088004518884426,0.10671066368037563,-0.05958929126227308,True,20,True,True,True,False,True,False,7,1,STOP_BEFORE_TARGET,True,True,False,True,False,10,1,STOP_BEFORE_TARGET,2024-11-15,2024-11-19,2024-11-21,2024-11-29,2024-12-13
SHOP|2024-11-15T00:00:00|Long,SHOP,2024-11-15,Long,-0.024057522921411945,0.005714837854090105,-0.02516357066360264,True,-0.04193930788049871,0.005714837854090105,-0.05447503133086984,True,-0.014102671300796676,0.005714837854090105,-0.05447503133086984,True,0.04138635433288651,0.07244908069978329,-0.05447503133086984,True,0.0686699670414932,0.11272931696699606,-0.05447503133086984,True,20,True,True,True,False,True,False,6,1,STOP_BEFORE_TARGET,True,True,False,True,False,9,2,STOP_BEFORE_TARGET,2024-11-18,2024-11-20,2024-11-22,2024-12-02,2024-12-16
SHOP|2024-11-18T00:00:00|Long,SHOP,2024-11-18,Long,-0.012183613042979213,-0.004722327285325401,-0.024650554193958563,True,0.00566685038798731,0.022006062443295615,-0.031167316848950466,True,0.04835665734225114,0.06205137764689672,-0.031167316848950466,True,0.05647906603757069,0.09888554488383439,-0.031167316848950466,True,0.12854175447111849,0.14015871129809732,-0.031167316848950466,True,20,True,True,True,False,True,False,5,1,STOP_BEFORE_TARGET,True,True,False,True,False,5,2,STOP_BEFORE_TARGET,2024-11-19,2024-11-21,2024-11-25,2024-12-03,2024-12-17
SHOP|2024-11-19T00:00:00|Long,SHOP,2024-11-19,Long,-0.006214685144308563,0.004589381142942939,-0.019217846612618716,True,0.02265993717912984,0.03461136698855194,-0.019217846612618716,True,0.07161301993898816,0.08901429882367706,-0.019217846612618716,True,0.08452054954401622,0.11243907207184867,-0.019217846612618716,True,0.048857450896576005,0.1542212969460537,-0.019217846612618716,True,20,True,True,False,True,False,False,2,,TARGET_BEFORE_STOP,True,False,True,False,False,4,,TARGET_BEFORE_STOP,2024-11-20,2024-11-22,2024-11-26,2024-12-04,2024-12-18
SHOP|2024-11-20T00:00:00|Long,SHOP,2024-11-20,Long,0.024437183527672213,0.04108135984962602,-0.006542238687738289,True,0.0679237771095269,0.08187410339568979,-0.006542238687738289,True,0.08274002570828443,0.095824503083761,-0.006542238687738289,True,0.09765243080695707,0.11939576429883858,-0.006542238687738289,True,0.030113499902815866,0.1614392763628827,-0.006542238687738289,True,20,True,True,False,True,False,False,1,,TARGET_BEFORE_STOP,True,False,True,False,False,3,,TARGET_BEFORE_STOP,2024-11-21,2024-11-25,2024-11-27,2024-12-05,2024-12-19
SHOP|2024-11-21T00:00:00|Long,SHOP,2024-11-21,Long,0.004507848538753967,0.009579231883072525,-0.01080016425266217,True,0.05259202007487951,0.06968442839048938,-0.01080016425266217,True,0.08564983874593057,0.09269341478232396,-0.01080016425266217,True,0.11166415303154853,0.13373401028205611,-0.01080016425266217,True,0.023196783559715772,0.13373401028205611,-0.018595072262501566,True,20,True,True,False,True,False,False,2,,TARGET_BEFORE_STOP,True,False,True,False,False,2,,TARGET_BEFORE_STOP,2024-11-22,2024-11-26,2024-11-29,2024-12-06,2024-12-20
SHOP|2024-11-22T00:00:00|Long,SHOP,2024-11-22,Long,0.037771138276999405,0.051327579569571125,0.015613296402764654,True,0.05216905271893113,0.06488409219156144,0.015613296402764654,True,0.056282762939317,0.08778982301816018,0.015613296402764654,True,0.07787959893750562,0.128646243960449,0.015613296402764654,True,0.021409881592452162,0.128646243960449,-0.022999243694176275,True,20,True,True,True,True,False,False,1,19,TARGET_BEFORE_STOP,True,False,True,False,False,1,,TARGET_BEFORE_STOP,2024-11-25,2024-11-27,2024-12-02,2024-12-09,2024-12-23
SHOP|2024-11-25T00:00:00|Long,SHOP,2024-11-25,Long,0.009729746225717983,0.026126139872783005,-0.0172972808013091,True,0.04144142769478454,0.04819818445154134,-0.0172972808013091,True,0.007747753246410527,0.04819818445154134,-0.0172972808013091,True,0.022072044578758554,0.08756757856489306,-0.0172972808013091,True,-0.007387384638055994,0.08756757856489306,-0.058558558558558516,True,20,True,True,True,True,False,False,3,17,TARGET_BEFORE_STOP,True,True,True,False,False,8,17,TARGET_BEFORE_STOP,2024-11-26,2024-11-29,2024-12-03,2024-12-10,2024-12-24
SHOP|2024-11-26T00:00:00|Long,SHOP,2024-11-26,Long,0.004104203042091692,0.004550272113705844,-0.010135631409307289,True,0.008029992069731984,0.03809775672115756,-0.010135631409307289,True,0.012044954069112546,0.03809775672115756,-0.010135631409307289,True,0.047198437090510525,0.0770877877274847,-0.010135631409307289,True,-0.018915084867482834,0.0770877877274847,-0.0676302793292286,True,20,True,True,True,True,False,False,2,15,TARGET_BEFORE_STOP,True,True,True,False,False,7,16,TARGET_BEFORE_STOP,2024-11-27,2024-12-02,2024-12-04,2024-12-11,2024-12-26
SHOP|2024-11-27T00:00:00|Long,SHOP,2024-11-27,Long,0.027190310411411733,0.033854607495992006,-8.887627642706342e-05,True,-0.006042298735062124,0.033854607495992006,-0.013328594169160324,True,0.013772839965824346,0.033854607495992006,-0.013328594169160324,True,0.024613440736912517,0.07268526958086396,-0.013328594169160324,True,-0.038741785808445006,0.07268526958086396,-0.07144127288182789,True,20,True,True,True,True,False,False,1,14,TARGET_BEFORE_STOP,True,True,True,False,False,6,15,TARGET_BEFORE_STOP,2024-11-29,2024-12-03,2024-12-05,2024-12-12,2024-12-27
SHOP|2024-11-29T00:00:00|Long,SHOP,2024-11-29,Long,-0.022664317921890165,0.003399634488638892,-0.03875428881205378,True,-0.018771610705783037,0.003399634488638892,-0.03944634618325349,True,0.023961974991557167,0.044290681783427654,-0.03944634618325349,True,-0.008391014130681662,0.044290681783427654,-0.03944634618325349,True,-0.0770760912657753,0.044290681783427654,-0.09602074931346993,True,20,True,True,True,False,True,False,5,1,STOP_BEFORE_TARGET,False,True,False,True,False,,1,STOP_BEFORE_TARGET,2024-12-02,2024-12-04,2024-12-06,2024-12-13,2024-12-30
SHOP|2024-12-02T00:00:00|Long,SHOP,2024-12-02,Long,-0.009913282999679529,0.007169388692924272,-0.01717120183894194,True,0.00982468532462577,0.024871636352463478,-0.01717120183894194,True,0.020446074437578732,0.06850767953437598,-0.01717120183894194,True,0.026199318432672092,0.06850767953437598,-0.01717120183894194,True,-0.058859986973710754,0.06850767953437598,-0.0750575597890808,True,20,True,True,True,True,False,False,4,12,TARGET_BEFORE_STOP,True,True,True,False,False,4,12,TARGET_BEFORE_STOP,2024-12-03,2024-12-05,2024-12-09,2024-12-16,2024-12-31
SHOP|2024-12-03T00:00:00|Long,SHOP,2024-12-03,Long,0.014035398589823833,0.03513320475355064,0.003933510093021786,True,0.05819776596378845,0.07920615556953292,0.003933510093021786,True,0.014214163500938515,0.07920615556953292,0.003933510093021786,True,0.06821023790260816,0.07920615556953292,0.003933510093021786,True,-0.038709116819493294,0.07920615556953292,-0.06579653647588546,True,20,True,True,True,True,False,False,1,11,TARGET_BEFORE_STOP,True,True,True,False,False,3,12,TARGET_BEFORE_STOP,2024-12-04,2024-12-06,2024-12-10,2024-12-17,2025-01-02
SHOP|2024-12-04T00:00:00|Long,SHOP,2024-12-04,Long,0.005818531525515036,0.017896489234199953,-0.004319825993575166,True,0.01639778370225997,0.0642687198793448,-0.004319825993575166,True,0.03473510033329763,0.0642687198793448,-0.006567951552302276,True,-0.03288374633605107,0.0642687198793448,-0.034558742470235604,True,-0.03685092386431965,0.0642687198793448,-0.07872697065282741,True,20,True,True,True,True,False,False,2,10,TARGET_BEFORE_STOP,True,True,True,False,False,2,10,TARGET_BEFORE_STOP,2024-12-05,2024-12-09,2024-12-11,2024-12-18,2025-01-03
SHOP|2024-12-05T00:00:00|Long,SHOP,2024-12-05,Long,0.03751430051777427,0.05811206149202586,0.020247219406922756,True,-0.005609601281369225,0.05811206149202586,-0.012314828857876492,True,0.010693323340023264,0.05811206149202586,-0.012314828857876492,True,-0.06153034331139673,0.05811206149202586,-0.07345076275223683,True,0.001314764928510126,0.05811206149202586,-0.0840564172645667,True,20,True,True,True,True,False,False,1,9,TARGET_BEFORE_STOP,True,True,True,False,False,1,9,TARGET_BEFORE_STOP,2024-12-06,2024-12-10,2024-12-12,2024-12-19,2025-01-06
SHOP|2024-12-06T00:00:00|Long,SHOP,2024-12-06,Long,-0.026020121311044142,0.004815406619906204,-0.03624229801457213,True,-0.008448086312381808,0.004815406619906204,-0.04802741451446357,True,-0.0315958892150322,0.004815406619906204,-0.04802741451446357,True,-0.07958102204751238,0.01460670978066192,-0.11717498035609808,True,-0.09791335387647293,0.01460670978066192,-0.11717498035609808,True,20,True,False,True,False,True,False,,1,STOP_BEFORE_TARGET,False,True,False,True,False,,1,STOP_BEFORE_TARGET,2024-12-09,2024-12-11,2024-12-13,2024-12-20,2025-01-07
SHOP|2024-12-09T00:00:00|Long,SHOP,2024-12-09,Long,-0.015959787949289095,0.011796344865571129,-0.022595223664212405,True,0.0001734464646336864,0.026281540074901688,-0.022595223664212405,True,0.005637969647993568,0.026281540074901688,-0.022595223664212405,True,-0.05238963368516958,0.04171218726447656,-0.09359008439451,True,-0.06635442332491648,0.04171218726447656,-0.09359008439451,True,20,True,True,True,False,True,False,6,1,STOP_BEFORE_TARGET,False,True,False,True,False,,7,STOP_BEFORE_TARGET,2024-12-10,2024-12-12,2024-12-16,2024-12-23,2025-01-08
SHOP|2024-12-10T00:00:00|Long,SHOP,2024-12-10,Long,0.03455271841151486,0.038871782994593485,0.006258322899656887,True,0.01040106070442759,0.04292642465917207,-8.809614019200662e-05,True,0.053239321974445586,0.0564125314943702,-8.809614019200662e-05,True,-0.028823241348858164,0.05860733586646716,-0.07888935380337936,True,-0.0858527820693824,0.05860733586646716,-0.12039662361791614,True,20,True,True,True,True,False,False,1,6,TARGET_BEFORE_STOP,True,True,True,False,False,5,6,TARGET_BEFORE_STOP,2024-12-11,2024-12-13,2024-12-17,2024-12-24,2025-01-10
SHOP|2024-12-11T00:00:00|Long,SHOP,2024-12-11,Long,-0.01755137718140909,0.008094035324284432,-0.018914553708381576,True,-0.012183694911069853,0.008094035324284432,-0.033483856293853864,True,-0.06534894452461115,0.023251224444015284,-0.06696771258770762,True,-0.0631337095399801,0.023251224444015284,-0.10965325419962835,True,-0.1329982128743381,0.023251224444015284,-0.1560875800129239,True,20,True,False,True,False,True,False,,2,STOP_BEFORE_TARGET,False,True,False,True,False,,2,STOP_BEFORE_TARGET,2024-12-12,2024-12-16,2024-12-18,2024-12-26,2025-01-13
SHOP|2024-12-12T00:00:00|Long,SHOP,2024-12-12,Long,-0.005897149593037221,0.010320028328866915,-0.016217111757697134,True,0.03625011181750959,0.03937213608230605,-0.016217111757697134,True,-0.0714595268253514,0.041531537301527255,-0.08325382601142572,True,-0.06183329636959645,0.041531537301527255,-0.09374727072646716,True,-0.11881013995582346,0.041531537301527255,-0.14101114258174852,True,20,True,True,True,True,False,False,3,4,TARGET_BEFORE_STOP,False,True,False,True,False,,4,STOP_BEFORE_TARGET,2024-12-13,2024-12-17,2024-12-19,2024-12-27,2025-01-14
SHOP|2024-12-13T00:00:00|Long,SHOP,2024-12-13,Long,0.011428118462675885,0.020675240367864278,0.000523468458745846,True,-0.04300794227776872,0.04771004013835012,-0.04466540381980888,True,-0.04955073228012674,0.04771004013835012,-0.08837125967143755,True,-0.06926629156640729,0.04771004013835012,-0.08837125967143755,True,-0.09063944550813141,0.04771004013835012,-0.1359155070658924,True,20,True,True,True,True,False,False,2,3,TARGET_BEFORE_STOP,False,True,False,True,False,,3,STOP_BEFORE_TARGET,2024-12-16,2024-12-18,2024-12-20,2024-12-30,2025-01-15
SHOP|2024-12-16T00:00:00|Long,SHOP,2024-12-16,Long,0.03061924570992991,0.033724305247370356,-0.008538946630300415,True,-0.07650511091773304,0.035871972524178064,-0.08823532121369093,True,-0.05770227963197816,0.035871972524178064,-0.09867174573493565,True,-0.08288770405372614,0.035871972524178064,-0.09867174573493565,True,-0.10729689649345298,0.035871972524178064,-0.145678791046984,True,20,True,True,True,True,False,False,1,2,TARGET_BEFORE_STOP,False,True,False,True,False,,2,STOP_BEFORE_TARGET,2024-12-17,2024-12-19,2024-12-23,2024-12-31,2025-01-16
SHOP|2024-12-17T00:00:00|Long,SHOP,2024-12-17,Long,-0.08193155151520648,0.005096670604700204,-0.08352159934689474,True,-0.08820822749987822,0.005096670604700204,-0.12544981280240386,True,-0.07791445079117054,0.005096670604700204,-0.12544981280240386,True,-0.10009205204027405,0.005096670604700204,-0.12544981280240386,True,-0.13507406208216388,0.005096670604700204,-0.1710602994178253,True,20,True,False,True,False,True,False,,1,STOP_BEFORE_TARGET,False,True,False,True,False,,1,STOP_BEFORE_TARGET,2024-12-18,2024-12-20,2024-12-24,2025-01-02,2025-01-17
SHOP|2024-12-18T00:00:00|Long,SHOP,2024-12-18,Long,-0.02397445147294608,0.015861490807379086,-0.036371904965977864,True,-0.004102068922157809,0.015861490807379086,-0.04740197896902043,True,0.0023701198127938916,0.015861490807379086,-0.04740197896902043,True,-0.004102068922157809,0.015861490807379086,-0.04740197896902043,True,-0.031175918542266756,0.051686471796485334,-0.09708290057208635,True,20,True,True,True,False,True,False,11,1,STOP_BEFORE_TARGET,True,True,False,True,False,12,1,STOP_BEFORE_TARGET,2024-12-19,2024-12-23,2024-12-26,2025-01-03,2025-01-21
SHOP|2024-12-19T00:00:00|Long,SHOP,2024-12-19,Long,0.01755858091693674,0.026991682057398325,-0.024002985917150887,True,0.029046424014344208,0.03072757004674198,-0.024002985917150887,True,0.010367055323763363,0.03315590792823575,-0.024002985917150887,True,0.06696551965425956,0.06743253237397862,-0.024002985917150887,True,-0.006537750539248655,0.07751940856836526,-0.07490423709652905,True,20,True,True,True,False,True,False,3,1,STOP_BEFORE_TARGET,True,True,True,False,False,10,13,TARGET_BEFORE_STOP,2024-12-20,2024-12-24,2024-12-27,2025-01-06,2025-01-22
SHOP|2024-12-20T00:00:00|Long,SHOP,2024-12-20,Long,0.002753584765131656,0.010408469181376834,-0.013584174107339808,True,0.009270327347602247,0.015328185820263851,-0.013584174107339808,True,-0.02074341046479855,0.015328185820263851,-0.0404772478773896,True,-0.01991737705120078,0.058926167766574,-0.0404772478773896,True,-0.026158775162472114,0.058926167766574,-0.0908673168773696,True,20,True,True,True,False,True,False,9,4,STOP_BEFORE_TARGET,True,True,False,True,False,10,5,STOP_BEFORE_TARGET,2024-12-23,2024-12-26,2024-12-30,2025-01-07,2025-01-23
SHOP|2024-12-23T00:00:00|Long,SHOP,2024-12-23,Long,0.008512588605728011,0.01016018865310353,-0.006773435823977381,True,-0.009794047549878448,0.012540070906929435,-0.024988589079483647,True,-0.02672767202695936,0.012540070906929435,-0.04311211976634011,True,-0.014736847692005117,0.05601833177649462,-0.04311211976634011,True,-0.014370706588780036,0.05601833177649462,-0.09336381645988268,True,20,True,True,True,False,True,False,8,3,STOP_BEFORE_TARGET,True,True,False,True,False,9,4,STOP_BEFORE_TARGET,2024-12-24,2024-12-27,2024-12-31,2025-01-08,2025-01-24
SHOP|2024-12-24T00:00:00|Long,SHOP,2024-12-24,Long,-0.0019967436929911875,0.003993487385982375,-0.011726264415646726,True,-0.031675420712497404,0.003993487385982375,-0.0511889578328808,True,-0.02405156578815526,0.003993487385982375,-0.0511889578328808,True,-0.05872210204013939,0.04710475972981509,-0.09429115910500518,True,-0.025412988237451306,0.04710475972981509,-0.10101649321646566,True,20,True,True,True,False,True,False,7,2,STOP_BEFORE_TARGET,False,True,False,True,False,,2,STOP_BEFORE_TARGET,2024-12-26,2024-12-30,2025-01-02,2025-01-10,2025-01-27
SHOP|2024-12-26T00:00:00|Long,SHOP,2024-12-26,Long,-0.016187693653302526,-0.0014550385053380133,-0.03128412577344242,True,-0.033011979662071145,-0.0014550385053380133,-0.049290634904258224,True,-0.006456885143544144,-0.0014550385053380133,-0.049290634904258224,True,-0.07457254471185337,0.049199742698736726,-0.09921786216398243,True,0.06811565956830923,0.07257187543993382,-0.09921786216398243,True,20,True,True,True,False,True,False,6,1,STOP_BEFORE_TARGET,True,True,False,True,False,20,1,STOP_BEFORE_TARGET,2024-12-27,2024-12-31,2025-01-03,2025-01-13,2025-01-28
SHOP|2024-12-27T00:00:00|Long,SHOP,2024-12-27,Long,-0.013773320942561007,-0.009151394536668023,-0.03364761859290066,True,-0.006008518432660814,0.0012941337516501061,-0.03364761859290066,True,0.0560177254714227,0.05647994632201203,-0.03364761859290066,True,-0.060732110152433405,0.06646332428474078,-0.08439635078260532,True,0.07774076547411957,0.09447218702045213,-0.08439635078260532,True,20,True,True,True,False,True,False,5,1,STOP_BEFORE_TARGET,True,True,False,True,False,5,1,STOP_BEFORE_TARGET,2024-12-30,2025-01-02,2025-01-06,2025-01-14,2025-01-29
SHOP|2024-12-30T00:00:00|Long,SHOP,2024-12-30,Long,-0.0033742675237942166,0.005811182894367217,-0.011528759291285162,True,0.023994727715932918,0.028118848358332338,-0.01668383858435507,True,0.0008435311259840095,0.08135720411050507,-0.01668383858435507,True,-0.022963769065262207,0.08135720411050507,-0.07160932809842513,True,0.11706811864240985,0.12316055008870097,-0.07160932809842513,True,20,True,True,True,True,False,False,4,7,TARGET_BEFORE_STOP,True,True,True,False,False,4,7,TARGET_BEFORE_STOP,2024-12-31,2025-01-03,2025-01-07,2025-01-15,2025-01-30
SHOP|2024-12-31T00:00:00|Long,SHOP,2024-12-31,Long,0.011285591343719092,0.018715299816616238,-0.013354633165543528,True,0.0743910081491661,0.07486127101850437,-0.013354633165543528,True,0.012320112254631255,0.08501834627907545,-0.013354633165543528,True,-0.026615271158851428,0.08501834627907545,-0.06846608345651961,True,0.0984670463688948,0.14737137119439736,-0.06846608345651961,True,20,True,True,True,True,False,False,2,6,TARGET_BEFORE_STOP,True,True,True,False,False,3,6,TARGET_BEFORE_STOP,2025-01-02,2025-01-06,2025-01-08,2025-01-16,2025-01-31
SHOP|2025-01-02T00:00:00|Long,SHOP,2025-01-02,Long,0.015995547663246956,0.020087451749559948,9.301717050136382e-05,True,-0.006974797810045175,0.07290992333568802,-0.013484580718895689,True,-0.03552496734111088,0.07290992333568802,-0.0719705989113798,True,-0.03887287596603761,0.07290992333568802,-0.07886167417284251,True,0.06379615631198488,0.13456711043401492,-0.07886167417284251,True,20,True,True,True,True,False,False,2,4,TARGET_BEFORE_STOP,True,True,True,False,False,2,5,TARGET_BEFORE_STOP,2025-01-03,2025-01-07,2025-01-10,2025-01-17,2025-02-03
SHOP|2025-01-03T00:00:00|Long,SHOP,2025-01-03,Long,0.04567503765464109,0.046132731492241064,0.020594965675057253,True,-0.014736847692005117,0.05601833177649462,-0.03871856619618852,True,-0.06855833284914903,0.05601833177649462,-0.09336381645988268,True,-0.027185365864559552,0.05601833177649462,-0.09336381645988268,True,0.091075486940432,0.1167048054919908,-0.09336381645988268,True,20,True,True,True,True,False,False,1,2,TARGET_BEFORE_STOP,True,True,True,False,False,2,3,TARGET_BEFORE_STOP,2025-01-06,2025-01-08,2025-01-13,2025-01-21,2025-02-04
SHOP|2025-01-06T00:00:00|Long,SHOP,2025-01-06,Long,-0.0653011136552073,0.009891499509305124,-0.07142853803661298,True,-0.09217436078608676,0.009891499509305124,-0.1264793221966699,True,-0.11055670071422063,0.009891499509305124,-0.13296564334783767,True,-0.06889001456891153,0.009891499509305124,-0.13296564334783767,True,0.06556377480062503,0.0679271908380481,-0.13296564334783767,True,20,True,True,True,False,True,False,14,1,STOP_BEFORE_TARGET,True,True,False,True,False,17,1,STOP_BEFORE_TARGET,2025-01-07,2025-01-10,2025-01-14,2025-01-22,2025-02-05
SHOP|2025-01-07T00:00:00|Long,SHOP,2025-01-07,Long,0.008053948493941254,0.011706312177279798,-0.01648250755151448,True,-0.04701251826610542,0.011706312177279798,-0.07239179449248878,True,-0.02378723491819157,0.011706312177279798,-0.07239179449248878,True,-0.006368236682426587,0.011706312177279798,-0.07239179449248878,True,0.11050761553338462,0.15012173592948996,-0.07239179449248878,True,20,True,True,True,False,True,False,13,2,STOP_BEFORE_TARGET,True,True,False,True,False,13,2,STOP_BEFORE_TARGET,2025-01-08,2025-01-13,2025-01-15,2025-01-23,2025-02-06
SHOP|2025-01-08T00:00:00|Long,SHOP,2025-01-08,Long,-0.0365105939005953,-0.0292177318924145,-0.07291898056432289,True,-0.056020055866674134,-0.0292177318924145,-0.07980301362503273,True,-0.038461533009322646,-0.01876622681642881,-0.07980301362503273,True,0.00037161757482495617,0.016257896784866555,-0.07980301362503273,True,0.09076555488535698,0.14093272254704403,-0.07980301362503273,True,20,True,True,True,False,True,False,12,1,STOP_BEFORE_TARGET,True,True,False,True,False,12,1,STOP_BEFORE_TARGET,2025-01-10,2025-01-14,2025-01-16,2025-01-24,2025-02-07
SHOP|2025-01-10T00:00:00|Long,SHOP,2025-01-10,Long,-0.018802400592578317,-0.015138363790220821,-0.044932948354567404,True,0.0051103922859472295,0.01079937090414762,-0.044932948354567404,True,-0.00347122373473685,0.020152386324705507,-0.044932948354567404,True,0.03538711986638887,0.05476810679122046,-0.044932948354567404,True,0.1561084040529146,0.1899527986842513,-0.044932948354567404,True,20,True,True,True,False,True,False,6,1,STOP_BEFORE_TARGET,True,True,False,True,False,9,1,STOP_BEFORE_TARGET,2025-01-13,2025-01-15,2025-01-17,2025-01-27,2025-02-10
SHOP|2025-01-13T00:00:00|Long,SHOP,2025-01-13,Long,-0.0014740715677078464,0.01572325511529682,-0.00992533524987882,True,0.017099035251985528,0.03793239513875024,-0.00992533524987882,True,0.044418205072512595,0.04982310916264332,-0.00992533524987882,True,0.15418626653532153,0.1590015719881268,-0.00992533524987882,True,0.214524309585169,0.2377161389956295,-0.00992533524987882,True,20,True,True,False,True,False,False,2,,TARGET_BEFORE_STOP,True,False,True,False,False,6,,TARGET_BEFORE_STOP,2025-01-14,2025-01-16,2025-01-21,2025-01-28,2025-02-11
SHOP|2025-01-14T00:00:00|Long,SHOP,2025-01-14,Long,0.025883252018699787,0.03168980613484118,0.0120165403410335,True,0.017124277662805776,0.04123612258869902,0.0120165403410335,True,0.04684580363781188,0.0608207879938365,0.0120165403410335,True,0.1474263914728584,0.16523964978518912,0.0089557723378475,True,0.18580845527024392,0.23954331455255384,0.0089557723378475,True,20,True,True,False,True,False,False,1,,TARGET_BEFORE_STOP,True,False,True,False,False,4,,TARGET_BEFORE_STOP,2025-01-15,2025-01-17,2025-01-22,2025-01-29,2025-02-12
SHOP|2025-01-15T00:00:00|Long,SHOP,2025-01-15,Long,-0.0070989819544761135,0.013238727082631074,-0.010600496452265573,True,0.01957023174725503,0.024846546626660748,-0.011511866585132258,True,0.017843444440418965,0.03405605453289895,-0.011511866585132258,True,0.14332312689540938,0.1495587517917989,-0.016500395778508925,True,0.22457793689427863,0.22793555854905367,-0.016500395778508925,True,20,True,True,False,True,False,False,4,,TARGET_BEFORE_STOP,True,False,True,False,False,8,,TARGET_BEFORE_STOP,2025-01-16,2025-01-21,2025-01-23,2025-01-30,2025-02-13
SHOP|2025-01-16T00:00:00|Long,SHOP,2025-01-16,Long,-0.0014492901051101903,0.022222251707805007,-0.004444435598769614,True,0.02772949513605827,0.04144928420799365,-0.004444435598769614,True,0.040386476378510006,0.05690820666327001,-0.004444435598769614,True,0.12850244494452,0.1787439613526569,-0.0094686314679574,True,0.24009667732865347,0.24222229298762077,-0.0094686314679574,True,20,True,True,False,True,False,False,2,,TARGET_BEFORE_STOP,True,False,True,False,False,5,,TARGET_BEFORE_STOP,2025-01-17,2025-01-22,2025-01-24,2025-01-31,2025-02-14
SHOP|2025-01-17T00:00:00|Long,SHOP,2025-01-17,Long,0.028350269457521726,0.03367202136732472,0.0043541807864602156,True,0.02660861190712649,0.04296083702911746,0.0043541807864602156,True,0.03899369945618325,0.05844219646543847,-0.008030980583541236,True,0.10682149084203196,0.18045478278888294,-0.008030980583541236,True,0.25118528754476044,0.25186266853413963,-0.008030980583541236,True,20,True,True,False,True,False,False,1,,TARGET_BEFORE_STOP,True,False,True,False,False,4,,TARGET_BEFORE_STOP,2025-01-21,2025-01-23,2025-01-27,2025-02-03,2025-02-18
SHOP|2025-01-21T00:00:00|Long,SHOP,2025-01-21,Long,0.0008468570598316738,0.014207773368215548,-0.004986815820326451,True,0.013172765731642277,0.029262332010464576,-0.011667273974518388,True,0.10509972052353089,0.10971023519037448,-0.03537826664863408,True,0.12156565974163436,0.1479111912049189,-0.03537826664863408,True,0.20116677764751056,0.21735045510760265,-0.03537826664863408,True,20,True,True,True,False,True,False,5,4,STOP_BEFORE_TARGET,True,True,False,True,False,5,4,STOP_BEFORE_TARGET,2025-01-22,2025-01-24,2025-01-28,2025-02-04,2025-02-19
SHOP|2025-01-22T00:00:00|Long,SHOP,2025-01-22,Long,-0.0025383497742704764,0.0010246641671440848,-0.012503542321262384,True,0.009495106522110053,0.02839143146645684,-0.0361944721641867,True,0.09607965899612614,0.11309578329105974,-0.0361944721641867,True,0.14440161900668103,0.1469398970558944,-0.0361944721641867,True,0.16075959417675745,0.21632040558511534,-0.0361944721641867,True,20,True,True,True,False,True,False,4,3,STOP_BEFORE_TARGET,True,True,False,True,False,4,3,STOP_BEFORE_TARGET,2025-01-23,2025-01-27,2025-01-29,2025-02-05,2025-02-20
SHOP|2025-01-23T00:00:00|Long,SHOP,2025-01-23,Long,0.014891629159071718,0.031008491638478297,0.0005655531465715846,True,0.10697453946608193,0.11159287594309486,-0.033741770806225646,True,0.123279943630207,0.12940625404704864,-0.033741770806225646,True,0.11762491551757748,0.1574929248330612,-0.033741770806225646,True,0.08916116136212815,0.21941570917524222,-0.033741770806225646,True,20,True,True,True,True,False,False,1,2,TARGET_BEFORE_STOP,True,True,False,True,False,3,2,STOP_BEFORE_TARGET,2025-01-24,2025-01-28,2025-01-30,2025-02-06,2025-02-21
SHOP|2025-01-24T00:00:00|Long,SHOP,2025-01-24,Long,-0.002786061022544306,0.006593602177381586,-0.04791979613192254,True,0.08274513379887671,0.09955424582393735,-0.04791979613192254,True,0.08469541902614264,0.13298662383209447,-0.04791979613192254,True,0.09036035781350105,0.14050888939949902,-0.04791979613192254,True,0.07243687806140264,0.20152307314391482,-0.04791979613192254,True,20,True,True,True,False,True,False,2,1,STOP_BEFORE_TARGET,True,True,False,True,False,2,1,STOP_BEFORE_TARGET,2025-01-27,2025-01-29,2025-01-31,2025-02-07,2025-02-24
SHOP|2025-01-27T00:00:00|Long,SHOP,2025-01-27,Long,0.09377910181035776,0.09834238646017623,0.015086634270988108,True,0.10989014112106621,0.11594342425111615,0.015086634270988108,True,0.06528219701558369,0.13615201267028043,0.015086634270988108,True,0.11659531190817218,0.1492829839701002,0.015086634270988108,True,0.033246412610711706,0.20487994218768946,-0.0035388085596721464,True,20,True,True,False,True,False,False,1,,TARGET_BEFORE_STOP,True,False,True,False,False,1,,TARGET_BEFORE_STOP,2025-01-28,2025-01-30,2025-02-03,2025-02-10,2025-02-25
SHOP|2025-01-28T00:00:00|Long,SHOP,2025-01-28,Long,-0.007322270180479817,0.008088587503798372,-0.022818223710612817,True,-0.00553421807895671,0.03873991630466289,-0.022818223710612817,True,0.014899957815845521,0.03873991630466289,-0.05874835313554805,True,0.05227756108290249,0.07237122367696425,-0.05874835313554805,True,-0.03593012942493523,0.10157520855302904,-0.08897400783115628,True,20,True,True,True,False,True,False,3,1,STOP_BEFORE_TARGET,True,True,False,True,False,9,4,STOP_BEFORE_TARGET,2025-01-29,2025-01-31,2025-02-04,2025-02-11,2025-02-26
SHOP|2025-01-29T00:00:00|Long,SHOP,2025-01-29,Long,0.022214632889935526,0.0277897383560608,-0.006775823920976198,True,-0.01886951726000874,0.04640195413018611,-0.05180541620936541,True,0.044086175319421494,0.04640195413018611,-0.05180541620936541,True,0.03345056735893759,0.08028133548632477,-0.05180541620936541,True,-0.04940384842403489,0.10970073717006579,-0.08225402383664004,True,20,True,True,True,True,False,False,2,3,TARGET_BEFORE_STOP,True,True,False,True,False,6,3,STOP_BEFORE_TARGET,2025-01-30,2025-02-03,2025-02-05,2025-02-12,2025-02-27
SHOP|2025-01-30T00:00:00|Long,SHOP,2025-01-30,Long,-0.019969770492730965,0.023661685581500613,-0.02215136250116112,True,0.00016778522415838992,0.023661685581500613,-0.072411455204898,True,-0.0050343889292223665,0.030458107435164417,-0.072411455204898,True,0.0710689813644454,0.07400570290518105,-0.072411455204898,True,-0.060245009957966666,0.08558486785969355,-0.10219835772770025,True,20,True,True,True,False,True,False,5,1,STOP_BEFORE_TARGET,True,True,False,True,False,8,2,STOP_BEFORE_TARGET,2025-01-31,2025-02-04,2025-02-06,2025-02-13,2025-02-28
SHOP|2025-01-31T00:00:00|Long,SHOP,2025-01-31,Long,-0.02063359245839591,-0.00864727833768042,-0.05351027257448293,True,0.04220890561955848,0.04375000408250984,-0.05351027257448293,True,0.005222607828882175,0.051455431077109814,-0.05351027257448293,True,0.09888700984570731,0.10077058189155408,-0.05351027257448293,True,-0.08750000816501957,0.1077054923147569,-0.10265415393740107,True,20,True,True,True,False,True,False,2,1,STOP_BEFORE_TARGET,True,True,False,True,False,4,1,STOP_BEFORE_TARGET,2025-02-03,2025-02-05,2025-02-07,2025-02-14,2025-03-03
SHOP|2025-02-03T00:00:00|Long,SHOP,2025-02-03,Long,0.0420491090502535,0.053238954452134335,0.015211101259320348,True,0.03662909750645049,0.0736078172381498,0.015211101259320348,True,0.04816856513358014,0.07885308436567051,0.015211101259320348,True,0.13043096641799168,0.13104297205303217,0.0027100057719013915,True,-0.11067397587433236,0.13104297205303217,-0.14459306760888146,True,20,True,True,True,True,False,False,1,14,TARGET_BEFORE_STOP,True,True,True,False,False,1,14,TARGET_BEFORE_STOP,2025-02-04,2025-02-06,2025-02-10,2025-02-18,2025-03-04
SHOP|2025-02-04T00:00:00|Long,SHOP,2025-02-04,Long,0.021224886522354103,0.022734956235308523,-0.005452969069844937,True,-0.015016722583558795,0.03028524079509043,-0.022483224612324992,True,0.03682885488289589,0.05662751822830092,-0.03775167881886732,True,0.07097321250386113,0.08540275331542646,-0.03775167881886732,True,-0.10947983017172158,0.08540275331542646,-0.17911073003962807,True,20,True,True,True,True,False,False,2,3,TARGET_BEFORE_STOP,True,True,,,False,5,5,AMBIGUOUS,2025-02-05,2025-02-07,2025-02-11,2025-02-19,2025-03-05
SHOP|2025-02-05T00:00:00|Long,SHOP,2025-02-05,Long,-0.025876952591897595,0.008872046101020992,-0.039924426816133396,True,-0.015033284979782735,0.013801037204030253,-0.04279969251779725,True,-0.01018652311647561,0.03466683212794175,-0.057750810932603036,True,0.014293911244441126,0.0628440098161156,-0.057750810932603036,True,-0.15805475201334718,0.0628440098161156,-0.1961718904483405,True,20,True,True,True,False,True,False,4,1,STOP_BEFORE_TARGET,True,True,False,True,False,6,1,STOP_BEFORE_TARGET,2025-02-06,2025-02-10,2025-02-12,2025-02-20,2025-03-06
SHOP|2025-02-06T00:00:00|Long,SHOP,2025-02-06,Long,-0.009866741026132275,0.009107790642417068,-0.017372281634159936,True,0.042249910857429906,0.06215209144361289,-0.032720566899134385,True,0.07648844286363388,0.07944002381081372,-0.032720566899134385,True,-0.025468074091984372,0.09107777774489301,-0.032720566899134385,True,-0.15559119828588908,0.09107777774489301,-0.19581717711377267,True,20,True,True,True,True,False,False,2,3,TARGET_BEFORE_STOP,True,True,,,False,3,3,AMBIGUOUS,2025-02-07,2025-02-11,2025-02-13,2025-02-21,2025-03-07
SHOP|2025-02-07T00:00:00|Long,SHOP,2025-02-07,Long,0.02120771472706373,0.05110297089562499,0.014734653552330723,True,0.026232809007688873,0.07273650472501303,-0.02308156570428388,True,0.09317777106020841,0.09505155705664059,-0.02308156570428388,True,-0.01643812490399088,0.10195043733369791,-0.06473048178575525,True,-0.21003324157179692,0.10195043733369791,-0.2190614123028385,True,20,True,True,True,True,False,False,1,2,TARGET_BEFORE_STOP,True,True,True,False,False,1,10,TARGET_BEFORE_STOP,2025-02-10,2025-02-12,2025-02-14,2025-02-24,2025-03-10
SHOP|2025-02-10T00:00:00|Long,SHOP,2025-02-10,Long,0.030775602711024863,0.05045867677539162,-0.043369512188991655,True,0.06463719684213065,0.06755628332809338,-0.043369512188991655,True,0.07848203430325906,0.07906591523176476,-0.043369512188991655,True,-0.07464557517711934,0.07906591523176476,-0.10758966940542203,True,-0.22477067752013247,0.07906591523176476,-0.23978314957564595,True,20,True,True,True,,,False,1,1,AMBIGUOUS,True,True,,,False,1,1,AMBIGUOUS,2025-02-11,2025-02-13,2025-02-18,2025-02-25,2025-03-11
SHOP|2025-02-11T00:00:00|Long,SHOP,2025-02-11,Long,-0.025082923909519383,-0.008900384389637361,-0.05574884370747468,True,0.038514523073625684,0.04029461229785092,-0.05574884370747468,True,0.03293152718518977,0.046848521049326575,-0.05574884370747468,True,-0.08382549792001925,0.046848521049326575,-0.13423413568630727,True,-0.2189497399499284,0.046848521049326575,-0.2624807490350751,True,20,True,True,True,False,True,False,2,1,STOP_BEFORE_TARGET,False,True,False,True,False,,1,STOP_BEFORE_TARGET,2025-02-12,2025-02-14,2025-02-19,2025-02-26,2025-03-12
SHOP|2025-02-12T00:00:00|Long,SHOP,2025-02-12,Long,0.05942405003778606,0.062328842803379914,-0.0032367781273379137,True,0.07320109429163102,0.07378211616448316,-0.0032367781273379137,True,0.024732371232198735,0.07378211616448316,-0.0032367781273379137,True,-0.0801725969290562,0.07378211616448316,-0.11195948296904967,True,-0.24815339078754872,0.07378211616448316,-0.2605195447437815,True,20,True,True,True,True,False,False,1,6,TARGET_BEFORE_STOP,True,True,True,False,False,1,6,TARGET_BEFORE_STOP,2025-02-13,2025-02-18,2025-02-20,2025-02-27,2025-03-13
SHOP|2025-02-13T00:00:00|Long,SHOP,2025-02-13,Long,0.005483780409472283,0.007207252544790155,-0.02953391482487866,True,7.835594289784531e-05,0.013552709253848771,-0.02953391482487866,True,-0.09471213335500128,0.013552709253848771,-0.09674890972576555,True,-0.12260087221938754,0.013552709253848771,-0.16177047613816486,True,-0.25695262561440835,0.013552709253848771,-0.3019976701210022,True,20,True,False,True,False,True,False,,1,STOP_BEFORE_TARGET,False,True,False,True,False,,4,STOP_BEFORE_TARGET,2025-02-14,2025-02-19,2025-02-21,2025-02-28,2025-03-14
SHOP|2025-02-14T00:00:00|Long,SHOP,2025-02-14,Long,0.007479481179797354,0.008024921934683515,-0.03241140213701499,True,-0.03802107246396802,0.008024921934683515,-0.058823550391331136,True,-0.10027270848902214,0.008024921934683515,-0.14444883259272434,True,-0.16961436102233762,0.008024921934683515,-0.18340481048311452,True,-0.24744844764565277,0.008024921934683515,-0.30580448588166786,True,20,True,False,True,False,True,False,,1,STOP_BEFORE_TARGET,False,True,False,True,False,,1,STOP_BEFORE_TARGET,2025-02-18,2025-02-20,2025-02-24,2025-03-03,2025-03-17
SHOP|2025-02-18T00:00:00|Long,SHOP,2025-02-18,Long,-0.012759987067022527,-0.0020106295858378642,-0.03797073795852479,True,-0.10633361889725124,-0.0020106295858378642,-0.10834424848308921,True,-0.14198438602577623,-0.0020106295858378642,-0.1725311111268446,True,-0.21328586128201676,-0.0020106295858378642,-0.24329131295681372,True,-0.2729873643866394,-0.0020106295858378642,-0.31095816134597365,True,20,True,False,True,False,True,False,,1,STOP_BEFORE_TARGET,False,True,False,True,False,,1,STOP_BEFORE_TARGET,2025-02-19,2025-02-21,2025-02-25,2025-03-04,2025-03-18
SHOP|2025-02-19T00:00:00|Long,SHOP,2025-02-19,Long,-0.03282157544422726,-0.005561700560078542,-0.05373649078460485,True,-0.09540968162129948,-0.005561700560078542,-0.1398245777178656,True,-0.11303462236589867,-0.005561700560078542,-0.16183615125683604,True,-0.16849445025211784,-0.005561700560078542,-0.23351092223755088,True,-0.2046060002921235,-0.005561700560078542,-0.3020523584665479,True,20,True,False,True,False,True,False,,1,STOP_BEFORE_TARGET,False,True,False,True,False,,1,STOP_BEFORE_TARGET,2025-02-20,2025-02-24,2025-02-26,2025-03-05,2025-03-19
SHOP|2025-02-20T00:00:00|Long,SHOP,2025-02-20,Long,-0.06406417416300347,0.016441230738049928,-0.06616990433442538,True,-0.10140118367765605,0.016441230738049928,-0.13339273554604514,True,-0.10237304012862514,0.016441230738049928,-0.13339273554604514,True,-0.1699198440877291,0.016441230738049928,-0.20749981771512394,True,-0.17510328446450885,0.016441230738049928,-0.2783672342008445,True,20,True,False,True,False,True,False,,1,STOP_BEFORE_TARGET,False,True,False,True,False,,1,STOP_BEFORE_TARGET,2025-02-21,2025-02-25,2025-02-27,2025-03-06,2025-03-20
SHOP|2025-02-21T00:00:00|Long,SHOP,2025-02-21,Long,-0.0006922309047263653,0.012720675421940664,-0.049757702678078664,True,-0.020162636300496195,0.012720675421940664,-0.074074054512276,True,-0.03080648696612065,0.012720675421940664,-0.074074054512276,True,-0.13352371608827807,0.012720675421940664,-0.17480094647804012,True,-0.0982173651255589,0.012720675421940664,-0.22897195953172578,True,20,True,False,True,False,True,False,,1,STOP_BEFORE_TARGET,False,True,False,True,False,,1,STOP_BEFORE_TARGET,2025-02-24,2025-02-26,2025-02-28,2025-03-07,2025-03-21
SHOP|2025-02-24T00:00:00|Long,SHOP,2025-02-24,Long,-0.039227626229709656,-0.00415659285573422,-0.07343265596142223,True,-0.04026672489354166,0.0009524850862452361,-0.07343265596142223,True,-0.07706963341843842,0.0009524850862452361,-0.09239699937798107,True,-0.19683064336842915,0.0009524850862452361,-0.20600970058855606,True,-0.05368898854698956,0.0009524850862452361,-0.22843786037375968,True,20,True,False,True,False,True,False,,1,STOP_BEFORE_TARGET,False,True,False,True,False,,1,STOP_BEFORE_TARGET,2025-02-25,2025-02-27,2025-03-03,2025-03-10,2025-03-24
SHOP|2025-02-25T00:00:00|Long,SHOP,2025-02-25,Long,0.020549855533164463,0.03470037142327853,-0.0009914431129085521,True,0.009463750163487106,0.04182063557706073,-0.030373999187756517,True,-0.08310044024255081,0.04182063557706073,-0.1180711927394843,True,-0.16223524556198898,0.04182063557706073,-0.17845872885963132,True,-0.01018474343847986,0.04182063557706073,-0.19693554822100667,True,20,True,True,True,True,False,False,1,3,TARGET_BEFORE_STOP,False,True,False,True,False,,3,STOP_BEFORE_TARGET,2025-02-26,2025-02-28,2025-03-04,2025-03-11,2025-03-25
SHOP|2025-02-26T00:00:00|Long,SHOP,2025-02-26,Long,-0.021195809014624922,0.020842470290472814,-0.02720128711244174,True,-0.05873003028107471,0.020842470290472814,-0.07436196722345367,True,-0.06252761301027676,0.020842470290472814,-0.13582976620013243,True,-0.1474874510512333,0.020842470290472814,-0.19500133512715845,True,-0.07904269462417768,0.020842470290472814,-0.21310610410164676,True,20,True,False,True,False,True,False,,1,STOP_BEFORE_TARGET,False,True,False,True,False,,2,STOP_BEFORE_TARGET,2025-02-27,2025-03-03,2025-03-05,2025-03-12,2025-03-26
SHOP|2025-02-27T00:00:00|Long,SHOP,2025-02-27,Long,0.010556691776734128,0.011368713218615989,-0.02932418971673556,True,-0.08210771743911727,0.03951094225740026,-0.11711633260387244,True,-0.07525041802307608,0.03951094225740026,-0.11711633260387244,True,-0.18262208029209637,0.03951094225740026,-0.19606607414892985,True,-0.07497974420911546,0.03951094225740026,-0.19606607414892985,True,20,True,True,True,False,True,False,2,1,STOP_BEFORE_TARGET,False,True,False,True,False,,2,STOP_BEFORE_TARGET,2025-02-28,2025-03-04,2025-03-06,2025-03-13,2025-03-27
SHOP|2025-02-28T00:00:00|Long,SHOP,2025-02-28,Long,-0.048392840794154623,0.028651782444545137,-0.06419645036969868,True,-0.05223212923322407,0.028651782444545137,-0.12633929933820454,True,-0.10598216738019672,0.028651782444545137,-0.148571423121861,True,-0.15312501362391884,0.028651782444545137,-0.20446429933820454,True,-0.13678571156093056,0.028651782444545137,-0.20446429933820454,True,20,True,False,True,False,True,False,,1,STOP_BEFORE_TARGET,False,True,False,True,False,,1,STOP_BEFORE_TARGET,2025-03-03,2025-03-05,2025-03-07,2025-03-14,2025-03-28
SHOP|2025-03-03T00:00:00|Long,SHOP,2025-03-03,Long,-0.04550570830172318,-0.022396331362251387,-0.08191033221008914,True,-0.03837496619458147,0.026928082828679978,-0.08191033221008914,True,-0.12976169631688805,0.026928082828679978,-0.13970725402361428,True,-0.09373245751111658,0.026928082828679978,-0.16400828538774115,True,-0.10414710342861744,0.04147117745364337,-0.16400828538774115,True,20,True,True,True,False,True,False,15,1,STOP_BEFORE_TARGET,False,True,False,True,False,,1,STOP_BEFORE_TARGET,2025-03-04,2025-03-06,2025-03-10,2025-03-17,2025-03-31
SHOP|2025-03-04T00:00:00|Long,SHOP,2025-03-04,Long,0.04344832422188305,0.04836329506136772,-0.001376260831838727,True,-0.015727966683553363,0.07588708676457956,-0.0626167554937751,True,-0.08630695093841245,0.07588708676457956,-0.10400080096265507,True,-0.0758871617610829,0.07588708676457956,-0.12415221140314336,True,-0.04020450046516577,0.09112352636558319,-0.12415221140314336,True,20,True,True,True,True,False,False,1,3,TARGET_BEFORE_STOP,True,True,True,False,False,2,3,TARGET_BEFORE_STOP,2025-03-05,2025-03-07,2025-03-11,2025-03-18,2025-04-01
SHOP|2025-03-05T00:00:00|Long,SHOP,2025-03-05,Long,-0.03447954413092569,0.031088039330444683,-0.045124831339352967,True,-0.12623647040280117,0.031088039330444683,-0.13622231631289583,True,-0.09062649654542598,0.031088039330444683,-0.14130946570305103,True,-0.0434291148759679,0.031088039330444683,-0.16062178809861904,True,-0.05181347075778542,0.04569004620257755,-0.16062178809861904,True,20,True,True,True,,,False,1,1,AMBIGUOUS,False,True,False,True,False,,1,STOP_BEFORE_TARGET,2025-03-06,2025-03-10,2025-03-12,2025-03-19,2025-04-02
SHOP|2025-03-06T00:00:00|Long,SHOP,2025-03-06,Long,-0.023026643180230066,0.009854641011632914,-0.06956773736004185,True,-0.09308226280000498,0.009854641011632914,-0.11064490754467404,True,-0.11610890598023504,0.009854641011632914,-0.13064688914762712,True,-0.0062445058345999005,0.016587029105965767,-0.13064688914762712,True,-0.19709237359036902,0.08303251354870778,-0.20723971418168918,True,20,True,True,True,False,True,False,12,1,STOP_BEFORE_TARGET,True,True,False,True,False,12,1,STOP_BEFORE_TARGET,2025-03-07,2025-03-11,2025-03-13,2025-03-20,2025-04-03
SHOP|2025-03-07T00:00:00|Long,SHOP,2025-03-07,Long,-0.07370415915162776,-0.03937881655462083,-0.08429037295038588,True,-0.035953246508235615,-0.009937033301511855,-0.08968337135585536,True,-0.052731438371398154,-0.009937033301511855,-0.1101567869954212,True,0.04074704826695097,0.042944204231574856,-0.1101567869954212,True,-0.23209825727800293,0.10855890387244549,-0.3025067586775888,True,20,True,True,True,False,True,False,8,1,STOP_BEFORE_TARGET,True,True,False,True,False,11,1,STOP_BEFORE_TARGET,2025-03-10,2025-03-12,2025-03-14,2025-03-21,2025-04-04
SHOP|2025-03-10T00:00:00|Long,SHOP,2025-03-10,Long,0.00215630132875666,0.025433974767309575,-0.017250657402922864,True,-0.023288449187163107,0.06884099338253868,-0.039353116181982783,True,0.04140157776701492,0.06884099338253868,-0.039353116181982783,True,0.1782210110975404,0.1933153671717065,-0.039353116181982783,True,-0.15018868253558793,0.1967654986522911,-0.24700812573702835,True,20,True,True,True,True,False,False,2,3,TARGET_BEFORE_STOP,True,True,True,False,False,2,3,TARGET_BEFORE_STOP,2025-03-11,2025-03-13,2025-03-17,2025-03-24,2025-04-07
SHOP|2025-03-11T00:00:00|Long,SHOP,2025-03-11,Long,0.038515351786919894,0.06654120915606176,0.02517486868330021,True,0.020441114451428044,0.06654120915606176,-0.041420103286984644,True,0.011404036823998265,0.06654120915606176,-0.041420103286984644,True,0.18149546315720522,0.19419046416761776,-0.041420103286984644,True,-0.1706293827979679,0.19419046416761776,-0.24862830951161863,True,20,True,True,True,True,False,False,1,2,TARGET_BEFORE_STOP,True,True,True,False,False,1,2,TARGET_BEFORE_STOP,2025-03-12,2025-03-14,2025-03-18,2025-03-25,2025-04-08
SHOP|2025-03-12T00:00:00|Long,SHOP,2025-03-12,Long,-0.061535300077929955,-0.010359473869738345,-0.07697089401361645,True,0.0006215431405001137,0.01968301615980561,-0.07697089401361645,True,0.05190098621761274,0.06878690017214151,-0.07697089401361645,True,0.08028592249047217,0.14990159954095583,-0.07697089401361645,True,-0.05314407249861286,0.14990159954095583,-0.2764943828750006,True,20,True,True,True,False,True,False,5,1,STOP_BEFORE_TARGET,True,True,False,True,False,5,1,STOP_BEFORE_TARGET,2025-03-13,2025-03-17,2025-03-19,2025-03-26,2025-04-09
SHOP|2025-03-13T00:00:00|Long,SHOP,2025-03-13,Long,0.04702508343571554,0.0578430920078572,0.027265717193433847,True,0.03775257684726685,0.08654381592027893,0.025609972601890574,True,0.12429630854859419,0.15012701902303993,0.025609972601890574,True,0.13169224845399263,0.22530085536136157,0.025609972601890574,True,-0.06579091870411957,0.22530085536136157,-0.22905398872746174,True,20,True,True,True,True,False,False,1,15,TARGET_BEFORE_STOP,True,True,True,False,False,1,15,TARGET_BEFORE_STOP,2025-03-14,2025-03-18,2025-03-20,2025-03-27,2025-04-10
SHOP|2025-03-14T00:00:00|Long,SHOP,2025-03-14,Long,0.01834473264903913,0.037743825921425334,-0.002836027377018935,True,0.07053244648424051,0.0877174467967361,-0.020453293022888452,True,0.09868213770088086,0.10100160237396838,-0.020453293022888452,True,0.01929364112276688,0.17026886437204602,-0.020453293022888452,True,-0.11744859851197442,0.17026886437204602,-0.26367952070188183,True,20,True,True,True,True,False,False,1,2,TARGET_BEFORE_STOP,True,True,True,False,False,3,11,TARGET_BEFORE_STOP,2025-03-17,2025-03-19,2025-03-21,2025-03-28,2025-04-11
SHOP|2025-03-17T00:00:00|Long,SHOP,2025-03-17,Long,-0.02671078061370702,-0.004865861984966524,-0.0380991077265177,True,0.05445700730570446,0.07868315966106176,-0.0380991077265177,True,0.13138009030473663,0.14587436071532278,-0.0380991077265177,True,-0.011491800631962534,0.14918733003882068,-0.07614655768087886,True,-0.14307899594984108,0.14918733003882068,-0.2769437935003465,True,20,True,True,True,False,True,False,2,1,STOP_BEFORE_TARGET,True,True,False,True,False,2,1,STOP_BEFORE_TARGET,2025-03-18,2025-03-20,2025-03-24,2025-03-31,2025-04-14
SHOP|2025-03-18T00:00:00|Long,SHOP,2025-03-18,Long,0.08009784712466139,0.09743639851684116,0.03871927781018125,True,0.10849906091334094,0.11083925042194576,0.03871927781018125,True,0.16817356876221945,0.18072542790871582,0.03871927781018125,True,0.0386128834265711,0.18072542790871582,-0.0507924839631364,True,-0.10743536054264868,0.18072542790871582,-0.2571003643135221,True,20,True,True,True,True,False,False,1,9,TARGET_BEFORE_STOP,True,True,True,False,False,1,9,TARGET_BEFORE_STOP,2025-03-19,2025-03-21,2025-03-25,2025-04-01,2025-04-15
SHOP|2025-03-19T00:00:00|Long,SHOP,2025-03-19,Long,0.003052959974381375,0.02609810421494374,-0.030332891503684234,True,0.07622609606049302,0.09001378084733469,-0.030332891503684234,True,0.026984418348085182,0.09316524521545522,-0.030332891503684234,True,-0.008765012621861579,0.09316524521545522,-0.12118377185570928,True,-0.17313375686966714,0.09316524521545522,-0.31219228177876845,True,20,True,True,True,False,True,False,3,1,STOP_BEFORE_TARGET,True,True,False,True,False,3,1,STOP_BEFORE_TARGET,2025-03-20,2025-03-24,2025-03-26,2025-04-02,2025-04-16
SHOP|2025-03-20T00:00:00|Long,SHOP,2025-03-20,Long,0.023171336727621172,0.025331388018726697,-0.0260186702560653,True,0.07825234501822997,0.08983801338204067,-0.0260186702560653,True,0.006578283544260932,0.08983801338204067,-0.0260186702560653,True,-0.19204710703617456,0.08983801338204067,-0.20225821092530816,True,-0.17869413078947272,0.08983801338204067,-0.31428573996850717,True,20,True,True,True,False,True,False,2,1,STOP_BEFORE_TARGET,True,True,True,False,False,2,6,TARGET_BEFORE_STOP,2025-03-21,2025-03-25,2025-03-27,2025-04-03,2025-04-17
SHOP|2025-03-21T00:00:00|Long,SHOP,2025-03-21,Long,0.04865175836643543,0.062086184411713985,0.02480567226929198,True,0.000671717641677283,0.06515690408962937,-0.01113133137804323,True,-0.07225792961760857,0.06515690408962937,-0.0801170626310993,True,-0.26216293959160886,0.06515690408962937,-0.3298148262982106,True,-0.2165819009030887,0.06515690408962937,-0.3298148262982106,True,20,True,True,True,True,False,False,1,4,TARGET_BEFORE_STOP,True,True,True,False,False,1,4,TARGET_BEFORE_STOP,2025-03-24,2025-03-26,2025-03-28,2025-04-04,2025-04-21
SHOP|2025-03-24T00:00:00|Long,SHOP,2025-03-24,Long,0.004941443279276925,0.015739396412117967,-0.004849915677316852,True,-0.06185946387026453,0.015739396412117967,-0.0873901494238718,True,-0.12628107225947094,0.015739396412117967,-0.1834278769478065,True,-0.27873352328626955,0.015739396412117967,-0.36090778625519315,True,-0.21568447985094197,0.015739396412117967,-0.36090778625519315,True,20,True,False,True,False,True,False,,2,STOP_BEFORE_TARGET,False,True,False,True,False,,2,STOP_BEFORE_TARGET,2025-03-25,2025-03-27,2025-03-31,2025-04-07,2025-04-22
SHOP|2025-03-25T00:00:00|Long,SHOP,2025-03-25,Long,-0.05044619314261789,-0.003642337707070342,-0.06164629996247828,True,-0.11965033168969974,-0.003642337707070342,-0.12710799191931654,True,-0.11090876287581908,-0.003642337707070342,-0.1874430808748474,True,-0.2980331765423976,-0.003642337707070342,-0.36405029564772284,True,-0.17173557332690859,-0.003642337707070342,-0.36405029564772284,True,20,True,False,True,False,True,False,,1,STOP_BEFORE_TARGET,False,True,False,True,False,,1,STOP_BEFORE_TARGET,2025-03-26,2025-03-28,2025-04-01,2025-04-08,2025-04-23
SHOP|2025-03-26T00:00:00|Long,SHOP,2025-03-26,Long,-0.016877657813896052,-0.0054660500718896055,-0.04363248442295353,True,-0.08438814274430528,-0.0054660500718896055,-0.14427501289856415,True,-0.0348101006512348,-0.0054660500718896055,-0.14427501289856415,True,-0.1235135922918239,-0.0054660500718896055,-0.33026469931493485,True,-0.08784039259629728,-0.0054660500718896055,-0.33026469931493485,True,20,True,False,True,False,True,False,,1,STOP_BEFORE_TARGET,False,True,False,True,False,,1,STOP_BEFORE_TARGET,2025-03-27,2025-03-31,2025-04-02,2025-04-09,2025-04-24
SHOP|2025-03-27T00:00:00|Long,SHOP,2025-03-27,Long,-0.056964460877063416,-0.022044426266461303,-0.0649531486546494,True,-0.04760044296926935,-0.022044426266461303,-0.12958443686813492,True,-0.19732731554773464,-0.010436985269805743,-0.20747168688582796,True,-0.17450253585097408,-0.010436985269805743,-0.3187670832545426,True,-0.05267259142901648,-0.010436985269805743,-0.3187670832545426,True,20,True,False,True,False,True,False,,1,STOP_BEFORE_TARGET,False,True,False,True,False,,1,STOP_BEFORE_TARGET,2025-03-28,2025-04-01,2025-04-03,2025-04-10,2025-04-25
SHOP|2025-03-28T00:00:00|Long,SHOP,2025-03-28,Long,-0.012412049487529275,-0.005895735343659281,-0.07700661637695139,True,0.04106331411017372,0.04933798746389795,-0.07700661637695139,True,-0.2046959128367719,0.04933798746389795,-0.2776169205891932,True,-0.13415392200830156,0.04933798746389795,-0.2776169205891932,True,0.019549021345495854,0.04933798746389795,-0.2776169205891932,True,20,True,True,True,False,True,False,3,1,STOP_BEFORE_TARGET,False,True,False,True,False,,1,STOP_BEFORE_TARGET,2025-03-31,2025-04-02,2025-04-04,2025-04-11,2025-04-28
SHOP|2025-03-31T00:00:00|Long,SHOP,2025-03-31,Long,0.022622496405243275,0.0425219670700705,-0.01591960849413354,True,-0.13814413466344322,0.06252611417482812,-0.1490364773421453,True,-0.17448683573909363,0.06252611417482812,-0.26853797777103905,True,-0.13311694875369118,0.06252611417482812,-0.26853797777103905,True,0.036028432038821334,0.06252611417482812,-0.26853797777103905,True,20,True,True,True,True,False,False,1,3,TARGET_BEFORE_STOP,True,True,True,False,False,2,3,TARGET_BEFORE_STOP,2025-04-01,2025-04-03,2025-04-07,2025-04-14,2025-04-29
SHOP|2025-04-01T00:00:00|Long,SHOP,2025-04-01,Long,0.03082755177228713,0.039020868316368196,-0.0306226739293336,True,-0.21251536388477144,0.039020868316368196,-0.28471941033937676,True,-0.21046705428325185,0.039020868316368196,-0.28471941033937676,True,-0.1406185560565938,0.039020868316368196,-0.28471941033937676,True,-0.027038093057672907,0.039020868316368196,-0.28471941033937676,True,20,True,True,True,,,False,1,1,AMBIGUOUS,False,True,False,True,False,,1,STOP_BEFORE_TARGET,2025-04-02,2025-04-04,2025-04-08,2025-04-15,2025-04-30
SHOP|2025-04-02T00:00:00|Long,SHOP,2025-04-02,Long,-0.18241431030312383,-0.12866372957090355,-0.1927471558049686,True,-0.2168902285157125,-0.12866372957090355,-0.30611033006359645,True,-0.09190263149297284,-0.06467960295615727,-0.30611033006359645,True,-0.1658221777285811,-0.06467960295615727,-0.30611033006359645,True,-0.036164921355838486,-0.008276206363407645,-0.30611033006359645,True,20,True,False,True,False,True,False,,1,STOP_BEFORE_TARGET,False,True,False,True,False,,1,STOP_BEFORE_TARGET,2025-04-03,2025-04-07,2025-04-09,2025-04-16,2025-05-01
SHOP|2025-04-03T00:00:00|Long,SHOP,2025-04-03,Long,-0.06562160002188033,-0.04885167368739696,-0.15129425737176683,True,-0.06319120816360968,0.049459225295211295,-0.15129425737176683,True,0.028435974138494524,0.1440028963699418,-0.15129425737176683,True,0.016526924234058882,0.1440028963699418,-0.15129425737176683,True,0.20610036329787507,0.2211689967888677,-0.15129425737176683,True,20,True,True,True,False,True,False,3,1,STOP_BEFORE_TARGET,True,True,False,True,False,4,1,STOP_BEFORE_TARGET,2025-04-04,2025-04-08,2025-04-10,2025-04-17,2025-05-02
SHOP|2025-04-04T00:00:00|Long,SHOP,2025-04-04,Long,0.025100797509378214,0.08557682251640841,-0.08973860814996759,True,0.1887111750736199,0.22434647076252068,-0.08973860814996759,True,0.08869813693537876,0.22434647076252068,-0.08973860814996759,True,0.06177656441286805,0.22434647076252068,-0.08973860814996759,True,0.27949015521337994,0.30693196334318507,-0.08973860814996759,True,20,True,True,True,,,False,1,1,AMBIGUOUS,True,True,,,False,1,1,AMBIGUOUS,2025-04-07,2025-04-09,2025-04-11,2025-04-21,2025-05-05
SHOP|2025-04-07T00:00:00|Long,SHOP,2025-04-07,Long,-0.02194878664846267,0.09566101173205754,-0.045546769243724916,True,0.07371222508359465,0.19436690883202612,-0.0526516308290651,True,0.05011414569317196,0.19436690883202612,-0.0526516308290651,True,0.0874143544319359,0.19436690883202612,-0.0526516308290651,True,0.1904339278653424,0.2749301985897914,-0.0526516308290651,True,20,True,True,True,,,False,1,1,AMBIGUOUS,True,True,,,False,1,1,AMBIGUOUS,2025-04-08,2025-04-10,2025-04-14,2025-04-22,2025-05-06
SHOP|2025-04-08T00:00:00|Long,SHOP,2025-04-08,Long,0.18562726511578198,0.22117011106118767,-0.03139185736030259,True,0.0858736938780762,0.22117011106118767,-0.03139185736030259,True,0.08846812359837464,0.22117011106118767,-0.03139185736030259,True,0.17991961869849993,0.23816320511780087,-0.03139185736030259,True,0.22583998559035035,0.3035413495587045,-0.03139185736030259,True,20,True,True,True,,,False,1,1,AMBIGUOUS,True,True,,,False,1,1,AMBIGUOUS,2025-04-09,2025-04-11,2025-04-15,2025-04-23,2025-05-07
SHOP|2025-04-09T00:00:00|Long,SHOP,2025-04-09,Long,-0.07407006738992328,-0.04379648014466797,-0.1095514258328123,True,-0.09442018313718525,-0.03424512943718361,-0.14660832934543055,True,-0.08140046298904813,-0.03424512943718361,-0.14660832934543055,True,0.040700231494524175,0.04431067127735844,-0.14660832934543055,True,0.028446372327301628,0.09945291232097953,-0.14660832934543055,True,20,True,True,True,False,True,False,9,1,STOP_BEFORE_TARGET,True,True,False,True,False,11,1,STOP_BEFORE_TARGET,2025-04-10,2025-04-14,2025-04-16,2025-04-24,2025-05-08
SHOP|2025-04-10T00:00:00|Long,SHOP,2025-04-10,Long,-0.010870828297328772,0.006853383550491143,-0.07834098391336297,True,-0.008507545960950824,0.04301074687204287,-0.07834098391336297,True,-0.011579767923240558,0.04301074687204287,-0.07834098391336297,True,0.14758366889418317,0.1655441639006392,-0.07834098391336297,True,0.08436724118362271,0.18740400714961636,-0.07834098391336297,True,20,True,True,True,False,True,False,2,1,STOP_BEFORE_TARGET,True,True,False,True,False,8,1,STOP_BEFORE_TARGET,2025-04-11,2025-04-15,2025-04-17,2025-04-25,2025-05-09
SHOP|2025-04-11T00:00:00|Long,SHOP,2025-04-11,Long,-0.011229273105805238,0.054473749951809314,-0.02144305565137994,True,0.002986501048073409,0.054473749951809314,-0.028550942728319262,True,-0.02472822503241645,0.054473749951809314,-0.0401385813773687,True,0.17751762958874462,0.18349063168489144,-0.0401385813773687,True,0.24644603367633566,0.2704575276222638,-0.0401385813773687,True,20,True,True,True,,,False,1,1,AMBIGUOUS,True,True,True,False,False,1,5,TARGET_BEFORE_STOP,2025-04-14,2025-04-16,2025-04-21,2025-04-28,2025-05-12
SHOP|2025-04-14T00:00:00|Long,SHOP,2025-04-14,Long,0.013773191558277942,0.023076038897838602,-0.010148560734066336,True,0.01063193087475156,0.031170737413226846,-0.01751838839012021,True,0.035520146920925644,0.04639367069017308,-0.029237625553873103,True,0.19511903081890214,0.20595632948035214,-0.029237625553873103,True,0.3009545085464984,0.316902312682779,-0.029237625553873103,True,20,True,True,True,True,False,False,2,4,TARGET_BEFORE_STOP,True,False,True,False,False,6,,TARGET_BEFORE_STOP,2025-04-15,2025-04-17,2025-04-22,2025-04-29,2025-05-13
SHOP|2025-04-15T00:00:00|Long,SHOP,2025-04-15,Long,0.0005958219542523402,0.017161181613223553,-0.030866450414120394,True,-0.027052844397455145,0.017161181613223553,-0.0424264692243822,True,0.08401853312690055,0.13752821812047955,-0.0424264692243822,True,0.13216536591451078,0.1895721247340032,-0.0424264692243822,True,0.3282087008008181,0.3333332424097939,-0.0424264692243822,True,20,True,True,True,False,True,False,4,1,STOP_BEFORE_TARGET,True,True,False,True,False,5,1,STOP_BEFORE_TARGET,2025-04-16,2025-04-21,2025-04-23,2025-04-30,2025-05-14
SHOP|2025-04-16T00:00:00|Long,SHOP,2025-04-16,Long,-0.0036922053593861914,0.01333971842299797,-0.02525015209265402,True,0.02084325892189831,0.031562667398468136,-0.04299667281701036,True,0.1329204833706732,0.13685085742091752,-0.04299667281701036,True,0.15543119573677133,0.18886377359707862,-0.04299667281701036,True,0.3126488838284731,0.33253928624814333,-0.04299667281701036,True,20,True,True,True,False,True,False,3,1,STOP_BEFORE_TARGET,True,True,False,True,False,4,2,STOP_BEFORE_TARGET,2025-04-17,2025-04-22,2025-04-24,2025-05-01,2025-05-15
SHOP|2025-04-17T00:00:00|Long,SHOP,2025-04-17,Long,-0.024028716073706602,-0.006096857464762739,-0.03945012542213622,True,0.0873878951016187,0.14106389966666888,-0.03945012542213622,True,0.16102810490129982,0.1791990148276572,-0.03945012542213622,True,0.18649131129178653,0.20131495553745826,-0.03945012542213622,True,0.3239688939603562,0.3434548141478615,-0.03945012542213622,True,20,True,True,True,False,True,False,2,1,STOP_BEFORE_TARGET,True,True,False,True,False,3,1,STOP_BEFORE_TARGET,2025-04-21,2025-04-23,2025-04-25,2025-05-02,2025-05-16
SHOP|2025-04-21T00:00:00|Long,SHOP,2025-04-21,Long,0.049853009863450204,0.06087703647549625,0.0,True,0.1651151819905916,0.16915724720528091,0.0,True,0.20737384164314965,0.21349829048854474,0.0,True,0.205046521177364,0.23089170278106574,0.0,True,0.33635471937490546,0.37653108884843056,0.0,True,20,True,True,False,True,False,False,1,,TARGET_BEFORE_STOP,True,False,True,False,False,1,,TARGET_BEFORE_STOP,2025-04-22,2025-04-24,2025-04-28,2025-05-05,2025-05-19
SHOP|2025-04-22T00:00:00|Long,SHOP,2025-04-22,Long,0.06125306330741864,0.11363899157401858,0.049119112465786374,True,0.13312336698153615,0.150857548049119,0.04316887897747068,True,0.15412436384993256,0.16458992426773245,0.04316887897747068,True,0.09473810329386723,0.17244194303082705,0.04316887897747068,True,0.241745437428861,0.3111655402383138,0.02835142143428171,True,20,True,True,False,True,False,False,1,,TARGET_BEFORE_STOP,True,False,True,False,False,1,,TARGET_BEFORE_STOP,2025-04-23,2025-04-25,2025-04-29,2025-05-06,2025-05-20
SHOP|2025-04-23T00:00:00|Long,SHOP,2025-04-23,Long,0.045734429463285986,0.047328499873640295,-0.017040407189580442,True,0.08366315618895626,0.08916007796811853,-0.017040407189580442,True,0.044415138040794,0.0973724972234824,-0.017040407189580442,True,0.038918216261631944,0.10477131569060982,-0.017040407189580442,True,0.12489006953267201,0.23548810888897442,-0.031002635479419283,True,20,True,True,True,True,False,False,1,11,TARGET_BEFORE_STOP,True,True,True,False,False,2,11,TARGET_BEFORE_STOP,2025-04-24,2025-04-28,2025-04-30,2025-05-07,2025-05-21
SHOP|2025-04-24T00:00:00|Long,SHOP,2025-04-24,Long,0.021026071722562767,0.03700585094014719,0.0025231061484400907,True,0.03994948814801025,0.049379714682148634,0.0025231061484400907,True,0.019869631361173923,0.049379714682148634,-0.02859547037598109,True,-0.01177462903955051,0.056454951241898144,-0.07338102560330728,True,0.08589148373672528,0.1814549412158859,-0.07338102560330728,True,20,True,True,True,True,False,False,1,4,TARGET_BEFORE_STOP,True,True,True,False,False,6,10,TARGET_BEFORE_STOP,2025-04-25,2025-04-29,2025-05-01,2025-05-08,2025-05-22
SHOP|2025-04-25T00:00:00|Long,SHOP,2025-04-25,Long,0.014929951680764608,0.020078221716389066,-0.006383883124466361,True,-0.021828693231339957,0.02776975411778726,-0.048599681705314146,True,0.021931602071468603,0.0346992897640348,-0.048599681705314146,True,-0.055086552226275676,0.0346992897640348,-0.09246296440461776,True,0.045201804628274056,0.15712514492667662,-0.09246296440461776,True,20,True,True,True,False,True,False,5,3,STOP_BEFORE_TARGET,True,True,False,True,False,11,3,STOP_BEFORE_TARGET,2025-04-28,2025-04-30,2025-05-02,2025-05-09,2025-05-23
SHOP|2025-04-28T00:00:00|Long,SHOP,2025-04-28,Long,0.00355076062904236,0.012650924741909098,-0.007405938512668242,True,-0.015826291604175258,0.012650924741909098,-0.0625950916916691,True,-0.0019275889418129966,0.019478524651411977,-0.0625950916916691,True,0.05853704637243062,0.07892866798604037,-0.10581313115012059,True,0.08288524088708416,0.14010345542609248,-0.10581313115012059,True,20,True,True,True,False,True,False,10,2,STOP_BEFORE_TARGET,True,True,False,True,False,10,2,STOP_BEFORE_TARGET,2025-04-29,2025-05-01,2025-05-05,2025-05-12,2025-05-27
SHOP|2025-04-29T00:00:00|Long,SHOP,2025-04-29,Long,-0.03962796443091676,-0.028154024305159786,-0.06591181524216083,True,0.0033360476866475253,0.015871408450117697,-0.06591181524216083,True,-0.05145568572693893,0.015871408450117697,-0.06591181524216083,True,0.0885564324543282,0.10190054607400079,-0.10897694074847974,True,0.0827942033259903,0.13606954441592634,-0.10897694074847974,True,20,True,True,True,False,True,False,9,1,STOP_BEFORE_TARGET,True,True,False,True,False,9,1,STOP_BEFORE_TARGET,2025-04-30,2025-05-02,2025-05-06,2025-05-13,2025-05-28
SHOP|2025-04-30T00:00:00|Long,SHOP,2025-04-30,Long,0.021157917223478595,0.04094736199629945,0.00578950580797688,True,0.035578918457031206,0.05778945119757406,0.002547334369860099,True,-0.0052631578947368585,0.05778945119757406,-0.014947349146792743,True,0.17315786261307564,0.17768418161492594,-0.07221053274054279,True,0.13368417840254931,0.1829473395096628,-0.07221053274054279,True,20,True,True,True,True,False,False,1,6,TARGET_BEFORE_STOP,True,True,True,False,False,2,6,TARGET_BEFORE_STOP,2025-05-01,2025-05-05,2025-05-07,2025-05-14,2025-05-29
SHOP|2025-05-01T00:00:00|Long,SHOP,2025-05-01,Long,0.0230903805220406,0.03587254562320408,0.00639104322786066,True,-0.0327801281842065,0.03587254562320408,-0.03535718203942573,True,-0.03102775043756356,0.03587254562320408,-0.09143389909553812,True,0.13606841209739917,0.15328311297535757,-0.09143389909553812,True,0.1052468700097009,0.15843722068579602,-0.09143389909553812,True,20,True,True,True,True,False,False,1,3,TARGET_BEFORE_STOP,True,True,False,True,False,7,3,STOP_BEFORE_TARGET,2025-05-02,2025-05-06,2025-05-08,2025-05-15,2025-05-30
SHOP|2025-05-02T00:00:00|Long,SHOP,2025-05-02,Long,-0.008765770746418489,0.002115859793175412,-0.04038290412960488,True,-0.04785894206549124,0.002115859793175412,-0.05712844502715675,True,-0.07536527311771879,0.002115859793175412,-0.11193955274913414,True,0.11586901763224189,0.13229216376239772,-0.11193955274913414,True,0.07345089083654743,0.13229216376239772,-0.11193955274913414,True,20,True,True,True,False,True,False,6,1,STOP_BEFORE_TARGET,True,True,False,True,False,6,1,STOP_BEFORE_TARGET,2025-05-05,2025-05-07,2025-05-09,2025-05-16,2025-06-02
SHOP|2025-05-05T00:00:00|Long,SHOP,2025-05-05,Long,-0.04624919241096237,-0.009961331113017668,-0.04879035938574916,True,-0.04452121748017024,-0.009961331113017668,-0.10408617757319327,True,0.06058141137288553,0.08101241556424443,-0.10408617757319327,True,0.10896525228689913,0.14230535058805982,-0.10408617757319327,True,0.06840824908337528,0.14230535058805982,-0.10408617757319327,True,20,True,True,True,False,True,False,5,1,STOP_BEFORE_TARGET,True,True,False,True,False,5,1,STOP_BEFORE_TARGET,2025-05-06,2025-05-08,2025-05-12,2025-05-19,2025-06-03
SHOP|2025-05-06T00:00:00|Long,SHOP,2025-05-06,Long,0.0071405537234421335,0.029521438655132126,0.004263045060993731,True,-0.02195465360533,0.029521438655132126,-0.06064161068281093,True,0.14760735589730323,0.16167534768100733,-0.06064161068281093,True,0.13428539090096137,0.1976979117592197,-0.06064161068281093,True,0.10391132697146621,0.1976979117592197,-0.06064161068281093,True,20,True,True,True,False,True,False,4,2,STOP_BEFORE_TARGET,True,True,False,True,False,4,2,STOP_BEFORE_TARGET,2025-05-07,2025-05-09,2025-05-13,2025-05-20,2025-06-04
SHOP|2025-05-07T00:00:00|Long,SHOP,2025-05-07,Long,-0.005291005291005346,0.013968250738880528,-0.06730159376033396,True,0.10412694537450395,0.12539680924995866,-0.06730159376033396,True,0.17936504707134593,0.18391531485098378,-0.06730159376033396,True,0.08275131952194936,0.18920632014198913,-0.06730159376033396,True,0.11142855851107814,0.18920632014198913,-0.06730159376033396,True,20,True,True,True,False,True,False,3,1,STOP_BEFORE_TARGET,True,True,False,True,False,3,1,STOP_BEFORE_TARGET,2025-05-08,2025-05-12,2025-05-14,2025-05-21,2025-06-05
SHOP|2025-05-08T00:00:00|Long,SHOP,2025-05-08,Long,-0.02372343996737869,0.009680890022440103,-0.05425530291618186,True,0.14553191814016797,0.15957446808510634,-0.05425530291618186,True,0.17244679877098568,0.19021273673848893,-0.05425530291618186,True,0.0988297969736951,0.1955318856746593,-0.05425530291618186,True,0.18521280491605707,0.1955318856746593,-0.05425530291618186,True,20,True,True,True,False,True,False,2,1,STOP_BEFORE_TARGET,True,True,False,True,False,2,1,STOP_BEFORE_TARGET,2025-05-09,2025-05-13,2025-05-15,2025-05-22,2025-06-06
SHOP|2025-05-09T00:00:00|Long,SHOP,2025-05-09,Long,0.13697286863499003,0.15887547525759071,0.07889294712871786,True,0.21444917756420856,0.21913480817230635,0.07889294712871786,True,0.20682144547476788,0.22458321198934827,0.07889294712871786,True,0.10613496621392726,0.22458321198934827,0.07889294712871786,True,0.174675896208639,0.22458321198934827,0.07889294712871786,True,20,True,True,False,True,False,False,1,,TARGET_BEFORE_STOP,True,False,True,False,False,1,,TARGET_BEFORE_STOP,2025-05-12,2025-05-14,2025-05-16,2025-05-23,2025-06-09
SHOP|2025-05-12T00:00:00|Long,SHOP,2025-05-12,Long,0.03201077328457069,0.044661719624932594,0.01648458195391478,True,0.05625841434355472,0.07226376442558125,0.01648458195391478,True,0.04562011024819146,0.07705579066239299,0.01648458195391478,True,0.023001740560799178,0.07705579066239299,-0.03862371976941881,True,0.05673764621544297,0.07705579066239299,-0.03862371976941881,True,20,True,True,True,True,False,False,1,7,TARGET_BEFORE_STOP,True,True,True,False,False,2,9,TARGET_BEFORE_STOP,2025-05-13,2025-05-15,2025-05-19,2025-05-27,2025-06-10
SHOP|2025-05-13T00:00:00|Long,SHOP,2025-05-13,Long,0.03501111285644365,0.03900442920077052,0.0052934592608542275,True,0.02851039827380708,0.04364781700336118,0.0052934592608542275,True,-0.011608469506476427,0.04364781700336118,-0.02848255325112603,True,-0.0052934592608542275,0.04364781700336118,-0.06844356171707577,True,0.05989967431242804,0.08989599069225207,-0.06844356171707577,True,20,True,True,True,True,False,False,1,5,TARGET_BEFORE_STOP,True,True,False,True,False,20,6,STOP_BEFORE_TARGET,2025-05-14,2025-05-16,2025-05-20,2025-05-28,2025-06-11
SHOP|2025-05-14T00:00:00|Long,SHOP,2025-05-14,Long,-0.011126046637268128,0.0025123949426526515,-0.02745623725781554,True,-0.021085675535840953,0.008344552091891666,-0.04154326944995934,True,-0.08192012116122327,0.008344552091891666,-0.0888290190001707,True,-0.03364737642605331,0.008344552091891666,-0.09995513409320145,True,-0.02009868035088236,0.053028298106226,-0.09995513409320145,True,20,True,True,True,False,True,False,19,1,STOP_BEFORE_TARGET,True,True,False,True,False,19,3,STOP_BEFORE_TARGET,2025-05-15,2025-05-19,2025-05-21,2025-05-29,2025-06-12
SHOP|2025-05-15T00:00:00|Long,SHOP,2025-05-15,Long,0.004899745213802653,0.0196896668811517,-0.003747409650585398,True,-0.03429814727064484,0.0196896668811517,-0.050784866786727556,True,-0.06278920448625847,0.0196896668811517,-0.07857722624675112,True,-0.027130005340783914,0.0196896668811517,-0.08982852380110129,True,-0.0441883929501653,0.06487615992446072,-0.08982852380110129,True,20,True,True,True,False,True,False,18,2,STOP_BEFORE_TARGET,True,True,False,True,False,18,2,STOP_BEFORE_TARGET,2025-05-16,2025-05-20,2025-05-22,2025-05-30,2025-06-13
SHOP|2025-05-16T00:00:00|Long,SHOP,2025-05-16,Long,-0.01489843364224741,-0.007494373192367343,-0.03548533006930732,True,-0.0761173842453795,-0.007494373192367343,-0.08306994987126126,True,-0.0834311319527723,-0.007494373192367343,-0.09426638773278784,True,-0.03801353575144606,-0.000632051420534685,-0.09426638773278784,True,-0.021489817186618243,0.059683978423038964,-0.09426638773278784,True,20,True,True,True,False,True,False,17,1,STOP_BEFORE_TARGET,True,True,False,True,False,17,1,STOP_BEFORE_TARGET,2025-05-19,2025-05-21,2025-05-23,2025-06-02,2025-06-16
SHOP|2025-05-19T00:00:00|Long,SHOP,2025-05-19,Long,-0.024472944145628395,-9.167861017744805e-05,-0.04112740214916755,True,-0.05325387387582692,-9.167861017744805e-05,-0.06920252546249273,True,-0.021631536602737533,-9.167861017744805e-05,-0.08056829549463618,True,-0.03657193326832142,0.014482143475276654,-0.08056829549463618,True,-0.023556367834723924,0.07571037810958137,-0.08056829549463618,True,20,True,True,True,False,True,False,16,1,STOP_BEFORE_TARGET,True,True,False,True,False,16,1,STOP_BEFORE_TARGET,2025-05-20,2025-05-22,2025-05-27,2025-06-03,2025-06-17
SHOP|2025-05-20T00:00:00|Long,SHOP,2025-05-20,Long,-0.03861693694039847,-0.007986455620443644,-0.0458517075958389,True,-0.04622755007834056,-0.007986455620443644,-0.057502609499517354,True,0.006389178833279718,0.016066889782668792,-0.057502609499517354,True,-0.026778149637781135,0.039932349786842236,-0.057502609499517354,True,-0.0043220810218327355,0.10269661067213431,-0.057502609499517354,True,20,True,True,True,False,True,False,6,1,STOP_BEFORE_TARGET,True,True,False,True,False,12,1,STOP_BEFORE_TARGET,2025-05-21,2025-05-23,2025-05-28,2025-06-04,2025-06-18
SHOP|2025-05-21T00:00:00|Long,SHOP,2025-05-21,Long,0.009480074507390635,0.0238467792091841,-0.005277569557642026,True,0.0431977930231453,0.05043005939698397,-0.01964427425943538,True,0.052580114048711435,0.08170446281553745,-0.01964427425943538,True,0.02648552670597537,0.08170446281553745,-0.01964427425943538,True,0.039874920281700144,0.14698984519531932,-0.01964427425943538,True,20,True,True,False,True,False,False,3,,TARGET_BEFORE_STOP,True,False,True,False,False,3,,TARGET_BEFORE_STOP,2025-05-22,2025-05-27,2025-05-29,2025-06-05,2025-06-20
SHOP|2025-05-22T00:00:00|Long,SHOP,2025-05-22,Long,-0.01723302123651438,-0.0031949058779132677,-0.028850840647883236,True,0.03698324775839912,0.04695515956174234,-0.028850840647883236,True,0.03804821638437028,0.07154612570574104,-0.028850840647883236,True,0.0786136380541107,0.08510021142042579,-0.028850840647883236,True,0.0647691197803113,0.13621841001173918,-0.028850840647883236,True,20,True,True,True,False,True,False,2,1,STOP_BEFORE_TARGET,True,False,True,False,False,4,,TARGET_BEFORE_STOP,2025-05-23,2025-05-28,2025-05-30,2025-06-06,2025-06-23
SHOP|2025-05-23T00:00:00|Long,SHOP,2025-05-23,Long,0.05152197436189776,0.058811950498150356,0.02354447186830866,True,0.06097916147912685,0.09033590755558074,0.02354447186830866,True,0.04955175523044919,0.09033590755558074,0.021869778090673142,True,0.06196434620389346,0.10412766695284725,0.012806574672500126,True,0.12717954645877283,0.15614223367712832,0.012806574672500126,True,20,True,True,False,True,False,False,1,,TARGET_BEFORE_STOP,True,False,True,False,False,1,,TARGET_BEFORE_STOP,2025-05-27,2025-05-29,2025-06-02,2025-06-09,2025-06-24
SHOP|2025-05-27T00:00:00|Long,SHOP,2025-05-27,Long,0.0034663926736653305,0.013115997319633754,-0.0109611972302881,True,0.004496939915121789,0.03691214652669195,-0.026512968505695733,True,-0.015270725932544083,0.03691214652669195,-0.02819931203931203,True,0.032977368773732474,0.0500281438463257,-0.0368184409202591,True,0.06698521331248597,0.09949412553048909,-0.0368184409202591,True,20,True,True,True,True,False,False,2,3,TARGET_BEFORE_STOP,True,True,False,True,False,8,6,STOP_BEFORE_TARGET,2025-05-28,2025-05-30,2025-06-03,2025-06-10,2025-06-25
SHOP|2025-05-28T00:00:00|Long,SHOP,2025-05-28,Long,0.005508321674247085,0.03333021822874671,0.00037345640275798786,True,-0.005321629087631008,0.03333021822874671,-0.03155631812302795,True,-0.032956761825988834,0.03333021822874671,-0.04014567292740956,True,0.06554006724921968,0.09569601289881224,-0.04014567292740956,True,0.05564372187947364,0.09569601289881224,-0.04014567292740956,True,20,True,True,True,True,False,False,1,2,TARGET_BEFORE_STOP,True,True,False,True,False,10,3,STOP_BEFORE_TARGET,2025-05-29,2025-06-02,2025-06-04,2025-06-11,2025-06-26
SHOP|2025-05-29T00:00:00|Long,SHOP,2025-05-29,Long,-0.004456784968803085,-9.279950899854228e-05,-0.03519028220543208,True,-0.02404824894410451,-9.279950899854228e-05,-0.03686159427856317,True,-0.024791070052011643,-9.279950899854228e-05,-0.04540389534085543,True,0.014020447344637699,0.08969362985916995,-0.04540389534085543,True,0.055246097922325266,0.08969362985916995,-0.04540389534085543,True,20,True,True,True,False,True,False,6,1,STOP_BEFORE_TARGET,True,True,False,True,False,9,1,STOP_BEFORE_TARGET,2025-05-30,2025-06-03,2025-06-05,2025-06-12,2025-06-27
SHOP|2025-05-30T00:00:00|Long,SHOP,2025-05-30,Long,-0.006342103128464394,0.0012124347317472584,-0.032549877112812875,True,-0.0339488840534129,0.0012124347317472584,-0.04113041980881682,True,0.03907855245013003,0.045327369474168044,-0.04113041980881682,True,-0.01753408749681573,0.09457190145685712,-0.04113041980881682,True,0.07582537922829413,0.09457190145685712,-0.04113041980881682,True,20,True,True,True,False,True,False,5,1,STOP_BEFORE_TARGET,True,True,False,True,False,8,1,STOP_BEFORE_TARGET,2025-06-02,2025-06-04,2025-06-06,2025-06-13,2025-06-30
SHOP|2025-06-02T00:00:00|Long,SHOP,2025-06-02,Long,-0.013422191598342348,0.00018769141068686324,-0.02111882842749324,True,-0.014173100462310906,0.00018769141068686324,-0.03501035596846869,True,0.011826563970367188,0.051999257254745634,-0.03501035596846869,True,0.017176664307574363,0.10155809650689895,-0.03501035596846869,True,0.05753704900263967,0.10155809650689895,-0.03501035596846869,True,20,True,True,True,False,True,False,4,1,STOP_BEFORE_TARGET,True,True,False,True,False,4,2,STOP_BEFORE_TARGET,2025-06-03,2025-06-05,2025-06-09,2025-06-16,2025-07-01
SHOP|2025-06-03T00:00:00|Long,SHOP,2025-06-03,Long,-0.014556167542693288,0.006088853448121823,-0.021881866981278475,True,0.05993723732446976,0.06631149443658835,-0.021881866981278475,True,0.04899630383383058,0.06631149443658835,-0.021881866981278475,True,0.013509639051466849,0.11654457167602361,-0.021881866981278475,True,0.09190368163468077,0.11654457167602361,-0.021881866981278475,True,20,True,True,True,False,True,False,3,1,STOP_BEFORE_TARGET,True,False,True,False,False,3,,TARGET_BEFORE_STOP,2025-06-04,2025-06-06,2025-06-10,2025-06-17,2025-07-02
SHOP|2025-06-04T00:00:00|Long,SHOP,2025-06-04,Long,0.013998811764912134,0.028769991068349432,-0.004634131574128619,True,0.04074146694442238,0.08206217271422744,-0.004634131574128619,True,0.10185359370403346,0.13303725174452974,-0.004634131574128619,True,0.023073946200026896,0.13303725174452974,-0.004634131574128619,True,0.12492753990406036,0.1340026743391749,-0.004634131574128619,True,20,True,True,False,True,False,False,2,,TARGET_BEFORE_STOP,True,False,True,False,False,2,,TARGET_BEFORE_STOP,2025-06-05,2025-06-09,2025-06-11,2025-06-18,2025-07-03
SHOP|2025-06-05T00:00:00|Long,SHOP,2025-06-05,Long,0.06074459637211871,0.06712370878507024,0.015519422086614387,True,0.04979532912233564,0.06712370878507024,0.015519422086614387,True,0.03979815627684968,0.11739504878948104,0.015519422086614387,True,0.013043918523324649,0.11739504878948104,-0.0035227565599137423,True,0.11073031531925492,0.11834714319377815,-0.010644541833896404,True,20,True,True,False,True,False,False,1,,TARGET_BEFORE_STOP,True,False,True,False,False,1,,TARGET_BEFORE_STOP,2025-06-06,2025-06-10,2025-06-12,2025-06-20,2025-07-07
SHOP|2025-06-06T00:00:00|Long,SHOP,2025-06-06,Long,-0.03240284078349176,-0.0036801332791699393,-0.03276188318733786,True,0.024414267138505252,0.05340630780596389,-0.0364420164665078,True,-0.05448350349783859,0.05340630780596389,-0.06058701892221263,True,-0.0128354748960674,0.05340630780596389,-0.06730096806542774,True,0.009604161741789241,0.062292384740060935,-0.06730096806542774,True,20,True,True,True,False,True,False,3,1,STOP_BEFORE_TARGET,True,True,False,True,False,3,1,STOP_BEFORE_TARGET,2025-06-09,2025-06-11,2025-06-13,2025-06-23,2025-07-08
SHOP|2025-06-09T00:00:00|Long,SHOP,2025-06-09,Long,0.02282002796689664,0.026066766967015598,-0.004174439377526373,True,0.013079740192937228,0.08868272066749139,-0.004174439377526373,True,0.005287566592651727,0.08868272066749139,-0.029128008355814528,True,0.061409971519287065,0.08868272066749139,-0.03606679386098455,True,0.06048234191548185,0.09786637406028587,-0.03606679386098455,True,20,True,True,True,True,False,False,2,4,TARGET_BEFORE_STOP,True,True,True,False,False,2,9,TARGET_BEFORE_STOP,2025-06-10,2025-06-12,2025-06-16,2025-06-24,2025-07-09
SHOP|2025-06-10T00:00:00|Long,SHOP,2025-06-10,Long,0.03509881228195488,0.06439323722621348,0.009341545069301516,True,-0.04462185473442115,0.06439323722621348,-0.050789029254707296,True,-0.03382916093476063,0.06439323722621348,-0.050789029254707296,True,0.032922158380996214,0.06439323722621348,-0.057573004260517924,True,0.04444042654583624,0.07337199511292525,-0.057573004260517924,True,20,True,True,True,True,False,False,1,3,TARGET_BEFORE_STOP,True,True,True,False,False,1,3,TARGET_BEFORE_STOP,2025-06-11,2025-06-13,2025-06-17,2025-06-25,2025-07-10
SHOP|2025-06-11T00:00:00|Long,SHOP,2025-06-11,Long,-0.04310872064616622,-0.004906664085431611,-0.04608774759852552,True,-0.05046871677431353,-0.004906664085431611,-0.08297550003686682,True,-0.07149738218775314,-0.004906664085431611,-0.08297550003686682,True,-0.009287633261219619,0.009024852654682336,-0.0895294395499987,True,-0.017699086056938595,0.03697539053937682,-0.0895294395499987,True,20,True,True,True,False,True,False,17,1,STOP_BEFORE_TARGET,False,True,False,True,False,,1,STOP_BEFORE_TARGET,2025-06-12,2025-06-16,2025-06-18,2025-06-26,2025-07-11
SHOP|2025-06-12T00:00:00|Long,SHOP,2025-06-12,Long,-0.03543634080235303,-0.02014464762096113,-0.041662809820590785,True,-0.024539880300729955,0.002472340213574231,-0.041662809820590785,True,-0.025730222343654185,0.002472340213574231,-0.041662809820590785,True,0.040655640313410846,0.05448223264826191,-0.04851200957247659,True,0.0689497192786579,0.08469920407970366,-0.04851200957247659,True,20,True,True,True,False,True,False,7,1,STOP_BEFORE_TARGET,True,True,False,True,False,7,1,STOP_BEFORE_TARGET,2025-06-13,2025-06-17,2025-06-20,2025-06-27,2025-07-14
SHOP|2025-06-13T00:00:00|Long,SHOP,2025-06-13,Long,0.028764064116466148,0.03930137804223377,0.01585348259347863,True,0.005980680697877494,0.03930137804223377,-0.00037965908034143236,True,0.04404791323667401,0.04480730382373621,-0.013556045415395679,True,0.09502565487207915,0.10689199285817952,-0.013556045415395679,True,0.09217777721124265,0.12635281612593618,-0.013556045415395679,True,20,True,True,False,True,False,False,1,,TARGET_BEFORE_STOP,True,False,True,False,False,6,,TARGET_BEFORE_STOP,2025-06-16,2025-06-18,2025-06-23,2025-06-30,2025-07-15
SHOP|2025-06-16T00:00:00|Long,SHOP,2025-06-16,Long,-0.01697890486897846,0.0015686828885927984,-0.01873218009819999,True,-0.018178473477664103,0.0069207343452213355,-0.02832886977038529,True,0.05582721481064179,0.06265572338689918,-0.041136846637627955,True,0.03967883467179201,0.07594348545680596,-0.041136846637627955,True,0.10731749523541256,0.10897847429431984,-0.041136846637627955,True,20,True,True,True,False,True,False,5,2,STOP_BEFORE_TARGET,True,True,False,True,False,5,4,STOP_BEFORE_TARGET,2025-06-17,2025-06-20,2025-06-24,2025-07-01,2025-07-16
SHOP|2025-06-17T00:00:00|Long,SHOP,2025-06-17,Long,-0.005256712334653524,0.010982804678044245,-0.011546003394661608,True,0.032385286934849766,0.033136194684561415,-0.02457520178183925,True,0.06908852618687833,0.08101009088239719,-0.02457520178183925,True,0.07734908437238142,0.09992494503369587,-0.02457520178183925,True,0.18980570217215376,0.1953440138651159,-0.02457520178183925,True,20,True,True,True,,,False,3,3,AMBIGUOUS,True,False,True,False,False,4,,TARGET_BEFORE_STOP,2025-06-18,2025-06-23,2025-06-25,2025-07-02,2025-07-17
SHOP|2025-06-18T00:00:00|Long,SHOP,2025-06-18,Long,0.004057755027106369,0.02972540803617063,-0.0022647717373305287,True,0.079739519212078,0.08672267939552336,-0.019420577838254238,True,0.0670000791953751,0.08672267939552336,-0.019420577838254238,True,0.09955643390426006,0.10842689186951482,-0.019420577838254238,True,0.19911293980431544,0.21808059209342168,-0.019420577838254238,True,20,True,True,False,True,False,False,2,,TARGET_BEFORE_STOP,True,False,True,False,False,3,,TARGET_BEFORE_STOP,2025-06-20,2025-06-24,2025-06-26,2025-07-03,2025-07-18
SHOP|2025-06-20T00:00:00|Long,SHOP,2025-06-20,Long,0.03364663326798878,0.03439845846077971,-0.023383448559417652,True,0.07039471575522294,0.08233084596431928,-0.023383448559417652,True,0.06813909676718044,0.08233084596431928,-0.023383448559417652,True,0.09642859012304617,0.10394734398479977,-0.023383448559417652,True,0.2070487860335617,0.21513149842095203,-0.023383448559417652,True,20,True,True,True,,,False,1,1,AMBIGUOUS,True,False,True,False,False,2,,TARGET_BEFORE_STOP,2025-06-23,2025-06-25,2025-06-27,2025-07-07,2025-07-21
SHOP|2025-06-23T00:00:00|Long,SHOP,2025-06-23,Long,0.04037092813683563,0.04709947396859415,0.01700304655491358,True,0.028095983302184768,0.04709947396859415,-0.015002741184903634,True,0.04882701357772734,0.060192716085875064,-0.015002741184903634,True,0.022731405016295447,0.07610469959728206,-0.015002741184903634,True,0.12484083750187902,0.17557728077648616,-0.015002741184903634,True,20,True,True,False,True,False,False,1,,TARGET_BEFORE_STOP,True,False,True,False,False,5,,TARGET_BEFORE_STOP,2025-06-24,2025-06-26,2025-06-30,2025-07-08,2025-07-22
SHOP|2025-06-24T00:00:00|Long,SHOP,2025-06-24,Long,-0.004632046738143769,0.0006991944794174643,-0.013633958954363479,True,-0.006729563497540725,0.00559342247762884,-0.05322492951711577,True,-0.015294529173266236,0.019052616151565838,-0.05322492951711577,True,-0.0008739597598440563,0.034347145324832073,-0.05322492951711577,True,0.06808251214988759,0.12995975664351445,-0.05322492951711577,True,20,True,True,True,False,True,False,9,2,STOP_BEFORE_TARGET,True,True,False,True,False,15,2,STOP_BEFORE_TARGET,2025-06-25,2025-06-27,2025-07-01,2025-07-09,2025-07-23
SHOP|2025-06-25T00:00:00|Long,SHOP,2025-06-25,Long,-0.007199927115802085,-0.0011414281685366845,-0.04881901473694361,True,0.012819379157932964,0.023794881894774855,-0.04881901473694361,True,0.007726729810641819,0.028843653347213394,-0.04881901473694361,True,0.011151148294556767,0.03916058572635328,-0.04881901473694361,True,0.0719115153683163,0.1352181401265693,-0.04881901473694361,True,20,True,True,True,False,True,False,6,1,STOP_BEFORE_TARGET,True,True,False,True,False,14,1,STOP_BEFORE_TARGET,2025-06-26,2025-06-30,2025-07-02,2025-07-10,2025-07-24
SHOP|2025-06-26T00:00:00|Long,SHOP,2025-06-26,Long,0.005129581963563279,0.01759969814398632,-0.0102590964521595,True,-0.0035376450602150333,0.031219587767085333,-0.0102590964521595,True,0.030512045260048914,0.03882550103030891,-0.011408869894835583,True,-0.008490307659535623,0.04669672586492957,-0.01538867841572289,True,0.1004687418502892,0.14345090329076093,-0.01538867841572289,True,20,True,True,False,True,False,False,2,,TARGET_BEFORE_STOP,True,False,True,False,False,13,,TARGET_BEFORE_STOP,2025-06-27,2025-07-01,2025-07-03,2025-07-11,2025-07-25
SHOP|2025-06-27T00:00:00|Long,SHOP,2025-06-27,Long,0.01495817796232135,0.02595685797303271,0.002727651160859601,True,0.009854774326003568,0.031016291056329193,-0.01645404946304574,True,0.026484840262365195,0.03352395519085127,-0.01645404946304574,True,0.0271887047637831,0.04232289919942045,-0.02041354741465562,True,0.11605802582420788,0.137615411792956,-0.02041354741465562,True,20,True,True,True,True,False,False,3,6,TARGET_BEFORE_STOP,True,False,True,False,False,12,,TARGET_BEFORE_STOP,2025-06-30,2025-07-02,2025-07-07,2025-07-14,2025-07-28
SHOP|2025-06-30T00:00:00|Long,SHOP,2025-06-30,Long,-0.023233639710684928,0.0066753730615236595,-0.028435187019380415,True,0.010143027173145525,0.01829215984623489,-0.03094928254919005,True,-0.02488075557132652,0.0260078026847399,-0.03485042649539605,True,-0.00260074058371651,0.0286086094097191,-0.03485042649539605,True,0.08235804183501005,0.12084954483236654,-0.03485042649539605,True,20,True,True,True,False,True,False,11,1,STOP_BEFORE_TARGET,True,True,False,True,False,12,2,STOP_BEFORE_TARGET,2025-07-01,2025-07-03,2025-07-08,2025-07-15,2025-07-29
SHOP|2025-07-01T00:00:00|Long,SHOP,2025-07-01,Long,0.01863848857947259,0.039984068128388284,-0.007899169291845642,True,0.03541320278696691,0.042513543919161956,-0.007899169291845642,True,0.01464455092477035,0.05041271321100749,-0.011893106946547882,True,0.06505726413577784,0.06665485274056215,-0.011893106946547882,True,0.09177246947124851,0.14751038774551417,-0.011893106946547882,True,20,True,True,False,True,False,False,1,,TARGET_BEFORE_STOP,True,False,True,False,False,4,,TARGET_BEFORE_STOP,2025-07-02,2025-07-07,2025-07-09,2025-07-16,2025-07-30
SHOP|2025-07-02T00:00:00|Long,SHOP,2025-07-02,Long,0.015247887524493686,0.02343820266695773,0.0017426556023933948,True,-0.01995289146217083,0.03119283728994482,-0.029972945130512407,True,0.0033981618057887797,0.03119283728994482,-0.029972945130512407,True,0.10438271070261762,0.10952339515977161,-0.029972945130512407,True,0.0648253259477265,0.1265138718111447,-0.029972945130512407,True,20,True,True,True,,,False,3,3,AMBIGUOUS,True,False,True,False,False,10,,TARGET_BEFORE_STOP,2025-07-03,2025-07-08,2025-07-10,2025-07-17,2025-07-31
SHOP|2025-07-03T00:00:00|Long,SHOP,2025-07-03,Long,0.0012015707438770562,0.004720246031611364,-0.01398899159267153,True,-0.018880853172193235,0.015705474457405888,-0.044541666336552876,True,-0.037847546856904835,0.015705474457405888,-0.044541666336552876,True,0.09054242495453768,0.10779270125164109,-0.044541666336552876,True,0.017851028930478963,0.10959489367464115,-0.044541666336552876,True,20,True,True,True,False,True,False,8,2,STOP_BEFORE_TARGET,True,True,False,True,False,9,2,STOP_BEFORE_TARGET,2025-07-07,2025-07-09,2025-07-11,2025-07-18,2025-08-01
SHOP|2025-07-07T00:00:00|Long,SHOP,2025-07-07,Long,-0.035830620383680234,0.01448649716235706,-0.045688339308580406,True,-0.012857877189379807,0.01448649716235706,-0.045688339308580406,True,0.0006857037472058902,0.015429413388128532,-0.045688339308580406,True,0.10089138217209492,0.10826323699255624,-0.045688339308580406,True,0.07328986074033761,0.10826323699255624,-0.045688339308580406,True,20,True,True,True,False,True,False,7,1,STOP_BEFORE_TARGET,True,True,False,True,False,8,1,STOP_BEFORE_TARGET,2025-07-08,2025-07-10,2025-07-14,2025-07-21,2025-08-04
SHOP|2025-07-08T00:00:00|Long,SHOP,2025-07-08,Long,0.016358430680800673,0.02178162228949798,0.0009778892040746001,True,-0.0032894980044398947,0.03609528304964682,-0.009690646646108636,True,0.022848503006074994,0.054854178385521646,-0.009690646646108636,True,0.09983993058662022,0.14944869690175921,-0.009690646646108636,True,0.12908958223436384,0.14944869690175921,-0.009690646646108636,True,20,True,True,False,True,False,False,2,,TARGET_BEFORE_STOP,True,False,True,False,False,4,,TARGET_BEFORE_STOP,2025-07-09,2025-07-11,2025-07-15,2025-07-22,2025-08-05
SHOP|2025-07-09T00:00:00|Long,SHOP,2025-07-09,Long,0.0073478303842506865,0.019419184977513826,-0.017144848580343375,True,0.021168633444764495,0.03621413051697098,-0.02562981379458873,True,0.049685097273779455,0.05125962758917746,-0.02562981379458873,True,0.06901678980677661,0.13094815982567187,-0.02562981379458873,True,0.354968459674492,0.3680020976830787,-0.02562981379458873,True,20,True,True,True,False,True,False,3,2,STOP_BEFORE_TARGET,True,False,True,False,False,5,,TARGET_BEFORE_STOP,2025-07-10,2025-07-14,2025-07-16,2025-07-23,2025-08-06
SHOP|2025-07-10T00:00:00|Long,SHOP,2025-07-10,Long,-0.02648491624493876,0.009986052969037429,-0.032737097538851234,True,-0.00095519804492461,0.03030564217425291,-0.032737097538851234,True,0.10064254922999827,0.10576582397060807,-0.032737097538851234,True,0.06009029132414123,0.12269875976630051,-0.032737097538851234,True,0.31182704515599724,0.36201807151490506,-0.032737097538851234,True,20,True,True,True,False,True,False,3,1,STOP_BEFORE_TARGET,True,True,False,True,False,5,1,STOP_BEFORE_TARGET,2025-07-11,2025-07-15,2025-07-17,2025-07-24,2025-08-07
SHOP|2025-07-11T00:00:00|Long,SHOP,2025-07-11,Long,0.041298699743209655,0.05664078529614036,-0.003434146232578983,True,0.0703773021737002,0.07198287084907107,-0.003434146232578983,True,0.13344036217132382,0.15136920103750517,-0.003434146232578983,True,0.10989206696772302,0.15324228509722215,-0.003434146232578983,True,0.33449290692928124,0.3990723864917456,-0.003434146232578983,True,20,True,True,False,True,False,False,1,,TARGET_BEFORE_STOP,True,False,True,False,False,1,,TARGET_BEFORE_STOP,2025-07-14,2025-07-16,2025-07-18,2025-07-25,2025-08-08
SHOP|2025-07-14T00:00:00|Long,SHOP,2025-07-14,Long,-0.014476570523702326,0.016361176092689833,-0.01790300133746414,True,0.08574612231800538,0.09080005711916184,-0.03554909715453114,True,0.10013701409908737,0.10750381747486903,-0.03554909715453114,True,0.08651703494039253,0.10750381747486903,-0.03554909715453114,True,0.2634915427369293,0.3435841097629,-0.03554909715453114,True,20,True,True,True,False,True,False,3,2,STOP_BEFORE_TARGET,True,True,False,True,False,3,2,STOP_BEFORE_TARGET,2025-07-15,2025-07-17,2025-07-21,2025-07-28,2025-08-11
SHOP|2025-07-15T00:00:00|Long,SHOP,2025-07-15,Long,0.04302474417158697,0.04458928394039341,-0.02138206561159761,True,0.10447628269648068,0.12194696572919828,-0.02138206561159761,True,0.07527158455457794,0.12377218476012408,-0.02138206561159761,True,0.08518031431910988,0.12377218476012408,-0.02138206561159761,True,0.29769664573230714,0.3633203124119271,-0.02138206561159761,True,20,True,True,True,,,False,1,1,AMBIGUOUS,True,False,True,False,False,2,,TARGET_BEFORE_STOP,2025-07-16,2025-07-18,2025-07-22,2025-07-29,2025-08-12
SHOP|2025-07-16T00:00:00|Long,SHOP,2025-07-16,Long,0.05624999999999991,0.06116663614908857,-0.0027500152587890403,True,0.07024993896484366,0.0774166107177734,-0.0027500152587890403,True,0.018416659037272076,0.0774166107177734,-0.009416643778483058,True,0.02508335113525395,0.0774166107177734,-0.009416643778483058,True,0.2507499694824218,0.3070833841959635,-0.03375002543131511,True,20,True,True,True,True,False,False,1,12,TARGET_BEFORE_STOP,True,True,True,False,False,1,12,TARGET_BEFORE_STOP,2025-07-17,2025-07-21,2025-07-23,2025-07-30,2025-08-13
SHOP|2025-07-17T00:00:00|Long,SHOP,2025-07-17,Long,0.002524652424648721,0.01838265744421852,-0.006785014677329837,True,-0.023984228130393248,0.02003939476238914,-0.0332149829149716,True,-0.03684416701337523,0.02003939476238914,-0.06216960357726209,True,-0.035818547657020416,0.02003939476238914,-0.06216960357726209,True,0.13822488577878445,0.23747539332162226,-0.08520712466870073,True,20,True,True,True,False,True,False,14,3,STOP_BEFORE_TARGET,True,True,False,True,False,14,3,STOP_BEFORE_TARGET,2025-07-18,2025-07-22,2025-07-24,2025-07-31,2025-08-14
SHOP|2025-07-18T00:00:00|Long,SHOP,2025-07-18,Long,0.010702707045118665,0.017470635056584527,-0.003698758336601049,True,-0.0382466406077242,0.017470635056584527,-0.06453133680597767,True,-0.020775945510260074,0.017470635056584527,-0.06453133680597767,True,-0.06665618352911762,0.017470635056584527,-0.08751084263231468,True,0.11332337735470577,0.23435906571348175,-0.08751084263231468,True,20,True,True,True,False,True,False,13,2,STOP_BEFORE_TARGET,True,True,False,True,False,13,2,STOP_BEFORE_TARGET,2025-07-21,2025-07-23,2025-07-25,2025-08-01,2025-08-15
SHOP|2025-07-21T00:00:00|Long,SHOP,2025-07-21,Long,-0.03675148999832245,-0.009281272143245145,-0.045861497283761876,True,-0.04944320802662483,-0.009281272143245145,-0.0744373625663377,True,-0.012380257171738185,-0.0021801665908657286,-0.0744373625663377,True,-0.025071975200040675,-0.0021801665908657286,-0.09717352985485672,True,0.11430357994047124,0.22128797826439262,-0.09717352985485672,True,20,True,True,True,False,True,False,12,1,STOP_BEFORE_TARGET,True,True,False,True,False,12,1,STOP_BEFORE_TARGET,2025-07-22,2025-07-24,2025-07-28,2025-08-04,2025-08-18
SHOP|2025-07-22T00:00:00|Long,SHOP,2025-07-22,Long,-0.012125131445322901,-0.004850040243807641,-0.03912372786120333,True,0.005820072961212119,0.01503516792592885,-0.03912372786120333,True,0.00921509496471673,0.03589034714146244,-0.03912372786120333,True,0.02659446237066776,0.03589034714146244,-0.06272736394518696,True,0.12561636917413765,0.2678846274698785,-0.06272736394518696,True,20,True,True,True,False,True,False,4,1,STOP_BEFORE_TARGET,True,True,False,True,False,11,1,STOP_BEFORE_TARGET,2025-07-23,2025-07-25,2025-07-29,2025-08-05,2025-08-19
SHOP|2025-07-23T00:00:00|Long,SHOP,2025-07-23,Long,-0.0010637202715967353,0.005236882370042828,-0.01227395476014348,True,0.037885584552027396,0.048604818398745975,-0.01227395476014348,True,0.006546134176834695,0.048604818398745975,-0.01227395476014348,True,0.2674903449546391,0.27968251829827984,-0.05122332201232982,True,0.12339411107626908,0.2834465860285251,-0.05122332201232982,True,20,True,True,True,True,False,False,3,7,TARGET_BEFORE_STOP,True,True,False,True,False,10,7,STOP_BEFORE_TARGET,2025-07-24,2025-07-28,2025-07-30,2025-08-06,2025-08-20
SHOP|2025-07-24T00:00:00|Long,SHOP,2025-07-24,Long,0.019249659558272514,0.028587793343903378,-0.003931875407389485,True,0.02269001148033878,0.049721428361623854,-0.003931875407389485,True,0.0010648529772949722,0.049721428361623854,-0.003931875407389485,True,0.23746727603496476,0.2848132679468567,-0.05021301434198655,True,0.11959363225543962,0.2848132679468567,-0.05021301434198655,True,20,True,True,True,True,False,False,2,6,TARGET_BEFORE_STOP,True,True,False,True,False,9,6,STOP_BEFORE_TARGET,2025-07-25,2025-07-29,2025-07-31,2025-08-07,2025-08-21
SHOP|2025-07-25T00:00:00|Long,SHOP,2025-07-25,Long,0.0193682876059158,0.029896275674555772,0.011090550912427943,True,-0.011412024153842681,0.029896275674555772,-0.018243161918339856,True,-0.04685366725673945,0.029896275674555772,-0.06815079431114379,True,0.20236277620685983,0.26054814529315173,-0.06815079431114379,True,0.14208792302349904,0.26054814529315173,-0.06815079431114379,True,20,True,True,True,False,True,False,8,5,STOP_BEFORE_TARGET,True,True,False,True,False,8,5,STOP_BEFORE_TARGET,2025-07-28,2025-07-30,2025-08-01,2025-08-08,2025-08-22
SHOP|2025-07-28T00:00:00|Long,SHOP,2025-07-28,Long,-0.015689040690827105,0.0061495303627534526,-0.028066837443847192,True,-0.036502659942405424,0.0061495303627534526,-0.037764060425961254,True,-0.012850814415634293,0.0061495303627534526,-0.08585619445019876,True,0.1628824050662454,0.23659737174448492,-0.08585619445019876,True,0.10793127433508665,0.23659737174448492,-0.08585619445019876,True,20,True,True,True,False,True,False,7,1,STOP_BEFORE_TARGET,True,True,False,True,False,7,2,STOP_BEFORE_TARGET,2025-07-29,2025-07-31,2025-08-04,2025-08-11,2025-08-25
SHOP|2025-07-29T00:00:00|Long,SHOP,2025-07-29,Long,-0.01473765607031241,0.008730508455000896,-0.02154581373558684,True,-0.05006007269832291,0.013856655010630048,-0.07128555574410922,True,0.0172206772299206,0.01906291479295308,-0.07128555574410922,True,0.1958350410609313,0.2563076333239003,-0.07128555574410922,True,0.1281538472161936,0.2563076333239003,-0.07128555574410922,True,20,True,True,True,False,True,False,6,1,STOP_BEFORE_TARGET,True,True,False,True,False,6,3,STOP_BEFORE_TARGET,2025-07-30,2025-08-01,2025-08-05,2025-08-12,2025-08-26
SHOP|2025-07-30T00:00:00|Long,SHOP,2025-07-30,Long,-0.0065035609939412264,0.029022027744301182,-0.007804235979196883,True,0.017884699699507012,0.029022027744301182,-0.05739374900725147,True,0.259247144186995,0.27136002498764666,-0.05739374900725147,True,0.22014465272238382,0.275099612873823,-0.05739374900725147,True,0.13722459117368202,0.275099612873823,-0.05739374900725147,True,20,True,True,True,False,True,False,4,2,STOP_BEFORE_TARGET,True,True,False,True,False,5,2,STOP_BEFORE_TARGET,2025-07-31,2025-08-04,2025-08-06,2025-08-13,2025-08-27
SHOP|2025-07-31T00:00:00|Long,SHOP,2025-07-31,Long,-0.029539322783697086,-0.01652889827509263,-0.05122332201232982,True,0.03919483635881904,0.04107687022394191,-0.05122332201232982,True,0.2361509570080087,0.2834465860285251,-0.05122332201232982,True,0.18050900379059986,0.2834465860285251,-0.05122332201232982,True,0.158170316230009,0.2834465860285251,-0.05122332201232982,True,20,True,True,True,False,True,False,3,1,STOP_BEFORE_TARGET,True,True,False,True,False,4,1,STOP_BEFORE_TARGET,2025-08-01,2025-08-05,2025-08-07,2025-08-14,2025-08-28
SHOP|2025-08-01T00:00:00|Long,SHOP,2025-08-01,Long,0.05573356404210994,0.05809443067701103,0.013743717569846048,True,0.30607079164747253,0.31863407589986803,0.013743717569846048,True,0.26146713773353847,0.32251271603296705,0.013743717569846048,True,0.192833077915868,0.32251271603296705,0.013743717569846048,True,0.1912310337012748,0.32251271603296705,0.013743717569846048,True,20,True,True,False,True,False,False,1,,TARGET_BEFORE_STOP,True,False,True,False,False,1,,TARGET_BEFORE_STOP,2025-08-04,2025-08-06,2025-08-08,2025-08-15,2025-08-29
SHOP|2025-08-04T00:00:00|Long,SHOP,2025-08-04,Long,0.014295990165447803,0.01613293097381252,-0.017650340233464012,True,0.20653309183637725,0.2526955295135582,-0.017650340233464012,True,0.17802093345987036,0.2526955295135582,-0.017650340233464012,True,0.14295984072168788,0.2526955295135582,-0.017650340233464012,True,0.11045439104531729,0.2526955295135582,-0.017650340233464012,True,20,True,True,False,True,False,False,2,,TARGET_BEFORE_STOP,True,False,True,False,False,2,,TARGET_BEFORE_STOP,2025-08-05,2025-08-07,2025-08-11,2025-08-18,2025-09-02
SHOP|2025-08-05T00:00:00|Long,SHOP,2025-08-05,Long,0.2196849913109007,0.23141731802872778,0.14259843000276828,True,0.17803150086890995,0.2350394181379183,0.14259843000276828,True,0.17559057521069144,0.2350394181379183,0.14259843000276828,True,0.09645669291338588,0.2350394181379183,0.09425197811577268,True,0.10409449780081204,0.2350394181379183,0.05039365272822338,True,20,True,True,False,True,False,False,1,,TARGET_BEFORE_STOP,True,False,True,False,False,1,,TARGET_BEFORE_STOP,2025-08-06,2025-08-08,2025-08-12,2025-08-19,2025-09-03
SHOP|2025-08-06T00:00:00|Long,SHOP,2025-08-06,Long,-0.024725543726135335,0.012588846248337449,-0.04777271909661662,True,-0.04777271909661662,0.012588846248337449,-0.049580329105200494,True,-0.031052277263536543,0.012588846248337449,-0.050484134109492484,True,-0.11368625761289486,0.012588846248337449,-0.13008389083572258,True,-0.06294383721225749,0.012588846248337449,-0.1387992307757474,True,20,True,False,True,False,True,False,,1,STOP_BEFORE_TARGET,False,True,False,True,False,,1,STOP_BEFORE_TARGET,2025-08-07,2025-08-11,2025-08-13,2025-08-20,2025-09-04
SHOP|2025-08-07T00:00:00|Long,SHOP,2025-08-07,Long,-0.009664437963081585,-0.0022506889534331664,-0.020123177318695507,True,-0.01171645056362669,0.014893757138511043,-0.026411632354004677,True,-0.04501226399733993,0.014893757138511043,-0.05388240056788918,True,-0.09525394817486432,0.014893757138511043,-0.10802943359361583,True,-0.028132652372743094,0.014893757138511043,-0.11696572827862439,True,20,True,False,True,False,True,False,,1,STOP_BEFORE_TARGET,False,True,False,True,False,,5,STOP_BEFORE_TARGET,2025-08-08,2025-08-12,2025-08-14,2025-08-21,2025-09-05
SHOP|2025-08-08T00:00:00|Long,SHOP,2025-08-08,Long,-0.014103339360628131,0.02479785240780541,-0.015974863845318876,True,0.0032083131179792,0.02479785240780541,-0.01691062608766425,True,-0.054408123497362126,0.02479785240780541,-0.05955486682547939,True,-0.050130338676578234,0.02479785240780541,-0.0993249151108111,True,-0.022658909002195915,0.02479785240780541,-0.10834841686876917,True,20,True,False,True,False,True,False,,4,STOP_BEFORE_TARGET,False,True,False,True,False,,4,STOP_BEFORE_TARGET,2025-08-11,2025-08-13,2025-08-15,2025-08-22,2025-09-08
SHOP|2025-08-11T00:00:00|Long,SHOP,2025-08-11,Long,0.012203410520391866,0.021694894564353806,-0.002847445213188582,True,-0.021898276118908933,0.028135551840571926,-0.030983100503177985,True,-0.029762707726430082,0.028135551840571926,-0.050372831700211895,True,-0.04725424556408897,0.028135551840571926,-0.08644067796610166,True,-0.02752540717690677,0.028135551840571926,-0.09559326171875004,True,20,True,False,True,False,True,False,,3,STOP_BEFORE_TARGET,False,True,False,True,False,,3,STOP_BEFORE_TARGET,2025-08-12,2025-08-14,2025-08-18,2025-08-25,2025-09-09
SHOP|2025-08-12T00:00:00|Long,SHOP,2025-08-12,Long,0.005291314601373109,0.015740058919569533,-0.006095134919681833,True,-0.052444753322210325,0.015740058919569533,-0.05760218303903353,True,-0.06731415168339805,0.015740058919569533,-0.0691895620891152,True,-0.05659743319169808,0.015740058919569533,-0.09745480746382684,True,-0.04755529777889067,0.015740058919569533,-0.10649704507883617,True,20,True,False,True,False,True,False,,2,STOP_BEFORE_TARGET,False,True,False,True,False,,2,STOP_BEFORE_TARGET,2025-08-13,2025-08-15,2025-08-19,2025-08-26,2025-09-10
SHOP|2025-08-13T00:00:00|Long,SHOP,2025-08-13,Long,-0.038776682040336685,-0.010593619672767174,-0.04770473607042003,True,-0.046505402743999835,-0.010593619672767174,-0.06675987246421367,True,-0.08528218644860086,-0.010593619672767174,-0.10220532155491835,True,-0.06795920579063386,-0.010593619672767174,-0.10220532155491835,True,-0.03371309002634937,-0.010127184027974745,-0.11119996567814439,True,20,True,False,True,False,True,False,,1,STOP_BEFORE_TARGET,False,True,False,True,False,,1,STOP_BEFORE_TARGET,2025-08-14,2025-08-18,2025-08-20,2025-08-27,2025-09-11
SHOP|2025-08-14T00:00:00|Long,SHOP,2025-08-14,Long,-0.019408074920895357,0.006584854232402071,-0.02474531932137891,True,-0.0347958974408874,0.006584854232402071,-0.03673669435642701,True,-0.052609768988053696,0.006584854232402071,-0.0659874124248444,True,-0.01892292857476019,0.006584854232402071,-0.0659874124248444,True,-0.006168984288429269,0.029805246582214284,-0.07534490922623127,True,20,True,False,True,False,True,False,,1,STOP_BEFORE_TARGET,False,True,False,True,False,,3,STOP_BEFORE_TARGET,2025-08-15,2025-08-19,2025-08-21,2025-08-28,2025-09-12
SHOP|2025-08-15T00:00:00|Long,SHOP,2025-08-15,Long,0.011592559380061873,0.013430366014631323,-0.00989604781511444,True,-0.02954695623455328,0.020781808270571966,-0.04750124523021282,True,0.004523922981028328,0.020781808270571966,-0.04750124523021282,True,-0.0013430581732294389,0.020781808270571966,-0.04750124523021282,True,0.04538063273873627,0.050187361576671696,-0.05704394751244102,True,20,True,True,True,False,True,False,14,3,STOP_BEFORE_TARGET,True,True,False,True,False,15,3,STOP_BEFORE_TARGET,2025-08-18,2025-08-20,2025-08-22,2025-08-29,2025-09-15
SHOP|2025-08-18T00:00:00|Long,SHOP,2025-08-18,Long,-0.026972263251268225,0.009083942744835483,-0.02892879164273432,True,-0.044930528314910845,0.009083942744835483,-0.05841660662914472,True,-0.01802810299805191,0.009083942744835483,-0.05841660662914472,True,-0.028439712856268118,0.009083942744835483,-0.06784995229162782,True,0.028649333282296574,0.049332663884309236,-0.06784995229162782,True,20,True,True,True,False,True,False,13,1,STOP_BEFORE_TARGET,False,True,False,True,False,,2,STOP_BEFORE_TARGET,2025-08-19,2025-08-21,2025-08-25,2025-09-02,2025-09-16
SHOP|2025-08-19T00:00:00|Long,SHOP,2025-08-19,Long,-0.014075452164216795,-0.005170565319232545,-0.032315978456014416,True,0.020538604024068707,0.028150794750056107,-0.032315978456014416,True,0.011490169504600578,0.028150794750056107,-0.032315978456014416,True,0.006965897455677661,0.03554755438594026,-0.042010815824169656,True,0.06190301699955114,0.0784200945705229,-0.042010815824169656,True,20,True,True,True,False,True,False,7,1,STOP_BEFORE_TARGET,True,True,False,True,False,12,1,STOP_BEFORE_TARGET,2025-08-20,2025-08-22,2025-08-26,2025-09-03,2025-09-17
SHOP|2025-08-20T00:00:00|Long,SHOP,2025-08-20,Long,-0.004443154200468369,0.00488027868380736,-0.01755399898882315,True,0.02359972067601035,0.04282908566072763,-0.01755399898882315,True,0.018938059805253538,0.04282908566072763,-0.01755399898882315,True,0.05725108161357517,0.060601702462601326,-0.02833418005594257,True,0.10794674083297284,0.11391944172546031,-0.02833418005594257,True,20,True,True,True,True,False,False,2,8,TARGET_BEFORE_STOP,True,False,True,False,False,6,,TARGET_BEFORE_STOP,2025-08-21,2025-08-25,2025-08-27,2025-09-04,2025-09-18
SHOP|2025-08-21T00:00:00|Long,SHOP,2025-08-21,Long,0.03972789161213108,0.04748321510785414,-0.00947467250760814,True,0.030509318489839732,0.04748321510785414,-0.00947467250760814,True,0.03555751295568155,0.055019056741531625,-0.00947467250760814,True,0.07418799525758413,0.08260176433944455,-0.02399765111984875,True,0.12159797531889627,0.13498692709763715,-0.02399765111984875,True,20,True,True,True,True,False,False,1,7,TARGET_BEFORE_STOP,True,False,True,False,False,5,,TARGET_BEFORE_STOP,2025-08-22,2025-08-26,2025-08-28,2025-09-05,2025-09-19
SHOP|2025-08-22T00:00:00|Long,SHOP,2025-08-22,Long,-0.011118160750606565,0.005249470086986063,-0.018366058680893693,True,-0.015621710021591628,0.005249470086986063,-0.03398776870248543,True,-0.00584055891555757,0.014706891344129502,-0.03398776870248543,True,0.028921262350991572,0.045457791050045326,-0.06129059655519231,True,,,,False,20,False,True,True,False,True,False,9,2,STOP_BEFORE_TARGET,True,True,False,True,False,16,3,STOP_BEFORE_TARGET,2025-08-25,2025-08-27,2025-08-29,2025-09-08,
SHOP|2025-08-25T00:00:00|Long,SHOP,2025-08-25,Long,0.0022771459972850128,0.004625303509076417,-0.01003347096247964,True,0.00718703846587343,0.026115407392190093,-0.02312673470597648,True,-0.010602757461800949,0.026115407392190093,-0.05073653273142209,True,0.02070734851908429,0.05721204450836681,-0.05073653273142209,True,,,,False,20,False,True,True,False,True,False,7,2,STOP_BEFORE_TARGET,True,True,False,True,False,8,5,STOP_BEFORE_TARGET,2025-08-26,2025-08-28,2025-09-02,2025-09-09,
SHOP|2025-08-26T00:00:00|Long,SHOP,2025-08-26,Long,-0.006815808819785496,0.011714546148274385,-0.025346163787845488,True,0.003052841016316643,0.02378410152332222,-0.025346163787845488,True,-0.004472877923409446,0.02378410152332222,-0.05289323311463667,True,0.0095845991212411,0.05481008793872122,-0.05289323311463667,True,,,,False,20,False,True,True,False,True,False,6,1,STOP_BEFORE_TARGET,True,True,False,True,False,7,4,STOP_BEFORE_TARGET,2025-08-27,2025-08-29,2025-09-03,2025-09-10,
SHOP|2025-08-27T00:00:00|Long,SHOP,2025-08-27,Long,0.011794938192032589,0.03080990476373313,0.005003909867012268,True,-0.006076246388049711,0.03080990476373313,-0.04639363443763311,True,0.03760093308875345,0.040889279045392524,-0.04639363443763311,True,0.036743151133566965,0.062048809582113895,-0.04639363443763311,True,,,,False,20,False,True,True,True,False,False,1,3,TARGET_BEFORE_STOP,True,True,False,True,False,6,3,STOP_BEFORE_TARGET,2025-08-28,2025-09-02,2025-09-04,2025-09-11,
SHOP|2025-08-28T00:00:00|Long,SHOP,2025-08-28,Long,-0.0018368978321932072,0.010950990004813477,-0.011516106410492055,True,-0.009325929970628422,0.010950990004813477,-0.05751024286960982,True,0.03730404329899906,0.0454289122479441,-0.05751024286960982,True,0.01299994124600512,0.049668039928999264,-0.05751024286960982,True,,,,False,20,False,True,True,False,True,False,5,2,STOP_BEFORE_TARGET,True,True,False,True,False,12,2,STOP_BEFORE_TARGET,2025-08-29,2025-09-03,2025-09-05,2025-09-12,
SHOP|2025-08-29T00:00:00|Long,SHOP,2025-08-29,Long,-0.015855078655991006,-0.013873099320590776,-0.05577579948257494,True,0.027392377906465537,0.030648371096172466,-0.05577579948257494,True,0.03496604249780155,0.051599721177164604,-0.05577579948257494,True,0.046786527940713585,0.051599721177164604,-0.05577579948257494,True,,,,False,20,False,True,True,False,True,False,3,1,STOP_BEFORE_TARGET,True,True,False,True,False,5,1,STOP_BEFORE_TARGET,2025-09-02,2025-09-04,2025-09-08,2025-09-15,
SHOP|2025-09-02T00:00:00|Long,SHOP,2025-09-02,Long,0.008486823874782168,0.014003210008642242,-0.00666705077026486,True,0.05595522449483514,0.06422618214741349,-0.00666705077026486,True,0.031645636994663606,0.06854153120155826,-0.00666705077026486,True,0.058760168456863715,0.08004894577280264,-0.00666705077026486,True,,,,False,20,False,True,,True,False,False,2,,TARGET_BEFORE_STOP,True,,True,False,False,3,,TARGET_BEFORE_STOP,2025-09-03,2025-09-05,2025-09-09,2025-09-16,
SHOP|2025-09-03T00:00:00|Long,SHOP,2025-09-03,Long,0.035158983261036614,0.03843959023481047,-0.0010483752142944613,True,0.042789901210713355,0.059549322713047914,-0.0010483752142944613,True,0.01412063692983856,0.059549322713047914,-0.0010483752142944613,True,0.054557080515521106,0.07095989774369715,-0.0010483752142944613,True,,,,False,20,False,True,,True,False,False,1,,TARGET_BEFORE_STOP,True,,True,False,False,2,,TARGET_BEFORE_STOP,2025-09-04,2025-09-08,2025-09-10,2025-09-17,
SHOP|2025-09-04T00:00:00|Long,SHOP,2025-09-04,Long,0.011505432297333584,0.019428229023763288,-0.001584538320429374,True,-0.011780857919275078,0.02356192608711649,-0.01584559345285963,True,-0.0008266973629573737,0.02356192608711649,-0.026524223262952673,True,0.04795044441290708,0.053599718266921004,-0.026524223262952673,True,,,,False,20,False,True,True,False,True,False,8,4,STOP_BEFORE_TARGET,True,,True,False,False,10,,TARGET_BEFORE_STOP,2025-09-05,2025-09-09,2025-09-11,2025-09-18,
SHOP|2025-09-05T00:00:00|Long,SHOP,2025-09-05,Long,-0.004086678065548965,0.011919356441220774,-0.018675958709606588,True,-0.03146717167623014,0.011919356441220774,-0.03759708484601321,True,-0.023430065861594573,0.011919356441220774,-0.03759708484601321,True,0.04413564503664302,0.05659989881517302,-0.03759708484601321,True,,,,False,20,False,True,True,False,True,False,9,2,STOP_BEFORE_TARGET,True,True,False,True,False,10,3,STOP_BEFORE_TARGET,2025-09-08,2025-09-10,2025-09-12,2025-09-19,
SHOP|2025-09-08T00:00:00|Long,SHOP,2025-09-08,Long,-0.019012438490550787,0.002667209590976327,-0.0230474291413858,True,-0.008138438185416708,0.005266066653211832,-0.0336479149765504,True,0.011421133600078681,0.013541209896110518,-0.0336479149765504,True,,,,False,,,,False,20,False,True,True,False,True,False,8,1,STOP_BEFORE_TARGET,True,True,False,True,False,9,2,STOP_BEFORE_TARGET,2025-09-09,2025-09-11,2025-09-15,,
SHOP|2025-09-09T00:00:00|Long,SHOP,2025-09-09,Long,-0.008644767652388974,0.014082572769657409,-0.014919125440775227,True,-0.0004182763355589092,0.024749044836414713,-0.014919125440775227,True,0.026282795651798363,0.04691854164104736,-0.014919125440775227,True,,,,False,,,,False,20,False,True,,True,False,False,4,,TARGET_BEFORE_STOP,True,,True,False,False,7,,TARGET_BEFORE_STOP,2025-09-10,2025-09-12,2025-09-16,,
SHOP|2025-09-10T00:00:00|Long,SHOP,2025-09-10,Long,0.019901560420460207,0.03368501158734438,-0.001054809421261571,True,0.040014082725172484,0.04219409373253269,-0.0047819457832249945,True,0.039873405700627806,0.0560478297591247,-0.0047819457832249945,True,,,,False,,,,False,20,False,True,,True,False,False,1,,TARGET_BEFORE_STOP,True,,True,False,False,4,,TARGET_BEFORE_STOP,2025-09-11,2025-09-15,2025-09-17,,
SHOP|2025-09-11T00:00:00|Long,SHOP,2025-09-11,Long,-0.01137691450301459,-0.002827026584571013,-0.024201851591941104,True,0.015031427655789908,0.03544093934297243,-0.024201851591941104,True,0.04881749907361477,0.05447144703149576,-0.024201851591941104,True,,,,False,,,,False,20,False,True,True,False,True,False,3,1,STOP_BEFORE_TARGET,True,,True,False,False,5,,TARGET_BEFORE_STOP,2025-09-12,2025-09-16,2025-09-18,,
SHOP|2025-09-12T00:00:00|Long,SHOP,2025-09-12,Long,0.031454835773802925,0.0336169054351001,-0.003417530174898209,True,0.03131531651184383,0.04735662613264946,-0.003417530174898209,True,0.0691867612715813,0.08195005997944782,-0.003417530174898209,True,,,,False,,,,False,20,False,True,,True,False,False,1,,TARGET_BEFORE_STOP,True,,True,False,False,4,,TARGET_BEFORE_STOP,2025-09-15,2025-09-17,2025-09-19,,
SHOP|2025-09-15T00:00:00|Long,SHOP,2025-09-15,Long,-0.0045979625301753035,0.015416855694817544,-0.01818921125504136,True,0.028534730124547547,0.03407933806838326,-0.01818921125504136,True,,,,False,,,,False,,,,False,20,False,True,,True,False,False,3,,TARGET_BEFORE_STOP,,,,,,,,CENSORED,2025-09-16,2025-09-18,,,
SHOP|2025-09-16T00:00:00|Long,SHOP,2025-09-16,Long,0.0044833120930640735,0.012838796980167544,-0.012499229079284802,True,0.041369445419072504,0.05380067799561661,-0.012499229079284802,True,,,,False,,,,False,,,,False,20,False,True,,True,False,False,2,,TARGET_BEFORE_STOP,True,,True,False,False,3,,TARGET_BEFORE_STOP,2025-09-17,2025-09-19,,,
SHOP|2025-09-17T00:00:00|Long,SHOP,2025-09-17,Long,0.02867387322089132,0.034219231255020244,0.002164112631268811,True,,,,False,,,,False,,,,False,,,,False,20,False,True,,True,False,False,1,,TARGET_BEFORE_STOP,,,,,,,,CENSORED,2025-09-18,,,,
SHOP|2025-09-18T00:00:00|Long,SHOP,2025-09-18,Long,0.007823301798904003,0.019854080996272172,-0.0023667123062720563,True,,,,False,,,,False,,,,False,,,,False,20,False,,,,,,,,CENSORED,,,,,,,,CENSORED,2025-09-19,,,,
SHOP|2025-09-19T00:00:00|Long,SHOP,2025-09-19,Long,,,,False,,,,False,,,,False,,,,False,,,,False,20,False,,,,,,,,CENSORED,,,,,,,,CENSORED,,,,,
