timestamp,open,high,low,close,volume
2021-09-23,133.60000610351562,134.09800720214844,132.6020050048828,132.843994140625,4357500
2021-09-24,132.4199981689453,133.39999389648438,131.0,133.26199340820312,2499000
2021-09-27,131.9759979248047,132.0,129.24200439453125,129.91200256347656,4512500
2021-09-28,126.73400115966797,127.36799621582031,122.0,122.50399780273438,9944000
2021-09-29,124.0,124.76799774169922,121.43599700927734,123.60399627685547,6143000
2021-09-30,124.04000091552734,125.39800262451172,123.64800262451172,124.4540023803711,4742000
2021-10-01,124.75599670410156,127.08200073242188,122.86599731445312,126.55999755859375,5244500
2021-10-04,127.08000183105469,127.61000061035156,121.89399719238281,123.59400177001953,5868500
2021-10-05,124.49400329589844,127.90799713134766,124.4000015258789,126.68399810791016,5331000
2021-10-06,125.46800231933594,127.1520004272461,124.27999877929688,125.87200164794922,5191500
2021-10-07,127.28600311279297,129.6719970703125,127.08599853515625,127.58399963378906,5107000
2021-10-08,128.0,128.73199462890625,123.38400268554688,123.51599884033203,8578000
2021-10-11,123.60399627685547,125.46199798583984,122.4280014038086,123.16999816894531,4575500
2021-10-12,124.47200012207031,126.5999984741211,124.0479965209961,125.82599639892578,3980000
2021-10-13,126.0,128.21600341796875,126.0,127.88200378417969,5554000
2021-10-14,130.0,132.552001953125,129.72000122070312,130.6060028076172,6630000
2021-10-15,131.3719940185547,133.1219940185547,130.97999572753906,132.63600158691406,4596500
2021-10-18,132.6999969482422,133.25999450683594,131.46600341796875,133.24400329589844,5673500
2021-10-19,134.47999572753906,137.53799438476562,134.45799255371094,136.0500030517578,7362500
2021-10-20,136.8459930419922,137.3459930419922,134.23599243164062,136.2220001220703,4362000
2021-10-21,136.0,137.45799255371094,135.37399291992188,137.26800537109375,3247500
2021-10-22,137.1999969482422,138.593994140625,136.6840057373047,137.3300018310547,4642500
2021-10-25,137.3300018310547,138.69400024414062,136.89999389648438,137.77000427246094,2930500
2021-10-26,138.53799438476562,138.60000610351562,135.11000061035156,135.3419952392578,5542500
2021-10-27,135.13999938964844,136.96600341796875,132.7220001220703,132.95199584960938,7502500
2021-10-28,134.302001953125,138.8000030517578,134.25999450683594,137.5399932861328,10566500
2021-10-29,137.27000427246094,139.68600463867188,136.42999267578125,139.552001953125,5535500
2021-11-01,140.0,140.96400451660156,135.33200073242188,136.39599609375,5817500
2021-11-02,137.197998046875,137.5,136.10000610351562,137.3179931640625,3413000
2021-11-03,137.82000732421875,137.82000732421875,134.44400024414062,137.53399658203125,3312500
2021-11-04,138.0,141.52000427246094,137.8280029296875,140.3459930419922,4167500
2021-11-05,140.39999389648438,140.54800415039062,137.3800048828125,138.40199279785156,2980500
2021-11-08,138.74400329589844,139.3179931640625,137.8300018310547,138.45599365234375,3990500
2021-11-09,139.06199645996094,139.45599365234375,137.1199951171875,138.25399780273438,2499000
2021-11-10,137.35800170898438,137.58599853515625,132.76400756835938,134.1820068359375,6399000
2021-11-11,135.93800354003906,136.26800537109375,134.7779998779297,135.85000610351562,5075000
2021-11-12,137.0,138.34800720214844,136.28799438476562,138.27999877929688,4958500
2021-11-15,137.89199829101562,137.97999572753906,135.74200439453125,136.51400756835938,4060000
2021-11-16,136.9980010986328,138.51199340820312,136.4219970703125,138.50999450683594,4633500
2021-11-17,138.86599731445312,139.1219940185547,136.77999877929688,136.98599243164062,3457500
2021-11-18,136.49400329589844,136.91200256347656,134.8280029296875,135.16799926757812,3757000
2021-11-19,136.06199645996094,137.45199584960938,134.83599853515625,135.19400024414062,5256500
2021-11-22,135.14199829101562,136.79200744628906,130.27200317382812,131.2760009765625,5971000
2021-11-23,130.0,130.88600158691406,125.48200225830078,127.38200378417969,9223500
2021-11-24,125.99199676513672,129.88400268554688,124.8280029296875,129.86199951171875,4185000
2021-11-26,128.9040069580078,132.21400451660156,128.9040069580078,129.91000366210938,3647500
2021-11-29,131.92599487304688,135.3000030517578,130.2220001220703,134.56399536132812,5407000
2021-11-30,134.92599487304688,135.9239959716797,128.52999877929688,129.5399932861328,10732000
2021-12-01,130.07200622558594,131.5919952392578,119.86799621582031,119.91400146484375,11590500
2021-12-02,119.91400146484375,125.16000366210938,119.72799682617188,124.67400360107422,7300000
2021-12-03,125.53800201416016,125.75199890136719,118.63200378417969,122.62200164794922,9274000
2021-12-06,120.31600189208984,123.93199920654297,118.80999755859375,123.30799865722656,7201500
2021-12-07,126.197998046875,133.6320037841797,126.0,132.67799377441406,9250000
2021-12-08,132.0,134.593994140625,130.2100067138672,133.16200256347656,4651000
2021-12-09,133.1999969482422,133.82200622558594,128.25,128.42999267578125,5445500
2021-12-10,129.43800354003906,131.63600158691406,128.0399932861328,129.39999389648438,4251500
2021-12-13,128.92999267578125,132.23399353027344,128.53399658203125,131.18800354003906,4997500
2021-12-14,128.41799926757812,129.3800048828125,121.43800354003906,124.93800354003906,8298500
2021-12-15,125.33200073242188,129.61399841308594,124.91600036621094,129.4080047607422,7907500
2021-12-16,127.87799835205078,128.75999450683594,121.33799743652344,121.7959976196289,7941500
2021-12-17,119.33999633789062,124.12999725341797,117.40399932861328,123.1259994506836,17093500
2021-12-20,121.0,122.81199645996094,120.24400329589844,121.0739974975586,4983500
2021-12-21,122.5,127.06800079345703,121.0,126.26399993896484,5645500
2021-12-22,126.29199981689453,129.7779998779297,125.12000274658203,128.78599548339844,5053500
2021-12-23,129.19200134277344,130.33799743652344,128.20599365234375,129.71400451660156,3323500
2021-12-27,131.1959991455078,132.99000549316406,130.3939971923828,132.656005859375,3404500
2021-12-28,133.5279998779297,133.5279998779297,130.60000610351562,130.8000030517578,2411000
2021-12-29,131.03599548339844,131.77200317382812,129.20399475097656,130.91600036621094,2209000
2021-12-30,131.24000549316406,132.63400268554688,130.76800537109375,130.9080047607422,2454500
2021-12-31,130.4040069580078,131.71800231933594,129.7740020751953,129.82200622558594,2323000
2022-01-03,129.6320037841797,130.28199768066406,125.08399963378906,126.02799987792969,5218500
2022-01-04,125.6780014038086,125.76399993896484,115.39399719238281,120.78800201416016,14903000
2022-01-05,117.80000305175781,121.5,114.2959976196289,114.552001953125,10480500
2022-01-06,113.4800033569336,117.88999938964844,111.0,114.80799865722656,8372500
2022-01-07,114.13800048828125,117.11599731445312,111.66600036621094,113.27799987792969,5952500
2022-01-10,110.0199966430664,114.62000274658203,107.16200256347656,114.4000015258789,9838000
2022-01-11,113.97599792480469,116.0479965209961,112.3499984741211,115.68800354003906,6700000
2022-01-12,117.46399688720703,118.30400085449219,113.92400360107422,114.6780014038086,8586000
2022-01-13,115.00399780273438,115.16799926757812,104.0,104.25199890136719,19524500
2022-01-14,104.25199890136719,107.70800018310547,102.93199920654297,106.2040023803711,16188000
2022-01-18,104.94000244140625,108.89199829101562,103.51799774169922,104.46800231933594,11933000
2022-01-19,105.08399963378906,108.74600219726562,104.12799835205078,104.25800323486328,12852500
2022-01-20,106.44200134277344,108.55999755859375,102.74400329589844,103.0,9428000
2022-01-21,102.0,105.7760009765625,101.4260025024414,101.5479965209961,13028000
2022-01-24,100.05799865722656,105.52400207519531,96.88600158691406,105.16799926757812,17102500
2022-01-25,103.08999633789062,103.5199966430664,96.88800048828125,99.01599884033203,14393500
2022-01-26,102.85600280761719,104.197998046875,95.87000274658203,96.88400268554688,17376500
2022-01-27,110.70600128173828,111.39800262451172,103.62799835205078,105.73799896240234,27530500
2022-01-28,105.73799896240234,112.69999694824219,101.55999755859375,112.21600341796875,19039000
2022-01-31,113.4540023803711,117.68000030517578,112.99199676513672,117.15599822998047,13270500
2022-02-01,116.9800033569336,118.14199829101562,115.39199829101562,117.30799865722656,9208500
2022-02-02,118.97000122070312,118.97000122070312,114.61599731445312,116.2300033569336,6566000
2022-02-03,113.64199829101562,116.40799713134766,111.86000061035156,112.16999816894531,6779000
2022-02-04,111.99800109863281,117.4739990234375,110.95600128173828,115.50399780273438,6252000
2022-02-07,115.5979995727539,117.68800354003906,114.09400177001953,114.63999938964844,4942500
2022-02-08,112.83999633789062,118.4000015258789,112.79399871826172,118.25399780273438,6982000
2022-02-09,119.7699966430664,122.86599731445312,119.5999984741211,122.79399871826172,8327000
2022-02-10,120.09400177001953,124.28199768066406,119.99199676513672,122.09200286865234,9906500
2022-02-11,120.69000244140625,122.0,115.52400207519531,116.74400329589844,10700000
2022-02-14,115.77400207519531,117.86599731445312,114.83599853515625,115.91600036621094,6200000
2022-02-15,117.56199645996094,118.7760009765625,116.24400329589844,118.33200073242188,4935000
2022-02-16,117.16799926757812,118.60600280761719,115.2959976196289,118.1780014038086,5502000
2022-02-17,116.81600189208984,117.43199920654297,112.91799926757812,113.1500015258789,5346500
2022-02-18,113.19200134277344,113.80000305175781,110.30400085449219,111.2020034790039,6383500
2022-02-22,108.81400299072266,112.38999938964844,107.87999725341797,110.02999877929688,5810000
2022-02-23,110.02999877929688,110.68399810791016,104.53199768066406,104.94000244140625,9319500
2022-02-24,101.6500015258789,115.19400024414062,100.49199676513672,114.79000091552734,11838000
2022-02-25,113.79199981689453,116.05999755859375,112.80999755859375,116.0459976196289,5269500
2022-02-28,115.63999938964844,117.10800170898438,114.18399810791016,115.98400115966797,7480500
2022-03-01,116.76399993896484,119.91600036621094,113.35800170898438,114.21399688720703,7942500
2022-03-02,115.66400146484375,118.1520004272461,112.00399780273438,117.41200256347656,5450500
2022-03-03,118.40399932861328,118.66600036621094,111.33999633789062,112.46199798583984,7343000
2022-03-04,111.0979995727539,113.81999969482422,108.48200225830078,109.41400146484375,6907000
2022-03-07,110.67400360107422,112.62000274658203,103.73600006103516,103.92400360107422,10728000
2022-03-08,102.0,107.18000030517578,100.89199829101562,103.63999938964844,7397500
2022-03-09,107.29199981689453,113.15599822998047,106.62200164794922,111.91600036621094,8238500
2022-03-10,109.71600341796875,110.38400268554688,106.18399810791016,106.71800231933594,8821500
2022-03-11,108.52799987792969,108.91000366210938,102.27200317382812,102.43000030517578,6144500
2022-03-14,102.99199676513672,105.26399993896484,98.41000366210938,99.0199966430664,8188000
2022-03-15,100.03600311279297,103.5199966430664,98.26200103759766,102.84400177001953,6658000
2022-03-16,105.7020034790039,109.75199890136719,103.47799682617188,109.4800033569336,9127000
2022-03-17,108.07599639892578,113.59400177001953,108.07599639892578,113.33599853515625,6424000
2022-03-18,115.5199966430664,116.77200317382812,113.3499984741211,115.97599792480469,11542500
2022-03-21,115.0,116.12200164794922,111.0739974975586,113.95999908447266,7081500
2022-03-22,114.14199829101562,119.5479965209961,114.0199966430664,117.73200225830078,6755000
2022-03-23,114.72799682617188,115.96600341796875,112.49400329589844,113.59200286865234,5564500
2022-03-24,114.0,116.5459976196289,112.46199798583984,116.21800231933594,4927500
2022-03-25,116.20800018310547,116.72200012207031,111.36000061035156,112.3740005493164,6785500
2022-03-28,113.46600341796875,116.7760009765625,112.39600372314453,116.552001953125,6531500
2022-03-29,118.04399871826172,120.3239974975586,115.52799987792969,119.55000305175781,6589500
2022-03-30,118.02400207519531,118.20999908447266,114.14399719238281,114.7979965209961,7574000
2022-03-31,114.7979965209961,115.39800262451172,111.27799987792969,111.37799835205078,10197000
2022-04-01,111.22000122070312,112.30400085449219,108.80599975585938,109.73799896240234,9659000
2022-04-04,109.5999984741211,115.16200256347656,109.30400085449219,114.96399688720703,7663500
2022-04-05,114.0,114.2959976196289,110.15799713134766,110.64399719238281,5778500
2022-04-06,108.56400299072266,108.56400299072266,103.93599700927734,105.58999633789062,8124500
2022-04-07,105.1259994506836,108.37999725341797,103.98799896240234,105.95600128173828,5777500
2022-04-08,105.0,105.8759994506836,102.84400177001953,103.12000274658203,6205000
2022-04-11,101.5739974975586,103.9540023803711,99.91400146484375,102.28399658203125,7114000
2022-04-12,104.51799774169922,106.82599639892578,101.79000091552734,102.04199981689453,8622000
2022-04-13,102.81400299072266,105.92400360107422,102.16200256347656,105.21399688720703,6946500
2022-04-14,104.9800033569336,105.18199920654297,101.34400177001953,101.46600341796875,6044000
2022-04-18,101.33399963378906,101.33399963378906,98.68000030517578,99.50599670410156,6549500
2022-04-19,99.75599670410156,104.14399719238281,98.41400146484375,102.87999725341797,7547500
2022-04-20,104.0719985961914,104.41999816894531,100.59600067138672,101.04399871826172,5947000
2022-04-21,102.30999755859375,104.33799743652344,97.76799774169922,98.33399963378906,7071500
2022-04-22,98.69000244140625,99.5459976196289,93.81999969482422,94.27999877929688,8805000
2022-04-25,92.94999694824219,95.47599792480469,92.85199737548828,94.4540023803711,9075500
2022-04-26,94.38400268554688,94.43199920654297,90.78399658203125,91.19999694824219,9471000
2022-04-27,92.5479965209961,94.88200378417969,91.88600158691406,93.25800323486328,13400500
2022-04-28,101.5999984741211,102.80000305175781,96.9520034790039,100.80400085449219,18817000
2022-04-29,97.83599853515625,101.7979965209961,95.41600036621094,95.62000274658203,7276000
2022-05-02,94.93800354003906,97.06199645996094,93.80400085449219,96.9000015258789,7055000
2022-05-03,96.39600372314453,97.6780014038086,93.92400360107422,96.37200164794922,6524500
2022-05-04,97.0479965209961,100.22200012207031,92.01799774169922,99.89199829101562,9247500
2022-05-05,98.97799682617188,99.09600067138672,92.39600372314453,93.86599731445312,9589500
2022-05-06,92.51200103759766,93.69400024414062,87.6240005493164,91.3479995727539,9826500
2022-05-09,88.5999984741211,90.06199645996094,84.52200317382812,85.17400360107422,14239500
2022-05-10,88.19999694824219,88.88200378417969,83.31199645996094,86.46399688720703,9477500
2022-05-11,85.23400115966797,89.59600067138672,83.74199676513672,84.0719985961914,9473500
2022-05-12,83.71800231933594,88.62200164794922,81.29399871826172,86.58799743652344,13509500
2022-05-13,87.5479965209961,91.93800354003906,87.26799774169922,90.52999877929688,10467500
2022-05-16,89.25,90.35800170898438,86.15599822998047,86.58599853515625,8314000
2022-05-17,89.18399810791016,90.2959976196289,83.41200256347656,86.56999969482422,10688000
2022-05-18,85.69999694824219,86.92400360107422,81.64399719238281,82.44999694824219,8893500
2022-05-19,82.89600372314453,87.14399719238281,82.06400299072266,85.35199737548828,10223500
2022-05-20,87.53399658203125,89.33599853515625,83.9739990234375,86.60600280761719,8626500
2022-05-23,86.18399810791016,87.78600311279297,84.86199951171875,86.02400207519531,9763500
2022-05-24,85.30000305175781,86.02200317382812,82.20800018310547,83.93000030517578,8662500
2022-05-25,84.69000244140625,91.5199966430664,84.3740005493164,90.45800018310547,16292000
2022-05-26,90.02799987792969,92.1500015258789,88.80000305175781,90.9739990234375,8949500
2022-05-27,92.63800048828125,95.99400329589844,92.5780029296875,95.25800323486328,9751000
2022-05-31,94.41000366210938,95.2760009765625,92.52999877929688,93.49400329589844,12059000
2022-06-01,98.20800018310547,99.39600372314453,94.14600372314453,95.0260009765625,8349500
2022-06-02,93.93199920654297,102.14600372314453,93.93199920654297,100.95999908447266,10023500
2022-06-03,99.16799926757812,101.13200378417969,96.94000244140625,98.49600219726562,5644500
2022-06-06,99.40399932861328,100.2020034790039,97.4800033569336,98.50800323486328,4721500
2022-06-07,97.54000091552734,102.08999633789062,97.04000091552734,101.28600311279297,6485000
2022-06-08,100.38400268554688,101.87200164794922,100.10600280761719,101.08399963378906,5577000
2022-06-09,100.1259994506836,101.55599975585938,98.38800048828125,98.44400024414062,4766000
2022-06-10,96.5459976196289,97.58000183105469,93.76000213623047,94.62999725341797,6218000
2022-06-13,90.0,91.7699966430664,87.80000305175781,88.0739974975586,7466500
2022-06-14,88.37999725341797,90.30400085449219,87.5739974975586,88.94999694824219,5394000
2022-06-15,89.90399932861328,95.09200286865234,89.81400299072266,93.19000244140625,9754000
2022-06-16,89.53800201416016,91.1240005493164,84.83399963378906,85.61599731445312,15154500
2022-06-17,86.0260009765625,90.20999908447266,85.80599975585938,88.75800323486328,11812000
2022-06-21,89.97200012207031,92.30799865722656,89.97000122070312,91.05400085449219,5681000
2022-06-22,90.04199981689453,93.22000122070312,89.66600036621094,91.7300033569336,4919000
2022-06-23,93.25800323486328,97.3499984741211,93.25800323486328,97.10600280761719,7197000
2022-06-24,99.03199768066406,101.2760009765625,98.7979965209961,100.81800079345703,8501000
2022-06-27,101.27400207519531,101.94000244140625,97.84600067138672,99.33999633789062,5636000
2022-06-28,99.33999633789062,100.052001953125,94.2040023803711,94.68800354003906,6272000
2022-06-29,94.72200012207031,96.69200134277344,93.5,95.55799865722656,4892500
2022-06-30,94.5479965209961,95.98400115966797,91.9280014038086,95.10399627685547,8870500
2022-07-01,94.98600006103516,97.08999633789062,93.81800079345703,96.87200164794922,7529000
2022-07-05,96.04199981689453,99.5,94.802001953125,99.18599700927734,7318000
2022-07-06,100.0739974975586,101.29000091552734,97.58000183105469,98.66200256347656,5267500
2022-07-07,98.03399658203125,100.38200378417969,98.03399658203125,99.41000366210938,6259500
2022-07-08,97.85600280761719,99.88400268554688,97.16600036621094,98.83000183105469,7431000
2022-07-11,97.79399871826172,99.10800170898438,96.12000274658203,98.08000183105469,4795500
2022-07-12,92.25,93.34600067138672,84.95800018310547,85.58799743652344,34321500
2022-07-13,83.2020034790039,86.94200134277344,82.33200073242188,84.55400085449219,15932000
2022-07-14,83.30000305175781,86.08599853515625,81.5,84.19400024414062,10826500
2022-07-15,86.2699966430664,88.1520004272461,85.51799774169922,87.1240005493164,10787000
2022-07-18,87.51799774169922,88.49600219726562,85.2020034790039,85.3479995727539,9056500
2022-07-19,86.44400024414062,87.38200378417969,84.052001953125,87.18800354003906,7114000
2022-07-20,88.58000183105469,91.65799713134766,88.197998046875,91.37000274658203,7318000
2022-07-21,89.87999725341797,92.16600036621094,88.00199890136719,92.05799865722656,10239500
2022-07-22,92.12200164794922,93.1760025024414,88.76799774169922,89.35399627685547,6256500
2022-07-25,89.08599853515625,89.13800048828125,87.33200073242188,88.0,5156500
2022-07-26,88.72000122070312,88.72000122070312,83.55599975585938,84.56400299072266,9172500
2022-07-27,86.41000366210938,90.0260009765625,85.72599792480469,89.72000122070312,11276000
2022-07-28,86.24600219726562,89.26200103759766,84.73799896240234,87.30000305175781,19571000
2022-07-29,85.84600067138672,89.75399780273438,85.28600311279297,89.33200073242188,10098000
2022-08-01,87.7979965209961,91.11399841308594,87.13999938964844,90.75399780273438,8647500
2022-08-02,88.93199920654297,92.21399688720703,88.44999694824219,90.88800048828125,5564500
2022-08-03,92.1500015258789,94.58200073242188,91.43199920654297,94.29000091552734,7002500
2022-08-04,93.55799865722656,99.09600067138672,92.72599792480469,98.5999984741211,16632500
2022-08-05,95.61599731445312,100.65399932861328,95.052001953125,98.97000122070312,14888500
2022-08-08,99.0199966430664,100.69599914550781,98.39800262451172,98.98999786376953,8184500
2022-08-09,98.45600128173828,99.55400085449219,96.697998046875,97.49199676513672,4916500
2022-08-10,100.39199829101562,103.3239974975586,100.19599914550781,103.23999786376953,9159500
2022-08-11,104.0,104.31600189208984,99.48400115966797,99.88999938964844,7409000
2022-08-12,100.88800048828125,101.5999984741211,98.5979995727539,101.302001953125,8311000
2022-08-15,100.4000015258789,102.19999694824219,99.71199798583984,100.81400299072266,4964500
2022-08-16,99.80000305175781,100.08000183105469,98.30999755859375,99.3479995727539,7162000
2022-08-17,97.80000305175781,98.73200225830078,97.09600067138672,97.75199890136719,4377000
2022-08-18,97.27200317382812,98.09200286865234,96.04399871826172,97.91999816894531,4908000
2022-08-19,96.83399963378906,96.93800354003906,94.66400146484375,95.25199890136719,4907000
2022-08-22,93.31400299072266,93.8479995727539,91.15399932861328,91.94200134277344,5096500
2022-08-23,91.99800109863281,92.81400299072266,91.2760009765625,91.99800109863281,3951000
2022-08-24,92.05799865722656,92.68399810791016,91.03199768066406,91.50399780273438,4176500
2022-08-25,91.27999877929688,93.26599884033203,90.66000366210938,93.20600128173828,5283500
2022-08-26,93.45800018310547,93.5,88.93399810791016,88.93800354003906,4490000
2022-08-29,88.0,89.51599884033203,87.10199737548828,87.15599822998047,4299500
2022-08-30,88.5,88.81600189208984,85.9020004272461,87.36799621582031,4802500
2022-08-31,88.0,89.19999694824219,86.76799774169922,86.92400360107422,6980000
2022-09-01,85.96199798583984,86.33999633789062,83.33599853515625,86.11199951171875,7897000
2022-09-02,87.67400360107422,89.49800109863281,86.25599670410156,86.9020004272461,7788500
2022-09-06,86.02200317382812,87.552001953125,84.87000274658203,86.09400177001953,4799000
2022-09-07,86.197998046875,89.27799987792969,86.04000091552734,88.83200073242188,4409000
2022-09-08,87.80799865722656,90.6500015258789,87.61599731445312,90.15399932861328,6056500
2022-09-09,91.61599731445312,94.38400268554688,91.50199890136719,94.00599670410156,6960000
2022-09-12,95.04000091552734,96.53800201416016,93.85199737548828,95.25800323486328,5875000
2022-09-13,90.0,91.6760025024414,89.87999725341797,90.47599792480469,7248000
2022-09-14,90.8740005493164,92.11399841308594,89.64199829101562,91.49800109863281,5157500
2022-09-15,88.98400115966797,91.56199645996094,86.84200286865234,87.11000061035156,9825000
2022-09-16,86.29399871826172,86.802001953125,84.22200012207031,85.16000366210938,10690500
2022-09-19,84.55999755859375,85.30000305175781,83.76799774169922,85.01000213623047,4428000
2022-09-20,84.30000305175781,84.30000305175781,82.2020034790039,82.23999786376953,8290500
2022-09-21,83.03800201416016,83.78800201416016,80.27799987792969,80.28600311279297,12609500
2022-09-22,79.9739990234375,80.89199829101562,77.33999633789062,77.39399719238281,12089500
2022-09-23,76.58599853515625,77.46600341796875,74.87200164794922,75.40799713134766,11061000
2022-09-26,75.2959976196289,76.52200317382812,73.54199981689453,74.0199966430664,11886000
2022-09-27,75.35199737548828,75.86000061035156,74.23999786376953,75.79000091552734,10637000
2022-09-28,75.68800354003906,78.0780029296875,75.28399658203125,77.7699966430664,7694000
2022-09-29,76.57599639892578,77.26200103759766,75.5479965209961,77.0999984741211,7487000
2022-09-30,77.0,79.21600341796875,75.43599700927734,75.52200317382812,9128500
2022-10-03,76.01599884033203,78.80400085449219,74.94599914550781,78.34200286865234,11638000
2022-10-04,80.4260025024414,82.73200225830078,80.16600036621094,82.30999755859375,9894000
2022-10-05,80.55000305175781,85.1500015258789,80.4020004272461,84.11599731445312,8859000
2022-10-06,84.42400360107422,86.6780014038086,83.30799865722656,83.68599700927734,8718000
2022-10-07,82.0,82.48600006103516,79.79199981689453,80.24199676513672,6177500
2022-10-10,80.27799987792969,80.44200134277344,75.43000030517578,76.35600280761719,8951500
2022-10-11,76.33000183105469,76.34400177001953,73.3759994506836,74.26000213623047,10214000
2022-10-12,74.49800109863281,75.26200103759766,73.18800354003906,73.82599639892578,9183000
2022-10-13,69.55000305175781,73.31400299072266,67.4000015258789,72.37999725341797,13700000
2022-10-14,73.2040023803711,73.37000274658203,68.18000030517578,68.35199737548828,16005500
2022-10-17,70.28600311279297,71.7760009765625,69.50199890136719,69.72200012207031,12858000
2022-10-18,72.46800231933594,73.49400329589844,70.20999908447266,71.35800170898438,10497000
2022-10-19,70.14199829101562,71.97200012207031,70.10399627685547,71.08799743652344,6921000
2022-10-20,71.22599792480469,73.29399871826172,70.20800018310547,71.25199890136719,8278500
2022-10-21,70.66200256347656,72.3280029296875,69.45800018310547,72.13400268554688,7256500
2022-10-24,73.5999984741211,74.18000030517578,71.8499984741211,73.31199645996094,8328500
2022-10-25,73.71600341796875,75.5,73.0,75.33200073242188,10662500
2022-10-26,70.76000213623047,76.51599884033203,70.19999694824219,73.28199768066406,18000000
2022-10-27,85.39199829101562,85.5260009765625,81.72200012207031,83.13400268554688,28129000
2022-10-28,83.24600219726562,84.28800201416016,80.75399780273438,84.08000183105469,15611000
2022-10-31,83.5999984741211,85.64600372314453,82.98200225830078,84.14800262451172,9492500
2022-11-01,85.41600036621094,86.0479965209961,83.31999969482422,83.71199798583984,6799500
2022-11-02,83.86599731445312,83.86599731445312,78.46800231933594,78.53600311279297,8858500
2022-11-03,78.1240005493164,79.1240005493164,76.97200012207031,77.11199951171875,6895500
2022-11-04,77.7020034790039,77.98600006103516,70.83599853515625,72.3499984741211,14191500
2022-11-07,73.0,73.01599884033203,70.25,72.63999938964844,8592000
2022-11-08,73.0,75.05799865722656,71.81999969482422,74.22799682617188,7861500
2022-11-09,73.0,73.76599884033203,72.23999786376953,72.25399780273438,5763000
2022-11-10,78.6520004272461,82.11000061035156,78.12799835205078,80.81199645996094,14567500
2022-11-11,81.39800262451172,84.89199829101562,80.94400024414062,81.98200225830078,10721500
2022-11-14,80.302001953125,81.31999969482422,78.24400329589844,80.08000183105469,7794500
2022-11-15,82.84200286865234,85.0780029296875,82.84200286865234,83.89600372314453,9238000
2022-11-16,83.08000183105469,83.5,81.08399963378906,82.44000244140625,5841500
2022-11-17,80.56999969482422,81.75399780273438,79.56999969482422,80.11599731445312,7628000
2022-11-18,81.58200073242188,82.0,78.85600280761719,79.8759994506836,6026500
2022-11-21,78.83999633789062,79.19400024414062,76.5,77.47599792480469,6676000
2022-11-22,77.89800262451172,80.38600158691406,76.80999755859375,80.05599975585938,6877500
2022-11-23,79.96800231933594,82.12000274658203,79.3499984741211,81.8740005493164,5204000
2022-11-25,81.33599853515625,81.9219970703125,80.7959976196289,81.44200134277344,2007000
2022-11-28,80.78800201416016,81.24400329589844,79.49600219726562,80.38600158691406,5231500
2022-11-29,80.17400360107422,80.43399810791016,78.93599700927734,79.37000274658203,5098000
2022-11-30,78.8219985961914,83.4540023803711,78.60199737548828,83.26000213623047,10441000
2022-12-01,83.23200225830078,86.28399658203125,82.94400024414062,85.12000274658203,8899000
2022-12-02,83.44599914550781,84.31999969482422,81.94599914550781,82.5739974975586,6224500
2022-12-05,81.19999694824219,81.9739990234375,77.03399658203125,78.4520034790039,8584000
2022-12-06,78.447998046875,78.96399688720703,76.31199645996094,77.83000183105469,7368000
2022-12-07,77.85399627685547,79.16000366210938,77.01000213623047,77.7040023803711,5061500
2022-12-08,78.41799926757812,79.60800170898438,77.04399871826172,79.24600219726562,5162000
2022-12-09,78.81400299072266,80.65399932861328,78.61000061035156,78.71600341796875,4192500
2022-12-12,79.11199951171875,81.41200256347656,78.94200134277344,80.3280029296875,7379500
2022-12-13,84.88600158691406,86.43399810791016,82.0199966430664,83.23400115966797,9725000
2022-12-14,83.302001953125,85.84600067138672,82.30999755859375,83.6780014038086,7478500
2022-12-15,81.6500015258789,82.77400207519531,79.94200134277344,80.12799835205078,5811000
2022-12-16,79.96600341796875,80.87200164794922,78.4280014038086,78.8740005493164,9362500
2022-12-19,78.86000061035156,79.5979995727539,76.2020034790039,76.45999908447266,6984000
2022-12-20,75.30000305175781,77.67400360107422,75.16400146484375,77.29399871826172,4774000
2022-12-21,77.4260025024414,79.0719985961914,76.2300033569336,78.38200378417969,4816000
2022-12-22,76.79399871826172,77.35399627685547,74.7300033569336,75.98799896240234,6415000
2022-12-23,75.0,76.37999725341797,74.29399871826172,76.37200164794922,4283000
2022-12-27,76.02999877929688,76.76599884033203,74.8219985961914,76.12799835205078,4144500
2022-12-28,76.08599853515625,77.1240005493164,74.5479965209961,75.20999908447266,3860500
2022-12-29,76.19000244140625,78.42400360107422,75.802001953125,77.97000122070312,4602500
2022-12-30,76.76000213623047,77.93399810791016,76.45800018310547,77.65399932861328,3496500
2023-01-03,79.01599884033203,79.7300033569336,76.12999725341797,77.0999984741211,5440000
2023-01-04,78.19000244140625,79.41200256347656,76.947998046875,78.7699966430664,7024500
2023-01-05,77.69000244140625,77.94000244140625,73.05000305175781,73.26399993896484,8950000
2023-01-06,74.31800079345703,74.31800079345703,70.7239990234375,73.30599975585938,13383500
2023-01-09,74.7760009765625,78.5979995727539,74.63800048828125,75.71199798583984,10439000
2023-01-10,74.8740005493164,76.75399780273438,74.8740005493164,76.16799926757812,5323000
2023-01-11,76.96399688720703,78.78399658203125,76.64199829101562,78.75599670410156,6292000
2023-01-12,81.96600341796875,84.16799926757812,79.16999816894531,82.6520004272461,11570000
2023-01-13,81.73400115966797,83.47000122070312,81.61199951171875,82.97799682617188,5590500
2023-01-17,83.0,83.88400268554688,81.58999633789062,83.64800262451172,6743500
2023-01-18,84.15799713134766,86.30000305175781,82.9280014038086,83.23999786376953,8633500
2023-01-19,83.2040023803711,86.85399627685547,83.05999755859375,85.68599700927734,13394500
2023-01-20,85.83999633789062,88.64800262451172,85.71600341796875,88.36599731445312,7613500
2023-01-23,88.19999694824219,90.15599822998047,87.35600280761719,88.48799896240234,9031500
2023-01-24,88.0,89.19200134277344,87.4000015258789,88.68199920654297,7077000
2023-01-25,85.74800109863281,89.85800170898438,85.45600128173828,89.75399780273438,17240500
2023-01-26,92.37200164794922,95.5459976196289,88.93199920654297,92.61399841308594,31754500
2023-01-27,91.49600219726562,93.4260025024414,90.33000183105469,91.77200317382812,11756500
2023-01-30,90.39800262451172,90.63600158691406,88.02400207519531,88.51399993896484,11596000
2023-01-31,88.90399932861328,91.0780029296875,88.46199798583984,91.0260009765625,10181000
2023-02-01,91.23799896240234,95.50199890136719,90.6520004272461,94.76200103759766,11307500
2023-02-02,96.95999908447266,98.92400360107422,95.89199829101562,98.25399780273438,11498500
2023-02-03,95.6259994506836,96.94000244140625,93.77999877929688,94.44400024414062,8753500
2023-02-06,91.10199737548828,93.03399658203125,90.55000305175781,91.04399871826172,12298500
2023-02-07,90.96600341796875,93.24800109863281,90.10199737548828,92.6520004272461,6713000
2023-02-08,92.91799926757812,94.44400024414062,92.19400024414062,92.7959976196289,7829500
2023-02-09,94.05000305175781,94.88600158691406,92.21199798583984,92.66000366210938,7613500
2023-02-10,91.72200012207031,92.197998046875,90.8740005493164,91.6719970703125,8278000
2023-02-13,91.85600280761719,92.76000213623047,90.40399932861328,92.20800018310547,5892000
2023-02-14,91.3280029296875,93.89600372314453,91.12000274658203,92.2699966430664,4889500
2023-02-15,91.7959976196289,92.9000015258789,91.30400085449219,92.78199768066406,5279500
2023-02-16,90.0,92.197998046875,89.85199737548828,90.73799896240234,5752500
2023-02-17,90.0,90.59400177001953,86.87799835205078,87.802001953125,9820500
2023-02-21,86.36399841308594,87.41999816894531,85.70999908447266,86.37200164794922,5492500
2023-02-22,87.52999877929688,89.41400146484375,87.05799865722656,87.96800231933594,6185500
2023-02-23,88.08200073242188,88.55599975585938,86.75599670410156,88.34200286865234,4734000
2023-02-24,86.46399688720703,86.91600036621094,84.75199890136719,85.11799621582031,5430000
2023-02-27,86.24800109863281,87.52799987792969,85.53199768066406,85.71399688720703,7410500
2023-02-28,85.13200378417969,86.84400177001953,85.13200378417969,86.43399810791016,7343500
2023-03-01,86.38800048828125,87.08399963378906,85.20800018310547,85.78800201416016,4587500
2023-03-02,85.74199676513672,87.28399658203125,85.11599731445312,87.20800018310547,5783000
2023-03-03,87.96399688720703,89.07599639892578,87.82599639892578,88.7959976196289,4957500
2023-03-06,89.0999984741211,90.97799682617188,88.8740005493164,89.2040023803711,5470000
2023-03-07,89.12000274658203,90.90799713134766,88.75199890136719,88.96199798583984,6076000
2023-03-08,88.86599731445312,90.10399627685547,88.30000305175781,89.39399719238281,4088000
2023-03-09,88.84600067138672,90.16000366210938,85.61799621582031,85.69999694824219,7347000
2023-03-10,85.5999984741211,85.84600067138672,81.86199951171875,83.01599884033203,9421000
2023-03-13,82.58999633789062,85.18599700927734,81.0739974975586,82.98600006103516,8422500
2023-03-14,84.55999755859375,85.19599914550781,83.38600158691406,84.90799713134766,5682000
2023-03-15,83.74400329589844,84.53399658203125,82.95999908447266,84.4520034790039,5934000
2023-03-16,84.56800079345703,88.58000183105469,84.30000305175781,88.47799682617188,10371500
2023-03-17,88.7300033569336,88.73200225830078,86.91999816894531,88.19999694824219,14587000
2023-03-20,87.60800170898438,87.89800262451172,85.16999816894531,87.02999877929688,6895500
2023-03-21,87.22000122070312,89.5739974975586,87.22000122070312,89.09200286865234,6410000
2023-03-22,89.43599700927734,89.75199890136719,86.69400024414062,86.7020034790039,4657500
2023-03-23,88.09400177001953,90.39399719238281,87.53399658203125,88.09400177001953,5827500
2023-03-24,87.76599884033203,87.84400177001953,85.4219970703125,86.58000183105469,4613500
2023-03-27,86.69999694824219,87.5479965209961,86.0260009765625,86.26200103759766,4676000
2023-03-28,85.80400085449219,86.38200378417969,85.4020004272461,85.81600189208984,5445500
2023-03-29,86.70999908447266,87.7979965209961,86.25800323486328,87.68800354003906,6522500
2023-03-30,88.70800018310547,88.76799774169922,87.61599731445312,87.9260025024414,5393500
2023-03-31,88.62000274658203,93.08200073242188,88.3239974975586,92.94400024414062,12269500
2023-04-03,92.30599975585938,93.1780014038086,91.48200225830078,92.89800262451172,6793000
2023-04-04,95.08799743652344,96.46600341796875,94.47599792480469,95.20999908447266,11236000
2023-04-05,95.1500015258789,95.19999694824219,92.05799865722656,93.46600341796875,6729000
2023-04-06,92.79000091552734,94.7300033569336,91.49199676513672,94.6259994506836,8457500
2023-04-10,93.2300033569336,94.60600280761719,91.2760009765625,94.52799987792969,6213000
2023-04-11,93.2020034790039,94.77799987792969,92.86599731445312,93.96399688720703,4889500
2023-04-12,94.91799926757812,96.16600036621094,93.89600372314453,94.28600311279297,8112500
2023-04-13,95.06400299072266,97.11599731445312,94.58999633789062,96.69999694824219,8001000
2023-04-14,93.35600280761719,93.96399688720703,90.93800354003906,92.60600280761719,15376000
2023-04-17,93.00199890136719,94.33799743652344,92.71399688720703,94.11000061035156,5354000
2023-04-18,95.6259994506836,95.6259994506836,94.00199890136719,95.197998046875,5905000
2023-04-19,95.0,95.66999816894531,94.63400268554688,95.11799621582031,5093000
2023-04-20,94.66400146484375,94.75599670410156,93.08000183105469,93.53800201416016,5193000
2023-04-21,94.03800201416016,94.83200073242188,93.02200317382812,94.66200256347656,5459500
2023-04-24,94.80000305175781,95.31999969482422,93.05000305175781,94.5999984741211,6116500
2023-04-25,93.3499984741211,93.6500015258789,88.39600372314453,88.45600128173828,10293000
2023-04-26,90.0,90.9000015258789,89.1760025024414,90.80599975585938,14455500
2023-04-27,88.0459976196289,91.7300033569336,85.53600311279297,90.86799621582031,24276500
2023-04-28,90.8479995727539,92.33599853515625,89.83999633789062,91.88400268554688,11800500
2023-05-01,91.26200103759766,91.26200103759766,89.86000061035156,90.08200073242188,7120500
2023-05-02,90.10600280761719,90.19999694824219,87.87799835205078,88.73600006103516,6421500
2023-05-03,88.70600128173828,89.37999725341797,87.29000091552734,87.41600036621094,5960000
2023-05-04,87.81199645996094,88.50800323486328,85.79399871826172,86.10199737548828,8294000
2023-05-05,86.5999984741211,87.93399810791016,86.30999755859375,86.95999908447266,6513000
2023-05-08,87.37999725341797,87.91400146484375,85.80999755859375,87.7979965209961,7233000
2023-05-09,87.44400024414062,89.16799926757812,87.01399993896484,88.27799987792969,5857500
2023-05-10,89.83599853515625,91.99800109863281,89.25,90.8280029296875,7688500
2023-05-11,90.7979965209961,91.09200286865234,89.48999786376953,90.51399993896484,10094000
2023-05-12,90.5999984741211,91.49400329589844,89.33000183105469,91.04000091552734,6106500
2023-05-15,90.66000366210938,92.93000030517578,90.447998046875,92.62799835205078,7506000
2023-05-16,92.58000183105469,95.5999984741211,92.35399627685547,93.64800262451172,8142500
2023-05-17,95.89800262451172,98.98799896240234,95.43199920654297,98.58399963378906,16088000
2023-05-18,100.0,102.52200317382812,99.16400146484375,102.03399658203125,14300500
2023-05-19,102.0,102.34600067138672,100.55000305175781,102.05999755859375,8511000
2023-05-22,101.31999969482422,103.41799926757812,101.23400115966797,102.27799987792969,6804500
2023-05-23,101.5,102.35600280761719,99.97000122070312,100.02799987792969,5620000
2023-05-24,99.34400177001953,101.25199890136719,98.82599639892578,100.51000213623047,5495000
2023-05-25,104.65799713134766,107.95999908447266,103.55999755859375,106.35600280761719,15816500
2023-05-26,106.9280014038086,109.91200256347656,106.36199951171875,107.49199676513672,10671500
2023-05-30,109.5999984741211,111.31600189208984,108.8740005493164,109.8239974975586,9686500
2023-05-31,107.86599731445312,109.6520004272461,106.75800323486328,108.95600128173828,11929000
2023-06-01,106.95999908447266,110.1240005493164,106.40399932861328,108.59200286865234,7398500
2023-06-02,109.19999694824219,110.88800048828125,108.25599670410156,109.63600158691406,6391000
2023-06-05,109.61599731445312,111.97200012207031,108.4739990234375,111.34200286865234,6581000
2023-06-06,111.30000305175781,112.72599792480469,111.03600311279297,111.16000366210938,6941000
2023-06-07,111.11000061035156,111.56400299072266,105.447998046875,105.66400146484375,12033000
2023-06-08,105.91799926757812,108.29000091552734,105.22200012207031,107.06800079345703,7291500
2023-06-09,107.64800262451172,109.0,106.30799865722656,106.80599975585938,6849000
2023-06-12,107.80400085449219,109.37999725341797,106.4260025024414,109.2699966430664,6478000
2023-06-13,111.19999694824219,111.91799926757812,109.85399627685547,110.94400024414062,6727000
2023-06-14,110.98999786376953,113.59600067138672,110.80000305175781,113.46199798583984,6418500
2023-06-15,112.61000061035156,115.33599853515625,112.4219970703125,114.8740005493164,6595500
2023-06-16,114.8740005493164,114.93000030517578,112.98999786376953,113.09600067138672,10442500
2023-06-20,111.66000366210938,113.9260025024414,111.08799743652344,111.89800262451172,5590500
2023-06-21,111.55799865722656,111.93000030517578,109.11799621582031,109.36000061035156,5645000
2023-06-22,108.64399719238281,110.0459976196289,107.802001953125,109.9739990234375,6190000
2023-06-23,108.24600219726562,110.3280029296875,107.3759994506836,108.5979995727539,6842500
2023-06-26,108.26599884033203,110.22599792480469,107.3280029296875,107.59400177001953,4832500
2023-06-27,108.22799682617188,109.01599884033203,107.00199890136719,107.99199676513672,4270500
2023-06-28,107.78600311279297,109.83599853515625,107.45999908447266,109.73400115966797,4805000
2023-06-29,109.99400329589844,110.14800262451172,108.53600311279297,109.61599731445312,3551000
2023-06-30,111.15799713134766,113.32599639892578,110.80599975585938,112.39399719238281,6629500
2023-07-03,112.16999816894531,112.91200256347656,111.18800354003906,112.5739974975586,2367000
2023-07-05,111.27999877929688,113.44599914550781,111.23200225830078,113.1520004272461,5581000
2023-07-06,111.4000015258789,112.10600280761719,109.68599700927734,111.16600036621094,5089500
2023-07-07,111.05599975585938,112.66000366210938,110.55599975585938,110.59600067138672,4280000
2023-07-10,110.5999984741211,113.16999816894531,110.5999984741211,113.12000274658203,5885500
2023-07-11,113.44200134277344,114.25399780273438,111.50800323486328,112.28800201416016,5671500
2023-07-12,114.1719970703125,114.1719970703125,111.447998046875,112.26799774169922,5840500
2023-07-13,113.3239974975586,115.88800048828125,113.0,115.48999786376953,6570500
2023-07-14,115.4000015258789,116.85199737548828,115.19999694824219,116.07599639892578,4582500
2023-07-17,116.53399658203125,118.99800109863281,116.4000015258789,118.47599792480469,5216000
2023-07-18,117.96199798583984,120.4000015258789,116.78399658203125,119.4260025024414,6320000
2023-07-19,122.18000030517578,122.87200164794922,119.90799713134766,120.6500015258789,8686000
2023-07-20,119.52400207519531,120.1760025024414,115.15599822998047,115.7760009765625,7756000
2023-07-21,118.12999725341797,118.60199737548828,116.19999694824219,116.40399932861328,4050000
2023-07-24,117.30000305175781,117.44400024414062,115.20999908447266,115.60800170898438,4876500
2023-07-25,115.80000305175781,117.52799987792969,115.80000305175781,116.47599792480469,5395500
2023-07-26,114.78399658203125,117.01799774169922,114.24199676513672,115.4540023803711,9125500
2023-07-27,119.5999984741211,120.13200378417969,111.34200286865234,111.97799682617188,15372000
2023-07-28,113.50800323486328,113.93599700927734,111.8740005493164,113.90799713134766,10209500
2023-07-31,114.76399993896484,116.7300033569336,114.5999984741211,116.5999984741211,8349000
2023-08-01,115.64800262451172,118.30000305175781,115.04199981689453,118.0780029296875,5513000
2023-08-02,115.97799682617188,116.5719985961914,112.20999908447266,112.63400268554688,8727500
2023-08-03,111.59400177001953,112.50199890136719,111.19999694824219,112.08000183105469,4318500
2023-08-04,112.87999725341797,112.99600219726562,110.00199890136719,110.32599639892578,8170500
2023-08-07,111.0719985961914,111.38200378417969,109.81199645996094,110.97799682617188,6136000
2023-08-08,109.39800262451172,110.75199890136719,108.3499984741211,110.56600189208984,5425500
2023-08-09,110.30400085449219,111.0,109.0199966430664,110.06600189208984,4696000
2023-08-10,111.56600189208984,113.21399688720703,110.02799987792969,111.0,5647500
2023-08-11,110.15399932861328,111.71399688720703,110.00199890136719,111.48799896240234,4008500
2023-08-14,110.38600158691406,113.3499984741211,110.1520004272461,113.24199676513672,3854500
2023-08-15,113.49800109863281,114.7959976196289,111.69400024414062,111.91999816894531,4153500
2023-08-16,111.4000015258789,112.19599914550781,109.65399932861328,109.9000015258789,4946000
2023-08-17,110.08999633789062,110.41000366210938,108.14199829101562,108.72799682617188,4951500
2023-08-18,106.79199981689453,108.68000030517578,106.50800323486328,108.30000305175781,4189000
2023-08-21,108.5719985961914,111.06199645996094,108.51000213623047,110.94000244140625,4237500
2023-08-22,111.92400360107422,112.8499984741211,111.26000213623047,112.36399841308594,4448500
2023-08-23,112.89399719238281,115.39399719238281,112.4000015258789,113.5999984741211,5690000
2023-08-24,114.91999816894531,115.17400360107422,109.89399719238281,109.90799713134766,4557000
2023-08-25,110.88800048828125,113.41400146484375,110.27999877929688,112.7300033569336,3402000
2023-08-28,113.3239974975586,114.4000015258789,112.46800231933594,113.66200256347656,2940500
2023-08-29,113.03199768066406,116.18000030517578,112.5999984741211,115.77400207519531,3921000
2023-08-30,115.68399810791016,117.73999786376953,115.31199645996094,117.64800262451172,4278000
2023-08-31,118.0,119.29199981689453,116.9020004272461,117.76599884033203,6656500
2023-09-01,118.7020034790039,119.3239974975586,117.5,118.1760025024414,3633500
2023-09-05,118.1760025024414,119.9260025024414,116.9000015258789,119.43199920654297,3591500
2023-09-06,118.62799835205078,119.8759994506836,118.3219985961914,119.7020034790039,3345000
2023-09-07,118.25399780273438,120.29399871826172,117.87200164794922,119.86399841308594,5200000
2023-09-08,120.0,120.91600036621094,119.41999816894531,120.01399993896484,3640500
2023-09-11,120.69999694824219,121.58000183105469,120.15799713134766,121.18800354003906,4802000
2023-09-12,119.5999984741211,120.7020034790039,117.73799896240234,117.76799774169922,4647000
2023-09-13,117.20999908447266,118.56800079345703,116.70999908447266,118.2760009765625,3193500
2023-09-14,118.69000244140625,118.99600219726562,117.08399963378906,118.02200317382812,3340500
2023-09-15,117.71600341796875,117.86000061035156,115.30000305175781,115.91600036621094,8552000
2023-09-18,115.447998046875,116.87999725341797,115.33399963378906,115.7020034790039,3305000
2023-09-19,115.87000274658203,115.87000274658203,113.30999755859375,114.46600341796875,4148500
2023-09-20,115.0,116.68800354003906,113.9540023803711,114.11000061035156,3884000
2023-09-21,112.6240005493164,112.9800033569336,109.80400085449219,109.90599822998047,5350500
2023-09-22,110.35600280761719,111.78399658203125,110.12200164794922,110.81800079345703,5535500
2023-09-25,110.52400207519531,111.9280014038086,110.26000213623047,111.89600372314453,4007000
2023-09-26,110.71199798583984,110.94999694824219,107.72599792480469,108.9260025024414,7546000
2023-09-27,109.91200256347656,110.35600280761719,108.08000183105469,109.2760009765625,5081000
2023-09-28,106.802001953125,111.2300033569336,105.5999984741211,110.7040023803711,5790000
2023-09-29,112.17400360107422,113.23400115966797,111.7020034790039,111.79199981689453,6685000
2023-10-02,110.94999694824219,112.03399658203125,109.95800018310547,111.0459976196289,4970000
2023-10-03,110.4000015258789,111.2699966430664,107.38200378417969,108.24800109863281,6860000
2023-10-04,108.91600036621094,110.11399841308594,108.3280029296875,109.72799682617188,3525000
2023-10-05,108.96600341796875,109.7020034790039,107.20999908447266,109.43399810791016,3314500
2023-10-06,108.5780029296875,113.11599731445312,107.80400085449219,112.14399719238281,5907500
2023-10-09,110.97799682617188,113.12999725341797,110.69000244140625,112.88600158691406,4041000
2023-10-10,111.21199798583984,112.93599700927734,109.4000015258789,111.66000366210938,7040500
2023-10-11,112.0,113.04000091552734,110.3280029296875,111.73400115966797,4394000
2023-10-12,112.1520004272461,113.97799682617188,110.9000015258789,112.02999877929688,4123000
2023-10-13,111.75199890136719,112.75800323486328,109.81199645996094,109.93199920654297,3885000
2023-10-16,109.93199920654297,111.54000091552734,109.30000305175781,110.32599639892578,4157500
2023-10-17,109.93199920654297,114.8499984741211,109.76000213623047,113.69400024414062,6986500
2023-10-18,112.55999755859375,113.5999984741211,109.97200012207031,110.13600158691406,4361500
2023-10-19,111.68800354003906,113.68199920654297,111.32599639892578,111.99600219726562,5364500
2023-10-20,111.31999969482422,111.48400115966797,107.23400115966797,108.50199890136719,7092000
2023-10-23,107.4000015258789,109.06800079345703,106.10800170898438,108.2760009765625,4715000
2023-10-24,109.14199829101562,111.38800048828125,108.85199737548828,110.87799835205078,6635500
2023-10-25,109.8740005493164,110.41999816894531,105.447998046875,106.03399658203125,10044500
2023-10-26,112.0,115.80000305175781,109.77200317382812,110.19000244140625,17740000
2023-10-27,111.29199981689453,112.80000305175781,109.68800354003906,110.802001953125,8779000
2023-10-30,111.91999816894531,114.43399810791016,111.61799621582031,113.70800018310547,7241000
2023-10-31,114.17400360107422,116.96800231933594,112.9800033569336,116.37000274658203,8077500
2023-11-01,116.19999694824219,119.01799774169922,116.08799743652344,118.69599914550781,8847000
2023-11-02,120.24199676513672,122.17400360107422,119.68000030517578,119.88600158691406,8792000
2023-11-03,120.11599731445312,122.35800170898438,118.49600219726562,121.35199737548828,7391000
2023-11-06,121.69999694824219,122.19599914550781,120.48999786376953,121.8499984741211,4424500
2023-11-07,122.07599639892578,125.17400360107422,122.07599639892578,122.78199768066406,8289500
2023-11-08,123.21600341796875,125.23799896240234,123.19999694824219,125.06600189208984,8511500
2023-11-09,125.0199966430664,126.49800109863281,123.86399841308594,123.9520034790039,6075500
2023-11-10,123.9520034790039,127.28600311279297,123.10800170898438,126.9520034790039,5118000
2023-11-13,126.75599670410156,127.9520034790039,126.44999694824219,127.68199920654297,4983500
2023-11-14,129.49600219726562,131.3679962158203,129.3000030517578,130.83399963378906,6756000
2023-11-15,130.8939971923828,131.98800659179688,129.79400634765625,130.17999267578125,6167500
2023-11-16,130.0,131.36000061035156,129.6060028076172,130.45599365234375,5238500
2023-11-17,130.38999938964844,130.93600463867188,129.6580047607422,130.8719940185547,3963000
2023-11-20,130.8000030517578,133.70799255371094,130.51800537109375,133.38400268554688,5397000
2023-11-21,132.95199584960938,134.1280059814453,132.302001953125,133.67999267578125,4631000
2023-11-22,134.53599548339844,135.6060028076172,133.45599365234375,133.9320068359375,4440500
2023-11-24,134.1060028076172,134.8939971923828,133.75999450683594,134.77999877929688,2250000
2023-11-27,134.39999389648438,135.52200317382812,133.91400146484375,134.11000061035156,5050000
2023-11-28,133.5260009765625,134.52000427246094,132.2779998779297,133.04800415039062,7603000
2023-11-29,134.1999969482422,136.45799255371094,134.1999969482422,135.78599548339844,7326500
2023-11-30,136.39999389648438,137.7779998779297,135.76400756835938,137.1479949951172,9164500
2023-12-01,137.08999633789062,138.95399475097656,136.656005859375,138.1580047607422,7266500
2023-12-04,136.8000030517578,138.79800415039062,136.14199829101562,137.5240020751953,5830500
2023-12-05,135.88600158691406,137.92799377441406,135.447998046875,137.6439971923828,4575000
2023-12-06,138.0,139.0780029296875,137.14599609375,137.24600219726562,4004500
2023-12-07,137.1199951171875,137.85000610351562,136.05999755859375,137.53599548339844,3256000
2023-12-08,137.88999938964844,140.2220001220703,137.71200561523438,139.8159942626953,5418500
2023-12-11,139.82200622558594,141.7740020751953,139.63999938964844,141.0240020751953,5293500
2023-12-12,141.0240020751953,143.57400512695312,140.89599609375,143.29600524902344,4517500
2023-12-13,143.39999389648438,144.13600158691406,142.00999450683594,143.1280059814453,6058500
2023-12-14,142.0,142.4199981689453,135.60000610351562,136.0780029296875,15116000
2023-12-15,135.052001953125,139.96200561523438,134.8040008544922,139.6479949951172,10913000
2023-12-18,140.4040069580078,141.86000061035156,139.18800354003906,140.74400329589844,5616500
2023-12-19,141.13999938964844,141.697998046875,140.0,141.54200744628906,4526500
2023-12-20,140.81399536132812,141.57200622558594,138.72000122070312,138.75999450683594,4705500
2023-12-21,140.14999389648438,140.7100067138672,138.19400024414062,140.15199279785156,3935500
2023-12-22,140.77000427246094,140.77000427246094,138.88400268554688,139.50999450683594,2465000
2023-12-26,140.03399658203125,140.91200256347656,139.74200439453125,140.24600219726562,2319500
2023-12-27,140.26199340820312,140.90199279785156,139.82000732421875,140.7519989013672,1948500
2023-12-28,141.3280029296875,141.50599670410156,140.26600646972656,140.49200439453125,2510500
2023-12-29,141.39999389648438,142.3179931640625,140.11199951171875,141.29800415039062,4628500
2024-01-02,139.41000366210938,139.8719940185547,135.08599853515625,137.50399780273438,5654500
2024-01-03,135.15199279785156,137.48800659179688,134.80599975585938,135.05999755859375,4415000
2024-01-04,134.95399475097656,135.83799743652344,134.24400329589844,134.37399291992188,4571500
2024-01-05,134.42599487304688,136.156005859375,134.42599487304688,135.23199462890625,3618000
2024-01-08,136.84800720214844,139.56399536132812,136.49200439453125,139.2519989013672,5991000
2024-01-09,138.77200317382812,140.24000549316406,138.1999969482422,139.73399353027344,4920500
2024-01-10,141.5,143.38400268554688,140.25,142.86000061035156,5059500
2024-01-11,144.51199340820312,146.86000061035156,143.6820068359375,145.29200744628906,6153500
2024-01-12,144.9600067138672,146.1999969482422,143.7519989013672,145.83599853515625,4164500
2024-01-16,146.0,146.8000030517578,145.0019989013672,145.51199340820312,4675500
2024-01-17,145.1999969482422,145.79800415039062,142.86199951171875,145.50799560546875,3369000
2024-01-18,148.48399353027344,149.49600219726562,147.093994140625,149.19200134277344,6491000
2024-01-19,150.08799743652344,150.6320037841797,148.96400451660156,149.82200622558594,6790000
2024-01-22,152.03799438476562,153.36199951171875,150.41200256347656,150.49000549316406,8125000
2024-01-23,150.42999267578125,150.87399291992188,148.61000061035156,150.6840057373047,5723000
2024-01-24,154.17999267578125,155.19200134277344,152.25399780273438,152.6840057373047,14085500
2024-01-25,156.0,156.7760009765625,151.45799255371094,153.33799743652344,15638000
2024-01-26,153.4199981689453,156.76600646972656,152.9040069580078,153.88800048828125,8999500
2024-01-29,153.86399841308594,157.61000061035156,153.8000030517578,157.447998046875,6653000
2024-01-30,157.46600341796875,157.98399353027344,155.79200744628906,157.14599609375,5406000
2024-01-31,155.5780029296875,155.5780029296875,151.50599670410156,153.0800018310547,6822000
2024-02-01,153.8179931640625,154.58599853515625,152.81199645996094,154.1999969482422,4431500
2024-02-02,154.79400634765625,157.39999389648438,154.4199981689453,156.25999450683594,4874000
2024-02-05,156.39999389648438,157.2899932861328,154.2239990234375,156.96800231933594,5402500
2024-02-06,157.7760009765625,157.82000732421875,153.17599487304688,155.49000549316406,5487500
2024-02-07,156.56199645996094,158.69400024414062,156.52000427246094,158.0780029296875,4558500
2024-02-08,158.39999389648438,160.05999755859375,158.16799926757812,159.8820037841797,4465000
2024-02-09,160.47000122070312,163.06399536132812,160.47000122070312,162.58799743652344,4547500
2024-02-12,162.82000732421875,163.0,156.57000732421875,157.47000122070312,6206000
2024-02-13,153.0,156.0959930419922,150.04600524902344,154.7519989013672,8929500
2024-02-14,157.0,158.45599365234375,155.25799560546875,158.39999389648438,3870500
2024-02-15,159.0,159.69000244140625,155.9739990234375,156.0,5283000
2024-02-16,154.85400390625,155.89999389648438,152.9340057373047,153.0,5708500
2024-02-20,150.61599731445312,151.8560028076172,147.54800415039062,150.5679931640625,7427500
2024-02-21,147.3979949951172,149.71600341796875,146.10400390625,149.58799743652344,4376000
2024-02-22,155.0,158.37399291992188,153.5260009765625,153.8419952392578,10731000
2024-02-23,155.07000732421875,156.99400329589844,153.3159942626953,154.19400024414062,6486000
2024-02-26,154.93800354003906,158.1179962158203,154.89999389648438,155.9320068359375,5604000
2024-02-27,156.45199584960938,156.79800415039062,151.39199829101562,153.42799377441406,7070000
2024-02-28,152.70199584960938,152.74600219726562,150.8000030517578,151.95799255371094,6333500
2024-02-29,153.41000366210938,154.66400146484375,152.5959930419922,154.26800537109375,7431000
2024-03-01,154.39999389648438,155.66000366210938,153.6739959716797,154.7259979248047,4563000
2024-03-04,154.60000610351562,155.5760040283203,152.947998046875,155.21800231933594,4933500
2024-03-05,153.24600219726562,153.44400024414062,146.02999877929688,148.02999877929688,9787500
2024-03-06,150.1020050048828,150.47799682617188,146.52999877929688,148.21200561523438,6735000
2024-03-07,149.69400024414062,153.78599548339844,147.0540008544922,153.61599731445312,7934500
2024-03-08,153.82000732421875,155.51400756835938,150.04600524902344,151.53599548339844,5134500
2024-03-11,150.39999389648438,151.83999633789062,148.89599609375,151.34800720214844,4560500
2024-03-12,152.86399841308594,158.60000610351562,152.5959930419922,157.91200256347656,7651500
2024-03-13,159.01199340820312,161.5540008544922,155.0,155.37600708007812,6127000
2024-03-14,157.62600708007812,158.0,154.62399291992188,155.8979949951172,4430500
2024-03-15,152.31199645996094,152.39999389648438,147.1999969482422,148.78199768066406,12695500
2024-03-18,150.0,151.93800354003906,149.62399291992188,151.16000366210938,4723500
2024-03-19,150.0,151.66400146484375,148.55999755859375,151.38800048828125,6121500
2024-03-20,152.12399291992188,153.63600158691406,151.00999450683594,153.51199340820312,3517500
2024-03-21,156.0,157.17599487304688,154.3159942626953,154.63600158691406,6312500
2024-03-22,154.947998046875,155.97799682617188,153.86399841308594,154.8300018310547,4425500
2024-03-25,153.61000061035156,155.1820068359375,151.8520050048828,154.92799377441406,3604000
2024-03-26,155.79800415039062,157.75999450683594,155.302001953125,155.71400451660156,4550500
2024-03-27,156.76600646972656,157.26600646972656,150.6999969482422,151.8000030517578,7007500
2024-03-28,151.92999267578125,153.7519989013672,151.14999389648438,152.47999572753906,5418500
2024-04-01,152.79800415039062,154.6179962158203,151.81399536132812,153.6739959716797,3582000
2024-04-02,151.01800537109375,151.9320068359375,149.64599609375,151.39999389648438,3845000
2024-04-03,150.5,152.94000244140625,150.3000030517578,151.83200073242188,2821000
2024-04-04,153.67999267578125,156.4499969482422,151.48399353027344,151.50999450683594,5110000
2024-04-05,151.68600463867188,158.37600708007812,151.68600463867188,156.6999969482422,6432000
2024-04-08,156.66799926757812,157.9980010986328,154.48199462890625,157.1199951171875,4996000
2024-04-09,158.6540069580078,159.08799743652344,154.30599975585938,156.44400024414062,3951000
2024-04-10,153.8000030517578,154.99000549316406,152.82000732421875,153.83799743652344,4304000
2024-04-11,154.0,155.1959991455078,152.27999877929688,154.26800537109375,3741500
2024-04-12,152.44000244140625,154.99200439453125,152.19000244140625,153.74200439453125,4799500
2024-04-15,153.8000030517578,154.3260040283203,147.0919952392578,147.16200256347656,5858000
2024-04-16,147.60000610351562,149.8000030517578,147.0679931640625,148.95599365234375,5429000
2024-04-17,149.3560028076172,149.79800415039062,146.99000549316406,147.2899932861328,3607500
2024-04-18,147.3800048828125,147.97799682617188,145.47000122070312,146.27200317382812,3943500
2024-04-19,145.0,145.20599365234375,141.70599365234375,142.78199768066406,7703000
2024-04-22,144.64999389648438,144.9980010986328,142.12399291992188,144.38999938964844,7321000
2024-04-23,145.44000244140625,148.73399353027344,145.44000244140625,148.19000244140625,5824500
2024-04-24,150.79400634765625,151.4499969482422,147.8260040283203,149.25799560546875,8528000
2024-04-25,142.97799682617188,143.406005859375,137.8000030517578,143.25,16932500
2024-04-26,144.7519989013672,146.94200134277344,143.97000122070312,144.7100067138672,7229500
2024-04-29,144.65199279785156,145.66000366210938,142.70399475097656,144.23199462890625,3546000
2024-04-30,143.3300018310547,143.49400329589844,138.43800354003906,138.66600036621094,9977500
2024-05-01,138.74200439453125,140.13999938964844,136.7779998779297,137.1219940185547,6665000
2024-05-02,138.60000610351562,139.21400451660156,137.0,139.1439971923828,5796000
2024-05-03,141.99600219726562,144.92999267578125,141.0,143.3300018310547,7185500
2024-05-06,143.9980010986328,145.3280029296875,143.6820068359375,145.31199645996094,5954500
2024-05-07,146.0,146.0,139.91000366210938,142.66600036621094,7762500
2024-05-08,143.27000427246094,144.38999938964844,142.95399475097656,144.20599365234375,5739500
2024-05-09,144.11599731445312,145.8000030517578,143.59800720214844,144.58799743652344,5251500
2024-05-10,145.0,146.7100067138672,145.0,145.95799255371094,4103500
2024-05-13,146.57000732421875,146.57000732421875,144.58999633789062,146.0240020751953,4350000
2024-05-14,146.0,147.39999389648438,143.5540008544922,144.32400512695312,5496000
2024-05-15,146.0,152.26199340820312,145.51199340820312,152.11399841308594,7530500
2024-05-16,152.69000244140625,153.82200622558594,151.48399353027344,151.6020050048828,5470500
2024-05-17,153.0,153.1959991455078,151.50799560546875,153.00999450683594,4439000
2024-05-20,152.70599365234375,154.96800231933594,152.447998046875,154.83599853515625,3674000
2024-05-21,155.0,155.58599853515625,152.78199768066406,155.41000366210938,3920500
2024-05-22,156.0,156.86599731445312,153.8939971923828,154.16600036621094,4228500
2024-05-23,156.33599853515625,156.33599853515625,151.20599365234375,151.6300048828125,4307500
2024-05-24,149.8719940185547,149.94400024414062,147.2740020751953,147.70199584960938,6783500
2024-05-28,147.7760009765625,147.79600524902344,143.66200256347656,145.77200317382812,7735000
2024-05-29,144.39999389648438,147.57200622558594,144.28799438476562,146.2239990234375,4388500
2024-05-30,138.197998046875,138.51400756835938,128.03399658203125,128.6580047607422,25471500
2024-05-31,130.35800170898438,131.50799560546875,127.5979995727539,131.38600158691406,21509000
2024-06-03,131.9600067138672,132.87399291992188,129.08999633789062,132.02200317382812,9538500
2024-06-04,131.72000122070312,134.9199981689453,131.20399475097656,134.39999389648438,12456000
2024-06-05,136.69000244140625,141.1439971923828,135.23800659179688,140.82200622558594,13989500
2024-06-06,141.24600219726562,142.4720001220703,139.9459991455078,140.6320037841797,7054500
2024-06-07,140.1020050048828,140.79800415039062,137.70199584960938,139.76199340820312,5612500
2024-06-10,139.46400451660156,142.1280059814453,138.71200561523438,141.8300018310547,4652000
2024-06-11,142.3459930419922,143.8000030517578,141.37399291992188,142.4080047607422,5305000
2024-06-12,144.45199584960938,145.89999389648438,144.16600036621094,144.3000030517578,6480500
2024-06-13,144.39999389648438,145.56399536132812,141.83399963378906,141.95199584960938,5596500
2024-06-14,143.1199951171875,146.10000610351562,143.1199951171875,145.71600341796875,4790000
2024-06-17,144.6840057373047,145.86599731445312,143.80999755859375,145.10000610351562,5374500
2024-06-18,144.57200622558594,146.9040069580078,144.1540069580078,146.03399658203125,5932000
2024-06-20,148.39999389648438,148.45199584960938,145.88400268554688,146.86199951171875,5920000
2024-06-21,147.98800659179688,150.10800170898438,146.7239990234375,149.86599731445312,8611500
2024-06-24,148.39999389648438,149.63600158691406,147.53799438476562,147.91799926757812,6070500
2024-06-25,149.0,151.28199768066406,148.4759979248047,150.96200561523438,5154000
2024-06-26,150.8000030517578,152.2740020751953,150.1580047607422,150.78199768066406,4930000
2024-06-27,151.64199829101562,156.0,151.33399963378906,154.8260040283203,5907000
2024-06-28,155.08599853515625,157.99400329589844,154.17599487304688,157.33399963378906,8609000
2024-07-01,156.8000030517578,158.0959930419922,154.156005859375,157.79200744628906,5606500
2024-07-02,156.99600219726562,158.8300018310547,156.32400512695312,158.82200622558594,4378000
2024-07-03,158.73399353027344,159.19000244140625,157.03799438476562,157.1840057373047,2887500
2024-07-05,157.6840057373047,161.3040008544922,157.1840057373047,161.29400634765625,5966000
2024-07-08,152.6999969482422,155.3300018310547,152.28799438476562,153.24000549316406,10606500
2024-07-09,150.19200134277344,152.00399780273438,147.40199279785156,148.802001953125,12166500
2024-07-10,148.11199951171875,148.67599487304688,146.30999755859375,148.6300048828125,7494000
2024-07-11,149.1999969482422,151.3000030517578,148.26600646972656,149.8280029296875,6408000
2024-07-12,149.8000030517578,152.52000427246094,148.8000030517578,151.697998046875,4547500
2024-07-15,153.38999938964844,155.29600524902344,151.85000610351562,153.57000732421875,4554500
2024-07-16,153.57000732421875,154.00799560546875,150.90199279785156,152.1580047607422,4983000
2024-07-17,148.0,149.2740020751953,146.0399932861328,147.21400451660156,7278500
2024-07-18,147.66799926757812,150.11599731445312,146.02000427246094,147.75399780273438,7589500
2024-07-19,148.93800354003906,151.17599487304688,147.60000610351562,150.24000549316406,5935000
2024-07-22,150.96200561523438,152.88800048828125,150.75399780273438,151.3000030517578,5258000
2024-07-23,152.69400024414062,155.19400024414062,152.1320037841797,153.10400390625,5036500
2024-07-24,151.0,151.49600219726562,145.8459930419922,146.1739959716797,10473500
2024-07-25,157.86599731445312,170.0659942626953,156.60800170898438,165.75799560546875,32749000
2024-07-26,165.1699981689453,169.3719940185547,163.61399841308594,165.52200317382812,12050500
2024-07-29,165.8000030517578,166.10000610351562,159.7100067138672,159.81199645996094,9887500
2024-07-30,161.1479949951172,161.1479949951172,156.91799926757812,159.75999450683594,5955500
2024-07-31,163.23199462890625,164.29200744628906,161.0,162.8780059814453,6568500
2024-08-01,163.77200317382812,167.71800231933594,160.4239959716797,162.2760009765625,6691500
2024-08-02,158.1719970703125,158.62600708007812,153.0919952392578,158.1280059814453,7844500
2024-08-05,151.4080047607422,158.19000244140625,149.22000122070312,156.25399780273438,10098500
2024-08-06,157.39999389648438,162.85800170898438,156.25599670410156,158.58999633789062,7729000
2024-08-07,161.1280059814453,163.30799865722656,154.98599243164062,155.25599670410156,5312000
2024-08-08,158.39999389648438,160.5399932861328,157.35400390625,159.22799682617188,7245500
2024-08-09,159.22799682617188,163.20199584960938,159.22799682617188,162.21600341796875,3997500
2024-08-12,162.21600341796875,162.96600341796875,160.01400756835938,161.32400512695312,2698000
2024-08-13,162.39999389648438,164.57400512695312,162.1199951171875,163.75999450683594,3829000
2024-08-14,164.39999389648438,165.41000366210938,163.10000610351562,163.8040008544922,4164500
2024-08-15,165.0,167.0,164.73599243164062,166.4219970703125,5828000
2024-08-16,165.85000610351562,166.20799255371094,164.77000427246094,165.51199340820312,4177500
2024-08-19,165.1840057373047,166.74400329589844,164.23800659179688,166.5760040283203,3207500
2024-08-20,167.0,168.65199279785156,166.41600036621094,167.6439971923828,3923500
2024-08-21,166.70599365234375,168.08399963378906,166.0,167.83599853515625,3049500
2024-08-22,168.0,168.50999450683594,163.9040069580078,164.18600463867188,3532500
2024-08-23,166.0,166.89999389648438,163.0,165.6540069580078,3510500
2024-08-26,165.93600463867188,167.3520050048828,165.09800720214844,165.57200622558594,2681500
2024-08-27,164.63400268554688,167.14199829101562,164.63400268554688,166.34800720214844,2407500
2024-08-28,166.33799743652344,166.53599548339844,161.79200744628906,162.82200622558594,4323000
2024-08-29,164.4600067138672,169.8000030517578,164.4600067138672,166.25399780273438,6228000
2024-08-30,167.3520050048828,171.4499969482422,167.16799926757812,171.0,9605000
2024-09-03,171.27999877929688,172.77000427246094,166.1739959716797,167.1719970703125,6307500
2024-09-04,165.94400024414062,167.27999877929688,164.2480010986328,166.96600341796875,3544500
2024-09-05,165.3300018310547,168.07200622558594,165.00999450683594,167.0800018310547,3944500
2024-09-06,167.802001953125,169.6840057373047,163.79600524902344,165.00799560546875,5354000
2024-09-09,166.697998046875,171.39999389648438,165.3939971923828,171.11599731445312,5645500
2024-09-10,172.14199829101562,173.2899932861328,169.4980010986328,172.02999877929688,4419500
2024-09-11,171.6540069580078,175.5240020751953,168.3699951171875,175.19200134277344,5012000
2024-09-12,176.00599670410156,177.9040069580078,174.25599670410156,177.2259979248047,4708500
2024-09-13,176.35400390625,176.89999389648438,174.5760040283203,175.7899932861328,4564500
2024-09-16,177.0,179.59800720214844,175.9459991455078,178.49200439453125,5411500
2024-09-17,178.1300048828125,179.9219970703125,176.55999755859375,177.16600036621094,5169500
2024-09-18,177.552001953125,179.94200134277344,176.4600067138672,178.0780029296875,4906000
2024-09-19,181.60000610351562,184.3939971923828,180.57200622558594,183.85000610351562,7421500
2024-09-20,184.08399963378906,188.0240020751953,183.46200561523438,187.4720001220703,18046000
2024-09-23,187.37600708007812,189.0919952392578,184.58399963378906,185.11000061035156,6065000
2024-09-24,185.11000061035156,185.38400268554688,181.4980010986328,184.72000122070312,5006500
2024-09-25,179.69400024414062,180.1999969482422,177.302001953125,178.00599670410156,11444000
2024-09-26,178.72999572753906,178.843994140625,174.28599548339844,176.9720001220703,7997500
2024-09-27,176.80799865722656,177.23800659179688,175.2740020751953,176.35800170898438,4533000
2024-09-30,175.8520050048828,178.9600067138672,175.24400329589844,178.8780059814453,4217500
2024-10-01,179.71800231933594,179.71800231933594,173.3260040283203,173.43600463867188,6565500
2024-10-02,173.8000030517578,176.91799926757812,172.6479949951172,176.08200073242188,4666000
2024-10-03,175.60000610351562,178.44200134277344,175.4239959716797,178.1280059814453,5969000
2024-10-04,179.95799255371094,183.6580047607422,179.2779998779297,183.53599548339844,5916000
2024-10-07,183.82400512695312,184.50999450683594,179.98599243164062,181.18800354003906,5618000
2024-10-08,185.19400024414062,188.60000610351562,183.85400390625,184.39999389648438,5904000
2024-10-09,184.39199829101562,188.67999267578125,183.19200134277344,187.72999572753906,5661500
2024-10-10,186.64199829101562,189.8000030517578,186.58599853515625,188.92599487304688,5552500
2024-10-11,188.56399536132812,189.35400390625,187.41799926757812,187.71800231933594,4270500
2024-10-14,189.47799682617188,189.91799926757812,187.1820068359375,188.93800354003906,2837000
2024-10-15,189.05599975585938,189.4499969482422,185.33399963378906,185.5919952392578,5408000
2024-10-16,184.99200439453125,185.39999389648438,182.406005859375,183.7740020751953,5056000
2024-10-17,186.55599975585938,186.6199951171875,183.02200317382812,183.4239959716797,3577500
2024-10-18,184.1999969482422,185.6320037841797,183.4239959716797,184.35000610351562,7113000
2024-10-21,180.39999389648438,183.7259979248047,179.95399475097656,183.66799926757812,7086000
2024-10-22,183.29800415039062,184.8800048828125,182.8719940185547,183.58999633789062,5721500
2024-10-23,183.29400634765625,184.02200317382812,180.2740020751953,181.53599548339844,9249500
2024-10-24,189.67799377441406,195.95599365234375,188.08200073242188,191.3159942626953,17005000
2024-10-25,191.45199584960938,192.98800659179688,189.4340057373047,190.1699981689453,7474000
2024-10-28,191.802001953125,192.0,189.0,189.0,6192500
2024-10-29,190.0,191.56399536132812,187.88600158691406,190.61599731445312,8205500
2024-10-30,190.20599365234375,192.6999969482422,189.89599609375,190.0,4754000
2024-10-31,188.16000366210938,190.8719940185547,185.6699981689453,186.59800720214844,6666500
2024-11-01,187.4720001220703,190.23199462890625,186.11000061035156,188.6820068359375,4926500
2024-11-04,188.80599975585938,192.07400512695312,188.32000732421875,190.91799926757812,4742000
2024-11-05,192.29200744628906,194.77200317382812,191.66600036621094,194.20799255371094,4135000
2024-11-06,198.8000030517578,199.406005859375,196.4199981689453,198.89599609375,6233000
2024-11-07,199.36000061035156,204.88800048828125,199.0,203.05599975585938,6304000
2024-11-08,202.18800354003906,203.99200439453125,201.00399780273438,201.61599731445312,5475000
2024-11-11,202.60000610351562,207.60000610351562,202.60000610351562,207.20199584960938,6535500
2024-11-12,206.156005859375,210.65199279785156,205.4239959716797,209.6580047607422,6458500
2024-11-13,209.6580047607422,212.33200073242188,208.6999969482422,209.11000061035156,6568500
2024-11-14,209.8000030517578,210.8000030517578,206.39999389648438,207.9600067138672,5788500
2024-11-15,204.79400634765625,205.94400024414062,200.6020050048828,202.2779998779297,7492500
2024-11-18,203.30799865722656,204.23599243164062,200.75,201.0679931640625,8753500
2024-11-19,199.53399658203125,205.16600036621094,198.6840057373047,204.4199981689453,9151000
2024-11-20,205.60000610351562,206.33799743652344,201.26199340820312,204.5959930419922,5709500
2024-11-21,206.7259979248047,210.65199279785156,206.197998046875,209.41000366210938,5556500
2024-11-22,210.1999969482422,212.91799926757812,210.0,212.1199951171875,7184500
2024-11-25,212.9199981689453,213.7760009765625,209.8300018310547,210.54200744628906,9651000
2024-11-26,212.0,214.5679931640625,210.89599609375,214.01400756835938,3722000
2024-11-27,212.73800659179688,213.0399932861328,207.6820068359375,208.27999877929688,4884500
2024-11-29,208.47000122070312,210.39999389648438,207.6739959716797,209.88800048828125,2915500
2024-12-02,209.67999267578125,211.06399536132812,209.09800720214844,209.68600463867188,5283000
2024-12-03,208.01800537109375,211.52999877929688,207.3820037841797,211.46400451660156,6421000
2024-12-04,216.73399353027344,225.3260040283203,216.0,224.62600708007812,10315000
2024-12-05,223.02000427246094,226.1199951171875,222.6219940185547,224.74400329589844,5377500
2024-12-06,227.12399291992188,227.39999389648438,224.0,224.8679962158203,4522000
2024-12-09,224.83999633789062,226.8040008544922,221.14199829101562,224.0959930419922,6117000
2024-12-10,222.8040008544922,229.4739990234375,222.8040008544922,225.5679931640625,7996000
2024-12-11,227.20799255371094,231.5800018310547,227.20799255371094,229.43600463867188,6224000
2024-12-12,228.18800354003906,230.93600463867188,227.39999389648438,229.6840057373047,3437000
2024-12-13,226.0,228.3520050048828,222.9199981689453,224.22000122070312,6735500
2024-12-16,223.55999755859375,226.906005859375,222.0,225.98599243164062,5932500
2024-12-17,226.0,226.46800231933594,222.13400268554688,222.94400024414062,6115500
2024-12-18,223.4980010986328,223.77200317382812,211.3979949951172,212.197998046875,7942500
2024-12-19,214.04800415039062,216.16400146484375,212.50399780273438,214.9739990234375,9859000
2024-12-20,212.0,220.57400512695312,211.0,218.25,10130000
2024-12-23,217.1999969482422,218.39999389648438,214.75399780273438,217.65199279785156,3933500
2024-12-24,219.41600036621094,221.30999755859375,218.0,221.11199951171875,2093500
2024-12-26,220.0,221.21600341796875,218.72000122070312,219.82200622558594,2181500
2024-12-27,218.39999389648438,218.91400146484375,212.39999389648438,216.29200744628906,5082500
2024-12-30,213.19400024414062,214.71600341796875,211.04600524902344,213.5399932861328,3600000
2024-12-31,214.6999969482422,214.6999969482422,210.58599853515625,212.0240020751953,4204500
2025-01-02,214.70399475097656,214.74200439453125,208.1999969482422,210.8679962158203,5123000
2025-01-03,211.86000061035156,214.8280029296875,211.343994140625,214.75399780273438,4491500
2025-01-06,216.79400634765625,216.91000366210938,213.71800231933594,215.41000366210938,4254500
2025-01-07,214.82000732421875,217.0,208.8939971923828,210.8300018310547,5667000
2025-01-08,212.37600708007812,212.60000610351562,208.4600067138672,209.8159942626953,7108500
2025-01-10,207.8260040283203,208.30599975585938,203.35000610351562,204.91400146484375,7886500
2025-01-13,202.2259979248047,204.02999877929688,199.8260040283203,203.1479949951172,8563000
2025-01-14,206.8800048828125,207.41200256347656,204.1179962158203,206.25799560546875,6361500
2025-01-15,210.66200256347656,211.91200256347656,208.1959991455078,210.8260040283203,6437500
2025-01-16,211.70799255371094,212.9499969482422,210.51600646972656,211.4320068359375,3164500
2025-01-17,214.51600646972656,216.0,212.39999389648438,214.29600524902344,5409500
2025-01-21,217.74400329589844,220.9739990234375,217.24400329589844,219.3699951171875,7197000
2025-01-22,223.0,226.13999938964844,222.1719970703125,225.03399658203125,8184000
2025-01-23,223.52999877929688,226.83999633789062,222.9499969482422,226.83999633789062,5369500
2025-01-24,228.2239990234375,229.0,223.76199340820312,224.99600219726562,4588500
2025-01-27,223.48399353027344,233.1959991455078,222.1999969482422,228.12399291992188,11206500
2025-01-28,230.0,239.6179962158203,226.3939971923828,234.0780029296875,12188500
2025-01-29,232.1820068359375,234.0780029296875,227.0399932861328,228.7259979248047,13097000
2025-01-30,205.4239959716797,206.1999969482422,198.0,202.5500030517578,31037500
2025-01-31,206.40199279785156,207.14999389648438,202.28399658203125,203.67599487304688,14333500
2025-02-03,201.3000030517578,206.197998046875,199.61000061035156,204.18800354003906,10080000
2025-02-04,207.98199462890625,208.69000244140625,199.66600036621094,202.0260009765625,9594000
2025-02-05,203.07200622558594,205.77000427246094,202.41600036621094,205.41200256347656,6696000
2025-02-06,204.58399963378906,207.05599975585938,203.6580047607422,204.66000366210938,6308500
2025-02-07,205.0,208.47000122070312,200.79200744628906,201.6580047607422,6936000
2025-02-10,203.50999450683594,206.6199951171875,202.25,204.36199951171875,5874500
2025-02-11,203.0,204.2740020751953,200.78799438476562,201.80999755859375,5080000
2025-02-12,199.25,199.6840057373047,196.0,196.47999572753906,8388000
2025-02-13,196.47999572753906,198.39999389648438,194.0959930419922,197.89599609375,7817000
2025-02-14,195.82000732421875,197.8000030517578,193.32000732421875,197.3260040283203,7517000
2025-02-18,197.60000610351562,199.50799560546875,194.8000030517578,199.49600219726562,8363500
2025-02-19,199.46400451660156,200.57000732421875,195.13400268554688,197.42799377441406,8686000
2025-02-20,196.01600646972656,196.11599731445312,191.7740020751953,193.5959930419922,6756000
2025-02-21,192.94000244140625,193.39999389648438,186.6020050048828,187.6820068359375,10021000
2025-02-24,188.80799865722656,188.89999389648438,182.70599365234375,185.51600646972656,8464000
2025-02-25,184.74400329589844,185.3280029296875,179.64199829101562,184.45799255371094,10721500
2025-02-26,185.86000061035156,190.52000427246094,185.1999969482422,188.39199829101562,10012500
2025-02-27,189.6320037841797,190.6699981689453,183.92799377441406,184.19200134277344,7275500
2025-02-28,184.19400024414062,185.99600219726562,181.49000549316406,185.95199584960938,7839500
2025-03-03,187.20199584960938,187.8000030517578,180.53599548339844,182.06199645996094,7729500
2025-03-04,180.0,183.46800231933594,175.38800048828125,181.21800231933594,12295500
2025-03-05,181.0,184.8000030517578,179.67599487304688,183.1580047607422,7701500
2025-03-06,178.0,181.5800018310547,171.64999389648438,173.41799926757812,10821000
2025-03-07,171.3000030517578,174.0,166.54400634765625,170.12600708007812,12640500
2025-03-10,164.67999267578125,166.39999389648438,155.58200073242188,156.76600646972656,19492500
2025-03-11,160.0,165.5959930419922,158.8000030517578,161.67999267578125,14995500
2025-03-12,166.95799255371094,169.85000610351562,164.68600463867188,168.6280059814453,13709000
2025-03-13,166.0,167.0,161.1959991455078,162.32400512695312,9818000
2025-03-14,164.552001953125,169.81199645996094,164.552001953125,168.86599731445312,9266000
2025-03-17,167.8000030517578,171.13600158691406,167.0,168.58599853515625,8284000
2025-03-18,167.48599243164062,167.49400329589844,164.07000732421875,166.0,8840000
2025-03-19,167.14599609375,170.8000030517578,166.00399780273438,168.82400512695312,7809000
2025-03-20,165.447998046875,165.65199279785156,161.83599853515625,164.82400512695312,12965000
2025-03-21,163.22799682617188,165.77999877929688,161.75999450683594,165.5500030517578,14536500
2025-03-24,169.1999969482422,170.6959991455078,168.24400329589844,169.9459991455078,7997500
2025-03-25,171.64599609375,174.197998046875,171.0,172.2760009765625,8216000
2025-03-26,171.26800537109375,172.1020050048828,166.80599975585938,167.7100067138672,6743000
2025-03-27,167.00799560546875,167.99000549316406,164.4340057373047,165.54800415039062,7400000
2025-03-28,164.0,164.20199584960938,157.906005859375,159.552001953125,8792500
2025-03-31,156.3040008544922,159.8000030517578,151.5679931640625,159.22799682617188,14921000
2025-04-01,159.6439971923828,162.5919952392578,158.54600524902344,162.31199645996094,7715000
2025-04-02,158.93600463867188,165.4320068359375,158.93600463867188,164.80599975585938,8132000
2025-04-03,156.5500030517578,157.61199951171875,151.4499969482422,154.81399536132812,10439000
2025-04-04,151.26800537109375,151.75399780273438,143.69000244140625,144.3300018310547,14502000
2025-04-07,137.60000610351562,151.72999572753906,135.73199462890625,147.10000610351562,14391000
2025-04-08,153.6020050048828,155.17599487304688,142.63800048828125,145.52000427246094,10616000
2025-04-09,145.0,166.3280029296875,144.63999938964844,165.19000244140625,15460000
2025-04-10,161.41799926757812,161.9980010986328,152.21600341796875,156.697998046875,10232000
2025-04-11,154.26199340820312,157.37600708007812,151.0,157.13400268554688,10515000
2025-04-14,160.44400024414062,162.42599487304688,157.36000061035156,159.96400451660156,8585000
2025-04-15,160.19200134277344,164.97999572753906,159.8419952392578,163.3000030517578,8676000
2025-04-16,160.9219970703125,164.23399353027344,158.1479949951172,159.33200073242188,9347500
2025-04-17,160.01199340820312,160.01199340820312,153.8040008544922,154.4320068359375,9019500
2025-04-21,151.8719940185547,153.11000061035156,148.48199462890625,151.197998046875,8343500
2025-04-22,152.55999755859375,155.3260040283203,150.48800659179688,153.36599731445312,7914000
2025-04-23,164.20799255371094,166.79200744628906,161.39999389648438,162.5399932861328,15096000
2025-04-24,180.06199645996094,188.79600524902344,179.66600036621094,187.71400451660156,30415500
2025-04-25,188.8000030517578,192.0,185.83399963378906,189.052001953125,14439000
2025-04-28,191.97000122070312,192.20599365234375,185.42599487304688,187.48199462890625,10262000
2025-04-29,188.0,189.4459991455078,186.11000061035156,188.57200622558594,6226500
2025-04-30,186.11199951171875,191.53199768066406,184.0800018310547,191.0019989013672,9739500
2025-05-01,194.77200317382812,195.7239990234375,191.50399780273438,191.58999633789062,9038500
2025-05-02,195.78399658203125,197.10000610351562,193.81199645996094,195.4720001220703,8347000
2025-05-05,194.60000610351562,198.39999389648438,194.26800537109375,195.61000061035156,6371000
2025-05-06,193.80799865722656,195.73599243164062,192.83799743652344,193.052001953125,6402500
2025-05-07,194.24400329589844,197.46200561523438,193.45799255371094,196.6580047607422,8648500
2025-05-08,197.0,198.39999389648438,194.56199645996094,194.8979949951172,7344000
2025-05-09,196.0,197.3560028076172,194.32400512695312,196.01199340820312,4600500
2025-05-12,201.70399475097656,203.39999389648438,199.13400268554688,203.1199951171875,7160500
2025-05-13,204.60000610351562,207.99600219726562,203.39999389648438,207.343994140625,7415500
2025-05-14,207.39999389648438,209.1999969482422,205.3300018310547,205.36399841308594,7073000
2025-05-15,206.88400268554688,208.1300048828125,204.39199829101562,207.03599548339844,4940000
2025-05-16,207.67799377441406,208.7480010986328,206.62600708007812,208.03599548339844,5804500
2025-05-19,205.7899932861328,206.93800354003906,203.2100067138672,205.14999389648438,10356000
2025-05-20,203.0,204.9320068359375,202.66400146484375,204.3679962158203,5375000
2025-05-21,201.77999877929688,206.1479949951172,201.11599731445312,202.95199584960938,6298000
2025-05-22,202.95199584960938,205.4980010986328,202.35800170898438,203.1540069580078,4282000
2025-05-23,200.0,202.85800170898438,198.9199981689453,200.87399291992188,6940500
2025-05-27,202.7220001220703,205.96600341796875,202.5959930419922,205.47799682617188,5512500
2025-05-28,205.47799682617188,207.53399658203125,203.63600158691406,204.25999450683594,4966500
2025-05-29,204.63400268554688,204.91600036621094,200.94000244140625,203.04600524902344,6329500
2025-05-30,204.0,204.0,200.51800537109375,202.21800231933594,13319500
2025-06-02,201.8280029296875,203.58999633789062,200.05999755859375,202.4219970703125,5013000
2025-06-03,202.36399841308594,203.25,201.10000610351562,202.17599487304688,5118500
2025-06-04,202.31199645996094,203.50999450683594,200.5919952392578,202.54800415039062,3589000
2025-06-05,205.46200561523438,206.28799438476562,202.83399963378906,203.52000427246094,4512000
2025-06-06,205.24600219726562,206.9199981689453,203.26800537109375,206.04200744628906,4798500
2025-06-09,206.1999969482422,206.89599609375,203.61199951171875,205.3719940185547,4539000
2025-06-10,204.22799682617188,205.3719940185547,199.82400512695312,201.95799255371094,5946000
2025-06-11,202.04800415039062,203.54400634765625,200.27999877929688,200.86599731445312,3714000
2025-06-12,200.52000427246094,203.20799255371094,200.52000427246094,201.4739990234375,4241000
2025-06-13,199.6060028076172,200.1999969482422,195.63800048828125,197.73199462890625,6661000
2025-06-16,198.39999389648438,203.3939971923828,198.2760009765625,201.0260009765625,6154500
2025-06-17,200.77000427246094,202.39999389648438,199.8679962158203,200.98199462890625,4099000
2025-06-18,200.88800048828125,201.4080047607422,195.83999633789062,196.41600036621094,6047500
2025-06-20,197.1179962158203,197.20199584960938,193.08999633789062,194.28199768066406,10038500
2025-06-23,194.28199768066406,196.26600646972656,191.36599731445312,196.0800018310547,5499500
2025-06-24,198.0,199.89999389648438,197.0,199.26400756835938,7570000
2025-06-25,199.656005859375,202.8000030517578,199.6300048828125,201.03199768066406,5968500
2025-06-26,201.43600463867188,202.71200561523438,198.89999389648438,202.28799438476562,6022000
2025-06-27,202.55599975585938,206.6060028076172,202.41400146484375,204.48399353027344,7571500
2025-06-30,205.947998046875,207.2740020751953,203.69000244140625,205.61599731445312,5046500
2025-07-01,205.45199584960938,206.38800048828125,198.9459991455078,202.3780059814453,6220500
2025-07-02,200.07400512695312,202.20799255371094,198.39999389648438,201.95199584960938,4357000
2025-07-03,203.54600524902344,211.47799682617188,203.0,208.93800354003906,6029500
2025-07-07,208.64599609375,209.8000030517578,205.5240020751953,207.0019989013672,5668000
2025-07-08,207.43600463867188,207.75399780273438,202.25,204.5959930419922,7301000
2025-07-09,204.89999389648438,205.6020050048828,201.8000030517578,202.74200439453125,5767000
2025-07-10,202.74000549316406,202.74000549316406,193.06199645996094,193.6179962158203,10016500
2025-07-11,192.0,193.1999969482422,186.83399963378906,187.75599670410156,10773500
2025-07-14,187.74000549316406,192.8679962158203,187.0279998779297,192.3560028076172,9062500
2025-07-15,193.0540008544922,194.8679962158203,191.1999969482422,191.38400268554688,6321500
2025-07-16,193.01199340820312,193.8179931640625,190.67599487304688,193.3939971923828,4925500
2025-07-17,193.697998046875,195.0,191.0,191.8300018310547,6378000
2025-07-18,191.61000061035156,192.70399475097656,189.9459991455078,192.67999267578125,5778000
2025-07-21,191.906005859375,193.82000732421875,191.60000610351562,191.98199462890625,5564000
2025-07-22,192.75599670410156,194.79200744628906,191.3679962158203,192.4739990234375,5878500
2025-07-23,189.57200622558594,193.3699951171875,189.57200622558594,191.28599548339844,9920000
2025-07-24,206.9320068359375,210.1999969482422,196.39999389648438,199.23599243164062,20350500
2025-07-25,200.0240020751953,200.1999969482422,192.8159942626953,193.75799560546875,9998000
2025-07-28,195.1999969482422,199.20799255371094,195.1959991455078,197.14999389648438,7373000
2025-07-29,198.30599975585938,201.14999389648438,196.45599365234375,198.63999938964844,6038500
2025-07-30,198.3179931640625,198.6060028076172,194.60000610351562,195.49600219726562,5471000
2025-07-31,196.39999389648438,196.39999389648438,188.01199340820312,188.62399291992188,10659500
2025-08-01,187.45799255371094,187.45799255371094,181.8979949951172,182.87399291992188,9055500
2025-08-04,183.70399475097656,185.91600036621094,183.052001953125,184.60000610351562,6427500
2025-08-05,184.39999389648438,185.10000610351562,180.88999938964844,181.0240020751953,7242500
2025-08-06,182.32000732421875,182.61000061035156,180.5659942626953,182.46200561523438,5343000
2025-08-07,184.39999389648438,184.5780029296875,172.39999389648438,174.82400512695312,13993500
2025-08-08,175.67799377441406,176.39999389648438,172.42799377441406,174.5019989013672,9514000
2025-08-11,173.58399963378906,175.99600219726562,170.17999267578125,171.2740020751953,11849000
2025-08-12,171.56199645996094,171.9459991455078,168.00599670410156,170.68600463867188,14329000
2025-08-13,172.11399841308594,172.8800048828125,168.5399932861328,172.66000366210938,12268000
2025-08-14,171.23199462890625,172.5959930419922,169.26800537109375,170.1719970703125,8939500
2025-08-15,170.35400390625,173.58799743652344,169.7239990234375,173.447998046875,8794000
2025-08-18,173.2899932861328,178.447998046875,173.07400512695312,178.41000366210938,12887000
2025-08-19,178.67999267578125,180.1820068359375,176.19200134277344,177.3560028076172,10921000
2025-08-20,176.8520050048828,179.7779998779297,176.0,178.0500030517578,9859500
2025-08-21,177.18600463867188,177.67599487304688,174.61399841308594,175.3939971923828,5635000
2025-08-22,175.66799926757812,179.2760009765625,174.60000610351562,177.35000610351562,5421500
2025-08-25,177.94200134277344,178.03399658203125,175.73800659179688,175.98800659179688,4306000
2025-08-26,175.8000030517578,176.0,171.01600646972656,172.9320068359375,13418500
2025-08-27,174.33399963378906,177.9219970703125,173.63999938964844,177.5959930419922,6011000
2025-08-28,178.10000610351562,187.156005859375,177.947998046875,185.72000122070312,15218000
2025-08-29,185.8520050048828,186.79800415039062,181.94200134277344,183.49200439453125,9409000
2025-09-02,180.35400390625,182.85000610351562,178.92799377441406,182.28399658203125,6239000
2025-09-03,181.79800415039062,184.26800537109375,178.90199279785156,183.87600708007812,6690500
2025-09-04,181.89599609375,182.04600524902344,175.63800048828125,179.71200561523438,8519500
2025-09-05,180.8300018310547,183.24000549316406,180.27000427246094,182.75999450683594,6419500
2025-09-08,183.0279998779297,188.96400451660156,182.51199340820312,187.86599731445312,8180500
2025-09-09,189.0,189.0,185.55999755859375,186.73399353027344,5988000
2025-09-10,187.1999969482422,188.98399353027344,183.86599731445312,184.71400451660156,8243000
2025-09-11,185.54400634765625,188.53399658203125,184.72999572753906,187.656005859375,5865000
2025-09-12,188.3459930419922,188.3699951171875,185.38600158691406,185.79200744628906,3555500
2025-09-15,186.08999633789062,191.23399353027344,185.9459991455078,189.48399353027344,7730500
2025-09-16,188.14199829101562,189.28799438476562,185.69400024414062,186.40199279785156,6501500
2025-09-17,187.35000610351562,190.75399780273438,186.64999389648438,190.07400512695312,6423000
2025-09-18,191.30999755859375,192.4080047607422,188.1020050048828,189.54800415039062,7455500
2025-09-19,190.3699951171875,193.1479949951172,190.0,192.22999572753906,14036000
2025-09-22,190.7779998779297,191.35000610351562,186.1820068359375,189.55599975585938,6039500
2025-09-23,189.51199340820312,190.10000610351562,185.2899932861328,185.53399658203125,7035000
2025-09-24,192.5279998779297,194.7259979248047,186.22000122070312,186.6739959716797,10109500
2025-09-25,185.49000549316406,185.63800048828125,182.0919952392578,183.7220001220703,5945000
2025-09-26,183.93800354003906,187.6280059814453,183.33999633789062,187.1999969482422,4457000
2025-09-29,188.41200256347656,190.91200256347656,187.84800720214844,188.1699981689453,5115000
2025-09-30,187.82000732421875,188.3300018310547,180.89999389648438,184.05599975585938,7077000
2025-10-01,184.18800354003906,187.0,178.4499969482422,182.48599243164062,9149500
2025-10-02,182.33399963378906,183.00999450683594,179.10800170898438,182.02000427246094,7559000
2025-10-03,182.72999572753906,183.94000244140625,181.66600036621094,182.4720001220703,5832000
2025-10-06,180.8040008544922,185.95199584960938,179.10800170898438,182.5679931640625,6439000
2025-10-07,182.8000030517578,183.16000366210938,178.6719970703125,180.84800720214844,5974500
2025-10-08,182.0,184.0679931640625,181.46600341796875,182.86399841308594,5453000
2025-10-09,180.77999877929688,183.92999267578125,178.74600219726562,183.58999633789062,5197000
2025-10-10,184.0,185.60000610351562,177.46200561523438,177.74200439453125,7019500
2025-10-13,179.4080047607422,185.15199279785156,178.53199768066406,184.74000549316406,5926000
2025-10-14,181.47000122070312,184.85400390625,179.4739990234375,182.2519989013672,4395000
2025-10-15,183.60000610351562,184.4199981689453,179.94000244140625,180.61000061035156,3817000
2025-10-16,182.79400634765625,185.8000030517578,177.61399841308594,178.8979949951172,5392000
2025-10-17,178.0,181.30599975585938,177.58999633789062,180.72000122070312,4200500
2025-10-20,181.3280029296875,184.4040069580078,181.27000427246094,183.50999450683594,5358000
2025-10-21,183.5,188.88800048828125,182.05599975585938,188.3000030517578,6299000
2025-10-22,188.35800170898438,189.60000610351562,185.5800018310547,187.1300048828125,6073000
2025-10-23,186.23800659179688,188.91600036621094,185.60000610351562,187.83399963378906,4223500
2025-10-24,189.14999389648438,190.0,185.7760009765625,186.03399658203125,5355000
2025-10-27,188.81399536132812,190.33799743652344,187.40199279785156,189.25799560546875,5735000
2025-10-28,189.86199951171875,190.1999969482422,187.58200073242188,187.58200073242188,4724500
2025-10-29,186.9080047607422,186.9080047607422,182.02000427246094,182.33999633789062,13434000
2025-10-30,185.3459930419922,192.96600341796875,179.38600158691406,186.93600463867188,15203000
2025-10-31,188.64199829101562,189.52999877929688,180.66400146484375,183.8560028076172,11872000
2025-11-03,184.42799377441406,184.42799377441406,177.20399475097656,182.76800537109375,8733000
2025-11-04,180.0,181.7259979248047,175.30999755859375,177.51400756835938,9724500
2025-11-05,178.33399963378906,178.5240020751953,174.4600067138672,175.92599487304688,7604000
2025-11-06,174.9499969482422,175.8000030517578,170.0019989013672,171.75399780273438,10231000
2025-11-07,170.26800537109375,172.6199951171875,168.11000061035156,172.37399291992188,8162500
2025-11-10,172.77200317382812,173.72000122070312,170.23399353027344,173.25999450683594,7044500
2025-11-11,172.68600463867188,174.1300048828125,171.86599731445312,172.13400268554688,5177000
2025-11-12,173.74200439453125,174.0,169.83399963378906,172.80799865722656,7603500
2025-11-13,170.4759979248047,172.60000610351562,168.79600524902344,169.93800354003906,8147000
2025-11-14,168.3979949951172,173.06399536132812,167.80999755859375,170.08599853515625,5917500
2025-11-17,169.38400268554688,170.6959991455078,165.64199829101562,167.1580047607422,5701000
2025-11-18,165.41600036621094,167.0,162.32200622558594,163.593994140625,7640500
2025-11-19,163.33200073242188,164.22799682617188,161.51400756835938,163.2899932861328,9577000
2025-11-20,166.10000610351562,166.33799743652344,159.45599365234375,160.0919952392578,8095500
2025-11-21,160.4600067138672,163.9219970703125,159.0,162.68600463867188,7354000
2025-11-24,162.67999267578125,163.8979949951172,160.76199340820312,163.16799926757812,8947000
2025-11-25,162.4739990234375,166.17999267578125,162.1999969482422,165.06199645996094,7280000
2025-11-26,163.4499969482422,164.4040069580078,159.96800231933594,160.54400634765625,10035500
2025-11-28,161.60000610351562,162.8000030517578,161.0019989013672,162.48199462890625,4520500
2025-12-01,160.33399963378906,165.21400451660156,159.8000030517578,164.41400146484375,6934000
2025-12-02,165.7239990234375,166.68600463867188,164.8000030517578,164.87600708007812,6550500
2025-12-03,164.39999389648438,166.5959930419922,162.69200134277344,166.5800018310547,4619500
2025-12-04,168.1999969482422,169.3000030517578,166.13800048828125,167.7740020751953,5549000
2025-12-05,168.16600036621094,172.3000030517578,167.6020050048828,170.8719940185547,6473000
2025-12-08,170.84800720214844,174.39599609375,170.08599853515625,170.70399475097656,7741000
2025-12-09,170.52200317382812,172.1999969482422,169.8000030517578,170.98199462890625,4894500
2025-12-10,170.11399841308594,172.33200073242188,169.11000061035156,170.71200561523438,8460500
2025-12-11,170.60000610351562,175.0,170.2239990234375,173.4980010986328,7037000
2025-12-12,173.47799682617188,174.92599487304688,171.58200073242188,173.01199340820312,7495000
2025-12-15,159.60000610351562,160.67999267578125,152.1060028076172,153.0399932861328,29629000
2025-12-16,154.8939971923828,157.21400451660156,153.91400146484375,156.2239990234375,16672500
2025-12-17,157.0,161.9320068359375,156.2899932861328,156.47799682617188,11774500
2025-12-18,156.50999450683594,157.77999877929688,151.14999389648438,153.3800048828125,9644000
2025-12-19,152.97000122070312,156.16000366210938,152.5399932861328,155.30999755859375,25257500
2025-12-22,156.86000061035156,157.16000366210938,153.14999389648438,156.67999267578125,11120300
2025-12-23,155.5,156.08999633789062,151.6300048828125,154.36000061035156,12572500
2025-12-24,153.5,153.94000244140625,152.00999450683594,152.58999633789062,3896800
2025-12-26,152.5,154.47999572753906,152.2100067138672,153.88999938964844,5450500
2025-12-29,153.07000732421875,155.69000244140625,152.7899932861328,154.5800018310547,7157700
2025-12-30,153.85000610351562,154.69000244140625,153.25,154.22999572753906,5110600
2025-12-31,153.99000549316406,154.5399932861328,152.67999267578125,153.19000244140625,5256100
2026-01-02,153.0800018310547,153.1999969482422,145.63999938964844,147.4499969482422,9896600
2026-01-05,146.50999450683594,149.80999755859375,145.7899932861328,147.60000610351562,9854900
2026-01-06,147.4199981689453,149.57000732421875,146.6999969482422,148.80999755859375,6428200
2026-01-07,148.0,152.11000061035156,147.75,150.89999389648438,6195600
2026-01-08,149.94000244140625,150.3000030517578,146.17999267578125,146.19000244140625,7426100
2026-01-09,147.35000610351562,147.35000610351562,141.42999267578125,141.8000030517578,11845400
2026-01-12,141.63999938964844,143.77000427246094,141.14999389648438,142.63999938964844,9900000
2026-01-13,142.13999938964844,144.6999969482422,137.17999267578125,138.19000244140625,12898300
2026-01-14,137.38999938964844,138.19000244140625,132.61000061035156,134.61000061035156,15646900
2026-01-15,135.14999389648438,136.24000549316406,129.92999267578125,131.1699981689453,14582800
2026-01-16,129.6999969482422,131.35000610351562,126.8499984741211,127.30999755859375,20052400
2026-01-20,126.56999969482422,128.77999877929688,125.02999877929688,125.4000015258789,19712200
2026-01-21,128.0,128.00999450683594,123.77999877929688,125.30000305175781,16119600
2026-01-22,126.0,128.72999572753906,125.0999984741211,128.55999755859375,12944200
2026-01-23,128.64999389648438,133.85000610351562,128.22999572753906,133.11000061035156,16605400
2026-01-26,134.5500030517578,136.6300048828125,133.27000427246094,136.33999633789062,17489700
2026-01-27,135.8300018310547,136.02999877929688,130.86000061035156,131.8000030517578,11804200
2026-01-28,132.27000427246094,133.6699981689453,129.13999938964844,129.6199951171875,21254100
2026-01-29,118.52999877929688,118.95999908447266,113.12999725341797,116.7300033569336,55125100
2026-01-30,117.54000091552734,118.83000183105469,115.88999938964844,117.01000213623047,28053900
2026-02-02,118.80000305175781,121.66999816894531,116.3499984741211,118.0,18889100
2026-02-03,115.0199966430664,115.88999938964844,108.0999984741211,109.7699966430664,34729600
2026-02-04,107.19000244140625,111.1500015258789,105.25,111.06999969482422,36718100
2026-02-05,109.26000213623047,112.08999633789062,101.7300033569336,102.62999725341797,36178800
2026-02-06,101.68000030517578,104.0,98.94000244140625,100.73999786376953,34727000
2026-02-09,100.0,104.25,98.0,103.87000274658203,23127400
2026-02-10,104.98999786376953,108.9800033569336,104.9000015258789,106.4800033569336,21869600
2026-02-11,105.58000183105469,105.94000244140625,99.41999816894531,100.58000183105469,26076000
2026-02-12,101.91999816894531,103.70999908447266,99.2699966430664,103.29000091552734,27213100
2026-02-13,105.1500015258789,107.69000244140625,104.58999633789062,107.08000183105469,22771200
2026-02-17,109.55999755859375,110.8499984741211,103.87999725341797,105.91000366210938,27343000
2026-02-18,105.93000030517578,108.26000213623047,103.4000015258789,107.80999755859375,18138700
2026-02-19,108.06999969482422,109.22000122070312,106.19000244140625,107.37000274658203,13224700
2026-02-20,106.0,107.80000305175781,103.81999969482422,104.2699966430664,15700300
2026-02-23,101.94000244140625,101.94000244140625,99.18000030517578,100.80000305175781,24200000
2026-02-24,100.95999908447266,105.69999694824219,100.51000213623047,102.48999786376953,18461700
2026-02-25,101.62999725341797,104.7300033569336,100.16000366210938,104.2300033569336,15493100
2026-02-26,107.44999694824219,110.1500015258789,106.56999969482422,109.30000305175781,26565100
2026-02-27,105.0,108.69999694824219,104.0,108.01000213623047,19085200
2026-03-02,105.9800033569336,111.08000183105469,105.0999984741211,109.41999816894531,14780500
2026-03-03,108.0,114.91999816894531,107.51000213623047,113.19000244140625,17606100
2026-03-04,112.11000061035156,115.20999908447266,111.5,113.86000061035156,17432000
2026-03-05,114.7699966430664,122.08000183105469,114.12999725341797,120.37999725341797,26568000
2026-03-06,120.5,124.66000366210938,120.18000030517578,124.33999633789062,25972300
2026-03-09,123.05999755859375,126.66999816894531,121.29000091552734,121.93000030517578,20324700
2026-03-10,120.98999786376953,121.43000030517578,114.66000366210938,116.61000061035156,21872600
2026-03-11,117.4000015258789,118.83000183105469,113.5999984741211,115.62999725341797,14594900
2026-03-12,115.27999877929688,117.20999908447266,112.41999816894531,112.97000122070312,18372100
2026-03-13,112.80999755859375,115.91000366210938,111.70999908447266,113.62000274658203,14846400
2026-03-16,116.9000015258789,117.19999694824219,113.80000305175781,114.87999725341797,12289400
2026-03-17,115.4000015258789,118.98999786376953,114.19999694824219,116.72000122070312,13368500
2026-03-18,115.0,117.44000244140625,113.52999877929688,113.70999908447266,10080100
2026-03-19,114.18000030517578,117.08999633789062,111.94999694824219,113.2699966430664,11361600
2026-03-20,111.30000305175781,112.1500015258789,109.12000274658203,110.37999725341797,18863000
2026-03-23,110.76000213623047,113.25,109.88999938964844,110.94999694824219,12219100
2026-03-24,109.13999938964844,109.25,104.31999969482422,104.6500015258789,17835200
2026-03-25,106.5,106.87999725341797,101.13999938964844,103.05999755859375,14728600
2026-03-26,102.41999816894531,105.83999633789062,100.87999725341797,103.63999938964844,11595300
2026-03-27,102.63999938964844,102.66999816894531,98.33999633789062,99.41000366210938,18109900
2026-03-30,100.05999755859375,105.98999786376953,99.5,104.97000122070312,18685600
2026-03-31,105.54000091552734,106.58000183105469,104.05999755859375,104.55000305175781,16821300
2026-04-01,105.2300033569336,105.9000015258789,102.01000213623047,104.04000091552734,12439700
2026-04-02,101.79000091552734,103.41000366210938,98.45999908447266,102.0,16629900
2026-04-06,102.97000122070312,103.33000183105469,100.4000015258789,102.41999816894531,9141300
2026-04-07,102.7699966430664,103.95999908447266,99.5,100.55000305175781,12008200
2026-04-08,104.76000213623047,105.58000183105469,96.95999908447266,97.47000122070312,19796900
2026-04-09,96.5,97.16000366210938,88.66000366210938,89.80999755859375,42131500
2026-04-10,88.91000366210938,88.91000366210938,81.23999786376953,83.0,58715600
2026-04-13,84.7699966430664,89.23999786376953,84.18000030517578,89.05999755859375,31675400
2026-04-14,90.73999786376953,92.4000015258789,87.12000274658203,87.79000091552734,25132700
2026-04-15,90.19999694824219,94.83000183105469,89.19999694824219,94.19000244140625,25835900
2026-04-16,97.61000061035156,99.38999938964844,95.37000274658203,96.44000244140625,21971800
2026-04-17,97.94999694824219,98.81999969482422,96.12999725341797,96.66000366210938,17754600
2026-04-20,97.44000244140625,100.66999816894531,96.80999755859375,99.72000122070312,20306600
2026-04-21,100.3499984741211,104.5,99.05999755859375,100.13999938964844,24147900
2026-04-22,101.5,104.30999755859375,101.02999877929688,103.06999969482422,35714800
2026-04-23,87.25,90.0199966430664,83.58000183105469,84.77999877929688,84103100
2026-04-24,85.77999877929688,90.38999938964844,84.93000030517578,90.16999816894531,39011800
2026-04-27,89.05999755859375,94.02999877929688,87.80999755859375,90.44999694824219,32789100
2026-04-28,91.0999984741211,93.0,90.12999725341797,90.48999786376953,20990400
2026-04-29,89.05999755859375,89.30000305175781,87.0999984741211,88.88999938964844,18646600
2026-04-30,87.94999694824219,88.70999908447266,85.87999725341797,88.30999755859375,22152200
2026-05-01,90.93000030517578,92.5999984741211,87.87000274658203,91.16000366210938,22911800
2026-05-04,91.2699966430664,95.62000274658203,91.0999984741211,91.97000122070312,21863500
2026-05-05,92.25,92.88999938964844,89.13999938964844,92.01000213623047,22756800
2026-05-06,91.5999984741211,91.68000030517578,88.20999908447266,89.05000305175781,23117900
2026-05-07,92.16999816894531,95.55999755859375,91.88999938964844,93.58999633789062,27960700
2026-05-08,91.12999725341797,91.8499984741211,88.98999786376953,91.18000030517578,24699000
2026-05-11,91.04000091552734,94.75,90.47000122070312,91.48999786376953,21402900
2026-05-12,92.47000122070312,92.7699966430664,88.69000244140625,89.0,22354600
2026-05-13,88.58000183105469,88.58000183105469,86.01000213623047,87.05000305175781,22107000
2026-05-14,87.31999969482422,92.0,85.44000244140625,90.5,25571500
2026-05-15,92.08999633789062,96.66999816894531,91.97000122070312,95.06999969482422,34569700
2026-05-18,98.86000061035156,104.68000030517578,97.8499984741211,103.41999816894531,51220700
2026-05-19,110.13999938964844,110.83000183105469,100.7699966430664,101.83000183105469,55624400
2026-05-20,100.75,103.3499984741211,97.5,103.30000305175781,30037700
2026-05-21,100.98999786376953,101.58999633789062,98.11000061035156,99.69000244140625,26474000
2026-05-22,102.18000030517578,104.58999633789062,99.43000030517578,102.12999725341797,23646300
2026-05-26,100.55999755859375,102.54000091552734,98.72000122070312,99.91999816894531,23589900
2026-05-27,99.20999908447266,105.4000015258789,98.55000305175781,102.12000274658203,28633300
2026-05-28,107.0,110.16000366210938,104.5999984741211,108.7300033569336,39117700
2026-05-29,118.4800033569336,124.73999786376953,116.29000091552734,124.37000274658203,68243400
2026-06-01,135.77000427246094,139.1999969482422,131.61000061035156,135.86000061035156,68789000
2026-06-02,129.89999389648438,132.74000549316406,124.12000274658203,127.6500015258789,41371600
2026-06-03,127.98999786376953,128.0800018310547,117.33999633789062,117.9000015258789,34316400
2026-06-04,121.94000244140625,124.80000305175781,119.36000061035156,119.36000061035156,28144000
2026-06-05,119.19000244140625,121.19999694824219,111.55999755859375,112.44999694824219,31452000
2026-06-08,111.69000244140625,115.36000061035156,111.19999694824219,114.19000244140625,19737700
2026-06-09,110.30999755859375,112.38999938964844,103.08000183105469,106.97000122070312,35824800
2026-06-10,105.27999877929688,109.80000305175781,104.7300033569336,106.05999755859375,20052700
2026-06-11,103.02999877929688,105.12000274658203,101.33000183105469,103.08000183105469,28321500
2026-06-12,103.37999725341797,103.44999694824219,98.41999816894531,102.1500015258789,26049400
2026-06-15,104.80000305175781,107.18000030517578,103.3499984741211,104.1500015258789,23018000
2026-06-16,102.9000015258789,105.66000366210938,101.19999694824219,101.33000183105469,17198400
2026-06-17,100.68000030517578,102.88999938964844,95.08999633789062,95.4800033569336,32165600
2026-06-18,95.30999755859375,96.23999786376953,92.44999694824219,95.04000091552734,36337200
2026-06-22,93.30000305175781,97.44000244140625,91.4800033569336,93.01000213623047,24940900
2026-06-23,95.13999938964844,97.5,94.61000061035156,95.94000244140625,32559700
2026-06-24,94.0,96.98999786376953,93.41999816894531,93.80000305175781,17246400
2026-06-25,91.69999694824219,92.05999755859375,89.38999938964844,89.5199966430664,23735600
2026-06-26,90.44000244140625,98.91999816894531,90.0,98.33999633789062,27314900
2026-06-29,100.4800033569336,103.20999908447266,99.47000122070312,99.97000122070312,25023100
2026-06-30,97.30999755859375,99.63999938964844,96.94999694824219,99.27999877929688,19433300
2026-07-01,103.5999984741211,106.69000244140625,101.7699966430664,105.80000305175781,26458600
2026-07-02,106.22000122070312,107.68000030517578,103.83999633789062,106.31999969482422,20227500
2026-07-06,104.0999984741211,110.63999938964844,103.33999633789062,107.93000030517578,16524500
2026-07-07,111.55000305175781,113.79000091552734,109.04000091552734,110.7300033569336,22339400
2026-07-08,106.20999908447266,108.44000244140625,105.4000015258789,107.77999877929688,15069400
2026-07-09,102.02999877929688,109.25,101.51000213623047,108.83999633789062,14241400
2026-07-10,111.2699966430664,111.5,105.70999908447266,107.70999908447266,11096900
2026-07-13,109.5,113.02999877929688,107.6500015258789,111.26000213623047,16607300
2026-07-14,103.73999786376953,107.95999908447266,102.61000061035156,104.8499984741211,23213100
2026-07-15,106.5,108.75,104.33000183105469,104.7300033569336,13784200
2026-07-16,104.94000244140625,105.86000061035156,99.30999755859375,104.01000213623047,20318200
2026-07-17,102.87999725341797,105.83000183105469,102.63999938964844,103.23999786376953,16207300
2026-07-20,100.5199966430664,105.33000183105469,98.43000030517578,104.69999694824219,20547100
2026-07-21,101.6500015258789,104.58000183105469,101.05000305175781,102.05999755859375,19158500
2026-07-22,100.87000274658203,101.16000366210938,94.73999786376953,95.45999908447266,43600900
2026-07-23,100.01000213623047,100.25,91.52999877929688,91.94000244140625,48998200
2026-07-24,94.91999816894531,98.93000030517578,94.87000274658203,98.77999877929688,29625400
2026-07-27,101.87000274658203,108.1500015258789,100.3499984741211,105.55999755859375,32533700
2026-07-28,106.87999725341797,112.27999877929688,106.5,110.62000274658203,33681100
2026-07-29,110.41999816894531,118.36000061035156,109.5,115.76000213623047,40448100
2026-07-30,110.5,113.12000274658203,106.37999725341797,110.06999969482422,29757900
2026-07-31,108.5,112.38999938964844,106.05000305175781,111.2300033569336,20525300
2026-08-03,114.51000213623047,119.63999938964844,113.69999694824219,114.19000244140625,24517500
2026-08-04,112.58999633789062,118.33000183105469,112.0,118.13999938964844,19398600
2026-08-05,119.9000015258789,120.0,115.70999908447266,117.22000122070312,15596900
2026-08-06,113.0,117.41999816894531,111.80000305175781,117.3499984741211,16281500
2026-08-07,121.66999816894531,126.1500015258789,120.95999908447266,124.87999725341797,26705900
2026-08-10,124.72000122070312,127.88999938964844,123.27999877929688,127.44000244140625,17216100
2026-08-11,126.26000213623047,128.97000122070312,125.16000366210938,127.54000091552734,13461000
2026-08-12,123.63999938964844,125.63999938964844,121.8499984741211,124.94000244140625,12654600
2026-08-13,125.5999984741211,129.75,121.6500015258789,127.25,23124900
2026-08-14,127.69999694824219,128.64999389648438,122.16999816894531,124.0,15030800
2026-08-17,122.43000030517578,123.36000061035156,117.58999633789062,117.69999694824219,20204200
2026-08-18,119.4800033569336,121.83999633789062,117.83999633789062,119.48999786376953,17341500
2026-08-19,118.63999938964844,129.60000610351562,118.51000213623047,127.19999694824219,22503800
2026-08-20,128.14999389648438,131.14999389648438,127.0999984741211,129.75,16952300
2026-08-21,130.2899932861328,131.17999267578125,127.47000122070312,128.47999572753906,12504600
2026-08-24,128.05999755859375,130.14999389648438,127.58999633789062,128.0500030517578,8949300
2026-08-25,125.95999908447266,129.80999755859375,125.25,127.0,12317500
2026-08-26,122.33000183105469,126.55999755859375,121.87999725341797,125.80000305175781,13384900
2026-08-27,130.47999572753906,139.32000732421875,130.25,138.42999267578125,27815500
2026-08-28,138.47999572753906,145.72000122070312,137.8000030517578,144.7100067138672,29034400
2026-08-31,142.0800018310547,149.60000610351562,141.69000244140625,147.99000549316406,26013700
2026-09-01,144.5500030517578,146.9600067138672,142.05999755859375,142.89999389648438,16926100
2026-09-02,140.3000030517578,142.60000610351562,136.3800048828125,136.72000122070312,14617700
2026-09-03,140.99000549316406,146.97999572753906,140.80999755859375,145.58999633789062,18172800
2026-09-04,143.32000732421875,145.25999450683594,138.8000030517578,141.25999450683594,12505100
2026-09-08,136.72000122070312,136.97999572753906,132.4600067138672,134.2100067138672,14614100
2026-09-09,133.5800018310547,134.60000610351562,130.85000610351562,131.11000061035156,10674700
2026-09-10,130.63999938964844,134.6999969482422,130.63999938964844,131.1699981689453,13852200
2026-09-11,130.5,134.4499969482422,130.38999938964844,132.52999877929688,10730000
2026-09-14,140.0,143.19000244140625,137.24000549316406,142.35000610351562,17501800
2026-09-15,139.14999389648438,147.57000732421875,139.0,141.89999389648438,14704500
2026-09-16,139.1999969482422,141.6699981689453,138.3300018310547,139.82000732421875,9855600
2026-09-17,139.07000732421875,140.5399932861328,136.0,138.47000122070312,9857700
2026-09-18,139.7100067138672,139.94000244140625,135.07000732421875,135.47000122070312,19250600
2026-09-21,136.82000732421875,140.16000366210938,135.6199951171875,137.67999267578125,10893000
