observation_id,symbol,timestamp,direction,forward_return_1,mfe_1,mae_1,complete_1,forward_return_3,mfe_3,mae_3,complete_3,forward_return_5,mfe_5,mae_5,complete_5,forward_return_10,mfe_10,mae_10,complete_10,forward_return_20,mfe_20,mae_20,complete_20,path_horizon,path_complete,target_3_stop_2_target_hit,target_3_stop_2_stop_hit,target_3_stop_2_target_before_stop,target_3_stop_2_stop_before_target,target_3_stop_2_neither,target_3_stop_2_bars_to_target,target_3_stop_2_bars_to_stop,target_3_stop_2_path_status,target_5_stop_3_target_hit,target_5_stop_3_stop_hit,target_5_stop_3_target_before_stop,target_5_stop_3_stop_before_target,target_5_stop_3_neither,target_5_stop_3_bars_to_target,target_5_stop_3_bars_to_stop,target_5_stop_3_path_status,label_end_1,label_end_3,label_end_5,label_end_10,label_end_20
COP|2021-09-23T00:00:00|Long,COP,2021-09-23,Long,0.020561883180328255,0.031078376791503715,-0.002668312217677382,True,0.06419720649912808,0.07738189257606365,-0.002668312217677382,True,0.06372622220902291,0.08130592339685405,-0.002668312217677382,True,0.12242980950942783,0.14361955199131282,-0.002668312217677382,True,0.17077377821010886,0.19447495789821967,-0.002668312217677382,True,20,True,True,False,True,False,False,1,,TARGET_BEFORE_STOP,True,False,True,False,False,2,,TARGET_BEFORE_STOP,2021-09-24,2021-09-28,2021-09-30,2021-10-07,2021-10-21
COP|2021-09-24T00:00:00|Long,COP,2021-09-24,Long,0.02599204135127353,0.02968318063396258,0.01199640801234314,True,0.046447315108912424,0.05567522198523611,0.01199640801234314,True,0.07812983840866461,0.08166726333650964,0.01199640801234314,True,0.15226087414654788,0.1550292579433652,0.01199640801234314,True,0.16456482820778096,0.17040914185030553,0.01199640801234314,True,20,True,True,False,True,False,False,2,,TARGET_BEFORE_STOP,True,False,True,False,False,2,,TARGET_BEFORE_STOP,2021-09-27,2021-09-29,2021-10-01,2021-10-08,2021-10-22
COP|2021-09-27T00:00:00|Long,COP,2021-09-27,Long,0.01633943909825164,0.02893119969514446,0.006895504284000653,True,0.01588963533415,0.03267876382992174,-0.0014990027805946715,True,0.07165340795829,0.08844253645406197,-0.0014990027805946715,True,0.10882929449657719,0.13206412351224794,-0.0014990027805946715,True,0.14705438005135751,0.16894025524104883,-0.0014990027805946715,True,20,True,True,False,True,False,False,3,,TARGET_BEFORE_STOP,True,False,True,False,False,4,,TARGET_BEFORE_STOP,2021-09-28,2021-09-30,2021-10-04,2021-10-11,2021-10-25
COP|2021-09-28T00:00:00|Long,COP,2021-09-28,Long,0.003539791341695464,0.010029502574751659,-0.017551657637799978,True,0.03392323479111781,0.037315614534198405,-0.017551657637799978,True,0.05796460366197409,0.07463122906839703,-0.017551657637799978,True,0.08274336810971739,0.11386420713602674,-0.017551657637799978,True,0.13613562407206659,0.1501474903681712,-0.017551657637799978,True,20,True,True,False,True,False,False,3,,TARGET_BEFORE_STOP,True,False,True,False,False,4,,TARGET_BEFORE_STOP,2021-09-29,2021-10-01,2021-10-05,2021-10-12,2021-10-26
COP|2021-09-29T00:00:00|Long,COP,2021-09-29,Long,-0.003968316708228059,0.012492628787239113,-0.004703111265702442,True,0.050705421837448306,0.06716636733291548,-0.004703111265702442,True,0.05540853310315086,0.0708406765133398,-0.004703111265702442,True,0.07627869446753399,0.10993526788492525,-0.004703111265702442,True,0.09391533368116378,0.1460905688955958,-0.004703111265702442,True,20,True,True,False,True,False,False,2,,TARGET_BEFORE_STOP,True,False,True,False,False,3,,TARGET_BEFORE_STOP,2021-09-30,2021-10-04,2021-10-06,2021-10-13,2021-10-27
COP|2021-09-30T00:00:00|Long,COP,2021-09-30,Long,0.03438102326205539,0.03777490504347236,0.007968141394066208,True,0.05843303688981871,0.07510704175025107,0.007968141394066208,True,0.05518674455396644,0.07510704175025107,0.007968141394066208,True,0.08971524468382475,0.11435739093832331,0.007968141394066208,True,0.10889781980780944,0.15065673925943424,0.007968141394066208,True,20,True,True,False,True,False,False,1,,TARGET_BEFORE_STOP,True,False,True,False,False,2,,TARGET_BEFORE_STOP,2021-10-01,2021-10-05,2021-10-07,2021-10-14,2021-10-28
COP|2021-10-01T00:00:00|Long,COP,2021-10-01,Long,0.019828807701922857,0.03580602269423849,0.007560610425584091,True,0.0243937107231742,0.03937235658071203,-0.004422219191747789,True,0.06875891297777459,0.07132667772947032,-0.004422219191747789,True,0.05763196866571674,0.07731809253813626,-0.004422219191747789,True,0.0626248143396051,0.11241091375660406,-0.004422219191747789,True,20,True,True,False,True,False,False,1,,TARGET_BEFORE_STOP,True,False,True,False,False,5,,TARGET_BEFORE_STOP,2021-10-04,2021-10-06,2021-10-08,2021-10-15,2021-10-29
COP|2021-10-04T00:00:00|Long,COP,2021-10-04,Long,0.003357189821454609,0.019163558365083322,-0.010910600120358493,True,0.00027981917832842207,0.019163558365083322,-0.02377950761002512,True,0.03469021445013132,0.056371505101684205,-0.02377950761002512,True,0.042103821879618586,0.059588785333974714,-0.02377950761002512,True,0.04336268802285348,0.0907820070932348,-0.02377950761002512,True,20,True,True,True,False,True,False,4,2,STOP_BEFORE_TARGET,True,False,True,False,False,4,,TARGET_BEFORE_STOP,2021-10-05,2021-10-07,2021-10-11,2021-10-18,2021-11-01
COP|2021-10-05T00:00:00|Long,COP,2021-10-05,Long,0.0011152125737692309,0.005297605404074535,-0.02704589921392675,True,0.044472252373084054,0.04698166679873372,-0.02704589921392675,True,0.023421165851839953,0.052836931671026655,-0.02704589921392675,True,0.05004874069260179,0.057437542511828754,-0.02704589921392675,True,0.018123454085097634,0.08713229760912666,-0.02704589921392675,True,20,True,True,True,False,True,False,3,1,STOP_BEFORE_TARGET,True,False,True,False,False,4,,TARGET_BEFORE_STOP,2021-10-06,2021-10-08,2021-10-12,2021-10-19,2021-11-02
COP|2021-10-06T00:00:00|Long,COP,2021-10-06,Long,-0.004177627524893035,0.00445619977306233,-0.016710722587938265,True,0.030079428151308818,0.05166410264038035,-0.016710722587938265,True,0.019774486096886257,0.05166410264038035,-0.016710722587938265,True,0.05862692142605197,0.05974099793036336,-0.016710722587938265,True,0.012950847191116388,0.08592126456076521,-0.016710722587938265,True,20,True,True,False,True,False,False,2,,TARGET_BEFORE_STOP,True,False,True,False,False,3,,TARGET_BEFORE_STOP,2021-10-07,2021-10-11,2021-10-13,2021-10-20,2021-11-03
COP|2021-10-07T00:00:00|Long,COP,2021-10-07,Long,0.0476855814689896,0.05020271613265348,0.009509163541630672,True,0.026569731074252978,0.05607599478457126,0.009509163541630672,True,0.03272264393773616,0.05607599478457126,-0.000699245563754225,True,0.04307081680395708,0.06418677388858729,-0.000699245563754225,True,0.02517123994674475,0.09047687075127508,-0.000699245563754225,True,20,True,True,False,True,False,False,1,,TARGET_BEFORE_STOP,True,False,True,False,False,1,,TARGET_BEFORE_STOP,2021-10-08,2021-10-12,2021-10-14,2021-10-21,2021-11-04
COP|2021-10-08T00:00:00|Long,COP,2021-10-08,Long,-0.012680151781369942,0.008008522274227658,-0.0156166337098268,True,-0.022557325858454602,0.008008522274227658,-0.04618258367639472,True,-0.010411089139884533,0.008008522274227658,-0.04618258367639472,True,0.010678097588227242,0.015750137933998154,-0.04618258367639472,True,0.0070741963727991575,0.040843636716166865,-0.04618258367639472,True,20,True,True,True,False,True,False,11,2,STOP_BEFORE_TARGET,False,True,False,True,False,,3,STOP_BEFORE_TARGET,2021-10-11,2021-10-13,2021-10-15,2021-10-22,2021-11-05
COP|2021-10-11T00:00:00|Long,COP,2021-10-11,Long,-0.007570603614334037,0.00865214788544999,-0.012843106150589367,True,-0.0016223164066738738,0.00865214788544999,-0.03393270372865631,True,0.007165050298100217,0.024063792752766267,-0.03393270372865631,True,0.03447337272247575,0.054211194674255614,-0.03393270372865631,True,0.02649721579190789,0.054211194674255614,-0.03393270372865631,True,20,True,True,True,False,True,False,10,2,STOP_BEFORE_TARGET,True,True,False,True,False,10,2,STOP_BEFORE_TARGET,2021-10-12,2021-10-14,2021-10-18,2021-10-25,2021-11-08
COP|2021-10-12T00:00:00|Long,COP,2021-10-12,Long,-0.002451986053621291,0.004767721790780222,-0.02656319956898756,True,0.009944090602407307,0.02070557917504856,-0.02656319956898756,True,0.026018198303138007,0.03323790614753941,-0.02656319956898756,True,0.04931201384827011,0.06225309177014826,-0.02656319956898756,True,0.03187571476853668,0.06225309177014826,-0.02656319956898756,True,20,True,True,True,False,True,False,4,1,STOP_BEFORE_TARGET,True,False,True,False,False,9,,TARGET_BEFORE_STOP,2021-10-13,2021-10-15,2021-10-19,2021-10-26,2021-11-09
COP|2021-10-13T00:00:00|Long,COP,2021-10-13,Long,0.008466408422317828,0.01884469739393113,-0.005325781799326412,True,0.017342572509197574,0.03441207875935204,-0.005325781799326412,True,0.038099046268426084,0.0391915196725956,-0.005325781799326412,True,0.016386684326548995,0.06486412375058648,-0.005325781799326412,True,-0.0031408349909876065,0.06486412375058648,-0.013382538741080197,True,20,True,True,False,True,False,False,3,,TARGET_BEFORE_STOP,True,False,True,False,False,8,,TARGET_BEFORE_STOP,2021-10-14,2021-10-18,2021-10-20,2021-10-27,2021-11-10
COP|2021-10-14T00:00:00|Long,COP,2021-10-14,Long,0.0039268912866528005,0.014624263417326144,0.0037914527431572864,True,0.01990523021091528,0.02708192337608306,0.0037914527431572864,True,0.010020282722535745,0.030467163798093555,0.0035206789655057857,True,0.017603291518189623,0.05592423788958856,0.0035206789655057857,True,-0.023155032089430372,0.05592423788958856,-0.025186197004504418,True,20,True,True,True,True,False,False,4,14,TARGET_BEFORE_STOP,True,False,True,False,False,7,,TARGET_BEFORE_STOP,2021-10-15,2021-10-19,2021-10-21,2021-10-28,2021-11-11
COP|2021-10-15T00:00:00|Long,COP,2021-10-15,Long,0.00485568671857628,0.021715681462176395,-0.00013490877141641988,True,0.025357395048487996,0.026436459409336255,-0.00013490877141641988,True,0.021311058053168574,0.026436459409336255,-0.00040462340900782046,True,0.00472077794715986,0.05179395736306547,-0.00229293458787172,True,-0.024008616050048115,0.05179395736306547,-0.03560830066606446,True,20,True,True,True,True,False,False,6,13,TARGET_BEFORE_STOP,True,True,True,False,False,6,20,TARGET_BEFORE_STOP,2021-10-18,2021-10-20,2021-10-22,2021-10-29,2021-11-12
COP|2021-10-18T00:00:00|Long,COP,2021-10-18,Long,0.011006707313076847,0.01812078488753155,-0.0016107751219064381,True,0.0012080045354445623,0.021476489585517955,-0.005234891136220665,True,0.027114048900220178,0.046711454455484525,-0.005234891136220665,True,0.0012080045354445623,0.046711454455484525,-0.0071140775744547025,True,-0.02389260106438762,0.046711454455484525,-0.04026845637583898,True,20,True,True,True,True,False,False,5,11,TARGET_BEFORE_STOP,False,True,False,True,False,,12,STOP_BEFORE_TARGET,2021-10-19,2021-10-21,2021-10-25,2021-11-01,2021-11-15
COP|2021-10-19T00:00:00|Long,COP,2021-10-19,Long,0.009293639817822275,0.010355799023595402,-0.010355799023595513,True,0.005310694735788601,0.010355799023595402,-0.01606477813827989,True,0.022703121234746382,0.03531603389387916,-0.01606477813827989,True,-0.030403623536986113,0.03531603389387916,-0.033324510706323696,True,-0.035581523048783814,0.03531603389387916,-0.050716937205281476,True,20,True,True,True,True,False,False,4,10,TARGET_BEFORE_STOP,False,True,False,True,False,,10,STOP_BEFORE_TARGET,2021-10-20,2021-10-22,2021-10-26,2021-11-02,2021-11-16
COP|2021-10-20T00:00:00|Long,COP,2021-10-20,Long,-0.018810844097902346,-0.00486707621054927,-0.025124916036010525,True,0.006577216812408304,0.025782778221760783,-0.025124916036010525,True,-0.020915501290483696,0.025782778221760783,-0.025124916036010525,True,-0.04314652623174031,0.025782778221760783,-0.0495921706069985,True,-0.053275395964288985,0.025782778221760783,-0.059457995825611065,True,20,True,False,True,False,True,False,,1,STOP_BEFORE_TARGET,False,True,False,True,False,,9,STOP_BEFORE_TARGET,2021-10-21,2021-10-25,2021-10-27,2021-11-03,2021-11-17
COP|2021-10-21T00:00:00|Long,COP,2021-10-21,Long,0.015149550050835403,0.019975942704359095,0.005362669868850922,True,0.032712194144012274,0.04544854786808572,0.005362669868850922,True,0.007507778730159398,0.04544854786808572,-0.006301027140148019,True,-0.017160461752786738,0.04544854786808572,-0.03137144996348451,True,-0.025070320538916113,0.04544854786808572,-0.04142641761092236,True,20,True,True,True,True,False,False,2,8,TARGET_BEFORE_STOP,False,True,False,True,False,,9,STOP_BEFORE_TARGET,2021-10-22,2021-10-26,2021-10-28,2021-11-04,2021-11-18
COP|2021-10-22T00:00:00|Long,COP,2021-10-22,Long,0.010565179734103758,0.029846831745857783,0.006339087688865819,True,-0.01703646189554786,0.029846831745857783,-0.01941364496836806,True,-0.01624410112393515,0.029846831745857783,-0.02311146291320343,True,-0.0035658249882214443,0.029846831745857783,-0.0458267454406005,True,-0.08069203000330893,0.029846831745857783,-0.08333329974733927,True,20,True,False,True,False,True,False,,4,STOP_BEFORE_TARGET,False,True,False,True,False,,7,STOP_BEFORE_TARGET,2021-10-25,2021-10-27,2021-10-29,2021-11-05,2021-11-19
COP|2021-10-25T00:00:00|Long,COP,2021-10-25,Long,0.006664952412497094,0.014506020113007168,-0.0006533641473677188,True,-0.017903752970324205,0.014506020113007168,-0.03136427080204063,True,-0.025222169234774272,0.014506020113007168,-0.033324562653314516,True,-0.0077103549892024725,0.014506020113007168,-0.05580236317813947,True,-0.060507023739362675,0.014506020113007168,-0.09291679682269405,True,20,True,False,True,False,True,False,,2,STOP_BEFORE_TARGET,False,True,False,True,False,,3,STOP_BEFORE_TARGET,2021-10-26,2021-10-28,2021-11-01,2021-11-08,2021-11-22
COP|2021-10-26T00:00:00|Long,COP,2021-10-26,Long,-0.033753063940329286,-0.004803260068166337,-0.036089819853976746,True,-0.032974178317266345,-0.004803260068166337,-0.039724751487548726,True,-0.05192782115264771,-0.004803260068166337,-0.05478386716315675,True,-0.01661688692173391,0.0015578702905845176,-0.0620537304303006,True,-0.04219135468652624,0.0015578702905845176,-0.09892243590734029,True,20,True,False,True,False,True,False,,1,STOP_BEFORE_TARGET,False,True,False,True,False,,1,STOP_BEFORE_TARGET,2021-10-27,2021-10-29,2021-11-02,2021-11-09,2021-11-23
COP|2021-10-27T00:00:00|Long,COP,2021-10-27,Long,0.009673535103466246,0.012226199502669566,-0.004164954417878675,True,0.002149617520607716,0.013166778891783082,-0.006180291315149522,True,-0.02270593086761996,0.013166778891783082,-0.029289269061365086,True,-0.019212687079303126,0.03654442038896488,-0.029289269061365086,True,0.005374197557958205,0.03654442038896488,-0.0674458769647126,True,20,True,True,True,False,True,False,8,4,STOP_BEFORE_TARGET,False,True,False,True,False,,11,STOP_BEFORE_TARGET,2021-10-28,2021-11-01,2021-11-03,2021-11-10,2021-11-24
COP|2021-10-28T00:00:00|Long,COP,2021-10-28,Long,-0.008782483682080788,0.0019960282479469793,-0.01570193321645419,True,-0.028210282149521704,0.003459775528293685,-0.031137776710215337,True,-0.024484416898534977,0.003459775528293685,-0.03858950721218879,True,-0.040053254492535606,0.026613439246721438,-0.042049282740482474,True,-0.048835636652402425,0.026613439246721438,-0.07731211004683114,True,20,True,False,True,False,True,False,,3,STOP_BEFORE_TARGET,False,True,False,True,False,,3,STOP_BEFORE_TARGET,2021-10-29,2021-11-02,2021-11-04,2021-11-11,2021-11-26
COP|2021-10-29T00:00:00|Long,COP,2021-10-29,Long,0.0013424416295992891,0.012350729288815199,-0.000939719382892723,True,-0.023493086994048173,0.012350729288815199,-0.030071122674296902,True,0.012887624003270037,0.0177204958072128,-0.030071122674296902,True,-0.028594406155218244,0.035709541393384114,-0.04013958852888899,True,-0.0314135643038963,0.035709541393384114,-0.06913681935254512,True,20,True,True,True,False,True,False,6,2,STOP_BEFORE_TARGET,False,True,False,True,False,,3,STOP_BEFORE_TARGET,2021-11-01,2021-11-03,2021-11-05,2021-11-12,2021-11-29
COP|2021-11-01T00:00:00|Long,COP,2021-11-01,Long,-0.020914299975656303,0.008848420626267117,-0.02386377351774538,True,-0.017160461752786738,0.008848420626267117,-0.03137144996348451,True,0.017964928717987494,0.03432102578999374,-0.03137144996348451,True,-0.025070320538916113,0.03432102578999374,-0.04142641761092236,True,-0.0597935286693001,0.03432102578999374,-0.07038477353206518,True,20,True,True,True,False,True,False,5,1,STOP_BEFORE_TARGET,False,True,False,True,False,,2,STOP_BEFORE_TARGET,2021-11-02,2021-11-04,2021-11-08,2021-11-15,2021-11-30
COP|2021-11-02T00:00:00|Long,COP,2021-11-02,Long,-0.0039709834365977414,0.009037432194185957,-0.010680525706348476,True,0.03313704244003568,0.03806653191516918,-0.010680525706348476,True,0.03724498515908792,0.056415210399127114,-0.010680525706348476,True,-0.005340262853174238,0.056415210399127114,-0.02095027803465621,True,-0.05244422696252937,0.056415210399127114,-0.053128814436156135,True,20,True,True,True,True,False,False,3,8,TARGET_BEFORE_STOP,True,True,True,False,False,4,13,TARGET_BEFORE_STOP,2021-11-03,2021-11-05,2021-11-09,2021-11-16,2021-12-01
COP|2021-11-03T00:00:00|Long,COP,2021-11-03,Long,0.007836124712180093,0.0280451055188089,0.0017872544216455122,True,0.04385486025694729,0.060626942419885754,0.0017872544216455122,True,0.0035744039574678865,0.060626942419885754,0.0017872544216455122,True,-0.01058560167280298,0.060626942419885754,-0.01704698790467174,True,-0.020346381234583766,0.060626942419885754,-0.06186417558641921,True,20,True,True,True,True,False,False,2,12,TARGET_BEFORE_STOP,True,True,True,False,False,3,12,TARGET_BEFORE_STOP,2021-11-04,2021-11-08,2021-11-10,2021-11-17,2021-12-02
COP|2021-11-04T00:00:00|Long,COP,2021-11-04,Long,0.029191098907594748,0.03410176078647176,0.008320837957524363,True,0.03328335183009723,0.05238035868458457,0.008320837957524363,True,-0.015959599071193264,0.05238035868458457,-0.018005725532444505,True,-0.008047965591856165,0.05238035868458457,-0.02468964150690489,True,-0.030009507863969276,0.05238035868458457,-0.06915836671215236,True,20,True,True,True,True,False,False,1,6,TARGET_BEFORE_STOP,True,True,True,False,False,2,11,TARGET_BEFORE_STOP,2021-11-05,2021-11-09,2021-11-11,2021-11-18,2021-12-03
COP|2021-11-05T00:00:00|Long,COP,2021-11-05,Long,0.006361873775327931,0.022531539382339538,0.0001325664232607604,True,-0.03247179651873089,0.022531539382339538,-0.03339955924445026,True,-0.040954227473466,0.022531539382339538,-0.052352513028619985,True,-0.07740220774159601,0.022531539382339538,-0.08005292949549325,True,-0.03499005296792057,0.022531539382339538,-0.09555996522330723,True,20,True,False,True,False,True,False,,3,STOP_BEFORE_TARGET,False,True,False,True,False,,3,STOP_BEFORE_TARGET,2021-11-08,2021-11-10,2021-11-12,2021-11-19,2021-12-06
COP|2021-11-08T00:00:00|Long,COP,2021-11-08,Long,-0.0023706085137933375,0.0007901693448255642,-0.01593571815632111,True,-0.04991440669425362,0.0007901693448255642,-0.05188993053563418,True,-0.04227576809655098,0.0007901693448255642,-0.058343214636781826,True,-0.05320691293678237,0.0007901693448255642,-0.08586851859425015,True,-0.017911241997701666,0.0007901693448255642,-0.10127752417356517,True,20,True,False,True,False,True,False,,2,STOP_BEFORE_TARGET,False,True,False,True,False,,2,STOP_BEFORE_TARGET,2021-11-09,2021-11-11,2021-11-15,2021-11-22,2021-12-07
COP|2021-11-09T00:00:00|Long,COP,2021-11-09,Long,-0.0363036303630363,-0.010297013588077553,-0.03722771874355402,True,-0.044752467190078415,-0.010297013588077553,-0.05610561056105612,True,-0.04105611366800743,-0.010297013588077553,-0.05610561056105612,True,-0.026006616774958746,-0.010297013588077553,-0.08369632129228544,True,-0.021650156959055256,0.002772265141553154,-0.09914194239248142,True,20,True,False,True,False,True,False,,1,STOP_BEFORE_TARGET,False,True,False,True,False,,1,STOP_BEFORE_TARGET,2021-11-10,2021-11-12,2021-11-16,2021-11-23,2021-12-08
COP|2021-11-10T00:00:00|Long,COP,2021-11-10,Long,-0.011780830278788512,0.009041146056292915,-0.013835645701787191,True,-0.003835599716395577,0.009041146056292915,-0.020547945205479423,True,-0.014109572319135233,0.012739730207887323,-0.020547945205479423,True,0.02506851823362588,0.03410955977766483,-0.04917803202589899,True,-0.0061643417567422976,0.04054793266400902,-0.06520550871548592,True,20,True,True,True,False,True,False,10,2,STOP_BEFORE_TARGET,False,True,False,True,False,,7,STOP_BEFORE_TARGET,2021-11-11,2021-11-15,2021-11-17,2021-11-24,2021-12-09
COP|2021-11-11T00:00:00|Long,COP,2021-11-11,Long,0.003049642674861186,0.0055447952490044194,-0.008871630095137917,True,0.006930967621712414,0.023149406474557654,-0.008871630095137917,True,0.008039947823147875,0.024812876776710846,-0.008871630095137917,True,-0.009148822266410339,0.04643746191383791,-0.03881346098485816,True,0.018713591426988696,0.05295258839955519,-0.05406156860099065,True,20,True,True,True,False,True,False,8,6,STOP_BEFORE_TARGET,True,True,False,True,False,17,6,STOP_BEFORE_TARGET,2021-11-12,2021-11-16,2021-11-18,2021-11-26,2021-12-10
COP|2021-11-12T00:00:00|Long,COP,2021-11-12,Long,0.004975132771074975,0.014234366647442043,-0.00856830764721328,True,-0.005389709595893022,0.021697065804054505,-0.008706429631066714,True,-0.03800442201221588,0.021697065804054505,-0.040768337802089105,True,-0.0029021432103555345,0.04325590418762659,-0.04173582430883649,True,-0.01851857318936312,0.04975122227412054,-0.056937572026397154,True,20,True,True,True,False,True,False,7,5,STOP_BEFORE_TARGET,False,True,False,True,False,,5,STOP_BEFORE_TARGET,2021-11-15,2021-11-17,2021-11-19,2021-11-29,2021-12-13
COP|2021-11-15T00:00:00|Long,COP,2021-11-15,Long,-0.0011001351720537622,0.014988948289240467,-0.0020627272189346346,True,0.0,0.016639151047321166,-0.015264034539586246,True,-0.011413666352062535,0.016639151047321166,-0.04551701736841285,True,-0.035616115563922635,0.038091262329046804,-0.046479714329958344,True,-0.0280528173993837,0.044554425321531976,-0.06160620574437159,True,20,True,True,True,False,True,False,7,4,STOP_BEFORE_TARGET,False,True,False,True,False,,4,STOP_BEFORE_TARGET,2021-11-16,2021-11-18,2021-11-22,2021-11-30,2021-12-14
COP|2021-11-16T00:00:00|Long,COP,2021-11-16,Long,-0.009223543152187763,0.017758823325529693,-0.012527478529198888,True,-0.04171253861173163,0.017758823325529693,-0.04446580058753902,True,0.01569382432856803,0.028634386681328783,-0.04446580058753902,True,-0.04735686220141222,0.039234560821420184,-0.04804512518025805,True,-0.02656938768436745,0.04570484199780056,-0.06057270873966891,True,20,True,True,True,False,True,False,6,3,STOP_BEFORE_TARGET,False,True,False,True,False,,3,STOP_BEFORE_TARGET,2021-11-17,2021-11-19,2021-11-23,2021-12-01,2021-12-15
COP|2021-11-17T00:00:00|Long,COP,2021-11-17,Long,0.010421008576893653,0.017229371164896312,-0.0050020925975474695,True,-0.0011115996901174263,0.017229371164896312,-0.03557034201990994,True,0.03973878785385998,0.04890922027737621,-0.03557034201990994,True,-0.009865208731835051,0.04890922027737621,-0.051827195965929884,True,-0.0037516224521512154,0.05543973594683993,-0.051827195965929884,True,20,True,True,True,False,True,False,4,2,STOP_BEFORE_TARGET,True,True,False,True,False,13,2,STOP_BEFORE_TARGET,2021-11-18,2021-11-22,2021-11-24,2021-12-02,2021-12-16
COP|2021-11-18T00:00:00|Long,COP,2021-11-18,Long,-0.04276678435294301,-0.019526927187963894,-0.04551701736841285,True,0.014576423828386531,0.027502749813356875,-0.04551701736841285,True,-0.017051675508175212,0.038091262329046804,-0.046479714329958344,True,-0.022139721992925354,0.038091262329046804,-0.06160620574437159,True,-0.05651815925962145,0.044554425321531976,-0.06160620574437159,True,20,True,True,True,False,True,False,4,1,STOP_BEFORE_TARGET,False,True,False,True,False,,1,STOP_BEFORE_TARGET,2021-11-19,2021-11-23,2021-11-26,2021-12-03,2021-12-17
COP|2021-11-19T00:00:00|Long,COP,2021-11-19,Long,0.032753896843922936,0.04625773872244854,0.0,True,0.07498924256476536,0.0844705818396958,0.0,True,0.036489023031981205,0.0844705818396958,-0.003878814395826713,True,0.04597036230691143,0.0844705818396958,-0.019681119588703222,True,-0.014509440128926965,0.09122250277895838,-0.05099846316090817,True,20,True,True,True,True,False,False,1,20,TARGET_BEFORE_STOP,True,True,True,False,False,2,20,TARGET_BEFORE_STOP,2021-11-22,2021-11-24,2021-11-29,2021-12-06,2021-12-20
COP|2021-11-22T00:00:00|Long,COP,2021-11-22,Long,0.02629015726380124,0.0393657233979916,0.013214591129611097,True,-0.005703102464817644,0.05007648497267159,-0.03547090100719896,True,-0.024481877189776347,0.05007648497267159,-0.03547090100719896,True,0.037279181081223856,0.05661426803976677,-0.0507720344535777,True,-0.016831257403611688,0.05661426803976677,-0.081096145229543,True,20,True,True,True,True,False,False,1,3,TARGET_BEFORE_STOP,True,True,True,False,False,2,3,TARGET_BEFORE_STOP,2021-11-23,2021-11-26,2021-11-30,2021-12-07,2021-12-21
COP|2021-11-23T00:00:00|Long,COP,2021-11-23,Long,0.014231540649638053,0.023177000715165264,-0.00786123394755922,True,-0.02209267118984226,0.023177000715165264,-0.060178944359811304,True,-0.06207646932544897,0.023177000715165264,-0.06275409772325957,True,0.004472781736441167,0.029547307417244095,-0.07508811340725996,True,-0.03659524251713353,0.029547307417244095,-0.10463542082450406,True,20,True,False,True,False,True,False,,2,STOP_BEFORE_TARGET,False,True,False,True,False,,2,STOP_BEFORE_TARGET,2021-11-24,2021-11-29,2021-12-01,2021-12-08,2021-12-22
COP|2021-11-24T00:00:00|Long,COP,2021-11-24,Long,-0.044768119633144754,-0.04289722044534949,-0.07336636855307,True,-0.06280909344687735,-0.0017373363574948453,-0.07336636855307,True,-0.047708133201496916,-0.0017373363574948453,-0.08806633443847234,True,-0.03046904615136159,0.015100858289021302,-0.08806633443847234,True,-0.0486435827953946,0.015100858289021302,-0.11719903859231706,True,20,True,False,True,False,True,False,,1,STOP_BEFORE_TARGET,False,True,False,True,False,,1,STOP_BEFORE_TARGET,2021-11-26,2021-11-30,2021-12-02,2021-12-09,2021-12-23
COP|2021-11-26T00:00:00|Long,COP,2021-11-26,Long,0.009373225202574442,0.045047473979955344,0.00657517584269951,True,-0.031897122294556324,0.045047473979955344,-0.03259655458352295,True,-0.0051763112647663645,0.045047473979955344,-0.04532743901794711,True,0.028119675607723105,0.06267481137582376,-0.04532743901794711,True,0.024202513238567924,0.06267481137582376,-0.07582548326523131,True,20,True,True,True,True,False,False,1,2,TARGET_BEFORE_STOP,True,True,False,True,False,7,3,STOP_BEFORE_TARGET,2021-11-29,2021-12-01,2021-12-03,2021-12-10,2021-12-27
COP|2021-11-29T00:00:00|Long,COP,2021-11-29,Long,-0.02799728662148948,0.0012473504641346,-0.029660420573669133,True,-0.012335403615053475,0.0012473504641346,-0.05419270380343555,True,0.009147553967522981,0.018849626910454775,-0.05419270380343555,True,-0.015661883006436117,0.052806617851936855,-0.05419270380343555,True,0.013444230078847541,0.052806617851936855,-0.08440753760900177,True,20,True,True,True,False,True,False,6,1,STOP_BEFORE_TARGET,True,True,False,True,False,6,2,STOP_BEFORE_TARGET,2021-11-30,2021-12-02,2021-12-06,2021-12-13,2021-12-28
COP|2021-11-30T00:00:00|Long,COP,2021-11-30,Long,-0.013261091424475402,0.02923147200975973,-0.013973987821471079,True,0.013974096610788411,0.04006851986367832,-0.026949942445011588,True,0.06331103116063308,0.0831313568997829,-0.026949942445011588,True,0.007842621892174773,0.0831313568997829,-0.026949942445011588,True,0.039783274273426095,0.0831313568997829,-0.05803507563414112,True,20,True,True,True,False,True,False,3,2,STOP_BEFORE_TARGET,True,True,True,False,False,5,14,TARGET_BEFORE_STOP,2021-12-01,2021-12-03,2021-12-07,2021-12-14,2021-12-29
COP|2021-12-01T00:00:00|Long,COP,2021-12-01,Long,0.029768862410919583,0.03540469198964247,-0.01387281975157717,True,0.05216764117853434,0.06228331471187687,-0.01387281975157717,True,0.07095381327519124,0.09768789645014841,-0.01387281975157717,True,0.021820841081248377,0.09768789645014841,-0.01387281975157717,True,0.04450869894341691,0.09768789645014841,-0.045375715724337184,True,20,True,True,True,True,False,False,1,13,TARGET_BEFORE_STOP,True,True,True,False,False,2,13,TARGET_BEFORE_STOP,2021-12-02,2021-12-06,2021-12-08,2021-12-15,2021-12-30
COP|2021-12-02T00:00:00|Long,COP,2021-12-02,Long,-0.0021049890735639343,0.023575642082694026,-0.015155792852630134,True,0.046449585452802866,0.06595561054372445,-0.015155792852630134,True,0.01810273472994295,0.06595561054372445,-0.015155792852630134,True,0.006174499001144529,0.06595561054372445,-0.036345830615241215,True,0.012910442623710772,0.06595561054372445,-0.07297227647700133,True,20,True,True,True,True,False,False,2,9,TARGET_BEFORE_STOP,True,True,True,False,False,3,9,TARGET_BEFORE_STOP,2021-12-03,2021-12-07,2021-12-09,2021-12-16,2021-12-31
COP|2021-12-03T00:00:00|Long,COP,2021-12-03,Long,0.023906580419782886,0.033750548520309565,0.007312566989216229,True,0.04218815882787785,0.06820416864706202,0.007312566989216229,True,0.033469234045703455,0.06820416864706202,0.0067500453300402,True,-0.035156799023231544,0.06820416864706202,-0.03670370676345658,True,0.037406778369899474,0.06820416864706202,-0.07101677694294206,True,20,True,True,True,True,False,False,1,8,TARGET_BEFORE_STOP,True,True,True,False,False,2,8,TARGET_BEFORE_STOP,2021-12-06,2021-12-08,2021-12-10,2021-12-17,2022-01-03
COP|2021-12-06T00:00:00|Long,COP,2021-12-06,Long,0.02417253392728247,0.04326331041755549,0.017717359686617362,True,-0.003570862732507396,0.04326331041755549,-0.004807011205287148,True,-0.024584548489880675,0.04326331041755549,-0.03145173729314399,True,-0.05782171714927842,0.04326331041755549,-0.09270704884405401,True,0.057135061139943266,0.06276610147042683,-0.09270704884405401,True,20,True,True,True,True,False,False,1,5,TARGET_BEFORE_STOP,True,True,False,True,False,20,5,STOP_BEFORE_TARGET,2021-12-07,2021-12-09,2021-12-13,2021-12-20,2022-01-04
COP|2021-12-07T00:00:00|Long,COP,2021-12-07,Long,-0.0061686882976423885,0.010728215837894739,-0.013142059285828456,True,-0.014483060687603189,0.010728215837894739,-0.03996249656871642,True,-0.05216574233026894,0.010728215837894739,-0.0608824049095773,True,-0.05216574233026894,0.010728215837894739,-0.11412098928600556,True,0.014483060687603189,0.04961776804860296,-0.11412098928600556,True,20,True,True,True,False,True,False,19,2,STOP_BEFORE_TARGET,False,True,False,True,False,,3,STOP_BEFORE_TARGET,2021-12-08,2021-12-10,2021-12-14,2021-12-21,2022-01-05
COP|2021-12-08T00:00:00|Long,COP,2021-12-08,Long,-0.021049757735069452,-0.0020240389238096457,-0.022264222268113643,True,-0.041694831221652295,-0.0020240389238096457,-0.048441559003087,True,-0.045877769503135046,-0.0020240389238096457,-0.07340443120501605,True,-0.04088515388399083,-0.0020240389238096457,-0.1086223584598568,True,0.059101298304485184,0.06314937615210447,-0.1086223584598568,True,20,True,True,True,False,True,False,18,1,STOP_BEFORE_TARGET,True,True,False,True,False,19,2,STOP_BEFORE_TARGET,2021-12-09,2021-12-13,2021-12-15,2021-12-22,2022-01-06
COP|2021-12-09T00:00:00|Long,COP,2021-12-09,Long,0.012956509613667677,0.015161935600972232,-0.013232345602829376,True,-0.025775364134002277,0.015161935600972232,-0.034734723176553794,True,-0.011716141526682322,0.015161935600972232,-0.053480423426646495,True,-0.0187457002500927,0.015161935600972232,-0.08945561985068473,True,0.11150924876073609,0.11550650449235134,-0.08945561985068473,True,20,True,True,True,False,True,False,17,2,STOP_BEFORE_TARGET,True,True,False,True,False,17,3,STOP_BEFORE_TARGET,2021-12-10,2021-12-14,2021-12-16,2021-12-23,2022-01-07
COP|2021-12-10T00:00:00|Long,COP,2021-12-10,Long,-0.033610032555475566,-0.0048986341109834575,-0.04041367950790664,True,-0.0378282604450505,-0.0048986341109834575,-0.06558715246881874,True,-0.06640355688217814,-0.0048986341109834575,-0.06790036751694606,True,-0.003810025682895235,-0.0032657214688510683,-0.10110219786574193,True,0.10259900850050996,0.10436802315000682,-0.10110219786574193,True,20,True,True,True,False,True,False,16,1,STOP_BEFORE_TARGET,True,True,False,True,False,16,1,STOP_BEFORE_TARGET,2021-12-13,2021-12-15,2021-12-17,2021-12-27,2022-01-10
COP|2021-12-13T00:00:00|Long,COP,2021-12-13,Long,-0.004787332497344199,0.010138006966146751,-0.013939705865449126,True,0.0095747724206936,0.02872431726208058,-0.033089250706836215,True,-0.03407488430487804,0.02872431726208058,-0.06983947224611553,True,0.029569222793263128,0.04083359142431098,-0.06983947224611553,True,0.17699240057696364,0.17952690231850021,-0.06983947224611553,True,20,True,True,True,False,True,False,9,2,STOP_BEFORE_TARGET,True,True,False,True,False,15,2,STOP_BEFORE_TARGET,2021-12-14,2021-12-16,2021-12-20,2021-12-28,2022-01-11
COP|2021-12-14T00:00:00|Long,COP,2021-12-14,Long,0.0004244309446428396,0.007640080831858853,-0.028438060661458153,True,-0.02928692255074361,0.03367285290240285,-0.030843241309609137,True,0.0,0.03367285290240285,-0.0653650640440605,True,0.031692103198894594,0.04584037704838928,-0.0653650640440605,True,0.1941143344859102,0.19609508418941846,-0.0653650640440605,True,20,True,True,True,False,True,False,2,1,STOP_BEFORE_TARGET,True,True,False,True,False,14,3,STOP_BEFORE_TARGET,2021-12-15,2021-12-17,2021-12-21,2021-12-29,2022-01-12
COP|2021-12-15T00:00:00|Long,COP,2021-12-15,Long,0.01400081850640178,0.03323431628550444,0.008626794205199184,True,-0.029840201353006357,0.03323431628550444,-0.06576158373759633,True,0.005232679272701102,0.03323431628550444,-0.06576158373759633,True,0.02220336183215954,0.04539667834867145,-0.06576158373759633,True,0.1825767759760064,0.2001131623403758,-0.06576158373759633,True,20,True,True,True,True,False,False,1,2,TARGET_BEFORE_STOP,True,True,False,True,False,13,2,STOP_BEFORE_TARGET,2021-12-16,2021-12-20,2021-12-22,2021-12-30,2022-01-13
COP|2021-12-16T00:00:00|Long,COP,2021-12-16,Long,-0.043096185068476234,-0.008368179911558582,-0.04463036379976637,True,-0.014225895208931583,-0.008368179911558582,-0.07866108270157612,True,-0.00711289440087548,0.006136714925160547,-0.07866108270157612,True,0.006694607773555239,0.03096236143922937,-0.07866108270157612,True,0.20976292267326335,0.21157610103234115,-0.07866108270157612,True,20,True,True,True,False,True,False,7,1,STOP_BEFORE_TARGET,True,True,False,True,False,12,1,STOP_BEFORE_TARGET,2021-12-17,2021-12-21,2021-12-23,2021-12-31,2022-01-14
COP|2021-12-17T00:00:00|Long,COP,2021-12-17,Long,-0.00014578248275021188,0.00043723624879765666,-0.0371666379401413,True,0.036000600477045674,0.04387118655376221,-0.0371666379401413,True,0.06704559733566118,0.06762861606720905,-0.0371666379401413,True,0.07520763717842516,0.07797694835341407,-0.0371666379401413,True,0.2754700678872659,0.2987902611519151,-0.0371666379401413,True,20,True,True,True,False,True,False,2,1,STOP_BEFORE_TARGET,True,True,False,True,False,4,1,STOP_BEFORE_TARGET,2021-12-20,2021-12-22,2021-12-27,2022-01-03,2022-01-18
COP|2021-12-20T00:00:00|Long,COP,2021-12-20,Long,0.03032072707464195,0.0326530308104096,0.010204148589023632,True,0.03775516071275442,0.051603513035977544,0.010204148589023632,True,0.06588927657434396,0.07755101768451422,0.010204148589023632,True,0.12201170455914156,0.12798832324477494,0.010204148589023632,True,0.2723032175025877,0.29897962962736413,0.010204148589023632,True,20,True,True,False,True,False,False,1,,TARGET_BEFORE_STOP,True,False,True,False,False,3,,TARGET_BEFORE_STOP,2021-12-21,2021-12-23,2021-12-28,2022-01-04,2022-01-19
COP|2021-12-21T00:00:00|Long,COP,2021-12-21,Long,0.005659331128350598,0.013299411960209229,-0.011601580238875142,True,0.035795115568379554,0.036361059475491064,-0.011601580238875142,True,0.031692103198894594,0.04584037704838928,-0.011601580238875142,True,0.07031693830283103,0.10738534670513888,-0.011601580238875142,True,0.21151665087284144,0.2607526913638989,-0.011601580238875142,True,20,True,True,False,True,False,False,3,,TARGET_BEFORE_STOP,True,False,True,False,False,9,,TARGET_BEFORE_STOP,2021-12-22,2021-12-27,2021-12-29,2022-01-05,2022-01-20
COP|2021-12-22T00:00:00|Long,COP,2021-12-22,Long,0.0015475606009833776,0.014912739607311654,-0.000562759067204599,True,0.028700068415530966,0.03995492775367149,-0.008722604538695333,True,0.01688234267486899,0.03995492775367149,-0.008722604538695333,True,0.10424867532118487,0.1084693146575606,-0.008722604538695333,True,0.16375913182043478,0.2536578266015126,-0.008722604538695333,True,20,True,True,False,True,False,False,2,,TARGET_BEFORE_STOP,True,False,True,False,False,8,,TARGET_BEFORE_STOP,2021-12-23,2021-12-28,2021-12-30,2022-01-06,2022-01-21
COP|2021-12-23T00:00:00|Long,COP,2021-12-23,Long,0.02837472360994764,0.028936613119085797,-0.010254295995205664,True,0.024301105045795746,0.03834802126585135,-0.010254295995205664,True,0.013906417050404851,0.03834802126585135,-0.010254295995205664,True,0.13274331541174078,0.1368169339758929,-0.010254295995205664,True,0.16617493743446587,0.2517207129427277,-0.010254295995205664,True,20,True,True,False,True,False,False,2,,TARGET_BEFORE_STOP,True,False,True,False,False,7,,TARGET_BEFORE_STOP,2021-12-27,2021-12-29,2021-12-31,2022-01-07,2022-01-24
COP|2021-12-27T00:00:00|Long,COP,2021-12-27,Long,-0.0012292902474535516,0.009698116286730674,-0.0043709834561668215,True,-0.012703186952682688,0.009698116286730674,-0.013795958869840863,True,0.007649194995175579,0.010244502245309706,-0.020898767906437188,True,0.10681600590926377,0.10859178632776212,-0.020898767906437188,True,0.18986479578889925,0.21718346844305847,-0.020898767906437188,True,20,True,True,True,False,True,False,6,4,STOP_BEFORE_TARGET,True,False,True,False,False,6,,TARGET_BEFORE_STOP,2021-12-28,2021-12-30,2022-01-03,2022-01-10,2022-01-25
COP|2021-12-28T00:00:00|Long,COP,2021-12-28,Long,-0.002735292260995781,0.009026203609458827,-0.009299785005923988,True,-0.012855612774853031,0.009026203609458827,-0.019693686916246178,True,0.05265315002058113,0.058260316559343606,-0.019693686916246178,True,0.143189184874559,0.14565089573908985,-0.019693686916246178,True,0.19064543611034446,0.2197756987307471,-0.019693686916246178,True,20,True,True,False,True,False,False,5,,TARGET_BEFORE_STOP,True,False,True,False,False,5,,TARGET_BEFORE_STOP,2021-12-29,2021-12-31,2022-01-04,2022-01-11,2022-01-26
COP|2021-12-29T00:00:00|Long,COP,2021-12-29,Long,-0.008776733484902821,0.010696637395543052,-0.00987385132724472,True,0.011656589350863333,0.014262218069696075,-0.017004908048634748,True,0.037438335511317034,0.07336805551922687,-0.017004908048634748,True,0.15743285306091281,0.15935275697155293,-0.017004908048634748,True,0.22956672947769197,0.23066374269311773,-0.017004908048634748,True,20,True,True,False,True,False,False,4,,TARGET_BEFORE_STOP,True,False,True,False,False,4,,TARGET_BEFORE_STOP,2021-12-30,2022-01-03,2022-01-05,2022-01-12,2022-01-27
COP|2021-12-30T00:00:00|Long,COP,2021-12-30,Long,-0.001383487490452695,0.005395675100096309,-0.008301030496045803,True,0.06488658716952833,0.07055891754638322,-0.008301030496045803,True,0.08591587146306634,0.09006643948775395,-0.008301030496045803,True,0.15688993025458187,0.17404540735352048,-0.008301030496045803,True,0.2343663908065583,0.2415605890889101,-0.008301030496045803,True,20,True,True,False,True,False,False,3,,TARGET_BEFORE_STOP,True,False,True,False,False,3,,TARGET_BEFORE_STOP,2021-12-31,2022-01-04,2022-01-06,2022-01-13,2022-01-28
COP|2021-12-31T00:00:00|Long,COP,2021-12-31,Long,0.022028211847716195,0.024660553779039418,-0.002216731247338344,True,0.048074275506123865,0.08437235123499898,-0.002216731247338344,True,0.11720696936414421,0.12122471547527236,-0.002216731247338344,True,0.2017178927269927,0.20351901329034594,-0.002216731247338344,True,0.2277639563854006,0.2432806523185147,-0.002216731247338344,True,20,True,True,False,True,False,False,2,,TARGET_BEFORE_STOP,True,False,True,False,False,2,,TARGET_BEFORE_STOP,2022-01-03,2022-01-05,2022-01-07,2022-01-14,2022-01-31
COP|2022-01-03T00:00:00|Long,COP,2022-01-03,Long,0.043378130991652775,0.04893589229532469,0.006913408695110812,True,0.06398266823219045,0.06804940356375577,0.006913408695110812,True,0.09841402286294976,0.10017632310326996,0.006913408695110812,True,0.1862546579694806,0.20794367175461903,0.006913408695110812,True,0.24088389699189627,0.24562835259780536,0.006913408695110812,True,20,True,True,False,True,False,False,1,,TARGET_BEFORE_STOP,True,False,True,False,False,2,,TARGET_BEFORE_STOP,2022-01-04,2022-01-06,2022-01-10,2022-01-18,2022-02-01
COP|2022-01-04T00:00:00|Long,COP,2022-01-04,Long,-0.017149534544494305,0.0168896375437968,-0.018838567684038243,True,0.04768089009667542,0.051448603633482914,-0.018838567684038243,True,0.08600747060150593,0.0883460479994671,-0.018838567684038243,True,0.13394825769887864,0.15772377805787352,-0.018838567684038243,True,0.19799918958128226,0.20319603925693652,-0.018838567684038243,True,20,True,True,False,True,False,False,3,,TARGET_BEFORE_STOP,True,False,True,False,False,3,,TARGET_BEFORE_STOP,2022-01-05,2022-01-07,2022-01-11,2022-01-19,2022-02-02
COP|2022-01-05T00:00:00|Long,COP,2022-01-05,Long,0.03754125949249443,0.041506930949291254,0.016523462984629145,True,0.07111694837940674,0.07283545307458539,0.016523462984629145,True,0.11566424089240424,0.11751486067858541,0.016523462984629145,True,0.13192327199259912,0.177924637316341,0.016523462984629145,True,0.20118970143703896,0.22868466719653902,0.016523462984629145,True,20,True,True,False,True,False,False,1,,TARGET_BEFORE_STOP,True,False,True,False,False,2,,TARGET_BEFORE_STOP,2022-01-06,2022-01-10,2022-01-12,2022-01-20,2022-02-03
COP|2022-01-06T00:00:00|Long,COP,2022-01-06,Long,0.027392044647657432,0.031086794595678535,-0.001401460228632967,True,0.06497641244649865,0.06726970216588679,-0.001401460228632967,True,0.06535870840150038,0.08115687246721648,-0.001401460228632967,True,0.05389225980455947,0.13530389903965268,-0.001401460228632967,True,0.17046764233622969,0.2094534703637041,-0.001401460228632967,True,20,True,True,False,True,False,False,1,,TARGET_BEFORE_STOP,True,False,True,False,False,3,,TARGET_BEFORE_STOP,2022-01-07,2022-01-11,2022-01-13,2022-01-21,2022-02-04
COP|2022-01-07T00:00:00|Long,COP,2022-01-07,Long,0.004836301991570924,0.006448465729126607,-0.017733138839276186,True,0.04662701097084998,0.04836311452625752,-0.017733138839276186,True,0.07564482292027574,0.0772569866578312,-0.017733138839276186,True,0.02951385505247761,0.10503473815490127,-0.023065483933899067,True,0.15252980090345503,0.1772073539643617,-0.023065483933899067,True,20,True,True,True,True,False,False,2,10,TARGET_BEFORE_STOP,True,False,True,False,False,4,,TARGET_BEFORE_STOP,2022-01-10,2022-01-12,2022-01-14,2022-01-24,2022-02-07
COP|2022-01-10T00:00:00|Long,COP,2022-01-10,Long,0.03159320741897664,0.033814610700322545,-0.00493646219801136,True,0.031963519761855075,0.04726646783602395,-0.00493646219801136,True,0.07997042397326592,0.09971617861012638,-0.00493646219801136,True,0.07503396177525468,0.09971617861012638,-0.027767493939230725,True,0.12711345436166366,0.17154142583339582,-0.027767493939230725,True,20,True,True,True,True,False,False,1,9,TARGET_BEFORE_STOP,True,False,True,False,False,4,,TARGET_BEFORE_STOP,2022-01-11,2022-01-13,2022-01-18,2022-01-25,2022-02-08
COP|2022-01-11T00:00:00|Long,COP,2022-01-11,Long,0.009690216813912134,0.011365051073774168,-0.0058619199095170105,True,0.0376839533901383,0.03923922182545425,-0.0058619199095170105,True,0.04414406750887245,0.06603666125486796,-0.0058619199095170105,True,0.04151215902291172,0.06699373548096665,-0.0575427415877684,True,0.11197512884814853,0.13566221395017375,-0.0575427415877684,True,20,True,True,True,True,False,False,3,8,TARGET_BEFORE_STOP,True,True,True,False,False,4,8,TARGET_BEFORE_STOP,2022-01-12,2022-01-14,2022-01-19,2022-01-26,2022-02-09
COP|2022-01-12T00:00:00|Long,COP,2022-01-12,Long,-0.009241691530748497,0.005450226020808913,-0.014336481784323674,True,0.03684834779769486,0.05580567534739278,-0.014336481784323674,True,0.014573408830590218,0.05580567534739278,-0.014336481784323674,True,0.06232229906557096,0.06327009764630476,-0.06658770906371148,True,0.08898106635611547,0.12476301645644106,-0.06658770906371148,True,20,True,True,True,True,False,False,3,6,TARGET_BEFORE_STOP,True,True,True,False,False,3,7,TARGET_BEFORE_STOP,2022-01-13,2022-01-18,2022-01-20,2022-01-27,2022-02-10
COP|2022-01-13T00:00:00|Long,COP,2022-01-13,Long,0.037311588312702204,0.03886629865164459,0.002989715280895755,True,0.04376938426810151,0.06565412202158694,0.002989715280895755,True,-0.010762993258998543,0.06565412202158694,-0.017579540449886077,True,0.06696960404429064,0.07318817168345104,-0.05788093528235372,True,0.11839265213237549,0.135254690111285,-0.05788093528235372,True,20,True,True,True,True,False,False,1,6,TARGET_BEFORE_STOP,True,True,True,False,False,2,6,TARGET_BEFORE_STOP,2022-01-14,2022-01-19,2022-01-21,2022-01-28,2022-02-11
COP|2022-01-14T00:00:00|Long,COP,2022-01-14,Long,0.008877153463506815,0.027323066692995113,-0.010606389112324255,True,-0.012796871543562682,0.027323066692995113,-0.015448424843117592,True,-0.04288680323171801,0.027323066692995113,-0.09176849527912512,True,0.021674025007069497,0.034586120289185285,-0.09176849527912512,True,0.055453139341122615,0.09442013653573222,-0.09176849527912512,True,20,True,True,True,False,True,False,8,4,STOP_BEFORE_TARGET,True,True,False,True,False,11,4,STOP_BEFORE_TARGET,2022-01-18,2022-01-20,2022-01-24,2022-01-31,2022-02-14
COP|2022-01-18T00:00:00|Long,COP,2022-01-18,Long,-0.002628309351147551,0.010627360101397532,-0.02045481512776992,True,-0.05473661065703728,0.010970164107391822,-0.06125014832027342,True,-0.004570923507191904,0.010970164107391822,-0.09976006335073828,True,0.0460518647116841,0.050051390086809144,-0.09976006335073828,True,0.024797144508889257,0.08479028668510713,-0.09976006335073828,True,20,True,True,True,False,True,False,10,1,STOP_BEFORE_TARGET,True,True,False,True,False,10,3,STOP_BEFORE_TARGET,2022-01-19,2022-01-21,2022-01-25,2022-02-01,2022-02-15
COP|2022-01-19T00:00:00|Long,COP,2022-01-19,Long,-0.018904692357423536,0.013634308639432824,-0.021539840509987584,True,-0.04880845778885323,0.013634308639432824,-0.09738771905226273,True,-0.002520637302704798,0.02188363529815307,-0.09738771905226273,True,0.05648488054682699,0.06106784951421185,-0.09738771905226273,True,0.03357012312276497,0.08764896462960903,-0.09738771905226273,True,20,True,True,True,False,True,False,9,1,STOP_BEFORE_TARGET,True,True,False,True,False,9,2,STOP_BEFORE_TARGET,2022-01-20,2022-01-24,2022-01-26,2022-02-02,2022-02-16
COP|2022-01-20T00:00:00|Long,COP,2022-01-20,Long,-0.033983371786207694,-0.006072599086129782,-0.04063991403900413,True,0.017283702025046033,0.019035442427827842,-0.07999531348633404,True,0.04706302158068265,0.04799720591124412,-0.07999531348633404,True,0.06119357306127804,0.08548405850301521,-0.07999531348633404,True,0.06458024741406465,0.1086068358058554,-0.07999531348633404,True,20,True,True,True,False,True,False,4,1,STOP_BEFORE_TARGET,True,True,False,True,False,8,1,STOP_BEFORE_TARGET,2022-01-21,2022-01-25,2022-01-27,2022-02-03,2022-02-17
COP|2022-01-21T00:00:00|Long,COP,2022-01-21,Long,0.003626637064026106,0.00882489986419821,-0.04763058973964507,True,0.0524661058250131,0.0782156809142287,-0.04763058973964507,True,0.07857833539747561,0.08486456164738843,-0.04763058973964507,True,0.11061413673660403,0.14760636973270191,-0.04763058973964507,True,0.08353476705444507,0.14760636973270191,-0.04763058973964507,True,20,True,True,True,False,True,False,2,1,STOP_BEFORE_TARGET,True,True,False,True,False,2,1,STOP_BEFORE_TARGET,2022-01-24,2022-01-26,2022-01-28,2022-02-04,2022-02-18
COP|2022-01-24T00:00:00|Long,COP,2022-01-24,Long,0.0492652870713739,0.051072099067811516,-0.020476957564225184,True,0.07998081531598711,0.08094436873558175,-0.020476957564225184,True,0.06745370187850175,0.08094436873558175,-0.020476957564225184,True,0.11948935436590791,0.1434594572837058,-0.020476957564225184,True,0.05793791113565416,0.1434594572837058,-0.020476957564225184,True,20,True,True,True,,,False,1,1,AMBIGUOUS,True,False,True,False,False,1,,TARGET_BEFORE_STOP,2022-01-25,2022-01-27,2022-01-31,2022-02-07,2022-02-22
COP|2022-01-25T00:00:00|Long,COP,2022-01-25,Long,-0.00057402194245737,0.02387787643761663,-0.008609803636149604,True,0.02422225456971039,0.03019167988738869,-0.008609803636149604,True,0.05085524364752847,0.0548731344943747,-0.008609803636149604,True,0.04844450913942078,0.08977154907624851,-0.008609803636149604,True,0.012857338293359444,0.08977154907624851,-0.008609803636149604,True,20,True,True,False,True,False,False,2,,TARGET_BEFORE_STOP,True,False,True,False,False,5,,TARGET_BEFORE_STOP,2022-01-26,2022-01-28,2022-02-01,2022-02-08,2022-02-23
COP|2022-01-26T00:00:00|Long,COP,2022-01-26,Long,0.029864532235551078,0.03078337216092919,0.008614748690926932,True,0.017918736868081764,0.03078337216092919,-0.0016080794116059005,True,0.059154625204449474,0.06374917536636171,-0.0016080794116059005,True,0.06765448604204605,0.09039746114494562,-0.0016080794116059005,True,0.00769590876554882,0.09039746114494562,-0.020330768351735307,True,20,True,True,True,True,False,False,1,20,TARGET_BEFORE_STOP,True,False,True,False,False,4,,TARGET_BEFORE_STOP,2022-01-27,2022-01-31,2022-02-02,2022-02-09,2022-02-24
COP|2022-01-27T00:00:00|Long,COP,2022-01-27,Long,-0.0049074550907273196,0.0006691674787329127,-0.02186043535369042,True,0.02096807022786762,0.024871689007988085,-0.030559952947247115,True,0.0134954164069927,0.03669410162564124,-0.030559952947247115,True,0.025094801562570712,0.058777564441406804,-0.030559952947247115,True,0.017956646388554764,0.058777564441406804,-0.04873971189038451,True,20,True,True,True,False,True,False,4,1,STOP_BEFORE_TARGET,True,True,False,True,False,6,2,STOP_BEFORE_TARGET,2022-01-28,2022-02-01,2022-02-03,2022-02-10,2022-02-25
COP|2022-01-28T00:00:00|Long,COP,2022-01-28,Long,-0.006724932368436964,0.002353722053345164,-0.02577900717652204,True,0.03351264091975503,0.03799595766943131,-0.02577900717652204,True,0.02970187726543072,0.06399909220296762,-0.02577900717652204,True,0.04819541990059384,0.06399909220296762,-0.02577900717652204,True,0.06321451818518575,0.06556824023853092,-0.04404842245467089,True,20,True,True,True,False,True,False,3,1,STOP_BEFORE_TARGET,True,True,True,False,False,5,16,TARGET_BEFORE_STOP,2022-01-31,2022-02-02,2022-02-04,2022-02-11,2022-02-28
COP|2022-01-31T00:00:00|Long,COP,2022-01-31,Long,0.03294965107702996,0.036899080813812324,-0.01579780503824124,True,0.025389301853601998,0.04886023547124241,-0.01579780503824124,True,0.048747456115271204,0.07120285898250112,-0.01579780503824124,True,0.03306251652411274,0.07120285898250112,-0.01579780503824124,True,0.09410963754695079,0.11103583878268553,-0.037576187405197525,True,20,True,True,True,True,False,False,1,15,TARGET_BEFORE_STOP,True,True,True,False,False,4,17,TARGET_BEFORE_STOP,2022-02-01,2022-02-03,2022-02-07,2022-02-14,2022-03-01
COP|2022-02-01T00:00:00|Long,COP,2022-02-01,Long,0.007319184643264087,0.011688875727799086,-0.0279658895891437,True,0.0036050013956108184,0.03703298400419186,-0.0279658895891437,True,-0.0022940690667726527,0.03703298400419186,-0.0279658895891437,True,-0.02031899269990134,0.03703298400419186,-0.041621122137737276,True,0.071007209252687,0.0920908916415124,-0.06827616274296822,True,20,True,True,True,False,True,False,3,1,STOP_BEFORE_TARGET,True,True,False,True,False,19,10,STOP_BEFORE_TARGET,2022-02-02,2022-02-04,2022-02-08,2022-02-15,2022-03-02
COP|2022-02-02T00:00:00|Long,COP,2022-02-02,Long,-0.014532006845191181,0.008025136873622829,-0.02971475860507755,True,0.007916748337290835,0.029497898793072963,-0.02971475860507755,True,0.008025136873622829,0.029497898793072963,-0.02971475860507755,True,-0.021689621731454722,0.029497898793072963,-0.0485847063444278,True,0.05639306614538686,0.08415575548505982,-0.07504607133339158,True,20,True,True,True,False,True,False,17,1,STOP_BEFORE_TARGET,True,True,False,True,False,18,9,STOP_BEFORE_TARGET,2022-02-03,2022-02-07,2022-02-09,2022-02-16,2022-03-03
COP|2022-02-03T00:00:00|Long,COP,2022-02-03,Long,0.011004731702152437,0.044679183843718606,0.009684133672495987,True,0.005062166507857402,0.044679183843718606,-0.013095657592582244,True,0.011444931045371476,0.044679183843718606,-0.013095657592582244,True,0.003191382268757037,0.044679183843718606,-0.0345548508280038,True,0.10344441083268197,0.1042147386934551,-0.061406423048276815,True,20,True,True,True,True,False,False,1,8,TARGET_BEFORE_STOP,True,True,False,True,False,17,8,STOP_BEFORE_TARGET,2022-02-04,2022-02-08,2022-02-10,2022-02-17,2022-03-04
COP|2022-02-04T00:00:00|Long,COP,2022-02-04,Long,0.0116468886778609,0.025688478717710295,-0.023838057863645012,True,0.011755678343008835,0.025688478717710295,-0.023838057863645012,True,0.017960094123821824,0.026776956688010722,-0.023838057863645012,True,-0.024382338371568224,0.026776956688010722,-0.04506366894391389,True,0.10231842402806612,0.12953078851330613,-0.07162296325608297,True,20,True,True,True,False,True,False,15,1,STOP_BEFORE_TARGET,True,True,False,True,False,16,7,STOP_BEFORE_TARGET,2022-02-07,2022-02-09,2022-02-11,2022-02-18,2022-03-07
COP|2022-02-07T00:00:00|Long,COP,2022-02-07,Long,-0.017323010200764544,0.0022595123623441182,-0.03163333725173689,True,-0.011082405339361112,0.014955878557510793,-0.03163333725173689,True,-0.014955878557510904,0.014955878557510793,-0.03163333725173689,True,-0.05498171375208594,0.014955878557510793,-0.07015283087141577,True,0.06305143594165474,0.12373574024005585,-0.08231118275149418,True,20,True,True,True,False,True,False,15,1,STOP_BEFORE_TARGET,True,True,False,True,False,15,1,STOP_BEFORE_TARGET,2022-02-08,2022-02-10,2022-02-14,2022-02-22,2022-03-08
COP|2022-02-08T00:00:00|Long,COP,2022-02-08,Long,0.01773781982600009,0.029672605169610122,-0.0008759644087457108,True,0.02397892004932678,0.0328479134988906,-0.0008759644087457108,True,-0.018066369131702564,0.0328479134988906,-0.03941747949135588,True,-0.03394282724154074,0.0328479134988906,-0.05376112519073484,True,0.05343257588503225,0.14354538867307687,-0.06613380920215395,True,20,True,True,True,True,False,False,2,5,TARGET_BEFORE_STOP,True,True,False,True,False,14,5,STOP_BEFORE_TARGET,2022-02-09,2022-02-11,2022-02-15,2022-02-23,2022-03-09
COP|2022-02-09T00:00:00|Long,COP,2022-02-09,Long,-0.011188739325208585,0.014846744788823862,-0.017859021917334572,True,-0.015061796045716336,0.014846744788823862,-0.029478192078857823,True,-0.029478192078857823,0.014846744788823862,-0.0561591582860973,True,-0.0561591582860973,0.014846744788823862,-0.08240985781828691,True,0.07283490580672858,0.12361490984837897,-0.08240985781828691,True,20,True,True,True,False,True,False,13,3,STOP_BEFORE_TARGET,True,True,False,True,False,13,4,STOP_BEFORE_TARGET,2022-02-10,2022-02-14,2022-02-16,2022-02-24,2022-03-10
COP|2022-02-10T00:00:00|Long,COP,2022-02-10,Long,0.017517059262404988,0.019366757788855216,-0.006092973187630801,True,-0.024262901404419446,0.019366757788855216,-0.04547927471032209,True,-0.008160156349870662,0.019366757788855216,-0.04547927471032209,True,-0.006963409787207109,0.019366757788855216,-0.07202700993157696,True,0.07072135503221255,0.13632899880366844,-0.07202700993157696,True,20,True,True,True,False,True,False,11,3,STOP_BEFORE_TARGET,True,True,False,True,False,12,3,STOP_BEFORE_TARGET,2022-02-11,2022-02-15,2022-02-17,2022-02-25,2022-03-11
COP|2022-02-11T00:00:00|Long,COP,2022-02-11,Long,-0.0210649450601178,-0.008554271290412752,-0.035393473881600634,True,-0.035393473881600634,-0.008554271290412752,-0.061911820936341844,True,-0.0415953756338896,-0.008554271290412752,-0.061911820936341844,True,0.014328528821482944,0.016574028094479498,-0.08800252376986406,True,0.03239955643129355,0.1167665332583121,-0.08800252376986406,True,20,True,True,True,False,True,False,11,1,STOP_BEFORE_TARGET,True,True,False,True,False,11,1,STOP_BEFORE_TARGET,2022-02-14,2022-02-16,2022-02-18,2022-02-28,2022-03-14
COP|2022-02-14T00:00:00|Long,COP,2022-02-14,Long,-0.02042602604311028,-0.017804531168513216,-0.04172582815387327,True,-0.004259960422152598,0.0038230307204165648,-0.04172582815387327,True,-0.04063354556744281,0.014199840295235466,-0.05603500504431713,True,0.05909334628483087,0.07547783508874684,-0.06837795660903878,True,0.038230473875803916,0.1407973671214524,-0.06837795660903878,True,20,True,True,True,False,True,False,9,1,STOP_BEFORE_TARGET,True,True,False,True,False,10,1,STOP_BEFORE_TARGET,2022-02-15,2022-02-17,2022-02-22,2022-03-01,2022-03-15
COP|2022-02-15T00:00:00|Long,COP,2022-02-15,Long,0.005909888241451,0.024754696845992408,-0.0004460405373686305,True,-0.0005575719400943147,0.024754696845992408,-0.01092778048169829,True,-0.01616856538032929,0.03534788311951376,-0.0363514955969767,True,0.09322034547171021,0.11474131222692985,-0.04895182175189039,True,0.05731489041210214,0.1645852150535576,-0.04895182175189039,True,20,True,True,True,,,False,4,4,AMBIGUOUS,True,True,False,True,False,8,4,STOP_BEFORE_TARGET,2022-02-16,2022-02-18,2022-02-23,2022-03-02,2022-03-16
COP|2022-02-16T00:00:00|Long,COP,2022-02-16,Long,0.010531034112384097,0.018179796101236434,-0.0005542115383070367,True,-0.026382854202108286,0.029265041751927567,-0.04201309116496488,True,-0.027491361852434948,0.029265041751927567,-0.0545393883037093,True,0.07981381942920351,0.10819202123138472,-0.0545393883037093,True,0.09555484795549396,0.15774308282176808,-0.0545393883037093,True,20,True,True,True,False,True,False,7,3,STOP_BEFORE_TARGET,True,True,False,True,False,7,3,STOP_BEFORE_TARGET,2022-02-17,2022-02-22,2022-02-24,2022-03-03,2022-03-17
COP|2022-02-17T00:00:00|Long,COP,2022-02-17,Long,-0.01678374667866922,-0.005704302891302748,-0.02698559253008992,True,-0.03214129209599448,0.01853877516586988,-0.051996547858128794,True,0.00120659254649369,0.01853877516586988,-0.06439230485706848,True,0.09993410064707575,0.10070197791794211,-0.06439230485706848,True,0.09258440624130637,0.14567790967319483,-0.06439230485706848,True,20,True,True,True,False,True,False,6,1,STOP_BEFORE_TARGET,True,True,False,True,False,7,2,STOP_BEFORE_TARGET,2022-02-18,2022-02-23,2022-02-25,2022-03-04,2022-03-18
COP|2022-02-18T00:00:00|Long,COP,2022-02-18,Long,-0.020082511185111507,0.03592548610259305,-0.03581389247839395,True,-0.02119819206411855,0.03592548610259305,-0.048421248141063855,True,0.05835103779091266,0.06069399317312607,-0.048421248141063855,True,0.12986722912350146,0.15775967670365199,-0.048421248141063855,True,0.14649118916838755,0.1652349173470884,-0.048421248141063855,True,20,True,True,True,,,False,1,1,AMBIGUOUS,True,True,False,True,False,5,1,STOP_BEFORE_TARGET,2022-02-22,2022-02-24,2022-02-28,2022-03-07,2022-03-21
COP|2022-02-22T00:00:00|Long,COP,2022-02-22,Long,0.004554269811451572,0.01878630868131781,-0.005465141146836161,True,0.03916651190135134,0.04201291967532472,-0.028919513407424935,True,0.1039507806339337,0.12102922727777332,-0.028919513407424935,True,0.12490038702042217,0.1891153394520213,-0.028919513407424935,True,0.15871563840822844,0.1891153394520213,-0.028919513407424935,True,20,True,True,True,False,True,False,3,2,STOP_BEFORE_TARGET,True,False,True,False,False,4,,TARGET_BEFORE_STOP,2022-02-23,2022-02-25,2022-03-01,2022-03-08,2022-03-22
COP|2022-02-23T00:00:00|Long,COP,2022-02-23,Long,-0.005667006471452241,0.02289466809713847,-0.033322025723069526,True,0.07514447468166119,0.07752460702307218,-0.033322025723069526,True,0.111186639298964,0.13306128773763604,-0.033322025723069526,True,0.09044537486025095,0.18372433942788446,-0.033322025723069526,True,0.18293096198074754,0.19029800121631024,-0.033322025723069526,True,20,True,True,True,False,True,False,2,1,STOP_BEFORE_TARGET,True,True,False,True,False,3,1,STOP_BEFORE_TARGET,2022-02-24,2022-02-28,2022-03-02,2022-03-09,2022-03-23
COP|2022-02-24T00:00:00|Long,COP,2022-02-24,Long,0.040350999095830176,0.043200651329204254,0.0010258330610619648,True,0.10520911175605896,0.12230702515630343,0.0010258330610619648,True,0.11033853795482318,0.13951894899593853,0.0010258330610619648,True,0.13666929676256445,0.19047074484298432,0.0010258330610619648,True,0.19161058834343692,0.2065427382176821,0.0010258330610619648,True,20,True,True,False,True,False,False,1,,TARGET_BEFORE_STOP,True,False,True,False,False,2,,TARGET_BEFORE_STOP,2022-02-25,2022-03-01,2022-03-03,2022-03-10,2022-03-24
COP|2022-02-25T00:00:00|Long,COP,2022-02-25,Long,0.039333889551072865,0.04163474516843313,-0.015558214322046737,True,0.07417557271242914,0.09532162701462799,-0.015558214322046737,True,0.09860852778593499,0.09937547965838833,-0.015558214322046737,True,0.07822950894767433,0.14429720918961308,-0.015558214322046737,True,0.17782408188755583,0.17804317516904922,-0.015558214322046737,True,20,True,True,False,True,False,False,1,,TARGET_BEFORE_STOP,True,False,True,False,False,2,,TARGET_BEFORE_STOP,2022-02-28,2022-03-02,2022-03-04,2022-03-11,2022-03-25
COP|2022-02-28T00:00:00|Long,COP,2022-02-28,Long,0.0221378711850011,0.03795064780685076,-0.000632485327932919,True,0.026881752428320693,0.053868865459336,-0.000632485327932919,True,0.0675732236081743,0.09392785131125692,-0.000632485327932919,True,0.017815754064224976,0.10099095266091829,-0.0221378711850011,True,0.09108158690761803,0.13345979286588072,-0.02677631139768477,True,20,True,True,True,True,False,False,1,7,TARGET_BEFORE_STOP,True,False,True,False,False,2,,TARGET_BEFORE_STOP,2022-03-01,2022-03-03,2022-03-07,2022-03-14,2022-03-28
COP|2022-03-01T00:00:00|Long,COP,2022-03-01,Long,0.011138632851200647,0.03104375169814233,0.0023721468554596115,True,0.03413776392169776,0.03485970797579396,-0.013717015713830327,True,0.01897693878567508,0.07714524987172222,-0.013717015713830327,True,-0.01969880415377101,0.07714524987172222,-0.04785477963552798,True,0.03846950693227602,0.10891086693796015,-0.04785477963552798,True,20,True,True,True,True,False,False,1,6,TARGET_BEFORE_STOP,True,True,True,False,False,4,6,TARGET_BEFORE_STOP,2022-03-02,2022-03-04,2022-03-08,2022-03-15,2022-03-29
COP|2022-03-02T00:00:00|Long,COP,2022-03-02,Long,-0.006425920517491468,0.001530003309650585,-0.02458184046923728,True,0.032945692547698746,0.05844548831120577,-0.02458184046923728,True,-0.018665869175495398,0.06527949271841837,-0.05385555620145488,True,-0.032843749394469324,0.06527949271841837,-0.05834354515797646,True,0.031211725112388455,0.09669518195646654,-0.05834354515797646,True,20,True,True,True,False,True,False,3,1,STOP_BEFORE_TARGET,True,True,True,False,False,3,5,TARGET_BEFORE_STOP,2022-03-03,2022-03-07,2022-03-09,2022-03-16,2022-03-30
COP|2022-03-03T00:00:00|Long,COP,2022-03-03,Long,0.0293603621130909,0.030078971005325528,0.00030796405060140586,True,0.014269575376159471,0.07216916656406425,-0.015912154742693363,True,0.023714171766244352,0.07216916656406425,-0.047736385905585044,True,0.014577539426760877,0.07216916656406425,-0.05225340084105823,True,0.026588607335183534,0.10378803614489152,-0.05225340084105823,True,20,True,True,True,True,False,False,1,4,TARGET_BEFORE_STOP,True,True,True,False,False,2,4,TARGET_BEFORE_STOP,2022-03-04,2022-03-08,2022-03-10,2022-03-17,2022-03-31
COP|2022-03-04T00:00:00|Long,COP,2022-03-04,Long,0.009973073037587987,0.03490575563155773,-0.011468973122419013,True,-0.04049065218428427,0.04158777239400857,-0.07489772372855907,True,-0.018549845848485402,0.04158777239400857,-0.07489772372855907,True,-0.006681940673941789,0.04158777239400857,-0.07928590021342063,True,0.003091704381838367,0.07230477952251269,-0.07928590021342063,True,20,True,True,True,True,False,False,1,2,TARGET_BEFORE_STOP,True,True,False,True,False,14,2,STOP_BEFORE_TARGET,2022-03-07,2022-03-09,2022-03-11,2022-03-18,2022-04-01
COP|2022-03-07T00:00:00|Long,COP,2022-03-07,Long,-0.024390181427716096,0.03130251706744658,-0.053421508956722596,True,-0.015305573948287465,0.03130251706744658,-0.08403273219046348,True,-0.046608015678568204,0.03130251706744658,-0.08403273219046348,True,0.014713197813323697,0.03130251706744658,-0.08837757721852324,True,-0.007109643677053357,0.06171620625236707,-0.08837757721852324,True,20,True,True,True,,,False,1,1,AMBIGUOUS,True,True,False,True,False,14,1,STOP_BEFORE_TARGET,2022-03-08,2022-03-10,2022-03-14,2022-03-21,2022-04-04
COP|2022-03-08T00:00:00|Long,COP,2022-03-08,Long,-0.02621461424377025,-0.0008097351071211234,-0.061133610617028045,True,-0.003947362121478171,0.02287443762174801,-0.061133610617028045,True,-0.03795546441466713,0.02287443762174801,-0.06558707648560447,True,0.030060662951120865,0.052327915073412834,-0.06558707648560447,True,-0.00759109288293347,0.0882590417202771,-0.06558707648560447,True,20,True,True,True,False,True,False,9,1,STOP_BEFORE_TARGET,True,True,False,True,False,9,1,STOP_BEFORE_TARGET,2022-03-09,2022-03-11,2022-03-15,2022-03-22,2022-04-05
COP|2022-03-09T00:00:00|Long,COP,2022-03-09,Long,0.03648271665763847,0.037626055306410056,0.002390638801811562,True,0.003533977450583148,0.05041054485264862,-0.02078786008764011,True,-0.014447556416958385,0.05041054485264862,-0.04043238152650852,True,0.08481450722128026,0.091570498310249,-0.04043238152650852,True,0.013823945990135034,0.11755532341979902,-0.04043238152650852,True,20,True,True,True,True,False,False,1,3,TARGET_BEFORE_STOP,True,True,True,False,False,2,4,TARGET_BEFORE_STOP,2022-03-10,2022-03-14,2022-03-16,2022-03-23,2022-04-06
COP|2022-03-10T00:00:00|Long,COP,2022-03-10,Long,-0.013136758348953781,0.013437588462568373,-0.015643777973298634,True,-0.04683110822080261,0.013437588462568373,-0.07420779618224249,True,-0.008924983742014447,0.013437588462568373,-0.07420779618224249,True,0.048335335297043036,0.061472093645996706,-0.07420779618224249,True,0.002406717417084314,0.07821896637466041,-0.07420779618224249,True,20,True,True,True,False,True,False,7,2,STOP_BEFORE_TARGET,True,True,False,True,False,9,2,STOP_BEFORE_TARGET,2022-03-11,2022-03-15,2022-03-17,2022-03-24,2022-04-07
COP|2022-03-11T00:00:00|Long,COP,2022-03-11,Long,-0.018900523738804798,-0.00873895517069967,-0.042678634502010926,True,-0.03648007147333754,-0.00873895517069967,-0.06188399289360025,True,0.012092213877946456,0.017681107601050572,-0.06188399289360025,True,0.09236862107129995,0.09257181833095118,-0.06188399289360025,True,0.047149671953878425,0.09257181833095118,-0.06188399289360025,True,20,True,True,True,False,True,False,6,1,STOP_BEFORE_TARGET,True,True,False,True,False,6,1,STOP_BEFORE_TARGET,2022-03-14,2022-03-16,2022-03-18,2022-03-25,2022-04-08
COP|2022-03-14T00:00:00|Long,COP,2022-03-14,Long,-0.015535991223075252,-0.007560883830757148,-0.04381153001793281,True,0.023614694015852367,0.026100430485905823,-0.04381153001793281,True,0.06431899418111509,0.07685135095197926,-0.04381153001793281,True,0.0719833943921937,0.11361981610117478,-0.04381153001793281,True,0.014810981460137373,0.11361981610117478,-0.04381153001793281,True,20,True,True,True,False,True,False,4,1,STOP_BEFORE_TARGET,True,True,False,True,False,5,1,STOP_BEFORE_TARGET,2022-03-15,2022-03-17,2022-03-21,2022-03-28,2022-04-11
COP|2022-03-15T00:00:00|Long,COP,2022-03-15,Long,-0.0024198143035129016,0.007469742889813835,-0.009994787450132048,True,0.047869492648892065,0.053655952765661485,-0.009994787450132048,True,0.07069956207838657,0.0938453222782969,-0.009994787450132048,True,0.059337182625625706,0.1311940367273663,-0.009994787450132048,True,0.05207781998225447,0.1311940367273663,-0.009994787450132048,True,20,True,True,False,True,False,False,2,,TARGET_BEFORE_STOP,True,False,True,False,False,3,,TARGET_BEFORE_STOP,2022-03-16,2022-03-18,2022-03-22,2022-03-29,2022-04-12
COP|2022-03-16T00:00:00|Long,COP,2022-03-16,Long,0.04229067864518621,0.04482176770384427,0.01782326984650373,True,0.08373763411686297,0.09649864538418007,0.01782326984650373,True,0.10071718078985725,0.10757221030447828,0.01782326984650373,True,0.0662307403449578,0.13393795601262193,0.01782326984650373,True,0.05705551233412076,0.13393795601262193,0.01782326984650373,True,20,True,True,False,True,False,False,1,,TARGET_BEFORE_STOP,True,False,True,False,False,2,,TARGET_BEFORE_STOP,2022-03-17,2022-03-21,2022-03-23,2022-03-30,2022-04-13
COP|2022-03-17T00:00:00|Long,COP,2022-03-17,Long,0.007791122420322205,0.01335626500423115,-0.0036426247463494654,True,0.029747999165653294,0.05200849230413884,-0.0036426247463494654,True,0.05777596861966705,0.07103102815951345,-0.0036426247463494654,True,0.011838491827060427,0.0879287124457091,-0.010017256651036255,True,0.0257007069560653,0.0879287124457091,-0.02033797530092607,True,20,True,True,True,True,False,False,2,14,TARGET_BEFORE_STOP,True,False,True,False,False,2,,TARGET_BEFORE_STOP,2022-03-18,2022-03-22,2022-03-24,2022-03-31,2022-04-14
COP|2022-03-18T00:00:00|Long,COP,2022-03-18,Long,0.03172694488474748,0.04387553025633317,0.012751047107605329,True,0.04789160989495711,0.054417653132329935,0.007228928029453741,True,0.07931728561152096,0.07951805512329546,0.007228928029453741,True,0.009839391284611532,0.07951805512329546,-0.017670704449737173,True,0.038855449858139934,0.07951805512329546,-0.02791163475789804,True,20,True,True,True,True,False,False,1,13,TARGET_BEFORE_STOP,True,False,True,False,False,3,,TARGET_BEFORE_STOP,2022-03-21,2022-03-23,2022-03-25,2022-04-01,2022-04-18
COP|2022-03-21T00:00:00|Long,COP,2022-03-21,Long,-0.009634152127124262,0.0010704613474583624,-0.02374467098756483,True,0.017321902902815323,0.030070029910997498,-0.02374467098756483,True,0.0072012246826203,0.04632147146635468,-0.02374467098756483,True,-0.021506413376119138,0.04632147146635468,-0.04787860739645877,True,-0.011677739905511575,0.04632147146635468,-0.057804615783595414,True,20,True,True,True,False,True,False,3,1,STOP_BEFORE_TARGET,False,True,False,True,False,,6,STOP_BEFORE_TARGET,2022-03-22,2022-03-24,2022-03-28,2022-04-04,2022-04-19
COP|2022-03-22T00:00:00|Long,COP,2022-03-22,Long,0.025547864687806898,0.03193475589272721,0.013953088780381595,True,0.05630346414405607,0.056499952733286785,0.013953088780381595,True,-0.010612108060177872,0.056499952733286785,-0.03861649243204068,True,-0.03655294992644609,0.056499952733286785,-0.03861649243204068,True,0.008843485856007582,0.056499952733286785,-0.04863905975749516,True,20,True,True,True,True,False,False,1,5,TARGET_BEFORE_STOP,True,True,True,False,False,3,5,TARGET_BEFORE_STOP,2022-03-23,2022-03-25,2022-03-29,2022-04-05,2022-04-20
COP|2022-03-23T00:00:00|Long,COP,2022-03-23,Long,0.0016288029555588945,0.014180278706446003,-0.005940430490238069,True,-0.008335754754117075,0.03018102724527849,-0.01303056984346107,True,-0.031330882307254004,0.03018102724527849,-0.0625659311760941,True,-0.06544027643305161,0.03018102724527849,-0.07233882200894226,True,-0.054613437076137195,0.03018102724527849,-0.07233882200894226,True,20,True,True,True,True,False,False,2,4,TARGET_BEFORE_STOP,False,True,False,True,False,,4,STOP_BEFORE_TARGET,2022-03-24,2022-03-28,2022-03-30,2022-04-06,2022-04-21
COP|2022-03-24T00:00:00|Long,COP,2022-03-24,Long,0.028314511751960536,0.02850579396825359,-0.006887327476540972,True,-0.03682799349917787,0.02850579396825359,-0.06409034359058974,True,-0.043428361160967044,0.02850579396825359,-0.06409034359058974,True,-0.043810998574177584,0.02850579396825359,-0.07384734219527322,True,-0.08159554911606959,0.02850579396825359,-0.08389137359533283,True,20,True,False,True,False,True,False,,3,STOP_BEFORE_TARGET,False,True,False,True,False,,3,STOP_BEFORE_TARGET,2022-03-25,2022-03-29,2022-03-31,2022-04-07,2022-04-22
COP|2022-03-25T00:00:00|Long,COP,2022-03-25,Long,-0.037209302325581395,-0.021953494049781974,-0.041767421988553766,True,-0.05953489791515265,-0.021953494049781974,-0.08986049918241279,True,-0.0643720759901889,-0.021953494049781974,-0.08986049918241279,True,-0.04139532044876448,-0.021953494049781974,-0.09934884004814681,True,-0.14734880314316856,-0.021953494049781974,-0.1739534599836483,True,20,True,False,True,False,True,False,,1,STOP_BEFORE_TARGET,False,True,False,True,False,,1,STOP_BEFORE_TARGET,2022-03-28,2022-03-30,2022-04-01,2022-04-08,2022-04-25
COP|2022-03-28T00:00:00|Long,COP,2022-03-28,Long,-0.027149734865640096,-0.024734275928442018,-0.05468602572086356,True,-0.033816425120772986,-0.007149737814198365,-0.05468602572086356,True,-0.028502385973354416,-0.007149737814198365,-0.05468602572086356,True,-0.053333300899192304,-0.0018357723807367332,-0.06454106575049068,True,-0.11768116236884818,0.005893725703879804,-0.14202895602166365,True,20,True,False,True,False,True,False,,1,STOP_BEFORE_TARGET,False,True,False,True,False,,1,STOP_BEFORE_TARGET,2022-03-29,2022-03-31,2022-04-04,2022-04-11,2022-04-26
COP|2022-03-29T00:00:00|Long,COP,2022-03-29,Long,0.004071864363628608,0.020558145244149673,-0.000893871934679269,True,-0.0010924680473175519,0.020558145244149673,-0.014003412731367071,True,-0.026219081593375826,0.020558145244149673,-0.027708817637092653,True,-0.00685274033842409,0.026020409709614833,-0.03843482622650718,True,-0.0757771844056968,0.033965618095356476,-0.11838321093771309,True,20,True,True,True,False,True,False,13,5,STOP_BEFORE_TARGET,False,True,False,True,False,,6,STOP_BEFORE_TARGET,2022-03-30,2022-04-01,2022-04-05,2022-04-12,2022-04-27
COP|2022-03-30T00:00:00|Long,COP,2022-03-30,Long,-0.010880301589743957,0.013353100835769682,-0.016815004687436685,True,-0.005440113062949892,0.013353100835769682,-0.018001975492512923,True,-0.03521263711497502,0.013353100835769682,-0.042334311017743875,True,-0.008605293079308907,0.021859536279205338,-0.042334311017743875,True,-0.035113704015257596,0.029772524052025018,-0.12195847692530715,True,20,True,False,True,False,True,False,,4,STOP_BEFORE_TARGET,False,True,False,True,False,,4,STOP_BEFORE_TARGET,2022-03-31,2022-04-04,2022-04-06,2022-04-13,2022-04-28
COP|2022-03-31T00:00:00|Long,COP,2022-03-31,Long,0.005800018310546884,0.01660003662109366,-0.007200012207031259,True,-0.01949996948242183,0.01910003662109383,-0.020999984741210898,True,-0.0004000091552733842,0.01910003662109383,-0.031800003051757786,True,0.01370002746582033,0.03309997558593758,-0.031800003051757786,True,-0.04480003356933593,0.04110000610351561,-0.11230003356933593,True,20,True,True,True,False,True,False,6,3,STOP_BEFORE_TARGET,False,True,False,True,False,,4,STOP_BEFORE_TARGET,2022-04-01,2022-04-05,2022-04-07,2022-04-14,2022-04-29
COP|2022-04-01T00:00:00|Long,COP,2022-04-01,Long,-0.0002982578917354317,0.013223322796202641,-0.009544631805487258,True,-0.03022470531103849,0.013223322796202641,-0.03738319812865165,True,0.024557577806093134,0.02714253010379397,-0.03738319812865165,True,0.02873333999837069,0.0350964278686956,-0.03738319812865165,True,-0.04633131415066816,0.0350964278686956,-0.1174190194172563,True,20,True,True,True,False,True,False,10,2,STOP_BEFORE_TARGET,False,True,False,True,False,,3,STOP_BEFORE_TARGET,2022-04-04,2022-04-06,2022-04-08,2022-04-18,2022-05-02
COP|2022-04-04T00:00:00|Long,COP,2022-04-04,Long,-0.024863251358760552,0.011039289673419495,-0.02635506161561052,True,-0.005867766776510686,0.011039289673419495,-0.03709600441298433,True,-0.025559419361740998,0.027448974868904186,-0.03709600441298433,True,0.010044698917771822,0.0354052456543561,-0.03709600441298433,True,-0.01611141419606066,0.0354052456543561,-0.11715570413884213,True,20,True,True,True,False,True,False,9,1,STOP_BEFORE_TARGET,False,True,False,True,False,,2,STOP_BEFORE_TARGET,2022-04-05,2022-04-07,2022-04-11,2022-04-19,2022-05-03
COP|2022-04-05T00:00:00|Long,COP,2022-04-05,Long,-0.005201449468198893,0.021621571149451402,-0.012544653938300288,True,0.05099438902985698,0.05364604123530059,-0.012544653938300288,True,0.019887780597139137,0.05364604123530059,-0.012544653938300288,True,0.04711876566437989,0.06180517460458268,-0.012544653938300288,True,0.05925545515308972,0.06262110350376338,-0.09464565140087511,True,20,True,True,True,True,False,False,3,12,TARGET_BEFORE_STOP,True,True,True,False,False,3,13,TARGET_BEFORE_STOP,2022-04-06,2022-04-08,2022-04-12,2022-04-20,2022-05-04
COP|2022-04-06T00:00:00|Long,COP,2022-04-06,Long,0.024810315216637235,0.027270822306209253,-0.006458860441918235,True,0.004510994845974059,0.05915518340074044,-0.006458860441918235,True,0.027578454133252217,0.05915518340074044,-0.006458860441918235,True,0.011584962505757801,0.06735697799012774,-0.006458860441918235,True,0.054541722830528716,0.09278240042463048,-0.08991187400188805,True,20,True,True,True,True,False,False,2,12,TARGET_BEFORE_STOP,True,True,True,False,False,2,12,TARGET_BEFORE_STOP,2022-04-07,2022-04-11,2022-04-13,2022-04-21,2022-05-05
COP|2022-04-07T00:00:00|Long,COP,2022-04-07,Long,0.030912404917830205,0.033513390404196874,0.005702277911612708,True,0.0004001692266277779,0.033513390404196874,-0.02170866535434368,True,0.014105679021843898,0.033513390404196874,-0.02170866535434368,True,-0.03951577615466151,0.04151662228780029,-0.041916791514427953,True,0.07733096666398764,0.07753101311506372,-0.11194480336029189,True,20,True,True,True,True,False,False,1,2,TARGET_BEFORE_STOP,True,True,False,True,False,19,10,STOP_BEFORE_TARGET,2022-04-08,2022-04-12,2022-04-14,2022-04-22,2022-05-06
COP|2022-04-08T00:00:00|Long,COP,2022-04-08,Long,-0.0491994133399275,-0.010189257842432409,-0.05104320213933988,True,-0.0273653528511576,-0.010189257842432409,-0.05104320213933988,True,0.00407567352263305,0.010286244805459699,-0.05104320213933988,True,-0.11052886028472708,0.010286244805459699,-0.13828238309554253,True,-0.056768616499481395,0.04522072678032152,-0.1385735660921732,True,20,True,True,True,False,True,False,18,1,STOP_BEFORE_TARGET,False,True,False,True,False,,1,STOP_BEFORE_TARGET,2022-04-11,2022-04-13,2022-04-18,2022-04-25,2022-05-09
COP|2022-04-11T00:00:00|Long,COP,2022-04-11,Long,0.020616417369447415,0.039803977983925876,0.014594817883057276,True,0.03459889031947605,0.044907060070773275,0.009593741373812747,True,0.03653800856301781,0.06256375835267991,0.009593741373812747,True,-0.0679730907728947,0.06256375835267991,-0.09369259022918941,True,0.00020408902205848456,0.09930593380460939,-0.09399884056255692,True,20,True,True,True,True,False,False,1,8,TARGET_BEFORE_STOP,True,True,True,False,False,4,9,TARGET_BEFORE_STOP,2022-04-12,2022-04-14,2022-04-19,2022-04-26,2022-05-10
COP|2022-04-12T00:00:00|Long,COP,2022-04-12,Long,0.0023000335693359464,0.01730003356933585,-0.010800018310546888,True,0.03470001220703134,0.04110000610351561,-0.010800018310546888,True,0.02669998168945309,0.04110000610351561,-0.010800018310546888,True,-0.06940002441406246,0.04110000610351561,-0.11230003356933593,True,-0.009599990844726514,0.07709999084472652,-0.11230003356933593,True,20,True,True,True,True,False,False,3,7,TARGET_BEFORE_STOP,True,True,False,True,False,16,7,STOP_BEFORE_TARGET,2022-04-13,2022-04-18,2022-04-20,2022-04-27,2022-05-11
COP|2022-04-13T00:00:00|Long,COP,2022-04-13,Long,0.011373833697168934,0.021450601860482088,-0.00389112048269713,True,0.013269421900784062,0.038710936081691294,-0.00389112048269713,True,-0.015564253574180564,0.038710936081691294,-0.019155998543693764,True,-0.02673850359589347,0.038710936081691294,-0.1143370879980562,True,-0.006285591756082898,0.07462830965795453,-0.1143370879980562,True,20,True,True,True,True,False,False,2,6,TARGET_BEFORE_STOP,True,True,False,True,False,15,6,STOP_BEFORE_TARGET,2022-04-14,2022-04-19,2022-04-21,2022-04-28,2022-05-12
COP|2022-04-14T00:00:00|Long,COP,2022-04-14,Long,0.020716172607501582,0.02702967139716206,0.0032553437182507583,True,0.012824261489004618,0.02702967139716206,-0.0034527581536187846,True,-0.05287560881053932,0.02702967139716206,-0.05524322730379372,True,-0.05770944012046875,0.02702967139716206,-0.12429718617069352,True,0.015191879982259016,0.06254312090471359,-0.12429718617069352,True,20,True,True,True,False,True,False,14,4,STOP_BEFORE_TARGET,True,True,False,True,False,14,4,STOP_BEFORE_TARGET,2022-04-18,2022-04-20,2022-04-22,2022-04-29,2022-05-13
COP|2022-04-18T00:00:00|Long,COP,2022-04-18,Long,-0.018459492022574797,0.0010631159665006606,-0.023678404839397094,True,-0.04639028699264569,0.002802753572108019,-0.04986956220386052,True,-0.11413933912499763,0.002802753572108019,-0.14178020678335523,True,-0.07296803868450275,0.002802753572108019,-0.14207020783039692,True,0.0196192012694274,0.04097804014446216,-0.14207020783039692,True,20,True,True,True,False,True,False,13,1,STOP_BEFORE_TARGET,False,True,False,True,False,,3,STOP_BEFORE_TARGET,2022-04-19,2022-04-21,2022-04-25,2022-05-02,2022-05-16
COP|2022-04-19T00:00:00|Long,COP,2022-04-19,Long,0.010929506075570306,0.018806653288933273,-0.0017723543669044828,True,-0.05464745525580861,0.02166211727572609,-0.05701064449304338,True,-0.10082707867201057,0.02166211727572609,-0.12563996468662986,True,-0.02589599563450784,0.02166211727572609,-0.12593541968281674,True,0.05376131563337805,0.06636476619916709,-0.12593541968281674,True,20,True,True,True,False,True,False,12,2,STOP_BEFORE_TARGET,True,True,False,True,False,13,2,STOP_BEFORE_TARGET,2022-04-20,2022-04-22,2022-04-26,2022-05-03,2022-05-17
COP|2022-04-20T00:00:00|Long,COP,2022-04-20,Long,-0.03895977472813361,0.010616577254550341,-0.04246616039845552,True,-0.10723672643607918,0.010616577254550341,-0.13509297131148457,True,-0.09360086472913087,0.010616577254550341,-0.13538523204223896,True,0.011590556760779025,0.014804756010219577,-0.13538523204223896,True,0.01762934859519416,0.05483593048816693,-0.13538523204223896,True,20,True,True,True,False,True,False,11,1,STOP_BEFORE_TARGET,True,True,False,True,False,19,1,STOP_BEFORE_TARGET,2022-04-21,2022-04-25,2022-04-27,2022-05-04,2022-05-18
COP|2022-04-21T00:00:00|Long,COP,2022-04-21,Long,-0.02695850899034502,0.007905126115046013,-0.029390914966000548,True,-0.07449071258252415,0.007905126115046013,-0.10003035674823713,True,-0.011350918597057391,0.007905126115046013,-0.10033446548694436,True,0.04246480712639733,0.08026754146062198,-0.10033446548694436,True,0.060200694756633366,0.097598105417249,-0.10033446548694436,True,20,True,True,True,False,True,False,9,1,STOP_BEFORE_TARGET,True,True,False,True,False,9,2,STOP_BEFORE_TARGET,2022-04-22,2022-04-26,2022-04-28,2022-05-05,2022-05-19
COP|2022-04-22T00:00:00|Long,COP,2022-04-22,Long,-0.04530776353851962,-0.026976397350873427,-0.07509633292417017,True,-0.03072601304029654,-0.017914812857337314,-0.07540886711877248,True,-0.005103692138958449,0.029163580461026406,-0.07540886711877248,True,0.12165399484735762,0.12186227151251217,-0.07540886711877248,True,0.09384433190670571,0.12800750590640364,-0.07540886711877248,True,20,True,True,True,False,True,False,7,1,STOP_BEFORE_TARGET,True,True,False,True,False,8,1,STOP_BEFORE_TARGET,2022-04-25,2022-04-27,2022-04-29,2022-05-06,2022-05-20
COP|2022-04-25T00:00:00|Long,COP,2022-04-25,Long,-0.003709403815196577,0.028692964742976113,-0.003927564869827482,True,0.0642592096260548,0.07418716071003484,-0.031529641103840045,True,0.04647604556661111,0.07800560343464236,-0.031529641103840045,True,0.06044068366563837,0.17510358696394057,-0.031529641103840045,True,0.1893955082628187,0.19386860062293687,-0.031529641103840045,True,20,True,True,True,False,True,False,3,2,STOP_BEFORE_TARGET,True,True,False,True,False,3,2,STOP_BEFORE_TARGET,2022-04-26,2022-04-28,2022-05-02,2022-05-09,2022-05-23
COP|2022-04-26T00:00:00|Long,COP,2022-04-26,Long,0.019053853149193056,0.028580821496646314,-0.02792381800568866,True,0.04599208237273178,0.08201924976784736,-0.02792381800568866,True,0.08333334029547612,0.08990362584219302,-0.02792381800568866,True,0.07314936845706521,0.17947874993890722,-0.02792381800568866,True,0.19886118837929256,0.2043364402591754,-0.02792381800568866,True,20,True,True,True,False,True,False,2,1,STOP_BEFORE_TARGET,True,False,True,False,False,2,,TARGET_BEFORE_STOP,2022-04-27,2022-04-29,2022-05-03,2022-05-10,2022-05-24
COP|2022-04-27T00:00:00|Long,COP,2022-04-27,Long,0.048248502159448314,0.058027097222723256,-0.019987112176533706,True,0.030732867885052473,0.06178809532398288,-0.019987112176533706,True,0.11605419444544651,0.11960031350532407,-0.019987112176533706,True,0.06425965520973054,0.15742533752652177,-0.019987112176533706,True,0.1949280019938413,0.19847412105371887,-0.019987112176533706,True,20,True,True,False,True,False,False,1,,TARGET_BEFORE_STOP,True,False,True,False,False,1,,TARGET_BEFORE_STOP,2022-04-28,2022-05-02,2022-05-04,2022-05-11,2022-05-25
COP|2022-04-28T00:00:00|Long,COP,2022-04-28,Long,-0.02080990615258449,0.012916396385630247,-0.026960582270992628,True,0.014146562893347925,0.020297239011756174,-0.050948242595811655,True,0.05443359705254336,0.09267035369887577,-0.050948242595811655,True,0.021014816588735608,0.10415167314063734,-0.050948242595811655,True,0.15991797012906384,0.1747821105993912,-0.050948242595811655,True,20,True,True,True,False,True,False,4,1,STOP_BEFORE_TARGET,True,True,False,True,False,4,2,STOP_BEFORE_TARGET,2022-04-29,2022-05-03,2022-05-05,2022-05-12,2022-05-26
COP|2022-04-29T00:00:00|Long,COP,2022-04-29,Long,0.004187620811730186,0.005548643502071071,-0.03077884124093644,True,0.08731160239095903,0.09076639555105315,-0.03077884124093644,True,0.12740793787730142,0.12761728297538721,-0.03077884124093644,True,0.07736607285129549,0.12761728297538721,-0.03077884124093644,True,0.19974876990785218,0.19974876990785218,-0.03077884124093644,True,20,True,True,True,False,True,False,2,1,STOP_BEFORE_TARGET,True,True,False,True,False,3,1,STOP_BEFORE_TARGET,2022-05-02,2022-05-04,2022-05-06,2022-05-13,2022-05-27
COP|2022-05-02T00:00:00|Long,COP,2022-05-02,Long,0.031380339800767265,0.03763553668957775,0.0022935907516974385,True,0.07235198680031996,0.11123851514417349,0.0022935907516974385,True,0.01334444123990064,0.12291494099865852,0.0022935907516974385,True,0.09987491674240112,0.12291494099865852,-0.004691377781821937,True,0.1713928560804414,0.23008757418814785,-0.004691377781821937,True,20,True,True,False,True,False,False,1,,TARGET_BEFORE_STOP,True,False,True,False,False,2,,TARGET_BEFORE_STOP,2022-05-03,2022-05-05,2022-05-09,2022-05-16,2022-05-31
COP|2022-05-03T00:00:00|Long,COP,2022-05-03,Long,0.04983321833587273,0.053168928737537646,0.001819471390078986,True,0.08854747911864869,0.0887496083312711,0.001819471390078986,True,-0.009400589328888653,0.0887496083312711,-0.02992013621087386,True,0.08177495514944799,0.09471346121174351,-0.0349742148367469,True,0.17001920188960362,0.1926614525401611,-0.0349742148367469,True,20,True,True,True,True,False,False,1,4,TARGET_BEFORE_STOP,True,True,True,False,False,1,7,TARGET_BEFORE_STOP,2022-05-04,2022-05-06,2022-05-10,2022-05-17,2022-06-01
COP|2022-05-04T00:00:00|Long,COP,2022-05-04,Long,-0.00962834579360028,0.026285342879797335,-0.03206240912271663,True,-0.06412481824543315,0.03706911661367118,-0.07105716551172847,True,-0.04640862378681532,0.03706911661367118,-0.07596764243483023,True,0.005969600837073763,0.04274987883028869,-0.08078181533163042,True,0.10687462361727329,0.13604849961853027,-0.08078181533163042,True,20,True,True,True,False,True,False,2,1,STOP_BEFORE_TARGET,True,True,False,True,False,13,1,STOP_BEFORE_TARGET,2022-05-05,2022-05-09,2022-05-11,2022-05-18,2022-06-02
COP|2022-05-05T00:00:00|Long,COP,2022-05-05,Long,0.04695704649420951,0.04715145290046796,-0.0005832933913837435,True,-0.047248693189901325,0.04715145290046796,-0.06698424410620751,True,-0.031693584647931594,0.04715145290046796,-0.07184522016136108,True,0.017013416193037534,0.052887443215305474,-0.07184522016136108,True,0.14835700997161716,0.15127355110114427,-0.07184522016136108,True,20,True,True,True,True,False,False,1,2,TARGET_BEFORE_STOP,True,True,False,True,False,8,2,STOP_BEFORE_TARGET,2022-05-06,2022-05-10,2022-05-12,2022-05-19,2022-06-03
COP|2022-05-06T00:00:00|Long,COP,2022-05-06,Long,-0.09740927899849972,-0.020336172270010167,-0.10409507689046604,True,-0.08032316212997903,-0.020336172270010167,-0.10883091238743292,True,-0.04438665308692569,-0.020336172270010167,-0.11347386891695899,True,-0.024793441710548647,0.005664412633693328,-0.11347386891695899,True,0.089980449367006,0.10325930787528637,-0.11347386891695899,True,20,True,True,True,False,True,False,13,1,STOP_BEFORE_TARGET,True,True,False,True,False,14,1,STOP_BEFORE_TARGET,2022-05-09,2022-05-11,2022-05-13,2022-05-20,2022-06-06
COP|2022-05-09T00:00:00|Long,COP,2022-05-09,Long,0.008230484329992294,0.044444442700183995,-0.012654277429597238,True,0.02469137449826131,0.058539121605488464,-0.017798310512913584,True,0.0853909805797366,0.10174896810865897,-0.017798310512913584,True,0.1216049389499283,0.12582308375427131,-0.017798310512913584,True,0.2624485898884774,0.2624485898884774,-0.017798310512913584,True,20,True,True,False,True,False,False,1,,TARGET_BEFORE_STOP,True,False,True,False,False,2,,TARGET_BEFORE_STOP,2022-05-10,2022-05-12,2022-05-16,2022-05-23,2022-06-07
COP|2022-05-10T00:00:00|Long,COP,2022-05-10,Long,0.010612254240074837,0.04989795295559629,0.008163296446508372,True,0.05010207818478962,0.059285689373405503,-0.025816314074457947,True,0.09204078207210609,0.1051020719567124,-0.025816314074457947,True,0.11714289139728162,0.1222449322136081,-0.025816314074457947,True,0.24346939398317913,0.2661224676638234,-0.025816314074457947,True,20,True,True,True,True,False,False,1,2,TARGET_BEFORE_STOP,True,False,True,False,False,3,,TARGET_BEFORE_STOP,2022-05-11,2022-05-13,2022-05-17,2022-05-24,2022-06-08
COP|2022-05-11T00:00:00|Long,COP,2022-05-11,Long,0.005654256395568602,0.00626012460471248,-0.03604603858868216,True,0.06522616139697424,0.08128024382016363,-0.03604603858868216,True,0.0549273262431218,0.09349759744174935,-0.03604603858868216,True,0.12277863409034384,0.12611063962350366,-0.03604603858868216,True,0.19709204828981464,0.25282714745615076,-0.03604603858868216,True,20,True,True,True,False,True,False,2,1,STOP_BEFORE_TARGET,True,True,False,True,False,3,1,STOP_BEFORE_TARGET,2022-05-12,2022-05-16,2022-05-18,2022-05-25,2022-06-09
COP|2022-05-12T00:00:00|Long,COP,2022-05-12,Long,0.033232984324274906,0.04226906776074424,0.011044161555955334,True,0.07449797472510244,0.08734944488876906,0.011044161555955334,True,0.05030122703799256,0.08734944488876906,0.011044161555955334,True,0.13604420943117268,0.1506024119457936,0.011044161555955334,True,0.1729920042258879,0.2457831699996882,0.011044161555955334,True,20,True,True,False,True,False,False,1,,TARGET_BEFORE_STOP,True,False,True,False,False,2,,TARGET_BEFORE_STOP,2022-05-13,2022-05-17,2022-05-19,2022-05-26,2022-06-10
COP|2022-05-13T00:00:00|Long,COP,2022-05-13,Long,0.0251675857129936,0.04061794312539013,-0.0026236931576395506,True,0.015256045466474744,0.05237585460929295,-0.0026236931576395506,True,0.020503283508616965,0.05237585460929295,-0.010494624357421323,True,0.11359434842111349,0.11359434842111349,-0.010494624357421323,True,0.08599745563297057,0.2057137053308642,-0.010494624357421323,True,20,True,True,False,True,False,False,1,,TARGET_BEFORE_STOP,True,False,True,False,False,2,,TARGET_BEFORE_STOP,2022-05-16,2022-05-18,2022-05-20,2022-05-27,2022-06-13
COP|2022-05-16T00:00:00|Long,COP,2022-05-16,Long,0.01440755111911285,0.02654031328680384,0.0019905126490298297,True,-0.008436013172023138,0.02654031328680384,-0.03478671250185128,True,0.033364897090676804,0.03725118772678471,-0.03478671250185128,True,0.06502370246778733,0.11838860534378703,-0.03478671250185128,True,0.056777230936204015,0.17611376143179802,-0.03478671250185128,True,20,True,True,True,False,True,False,5,2,STOP_BEFORE_TARGET,True,True,False,True,False,7,3,STOP_BEFORE_TARGET,2022-05-17,2022-05-19,2022-05-23,2022-05-31,2022-06-14
COP|2022-05-17T00:00:00|Long,COP,2022-05-17,Long,-0.023733819527244182,0.010091589094855857,-0.03980559372510439,True,-0.018688096269245946,0.010091589094855857,-0.04849556134188093,True,0.022986421145870573,0.02765844521318206,-0.04849556134188093,True,0.08157357158260758,0.10250421944312271,-0.04849556134188093,True,0.021584799667791366,0.15940950965348,-0.04849556134188093,True,20,True,True,True,False,True,False,6,1,STOP_BEFORE_TARGET,True,True,False,True,False,7,1,STOP_BEFORE_TARGET,2022-05-18,2022-05-20,2022-05-24,2022-06-01,2022-06-15
COP|2022-05-18T00:00:00|Long,COP,2022-05-18,Long,0.0012442309460296563,0.021343756277655945,-0.025363719762007908,True,0.04345322684019148,0.04737745778330016,-0.025363719762007908,True,0.06431846645669759,0.06747698311492667,-0.025363719762007908,True,0.10030623459817845,0.12930698767956517,-0.025363719762007908,True,-0.019716741211719846,0.18759569146606836,-0.032063610220905536,True,20,True,True,True,False,True,False,3,1,STOP_BEFORE_TARGET,True,True,True,False,False,4,20,TARGET_BEFORE_STOP,2022-05-19,2022-05-23,2022-05-25,2022-06-02,2022-06-16
COP|2022-05-19T00:00:00|Long,COP,2022-05-19,Long,0.003919281429334731,0.028104410900035237,-0.023133525999672444,True,0.04655389272696486,0.05133355047558097,-0.023133525999672444,True,0.08163656309817746,0.09549754139644828,-0.023133525999672444,True,0.1291463727885076,0.13201412367860366,-0.023133525999672444,True,-0.1039097857103578,0.18611988440019656,-0.11279995204005533,True,20,True,True,True,False,True,False,2,1,STOP_BEFORE_TARGET,True,True,True,False,False,3,19,TARGET_BEFORE_STOP,2022-05-20,2022-05-24,2022-05-26,2022-06-03,2022-06-17
COP|2022-05-20T00:00:00|Long,COP,2022-05-20,Long,0.03808798445875872,0.04199203773637272,0.007141497086017301,True,0.05884593889466472,0.06198821504780794,0.007141497086017301,True,0.0912207402140226,0.0912207402140226,0.007141497086017301,True,0.11769187778932944,0.13130833513921836,0.007141497086017301,True,-0.054656237357140425,0.18148929534598923,-0.11626356384271297,True,20,True,True,True,True,False,False,1,18,TARGET_BEFORE_STOP,True,True,True,False,False,3,18,TARGET_BEFORE_STOP,2022-05-23,2022-05-25,2022-05-27,2022-06-06,2022-06-21
COP|2022-05-23T00:00:00|Long,COP,2022-05-23,Long,0.004219470996438046,0.008805785575377145,-0.024949492524879657,True,0.037883003210266164,0.051183287496547214,-0.024949492524879657,True,0.03063661777774951,0.08227849474322668,-0.024949492524879657,True,0.1255733155654699,0.1255733155654699,-0.024949492524879657,True,-0.14639515296194705,0.1381398427051419,-0.1610713456182311,True,20,True,True,True,False,True,False,3,1,STOP_BEFORE_TARGET,True,True,True,False,False,3,17,TARGET_BEFORE_STOP,2022-05-24,2022-05-26,2022-05-31,2022-06-07,2022-06-22
COP|2022-05-24T00:00:00|Long,COP,2022-05-24,Long,0.015710573059638744,0.018724838870161076,0.0006393833821505268,True,0.04676648666601668,0.04676648666601668,0.0006393833821505268,True,0.05727070196211592,0.07773103987849828,0.0006393833821505268,True,0.11307998605970004,0.13335767287585165,0.0006393833821505268,True,-0.19720499913482892,0.13335767287585165,-0.20295944957418466,True,20,True,True,True,True,False,False,2,16,TARGET_BEFORE_STOP,True,True,True,False,False,4,16,TARGET_BEFORE_STOP,2022-05-25,2022-05-27,2022-06-01,2022-06-08,2022-06-23
COP|2022-05-25T00:00:00|Long,COP,2022-05-25,Long,0.017536012870075446,0.030575554129389282,0.008812980070401766,True,0.010431687895183117,0.06106116098805048,0.0010791614197425137,True,0.033812969778951985,0.06106116098805048,0.0010791614197425137,True,0.06618705766491395,0.11582738521843194,0.0010791614197425137,True,-0.1824639734079916,0.11582738521843194,-0.21528772903792925,True,20,True,True,True,True,False,False,1,12,TARGET_BEFORE_STOP,True,True,True,False,False,3,14,TARGET_BEFORE_STOP,2022-05-26,2022-05-31,2022-06-02,2022-06-09,2022-06-24
COP|2022-05-26T00:00:00|Long,COP,2022-05-26,Long,0.012814820403785454,0.012814820403785454,-0.011312406204467607,True,0.022978333531232353,0.042775044389050665,-0.01617323735197773,True,0.04392400489333115,0.0465753121696697,-0.01617323735197773,True,0.03252320155147426,0.09659743842492086,-0.01617323735197773,True,-0.18488729904400958,0.09659743842492086,-0.22881130393734062,True,20,True,True,True,True,False,False,2,11,TARGET_BEFORE_STOP,True,True,True,False,False,6,11,TARGET_BEFORE_STOP,2022-05-27,2022-06-01,2022-06-03,2022-06-10,2022-06-27
COP|2022-05-27T00:00:00|Long,COP,2022-05-27,Long,-0.01954622943799922,0.02958114690039859,-0.028621281177744207,True,0.0031413666243012006,0.02958114690039859,-0.028621281177744207,True,0.024258279374450797,0.0367364671948347,-0.028621281177744207,True,-0.024781818287126334,0.08272254348305563,-0.054362965187525036,True,-0.16910992592896368,0.08272254348305563,-0.23856890664849817,True,20,True,True,True,False,True,False,4,1,STOP_BEFORE_TARGET,True,True,True,False,False,6,10,TARGET_BEFORE_STOP,2022-05-31,2022-06-02,2022-06-06,2022-06-13,2022-06-28
COP|2022-05-31T00:00:00|Long,COP,2022-05-31,Long,0.030170873720484215,0.04396584562630501,0.01619793240421674,True,0.0512638136787249,0.05393376224346036,0.006674973263847583,True,0.09211461746082938,0.09211461746082938,0.006674973263847583,True,-0.0077429934305454085,0.10430759306727322,-0.03551083875129435,True,-0.18600926853282185,0.10430759306727322,-0.22338909164983278,True,20,True,True,True,True,False,False,1,9,TARGET_BEFORE_STOP,True,True,True,False,False,3,9,TARGET_BEFORE_STOP,2022-06-01,2022-06-03,2022-06-07,2022-06-14,2022-06-29
COP|2022-06-01T00:00:00|Long,COP,2022-06-01,Long,-0.006825061905203822,0.0017278354059799828,-0.02280777010495405,True,0.014082049705554711,0.02643626400512966,-0.02280777010495405,True,0.052786182378847135,0.0719654585836258,-0.02280777010495405,True,-0.05546434703192493,0.0719654585836258,-0.0704967918972732,True,-0.2241036927983261,0.0719654585836258,-0.24613389083170223,True,20,True,True,True,False,True,False,4,1,STOP_BEFORE_TARGET,True,True,True,False,False,4,8,TARGET_BEFORE_STOP,2022-06-02,2022-06-06,2022-06-08,2022-06-15,2022-06-30
COP|2022-06-02T00:00:00|Long,COP,2022-06-02,Long,0.02748785392549813,0.03009741746718575,0.0013918203147496033,True,0.06741475349443338,0.06741475349443338,0.0013918203147496033,True,0.03131522705976897,0.07933196606830739,0.0013918203147496033,True,-0.10908142845680557,0.07933196606830739,-0.1203027308733049,True,-0.2085942581638205,0.07933196606830739,-0.24095335045965183,True,20,True,True,True,True,False,False,1,7,TARGET_BEFORE_STOP,True,True,True,False,False,3,7,TARGET_BEFORE_STOP,2022-06-03,2022-06-07,2022-06-09,2022-06-16,2022-07-01
COP|2022-06-03T00:00:00|Long,COP,2022-06-03,Long,-0.006264861801194566,0.005841473044087664,-0.012698949924833114,True,0.03166269706066149,0.05045715328384648,-0.012698949924833114,True,-0.01092110468618046,0.05045715328384648,-0.02387402327507837,True,-0.20640030744934912,0.05045715328384648,-0.21427365898635375,True,-0.2834405907419638,0.05045715328384648,-0.2968168334977692,True,20,True,True,True,True,False,False,2,5,TARGET_BEFORE_STOP,True,True,True,False,False,3,6,TARGET_BEFORE_STOP,2022-06-06,2022-06-08,2022-06-10,2022-06-17,2022-07-05
COP|2022-06-06T00:00:00|Long,COP,2022-06-06,Long,0.0454080929951588,0.0454080929951588,-0.0021298347746614432,True,0.01005282273629815,0.05707961095936742,-0.0021298347746614432,True,-0.047878644136054915,0.05707961095936742,-0.07675919848067281,True,-0.15420002468601224,0.05707961095936742,-0.2093201590538355,True,-0.28999831071759663,0.05707961095936742,-0.3147043421057506,True,20,True,True,True,True,False,False,1,5,TARGET_BEFORE_STOP,True,True,True,False,False,2,5,TARGET_BEFORE_STOP,2022-06-07,2022-06-09,2022-06-13,2022-06-21,2022-07-06
COP|2022-06-07T00:00:00|Long,COP,2022-06-07,Long,-0.006926888439922174,0.01116455673379102,-0.009860639666696591,True,-0.04791783308033615,0.01116455673379102,-0.06038624470703369,True,-0.09143510149469858,0.01116455673379102,-0.11686086256116002,True,-0.24162661353675075,0.01116455673379102,-0.25466547333675493,True,-0.2963083765107162,0.01116455673379102,-0.3444706784975856,True,20,True,False,True,False,True,False,,2,STOP_BEFORE_TARGET,False,True,False,True,False,,2,STOP_BEFORE_TARGET,2022-06-08,2022-06-10,2022-06-14,2022-06-22,2022-07-07
COP|2022-06-08T00:00:00|Long,COP,2022-06-08,Long,-0.027080280939022816,-0.0006565060779090137,-0.02814705635972581,True,-0.08288198279610981,-0.0006565060779090137,-0.11070078611688117,True,-0.10282290100557001,-0.0006565060779090137,-0.11710162646469535,True,-0.2787625229817823,-0.0006565060779090137,-0.28393236747761796,True,-0.29049730304097676,-0.0006565060779090137,-0.339898227158115,True,20,True,False,True,False,True,False,,1,STOP_BEFORE_TARGET,False,True,False,True,False,,2,STOP_BEFORE_TARGET,2022-06-09,2022-06-13,2022-06-15,2022-06-23,2022-07-08
COP|2022-06-09T00:00:00|Long,COP,2022-06-09,Long,-0.014591732145440406,0.00910932737258996,-0.02749658041469516,True,-0.05963225236513814,0.00910932737258996,-0.08594800119640444,True,-0.13613360089411153,0.00910932737258996,-0.1470141756418447,True,-0.2332152029846274,0.00910932737258996,-0.2640013163537259,True,-0.2784243858517458,0.00910932737258996,-0.3215249316983846,True,20,True,False,True,False,True,False,,1,STOP_BEFORE_TARGET,False,True,False,True,False,,2,STOP_BEFORE_TARGET,2022-06-10,2022-06-14,2022-06-16,2022-06-24,2022-07-11
COP|2022-06-10T00:00:00|Long,COP,2022-06-10,Long,-0.0433963846217843,-0.02405208545705384,-0.07241289867226464,True,-0.06419583910343152,-0.005734812620427632,-0.07908932079386455,True,-0.19763762394419115,-0.005734812620427632,-0.2055979106051521,True,-0.21056233919857859,-0.005734812620427632,-0.2531027923596607,True,-0.2857143230305055,-0.005734812620427632,-0.3114782061055791,True,20,True,False,True,False,True,False,,1,STOP_BEFORE_TARGET,False,True,False,True,False,,1,STOP_BEFORE_TARGET,2022-06-13,2022-06-15,2022-06-17,2022-06-27,2022-07-12
COP|2022-06-13T00:00:00|Long,COP,2022-06-13,Long,-0.0024159293781312874,0.039370091640795524,-0.015390132317700922,True,-0.08357197377197711,0.039370091640795524,-0.09511457301025283,True,-0.1116678876018723,0.039370091640795524,-0.1695598086562088,True,-0.14799571044536863,0.039370091640795524,-0.21921975243106728,True,-0.25635290782256637,0.039370091640795524,-0.2802433705812437,True,20,True,True,True,True,False,False,1,2,TARGET_BEFORE_STOP,False,True,False,True,False,,2,STOP_BEFORE_TARGET,2022-06-14,2022-06-16,2022-06-21,2022-06-28,2022-07-13
COP|2022-06-14T00:00:00|Long,COP,2022-06-14,Long,-0.019373899669046124,0.005112563510142998,-0.03498073011575753,True,-0.15920710682664874,0.005112563510142998,-0.1675486650201663,True,-0.16530631140288954,0.005112563510142998,-0.1796573608672204,True,-0.1796573608672204,0.005112563510142998,-0.21732887426498904,True,-0.2680060797016838,0.005112563510142998,-0.2976948196964433,True,20,True,False,True,False,True,False,,1,STOP_BEFORE_TARGET,False,True,False,True,False,,1,STOP_BEFORE_TARGET,2022-06-15,2022-06-17,2022-06-22,2022-06-29,2022-07-14
COP|2022-06-15T00:00:00|Long,COP,2022-06-15,Long,-0.06320317887479099,-0.028537480054224296,-0.07500232726884981,True,-0.0919235606278308,-0.028537480054224296,-0.15110220429694077,True,-0.1961035587883464,-0.028537480054224296,-0.20186590437388374,True,-0.17854206480875012,-0.028537480054224296,-0.20186590437388374,True,-0.24183665964136192,-0.028537480054224296,-0.28381961272850675,True,20,True,False,True,False,True,False,,1,STOP_BEFORE_TARGET,False,True,False,True,False,,1,STOP_BEFORE_TARGET,2022-06-16,2022-06-21,2022-06-23,2022-06-30,2022-07-15
COP|2022-06-16T00:00:00|Long,COP,2022-06-16,Long,-0.08474907694157363,-0.000781115333772231,-0.09382933784571579,True,-0.09138840829612127,-0.000781115333772231,-0.10701034251527486,True,-0.11238034282962794,-0.000781115333772231,-0.14801792915196021,True,-0.11169688553539181,-0.000781115333772231,-0.14801792915196021,True,-0.16940049584361128,-0.000781115333772231,-0.2355008352704785,True,20,True,False,True,False,True,False,,1,STOP_BEFORE_TARGET,False,True,False,True,False,,1,STOP_BEFORE_TARGET,2022-06-17,2022-06-22,2022-06-24,2022-07-01,2022-07-18
COP|2022-06-17T00:00:00|Long,COP,2022-06-17,Long,0.05909964840812698,0.06784724509589202,0.02389594137200013,True,-0.06240664185444911,0.06784724509589202,-0.06912732958407264,True,-0.01610832666147899,0.06784724509589202,-0.06912732958407264,True,-0.09707700748346437,0.06784724509589202,-0.11393215861490436,True,-0.05611259469495811,0.06784724509589202,-0.1647108509053985,True,20,True,True,True,True,False,False,1,2,TARGET_BEFORE_STOP,True,True,True,False,False,1,3,TARGET_BEFORE_STOP,2022-06-21,2022-06-23,2022-06-27,2022-07-05,2022-07-19
COP|2022-06-21T00:00:00|Long,COP,2022-06-21,Long,-0.06265110089828285,-0.04260672622430728,-0.07876712118226725,True,-0.08430696232978718,-0.04260672622430728,-0.121071684033632,True,-0.04089441587946907,-0.02226026502463574,-0.121071684033632,True,-0.16055602978845185,-0.018432734221953906,-0.1897662829325032,True,-0.08632151289481427,-0.018432734221953906,-0.2113214744711911,True,20,True,False,True,False,True,False,,1,STOP_BEFORE_TARGET,False,True,False,True,False,,1,STOP_BEFORE_TARGET,2022-06-22,2022-06-24,2022-06-28,2022-07-06,2022-07-20
COP|2022-06-22T00:00:00|Long,COP,2022-06-22,Long,-0.0555555373369756,0.012250154949022596,-0.06232533391924289,True,-0.0089189149305271,0.012250154949022596,-0.06232533391924289,True,-0.017193192736908003,0.047173861001708506,-0.06232533391924289,True,-0.07210401096612762,0.047173861001708506,-0.1356113845719964,True,-0.044379941562082914,0.047173861001708506,-0.15860729522953776,True,20,True,True,True,False,True,False,4,1,STOP_BEFORE_TARGET,False,True,False,True,False,,1,STOP_BEFORE_TARGET,2022-06-23,2022-06-27,2022-06-29,2022-07-07,2022-07-21
COP|2022-06-23T00:00:00|Long,COP,2022-06-23,Long,0.0343611820848031,0.04733193413355896,0.005347607509011754,True,0.08339972558832454,0.1044487469442057,0.005347607509011754,True,0.02184546799725484,0.1087723020250666,-0.0006826437479849901,True,-0.016270341507639174,0.1087723020250666,-0.08476501308429452,True,0.002730661798113543,0.1087723020250666,-0.10911362389905899,True,20,True,True,True,True,False,False,1,7,TARGET_BEFORE_STOP,True,True,True,False,False,2,7,TARGET_BEFORE_STOP,2022-06-24,2022-06-28,2022-06-30,2022-07-08,2022-07-22
COP|2022-06-24T00:00:00|Long,COP,2022-06-24,Long,0.014519850859651795,0.03167965171492271,0.00043992173052220807,True,0.006049888903398193,0.07193920385748087,0.00043992173052220807,True,0.0007699889121597359,0.07193920385748087,-0.03387967998001973,True,-0.05895941474464561,0.07193920385748087,-0.11516885709979297,True,0.012539867382312941,0.07193920385748087,-0.1387086140400995,True,20,True,True,True,True,False,False,1,4,TARGET_BEFORE_STOP,True,True,True,False,False,2,4,TARGET_BEFORE_STOP,2022-06-27,2022-06-29,2022-07-01,2022-07-11,2022-07-25
COP|2022-06-27T00:00:00|Long,COP,2022-06-27,Long,0.03241892827649728,0.05247746028111533,0.014312042142249126,True,-0.02623881286195262,0.056597564797943534,-0.047706834714629,True,-0.08229430435897911,0.056597564797943534,-0.09942540891873952,True,-0.09519685665317013,0.056597564797943534,-0.12783259770575517,True,-0.012360478993273971,0.056597564797943534,-0.1510354526527138,True,20,True,True,True,True,False,False,1,3,TARGET_BEFORE_STOP,True,True,True,False,False,1,3,TARGET_BEFORE_STOP,2022-06-28,2022-06-30,2022-07-05,2022-07-12,2022-07-26
COP|2022-06-28T00:00:00|Long,COP,2022-06-28,Long,-0.03948752455395843,0.023419404525844678,-0.04137788690292099,True,-0.04452843740194845,0.023419404525844678,-0.07760973844685981,True,-0.12476375478379531,0.023419404525844678,-0.1552194768937195,True,-0.12717916882066327,0.023419404525844678,-0.1552194768937195,True,-0.020478938801071322,0.023419404525844678,-0.17769374030701546,True,20,True,False,True,False,True,False,,1,STOP_BEFORE_TARGET,False,True,False,True,False,,1,STOP_BEFORE_TARGET,2022-06-29,2022-07-01,2022-07-06,2022-07-13,2022-07-27
COP|2022-06-29T00:00:00|Long,COP,2022-06-29,Long,-0.01804069038263345,0.002733435408949658,-0.03968945210753061,True,-0.07456811461943325,0.00929366370686302,-0.09184344642427389,True,-0.055871426432357096,0.00929366370686302,-0.12048979612265587,True,-0.10769733842905038,0.00929366370686302,-0.14388799654983864,True,0.028427711569510627,0.04154825158316622,-0.14388799654983864,True,20,True,True,True,False,True,False,20,1,STOP_BEFORE_TARGET,False,True,False,True,False,,1,STOP_BEFORE_TARGET,2022-06-30,2022-07-05,2022-07-07,2022-07-14,2022-07-28
COP|2022-06-30T00:00:00|Long,COP,2022-06-30,Long,0.013027567421728392,0.027836544571432142,-0.016701926742859197,True,-0.07204099094292893,0.027836544571432142,-0.1043313146854763,True,-0.03730095273564049,0.027836544571432142,-0.1043313146854763,True,-0.07705153498562978,0.027836544571432142,-0.1281593900425907,True,0.08484581843586625,0.09030175738575696,-0.1281593900425907,True,20,True,True,True,False,True,False,17,2,STOP_BEFORE_TARGET,True,True,False,True,False,19,2,STOP_BEFORE_TARGET,2022-07-01,2022-07-06,2022-07-08,2022-07-15,2022-07-29
COP|2022-07-01T00:00:00|Long,COP,2022-07-01,Long,-0.06968568623164362,-0.017916078508127264,-0.08705215988251835,True,-0.05089035735301106,-0.017916078508127264,-0.11584964307130996,True,-0.059683448063556965,-0.017916078508127264,-0.11584964307130996,True,-0.0649593695762265,-0.017916078508127264,-0.13937128860535963,True,0.04528462261123356,0.07628044137110734,-0.13937128860535963,True,20,True,True,True,False,True,False,16,1,STOP_BEFORE_TARGET,True,True,False,True,False,19,1,STOP_BEFORE_TARGET,2022-07-05,2022-07-07,2022-07-11,2022-07-18,2022-08-01
COP|2022-07-05T00:00:00|Long,COP,2022-07-05,Long,-0.015359204408463167,0.012405518186785702,-0.04962189246844262,True,0.021502832088238444,0.038043492957502645,-0.04962189246844262,True,-0.01405957525977708,0.038043492957502645,-0.04962189246844262,True,0.04536866723742894,0.048086008083336296,-0.07490543931485438,True,0.11897447740359723,0.15689979767321494,-0.07490543931485438,True,20,True,True,True,False,True,False,2,1,STOP_BEFORE_TARGET,True,True,False,True,False,11,1,STOP_BEFORE_TARGET,2022-07-06,2022-07-08,2022-07-12,2022-07-19,2022-08-02
COP|2022-07-06T00:00:00|Long,COP,2022-07-06,Long,0.036117137850916414,0.04643632009403542,0.028077802617100245,True,0.026517960294922815,0.054235714795753065,0.010199257749777146,True,-0.0027597280735000007,0.054235714795753065,-0.020758288979579875,True,0.08843296220822183,0.09455249854900516,-0.06047508408446345,True,0.09575238430032762,0.17494603397799624,-0.06047508408446345,True,20,True,True,True,True,False,False,1,4,TARGET_BEFORE_STOP,True,True,True,False,False,2,6,TARGET_BEFORE_STOP,2022-07-07,2022-07-11,2022-07-13,2022-07-20,2022-08-03
COP|2022-07-07T00:00:00|Long,COP,2022-07-07,Long,0.0012738924411739294,0.017486996675315725,-0.01945570741010816,True,-0.03358426840908435,0.017486996675315725,-0.05489285405361177,True,-0.05489285405361177,0.017486996675315725,-0.09322519472627255,True,0.02987842358593573,0.05639841149553182,-0.09322519472627255,True,0.04088012555500864,0.1339895761352181,-0.09322519472627255,True,20,True,True,True,False,True,False,9,2,STOP_BEFORE_TARGET,True,True,False,True,False,9,3,STOP_BEFORE_TARGET,2022-07-08,2022-07-12,2022-07-14,2022-07-21,2022-08-04
COP|2022-07-08T00:00:00|Long,COP,2022-07-08,Long,-0.01052505253702074,0.0016192388518494472,-0.026254877019471046,True,-0.03874622379822257,0.0016192388518494472,-0.0560952871325221,True,-0.041290767205957035,0.0016192388518494472,-0.09437885865280204,True,0.01931526933413097,0.0550543856885759,-0.09437885865280204,True,0.07390700274476436,0.13254683328502082,-0.09437885865280204,True,20,True,True,True,False,True,False,8,1,STOP_BEFORE_TARGET,True,True,False,True,False,8,2,STOP_BEFORE_TARGET,2022-07-11,2022-07-13,2022-07-15,2022-07-22,2022-08-05
COP|2022-07-11T00:00:00|Long,COP,2022-07-11,Long,-0.024547118978419213,-0.017650521126421403,-0.04605496552726651,True,-0.04605496552726651,-0.004208072443127375,-0.08474575968879561,True,-0.005610792984346191,0.009818776246944383,-0.08474575968879561,True,0.07597895696236856,0.07703093048288578,-0.08474575968879561,True,0.0944476202621729,0.1445937425589996,-0.08474575968879561,True,20,True,True,True,False,True,False,6,1,STOP_BEFORE_TARGET,True,True,False,True,False,7,1,STOP_BEFORE_TARGET,2022-07-12,2022-07-14,2022-07-18,2022-07-25,2022-08-08
COP|2022-07-12T00:00:00|Long,COP,2022-07-12,Long,-0.004074252250739985,0.020850875455912243,-0.013061670194747466,True,-0.006710576142274438,0.020850875455912243,-0.061713530075723444,True,0.06027569314126091,0.06303178344623372,-0.061713530075723444,True,0.09155182347564317,0.12858003294582043,-0.061713530075723444,True,0.1445177427084654,0.17339726482767626,-0.061713530075723444,True,20,True,True,True,False,True,False,4,2,STOP_BEFORE_TARGET,True,True,False,True,False,5,2,STOP_BEFORE_TARGET,2022-07-13,2022-07-15,2022-07-19,2022-07-26,2022-08-09
COP|2022-07-13T00:00:00|Long,COP,2022-07-13,Long,-0.018048369498064654,-0.016123257820290005,-0.05787507548152582,True,0.02358319179495383,0.03946575328130053,-0.05787507548152582,True,0.09144505376377654,0.09758152509676976,-0.05787507548152582,True,0.12224757499820527,0.13319696322376662,-0.05787507548152582,True,0.1548550433409459,0.17819753880195655,-0.05787507548152582,True,20,True,True,True,False,True,False,3,1,STOP_BEFORE_TARGET,True,True,False,True,False,4,1,STOP_BEFORE_TARGET,2022-07-14,2022-07-18,2022-07-20,2022-07-27,2022-08-10
COP|2022-07-14T00:00:00|Long,COP,2022-07-14,Long,0.015684337332727782,0.028550444965431687,0.00257320282933593,True,0.08418089321409261,0.08699912291411649,0.00257320282933593,True,0.08969488592180874,0.11775518365983961,0.00257320282933593,True,0.1525547954310762,0.16725893179502704,0.00257320282933593,True,0.22975125425525023,0.24151450725479595,0.00257320282933593,True,20,True,True,False,True,False,False,2,,TARGET_BEFORE_STOP,True,False,True,False,False,2,,TARGET_BEFORE_STOP,2022-07-15,2022-07-19,2022-07-21,2022-07-28,2022-08-11
COP|2022-07-15T00:00:00|Long,COP,2022-07-15,Long,0.026299919426082452,0.042224635369427777,0.021232985271927296,True,0.09434189591513986,0.10049465426941429,0.021232985271927296,True,0.06321628546692826,0.10049465426941429,0.021232985271927296,True,0.17541321055122538,0.181324633731073,0.021232985271927296,True,0.23959465263105972,0.2421281197081373,0.021232985271927296,True,20,True,True,False,True,False,False,1,,TARGET_BEFORE_STOP,True,False,True,False,False,2,,TARGET_BEFORE_STOP,2022-07-18,2022-07-20,2022-07-22,2022-07-29,2022-08-12
COP|2022-07-18T00:00:00|Long,COP,2022-07-18,Long,0.04008467937395377,0.0427882849736263,-0.0022334835087323146,True,0.04537440489242672,0.0722934236269086,-0.0022334835087323146,True,0.08205011616284597,0.08310802539305007,-0.0022334835087323146,True,0.11790288956480532,0.15105205736709215,-0.0022334835087323146,True,0.1845538615794471,0.21029739571912676,-0.0022334835087323146,True,20,True,True,False,True,False,False,1,,TARGET_BEFORE_STOP,True,False,True,False,False,2,,TARGET_BEFORE_STOP,2022-07-19,2022-07-21,2022-07-25,2022-08-01,2022-08-15
COP|2022-07-19T00:00:00|Long,COP,2022-07-19,Long,0.025203386561177377,0.030967424952689226,-0.014240529932481372,True,-0.00395576503431716,0.030967424952689226,-0.0181962087394677,True,0.02949811123342938,0.06442130122043577,-0.0181962087394677,True,0.07041134144634786,0.10669071489441762,-0.0181962087394677,True,0.13132905375592885,0.16365274839701227,-0.0181962087394677,True,20,True,True,False,True,False,False,1,,TARGET_BEFORE_STOP,True,False,True,False,False,5,,TARGET_BEFORE_STOP,2022-07-20,2022-07-22,2022-07-26,2022-08-02,2022-08-16
COP|2022-07-20T00:00:00|Long,COP,2022-07-20,Long,-0.019622961054594157,-0.018189852745366664,-0.04233266868754648,True,0.014772395334689437,0.01576452783164628,-0.04233266868754648,True,0.028221779125030988,0.03825378961223147,-0.04233266868754648,True,0.00672473394893891,0.07948406082286952,-0.04233266868754648,True,0.11740713960278204,0.13504575155592624,-0.04233266868754648,True,20,True,True,True,False,True,False,4,1,STOP_BEFORE_TARGET,True,True,False,True,False,6,1,STOP_BEFORE_TARGET,2022-07-21,2022-07-25,2022-07-27,2022-08-03,2022-08-17
COP|2022-07-21T00:00:00|Long,COP,2022-07-21,Long,-0.008995873709799707,0.014168471066081212,-0.01563026408274437,True,0.024288721750843623,0.05903519601915996,-0.01563026408274437,True,0.05768578922538703,0.07117959979008659,-0.01563026408274437,True,0.010682524963253615,0.1010907211618024,-0.01563026408274437,True,0.17935451358942456,0.18194085516307035,-0.01563026408274437,True,20,True,True,False,True,False,False,2,,TARGET_BEFORE_STOP,True,False,True,False,False,3,,TARGET_BEFORE_STOP,2022-07-22,2022-07-26,2022-07-28,2022-08-04,2022-08-18
COP|2022-07-22T00:00:00|Long,COP,2022-07-22,Long,0.04447981300927384,0.04550099014186615,-0.003857895705056791,True,0.05832292692428398,0.0686486240815487,-0.003857895705056791,True,0.10552596552358495,0.11108590968607635,-0.003857895705056791,True,0.053557260499291104,0.11108590968607635,-0.003857895705056791,True,0.1930103559100107,0.19925117139734438,-0.003857895705056791,True,20,True,True,False,True,False,False,1,,TARGET_BEFORE_STOP,True,False,True,False,False,2,,TARGET_BEFORE_STOP,2022-07-25,2022-07-27,2022-07-29,2022-08-05,2022-08-19
COP|2022-07-25T00:00:00|Long,COP,2022-07-25,Long,-0.01042918720303998,0.023139567439452557,-0.02259643413466428,True,0.021835898318284253,0.03487234088050761,-0.02259643413466428,True,0.03313411538561639,0.06376963522626844,-0.02259643413466428,True,0.017164520904705993,0.06376963522626844,-0.04399785896237918,True,0.14329162818816266,0.14828890216124457,-0.04399785896237918,True,20,True,True,True,False,True,False,3,1,STOP_BEFORE_TARGET,True,True,True,False,False,4,8,TARGET_BEFORE_STOP,2022-07-26,2022-07-28,2022-08-01,2022-08-08,2022-08-22
COP|2022-07-26T00:00:00|Long,COP,2022-07-26,Long,0.023932378887021377,0.028213935970373027,0.0021956810371890345,True,0.06960153938054248,0.07498081134748724,0.0021956810371890345,True,0.039740947328112064,0.07498081134748724,0.0021956810371890345,True,0.048523503963533,0.07498081134748724,-0.033922455397061846,True,0.19058075868129487,0.2150620787667803,-0.033922455397061846,True,20,True,True,True,True,False,False,2,8,TARGET_BEFORE_STOP,True,True,True,False,False,3,8,TARGET_BEFORE_STOP,2022-07-27,2022-07-29,2022-08-02,2022-08-09,2022-08-23
COP|2022-07-27T00:00:00|Long,COP,2022-07-27,Long,0.008470043357571733,0.021335966171196263,-0.007183426536502613,True,0.019620477076437437,0.04985527707987303,-0.007183426536502613,True,-0.020907012098484334,0.04985527707987303,-0.030449195240769278,True,0.02905550349956676,0.04985527707987303,-0.05650259282450798,True,0.1849469349292867,0.18752016857142517,-0.05650259282450798,True,20,True,True,True,True,False,False,2,5,TARGET_BEFORE_STOP,True,True,False,True,False,11,5,STOP_BEFORE_TARGET,2022-07-28,2022-08-01,2022-08-03,2022-08-10,2022-08-24
COP|2022-07-28T00:00:00|Long,COP,2022-07-28,Long,0.03582822489956716,0.041037643105901855,0.014246268361323366,True,0.006910499072403153,0.041037643105901855,-0.004039945388912614,True,-0.04443972372603866,0.041037643105901855,-0.05081861474979543,True,0.06697855852944601,0.07718480038985676,-0.0644269372303432,True,0.19157989304896117,0.19221775781773687,-0.0644269372303432,True,20,True,True,True,True,False,False,1,4,TARGET_BEFORE_STOP,True,True,False,True,False,10,4,STOP_BEFORE_TARGET,2022-07-29,2022-08-02,2022-08-04,2022-08-11,2022-08-25
COP|2022-07-29T00:00:00|Long,COP,2022-07-29,Long,-0.02391462407632683,-0.014061405545425787,-0.03848917159246679,True,-0.06271169651250608,-0.014061405545425787,-0.07184645363927133,True,-0.0470081270318069,-0.014061405545425787,-0.09678743996344652,True,0.054603301633589396,0.05675868584599719,-0.09678743996344652,True,0.150774939909611,0.17263676118382087,-0.09678743996344652,True,20,True,True,True,False,True,False,9,1,STOP_BEFORE_TARGET,True,True,False,True,False,10,1,STOP_BEFORE_TARGET,2022-08-01,2022-08-03,2022-08-05,2022-08-12,2022-08-26
COP|2022-08-01T00:00:00|Long,COP,2022-08-01,Long,-0.004100940020041799,0.007886435457768126,-0.012302820060125397,True,-0.05488960362206108,0.007886435457768126,-0.061198735943281624,True,-0.01545742633322067,0.007886435457768126,-0.07465823962187723,True,0.05962143280673393,0.08264985001540714,-0.07465823962187723,True,0.1926393269060831,0.21419561591397063,-0.07465823962187723,True,20,True,True,True,False,True,False,8,2,STOP_BEFORE_TARGET,True,True,False,True,False,8,2,STOP_BEFORE_TARGET,2022-08-02,2022-08-04,2022-08-08,2022-08-15,2022-08-29
COP|2022-08-02T00:00:00|Long,COP,2022-08-02,Long,-0.03579346871944189,0.010241803717450981,-0.04519056932393706,True,-0.01963890432194615,0.010241803717450981,-0.07084784235387809,True,0.008446870018911978,0.027135463199952303,-0.07084784235387809,True,0.05691056321139909,0.08710801477932395,-0.07084784235387809,True,0.16671947068064163,0.21919546338200724,-0.07084784235387809,True,20,True,True,True,False,True,False,7,1,STOP_BEFORE_TARGET,True,True,False,True,False,7,1,STOP_BEFORE_TARGET,2022-08-03,2022-08-05,2022-08-09,2022-08-16,2022-08-30
COP|2022-08-03T00:00:00|Long,COP,2022-08-03,Long,-0.015768752148691334,0.018396849658235404,-0.022339037695408237,True,0.025295636950431133,0.03690322774686816,-0.036355669140594515,True,0.051029387622451905,0.06526499238271954,-0.036355669140594515,True,0.10994306777353602,0.12746385708001884,-0.036355669140594515,True,0.19853260308810028,0.26445468250749093,-0.036355669140594515,True,20,True,True,True,False,True,False,3,1,STOP_BEFORE_TARGET,True,True,False,True,False,4,2,STOP_BEFORE_TARGET,2022-08-04,2022-08-08,2022-08-10,2022-08-17,2022-08-31
COP|2022-08-04T00:00:00|Long,COP,2022-08-04,Long,0.033044073336241375,0.03938585918673598,-0.020916748006981845,True,0.06263913056137094,0.082332017712623,-0.020916748006981845,True,0.11659995190459416,0.12728084992204658,-0.020916748006981845,True,0.16688919068062802,0.16944819562012636,-0.020916748006981845,True,0.1963729646777188,0.2847130034409522,-0.020916748006981845,True,20,True,True,True,,,False,1,1,AMBIGUOUS,True,False,True,False,False,2,,TARGET_BEFORE_STOP,2022-08-05,2022-08-09,2022-08-11,2022-08-18,2022-09-01
COP|2022-08-05T00:00:00|Long,COP,2022-08-05,Long,0.008400633194563634,0.01981695204656364,0.0,True,0.03371033854873873,0.04771136648333396,0.0,True,0.10662360461576315,0.10888530723206635,0.0,True,0.13236404003768265,0.13828760558207098,0.0,True,0.187506773809607,0.24361877348750438,0.0,True,20,True,True,False,True,False,False,2,,TARGET_BEFORE_STOP,True,False,True,False,False,4,,TARGET_BEFORE_STOP,2022-08-08,2022-08-10,2022-08-12,2022-08-19,2022-09-02
COP|2022-08-08T00:00:00|Long,COP,2022-08-08,Long,0.020079087236583915,0.03898324931057995,0.013136851361903679,True,0.07187870932771934,0.08213182384906581,-0.005019690324635118,True,0.07625760545867988,0.09964757134193003,-0.005019690324635118,True,0.12399872851569205,0.1289116741310552,-0.005019690324635118,True,0.16020506717949767,0.2332586201852942,-0.005019690324635118,True,20,True,True,False,True,False,False,1,,TARGET_BEFORE_STOP,True,False,True,False,False,3,,TARGET_BEFORE_STOP,2022-08-09,2022-08-11,2022-08-15,2022-08-22,2022-09-06
COP|2022-08-09T00:00:00|Long,COP,2022-08-09,Long,0.004920963356620289,0.008376038157995369,-0.024604736902520186,True,0.07580355671485361,0.0780022697268492,-0.024604736902520186,True,0.04805775557772152,0.0780022697268492,-0.024604736902520186,True,0.13548313812782453,0.15883151324096523,-0.024604736902520186,True,0.11778871058921747,0.20898333826862192,-0.024604736902520186,True,20,True,True,True,False,True,False,2,1,STOP_BEFORE_TARGET,True,False,True,False,False,2,,TARGET_BEFORE_STOP,2022-08-10,2022-08-12,2022-08-16,2022-08-23,2022-09-07
COP|2022-08-10T00:00:00|Long,COP,2022-08-10,Long,0.04563447697672496,0.055636550855620026,0.016044938865086733,True,0.04990615876850546,0.07272343700157657,0.016044938865086733,True,0.0560533138700845,0.07272343700157657,0.016044938865086733,True,0.15148981847876164,0.15399039656554847,0.016044938865086733,True,0.12856840910913747,0.20306310879454226,0.016044938865086733,True,20,True,True,False,True,False,False,1,,TARGET_BEFORE_STOP,True,False,True,False,False,1,,TARGET_BEFORE_STOP,2022-08-11,2022-08-15,2022-08-17,2022-08-24,2022-09-08
COP|2022-08-11T00:00:00|Long,COP,2022-08-11,Long,0.023814262406470332,0.02590672038968589,-0.010063791650936849,True,-0.0025906948450501455,0.02590672038968589,-0.027999178372901667,True,0.04503782996789063,0.047329613103948676,-0.027999178372901667,True,0.11677960491656547,0.11737742833454945,-0.027999178372901667,True,0.11568354463674702,0.1505579963975514,-0.027999178372901667,True,20,True,True,True,False,True,False,5,2,STOP_BEFORE_TARGET,True,False,True,False,False,6,,TARGET_BEFORE_STOP,2022-08-12,2022-08-16,2022-08-18,2022-08-25,2022-09-09
COP|2022-08-12T00:00:00|Long,COP,2022-08-12,Long,-0.019270105663587334,-0.012554753435789268,-0.05060824280527676,True,-0.013527974595118564,-0.0005839178451946259,-0.05060824280527676,True,0.023260334692442264,0.028613162446776252,-0.05060824280527676,True,0.09119224084264754,0.1119221411192215,-0.05060824280527676,True,0.11328466559268557,0.1237956323182785,-0.05060824280527676,True,20,True,True,True,False,True,False,7,1,STOP_BEFORE_TARGET,True,True,False,True,False,7,1,STOP_BEFORE_TARGET,2022-08-15,2022-08-17,2022-08-19,2022-08-26,2022-09-12
COP|2022-08-15T00:00:00|Long,COP,2022-08-15,Long,-0.006648786258458328,0.012702257133393235,-0.01825936686698526,True,0.04078595561444187,0.043068414328301774,-0.01825936686698526,True,0.04435845360336921,0.04892329532011552,-0.01825936686698526,True,0.12553341219893066,0.1458767993186012,-0.01825936686698526,True,0.11471673685704831,0.1458767993186012,-0.01825936686698526,True,20,True,True,False,True,False,False,3,,TARGET_BEFORE_STOP,True,False,True,False,False,6,,TARGET_BEFORE_STOP,2022-08-16,2022-08-18,2022-08-22,2022-08-29,2022-09-13
COP|2022-08-16T00:00:00|Long,COP,2022-08-16,Long,0.012587434120253427,0.025874165901758284,-0.003296721639211686,True,0.05034966026328491,0.055844196328637796,-0.003296721639211686,True,0.08341656944460207,0.10569432559771652,-0.003296721639211686,True,0.1038961207233946,0.1535464833254283,-0.003296721639211686,True,0.17592408470320087,0.18271729464866948,-0.003296721639211686,True,20,True,True,False,True,False,False,2,,TARGET_BEFORE_STOP,True,False,True,False,False,2,,TARGET_BEFORE_STOP,2022-08-17,2022-08-19,2022-08-23,2022-08-30,2022-09-14
COP|2022-08-17T00:00:00|Long,COP,2022-08-17,Long,0.03472766990795506,0.036996842713288514,0.008484615283869124,True,0.038279372830052116,0.04281764317044989,0.008484615283869124,True,0.09037091532711927,0.09273876745536369,0.008484615283869124,True,0.0798144858837384,0.1392067928708216,0.008484615283869124,True,0.14009468096621136,0.16801498299870432,0.008484615283869124,True,20,True,True,False,True,False,False,1,,TARGET_BEFORE_STOP,True,False,True,False,False,4,,TARGET_BEFORE_STOP,2022-08-18,2022-08-22,2022-08-24,2022-08-31,2022-09-15
COP|2022-08-18T00:00:00|Long,COP,2022-08-18,Long,0.0024790440793227564,0.007723161796344247,-0.012871839335189317,True,0.034038899583474835,0.05530132726589865,-0.022311178481789762,True,0.0686499310277402,0.06922199014449215,-0.022311178481789762,True,0.02526698698776464,0.1009725805169206,-0.022311178481789762,True,0.07866132929109271,0.12881390627410783,-0.022311178481789762,True,20,True,True,True,False,True,False,3,2,STOP_BEFORE_TARGET,True,False,True,False,False,3,,TARGET_BEFORE_STOP,2022-08-19,2022-08-23,2022-08-25,2022-09-01,2022-09-16
COP|2022-08-19T00:00:00|Long,COP,2022-08-19,Long,0.0009510982946698832,0.005326208501470475,-0.02472891848216119,True,0.05116984292038773,0.0534525659045737,-0.02472891848216119,True,0.06638770589170084,0.08664638256834989,-0.02472891848216119,True,0.048697001867075596,0.09824997043010941,-0.02472891848216119,True,0.07352105194794833,0.12602244699370369,-0.02472891848216119,True,20,True,True,True,False,True,False,2,1,STOP_BEFORE_TARGET,True,False,True,False,False,2,,TARGET_BEFORE_STOP,2022-08-22,2022-08-24,2022-08-26,2022-09-02,2022-09-19
COP|2022-08-22T00:00:00|Long,COP,2022-08-22,Long,0.030501702296002575,0.0516913963495913,0.014253135979171327,True,0.06499433776252417,0.06556444000322759,0.014253135979171327,True,0.0777271044395551,0.09720641927583529,0.014253135979171327,True,0.03221208151331112,0.09720641927583529,0.004846086531573812,True,0.06489929655734072,0.12495250658310764,-0.004560962916023703,True,20,True,True,False,True,False,False,1,,TARGET_BEFORE_STOP,True,False,True,False,False,1,,TARGET_BEFORE_STOP,2022-08-23,2022-08-25,2022-08-29,2022-09-06,2022-09-20
COP|2022-08-23T00:00:00|Long,COP,2022-08-23,Long,0.019087134652591375,0.0213001867495739,-0.005624717635010046,True,0.03384053390145647,0.05348089640358289,-0.005624717635010046,True,0.01890274881922016,0.06473033167360298,-0.005624717635010046,True,-0.01558317067374626,0.06473033167360298,-0.0340248493854064,True,0.024343010271437704,0.09165516570876542,-0.0340248493854064,True,20,True,True,True,True,False,False,2,7,TARGET_BEFORE_STOP,True,True,True,False,False,3,10,TARGET_BEFORE_STOP,2022-08-24,2022-08-26,2022-08-30,2022-09-07,2022-09-21
COP|2022-08-24T00:00:00|Long,COP,2022-08-24,Long,0.014115139661345255,0.014658005752696157,0.0011763019069965797,True,0.02623960924686508,0.044788316395115046,0.0011763019069965797,True,-0.00968150314263827,0.044788316395115046,-0.031396975178303976,True,-0.019905872376627554,0.044788316395115046,-0.05211721572376016,True,-0.00416213444122937,0.0712088579951633,-0.05211721572376016,True,20,True,True,True,True,False,False,2,5,TARGET_BEFORE_STOP,True,True,False,True,False,14,5,STOP_BEFORE_TARGET,2022-08-25,2022-08-29,2022-08-31,2022-09-08,2022-09-22
COP|2022-08-25T00:00:00|Long,COP,2022-08-25,Long,0.00035689609987366033,0.019361153939096987,-0.005264132384424025,True,-0.01409708962564371,0.030246246736847837,-0.02837259326573882,True,-0.04059602942027363,0.030246246736847837,-0.05647753147431511,True,-0.000981447256910073,0.030246246736847837,-0.0653104887155348,True,-0.10251610729346416,0.05629904938889285,-0.11134906453468385,True,20,True,True,True,True,False,False,2,3,TARGET_BEFORE_STOP,True,True,False,True,False,13,4,STOP_BEFORE_TARGET,2022-08-26,2022-08-30,2022-09-01,2022-09-09,2022-09-23
COP|2022-08-26T00:00:00|Long,COP,2022-08-26,Long,0.011594678830873617,0.029878687050096664,-0.0020514034186518426,True,-0.023813822091805492,0.029878687050096664,-0.0452194039477829,True,-0.01658937357106216,0.029878687050096664,-0.05681415082534169,True,0.020246134386895598,0.029878687050096664,-0.06564395674326662,True,-0.11523372709455015,0.05592219487577155,-0.11594719658884689,True,20,True,True,True,False,True,False,12,2,STOP_BEFORE_TARGET,True,True,False,True,False,12,3,STOP_BEFORE_TARGET,2022-08-29,2022-08-31,2022-09-02,2022-09-12,2022-09-26
COP|2022-08-29T00:00:00|Long,COP,2022-08-29,Long,-0.025745002786861426,-0.016840028774024463,-0.03985184902166572,True,-0.05193087184567713,-0.013754166670590595,-0.06762474248606876,True,-0.04223241926342103,-0.01251982182921696,-0.06762474248606876,True,-0.009610265874515522,0.017545455169200697,-0.07635334308342434,True,-0.12925406691400199,0.04381944366900825,-0.13137014429928429,True,20,True,True,True,False,True,False,11,1,STOP_BEFORE_TARGET,False,True,False,True,False,,1,STOP_BEFORE_TARGET,2022-08-30,2022-09-01,2022-09-06,2022-09-13,2022-09-27
COP|2022-08-30T00:00:00|Long,COP,2022-08-30,Long,-0.00950229006115666,0.012307697831235753,-0.031221691839295795,True,-0.002171926368955024,0.013574660633484115,-0.042986425339366474,True,-0.0338461345137514,0.013574660633484115,-0.051945682025063666,True,0.0652488604929653,0.07140270940858318,-0.051945682025063666,True,-0.0678733031674208,0.07140270940858318,-0.10895928430341484,True,20,True,True,True,False,True,False,8,1,STOP_BEFORE_TARGET,True,True,False,True,False,10,1,STOP_BEFORE_TARGET,2022-08-31,2022-09-02,2022-09-07,2022-09-14,2022-09-28
COP|2022-08-31T00:00:00|Long,COP,2022-08-31,Long,-0.01754224049776132,-0.004659611887217419,-0.033805363649227704,True,-0.0074920029025856705,0.023298338262756513,-0.033805363649227704,True,-0.010324324211286484,0.023298338262756513,-0.042850570514219144,True,0.05582458456568906,0.08168115752103566,-0.042850570514219144,True,-0.0529008081093949,0.08168115752103566,-0.10041112992416612,True,20,True,True,True,False,True,False,7,1,STOP_BEFORE_TARGET,True,True,False,True,False,7,1,STOP_BEFORE_TARGET,2022-09-01,2022-09-06,2022-09-08,2022-09-15,2022-09-29
COP|2022-09-01T00:00:00|Long,COP,2022-09-01,Long,0.025388295247141812,0.041569806300079115,0.013670615059898417,True,-0.007160761199735632,0.041569806300079115,-0.025760222026522728,True,0.041290825739887405,0.0454756760453896,-0.025760222026522728,True,0.05207847612474148,0.10099507796555907,-0.025760222026522728,True,-0.04826562354993258,0.10099507796555907,-0.0843485520114271,True,20,True,True,True,True,False,False,1,3,TARGET_BEFORE_STOP,True,True,True,False,False,6,15,TARGET_BEFORE_STOP,2022-09-02,2022-09-07,2022-09-09,2022-09-16,2022-09-30
COP|2022-09-02T00:00:00|Long,COP,2022-09-02,Long,-0.014783283613567955,0.012878633606326684,-0.019771451686372288,True,-0.01759479778541362,0.012878633606326684,-0.04988209589552284,True,0.03745689437149835,0.04670779454108742,-0.04988209589552284,True,0.023671327405987208,0.073734782295515,-0.04988209589552284,True,-0.0026301551778408205,0.073734782295515,-0.10701979705368092,True,20,True,True,True,False,True,False,5,2,STOP_BEFORE_TARGET,True,True,False,True,False,7,2,STOP_BEFORE_TARGET,2022-09-06,2022-09-08,2022-09-12,2022-09-19,2022-10-03
COP|2022-09-06T00:00:00|Long,COP,2022-09-06,Long,-0.017214352982308112,-0.01031018268899253,-0.035625473764482996,True,0.03074660822731512,0.03488908231016352,-0.035625473764482996,True,0.03406061558673468,0.062413758447168455,-0.035625473764482996,True,0.031667150219853335,0.08984628908221182,-0.035625473764482996,True,0.0643469177013547,0.08984628908221182,-0.0936205323214746,True,20,True,True,True,False,True,False,3,1,STOP_BEFORE_TARGET,True,True,False,True,False,4,1,STOP_BEFORE_TARGET,2022-09-07,2022-09-09,2022-09-13,2022-09-20,2022-10-04
COP|2022-09-07T00:00:00|Long,COP,2022-09-07,Long,0.014612191151917697,0.02276133623597154,-0.0014987229197054308,True,0.07146868771772552,0.08102286767324274,-0.0014987229197054308,True,0.10256647367119287,0.10893590315385704,-0.0014987229197054308,True,0.04055820639770036,0.10893590315385704,-0.0014987229197054308,True,0.08589357423620125,0.10893590315385704,-0.07774450061518956,True,20,True,True,True,True,False,False,2,12,TARGET_BEFORE_STOP,True,True,True,False,False,2,12,TARGET_BEFORE_STOP,2022-09-08,2022-09-12,2022-09-14,2022-09-21,2022-10-05
COP|2022-09-08T00:00:00|Long,COP,2022-09-08,Long,0.033696469130006124,0.037850798427550236,0.014309481685050862,True,0.03701996074158109,0.06545424655890142,0.014309481685050862,True,0.06683897603551658,0.0929652854800127,0.014309481685050862,True,0.01606349583338007,0.0929652854800127,0.01033975950643895,True,0.08613369513793034,0.0929652854800127,-0.0910265937789021,True,20,True,True,True,True,False,False,1,11,TARGET_BEFORE_STOP,True,True,True,False,False,2,11,TARGET_BEFORE_STOP,2022-09-09,2022-09-13,2022-09-15,2022-09-22,2022-10-06
COP|2022-09-09T00:00:00|Long,COP,2022-09-09,Long,0.021612915446658665,0.03072253642853573,0.007591305393001457,True,0.051263711719136795,0.0573367696611069,-0.0013396581606106572,True,0.01035988229051088,0.0573367696611069,-0.0068768800934742025,True,-0.10163440884832597,0.0573367696611069,-0.1104760436878055,True,0.05840850981716428,0.08386174231738996,-0.12065733668789569,True,20,True,True,True,True,False,False,1,6,TARGET_BEFORE_STOP,True,True,True,False,False,3,10,TARGET_BEFORE_STOP,2022-09-12,2022-09-14,2022-09-16,2022-09-23,2022-10-07
COP|2022-09-12T00:00:00|Long,COP,2022-09-12,Long,-0.018008545935705,0.0,-0.022466996315560706,True,0.010228150845249306,0.03496809180297955,-0.022466996315560706,True,-0.013287845538741738,0.03496809180297955,-0.04327298692765036,True,-0.13279134996464426,0.03496809180297955,-0.1334906611114839,True,0.021068307325539326,0.060931910638106546,-0.13926042827321972,True,20,True,True,True,False,True,False,2,1,STOP_BEFORE_TARGET,True,True,False,True,False,19,5,STOP_BEFORE_TARGET,2022-09-13,2022-09-15,2022-09-19,2022-09-26,2022-10-10
COP|2022-09-13T00:00:00|Long,COP,2022-09-13,Long,0.04789457104709682,0.05394816575991901,0.01005962107182623,True,0.00712183218483764,0.05394816575991901,-0.010059688991299387,True,-0.0023146277218218936,0.05394816575991901,-0.02572776054962611,True,-0.12080476696896714,0.05394816575991901,-0.12294137775194425,True,0.028932608804618676,0.0803881299038709,-0.12347549648795197,True,20,True,True,True,True,False,False,1,4,TARGET_BEFORE_STOP,True,True,True,False,False,1,8,TARGET_BEFORE_STOP,2022-09-14,2022-09-16,2022-09-20,2022-09-27,2022-10-11
COP|2022-09-14T00:00:00|Long,COP,2022-09-14,Long,-0.018265241208064165,-0.004162754800617119,-0.02616601694852083,True,-0.04111797107752313,-0.004162754800617119,-0.07025738431219919,True,-0.05623993541815675,-0.004162754800617119,-0.07025738431219919,True,-0.12496813523816497,-0.004162754800617119,-0.16353750870548855,True,-0.011978557842847182,0.031008423704595778,-0.16353750870548855,True,20,True,True,True,False,True,False,17,1,STOP_BEFORE_TARGET,False,True,False,True,False,,2,STOP_BEFORE_TARGET,2022-09-15,2022-09-19,2022-09-21,2022-09-28,2022-10-12
COP|2022-09-15T00:00:00|Long,COP,2022-09-15,Long,-0.021028040468274223,0.0006922969257949774,-0.03772932418193298,True,-0.030200743661317198,0.0006922969257949774,-0.05295946042301014,True,-0.04759432430077082,0.0006922969257949774,-0.05295946042301014,True,-0.10297675794299477,0.0006922969257949774,-0.14797506780363745,True,0.06213222963712184,0.06793013386431879,-0.14797506780363745,True,20,True,True,True,False,True,False,16,1,STOP_BEFORE_TARGET,True,True,False,True,False,16,1,STOP_BEFORE_TARGET,2022-09-16,2022-09-20,2022-09-22,2022-09-29,2022-10-13
COP|2022-09-16T00:00:00|Long,COP,2022-09-16,Long,-0.0022981924613110216,0.0030938399364723868,-0.03261729781311595,True,-0.018032360691723648,0.015557342693891973,-0.03261729781311595,True,-0.11084594024551231,0.015557342693891973,-0.11959691600618416,True,-0.09537701031988088,0.015557342693891973,-0.1296738135340323,True,0.04269426278014654,0.09086897072633682,-0.1296738135340323,True,20,True,True,True,False,True,False,13,1,STOP_BEFORE_TARGET,True,True,False,True,False,15,1,STOP_BEFORE_TARGET,2022-09-19,2022-09-21,2022-09-23,2022-09-30,2022-10-14
COP|2022-09-19T00:00:00|Long,COP,2022-09-19,Long,-0.007087826989372825,-0.0002658492775868826,-0.020554617155748023,True,-0.024895943294139578,0.01789666513610122,-0.026047686452238317,True,-0.12111283304415266,0.01789666513610122,-0.12182156166746783,True,-0.025693288343316967,0.01789666513610122,-0.12766902907287958,True,0.04864000824112491,0.09338177247316959,-0.12766902907287958,True,20,True,True,True,False,True,False,12,1,STOP_BEFORE_TARGET,True,True,False,True,False,14,4,STOP_BEFORE_TARGET,2022-09-20,2022-09-22,2022-09-26,2022-10-03,2022-10-17
COP|2022-09-20T00:00:00|Long,COP,2022-09-20,Long,-0.008744564643546227,0.025162841996103413,-0.009012243588656932,True,-0.10243600774689554,0.025162841996103413,-0.11126975332078126,True,-0.11876503609206712,0.025162841996103413,-0.12090660380704543,True,0.031676657994331725,0.03372890862487843,-0.12144196169726695,True,0.0519318257399175,0.10118679395168129,-0.12144196169726695,True,20,True,True,True,False,True,False,10,3,STOP_BEFORE_TARGET,True,True,False,True,False,12,3,STOP_BEFORE_TARGET,2022-09-21,2022-09-23,2022-09-27,2022-10-04,2022-10-18
COP|2022-09-21T00:00:00|Long,COP,2022-09-21,Long,-0.009271750951940216,0.024844740545635347,-0.010441948608825302,True,-0.10703033379786864,0.024844740545635347,-0.10775041845262767,True,-0.07282380596434757,0.024844740545635347,-0.11369158042820215,True,0.0435683151214068,0.055540606730899444,-0.11369158042820215,True,0.09019717888894485,0.11090114078990787,-0.11369158042820215,True,20,True,True,True,False,True,False,9,2,STOP_BEFORE_TARGET,True,True,False,True,False,10,2,STOP_BEFORE_TARGET,2022-09-22,2022-09-26,2022-09-28,2022-10-05,2022-10-19
COP|2022-09-22T00:00:00|Long,COP,2022-09-22,Long,-0.08604398901300614,-0.04352172471180771,-0.09503906338816659,True,-0.10267123090155794,-0.04352172471180771,-0.10485190960851765,True,-0.05815004577914107,-0.04352172471180771,-0.10539704462509625,True,0.06896242173042388,0.07541344026778707,-0.10539704462509625,True,0.10675995148686557,0.13492646222901983,-0.10539704462509625,True,20,True,True,True,False,True,False,8,1,STOP_BEFORE_TARGET,True,True,False,True,False,8,1,STOP_BEFORE_TARGET,2022-09-23,2022-09-27,2022-09-29,2022-10-06,2022-10-20
COP|2022-09-23T00:00:00|Long,COP,2022-09-23,Long,-0.013818465456339246,0.021175116416722206,-0.014613715526648918,True,0.023958681278941185,0.0283328979746873,-0.0211750405702682,True,0.017397356235321793,0.034794712470643585,-0.0211750405702682,True,0.1781489854930005,0.2064818076212338,-0.0211750405702682,True,0.23759819461168585,0.24177361775146822,-0.0211750405702682,True,20,True,True,True,False,True,False,4,2,STOP_BEFORE_TARGET,True,False,True,False,False,6,,TARGET_BEFORE_STOP,2022-09-26,2022-09-28,2022-09-30,2022-10-07,2022-10-21
COP|2022-09-26T00:00:00|Long,COP,2022-09-26,Long,-0.0044354317091490625,0.03407263091526125,-0.006854841996926431,True,0.044959746482595264,0.0492943502024481,-0.007459656114260027,True,0.10856859479622982,0.11733870713445316,-0.007459656114260027,True,0.1774194218241607,0.22338714056283093,-0.007459656114260027,True,0.2614919681392782,0.27419360296783446,-0.007459656114260027,True,20,True,True,False,True,False,False,1,,TARGET_BEFORE_STOP,True,False,True,False,False,5,,TARGET_BEFORE_STOP,2022-09-27,2022-09-29,2022-10-03,2022-10-10,2022-10-24
COP|2022-09-27T00:00:00|Long,COP,2022-09-27,Long,0.04293233872069835,0.0473876083834035,-0.003037697906729364,True,0.0362494342266404,0.0539691584282056,-0.003037697906729364,True,0.1707168919163724,0.17304572669324703,-0.003037697906729364,True,0.17031186037868395,0.22883756566698366,-0.003037697906729364,True,0.2549615204588822,0.27987038063771563,-0.003037697906729364,True,20,True,True,False,True,False,False,1,,TARGET_BEFORE_STOP,True,False,True,False,False,2,,TARGET_BEFORE_STOP,2022-09-28,2022-09-30,2022-10-04,2022-10-11,2022-10-25
COP|2022-09-28T00:00:00|Long,COP,2022-09-28,Long,0.006407802544751151,0.010582488717384653,-0.03019418068302493,True,0.067669914764108,0.076116469299909,-0.03019418068302493,True,0.1255339835453959,0.13844662268184926,-0.03019418068302493,True,0.12912624322094968,0.17825243311020933,-0.03019418068302493,True,0.2288349484934391,0.24446594830855584,-0.03019418068302493,True,20,True,True,True,False,True,False,3,1,STOP_BEFORE_TARGET,True,True,False,True,False,3,1,STOP_BEFORE_TARGET,2022-09-29,2022-10-03,2022-10-05,2022-10-12,2022-10-26
COP|2022-09-29T00:00:00|Long,COP,2022-09-29,Long,-0.012734008080121706,0.0026046366344583127,-0.025660848621807286,True,0.11537718176682232,0.11759593267762436,-0.025660848621807286,True,0.1349604222412666,0.14180972823576554,-0.025660848621807286,True,0.18406322137372677,0.19052671524474563,-0.025660848621807286,True,0.22168623302816748,0.2487940611134647,-0.025660848621807286,True,20,True,True,True,False,True,False,2,1,STOP_BEFORE_TARGET,True,False,True,False,False,2,,TARGET_BEFORE_STOP,2022-09-30,2022-10-04,2022-10-06,2022-10-13,2022-10-27
COP|2022-09-30T00:00:00|Long,COP,2022-09-30,Long,0.07455545393631735,0.08305648137738841,0.04094198349951417,True,0.1327926954620533,0.14578860985180464,0.04094198349951417,True,0.1580027982896557,0.18585113301805856,0.04094198349951417,True,0.1526285255572053,0.20588243187593047,0.04094198349951417,True,0.24262265702135433,0.2649013248040766,0.04094198349951417,True,20,True,True,False,True,False,False,1,,TARGET_BEFORE_STOP,True,False,True,False,False,1,,TARGET_BEFORE_STOP,2022-10-03,2022-10-05,2022-10-07,2022-10-14,2022-10-28
COP|2022-10-03T00:00:00|Long,COP,2022-10-03,Long,0.05137766175467884,0.05346910237472091,0.015913430759065372,True,0.06983723033486644,0.07629352820329816,0.015913430759065372,True,0.06210786355587361,0.10357369521883886,0.015913430759065372,True,0.07629352820329816,0.12221517043027919,0.015913430759065372,True,0.14658538636219198,0.18204968673485777,0.015913430759065372,True,20,True,True,False,True,False,False,1,,TARGET_BEFORE_STOP,True,False,True,False,False,1,,TARGET_BEFORE_STOP,2022-10-04,2022-10-06,2022-10-10,2022-10-17,2022-10-31
COP|2022-10-04T00:00:00|Long,COP,2022-10-04,Long,0.0026811758452662815,0.014184391547222397,-0.01608718704520662,True,0.02499566961594679,0.04964537041527817,-0.01608718704520662,True,-0.0003459688166157493,0.04964537041527817,-0.020844175790167285,True,0.019633251938609764,0.06737589284270817,-0.020844175790167285,True,0.10517207873941459,0.12428647643330759,-0.020844175790167285,True,20,True,True,True,True,False,False,3,5,TARGET_BEFORE_STOP,True,False,True,False,False,7,,TARGET_BEFORE_STOP,2022-10-05,2022-10-07,2022-10-11,2022-10-18,2022-11-01
COP|2022-10-05T00:00:00|Long,COP,2022-10-05,Long,0.014836549781552355,0.02096092727317367,-0.010782368642365925,True,0.007504552266814679,0.046838612014851844,-0.010782368642365925,True,0.0031916048098683536,0.046838612014851844,-0.023462444695445117,True,0.04468213828637868,0.06452172291247416,-0.023462444695445117,True,0.09126198398347052,0.12128012724037363,-0.023462444695445117,True,20,True,True,True,True,False,False,2,4,TARGET_BEFORE_STOP,True,False,True,False,False,6,,TARGET_BEFORE_STOP,2022-10-06,2022-10-10,2022-10-12,2022-10-19,2022-11-02
COP|2022-10-06T00:00:00|Long,COP,2022-10-06,Long,0.007309822347621342,0.03153420345393343,-0.00280494540394971,True,-0.01759455731387216,0.03153420345393343,-0.03773907678555877,True,0.04326388671377113,0.048958793553125934,-0.03773907678555877,True,0.03535908184242387,0.0617084746457357,-0.03773907678555877,True,0.1374416114629884,0.15699101871448629,-0.03773907678555877,True,20,True,True,True,True,False,False,1,3,TARGET_BEFORE_STOP,True,True,False,True,False,10,3,STOP_BEFORE_TARGET,2022-10-07,2022-10-11,2022-10-13,2022-10-20,2022-11-03
COP|2022-10-07T00:00:00|Long,COP,2022-10-07,Long,-0.014429154110612297,0.01628554780513114,-0.025820649167407117,True,-0.01864820727901262,0.01628554780513114,-0.04472198933610105,True,-0.00464098423629733,0.0413467339258522,-0.04472198933610105,True,0.05045983984258884,0.054003893431053385,-0.04472198933610105,True,0.11653029228801559,0.16859339293544218,-0.04472198933610105,True,20,True,True,True,False,True,False,4,1,STOP_BEFORE_TARGET,True,True,False,True,False,9,2,STOP_BEFORE_TARGET,2022-10-10,2022-10-12,2022-10-14,2022-10-21,2022-11-04
COP|2022-10-10T00:00:00|Long,COP,2022-10-10,Long,-0.010445215657764129,0.011215732229161501,-0.03073633453326463,True,0.05085611863708195,0.056592469500385656,-0.03073633453326463,True,0.01335614313214073,0.056592469500385656,-0.03073633453326463,True,0.0714040763697148,0.08219176561037433,-0.03073633453326463,True,0.15530820989456684,0.18570207084493573,-0.03073633453326463,True,20,True,True,True,False,True,False,3,1,STOP_BEFORE_TARGET,True,True,False,True,False,3,1,STOP_BEFORE_TARGET,2022-10-11,2022-10-13,2022-10-17,2022-10-24,2022-11-07
COP|2022-10-11T00:00:00|Long,COP,2022-10-11,Long,0.006229461925044477,0.015227500250506676,-0.013756739419413466,True,0.020591773799215396,0.06774529942039575,-0.013756739419413466,True,0.01998613533481608,0.06774529942039575,-0.013756739419413466,True,0.07233085722365296,0.09361480812779366,-0.013756739419413466,True,0.16317702294138692,0.1982177132649412,-0.013756739419413466,True,20,True,True,False,True,False,False,2,,TARGET_BEFORE_STOP,True,False,True,False,False,2,,TARGET_BEFORE_STOP,2022-10-12,2022-10-14,2022-10-18,2022-10-25,2022-11-08
COP|2022-10-12T00:00:00|Long,COP,2022-10-12,Long,0.055373986612413884,0.06113499934464617,-0.016079128955394872,True,0.01771279023678929,0.06113499934464617,-0.016079128955394872,True,0.04135853338243778,0.06113499934464617,-0.016079128955394872,True,0.08830607371949828,0.10214952117186438,-0.016079128955394872,True,0.07704212252243137,0.19079967204756554,-0.016079128955394872,True,20,True,True,False,True,False,False,1,,TARGET_BEFORE_STOP,True,False,True,False,False,1,,TARGET_BEFORE_STOP,2022-10-13,2022-10-17,2022-10-19,2022-10-26,2022-11-09
COP|2022-10-13T00:00:00|Long,COP,2022-10-13,Long,-0.03894410023212036,0.001955397566736572,-0.04643960442763473,True,-0.03951440898267056,0.001955397566736572,-0.05735702328544212,True,-0.007576994633876399,0.017679695585039568,-0.05735702328544212,True,0.03177449563106194,0.054668398250423245,-0.05735702328544212,True,0.05474995084777712,0.1283200904637105,-0.05735702328544212,True,20,True,True,True,False,True,False,9,1,STOP_BEFORE_TARGET,True,True,False,True,False,10,1,STOP_BEFORE_TARGET,2022-10-14,2022-10-18,2022-10-20,2022-10-27,2022-11-10
COP|2022-10-14T00:00:00|Long,COP,2022-10-14,Long,0.003390992955098815,0.02950155462820514,0.0005086263060309903,True,0.0267039805894127,0.030857913003558002,-0.019159055220168808,True,0.05535773847048486,0.05891831664613467,-0.019159055220168808,True,0.07807730718849237,0.09740588295140107,-0.019159055220168808,True,0.13563926545927418,0.1740421038320763,-0.019159055220168808,True,20,True,True,False,True,False,False,3,,TARGET_BEFORE_STOP,True,False,True,False,False,4,,TARGET_BEFORE_STOP,2022-10-17,2022-10-19,2022-10-21,2022-10-28,2022-11-11
COP|2022-10-17T00:00:00|Long,COP,2022-10-17,Long,-0.0039709464200696765,0.014193986959382121,-0.022473839543700858,True,0.029148334998744918,0.0553396672691886,-0.022473839543700858,True,0.057282855224182194,0.06792836155852622,-0.022473839543700858,True,0.06530918965594368,0.09825958789151401,-0.022473839543700858,True,0.12394388385684318,0.1700743898192576,-0.022473839543700858,True,20,True,True,True,False,True,False,3,1,STOP_BEFORE_TARGET,True,False,True,False,False,3,,TARGET_BEFORE_STOP,2022-10-18,2022-10-20,2022-10-24,2022-10-31,2022-11-14
COP|2022-10-18T00:00:00|Long,COP,2022-10-18,Long,0.027313607917329952,0.03147000681720602,0.0016964708565410103,True,0.05598437957664992,0.05954707192133002,0.0016964708565410103,True,0.05131905236305445,0.07218595453634125,0.0016964708565410103,True,0.08389175876539068,0.10263810472610868,0.0016964708565410103,True,0.13741621029870554,0.17473921630475853,0.0016964708565410103,True,20,True,True,False,True,False,False,1,,TARGET_BEFORE_STOP,True,False,True,False,False,2,,TARGET_BEFORE_STOP,2022-10-19,2022-10-21,2022-10-25,2022-11-01,2022-11-15
COP|2022-10-19T00:00:00|Long,COP,2022-10-19,Long,0.005779844312727711,0.031376459686294655,0.005532145698693425,True,0.033275524390943056,0.043679307149431246,0.0037981924048751114,True,0.045082974626011074,0.05837661654528459,0.0037981924048751114,True,0.0445875773979425,0.07332181354190759,0.0037981924048751114,True,0.0671290962087372,0.1435059433178385,0.0037981924048751114,True,20,True,True,False,True,False,False,1,,TARGET_BEFORE_STOP,True,False,True,False,False,5,,TARGET_BEFORE_STOP,2022-10-20,2022-10-24,2022-10-26,2022-11-02,2022-11-16
COP|2022-10-20T00:00:00|Long,COP,2022-10-20,Long,0.02200148065750218,0.024218082561061394,-0.0019702640881680278,True,0.017486289512385067,0.03768166865841405,-0.0019702640881680278,True,0.039651932746582075,0.06272062673651568,-0.0019702640881680278,True,0.09859625651702264,0.11747802188166268,-0.0019702640881680278,True,0.07700521361804058,0.13693463811578188,-0.0019702640881680278,True,20,True,True,False,True,False,False,2,,TARGET_BEFORE_STOP,True,False,True,False,False,4,,TARGET_BEFORE_STOP,2022-10-21,2022-10-25,2022-10-27,2022-11-03,2022-11-17
COP|2022-10-21T00:00:00|Long,COP,2022-10-21,Long,0.005221315262533777,0.015342627479193238,-0.002329511772059756,True,0.01670818432602794,0.02964089384955826,-0.01293277080873112,True,0.021527836381751264,0.03984255096461986,-0.01293277080873112,True,0.06289669527521125,0.11245889524967989,-0.01293277080873112,True,0.032934360546842845,0.11245889524967989,-0.01293277080873112,True,20,True,True,False,True,False,False,4,,TARGET_BEFORE_STOP,True,False,True,False,False,9,,TARGET_BEFORE_STOP,2022-10-24,2022-10-26,2022-10-28,2022-11-04,2022-11-18
COP|2022-10-24T00:00:00|Long,COP,2022-10-24,Long,-0.009589235688788444,0.002796855328657255,-0.01805979021298776,True,0.011986575094422358,0.034441406261907614,-0.01805979021298776,True,0.007591473173051533,0.0387566415787981,-0.01805979021298776,True,0.07831231500364266,0.10668056711385865,-0.01805979021298776,True,0.002796855328657255,0.10668056711385865,-0.026610211341667522,True,20,True,True,True,True,False,False,3,20,TARGET_BEFORE_STOP,True,False,True,False,False,8,,TARGET_BEFORE_STOP,2022-10-25,2022-10-27,2022-10-31,2022-11-07,2022-11-21
COP|2022-10-25T00:00:00|Long,COP,2022-10-25,Long,0.021219922556168447,0.03421002219504943,0.005163783903836983,True,0.026060962271370558,0.044456950123434424,0.0005647869408209605,True,0.03098270342302123,0.04881396589142395,0.0005647869408209605,True,0.08471841046609607,0.11739553626873978,0.0005647869408209605,True,0.048733202897815575,0.11739553626873978,-0.0171857740911332,True,20,True,True,False,True,False,False,1,,TARGET_BEFORE_STOP,True,False,True,False,False,7,,TARGET_BEFORE_STOP,2022-10-26,2022-10-28,2022-11-01,2022-11-08,2022-11-22
COP|2022-10-26T00:00:00|Long,COP,2022-10-26,Long,0.0005530512364146922,0.022754185512854574,-0.0026072673765533683,True,-0.003792394391174403,0.02702066687671567,-0.020225942678092856,True,-0.00047402669462282,0.02702066687671567,-0.020225942678092856,True,-0.010349984686357838,0.09417718122051388,-0.020225942678092856,True,0.0013431158201406834,0.09417718122051388,-0.03760766491038492,True,20,True,True,True,False,True,False,6,2,STOP_BEFORE_TARGET,True,True,True,False,False,6,18,TARGET_BEFORE_STOP,2022-10-27,2022-10-31,2022-11-02,2022-11-09,2022-11-23
COP|2022-10-27T00:00:00|Long,COP,2022-10-27,Long,0.004185081979242389,0.01855658650380354,-0.020767508418299552,True,0.009001890359623843,0.026452985783806504,-0.020767508418299552,True,0.056696209484956794,0.0748578314373709,-0.020767508418299552,True,0.022267903804564115,0.09357237966383192,-0.020767508418299552,True,0.0013423734188615644,0.09357237966383192,-0.038139622981153365,True,20,True,True,True,False,True,False,5,1,STOP_BEFORE_TARGET,True,True,True,False,False,5,17,TARGET_BEFORE_STOP,2022-10-28,2022-11-01,2022-11-03,2022-11-10,2022-11-25
COP|2022-10-28T00:00:00|Long,COP,2022-10-28,Long,-0.00849258352288329,0.022175099196528825,-0.012581571889271337,True,-0.005189872157095099,0.022175099196528825,-0.012581571889271337,True,0.040497045131915765,0.08901476360155414,-0.012581571889271337,True,0.05339316381762749,0.08901476360155414,-0.017928747441420034,True,-0.026185435865390017,0.08901476360155414,-0.04663049768466443,True,20,True,True,True,True,False,False,4,16,TARGET_BEFORE_STOP,True,True,True,False,False,4,16,TARGET_BEFORE_STOP,2022-10-31,2022-11-02,2022-11-04,2022-11-11,2022-11-28
COP|2022-10-31T00:00:00|Long,COP,2022-10-31,Long,0.01340314450384672,0.025616710921875896,0.006344698826178163,True,0.06130550567717963,0.07954634840672781,-0.0023792166791675173,True,0.07018801142479014,0.09834252926809839,-0.0023792166791675173,True,0.05504007171836789,0.09834252926809839,-0.009516987731734816,True,-0.014592722589664264,0.09834252926809839,-0.0384645778014322,True,20,True,True,True,True,False,False,3,15,TARGET_BEFORE_STOP,True,True,True,False,False,3,15,TARGET_BEFORE_STOP,2022-11-01,2022-11-03,2022-11-07,2022-11-14,2022-11-29
COP|2022-11-01T00:00:00|Long,COP,2022-11-01,Long,-0.009938931407097229,0.015808454310207942,-0.015573625628269694,True,0.03552988408431146,0.08381598697903914,-0.015573625628269694,True,0.05212086183857778,0.08381598697903914,-0.015573625628269694,True,0.04938173124803713,0.08381598697903914,-0.02261699340473522,True,-0.033416784190471005,0.08381598697903914,-0.05118172623262662,True,20,True,True,True,True,False,False,2,6,TARGET_BEFORE_STOP,True,True,True,False,False,2,14,TARGET_BEFORE_STOP,2022-11-02,2022-11-04,2022-11-08,2022-11-15,2022-11-30
COP|2022-11-02T00:00:00|Long,COP,2022-11-02,Long,0.05778203355112277,0.07596231775103957,0.014069963796108365,True,0.0666350498998336,0.09469609639270349,0.014069963796108365,True,-0.009880641679651192,0.09469609639270349,-0.012805333327222224,True,0.021579347963284645,0.09469609639270349,-0.012805333327222224,True,-0.02727060721982777,0.09469609639270349,-0.0416568190931339,True,20,True,True,True,True,False,False,1,13,TARGET_BEFORE_STOP,True,True,True,False,False,1,13,TARGET_BEFORE_STOP,2022-11-03,2022-11-07,2022-11-09,2022-11-16,2022-12-01
COP|2022-11-03T00:00:00|Long,COP,2022-11-03,Long,-0.011209086219565068,0.03489760808061271,-0.03116136003214587,True,0.004633052482842626,0.03489760808061271,-0.03116136003214587,True,-0.032581081839191395,0.03489760808061271,-0.06673148591999933,True,-0.01965330099288165,0.03489760808061271,-0.06673148591999933,True,-0.08698256151519701,0.03489760808061271,-0.09400694045674651,True,20,True,True,True,,,False,1,1,AMBIGUOUS,False,True,False,True,False,,1,STOP_BEFORE_TARGET,2022-11-04,2022-11-08,2022-11-10,2022-11-17,2022-12-02
COP|2022-11-04T00:00:00|Long,COP,2022-11-04,Long,0.01980044567839112,0.030985418816373844,0.0021916057291491153,True,-0.05335553806832416,0.030985418816373844,-0.05615181018215065,True,0.012394190590014231,0.030985418816373844,-0.05615181018215065,True,-0.02818931967853222,0.030985418816373844,-0.05615181018215065,True,-0.09786883207998776,0.030985418816373844,-0.1028567675816251,True,20,True,True,True,True,False,False,1,3,TARGET_BEFORE_STOP,False,True,False,True,False,,3,STOP_BEFORE_TARGET,2022-11-07,2022-11-09,2022-11-11,2022-11-18,2022-12-05
COP|2022-11-07T00:00:00|Long,COP,2022-11-07,Long,-0.003705350459120571,0.002519611173404712,-0.02008304924289539,True,-0.04061060937003158,0.002519611173404712,-0.07447756684398854,True,-0.014154465892638024,0.0054838463093722645,-0.07447756684398854,True,-0.07003115760087608,0.0054838463093722645,-0.09730253924157017,True,-0.14324886231900114,0.0054838463093722645,-0.15117831003995286,True,20,True,False,True,False,True,False,,1,STOP_BEFORE_TARGET,False,True,False,True,False,,2,STOP_BEFORE_TARGET,2022-11-08,2022-11-10,2022-11-14,2022-11-21,2022-12-06
COP|2022-11-08T00:00:00|Long,COP,2022-11-08,Long,-0.06828325006299185,-0.013909514156714708,-0.07103542753891312,True,-0.0035703341179889048,0.0030497147773265176,-0.07103542753891312,True,-0.002603437199937386,0.00922337259637751,-0.07103542753891312,True,-0.033174699738725555,0.00922337259637751,-0.09394528900218602,True,-0.14549244891983115,0.00922337259637751,-0.15136868293635208,True,20,True,False,True,False,True,False,,1,STOP_BEFORE_TARGET,False,True,False,True,False,,1,STOP_BEFORE_TARGET,2022-11-09,2022-11-11,2022-11-15,2022-11-22,2022-12-07
COP|2022-11-09T00:00:00|Long,COP,2022-11-09,Long,0.033530293038546155,0.03600512581283111,0.002474832774284952,True,0.06203094771318862,0.08318689415491298,0.002474832774284952,True,0.031773936524486235,0.08318689415491298,0.002474832774284952,True,0.011815389608004656,0.08318689415491298,-0.027542747236141363,True,-0.1010698023806561,0.08318689415491298,-0.10681785609631922,True,20,True,True,True,True,False,False,1,8,TARGET_BEFORE_STOP,True,True,True,False,False,2,12,TARGET_BEFORE_STOP,2022-11-10,2022-11-14,2022-11-16,2022-11-23,2022-12-08
COP|2022-11-10T00:00:00|Long,COP,2022-11-10,Long,0.03475976955528748,0.04163447481940441,0.008496761839027034,True,0.03576386052765046,0.04804561748294578,0.008496761839027034,True,0.013363167293531042,0.04804561748294578,-0.018770336849596503,True,-0.020469712790379346,0.04804561748294578,-0.059091678962921,True,-0.15016228226966755,0.04804561748294578,-0.15240230444712466,True,20,True,True,True,True,False,False,1,6,TARGET_BEFORE_STOP,False,True,False,True,False,,7,STOP_BEFORE_TARGET,2022-11-11,2022-11-15,2022-11-17,2022-11-25,2022-12-09
COP|2022-11-11T00:00:00|Long,COP,2022-11-11,Long,-0.0069424297399205415,0.012839548191333483,-0.012541115634300715,True,-0.035234405674410274,0.012839548191333483,-0.03635421119661997,True,-0.04008666845954012,0.012839548191333483,-0.055688312481212754,True,-0.07554501245728118,0.012839548191333483,-0.0949537788339101,True,-0.1655718634140252,0.012839548191333483,-0.1808749040203308,True,20,True,False,True,False,True,False,,3,STOP_BEFORE_TARGET,False,True,False,True,False,,3,STOP_BEFORE_TARGET,2022-11-14,2022-11-16,2022-11-18,2022-11-28,2022-12-12
COP|2022-11-14T00:00:00|Long,COP,2022-11-14,Long,0.00796810921085811,0.013605935316865159,-0.008419116947040117,True,-0.013831439184956107,0.013605935316865159,-0.04510260884805606,True,-0.056678952001169014,0.013605935316865159,-0.08434188772201401,True,-0.06600014177150604,0.013605935316865159,-0.08862663326854203,True,-0.14748549422854618,0.013605935316865159,-0.17514842994939128,True,20,True,False,True,False,True,False,,2,STOP_BEFORE_TARGET,False,True,False,True,False,,3,STOP_BEFORE_TARGET,2022-11-15,2022-11-17,2022-11-21,2022-11-29,2022-12-13
COP|2022-11-15T00:00:00|Long,COP,2022-11-15,Long,-0.03616966945472333,-0.00440000264004714,-0.037288389414230405,True,-0.04101722835565347,-0.00440000264004714,-0.056603747819969685,True,-0.030651060650302764,-0.00440000264004714,-0.09158027529773927,True,-0.07890218875836086,-0.00440000264004714,-0.09583114941505888,True,-0.15825187688003783,-0.00440000264004714,-0.1816689808803692,True,20,True,False,True,False,True,False,,1,STOP_BEFORE_TARGET,False,True,False,True,False,,1,STOP_BEFORE_TARGET,2022-11-16,2022-11-18,2022-11-22,2022-11-30,2022-12-14
COP|2022-11-16T00:00:00|Long,COP,2022-11-16,Long,0.015088183730735949,0.01648088466025399,-0.017100020271850647,True,-0.029015842386302615,0.01648088466025399,-0.05749000014522054,True,-0.01934391460178919,0.01648088466025399,-0.05749000014522054,True,-0.04781807236070723,0.01648088466025399,-0.06190039685364823,True,-0.12913959866930713,0.01648088466025399,-0.15095946538985883,True,20,True,False,True,False,True,False,,2,STOP_BEFORE_TARGET,False,True,False,True,False,,3,STOP_BEFORE_TARGET,2022-11-17,2022-11-21,2022-11-23,2022-12-01,2022-12-15
COP|2022-11-17T00:00:00|Long,COP,2022-11-17,Long,-0.019818629888942008,-0.015168880677876806,-0.03574969398678807,True,-0.009223314973315966,-0.00487841586811677,-0.07149938797357613,True,-0.03338672765684836,-0.00487841586811677,-0.07149938797357613,True,-0.0686790301742286,-0.00487841586811677,-0.07584422892347087,True,-0.15816754031442015,-0.00487841586811677,-0.16906776349121644,True,20,True,False,True,False,True,False,,1,STOP_BEFORE_TARGET,False,True,False,True,False,,1,STOP_BEFORE_TARGET,2022-11-18,2022-11-22,2022-11-25,2022-12-02,2022-12-16
COP|2022-11-18T00:00:00|Long,COP,2022-11-18,Long,-0.024107617718374885,-0.011509415737520845,-0.05272570940496302,True,-0.014386799337484435,0.015242295432662978,-0.05272570940496302,True,-0.03693910984738358,0.015242295432662978,-0.05715840021340235,True,-0.07170070653926763,0.015242295432662978,-0.0768333271233379,True,-0.14114623542559557,0.015242295432662978,-0.1522668540265808,True,20,True,False,True,False,True,False,,1,STOP_BEFORE_TARGET,False,True,False,True,False,,1,STOP_BEFORE_TARGET,2022-11-21,2022-11-23,2022-11-28,2022-12-05,2022-12-19
COP|2022-11-21T00:00:00|Long,COP,2022-11-21,Long,0.035779726991818306,0.04032198003127996,0.007729709436732568,True,0.01051876418276132,0.04032198003127996,0.002470357743768803,True,-0.009881248584573732,0.04032198003127996,-0.033867240994089,True,-0.07873135247116325,0.04032198003127996,-0.0872579260072135,True,-0.1023188824326029,0.04032198003127996,-0.13132517338497007,True,20,True,True,True,True,False,False,1,4,TARGET_BEFORE_STOP,False,True,False,True,False,,4,STOP_BEFORE_TARGET,2022-11-22,2022-11-25,2022-11-29,2022-12-06,2022-12-20
COP|2022-11-22T00:00:00|Long,COP,2022-11-22,Long,-0.02492689621686972,-0.00584701132341181,-0.03215873836881211,True,-0.04723803347800504,-0.00584701132341181,-0.0672410997926951,True,-0.049776841083075896,-0.00584701132341181,-0.0672410997926951,True,-0.11617171080520228,-0.00584701132341181,-0.1222495761806045,True,-0.10540081088292841,-0.00584701132341181,-0.16133246869207007,True,20,True,False,True,False,True,False,,1,STOP_BEFORE_TARGET,False,True,False,True,False,,1,STOP_BEFORE_TARGET,2022-11-23,2022-11-28,2022-11-30,2022-12-07,2022-12-21
COP|2022-11-23T00:00:00|Long,COP,2022-11-23,Long,0.0005523094208936818,0.008126864420528124,-0.001893623700605529,True,-0.019646503911464386,0.008126864420528124,-0.043395929404321465,True,-0.029035824263870857,0.008126864420528124,-0.043395929404321465,True,-0.11156698459824232,0.008126864420528124,-0.11724791589727102,True,-0.10919990982457628,0.008126864420528124,-0.13989266235112852,True,20,True,False,True,False,True,False,,2,STOP_BEFORE_TARGET,False,True,False,True,False,,2,STOP_BEFORE_TARGET,2022-11-25,2022-11-29,2022-12-01,2022-12-08,2022-12-22
COP|2022-11-25T00:00:00|Long,COP,2022-11-25,Long,-0.023420875939460628,-0.013800173753582778,-0.0439239791977013,True,-0.026023148694080622,0.00015774996329986912,-0.0439239791977013,True,-0.036511295186159365,0.00015774996329986912,-0.0439239791977013,True,-0.1324028171183378,0.00015774996329986912,-0.13468965011034073,True,-0.07696549715905676,0.00015774996329986912,-0.14036744550948066,True,20,True,False,True,False,True,False,,1,STOP_BEFORE_TARGET,False,True,False,True,False,,1,STOP_BEFORE_TARGET,2022-11-28,2022-11-30,2022-12-02,2022-12-09,2022-12-23
COP|2022-11-28T00:00:00|Long,COP,2022-11-28,Long,0.0033107531834117854,0.0241441019184625,0.0006460096367930657,True,-0.00629843994155721,0.0241441019184625,-0.011304860609528511,True,-0.03609491055791425,0.0241441019184625,-0.0414243976511518,True,-0.09738370409579722,0.0241441019184625,-0.11393728519224666,True,-0.04336236495466106,0.0241441019184625,-0.11975124870964415,True,20,True,False,True,False,True,False,,4,STOP_BEFORE_TARGET,False,True,False,True,False,,5,STOP_BEFORE_TARGET,2022-11-29,2022-12-01,2022-12-05,2022-12-12,2022-12-27
COP|2022-11-29T00:00:00|Long,COP,2022-11-29,Long,-0.005955717213436906,0.01955734652052943,-0.014567384777414483,True,-0.016659957302408213,0.01955734652052943,-0.02342055261255027,True,-0.06953721842775407,0.01955734652052943,-0.07814888599173164,True,-0.0872434312908702,0.01955734652052943,-0.11686113998443792,True,-0.0719517299107143,0.01955734652052943,-0.12265591842068035,True,20,True,False,True,False,True,False,,3,STOP_BEFORE_TARGET,False,True,False,True,False,,4,STOP_BEFORE_TARGET,2022-11-30,2022-12-02,2022-12-06,2022-12-13,2022-12-28
COP|2022-11-30T00:00:00|Long,COP,2022-11-30,Long,-0.0036434666816730354,0.015059514032717658,-0.00501985860139631,True,-0.033519547551153384,0.015059514032717658,-0.03886327397568534,True,-0.0698729231118762,0.015059514032717658,-0.07626917363299579,True,-0.0861468642670139,0.015059514032717658,-0.11156990155418878,True,-0.057647175317256716,0.015059514032717658,-0.11739939882768868,True,20,True,False,True,False,True,False,,3,STOP_BEFORE_TARGET,False,True,False,True,False,,3,STOP_BEFORE_TARGET,2022-12-01,2022-12-05,2022-12-07,2022-12-14,2022-12-29
COP|2022-12-01T00:00:00|Long,COP,2022-12-01,Long,-0.00715096108301938,0.006582197335105677,-0.013976932023618494,True,-0.06053955059356264,0.013245611207138186,-0.06923449384118263,True,-0.08499918163489506,0.013245611207138186,-0.09084999615616385,True,-0.08540545031159874,0.013245611207138186,-0.10832109918833066,True,-0.0411181347227354,0.013245611207138186,-0.11417191370959945,True,20,True,False,True,False,True,False,,2,STOP_BEFORE_TARGET,False,True,False,True,False,,2,STOP_BEFORE_TARGET,2022-12-02,2022-12-06,2022-12-08,2022-12-15,2022-12-30
COP|2022-12-02T00:00:00|Long,COP,2022-12-02,Long,-0.022998834110124933,0.02054347790113842,-0.02840073016889766,True,-0.05974793774369114,0.02054347790113842,-0.06621381524863568,True,-0.09952532027939642,0.02054347790113842,-0.10189881254824962,True,-0.09608772167659096,0.02054347790113842,-0.10779176736004159,True,-0.07415286901263785,0.02054347790113842,-0.10779176736004159,True,20,True,False,True,False,True,False,,1,STOP_BEFORE_TARGET,False,True,False,True,False,,2,STOP_BEFORE_TARGET,2022-12-05,2022-12-07,2022-12-09,2022-12-16,2023-01-03
COP|2022-12-05T00:00:00|Long,COP,2022-12-05,Long,-0.031498718687414384,0.0030995652900585036,-0.040462442153985645,True,-0.05671445184460122,0.0030995652900585036,-0.06274612817983305,True,-0.06358384680109663,0.0030995652900585036,-0.08075730223541833,True,-0.07480941693646292,0.0030995652900585036,-0.08678897857065015,True,-0.0505152573506501,0.0030995652900585036,-0.08678897857065015,True,20,True,False,True,False,True,False,,1,STOP_BEFORE_TARGET,False,True,False,True,False,,1,STOP_BEFORE_TARGET,2022-12-06,2022-12-08,2022-12-12,2022-12-19,2023-01-04
COP|2022-12-06T00:00:00|Long,COP,2022-12-06,Long,-0.0063143616735542585,0.01721302528555957,-0.013147688473628794,True,-0.04835225272704158,0.019721466717929736,-0.05086062816689818,True,-0.019029469220893658,0.019721466717929736,-0.05086062816689818,True,-0.025603313457708055,0.019721466717929736,-0.05708847365519465,True,0.010033699736966994,0.029841682640154632,-0.05708847365519465,True,20,True,False,True,False,True,False,,2,STOP_BEFORE_TARGET,False,True,False,True,False,,2,STOP_BEFORE_TARGET,2022-12-07,2022-12-09,2022-12-13,2022-12-20,2023-01-05
COP|2022-12-07T00:00:00|Long,COP,2022-12-07,Long,-0.019846786505986258,0.026201272703642253,-0.02611420675247922,True,-0.026984667028522757,0.026201272703642253,-0.044829335128932946,True,-0.017496470707620393,0.026201272703642253,-0.044829335128932946,True,0.012186643100196015,0.026201272703642253,-0.051096755375425906,True,0.029160917336424674,0.04622219111195447,-0.051096755375425906,True,20,True,True,True,False,True,False,13,1,STOP_BEFORE_TARGET,False,True,False,True,False,,2,STOP_BEFORE_TARGET,2022-12-08,2022-12-12,2022-12-14,2022-12-21,2023-01-06
COP|2022-12-08T00:00:00|Long,COP,2022-12-08,Long,-0.022912982824308425,0.011989329417543049,-0.025488411688097012,True,0.007193651855816441,0.026554155455488004,-0.025488411688097012,True,-0.000444009085619812,0.02708706121749005,-0.025488411688097012,True,0.002664325540171042,0.037122560939789606,-0.03188273877921688,True,0.0422735541805932,0.07158086409602138,-0.03188273877921688,True,20,True,True,True,False,True,False,9,1,STOP_BEFORE_TARGET,True,True,False,True,False,12,6,STOP_BEFORE_TARGET,2022-12-09,2022-12-13,2022-12-15,2022-12-22,2023-01-09
COP|2022-12-09T00:00:00|Long,COP,2022-12-09,Long,0.015997111342771486,0.020723563699863945,0.000454490577017852,True,0.02590443728844849,0.05117256003086146,0.000454490577017852,True,0.003817540548582743,0.05117256003086146,-0.00918009941513287,True,0.06389753338657678,0.06435195461806886,-0.00918009941513287,True,0.0732594567707272,0.09670975589612074,-0.00918009941513287,True,20,True,True,False,True,False,False,2,,TARGET_BEFORE_STOP,True,False,True,False,False,2,,TARGET_BEFORE_STOP,2022-12-12,2022-12-14,2022-12-16,2022-12-23,2023-01-10
COP|2022-12-12T00:00:00|Long,COP,2022-12-12,Long,0.01458225890689846,0.03408478797818182,0.014224404944076952,True,0.006888569340399275,0.03462160304924611,-0.01171942720432717,True,-0.011987800613027066,0.03462160304924611,-0.02478078970581854,True,0.05984972727200755,0.06512791965287823,-0.02478078970581854,True,0.057792084049200554,0.0794418051510768,-0.02478078970581854,True,20,True,True,True,True,False,False,1,4,TARGET_BEFORE_STOP,True,False,True,False,False,10,,TARGET_BEFORE_STOP,2022-12-13,2022-12-15,2022-12-19,2022-12-27,2023-01-11
COP|2022-12-13T00:00:00|Long,COP,2022-12-13,Long,-0.004761492796845346,0.019751325204461878,-0.01208008731455279,True,-0.026188176746311242,0.019751325204461878,-0.03879729639184348,True,-0.00670136770733909,0.019751325204461878,-0.03879729639184348,True,0.01675331835933247,0.049819184499083624,-0.03879729639184348,True,0.05951855905155212,0.06780702375182956,-0.03879729639184348,True,20,True,True,True,False,True,False,8,2,STOP_BEFORE_TARGET,True,True,False,True,False,16,3,STOP_BEFORE_TARGET,2022-12-14,2022-12-16,2022-12-20,2022-12-28,2023-01-12
COP|2022-12-14T00:00:00|Long,COP,2022-12-14,Long,-0.0028351172768436017,0.0004429469402560393,-0.021263413373590834,True,-0.021529195056649963,0.0004429469402560393,-0.03419864017384777,True,0.030211712144377678,0.03366700921320165,-0.03419864017384777,True,0.031186290045279508,0.05484180616093037,-0.03419864017384777,True,0.07619383596038332,0.07956051660334529,-0.03419864017384777,True,20,True,True,True,False,True,False,5,1,STOP_BEFORE_TARGET,True,True,False,True,False,8,2,STOP_BEFORE_TARGET,2022-12-15,2022-12-19,2022-12-21,2022-12-29,2023-01-13
COP|2022-12-15T00:00:00|Long,COP,2022-12-15,Long,-0.01874722837085352,-0.011816986183848188,-0.031452694975933726,True,0.0008884804212321296,0.011194975323603584,-0.031452694975933726,True,0.003109715367667576,0.0375832573331325,-0.031452694975933726,True,0.048422894717612186,0.05784090919875151,-0.031452694975933726,True,0.06832514085739616,0.08876052947928814,-0.031452694975933726,True,20,True,True,True,False,True,False,4,1,STOP_BEFORE_TARGET,True,True,False,True,False,7,1,STOP_BEFORE_TARGET,2022-12-16,2022-12-20,2022-12-22,2022-12-30,2023-01-17
COP|2022-12-16T00:00:00|Long,COP,2022-12-16,Long,0.0,0.02100687833699655,-0.007243779736262224,True,0.0528793571965831,0.056410680820514925,-0.007243779736262224,True,0.05985150728205113,0.060304200339440284,-0.007243779736262224,True,0.024266572310134293,0.07805138470329909,-0.007243779736262224,True,0.07343354247619027,0.12015570762149141,-0.007243779736262224,True,20,True,True,False,True,False,False,2,,TARGET_BEFORE_STOP,True,False,True,False,False,3,,TARGET_BEFORE_STOP,2022-12-19,2022-12-21,2022-12-23,2023-01-03,2023-01-18
COP|2022-12-19T00:00:00|Long,COP,2022-12-19,Long,0.0200108568962154,0.03051426152381187,-0.00398408576312459,True,0.022274529428572,0.05740670226129607,-0.00543286934309839,True,0.07270915068620343,0.07805138470329909,-0.00543286934309839,True,0.0262585461098932,0.07805138470329909,-0.00543286934309839,True,0.08330312155799913,0.12015570762149141,-0.00543286934309839,True,20,True,True,False,True,False,False,1,,TARGET_BEFORE_STOP,True,False,True,False,False,2,,TARGET_BEFORE_STOP,2022-12-20,2022-12-22,2022-12-27,2023-01-04,2023-01-19
COP|2022-12-20T00:00:00|Long,COP,2022-12-20,Long,0.032223676912991994,0.03568572204717557,0.007989360973707171,True,0.03905904541748373,0.039502857416472414,-0.02494456413604884,True,0.02361292495947076,0.05690187257780277,-0.02494456413604884,True,0.03657341377169021,0.05690187257780277,-0.02494456413604884,True,0.08122504573403755,0.09818018116984173,-0.02494456413604884,True,20,True,True,True,True,False,False,1,2,TARGET_BEFORE_STOP,True,False,True,False,False,4,,TARGET_BEFORE_STOP,2022-12-21,2022-12-23,2022-12-28,2023-01-05,2023-01-20
COP|2022-12-21T00:00:00|Long,COP,2022-12-21,Long,-0.02906774414259594,0.004299965645416126,-0.05538357850888509,True,0.01883387052284835,0.02390779849055047,-0.05538357850888509,True,0.0009459976909731438,0.02390779849055047,-0.05538357850888509,True,0.016769905384483863,0.033625762841042794,-0.05538357850888509,True,0.03310972234725007,0.06389749211537366,-0.05538357850888509,True,20,True,True,True,False,True,False,10,1,STOP_BEFORE_TARGET,True,True,False,True,False,16,1,STOP_BEFORE_TARGET,2022-12-22,2022-12-27,2022-12-29,2023-01-06,2023-01-23
COP|2022-12-22T00:00:00|Long,COP,2022-12-22,Long,0.036758206109746006,0.03720103535410013,0.006643046854415635,True,0.021346288752373654,0.054561523024451386,0.006643046854415635,True,0.045172705094712384,0.054561523024451386,0.006643046854415635,True,0.039503977185069816,0.06873341037512493,-0.02161206739086674,True,0.05234717407297951,0.09574842703714115,-0.02161206739086674,True,20,True,True,True,True,False,False,1,7,TARGET_BEFORE_STOP,True,False,True,False,False,2,,TARGET_BEFORE_STOP,2022-12-23,2022-12-28,2022-12-30,2023-01-09,2023-01-24
COP|2022-12-23T00:00:00|Long,COP,2022-12-23,Long,0.012131551746456637,0.01717210127664104,8.538664310431265e-05,True,-0.0056386471157761076,0.01717210127664104,-0.020760360886972973,True,-0.03357539686212563,0.01717210127664104,-0.043827464750633816,True,0.0087996476073684,0.030841525127985436,-0.05630075861143846,True,0.028363943684445392,0.05689872583574296,-0.05630075861143846,True,20,True,True,True,False,True,False,9,3,STOP_BEFORE_TARGET,True,True,False,True,False,15,5,STOP_BEFORE_TARGET,2022-12-27,2022-12-29,2023-01-03,2023-01-10,2023-01-25
COP|2022-12-27T00:00:00|Long,COP,2022-12-27,Long,-0.026673450067941307,-0.001688229725465451,-0.03148479208660426,True,-0.003967259355619812,-0.001688229725465451,-0.032497665522504326,True,-0.04330214256734566,-0.001688229725465451,-0.0676120710196354,True,-0.0019414480844404114,0.018485712997726722,-0.0676120710196354,True,0.052165107128367305,0.05284039901855353,-0.0676120710196354,True,20,True,True,True,False,True,False,13,1,STOP_BEFORE_TARGET,True,True,False,True,False,20,1,STOP_BEFORE_TARGET,2022-12-28,2022-12-30,2023-01-04,2023-01-11,2023-01-26
COP|2022-12-28T00:00:00|Long,COP,2022-12-28,Long,0.009366072794389613,0.014656165789505682,-0.005983824704021035,True,-0.01899223708593778,0.025149610504547004,-0.02939900668999529,True,0.012661513445360706,0.025149610504547004,-0.042060520135356105,True,0.042060586299562885,0.050212479733903415,-0.042060520135356105,True,0.07197990831228873,0.09608882200716806,-0.042060520135356105,True,20,True,True,True,False,True,False,6,3,STOP_BEFORE_TARGET,True,True,False,True,False,10,4,STOP_BEFORE_TARGET,2022-12-29,2023-01-03,2023-01-05,2023-01-12,2023-01-27
COP|2022-12-29T00:00:00|Long,COP,2022-12-29,Long,0.013832808822015874,0.01563707968354966,-0.0032648617184524165,True,-0.026205026787113117,0.01563707968354966,-0.05094939716704894,True,0.015808952460986125,0.03264887938555816,-0.05094939716704894,True,0.04364637733219623,0.046911239050648756,-0.05094939716704894,True,0.03557006109939587,0.08591803464593362,-0.05094939716704894,True,20,True,True,True,False,True,False,5,2,STOP_BEFORE_TARGET,True,True,False,True,False,11,2,STOP_BEFORE_TARGET,2022-12-30,2023-01-04,2023-01-06,2023-01-13,2023-01-30
COP|2022-12-30T00:00:00|Long,COP,2022-12-30,Long,-0.041355908927270923,-0.00016946307683396444,-0.05152543924622621,True,-0.010423757262149058,-0.00016946307683396444,-0.06389831284345204,True,-0.0054237236410884515,0.02254240391618123,-0.06389831284345204,True,0.018983032743809636,0.03847458402989279,-0.06389831284345204,True,0.03279663344561046,0.07110168974278341,-0.06389831284345204,True,20,True,True,True,False,True,False,9,1,STOP_BEFORE_TARGET,True,True,False,True,False,17,1,STOP_BEFORE_TARGET,2023-01-03,2023-01-05,2023-01-09,2023-01-17,2023-01-31
COP|2023-01-03T00:00:00|Long,COP,2023-01-03,Long,0.0019447806397374645,0.01051975586207865,-0.02351488328786966,True,0.04517327162552576,0.0624999957846788,-0.02351488328786966,True,0.043847232709004924,0.0666548862487113,-0.02351488328786966,True,0.04800212317303765,0.09361736280730959,-0.02351488328786966,True,0.040487925127800084,0.11730901980964958,-0.02351488328786966,True,20,True,True,True,False,True,False,2,1,STOP_BEFORE_TARGET,True,False,True,False,False,3,,TARGET_BEFORE_STOP,2023-01-04,2023-01-06,2023-01-10,2023-01-18,2023-02-01
COP|2023-01-04T00:00:00|Long,COP,2023-01-04,Long,0.03026292938064179,0.03935068694171262,0.0016763935728374424,True,0.03546854069481742,0.06458450291807183,0.0016763935728374424,True,0.043232765874378076,0.06458450291807183,0.0016763935728374424,True,0.05558499431194752,0.09149464515303896,0.0016763935728374424,True,-0.017998882583789344,0.11514031651150747,-0.031586327133692804,True,20,True,True,True,True,False,False,1,20,TARGET_BEFORE_STOP,True,True,True,False,False,2,20,TARGET_BEFORE_STOP,2023-01-05,2023-01-09,2023-01-11,2023-01-19,2023-02-02
COP|2023-01-05T00:00:00|Long,COP,2023-01-05,Long,0.012503269297249542,0.029288395107125442,0.0065941962370232865,True,0.011218679674990462,0.03331341209963079,-0.0007707145711900454,True,0.02903149025006213,0.037081458898130304,-0.0007707145711900454,True,0.04307618868969176,0.059433096179833944,-0.004367513243961563,True,-0.07416285245931842,0.08238419990699941,-0.077160184686628,True,20,True,True,True,True,False,False,2,19,TARGET_BEFORE_STOP,True,True,True,False,False,8,19,TARGET_BEFORE_STOP,2023-01-06,2023-01-10,2023-01-12,2023-01-20,2023-02-03
COP|2023-01-06T00:00:00|Long,COP,2023-01-06,Long,-0.007358561463924773,0.02055316109430927,-0.011587606425469077,True,8.453443755529477e-05,0.02055316109430927,-0.013110065192829201,True,0.02740419328237742,0.030618244222313074,-0.013110065192829201,True,0.01607031922978419,0.04635029664166623,-0.016662447473301145,True,-0.09083993223564613,0.06901798021674765,-0.09726803411551777,True,20,True,True,True,True,False,False,5,17,TARGET_BEFORE_STOP,True,True,True,False,False,13,18,TARGET_BEFORE_STOP,2023-01-09,2023-01-11,2023-01-13,2023-01-23,2023-02-06
COP|2023-01-09T00:00:00|Long,COP,2023-01-09,Long,0.006134979694603082,0.010736214465555616,-0.005794140266183745,True,0.023858239921573876,0.03186773895977346,-0.005794140266183745,True,0.024539853769938835,0.04413769834897985,-0.005794140266183745,True,0.012355120489955906,0.05410700784847311,-0.0093728567518776,True,-0.04550105606265775,0.07694272948478842,-0.09057598157919888,True,20,True,True,True,True,False,False,3,17,TARGET_BEFORE_STOP,True,True,True,False,False,6,17,TARGET_BEFORE_STOP,2023-01-10,2023-01-12,2023-01-17,2023-01-24,2023-02-07
COP|2023-01-10T00:00:00|Long,COP,2023-01-10,Long,0.001354979930841882,0.012449197136754409,-0.009908520924815978,True,0.028709343979336444,0.03192747785065597,-0.009908520924815978,True,0.003980362579732999,0.04767951529568237,-0.009908520924815978,True,0.019393638889028786,0.04767951529568237,-0.015413276309296009,True,-0.0617378116741365,0.07037599449298315,-0.09612125929977822,True,20,True,True,True,True,False,False,3,15,TARGET_BEFORE_STOP,True,True,True,False,False,11,16,TARGET_BEFORE_STOP,2023-01-11,2023-01-13,2023-01-18,2023-01-25,2023-02-08
COP|2023-01-11T00:00:00|Long,COP,2023-01-11,Long,0.016238209007344295,0.02418809761521401,-0.003298371081651874,True,0.016914749967302134,0.036366738239559826,-0.003298371081651874,True,0.01184033788204153,0.04626185148451545,-0.016745566333824846,True,0.05421180461703545,0.0548884101016438,-0.016745566333824846,True,-0.07028076546625217,0.06892761902168631,-0.0973443396040754,True,20,True,True,True,True,False,False,2,14,TARGET_BEFORE_STOP,True,True,True,False,False,10,15,TARGET_BEFORE_STOP,2023-01-12,2023-01-17,2023-01-19,2023-01-26,2023-02-09
COP|2023-01-12T00:00:00|Long,COP,2023-01-12,Long,0.01090210984245199,0.014064536954942142,-0.013731703358787484,True,-0.013398806269005248,0.02954390241486582,-0.014980051572064168,True,0.013648463212935003,0.02954390241486582,-0.032456736077053794,True,0.028711691437224074,0.051847499481257,-0.032456736077053794,True,-0.042443458289639135,0.051847499481257,-0.11176764227588587,True,20,True,True,True,False,True,False,9,4,STOP_BEFORE_TARGET,True,True,False,True,False,10,4,STOP_BEFORE_TARGET,2023-01-13,2023-01-18,2023-01-20,2023-01-27,2023-02-10
COP|2023-01-13T00:00:00|Long,COP,2023-01-13,Long,-0.010125984560572787,0.008808756763574177,-0.015724077080060517,True,-0.0150654631815611,0.018440749495833186,-0.04289124089993568,True,-0.011031562968789821,0.018440749495833186,-0.04289124089993568,True,-0.007738556285171394,0.040503812624534286,-0.04289124089993568,True,-0.07540959553845927,0.040503812624534286,-0.12134681580341722,True,20,True,True,True,False,True,False,9,2,STOP_BEFORE_TARGET,False,True,False,True,False,,3,STOP_BEFORE_TARGET,2023-01-17,2023-01-19,2023-01-23,2023-01-30,2023-02-13
COP|2023-01-17T00:00:00|Long,COP,2023-01-17,Long,-0.014055179990326239,0.028858959434069575,-0.015635373310202372,True,0.01297409527365212,0.028858959434069575,-0.03310043079049574,True,-0.011892883654205932,0.028858959434069575,-0.03310043079049574,True,0.013556261741282327,0.05114771818980546,-0.03310043079049574,True,-0.055638680396446816,0.05114771818980546,-0.11235857241233982,True,20,True,True,True,False,True,False,7,2,STOP_BEFORE_TARGET,True,True,False,True,False,8,2,STOP_BEFORE_TARGET,2023-01-18,2023-01-20,2023-01-24,2023-01-31,2023-02-14
COP|2023-01-18T00:00:00|Long,COP,2023-01-18,Long,0.009194401601278157,0.014424285453000785,-0.019316751215329386,True,0.013327660573491107,0.038970856164132206,-0.019316751215329386,True,0.015352169109853264,0.038970856164132206,-0.019316751215329386,True,-0.007170021776756297,0.06613240097908513,-0.028258169694462598,True,-0.058203301124053364,0.06613240097908513,-0.09970476078067847,True,20,True,True,True,True,False,False,3,10,TARGET_BEFORE_STOP,True,True,True,False,False,6,11,TARGET_BEFORE_STOP,2023-01-19,2023-01-23,2023-01-25,2023-02-01,2023-02-15
COP|2023-01-19T00:00:00|Long,COP,2023-01-19,Long,0.0180541931889735,0.018973623236722803,-0.0032597742530763307,True,-0.006937494444073877,0.029505172160693816,-0.01671681720330276,True,0.04187564494976037,0.04254433294259585,-0.025075225804954027,True,-0.06970909712836582,0.05641925806114667,-0.08258105402726046,True,-0.09428283882349175,0.05641925806114667,-0.10790702188712853,True,20,True,True,True,False,True,False,5,4,STOP_BEFORE_TARGET,True,True,True,False,False,6,9,TARGET_BEFORE_STOP,2023-01-20,2023-01-24,2023-01-26,2023-02-02,2023-02-16
COP|2023-01-20T00:00:00|Long,COP,2023-01-20,Long,-0.013711048903916612,0.01124790708424972,-0.015024645198711939,True,-0.011740560503665343,0.01124790708424972,-0.042364561024819336,True,0.014860406512671398,0.0376846980532517,-0.042364561024819336,True,-0.1123973899704157,0.0376846980532517,-0.11527094058906695,True,-0.1451559923004503,0.0376846980532517,-0.1529557012810242,True,20,True,True,True,False,True,False,5,2,STOP_BEFORE_TARGET,False,True,False,True,False,,2,STOP_BEFORE_TARGET,2023-01-23,2023-01-25,2023-01-27,2023-02-03,2023-02-17
COP|2023-01-23T00:00:00|Long,COP,2023-01-23,Long,-0.010988093939931054,0.0072421773618018825,-0.02072752785065668,True,0.03762594169486122,0.038291902178368975,-0.029051843366043495,True,0.0033297389080522155,0.05211023290897776,-0.029051843366043495,True,-0.10521934303373004,0.05211023290897776,-0.11154577709859326,True,-0.12336635339765278,0.05211023290897776,-0.14118038351982154,True,20,True,True,True,False,True,False,3,1,STOP_BEFORE_TARGET,True,True,True,False,False,4,7,TARGET_BEFORE_STOP,2023-01-24,2023-01-26,2023-01-30,2023-02-06,2023-02-21
COP|2023-01-24T00:00:00|Long,COP,2023-01-24,Long,0.013130251831029005,0.01321437359722144,-0.018264440817576277,True,0.04040066619301608,0.0637993602122282,-0.018264440817576277,True,0.0257554519894605,0.0637993602122282,-0.018264440817576277,True,-0.05715008042297709,0.0637993602122282,-0.101674896472434,True,-0.12397942959534736,0.0637993602122282,-0.13340626883107476,True,20,True,True,True,True,False,False,2,6,TARGET_BEFORE_STOP,True,True,True,False,False,3,6,TARGET_BEFORE_STOP,2023-01-25,2023-01-27,2023-01-31,2023-02-07,2023-02-22
COP|2023-01-25T00:00:00|Long,COP,2023-01-25,Long,0.0355570215305856,0.03622165415689804,0.0035723211378591024,True,0.0013292018697688146,0.05001243254717247,-0.00033231631315622234,True,-0.02218165437747044,0.05001243254717247,-0.04295094857831305,True,-0.0795879505895144,0.05001243254717247,-0.11331726408916898,True,-0.12411732242674955,0.05001243254717247,-0.144637395238439,True,20,True,True,True,True,False,False,1,5,TARGET_BEFORE_STOP,True,True,True,False,False,2,5,TARGET_BEFORE_STOP,2023-01-26,2023-01-30,2023-02-01,2023-02-08,2023-02-23
COP|2023-01-26T00:00:00|Long,COP,2023-01-26,Long,-0.008343368654603833,0.013959068130522834,-0.009065422133812784,True,-0.022302436785126778,0.013959068130522834,-0.044524693010978944,True,-0.10709986611070732,0.013959068130522834,-0.11945446616426303,True,-0.11809066217818753,0.013959068130522834,-0.1437625186488658,True,-0.15563579052063803,0.013959068130522834,-0.1740072376726216,True,20,True,False,True,False,True,False,,2,STOP_BEFORE_TARGET,False,True,False,True,False,,2,STOP_BEFORE_TARGET,2023-01-27,2023-01-31,2023-02-02,2023-02-09,2023-02-24
COP|2023-01-27T00:00:00|Long,COP,2023-01-27,Long,-0.02491709259644448,-0.008170877204460525,-0.026535059971694475,True,-0.047811695113076924,-0.008170877204460525,-0.0680365959111976,True,-0.12539438494834831,-0.008170877204460525,-0.1282258587157855,True,-0.06916918541817241,-0.008170877204460525,-0.13655850796917135,True,-0.14359679566665695,-0.008170877204460525,-0.16705769293677686,True,20,True,False,True,False,True,False,,1,STOP_BEFORE_TARGET,False,True,False,True,False,,2,STOP_BEFORE_TARGET,2023-01-30,2023-02-01,2023-02-03,2023-02-10,2023-02-27
COP|2023-01-30T00:00:00|Long,COP,2023-01-30,Long,0.011117597119857603,0.012942815684004794,-0.01186426880991065,True,-0.07657841052865322,0.012942815684004794,-0.08935532026999693,True,-0.10818884134733098,0.012942815684004794,-0.11449427994795325,True,-0.06819879950181373,0.012942815684004794,-0.11449427994795325,True,-0.14253713166158888,0.012942815684004794,-0.14577283558259002,True,20,True,False,True,False,True,False,,2,STOP_BEFORE_TARGET,False,True,False,True,False,,2,STOP_BEFORE_TARGET,2023-01-31,2023-02-02,2023-02-06,2023-02-13,2023-02-28
COP|2023-01-31T00:00:00|Long,COP,2023-01-31,Long,-0.034216835187991346,-0.007384930709736559,-0.05473049682463316,True,-0.11290721117684055,-0.007384930709736559,-0.11577911128542495,True,-0.08082387693055071,-0.007384930709736559,-0.12423072986328498,True,-0.06826946342263507,-0.007384930709736559,-0.12423072986328498,True,-0.1281693804427202,-0.007384930709736559,-0.15516536666886815,True,20,True,False,True,False,True,False,,1,STOP_BEFORE_TARGET,False,True,False,True,False,,1,STOP_BEFORE_TARGET,2023-02-01,2023-02-03,2023-02-07,2023-02-14,2023-03-01
COP|2023-02-01T00:00:00|Long,COP,2023-02-01,Long,-0.054375480564360035,-0.01962614799055229,-0.0674596008316235,True,-0.08674595878674862,-0.01962614799055229,-0.09320300659083769,True,-0.058708548953943174,-0.01962614799055229,-0.09320300659083769,True,-0.05140183159922873,-0.01962614799055229,-0.09320300659083769,True,-0.07960913644974765,-0.01962614799055229,-0.1252336299571133,True,20,True,False,True,False,True,False,,1,STOP_BEFORE_TARGET,False,True,False,True,False,,1,STOP_BEFORE_TARGET,2023-02-02,2023-02-06,2023-02-08,2023-02-15,2023-03-02
COP|2023-02-02T00:00:00|Long,COP,2023-02-02,Long,-0.028661296980583173,0.009793318131211093,-0.03180593727280612,True,0.006468944937708443,0.009793318131211093,-0.04106019379621251,True,-0.012309098913006689,0.015274006303949816,-0.04106019379621251,True,-0.02641511555070719,0.036567830936460544,-0.04106019379621251,True,-0.023899403316928858,0.036567830936460544,-0.07493264814563216,True,20,True,True,True,False,True,False,6,1,STOP_BEFORE_TARGET,False,True,False,True,False,,1,STOP_BEFORE_TARGET,2023-02-03,2023-02-07,2023-02-09,2023-02-16,2023-03-03
COP|2023-02-03T00:00:00|Long,COP,2023-02-03,Long,-0.005734925012318093,0.01701966818520617,-0.012764751138904629,True,0.024789568865465128,0.04523170254408648,-0.012764751138904629,True,0.06428634639723341,0.0671538441887245,-0.012764751138904629,True,-0.036906834161903546,0.0671538441887245,-0.04569422267613277,True,0.01341223698137095,0.0671538441887245,-0.0476366802035314,True,20,True,True,True,True,False,False,2,10,TARGET_BEFORE_STOP,True,True,True,False,False,5,10,TARGET_BEFORE_STOP,2023-02-06,2023-02-08,2023-02-10,2023-02-17,2023-03-06
COP|2023-02-06T00:00:00|Long,COP,2023-02-06,Long,0.04214344468624964,0.04335290496531008,-0.0007442013512879431,True,0.022699809190606324,0.051260603272257343,-0.0007442013512879431,True,0.04484137864560189,0.07330919191941421,-0.0007442013512879431,True,-0.02028095961020171,0.07330919191941421,-0.040189783055901596,True,0.00148854465800774,0.07330919191941421,-0.042143444686249754,True,20,True,True,True,True,False,False,1,9,TARGET_BEFORE_STOP,True,True,True,False,False,2,9,TARGET_BEFORE_STOP,2023-02-07,2023-02-09,2023-02-13,2023-02-21,2023-03-07
COP|2023-02-07T00:00:00|Long,COP,2023-02-07,Long,-0.010980144299220451,0.008748468008405785,-0.019460813877025918,True,0.02713802005559618,0.029905429422479646,-0.019460813877025918,True,0.013658332927526606,0.029905429422479646,-0.019460813877025918,True,-0.07088015577532314,0.029905429422479646,-0.08087839519815343,True,-0.042760162735902885,0.029905429422479646,-0.08087839519815343,True,20,True,False,True,False,True,False,,7,STOP_BEFORE_TARGET,False,True,False,True,False,,7,STOP_BEFORE_TARGET,2023-02-08,2023-02-10,2023-02-14,2023-02-22,2023-03-08
COP|2023-02-08T00:00:00|Long,COP,2023-02-08,Long,-0.007762438877559674,0.008574753501144228,-0.008484542229789893,True,0.013719619374543912,0.041339487257038066,-0.008484542229789893,True,0.007762438877559674,0.041339487257038066,-0.008484542229789893,True,-0.04837982278236763,0.041339487257038066,-0.07067426452162173,True,-0.0449499351546232,0.041339487257038066,-0.07067426452162173,True,20,True,True,True,True,False,False,2,6,TARGET_BEFORE_STOP,False,True,False,True,False,,7,STOP_BEFORE_TARGET,2023-02-09,2023-02-13,2023-02-15,2023-02-23,2023-03-09
COP|2023-02-09T00:00:00|Long,COP,2023-02-09,Long,0.04666603510576395,0.04948605864008271,0.017283739839937473,True,0.03293007128656944,0.04948605864008271,0.005639977666340723,True,-0.01428181288516106,0.04948605864008271,-0.01673796017626794,True,-0.04257254882364847,0.04948605864008271,-0.06340399528203189,True,-0.05194213652889268,0.04948605864008271,-0.06340399528203189,True,20,True,True,True,True,False,False,1,6,TARGET_BEFORE_STOP,False,True,False,True,False,,6,STOP_BEFORE_TARGET,2023-02-10,2023-02-14,2023-02-16,2023-02-24,2023-03-10
COP|2023-02-10T00:00:00|Long,COP,2023-02-10,Long,-0.023900574120902185,-0.008343465190704391,-0.025551841425292432,True,-0.029636677429775937,-0.005301587200546631,-0.0441508283456481,True,-0.09508078432246259,-0.005301587200546631,-0.10333738607628173,True,-0.07995825780855881,-0.005301587200546631,-0.10516251287037637,True,-0.12497825098679516,-0.005301587200546631,-0.13462539711841492,True,20,True,False,True,False,True,False,,1,STOP_BEFORE_TARGET,False,True,False,True,False,,2,STOP_BEFORE_TARGET,2023-02-13,2023-02-15,2023-02-17,2023-02-27,2023-03-13
COP|2023-02-13T00:00:00|Long,COP,2023-02-13,Long,0.011040918173977676,0.019054397971400183,-0.015670862301619404,True,-0.0351704837869079,0.019054397971400183,-0.037574582071391194,True,-0.06232748777639319,0.019054397971400183,-0.08138188574779348,True,-0.07977917620199482,0.019054397971400183,-0.08325170222929679,True,-0.09749797156330109,0.019054397971400183,-0.11343600873219584,True,20,True,False,True,False,True,False,,2,STOP_BEFORE_TARGET,False,True,False,True,False,,3,STOP_BEFORE_TARGET,2023-02-14,2023-02-16,2023-02-21,2023-02-28,2023-03-14
COP|2023-02-14T00:00:00|Long,COP,2023-02-14,Long,-0.016732729853057404,-0.012153279134510253,-0.031439890787118285,True,-0.08304711626363803,-0.012153279134510253,-0.09141351478503379,True,-0.08339939204040847,-0.012153279134510253,-0.09326291222077798,True,-0.06428888468131844,-0.012153279134510253,-0.09326291222077798,True,-0.16125059177358458,-0.012153279134510253,-0.17578164841412747,True,20,True,False,True,False,True,False,,1,STOP_BEFORE_TARGET,False,True,False,True,False,,1,STOP_BEFORE_TARGET,2023-02-15,2023-02-17,2023-02-22,2023-03-01,2023-03-15
COP|2023-02-15T00:00:00|Long,COP,2023-02-15,Long,-0.029467092436758935,0.0005373717668946121,-0.03188540205405299,True,-0.05678462947280505,0.0005373717668946121,-0.07595166360090055,True,-0.05570981760588167,0.0005373717668946121,-0.07783253311816596,True,-0.02973577832020624,0.0005373717668946121,-0.07783253311816596,True,-0.1365875485139627,0.0005373717668946121,-0.18020602303277622,True,20,True,False,True,False,True,False,,1,STOP_BEFORE_TARGET,False,True,False,True,False,,1,STOP_BEFORE_TARGET,2023-02-16,2023-02-21,2023-02-23,2023-03-02,2023-03-16
COP|2023-02-16T00:00:00|Long,COP,2023-02-16,Long,-0.03912880989190848,-0.015596183387662332,-0.04789592480779714,True,-0.03949795824279467,-0.015596183387662332,-0.04983390084406336,True,-0.028700633008804766,-0.015596183387662332,-0.04983390084406336,True,0.0025839680483550342,0.006644529500254848,-0.04983390084406336,True,-0.1289221220193365,0.01144331724607861,-0.15531563064098886,True,20,True,False,True,False,True,False,,1,STOP_BEFORE_TARGET,False,True,False,True,False,,1,STOP_BEFORE_TARGET,2023-02-17,2023-02-22,2023-02-24,2023-03-03,2023-03-17
COP|2023-02-17T00:00:00|Long,COP,2023-02-17,Long,0.011429070117372708,0.019208604948540042,-0.00585863037130574,True,0.01258161279328962,0.021897797917333595,-0.011141026042159385,True,0.016711465788226354,0.021897797917333595,-0.011141026042159385,True,0.0522473556330203,0.05263153652499253,-0.011141026042159385,True,-0.07645023890218794,0.05263153652499253,-0.12091820625406635,True,20,True,True,True,True,False,False,6,15,TARGET_BEFORE_STOP,True,True,True,False,False,10,15,TARGET_BEFORE_STOP,2023-02-21,2023-02-23,2023-02-27,2023-03-06,2023-03-20
COP|2023-02-21T00:00:00|Long,COP,2023-02-21,Long,-0.011679762188340215,0.0016143367418202104,-0.022315055821870766,True,-0.0005697232929889884,0.010350431987036002,-0.022315055821870766,True,-0.018611709523420394,0.018991549201083258,-0.022315055821870766,True,0.022220150237713066,0.040736881729965146,-0.022315055821870766,True,-0.0531763232736312,0.040736881729965146,-0.13085176240394247,True,20,True,True,True,False,True,False,7,1,STOP_BEFORE_TARGET,False,True,False,True,False,,14,STOP_BEFORE_TARGET,2023-02-22,2023-02-24,2023-02-28,2023-03-07,2023-03-21
COP|2023-02-22T00:00:00|Long,COP,2023-02-22,Long,0.012970776809866358,0.022290542409771463,-9.61004617073824e-05,True,0.017102217025189992,0.022290542409771463,-0.006917767179441925,True,0.020849328696858738,0.034588762594035094,-0.008166779968939997,True,0.030265194758471115,0.05303609287043054,-0.008166779968939997,True,-0.05486163512699849,0.05303609287043054,-0.1205803500285223,True,20,True,True,True,True,False,False,4,13,TARGET_BEFORE_STOP,True,True,True,False,False,8,13,TARGET_BEFORE_STOP,2023-02-23,2023-02-27,2023-03-01,2023-03-08,2023-03-22
COP|2023-02-23T00:00:00|Long,COP,2023-02-23,Long,-0.0017072968287465962,0.0011382220073477,-0.019633877348311013,True,-0.019728747273394243,0.017831710594481187,-0.02010815460917681,True,0.02750641674556209,0.03348191946390022,-0.020866896916191924,True,0.0036042611431095217,0.039552292107321474,-0.020866896916191924,True,-0.08545956663331389,0.039552292107321474,-0.13184104605562186,True,20,True,True,True,False,True,False,5,3,STOP_BEFORE_TARGET,False,True,False,True,False,,12,STOP_BEFORE_TARGET,2023-02-24,2023-02-28,2023-03-02,2023-03-09,2023-03-23
COP|2023-02-24T00:00:00|Long,COP,2023-02-24,Long,0.005795730264622989,0.008836107412596439,-0.01719712644744653,True,0.009501187648456089,0.023087888885280572,-0.01919236715502526,True,0.032209020329201365,0.03638956609078092,-0.01919236715502526,True,-0.009786211679780332,0.04133015177312194,-0.01919236715502526,True,-0.09330165980830607,0.04133015177312194,-0.13035630613494653,True,20,True,True,True,True,False,False,4,11,TARGET_BEFORE_STOP,False,True,False,True,False,,11,STOP_BEFORE_TARGET,2023-02-27,2023-03-01,2023-03-03,2023-03-10,2023-03-24
COP|2023-02-27T00:00:00|Long,COP,2023-02-27,Long,-0.023710581161521582,0.01369730719707185,-0.024088447355520404,True,0.023332714967522872,0.029283945364137365,-0.024844107672910676,True,0.03495179413290472,0.035329660326903545,-0.024844107672910676,True,-0.04893255502843108,0.035329660326903545,-0.05941810768242406,True,-0.07916112984226198,0.035329660326903545,-0.13536748298160717,True,20,True,True,True,False,True,False,4,1,STOP_BEFORE_TARGET,False,True,False,True,False,,10,STOP_BEFORE_TARGET,2023-02-28,2023-03-02,2023-03-06,2023-03-13,2023-03-27
COP|2023-02-28T00:00:00|Long,COP,2023-02-28,Long,0.028060005502613228,0.04189648664715673,-0.0011610558196335496,True,0.051185302308949465,0.05544270383679195,-0.0011610558196335496,True,0.04160622269224845,0.06047411797074198,-0.0011610558196335496,True,-0.019254938492019646,0.06047411797074198,-0.03657473473735362,True,-0.05244313738720063,0.06047411797074198,-0.11436864895342935,True,20,True,True,True,True,False,False,1,9,TARGET_BEFORE_STOP,True,True,True,False,False,2,9,TARGET_BEFORE_STOP,2023-03-01,2023-03-03,2023-03-07,2023-03-14,2023-03-28
COP|2023-03-01T00:00:00|Long,COP,2023-03-01,Long,0.01957648782169108,0.02550587373621327,-0.004423540900735268,True,0.0311529181985295,0.0315293974034927,-0.004423540900735268,True,0.009223561006433734,0.0315293974034927,-0.004611744600183876,True,-0.10362354951746322,0.0315293974034927,-0.11915297564338234,True,-0.06117647058823528,0.0315293974034927,-0.13854118795955883,True,20,True,True,True,True,False,False,3,7,TARGET_BEFORE_STOP,False,True,False,True,False,,8,STOP_BEFORE_TARGET,2023-03-02,2023-03-06,2023-03-08,2023-03-15,2023-03-29
COP|2023-03-02T00:00:00|Long,COP,2023-03-02,Long,0.0028616039264655058,0.006923289830361723,-0.023169963018600526,True,-0.006277118929955083,0.011723406458046703,-0.023169963018600526,True,-0.023262293269328937,0.011723406458046703,-0.0274162389966075,True,-0.11012646638537982,0.011723406458046703,-0.1550817203710394,True,-0.08381797911547484,0.011723406458046703,-0.1550817203710394,True,20,True,False,True,False,True,False,,1,STOP_BEFORE_TARGET,False,True,False,True,False,,6,STOP_BEFORE_TARGET,2023-03-03,2023-03-07,2023-03-09,2023-03-16,2023-03-30
COP|2023-03-03T00:00:00|Long,COP,2023-03-03,Long,0.008468318981166734,0.008836515922920007,-0.014175266238763307,True,-0.012978608621468712,0.008836515922920007,-0.026509547768760244,True,-0.04068481400752344,0.008836515922920007,-0.0463917612651199,True,-0.13116715832159498,0.008836515922920007,-0.1574926427326716,True,-0.08680044512292495,0.008836515922920007,-0.1574926427326716,True,20,True,False,True,False,True,False,,3,STOP_BEFORE_TARGET,False,True,False,True,False,,4,STOP_BEFORE_TARGET,2023-03-06,2023-03-08,2023-03-10,2023-03-17,2023-03-31
COP|2023-03-06T00:00:00|Long,COP,2023-03-06,Long,-0.017433334020415248,-0.00584154256945979,-0.02637823525053329,True,-0.03422782113512246,-0.0028294775967657726,-0.038335131816665036,True,-0.08105145537876501,-0.0028294775967657726,-0.09118289600569573,True,-0.12230735848015994,-0.0028294775967657726,-0.16456735287579993,True,-0.010405252054142777,-0.0028294775967657726,-0.16456735287579993,True,20,True,False,True,False,True,False,,1,STOP_BEFORE_TARGET,False,True,False,True,False,,2,STOP_BEFORE_TARGET,2023-03-07,2023-03-09,2023-03-13,2023-03-20,2023-04-03
COP|2023-03-07T00:00:00|Long,COP,2023-03-07,Long,-0.003901515680372225,0.008174614407287395,-0.017556891433894495,True,-0.03186251980081223,0.014862967500622437,-0.0376219507138994,True,-0.05843010521477077,0.014862967500622437,-0.07505807446841761,True,-0.07375756924162691,0.014862967500622437,-0.14974456589029217,True,-0.012540626613893324,0.014862967500622437,-0.14974456589029217,True,20,True,False,True,False,True,False,,2,STOP_BEFORE_TARGET,False,True,False,True,False,,3,STOP_BEFORE_TARGET,2023-03-08,2023-03-10,2023-03-14,2023-03-21,2023-04-04
COP|2023-03-08T00:00:00|Long,COP,2023-03-08,Long,-0.013242616374944172,0.018837979854784637,-0.01743917455973032,True,-0.061083678510714945,0.018837979854784637,-0.07143526459298644,True,-0.11181577093915829,0.018837979854784637,-0.12720326953306016,True,-0.08262613385229056,0.018837979854784637,-0.1464142878497965,True,0.00484935770574868,0.018837979854784637,-0.1464142878497965,True,20,True,False,True,False,True,False,,2,STOP_BEFORE_TARGET,False,True,False,True,False,,2,STOP_BEFORE_TARGET,2023-03-09,2023-03-13,2023-03-15,2023-03-22,2023-04-05
COP|2023-03-09T00:00:00|Long,COP,2023-03-09,Long,-0.01502690080878366,0.014365412603088101,-0.02088648648960456,True,-0.04205648852584032,0.014365412603088101,-0.05897361315327554,True,-0.08893295765840958,0.014365412603088101,-0.13495888015108526,True,-0.08874397132887746,0.014365412603088101,-0.13495888015108526,True,0.004252949513466664,0.03147152356005534,-0.13495888015108526,True,20,True,True,True,False,True,False,17,1,STOP_BEFORE_TARGET,False,True,False,True,False,,2,STOP_BEFORE_TARGET,2023-03-10,2023-03-14,2023-03-16,2023-03-23,2023-04-06
COP|2023-03-10T00:00:00|Long,COP,2023-03-10,Long,-0.033966617482865,-0.006140849953485739,-0.044617170134471196,True,-0.08616391529219947,0.0019189881586996194,-0.1019958238179417,True,-0.09431972477373163,0.0019189881586996194,-0.12176168003042975,True,-0.0843408252981408,0.0019189881586996194,-0.12176168003042975,True,0.016599459866398547,0.04720781146918629,-0.12176168003042975,True,20,True,True,True,False,True,False,16,1,STOP_BEFORE_TARGET,False,True,False,True,False,,1,STOP_BEFORE_TARGET,2023-03-13,2023-03-15,2023-03-17,2023-03-24,2023-04-10
COP|2023-03-13T00:00:00|Long,COP,2023-03-13,Long,0.006754075318976982,0.03714737636504828,-0.01052838255245081,True,-0.04251091345176372,0.03714737636504828,-0.09088201726404366,True,-0.04489468245297612,0.03714737636504828,-0.09088201726404366,True,-0.031783839278332615,0.03714737636504828,-0.09088201726404366,True,0.060290024596992176,0.08402859613457658,-0.09088201726404366,True,20,True,True,True,True,False,False,1,2,TARGET_BEFORE_STOP,True,True,False,True,False,15,2,STOP_BEFORE_TARGET,2023-03-14,2023-03-16,2023-03-20,2023-03-27,2023-04-11
COP|2023-03-14T00:00:00|Long,COP,2023-03-14,Long,-0.0603788744053837,-0.026144450571444322,-0.07665750025328444,True,-0.06876481036634186,-0.026144450571444322,-0.09698107509729814,True,-0.01627862584790074,-0.012529639550251104,-0.09698107509729814,True,-0.033839781812565306,-0.0026638148267075223,-0.09698107509729814,True,0.06087212047939938,0.07675610430592616,-0.09698107509729814,True,20,True,True,True,False,True,False,14,1,STOP_BEFORE_TARGET,True,True,False,True,False,14,1,STOP_BEFORE_TARGET,2023-03-15,2023-03-17,2023-03-21,2023-03-28,2023-04-12
COP|2023-03-15T00:00:00|Long,COP,2023-03-15,Long,0.012179795129443782,0.01322975813200622,-0.03895421217647865,True,0.00965986790188511,0.01795463169705891,-0.03895421217647865,True,0.032864394718798984,0.06142375688089463,-0.03895421217647865,True,0.047354076411063595,0.06142375688089463,-0.03895421217647865,True,0.14489713735081367,0.15392696336552758,-0.03895421217647865,True,20,True,True,True,False,True,False,4,1,STOP_BEFORE_TARGET,True,True,False,True,False,4,1,STOP_BEFORE_TARGET,2023-03-16,2023-03-20,2023-03-22,2023-03-29,2023-04-13
COP|2023-03-16T00:00:00|Long,COP,2023-03-16,Long,-0.020850644236669158,0.005705346614705453,-0.030083002904314204,True,0.034336073715778515,0.03827795387556221,-0.030083002904314204,True,0.00020743405342216192,0.04865139769476734,-0.030083002904314204,True,0.029564299056115795,0.04865139769476734,-0.032572607260856645,True,0.12551865438376386,0.1412862541659936,-0.032572607260856645,True,20,True,True,True,False,True,False,3,1,STOP_BEFORE_TARGET,True,True,False,True,False,12,1,STOP_BEFORE_TARGET,2023-03-17,2023-03-21,2023-03-23,2023-03-30,2023-04-14
COP|2023-03-17T00:00:00|Long,COP,2023-03-17,Long,0.01875203182441232,0.02648585672386572,0.0033901864275180937,True,0.042165519468899015,0.07098206368859206,0.0033901864275180937,True,0.011018126096538516,0.07098206368859206,-0.011971578140956063,True,0.05106472853047617,0.07098206368859206,-0.011971578140956063,True,0.11886853790925644,0.16558954713937712,-0.011971578140956063,True,20,True,True,False,True,False,False,2,,TARGET_BEFORE_STOP,True,False,True,False,False,2,,TARGET_BEFORE_STOP,2023-03-20,2023-03-22,2023-03-24,2023-03-31,2023-04-17
COP|2023-03-20T00:00:00|Long,COP,2023-03-20,Long,0.036917588260888534,0.04086930663595445,0.01913473656215814,True,0.0027037697268557093,0.05126864068250714,-0.006863598554223471,True,0.013727117767824648,0.05126864068250714,-0.030158084603127078,True,0.1274957782854873,0.13498331149350462,-0.030158084603127078,True,0.0914100764494501,0.14413469689184688,-0.030158084603127078,True,20,True,True,True,True,False,False,1,4,TARGET_BEFORE_STOP,True,True,True,False,False,2,4,TARGET_BEFORE_STOP,2023-03-21,2023-03-23,2023-03-27,2023-04-03,2023-04-18
COP|2023-03-21T00:00:00|Long,COP,2023-03-21,Long,-0.013438936417554337,0.013840108976922672,-0.014241281536291228,True,-0.04292446914647874,0.013840108976922672,-0.06468756401028408,True,-0.017851758054765243,0.013840108976922672,-0.06468756401028408,True,0.0660917062259947,0.09457426929857693,-0.06468756401028408,True,0.05566144922994076,0.10339983605715708,-0.06468756401028408,True,20,True,True,True,False,True,False,9,2,STOP_BEFORE_TARGET,True,True,False,True,False,9,2,STOP_BEFORE_TARGET,2023-03-22,2023-03-24,2023-03-28,2023-04-04,2023-04-19
COP|2023-03-22T00:00:00|Long,COP,2023-03-22,Long,-0.019823162785308268,0.014130317686676497,-0.029175588761298,True,-0.009047467366054995,0.014130317686676497,-0.0519467364814028,True,0.014028638963984541,0.01961980533992458,-0.0519467364814028,True,0.09535424409392812,0.10948456178060462,-0.0519467364814028,True,0.05499640013889118,0.11843035042396766,-0.0519467364814028,True,20,True,True,True,False,True,False,8,1,STOP_BEFORE_TARGET,True,True,False,True,False,8,2,STOP_BEFORE_TARGET,2023-03-23,2023-03-27,2023-03-29,2023-04-05,2023-04-20
COP|2023-03-23T00:00:00|Long,COP,2023-03-23,Long,-0.010267557379900372,-0.0053930372634448664,-0.032773243027633736,True,0.01566067377002711,0.023542878195076167,-0.032773243027633736,True,0.02935077665212149,0.04604856384280942,-0.032773243027633736,True,0.10205355895198931,0.13192285275110027,-0.032773243027633736,True,0.06056838911210516,0.14104956163026916,-0.032773243027633736,True,20,True,True,True,False,True,False,4,1,STOP_BEFORE_TARGET,True,True,False,True,False,7,1,STOP_BEFORE_TARGET,2023-03-24,2023-03-28,2023-03-30,2023-04-06,2023-04-21
COP|2023-03-24T00:00:00|Long,COP,2023-03-24,Long,0.02148174625591648,0.0321701737923783,0.001781391264819021,True,0.04526878005877899,0.05103219879501464,0.001781391264819021,True,0.039610172557988266,0.05690034881914663,0.001781391264819021,True,0.11023783516110752,0.1436655039361776,0.001781391264819021,True,0.08613644759945904,0.15288689396660637,0.001781391264819021,True,20,True,True,False,True,False,False,1,,TARGET_BEFORE_STOP,True,False,True,False,False,3,,TARGET_BEFORE_STOP,2023-03-27,2023-03-29,2023-03-31,2023-04-10,2023-04-24
COP|2023-03-27T00:00:00|Long,COP,2023-03-27,Long,0.004616300089716585,0.01241279280676788,-0.010771471231008412,True,0.01815753572130463,0.03467374986684946,-0.010771471231008412,True,0.11222809227810293,0.11961423503465118,-0.010771471231008412,True,0.0950963923249295,0.11961423503465118,-0.010771471231008412,True,0.0472916785207429,0.12864169936695902,-0.010771471231008412,True,20,True,True,False,True,False,False,3,,TARGET_BEFORE_STOP,True,False,True,False,False,5,,TARGET_BEFORE_STOP,2023-03-28,2023-03-30,2023-04-03,2023-04-11,2023-04-25
COP|2023-03-28T00:00:00|Long,COP,2023-03-28,Long,0.01858470018536318,0.024200987840258037,0.0075563960120852425,True,0.0130705480987241,0.029919333156796846,0.0075563960120852425,True,0.08546924048298665,0.11446950933870448,0.0075563960120852425,True,0.09802918864704346,0.11446950933870448,0.0075563960120852425,True,0.02593690296754847,0.12345549167992442,0.0075563960120852425,True,20,True,True,False,True,False,False,4,,TARGET_BEFORE_STOP,True,False,True,False,False,4,,TARGET_BEFORE_STOP,2023-03-29,2023-03-31,2023-04-04,2023-04-12,2023-04-26
COP|2023-03-29T00:00:00|Long,COP,2023-03-29,Long,-0.005012531328320802,0.011127825667684776,-0.008822027603187621,True,0.08691727487664469,0.09413533222705195,-0.008822027603187621,True,0.08020050125313283,0.09413533222705195,-0.008822027603187621,True,0.09313284125841959,0.10175440126194402,-0.008822027603187621,True,0.014837126385299104,0.10295735983023957,-0.008822027603187621,True,20,True,True,False,True,False,False,3,,TARGET_BEFORE_STOP,True,False,True,False,False,3,,TARGET_BEFORE_STOP,2023-03-30,2023-04-03,2023-04-05,2023-04-13,2023-04-27
COP|2023-03-30T00:00:00|Long,COP,2023-03-30,Long,-0.00040303189448209764,0.006549133762004056,-0.003123401094143552,True,0.07103277634012906,0.09964734901409011,-0.003123401094143552,True,0.07062974444564696,0.09964734901409011,-0.003123401094143552,True,0.09319899244332497,0.10851382008127364,-0.003123401094143552,True,0.03667505682265437,0.10851382008127364,-0.003123401094143552,True,20,True,True,False,True,False,False,2,,TARGET_BEFORE_STOP,True,False,True,False,False,2,,TARGET_BEFORE_STOP,2023-03-31,2023-04-04,2023-04-06,2023-04-14,2023-04-28
COP|2023-03-31T00:00:00|Long,COP,2023-03-31,Long,0.09283337535998548,0.1000907206613404,0.0584618799040546,True,0.08608004227735089,0.1000907206613404,0.0584618799040546,True,0.0679366790239635,0.1000907206613404,0.0584618799040546,True,0.06450964202136134,0.1089607666399588,0.0584618799040546,True,0.03346436574399525,0.1089607666399588,0.00443506144004302,True,20,True,True,False,True,False,False,1,,TARGET_BEFORE_STOP,True,False,True,False,False,1,,TARGET_BEFORE_STOP,2023-04-03,2023-04-05,2023-04-10,2023-04-17,2023-05-01
COP|2023-04-03T00:00:00|Long,COP,2023-04-03,Long,-0.0195535431930558,0.003228172662166129,-0.03052940061330711,True,-0.019922487264287136,0.003228172662166129,-0.03052940061330711,True,-0.015403045537254467,0.003228172662166129,-0.03052940061330711,True,-0.032005176898232346,0.014757411004821197,-0.039845044897460546,True,-0.09020474953391167,0.014757411004821197,-0.10090384612407466,True,20,True,False,True,False,True,False,,1,STOP_BEFORE_TARGET,False,True,False,True,False,,1,STOP_BEFORE_TARGET,2023-04-04,2023-04-06,2023-04-11,2023-04-18,2023-05-02
COP|2023-04-04T00:00:00|Long,COP,2023-04-04,Long,0.013640610598441683,0.01486353862935319,-0.0035748341665378103,True,-0.0032926255265035564,0.016086538432553477,-0.006491085809943842,True,0.011570984875138413,0.02624640833523162,-0.007619992142369858,True,-0.009783639564158508,0.03499523503773849,-0.026340573578295,True,-0.09604897855831573,0.03499523503773849,-0.09971783442333904,True,20,True,True,True,True,False,False,6,9,TARGET_BEFORE_STOP,False,True,False,True,False,,11,STOP_BEFORE_TARGET,2023-04-05,2023-04-10,2023-04-12,2023-04-19,2023-05-03
COP|2023-04-05T00:00:00|Long,COP,2023-04-05,Long,-0.01382828643869638,-9.282725039883033e-05,-0.017262186638993593,True,-0.009280742459396807,0.0024130128652479765,-0.02097449778404148,True,0.011972166269395235,0.019953610448992132,-0.02097449778404148,True,-0.03684455889283644,0.02106725422799438,-0.052250554556083184,True,-0.09642690848861657,0.02106725422799438,-0.11183297495830913,True,20,True,False,True,False,True,False,,3,STOP_BEFORE_TARGET,False,True,False,True,False,,8,STOP_BEFORE_TARGET,2023-04-06,2023-04-11,2023-04-13,2023-04-20,2023-05-04
COP|2023-04-06T00:00:00|Long,COP,2023-04-06,Long,-0.0029174212474684103,0.016469037877078208,-0.0061170855713476024,True,0.011951784467670201,0.026632732399458847,-0.007246416873526451,True,0.021080348378854197,0.035384852543249856,-0.007246416873526451,True,-0.037643515147607554,0.035384852543249856,-0.043572414734912246,True,-0.05543007031090752,0.035384852543249856,-0.09937892881321275,True,20,True,True,True,True,False,False,4,7,TARGET_BEFORE_STOP,False,True,False,True,False,,9,STOP_BEFORE_TARGET,2023-04-10,2023-04-12,2023-04-14,2023-04-21,2023-05-05
COP|2023-04-10T00:00:00|Long,COP,2023-04-10,Long,0.007550760498356901,0.01179801827281457,-0.004341662083269027,True,0.029164738615279573,0.03728178094772705,-0.004341662083269027,True,-0.003209026405698867,0.038414344615908425,-0.004341662083269027,True,-0.021708310416345356,0.038414344615908425,-0.040773948270471316,True,-0.047663950616537165,0.038414344615908425,-0.09674374983707879,True,20,True,True,True,True,False,False,3,7,TARGET_BEFORE_STOP,False,True,False,True,False,,8,STOP_BEFORE_TARGET,2023-04-11,2023-04-13,2023-04-17,2023-04-24,2023-05-08
COP|2023-04-11T00:00:00|Long,COP,2023-04-11,Long,0.007306780133928603,0.02192034040178581,0.006182704094701341,True,0.016393442622950838,0.030632287054486174,0.00346606788367243,True,-0.01686185528578743,0.030632287054486174,-0.02482437026584461,True,-0.04365343009001754,0.030632287054486174,-0.058735331550973324,True,-0.0488993088590457,0.030632287054486174,-0.10351290914995603,True,20,True,True,True,True,False,False,3,5,TARGET_BEFORE_STOP,False,True,False,True,False,,6,STOP_BEFORE_TARGET,2023-04-12,2023-04-14,2023-04-18,2023-04-25,2023-05-09
COP|2023-04-12T00:00:00|Long,COP,2023-04-12,Long,0.014042612790591713,0.02204038662221519,-0.0038128525748089004,True,-0.017855465365400724,0.023156308862982478,-0.01869247799728857,True,-0.02111035681982598,0.023156308862982478,-0.03747790221376612,True,-0.06565607401413864,0.023156308862982478,-0.07328185011506883,True,-0.06565607401413864,0.023156308862982478,-0.11001582781876085,True,20,True,False,True,False,True,False,,4,STOP_BEFORE_TARGET,False,True,False,True,False,,4,STOP_BEFORE_TARGET,2023-04-13,2023-04-17,2023-04-19,2023-04-26,2023-05-10
COP|2023-04-13T00:00:00|Long,COP,2023-04-13,Long,-0.004952319433174646,0.008987488254867726,-0.00843725386299321,True,-0.03750920701526461,0.008987488254867726,-0.04530449743148146,True,-0.04823919746942562,0.008987488254867726,-0.06346293205102038,True,-0.07162506871807628,0.008987488254867726,-0.08611518076676117,True,-0.0839141732304951,0.008987488254867726,-0.12234046088847317,True,20,True,False,True,False,True,False,,2,STOP_BEFORE_TARGET,False,True,False,True,False,,2,STOP_BEFORE_TARGET,2023-04-14,2023-04-18,2023-04-20,2023-04-27,2023-05-11
COP|2023-04-14T00:00:00|Long,COP,2023-04-14,Long,-0.026635939075100756,-0.007465415286578292,-0.027465468727498554,True,-0.029861731463313612,-0.007465415286578292,-0.04608294930875578,True,-0.05751150104856706,-0.007465415286578292,-0.06331799766435053,True,-0.05170507474978403,-0.007465415286578292,-0.08156680621309764,True,-0.08359446723340291,-0.007465415286578292,-0.11797237835721486,True,20,True,False,True,False,True,False,,1,STOP_BEFORE_TARGET,False,True,False,True,False,,2,STOP_BEFORE_TARGET,2023-04-17,2023-04-19,2023-04-21,2023-04-28,2023-05-12
COP|2023-04-17T00:00:00|Long,COP,2023-04-17,Long,-0.006249442839646013,0.000852157346562965,-0.01429790860244029,True,-0.017327921792240963,0.001893731153170597,-0.03304609263895275,True,-0.018558839817680473,0.001893731153170597,-0.03768585677428249,True,-0.029163922102589224,0.001893731153170597,-0.05643404081079495,True,-0.0503740144311936,0.001893731153170597,-0.09383584513622312,True,20,True,False,True,False,True,False,,3,STOP_BEFORE_TARGET,False,True,False,True,False,,3,STOP_BEFORE_TARGET,2023-04-18,2023-04-20,2023-04-24,2023-05-01,2023-05-15
COP|2023-04-18T00:00:00|Long,COP,2023-04-18,Long,0.0029538370367097055,0.008194384329288651,-0.01381607422968556,True,-0.025631204289966125,0.008194384329288651,-0.03163410949370038,True,-0.027251078547072427,0.008194384329288651,-0.04259165051251068,True,-0.060123846994541874,0.008194384329288651,-0.07117669183918651,True,-0.06555500193878949,0.008194384329288651,-0.08813721075725034,True,20,True,False,True,False,True,False,,2,STOP_BEFORE_TARGET,False,True,False,True,False,,3,STOP_BEFORE_TARGET,2023-04-19,2023-04-21,2023-04-25,2023-05-02,2023-05-16
COP|2023-04-19T00:00:00|Long,COP,2023-04-19,Long,-0.014060453419126206,-0.012920393147925369,-0.02983088852292215,True,-0.015295464351861354,-0.010070351192054794,-0.03448608026925981,True,-0.04550637296518378,-0.010070351192054794,-0.0532966036148369,True,-0.08711766684625144,-0.010070351192054794,-0.09082277212587786,True,-0.043226324904203084,-0.010070351192054794,-0.09082277212587786,True,20,True,False,True,False,True,False,,1,STOP_BEFORE_TARGET,False,True,False,True,False,,2,STOP_BEFORE_TARGET,2023-04-20,2023-04-24,2023-04-26,2023-05-03,2023-05-17
COP|2023-04-20T00:00:00|Long,COP,2023-04-20,Long,-0.014646335141118016,0.004047004951681421,-0.02071691608371662,True,-0.01628447158686408,0.004047004951681421,-0.031797990568309786,True,-0.024571164505274412,0.004047004951681421,-0.039795695721687174,True,-0.061861613455964304,0.004047004951681421,-0.07785702376271919,True,-0.029292743797312504,0.004047004951681421,-0.07785702376271919,True,20,True,False,True,False,True,False,,1,STOP_BEFORE_TARGET,False,True,False,True,False,,3,STOP_BEFORE_TARGET,2023-04-21,2023-04-25,2023-04-27,2023-05-04,2023-05-18
COP|2023-04-21T00:00:00|Long,COP,2023-04-21,Long,0.013592796407305707,0.016526449997138704,-0.004791761029999564,True,-0.017504409134890375,0.016526449997138704,-0.025523181652925553,True,0.006160739685675765,0.016526449997138704,-0.025523181652925553,True,-0.01848229366483467,0.016526449997138704,-0.06415025475208835,True,0.0033248223233721674,0.016526449997138704,-0.06415025475208835,True,20,True,False,True,False,True,False,,3,STOP_BEFORE_TARGET,False,True,False,True,False,,7,STOP_BEFORE_TARGET,2023-04-24,2023-04-26,2023-04-28,2023-05-05,2023-05-19
COP|2023-04-24T00:00:00|Long,COP,2023-04-24,Long,-0.015050701061483207,-0.011963317371104232,-0.03058367701185072,True,-0.02334778710390173,-0.011963317371104232,-0.038591412842394424,True,-0.010805622094490652,0.0007718459225947161,-0.038591412842394424,True,-0.026531596329146145,0.0007718459225947161,-0.07670047718862594,True,0.0007718459225947161,0.012252741190257765,-0.07670047718862594,True,20,True,False,True,False,True,False,,1,STOP_BEFORE_TARGET,False,True,False,True,False,,1,STOP_BEFORE_TARGET,2023-04-25,2023-04-27,2023-05-01,2023-05-08,2023-05-22
COP|2023-04-25T00:00:00|Long,COP,2023-04-25,Long,-0.015868304195307714,0.000391820128927689,-0.02390043000820563,True,0.007836253114458014,0.01606432635784394,-0.02390043000820563,True,-0.0337936827504981,0.01606432635784394,-0.045156167561209326,True,-0.005485332340891769,0.01606432635784394,-0.06259182700427612,True,0.022529171655030877,0.03408760389623011,-0.06259182700427612,True,20,True,True,True,False,True,False,20,1,STOP_BEFORE_TARGET,False,True,False,True,False,,5,STOP_BEFORE_TARGET,2023-04-26,2023-04-28,2023-05-02,2023-05-09,2023-05-23
COP|2023-04-26T00:00:00|Long,COP,2023-04-26,Long,0.0075644682691002885,0.014531691716271222,-0.006569161481938646,True,0.020503608376280846,0.032447517633340084,-0.006569161481938646,True,-0.0435951510858541,0.032447517633340084,-0.04747690071171229,True,0.0,0.032447517633340084,-0.04747690071171229,True,0.03493582256976402,0.05185626576263114,-0.04747690071171229,True,20,True,True,True,True,False,False,2,4,TARGET_BEFORE_STOP,True,True,False,True,False,19,5,STOP_BEFORE_TARGET,2023-04-27,2023-05-01,2023-05-03,2023-05-10,2023-05-24
COP|2023-04-27T00:00:00|Long,COP,2023-04-27,Long,0.016398261164348282,0.02469623547462585,-0.008989465888890047,True,-0.025585339142515817,0.02469623547462585,-0.037044353211938774,True,-0.0382297996468155,0.02469623547462585,-0.054628136178093256,True,-0.013237221405202781,0.02469623547462585,-0.054628136178093256,True,0.004544098283299602,0.04395926899806235,-0.054628136178093256,True,20,True,True,True,False,True,False,17,3,STOP_BEFORE_TARGET,False,True,False,True,False,,3,STOP_BEFORE_TARGET,2023-04-28,2023-05-02,2023-05-04,2023-05-11,2023-05-25
COP|2023-04-28T00:00:00|Long,COP,2023-04-28,Long,-0.0034988882543212085,0.0011663208017678173,-0.017105667671016955,True,-0.0660900290805323,0.0011663208017678173,-0.0698804789975499,True,-0.02449214362926644,0.0011663208017678173,-0.0698804789975499,True,-0.03362813786565888,0.0011663208017678173,-0.0698804789975499,True,-0.010107891162374538,0.027116346895498467,-0.0698804789975499,True,20,True,False,True,False,True,False,,2,STOP_BEFORE_TARGET,False,True,False,True,False,,2,STOP_BEFORE_TARGET,2023-05-01,2023-05-03,2023-05-05,2023-05-12,2023-05-26
COP|2023-05-01T00:00:00|Long,COP,2023-05-01,Long,-0.037940109587067616,-0.011118691146211446,-0.04925383285367779,True,-0.050424248810088224,-0.011118691146211446,-0.06661466802273897,True,-0.015897759415043566,0.002145725381082819,-0.06661466802273897,True,-0.021847243640286007,0.002145725381082819,-0.06661466802273897,True,-0.012971831141026402,0.030722730550885036,-0.06661466802273897,True,20,True,True,True,False,True,False,17,1,STOP_BEFORE_TARGET,False,True,False,True,False,,1,STOP_BEFORE_TARGET,2023-05-02,2023-05-04,2023-05-08,2023-05-15,2023-05-30
COP|2023-05-02T00:00:00|Long,COP,2023-05-02,Long,-0.025851612606816565,-0.010746122923283252,-0.02980537773315095,True,0.0175385580660814,0.030008101204259452,-0.02980537773315095,True,0.02929845303660583,0.04166667311215422,-0.02980537773315095,True,-0.00577858574970791,0.04166667311215422,-0.02980537773315095,True,0.006691034734319423,0.07137065043682611,-0.02980537773315095,True,20,True,True,True,False,True,False,3,1,STOP_BEFORE_TARGET,True,False,True,False,False,13,,TARGET_BEFORE_STOP,2023-05-03,2023-05-05,2023-05-09,2023-05-16,2023-05-31
COP|2023-05-03T00:00:00|Long,COP,2023-05-03,Long,0.013216820906050364,0.025288795897451477,-0.002913922260047608,True,0.05005729390470992,0.06931006260724737,-0.002913922260047608,True,0.0455823191772291,0.06931006260724737,-0.002913922260047608,True,0.04807995548606603,0.06931006260724737,-0.002913922260047608,True,0.035799797819846324,0.09980231379719173,-0.002913922260047608,True,20,True,True,False,True,False,False,2,,TARGET_BEFORE_STOP,True,False,True,False,False,2,,TARGET_BEFORE_STOP,2023-05-04,2023-05-08,2023-05-10,2023-05-17,2023-06-01
COP|2023-05-04T00:00:00|Long,COP,2023-05-04,Long,0.030916209093680314,0.043549690192983936,0.016228449272284617,True,0.04283071223093171,0.055361538166171176,0.016228449272284617,True,0.025986018523380006,0.055361538166171176,0.01222270371760592,True,0.0347164875947894,0.055361538166171176,0.0006162444352673102,True,0.051253059084707786,0.0854560357710148,0.0006162444352673102,True,20,True,True,False,True,False,False,1,,TARGET_BEFORE_STOP,True,False,True,False,False,2,,TARGET_BEFORE_STOP,2023-05-05,2023-05-09,2023-05-11,2023-05-18,2023-06-02
COP|2023-05-05T00:00:00|Long,COP,2023-05-05,Long,0.005280449982999702,0.023712236607456028,0.0022914787411112414,True,0.0009962984097307004,0.023712236607456028,-0.008169768580106429,True,-0.00936537227940104,0.023712236607456028,-0.018132904702806707,True,0.022217750986511797,0.03208123446443012,-0.029391297169583663,True,0.016937301003512095,0.05290422848747589,-0.029391297169583663,True,20,True,True,True,False,True,False,10,7,STOP_BEFORE_TARGET,True,False,True,False,False,12,,TARGET_BEFORE_STOP,2023-05-08,2023-05-10,2023-05-12,2023-05-19,2023-06-05
COP|2023-05-08T00:00:00|Long,COP,2023-05-08,Long,0.00624377843301005,0.017046592613400247,-0.009415307861943445,True,-0.010009931823156792,0.017046592613400247,-0.023290371046410407,True,-0.0060455956504134045,0.017046592613400247,-0.02418238260165373,True,0.0280475895763872,0.039841393283184035,-0.034489626405417195,True,0.010307243803763466,0.04737362445005422,-0.034489626405417195,True,20,True,True,True,False,True,False,10,3,STOP_BEFORE_TARGET,False,True,False,True,False,,6,STOP_BEFORE_TARGET,2023-05-09,2023-05-11,2023-05-15,2023-05-22,2023-06-06
COP|2023-05-09T00:00:00|Long,COP,2023-05-09,Long,-0.010440240040758275,0.007190026255397219,-0.019501583289123436,True,-0.02068352703013432,0.007190026255397219,-0.029350889031495964,True,-0.03407858885130011,0.007190026255397219,-0.04048065261269007,True,0.028169020434724468,0.039791204216493625,-0.04048065261269007,True,0.032305710811903365,0.0408746338596937,-0.04048065261269007,True,20,True,True,True,False,True,False,9,2,STOP_BEFORE_TARGET,False,True,False,True,False,,4,STOP_BEFORE_TARGET,2023-05-10,2023-05-12,2023-05-16,2023-05-23,2023-06-07
COP|2023-05-10T00:00:00|Long,COP,2023-05-10,Long,-0.0057728856773933135,-0.003483611723585578,-0.019110163686846593,True,-0.001791582591706864,0.00477750295319157,-0.020005992951220186,True,0.002388751476595674,0.009853666285867702,-0.03035735059918876,True,0.03493582256976402,0.05185626576263114,-0.03035735059918876,True,0.04050960132750103,0.05185626576263114,-0.03035735059918876,True,20,True,True,True,False,True,False,7,3,STOP_BEFORE_TARGET,True,True,False,True,False,9,4,STOP_BEFORE_TARGET,2023-05-11,2023-05-15,2023-05-17,2023-05-24,2023-06-08
COP|2023-05-11T00:00:00|Long,COP,2023-05-11,Long,-0.004605056434912047,0.010611648464016188,-0.01181299742102171,True,-0.018220039102461172,0.010611648464016188,-0.024727212291474787,True,0.008509345072727825,0.01571728605883771,-0.024727212291474787,True,0.018019852465274377,0.0579637696556774,-0.024727212291474787,True,0.040044048697977175,0.0579637696556774,-0.024727212291474787,True,20,True,True,True,False,True,False,6,3,STOP_BEFORE_TARGET,True,False,True,False,False,7,,TARGET_BEFORE_STOP,2023-05-12,2023-05-16,2023-05-18,2023-05-25,2023-06-09
COP|2023-05-12T00:00:00|Long,COP,2023-05-12,Long,0.008649307127748251,0.010258439504533534,-0.009755619206737842,True,0.012873365939537695,0.020416360988296356,-0.02021524821544063,True,0.03188170732390416,0.04183843930349762,-0.02021524821544063,True,0.024338712275145502,0.06285829207298765,-0.02021524821544063,True,0.034094331481883566,0.06285829207298765,-0.02021524821544063,True,20,True,True,True,False,True,False,5,2,STOP_BEFORE_TARGET,True,False,True,False,False,6,,TARGET_BEFORE_STOP,2023-05-15,2023-05-17,2023-05-19,2023-05-26,2023-06-12
COP|2023-05-15T00:00:00|Long,COP,2023-05-15,Long,-0.022135818131789553,0.002692159144497497,-0.028617037794220312,True,0.0044869572652732614,0.011666149748376098,-0.028617037794220312,True,0.03430055249778796,0.046166090449213826,-0.028617037794220312,True,0.009073646668737334,0.05374413541174805,-0.028617037794220312,True,0.031109808735668043,0.05374413541174805,-0.028617037794220312,True,20,True,True,True,False,True,False,4,1,STOP_BEFORE_TARGET,True,False,True,False,False,6,,TARGET_BEFORE_STOP,2023-05-16,2023-05-18,2023-05-22,2023-05-30,2023-06-13
COP|2023-05-16T00:00:00|Long,COP,2023-05-16,Long,0.026919541122296664,0.034567139800117275,0.0049964093534651255,True,0.04619148356677272,0.05628629203878477,0.0049964093534651255,True,0.0644437617466187,0.07647598677820566,0.0049964093534651255,True,0.012542096061600283,0.07759764080791753,0.0049964093534651255,True,0.04690525633155329,0.07759764080791753,0.0031609825589722362,True,20,True,True,False,True,False,False,1,,TARGET_BEFORE_STOP,True,False,True,False,False,3,,TARGET_BEFORE_STOP,2023-05-17,2023-05-19,2023-05-23,2023-05-31,2023-06-14
COP|2023-05-17T00:00:00|Long,COP,2023-05-17,Long,0.00029787289811911144,0.001390124028608275,-0.014497061838398495,True,0.029987134345298205,0.04180318858846799,-0.014497061838398495,True,0.03246950950439542,0.04934963028382544,-0.014497061838398495,True,-0.011716813781182056,0.04934963028382544,-0.02313575466424489,True,0.03415750643112281,0.04934963028382544,-0.02313575466424489,True,20,True,True,True,True,False,False,3,10,TARGET_BEFORE_STOP,False,False,False,False,True,,,NEITHER,2023-05-18,2023-05-22,2023-05-24,2023-06-01,2023-06-15
COP|2023-05-18T00:00:00|Long,COP,2023-05-18,Long,0.01846337750440341,0.028290634649160262,0.010819972110374332,True,0.036231899972985815,0.0479452246721932,0.010819972110374332,True,0.009430262038732762,0.049037150547557085,-0.00238234930374015,True,0.015981741557397733,0.049037150547557085,-0.023426649398414545,True,0.041492956063274855,0.049037150547557085,-0.023426649398414545,True,20,True,True,True,True,False,False,2,9,TARGET_BEFORE_STOP,False,False,False,False,True,,,NEITHER,2023-05-19,2023-05-23,2023-05-25,2023-06-02,2023-06-16
COP|2023-05-19T00:00:00|Long,COP,2023-05-19,Long,0.011013692978733447,0.02261208313184726,-0.0017543889654265676,True,0.013450340188460919,0.030019511470378513,-0.0017543889654265676,True,-0.007309941629182082,0.030019511470378513,-0.0204678216895956,True,-0.0051656801869305324,0.030019511470378513,-0.04113061679788954,True,-0.005555552663755514,0.030019511470378513,-0.04113061679788954,True,20,True,True,True,True,False,False,3,4,TARGET_BEFORE_STOP,False,True,False,True,False,,7,STOP_BEFORE_TARGET,2023-05-22,2023-05-24,2023-05-26,2023-06-05,2023-06-20
COP|2023-05-22T00:00:00|Long,COP,2023-05-22,Long,0.006362633870200529,0.017738323323476912,0.0025064542410289103,True,-0.019666449913317008,0.0187987745602618,-0.031138564083712517,True,-0.024390304895543946,0.0187987745602618,-0.03566956963170098,True,-0.01725634683889843,0.0187987745602618,-0.05157626463296572,True,-0.0002892741513577102,0.0187987745602618,-0.05157626463296572,True,20,True,False,True,False,True,False,,3,STOP_BEFORE_TARGET,False,True,False,True,False,,3,STOP_BEFORE_TARGET,2023-05-23,2023-05-25,2023-05-30,2023-06-06,2023-06-21
COP|2023-05-23T00:00:00|Long,COP,2023-05-23,Long,-0.003927541288552772,0.012357514350701981,-0.008813087214526227,True,-0.024331841463534065,0.012357514350701981,-0.037264100128294286,True,-0.04875942492241614,0.012357514350701981,-0.049429984317315045,True,0.004023356369393438,0.012357514350701981,-0.05757258522243491,True,-0.028355197832927392,0.012357514350701981,-0.05757258522243491,True,20,True,False,True,False,True,False,,2,STOP_BEFORE_TARGET,False,True,False,True,False,,2,STOP_BEFORE_TARGET,2023-05-24,2023-05-26,2023-05-31,2023-06-07,2023-06-22
COP|2023-05-24T00:00:00|Long,COP,2023-05-24,Long,-0.022023474144989508,-0.015195246971006493,-0.03346800581442322,True,-0.02673597152279794,-0.010867521122628898,-0.03798811742751618,True,-0.04279673431401154,-0.010867521122628898,-0.05385656782768511,True,0.0053856274333001775,0.015291366479693425,-0.05385656782768511,True,-0.03385270397018325,0.015291366479693425,-0.05385656782768511,True,20,True,False,True,False,True,False,,1,STOP_BEFORE_TARGET,False,True,False,True,False,,1,STOP_BEFORE_TARGET,2023-05-25,2023-05-30,2023-06-01,2023-06-08,2023-06-23
COP|2023-05-25T00:00:00|Long,COP,2023-05-25,Long,0.001573370330156365,0.011407178728147116,-0.007965435820055267,True,-0.023502796069117537,0.011407178728147116,-0.024191159655936767,True,0.0064902745291517405,0.012193901406227337,-0.032549956815032144,True,0.021634348465177977,0.03815514957484267,-0.032549956815032144,True,-0.0037368952078790096,0.03815514957484267,-0.032549956815032144,True,20,True,True,True,False,True,False,8,3,STOP_BEFORE_TARGET,False,True,False,True,False,,4,STOP_BEFORE_TARGET,2023-05-26,2023-05-31,2023-06-02,2023-06-09,2023-06-26
COP|2023-05-26T00:00:00|Long,COP,2023-05-26,Long,-0.006381949294226641,-0.0025527946993197936,-0.017869413078947294,True,-0.022778593319406903,-0.0025527946993197936,-0.034069722854093265,True,0.0021600512911055247,0.02356408013583544,-0.034069722854093265,True,0.009523821651794995,0.036524312974323125,-0.034069722854093265,True,-0.01040743813916778,0.036524312974323125,-0.034069722854093265,True,20,True,True,True,False,True,False,7,2,STOP_BEFORE_TARGET,False,True,False,True,False,,3,STOP_BEFORE_TARGET,2023-05-30,2023-06-01,2023-06-05,2023-06-12,2023-06-27
COP|2023-05-30T00:00:00|Long,COP,2023-05-30,Long,-0.018774643812055736,-0.0020750898300921916,-0.019466340422086503,True,0.011363651784170203,0.017094895346868366,-0.027865610472957658,True,0.007312307465211942,0.030138370985502094,-0.027865610472957658,True,0.02183801166513355,0.043181846624136044,-0.027865610472957658,True,0.012944715686683983,0.043181846624136044,-0.027865610472957658,True,20,True,True,True,False,True,False,4,2,STOP_BEFORE_TARGET,False,False,False,False,True,,,NEITHER,2023-05-31,2023-06-02,2023-06-06,2023-06-13,2023-06-28
COP|2023-05-31T00:00:00|Long,COP,2023-05-31,Long,0.0023161703974892145,0.01691843155634265,-0.009264912085252486,True,0.027895232204802722,0.04984891033348826,-0.009264912085252486,True,0.055488361908347494,0.062235650707428425,-0.009264912085252486,True,0.03393751272526124,0.06314195821120294,-0.009264912085252486,True,0.037864998905147385,0.06314195821120294,-0.009264912085252486,True,20,True,True,False,True,False,False,2,,TARGET_BEFORE_STOP,True,False,True,False,False,5,,TARGET_BEFORE_STOP,2023-06-01,2023-06-05,2023-06-07,2023-06-14,2023-06-29
COP|2023-06-01T00:00:00|Long,COP,2023-06-01,Long,0.02833316316096246,0.03416057035646358,0.009544906955573307,True,0.02421384197395038,0.0474229004178881,0.008238719028245134,True,0.050336604015638775,0.060685230479312624,0.008238719028245134,True,0.04641819354209642,0.060685230479312624,0.008238719028245134,True,0.04099268442775639,0.060685230479312624,0.0010047068757916833,True,20,True,True,False,True,False,False,1,,TARGET_BEFORE_STOP,True,False,True,False,False,4,,TARGET_BEFORE_STOP,2023-06-02,2023-06-06,2023-06-08,2023-06-15,2023-06-30
COP|2023-06-02T00:00:00|Long,COP,2023-06-02,Long,-0.0027356989103196616,0.018563767017146793,-0.01348311943323477,True,0.024035164837786116,0.030581386707142055,-0.019540791693374526,True,0.015046418548962937,0.03146068655308576,-0.019540791693374526,True,0.0251099143442981,0.03146068655308576,-0.019540791693374526,True,0.01836839189878292,0.03146068655308576,-0.026575488629742128,True,20,True,True,True,True,False,False,3,14,TARGET_BEFORE_STOP,False,False,False,False,True,,,NEITHER,2023-06-05,2023-06-07,2023-06-09,2023-06-16,2023-07-03
COP|2023-06-05T00:00:00|Long,COP,2023-06-05,Long,-0.0012736088351782415,0.006564104741339394,-0.016851192572212237,True,0.024199091095210123,0.03429019310732384,-0.016851192572212237,True,0.007347898522997998,0.03429019310732384,-0.016851192572212237,True,-0.0003918968908293019,0.03429019310732384,-0.016851192572212237,True,0.019104506261119036,0.03429019310732384,-0.02390518711376055,True,20,True,True,True,True,False,False,2,13,TARGET_BEFORE_STOP,False,False,False,False,True,,,NEITHER,2023-06-06,2023-06-08,2023-06-12,2023-06-20,2023-07-05
COP|2023-06-06T00:00:00|Long,COP,2023-06-06,Long,0.02815376739702491,0.03472631774324397,0.003727655918356332,True,0.01912886895763055,0.03560915407574616,0.003727655918356332,True,0.014420258833602206,0.03560915407574616,-0.00500296374353737,True,0.01726500357744798,0.03560915407574616,-0.009024973281402948,True,-0.015695566658783355,0.03560915407574616,-0.025407140526348848,True,20,True,True,True,True,False,False,1,12,TARGET_BEFORE_STOP,False,False,False,False,True,,,NEITHER,2023-06-07,2023-06-09,2023-06-13,2023-06-21,2023-07-06
COP|2023-06-07T00:00:00|Long,COP,2023-06-07,Long,-0.002576058098994527,0.007251237037817715,-0.021181197141637575,True,-0.018986717967024336,0.007251237037817715,-0.03224880576424394,True,-0.02041789370763103,0.007251237037817715,-0.03224880576424394,True,-0.03224880576424394,0.007251237037817715,-0.0361606812690608,True,-0.015074842462207472,0.007251237037817715,-0.052094258292681106,True,20,True,False,True,False,True,False,,1,STOP_BEFORE_TARGET,False,True,False,True,False,,3,STOP_BEFORE_TARGET,2023-06-08,2023-06-12,2023-06-14,2023-06-22,2023-07-07
COP|2023-06-08T00:00:00|Long,COP,2023-06-08,Long,-0.0062177302485785235,0.008704763963510498,-0.00870483694413482,True,-0.010809233245856364,0.008896119160427984,-0.029749383806343843,True,-0.0037306235530223386,0.008896119160427984,-0.029749383806343843,True,-0.03902814037998237,0.008991796758886617,-0.04696770249769622,True,-0.0018175094675939585,0.008991796758886617,-0.04964609140954557,True,20,True,False,True,False,True,False,,2,STOP_BEFORE_TARGET,False,True,False,True,False,,7,STOP_BEFORE_TARGET,2023-06-09,2023-06-13,2023-06-15,2023-06-23,2023-07-10
COP|2023-06-09T00:00:00|Long,COP,2023-06-09,Long,-0.010299352210130341,0.002502667607642506,-0.02367888246149874,True,-0.011743201731356345,0.015208411207403572,-0.02367888246149874,True,0.00991432077532095,0.015304687425415242,-0.02367888246149874,True,-0.024833976765926913,0.015304687425415242,-0.04100492984173543,True,0.03417078710765242,0.035807115627664476,-0.04370007644816398,True,20,True,True,True,False,True,False,20,1,STOP_BEFORE_TARGET,False,True,False,True,False,,9,STOP_BEFORE_TARGET,2023-06-12,2023-06-14,2023-06-16,2023-06-26,2023-07-11
COP|2023-06-12T00:00:00|Long,COP,2023-06-12,Long,0.005738221834626689,0.025773210793077928,0.0038903085690151773,True,0.012935244456352857,0.025773210793077928,-0.007586060898774116,True,-0.007683339018402235,0.025870488912705936,-0.017506351459835923,True,-0.019743228801031187,0.025870488912705936,-0.03102511623102866,True,0.06311999497210885,0.06564870667218825,-0.03374830996889999,True,20,True,True,True,False,True,False,19,8,STOP_BEFORE_TARGET,True,True,False,True,False,20,8,STOP_BEFORE_TARGET,2023-06-13,2023-06-15,2023-06-20,2023-06-27,2023-07-12
COP|2023-06-13T00:00:00|Long,COP,2023-06-13,Long,-0.007156033913140791,0.014892111319952273,-0.013248261271303075,True,0.01460201579500775,0.02001740278037234,-0.013248261271303075,True,0.0028043059265365766,0.02001740278037234,-0.02311195178807146,True,-0.00870323463888123,0.02001740278037234,-0.03655358548330123,True,0.06904553850494266,0.08074652527239623,-0.03926124208692894,True,20,True,True,True,False,True,False,18,4,STOP_BEFORE_TARGET,True,True,False,True,False,19,7,STOP_BEFORE_TARGET,2023-06-14,2023-06-16,2023-06-21,2023-06-28,2023-07-13
COP|2023-06-14T00:00:00|Long,COP,2023-06-14,Long,0.014415149345753608,0.025713445375778354,0.0015584266578643202,True,-0.0062335580117115486,0.027369292277227508,-0.01607092193732973,True,-0.012077509358957017,0.027369292277227508,-0.01607092193732973,True,0.0037985720912032672,0.027369292277227508,-0.029609437710566344,True,0.043050533240218014,0.08853612671081756,-0.03233661005195598,True,20,True,True,True,False,True,False,17,6,STOP_BEFORE_TARGET,True,True,False,True,False,18,14,STOP_BEFORE_TARGET,2023-06-15,2023-06-20,2023-06-22,2023-06-29,2023-07-14
COP|2023-06-15T00:00:00|Long,COP,2023-06-15,Long,0.0073931505692304,0.012770060600759692,0.0006721045972026829,True,-0.00432073519965237,0.012770060600759692,-0.030052854891555292,True,-0.03542969166917742,0.012770060600759692,-0.04339898421737243,True,-0.005184838287238702,0.012770060600759692,-0.04339898421737243,True,0.021987526471215046,0.07306769562034665,-0.0460874026061836,True,20,True,True,True,False,True,False,16,2,STOP_BEFORE_TARGET,True,True,False,True,False,17,2,STOP_BEFORE_TARGET,2023-06-16,2023-06-21,2023-06-23,2023-06-30,2023-07-17
COP|2023-06-16T00:00:00|Long,COP,2023-06-16,Long,-0.02754479069847937,-0.0016202646960742362,-0.03717119323238083,True,-0.0332634190304677,-0.0016202646960742362,-0.03717119323238083,True,-0.03440717378338709,-0.0016202646960742362,-0.05041937674273711,True,-0.006576389859449527,0.0006671720934601222,-0.05041937674273711,True,0.036504021138920484,0.06519256659031947,-0.05308806511657804,True,20,True,True,True,False,True,False,16,1,STOP_BEFORE_TARGET,True,True,False,True,False,17,1,STOP_BEFORE_TARGET,2023-06-20,2023-06-22,2023-06-26,2023-07-03,2023-07-18
COP|2023-06-20T00:00:00|Long,COP,2023-06-20,Long,0.016367717229495593,0.02352250862092431,-0.00225419710174235,True,-0.015387628281955723,0.02352250862092431,-0.02352250862092431,True,-0.012153267456679995,0.02352250862092431,-0.02352250862092431,True,0.01950404672721917,0.029109097875494427,-0.02352250862092431,True,0.07301778561961925,0.09536414263789972,-0.02626678758443335,True,20,True,True,True,False,True,False,14,3,STOP_BEFORE_TARGET,True,False,True,False,False,14,,TARGET_BEFORE_STOP,2023-06-21,2023-06-23,2023-06-27,2023-07-05,2023-07-19
COP|2023-06-21T00:00:00|Long,COP,2023-06-21,Long,-0.021890035775019245,-0.007907422555021748,-0.02507231003505994,True,-0.02304724648006795,-0.007907422555021748,-0.03924782849179442,True,-0.011475360144954094,-0.007907422555021748,-0.03924782849179442,True,-0.032401164023452944,0.01253619180342569,-0.04194791323178371,True,0.07704923556701715,0.07791708841696021,-0.04194791323178371,True,20,True,True,True,False,True,False,13,1,STOP_BEFORE_TARGET,True,True,False,True,False,14,2,STOP_BEFORE_TARGET,2023-06-22,2023-06-26,2023-06-28,2023-07-06,2023-07-20
COP|2023-06-22T00:00:00|Long,COP,2023-06-22,Long,-0.009563257594248697,-0.0050281192418023535,-0.017746258960288697,True,-0.006309764248475291,0.004337991127697949,-0.017746258960288697,True,0.016070169067472495,0.018534923077605736,-0.017746258960288697,True,0.017746258960288808,0.03519668425597011,-0.020506771416706315,True,0.11298431479831006,0.11604058570101183,-0.020506771416706315,True,20,True,True,True,True,False,False,7,9,TARGET_BEFORE_STOP,True,False,True,False,False,12,,TARGET_BEFORE_STOP,2023-06-23,2023-06-27,2023-06-29,2023-07-07,2023-07-21
COP|2023-06-23T00:00:00|Long,COP,2023-06-23,Long,0.008461063924620982,0.01403547357116497,-0.004578927818681966,True,0.020406162357557323,0.02249653749578595,-0.004977105360906564,True,0.03135577896263175,0.03921961454621625,-0.004977105360906564,True,0.038721873632285186,0.04519212579038401,-0.011049179976780676,True,0.14194706615754416,0.15170215013594457,-0.011049179976780676,True,20,True,True,False,True,False,False,5,,TARGET_BEFORE_STOP,True,False,True,False,False,11,,TARGET_BEFORE_STOP,2023-06-26,2023-06-28,2023-06-30,2023-07-10,2023-07-24
COP|2023-06-26T00:00:00|Long,COP,2023-06-26,Long,-0.005132727821512972,0.003059966394816982,-0.009673238092541392,True,0.017273714758386793,0.019741388295299034,-0.013325422037842927,True,0.02882248414477573,0.03632415747564699,-0.013325422037842927,True,0.06050740332184046,0.06218540325316013,-0.01934655149250264,True,0.1467772490862198,0.15013324894885893,-0.01934655149250264,True,20,True,True,False,True,False,False,4,,TARGET_BEFORE_STOP,True,False,True,False,False,10,,TARGET_BEFORE_STOP,2023-06-27,2023-06-29,2023-07-03,2023-07-11,2023-07-25
COP|2023-06-27T00:00:00|Long,COP,2023-06-27,Long,0.0170651969945379,0.019148727925832,-0.008234962035076454,True,0.027978962885293335,0.035817051072130957,-0.008234962035076454,True,0.03204678736183508,0.04177000740382053,-0.008234962035076454,True,0.084532161580265,0.08711180374584426,-0.014287155752812475,True,0.1591427797383449,0.1622184574422627,-0.014287155752812475,True,20,True,True,False,True,False,False,3,,TARGET_BEFORE_STOP,True,False,True,False,False,9,,TARGET_BEFORE_STOP,2023-06-28,2023-06-30,2023-07-05,2023-07-12,2023-07-26
COP|2023-06-28T00:00:00|Long,COP,2023-06-28,Long,0.0053652854443644316,0.007804071853399597,-0.006828646600811172,True,0.016778862402298422,0.024192719499149806,-0.006828646600811172,True,-0.02116872259407443,0.024290291794750507,-0.030826295934614167,True,0.07843137984567194,0.09023509713429934,-0.030826295934614167,True,0.12945074984420812,0.15003411309053294,-0.030826295934614167,True,20,True,True,True,False,True,False,8,5,STOP_BEFORE_TARGET,True,True,False,True,False,9,5,STOP_BEFORE_TARGET,2023-06-29,2023-07-03,2023-07-06,2023-07-13,2023-07-27
COP|2023-06-29T00:00:00|Long,COP,2023-06-29,Long,0.005336726807557923,0.013002173481746038,-0.005045572049143243,True,0.009314953495189515,0.01882401016265578,-0.005045572049143243,True,0.0016495808496714837,0.01882401016265578,-0.035998439475640076,True,0.039103423974036655,0.08441689097353633,-0.035998439475640076,True,0.12487874103882945,0.14389678034509212,-0.035998439475640076,True,20,True,True,True,False,True,False,7,4,STOP_BEFORE_TARGET,True,True,False,True,False,8,4,STOP_BEFORE_TARGET,2023-06-30,2023-07-05,2023-07-07,2023-07-14,2023-07-28
COP|2023-06-30T00:00:00|Long,COP,2023-06-30,Long,0.005984004854065139,0.013319151098239557,0.0001929991598166314,True,-0.031560701218008025,0.013415687495996087,-0.04111574279640395,True,0.007142147084357786,0.013415687495996087,-0.04111574279640395,True,0.027313983345078174,0.0786603752327808,-0.04111574279640395,True,0.1361837711343652,0.14129909568001464,-0.04111574279640395,True,20,True,True,True,False,True,False,6,3,STOP_BEFORE_TARGET,True,True,False,True,False,7,3,STOP_BEFORE_TARGET,2023-07-03,2023-07-06,2023-07-10,2023-07-17,2023-07-31
COP|2023-07-03T00:00:00|Long,COP,2023-07-03,Long,-0.0020148393658592223,0.00738747594998701,-0.010457679479798698,True,-0.0095941664376189,0.00738747594998701,-0.046819579062096106,True,0.03079726548103512,0.03242825620798673,-0.046819579062096106,True,0.04336560009105783,0.07224406156364149,-0.046819579062096106,True,0.12616323009654407,0.13451018124843772,-0.046819579062096106,True,20,True,True,True,False,True,False,5,2,STOP_BEFORE_TARGET,True,True,False,True,False,6,2,STOP_BEFORE_TARGET,2023-07-05,2023-07-07,2023-07-11,2023-07-18,2023-08-01
COP|2023-07-05T00:00:00|Long,COP,2023-07-05,Long,-0.03537781603476986,-0.0037492732381705363,-0.044895196305090423,True,0.003172484538593645,0.0056720244791941266,-0.044895196305090423,True,0.050855615134072885,0.053355155074673366,-0.044895196305090423,True,0.05248997202530803,0.07440882275475436,-0.044895196305090423,True,0.11122861053846633,0.1368006519531273,-0.044895196305090423,True,20,True,True,True,False,True,False,4,1,STOP_BEFORE_TARGET,True,True,False,True,False,5,1,STOP_BEFORE_TARGET,2023-07-06,2023-07-10,2023-07-12,2023-07-19,2023-08-02
COP|2023-07-06T00:00:00|Long,COP,2023-07-06,Long,0.028802143955746207,0.04255535607238703,-0.002192481556086312,True,0.07075948138972077,0.07245370278846242,-0.002192481556086312,True,0.10175410690155329,0.11381309761945246,-0.002192481556086312,True,0.11311547257082766,0.11401238647530465,-0.002192481556086312,True,0.14600360833725423,0.178493166391976,-0.002192481556086312,True,20,True,True,False,True,False,False,1,,TARGET_BEFORE_STOP,True,False,True,False,False,3,,TARGET_BEFORE_STOP,2023-07-07,2023-07-11,2023-07-13,2023-07-20,2023-08-03
COP|2023-07-07T00:00:00|Long,COP,2023-07-07,Long,0.010849511583516547,0.01191509917214817,-0.004649843469188952,True,0.058897549200280785,0.06141621749220638,-0.004649843469188952,True,0.037392161730446904,0.08263100360273268,-0.004649843469188952,True,0.09357740694160332,0.09658038619679021,-0.004649843469188952,True,0.10152083102528708,0.1455003017982326,-0.004649843469188952,True,20,True,True,False,True,False,False,2,,TARGET_BEFORE_STOP,True,False,True,False,False,3,,TARGET_BEFORE_STOP,2023-07-10,2023-07-12,2023-07-14,2023-07-21,2023-08-04
COP|2023-07-10T00:00:00|Long,COP,2023-07-10,Long,0.029611921537799457,0.03124103674078116,0.004791566912422995,True,0.05941547358215171,0.07101105673659469,0.004791566912422995,True,0.020028787712953244,0.07101105673659469,0.004791566912422995,True,0.09937712408451826,0.10876855428930265,0.004791566912422995,True,0.09707719243833779,0.13320557478806405,0.004791566912422995,True,20,True,True,False,True,False,False,1,,TARGET_BEFORE_STOP,True,False,True,False,False,2,,TARGET_BEFORE_STOP,2023-07-11,2023-07-13,2023-07-17,2023-07-24,2023-08-07
COP|2023-07-11T00:00:00|Long,COP,2023-07-11,Long,0.017405017448760107,0.01982499260068038,0.009400544339960737,True,-0.0032576889013615773,0.040208484704569836,-0.009214496190131594,True,0.012192828823772262,0.040208484704569836,-0.012099804748857745,True,0.08134770723349516,0.08451223003845376,-0.012099804748857745,True,0.07585623335153091,0.10061427134171108,-0.012099804748857745,True,20,True,True,False,True,False,False,2,,TARGET_BEFORE_STOP,True,False,True,False,False,8,,TARGET_BEFORE_STOP,2023-07-12,2023-07-14,2023-07-18,2023-07-25,2023-08-08
COP|2023-07-12T00:00:00|Long,COP,2023-07-12,Long,0.011343934872008132,0.022413362293997263,0.002470078478560067,True,-0.026255559246985527,0.022413362293997263,-0.029000075379620127,True,0.0015552630329966899,0.022413362293997263,-0.029000075379620127,True,0.06879521032309932,0.07163115914312912,-0.029000075379620127,True,0.06522738122824112,0.08718323110553983,-0.029000075379620127,True,20,True,True,True,False,True,False,7,2,STOP_BEFORE_TARGET,True,False,True,False,False,8,,TARGET_BEFORE_STOP,2023-07-13,2023-07-17,2023-07-19,2023-07-26,2023-08-09
COP|2023-07-13T00:00:00|Long,COP,2023-07-13,Long,-0.031298115046159425,-0.0028946149795617826,-0.03708734500528299,True,-0.01628225239320058,-0.0028946149795617826,-0.03989148385680896,True,0.010312070178005506,0.011126148291132898,-0.03989148385680896,True,0.047308870042187756,0.06639526128691431,-0.03989148385680896,True,0.04776118166930177,0.07498863009756374,-0.03989148385680896,True,20,True,True,True,False,True,False,7,1,STOP_BEFORE_TARGET,True,True,False,True,False,8,1,STOP_BEFORE_TARGET,2023-07-14,2023-07-18,2023-07-20,2023-07-27,2023-08-10
COP|2023-07-14T00:00:00|Long,COP,2023-07-14,Long,-0.006069604246072724,0.005322694403875561,-0.008871014854130332,True,0.022317743027107984,0.0336166423253661,-0.008871014854130332,True,0.05416008264168415,0.05705482135860085,-0.008871014854130332,True,0.08254742991486475,0.10084978449043569,-0.008871014854130332,True,0.10010273216257604,0.10972079934456591,-0.008871014854130332,True,20,True,True,False,True,False,False,3,,TARGET_BEFORE_STOP,True,False,True,False,False,5,,TARGET_BEFORE_STOP,2023-07-17,2023-07-19,2023-07-21,2023-07-28,2023-08-11
COP|2023-07-17T00:00:00|Long,COP,2023-07-17,Long,0.02170234409629379,0.02874856715902685,-0.0003758071646923211,True,0.049323561439131414,0.050169073801273445,-0.0003758071646923211,True,0.07779029114411107,0.08699731580646519,-0.0003758071646923211,True,0.1059751833950433,0.11095450289091247,-0.0003758071646923211,True,0.10569334594099589,0.11649749729487646,-0.0003758071646923211,True,20,True,True,False,True,False,False,2,,TARGET_BEFORE_STOP,True,False,True,False,False,3,,TARGET_BEFORE_STOP,2023-07-18,2023-07-20,2023-07-24,2023-07-31,2023-08-14
COP|2023-07-18T00:00:00|Long,COP,2023-07-18,Long,0.006712674546515807,0.01783910290948265,0.00018387717762213818,True,0.03806895990481318,0.04091951216774414,0.00018387717762213818,True,0.06832184188667378,0.07144824499371416,0.00018387717762213818,True,0.0793562965831538,0.08735632183908049,0.00018387717762213818,True,0.06216093918372856,0.09278157552083344,0.00018387717762213818,True,20,True,True,False,True,False,False,3,,TARGET_BEFORE_STOP,True,False,True,False,False,4,,TARGET_BEFORE_STOP,2023-07-19,2023-07-21,2023-07-25,2023-08-01,2023-08-15
COP|2023-07-19T00:00:00|Long,COP,2023-07-19,Long,0.020186326422255263,0.021008360904636536,0.006576484921737125,True,0.04786260233008721,0.05681396968019614,0.006576484921737125,True,0.06713553387606463,0.06996707889879428,0.006576484921737125,True,0.05580921441002196,0.08010592230687008,0.006576484921737125,True,0.04713185855404034,0.08549500085820227,0.006576484921737125,True,20,True,True,False,True,False,False,2,,TARGET_BEFORE_STOP,True,False,True,False,False,3,,TARGET_BEFORE_STOP,2023-07-20,2023-07-24,2023-07-26,2023-08-02,2023-08-16
COP|2023-07-20T00:00:00|Long,COP,2023-07-20,Long,0.010743996078536489,0.01351951359861503,0.0014325009330962146,True,0.04020053510272792,0.04324464227847091,0.0014325009330962146,True,0.036619180306995514,0.05551076025353985,0.0014325009330962146,True,0.02954602337030554,0.05873397273883296,0.0014325009330962146,True,0.04512490648544287,0.06401641812332604,-0.003491802140957345,True,20,True,True,False,True,False,False,2,,TARGET_BEFORE_STOP,True,False,True,False,False,5,,TARGET_BEFORE_STOP,2023-07-21,2023-07-25,2023-07-27,2023-08-03,2023-08-17
COP|2023-07-21T00:00:00|Long,COP,2023-07-21,Long,0.016210486676842883,0.024891465796671897,0.0045176910176973895,True,0.03490125310220815,0.037647267454850475,0.0045176910176973895,True,0.02692887706584668,0.04429090288805937,0.0045176910176973895,True,0.0072637053703394905,0.04747985330260396,0.0010630059990330842,True,0.03897600805800305,0.05270614740376889,-0.014084474678776715,True,20,True,True,False,True,False,False,2,,TARGET_BEFORE_STOP,True,False,True,False,False,13,,TARGET_BEFORE_STOP,2023-07-24,2023-07-26,2023-07-28,2023-08-04,2023-08-18
COP|2023-07-24T00:00:00|Long,COP,2023-07-24,Long,0.012726630656705096,0.015690336499390112,-0.0071478354785463605,True,0.00923986704423485,0.0276324802581438,-0.0071478354785463605,True,0.02615062733680129,0.030770560858918827,-0.0071478354785463605,True,-0.0020920315656884902,0.030770560858918827,-0.014905849601438592,True,0.021705002068289403,0.038267079349160404,-0.029811699202877295,True,20,True,True,True,True,False,False,5,11,TARGET_BEFORE_STOP,False,False,False,False,True,,,NEITHER,2023-07-25,2023-07-27,2023-07-31,2023-08-07,2023-08-21
COP|2023-07-25T00:00:00|Long,COP,2023-07-25,Long,0.005594779860315979,0.008263032208219778,-0.008779451199751542,True,-0.002151833356372146,0.014718532277336216,-0.012997091859735521,True,0.010328773843089056,0.017817177564011466,-0.012997091859735521,True,-0.005078360868784326,0.017817177564011466,-0.04200376347563639,True,-0.0002582094957658265,0.025219489563431008,-0.04200376347563639,True,20,True,False,True,False,True,False,,7,STOP_BEFORE_TARGET,False,True,False,True,False,,10,STOP_BEFORE_TARGET,2023-07-26,2023-07-28,2023-08-01,2023-08-08,2023-08-22
COP|2023-07-26T00:00:00|Long,COP,2023-07-26,Long,-0.008987443595834255,0.009072991029535293,-0.012839167820686281,True,0.007617901016003126,0.012154396530770661,-0.018488433007412874,True,-0.010613759083537566,0.012154396530770661,-0.018488433007412874,True,-0.0033381784091076616,0.017204437861282784,-0.047333721583721955,True,-0.008730670687961961,0.019515524638901605,-0.047333721583721955,True,20,True,False,True,False,True,False,,6,STOP_BEFORE_TARGET,False,True,False,True,False,,6,STOP_BEFORE_TARGET,2023-07-27,2023-07-31,2023-08-02,2023-08-09,2023-08-23
COP|2023-07-27T00:00:00|Long,COP,2023-07-27,Long,0.00129557373864575,0.004491313507889894,-0.00958715341211458,True,0.013819299455781309,0.021333574423433088,-0.00958715341211458,True,-0.00682329352095834,0.021333574423433088,-0.02392465600510718,True,0.00043187987808779305,0.026429414327657774,-0.038694038476187576,True,-0.008464292087333347,0.02876146023634396,-0.038694038476187576,True,20,True,False,True,False,True,False,,5,STOP_BEFORE_TARGET,False,True,False,True,False,,8,STOP_BEFORE_TARGET,2023-07-28,2023-08-01,2023-08-03,2023-08-10,2023-08-24
COP|2023-07-28T00:00:00|Long,COP,2023-07-28,Long,0.015440359793110758,0.020012073567816868,0.007159508573016282,True,-0.0029328384921083472,0.020012073567816868,-0.008798383855614156,True,-0.01914949723849879,0.020012073567816868,-0.025187597354081492,True,0.016216658746390333,0.02510131997804299,-0.03993786975959546,True,0.0050892464102261226,0.027430348458593157,-0.03993786975959546,True,20,True,False,True,False,True,False,,4,STOP_BEFORE_TARGET,False,True,False,True,False,,7,STOP_BEFORE_TARGET,2023-07-31,2023-08-02,2023-08-04,2023-08-11,2023-08-25
COP|2023-07-31T00:00:00|Long,COP,2023-07-31,Long,-0.0028882429813070765,0.0009344258342753875,-0.012996931391704769,True,-0.023190650090253895,0.0009344258342753875,-0.04001018548787039,True,-0.027522917347708287,0.0009344258342753875,-0.04001018548787039,True,-0.00025483162577133456,0.00951405968037422,-0.054536171443873904,True,-0.0016989855212602434,0.011807673931657936,-0.054536171443873904,True,20,True,False,True,False,True,False,,2,STOP_BEFORE_TARGET,False,True,False,True,False,,3,STOP_BEFORE_TARGET,2023-08-01,2023-08-03,2023-08-07,2023-08-14,2023-08-28
COP|2023-08-01T00:00:00|Long,COP,2023-08-01,Long,-0.015249624786264127,0.0013631254545349858,-0.02104271297584026,True,-0.03126595889265493,0.0013631254545349858,-0.03722947026274748,True,-0.015249624786264127,0.0013631254545349858,-0.05179753232174411,True,-0.01593112251613249,0.012438227284335301,-0.05179753232174411,True,0.0023854695454361696,0.014738485239513155,-0.05179753232174411,True,20,True,False,True,False,True,False,,1,STOP_BEFORE_TARGET,False,True,False,True,False,,2,STOP_BEFORE_TARGET,2023-08-02,2023-08-04,2023-08-08,2023-08-15,2023-08-29
COP|2023-08-02T00:00:00|Long,COP,2023-08-02,Long,-0.005190747410071639,0.014707194666459644,-0.022320220463701412,True,-0.00960284640646858,0.014707194666459644,-0.022320220463701412,True,0.007353630335197092,0.028116619975483426,-0.03711388028417595,True,-0.008218677898952254,0.028116619975483426,-0.03711388028417595,True,0.026905447779931313,0.03045249921257298,-0.03711388028417595,True,20,True,True,True,False,True,False,13,1,STOP_BEFORE_TARGET,False,True,False,True,False,,4,STOP_BEFORE_TARGET,2023-08-03,2023-08-07,2023-08-09,2023-08-16,2023-08-30
COP|2023-08-03T00:00:00|Long,COP,2023-08-03,Long,-0.011131392321733102,0.014783934335321325,-0.012261901547170106,True,0.0052178318572708715,0.014783934335321325,-0.032089702413798715,True,0.007305017678844727,0.03348115962818121,-0.032089702413798715,True,0.015131798638917004,0.03348115962818121,-0.032089702413798715,True,0.035133498483177705,0.03974258439623912,-0.032089702413798715,True,20,True,True,True,False,True,False,4,3,STOP_BEFORE_TARGET,False,True,False,True,False,,3,STOP_BEFORE_TARGET,2023-08-04,2023-08-08,2023-08-10,2023-08-17,2023-08-31
COP|2023-08-04T00:00:00|Long,COP,2023-08-04,Long,0.006771649623257048,0.00782692284596087,-0.00404537057581833,True,0.024008472244428924,0.04511474184083841,-0.021194231396699847,True,0.036056622171593666,0.04511474184083841,-0.021194231396699847,True,0.031483614984423536,0.04511474184083841,-0.021194231396699847,True,0.07413596317869398,0.07730191703719425,-0.021194231396699847,True,20,True,True,True,False,True,False,3,2,STOP_BEFORE_TARGET,True,False,True,False,False,19,,TARGET_BEFORE_STOP,2023-08-07,2023-08-09,2023-08-11,2023-08-18,2023-09-01
COP|2023-08-07T00:00:00|Long,COP,2023-08-07,Long,0.00969595517477595,0.011443025158807352,-0.027777779628997412,True,0.011792439155613677,0.03808519263720789,-0.027777779628997412,True,0.028039823465625613,0.03808519263720789,-0.027777779628997412,True,0.023846922147855665,0.04044372045467415,-0.027777779628997412,True,0.07293848907469802,0.0918063783948988,-0.027777779628997412,True,20,True,True,True,False,True,False,2,1,STOP_BEFORE_TARGET,True,False,True,False,False,19,,TARGET_BEFORE_STOP,2023-08-08,2023-08-10,2023-08-14,2023-08-21,2023-09-05
COP|2023-08-08T00:00:00|Long,COP,2023-08-08,Long,0.007353630335197092,0.028116619975483426,0.0061424581396447575,True,0.019205824820806017,0.028116619975483426,-0.003719981740671563,True,-0.0006920512517910593,0.028116619975483426,-0.005363743722035741,True,0.004844754786143213,0.03045249921257298,-0.008910795154677631,True,0.06471151132376707,0.08132192943757,-0.01496665613243875,True,20,True,True,False,True,False,False,9,,TARGET_BEFORE_STOP,True,False,True,False,False,18,,TARGET_BEFORE_STOP,2023-08-09,2023-08-11,2023-08-15,2023-08-22,2023-09-06
COP|2023-08-09T00:00:00|Long,COP,2023-08-09,Long,-0.005238754702521775,0.00987627853291273,-0.010992775270173838,True,0.01073514233760875,0.01382686857260862,-0.010992775270173838,True,-0.015458631175000126,0.01382686857260862,-0.016145696009913224,True,-0.0054105536723045855,0.022930248307825973,-0.022157349510130486,True,0.0452593312656302,0.07342833427597806,-0.022157349510130486,True,20,True,True,True,False,True,False,17,10,STOP_BEFORE_TARGET,True,False,True,False,False,17,,TARGET_BEFORE_STOP,2023-08-10,2023-08-14,2023-08-16,2023-08-23,2023-09-07
COP|2023-08-10T00:00:00|Long,COP,2023-08-10,Long,0.017093979938177073,0.019166029401787688,-0.003108008328245093,True,-0.0027626667509766945,0.019166029401787688,-0.007424679243344334,True,0.007770020820612844,0.019166029401787688,-0.01096438100996766,True,-0.008892331546356935,0.028317350664303298,-0.017007693944238178,True,0.059483719940693236,0.07908137691368822,-0.017007693944238178,True,20,True,True,False,True,False,False,15,,TARGET_BEFORE_STOP,True,False,True,False,False,16,,TARGET_BEFORE_STOP,2023-08-11,2023-08-15,2023-08-17,2023-08-24,2023-09-08
COP|2023-08-11T00:00:00|Long,COP,2023-08-11,Long,-0.0010185478284882032,-0.00025463695712202306,-0.012817201749664164,True,-0.026907717805262577,-0.00025463695712202306,-0.02758679286436272,True,-0.004413858363826684,0.0018674240324443314,-0.02758679286436272,True,-0.010949842477381844,0.011034743049809892,-0.03352853773108366,True,0.022324123056741918,0.06094559421075241,-0.03352853773108366,True,20,True,True,True,False,True,False,15,2,STOP_BEFORE_TARGET,True,True,False,True,False,16,8,STOP_BEFORE_TARGET,2023-08-14,2023-08-16,2023-08-18,2023-08-25,2023-09-11
COP|2023-08-14T00:00:00|Long,COP,2023-08-14,Long,-0.018523241226553022,-0.007137428412437696,-0.023111574171793547,True,-0.008157014738364055,0.0016143666247803168,-0.026595333655216935,True,-0.004078539782277346,0.012065580248860064,-0.026595333655216935,True,-0.0014445220053800334,0.012065580248860064,-0.03254313664375619,True,0.04579827749032406,0.06202731983116139,-0.03254313664375619,True,20,True,True,True,False,True,False,14,1,STOP_BEFORE_TARGET,True,True,False,True,False,15,7,STOP_BEFORE_TARGET,2023-08-15,2023-08-17,2023-08-21,2023-08-28,2023-09-12
COP|2023-08-15T00:00:00|Long,COP,2023-08-15,Long,-0.007531839065815005,0.012120175742251105,-0.008224435633862215,True,0.015409910366009472,0.021816263496336585,-0.008224435633862215,True,0.0055406404450899505,0.031166119016042604,-0.008224435633862215,True,0.018613119955995128,0.031166119016042604,-0.014284490480165668,True,0.0588693212414928,0.08207077787392403,-0.014284490480165668,True,20,True,True,False,True,False,False,4,,TARGET_BEFORE_STOP,True,False,True,False,False,13,,TARGET_BEFORE_STOP,2023-08-16,2023-08-18,2023-08-22,2023-08-29,2023-09-13
COP|2023-08-16T00:00:00|Long,COP,2023-08-16,Long,0.018231018653284137,0.02826236811775562,0.013782290993254787,True,0.022418001644339602,0.03899163681526274,0.008810207097067257,True,0.010205845910454148,0.03899163681526274,-0.0068038972736360614,True,0.035415191732462104,0.03899163681526274,-0.0068038972736360614,True,0.0860083798224609,0.09028261103650759,-0.0068038972736360614,True,20,True,True,False,True,False,False,3,,TARGET_BEFORE_STOP,True,False,True,False,False,12,,TARGET_BEFORE_STOP,2023-08-17,2023-08-21,2023-08-23,2023-08-30,2023-09-14
COP|2023-08-17T00:00:00|Long,COP,2023-08-17,Long,0.004797374646528629,0.011136771909345367,-0.009252135697728758,True,-0.00496874680352033,0.020388907607074014,-0.009252135697728758,True,-0.016533883746017608,0.020388907607074014,-0.024586675782114265,True,0.019703549697762224,0.02424393146813064,-0.024586675782114265,True,0.058596728700293754,0.07932831526202389,-0.024586675782114265,True,20,True,True,True,False,True,False,11,4,STOP_BEFORE_TARGET,True,False,True,False,False,12,,TARGET_BEFORE_STOP,2023-08-18,2023-08-22,2023-08-24,2023-08-31,2023-09-15
COP|2023-08-18T00:00:00|Long,COP,2023-08-18,Long,-0.0006820856887221893,0.015517091658435511,-0.0063944069754091615,True,-0.01261832505227356,0.015517091658435511,-0.029243757169428952,True,-0.006564960921225493,0.015517091658435511,-0.029243757169428952,True,0.0413504854315252,0.04441980598350326,-0.029243757169428952,True,0.06130106901938315,0.07417509489583818,-0.029243757169428952,True,20,True,True,True,False,True,False,10,3,STOP_BEFORE_TARGET,True,False,True,False,False,11,,TARGET_BEFORE_STOP,2023-08-21,2023-08-23,2023-08-25,2023-09-01,2023-09-18
COP|2023-08-21T00:00:00|Long,COP,2023-08-21,Long,-0.009043576204021742,0.004521788102010982,-0.009640792272369025,True,-0.020561351860245103,0.004521788102010982,-0.028581166285196913,True,0.002644804718156646,0.010152738253573546,-0.028581166285196913,True,0.04794815110041695,0.06637657913204031,-0.028581166285196913,True,0.05076362617619834,0.07524955007010692,-0.028581166285196913,True,20,True,True,True,False,True,False,9,2,STOP_BEFORE_TARGET,True,False,True,False,False,10,,TARGET_BEFORE_STOP,2023-08-22,2023-08-24,2023-08-28,2023-09-05,2023-09-19
COP|2023-08-22T00:00:00|Long,COP,2023-08-22,Long,-0.0029272833647737695,0.001635771067720393,-0.019715892255215528,True,0.003185493864199973,0.00843732858084123,-0.019715892255215528,True,0.013000448699038714,0.01937150211314198,-0.019715892255215528,True,0.059578115178960944,0.07610844788427329,-0.019715892255215528,True,0.04321994470183377,0.08506239452107667,-0.019715892255215528,True,20,True,True,False,True,False,False,8,,TARGET_BEFORE_STOP,True,False,True,False,False,8,,TARGET_BEFORE_STOP,2023-08-23,2023-08-25,2023-08-29,2023-09-06,2023-09-20
COP|2023-08-23T00:00:00|Long,COP,2023-08-23,Long,-0.008721133996440478,0.004921852230726609,-0.009239268779734244,True,0.014765556692180049,0.022364251980704353,-0.009239268779734244,True,0.024954662382979942,0.027027069759058442,-0.009239268779734244,True,0.05094552845399902,0.07926777047492117,-0.009239268779734244,True,0.0281495743455229,0.08824800480228268,-0.009239268779734244,True,20,True,True,False,True,False,False,6,,TARGET_BEFORE_STOP,True,False,True,False,False,7,,TARGET_BEFORE_STOP,2023-08-24,2023-08-28,2023-08-30,2023-09-07,2023-09-21
COP|2023-08-24T00:00:00|Long,COP,2023-08-24,Long,0.01498252217409024,0.020296116199663095,-0.000348440021463281,True,0.024912896640447935,0.0313588708921726,-0.000348440021463281,True,0.036846651699407706,0.041463365682054,-0.000348440021463281,True,0.06898952925440738,0.08876301865094494,-0.000348440021463281,True,0.037979098383698284,0.09782225983457504,-0.000348440021463281,True,20,True,True,False,True,False,False,2,,TARGET_BEFORE_STOP,True,False,True,False,False,6,,TARGET_BEFORE_STOP,2023-08-25,2023-08-29,2023-08-31,2023-09-08,2023-09-22
COP|2023-08-25T00:00:00|Long,COP,2023-08-25,Long,0.00858221789229252,0.01613461154287088,-0.0008582086938040412,True,0.018709237624283004,0.0207690170619641,-0.0008582086938040412,True,0.04823208812644997,0.05132169180584545,-0.0008582086938040412,True,0.03364234390040299,0.07269139602405872,-0.0008582086938040412,True,0.03904911760078189,0.08161691048929809,-0.0008582086938040412,True,20,True,True,False,True,False,False,5,,TARGET_BEFORE_STOP,True,False,True,False,False,5,,TARGET_BEFORE_STOP,2023-08-28,2023-08-30,2023-09-01,2023-09-11,2023-09-25
COP|2023-08-28T00:00:00|Long,COP,2023-08-28,Long,0.0011913463499169108,0.004935345878338326,-0.00799859461251251,True,0.01284889533154665,0.017358755733488218,-0.00799859461251251,True,0.045183843938626955,0.06356366094351706,-0.00799859461251251,True,0.047311141480672614,0.06356366094351706,-0.00799859461251251,True,0.022294101611826544,0.07241322650882287,-0.00799859461251251,True,20,True,True,False,True,False,False,4,,TARGET_BEFORE_STOP,True,False,True,False,False,5,,TARGET_BEFORE_STOP,2023-08-29,2023-08-31,2023-09-05,2023-09-12,2023-09-26
COP|2023-08-29T00:00:00|Long,COP,2023-08-29,Long,0.008838970370249388,0.010878792618201238,0.002974659724864548,True,0.03807577416370411,0.041135442692912916,0.002974659724864548,True,0.04597990705704058,0.06229809598434222,0.002974659724864548,True,0.03952059962396404,0.06229809598434222,0.002974659724864548,True,0.046149859823010564,0.07113713119731035,0.002974659724864548,True,20,True,True,False,True,False,False,3,,TARGET_BEFORE_STOP,True,False,True,False,False,4,,TARGET_BEFORE_STOP,2023-08-30,2023-09-01,2023-09-06,2023-09-13,2023-09-27
COP|2023-08-30T00:00:00|Long,COP,2023-08-30,Long,0.0027801334417774104,0.007245161183336402,-0.005054747173942387,True,0.034793639334408155,0.05299074201552023,-0.005054747173942387,True,0.02535806414167774,0.05299074201552023,-0.005054747173942387,True,0.04886270598883713,0.05299074201552023,-0.005054747173942387,True,0.03386692818714909,0.06175233377849909,-0.005054747173942387,True,20,True,True,False,True,False,False,2,,TARGET_BEFORE_STOP,True,False,True,False,False,3,,TARGET_BEFORE_STOP,2023-08-31,2023-09-05,2023-09-07,2023-09-14,2023-09-28
COP|2023-08-31T00:00:00|Long,COP,2023-08-31,Long,0.02612787231996916,0.029152325096945875,0.007897189372816804,True,0.03394103131109194,0.05007140339069971,0.007897189372816804,True,0.03100060891580947,0.05007140339069971,0.007897189372816804,True,0.038141653046181556,0.05847264686087872,0.00663699003300966,True,0.0064689933660224685,0.058808704291253955,-0.0023523379162260216,True,20,True,True,False,True,False,False,2,,TARGET_BEFORE_STOP,True,False,True,False,False,2,,TARGET_BEFORE_STOP,2023-09-01,2023-09-06,2023-09-08,2023-09-15,2023-09-29
COP|2023-09-01T00:00:00|Long,COP,2023-09-01,Long,0.00564927497015133,0.02333386677880256,0.003438661953857114,True,-0.003520552704474822,0.02333386677880256,-0.004339272817630246,True,-0.013918429316663872,0.02333386677880256,-0.018994593961172423,True,0.01915837546240784,0.03152119283903798,-0.018994593961172423,True,-0.041264130839307134,0.031848693377168225,-0.050597677550828224,True,20,True,True,True,True,False,False,9,13,TARGET_BEFORE_STOP,False,True,False,True,False,,20,STOP_BEFORE_TARGET,2023-09-05,2023-09-07,2023-09-11,2023-09-18,2023-10-02
COP|2023-09-05T00:00:00|Long,COP,2023-09-05,Long,0.001953902631212534,0.004966218360808794,-0.0074086432349079745,True,-0.0008955516462734181,0.00960677593084136,-0.009932436721617588,True,0.002035333357267799,0.00960677593084136,-0.024505431013267853,True,0.0026866549388200323,0.026052242127648784,-0.024505431013267853,True,-0.042579201163956304,0.026052242127648784,-0.05593098301855692,True,20,True,False,True,False,True,False,,4,STOP_BEFORE_TARGET,False,True,False,True,False,,12,STOP_BEFORE_TARGET,2023-09-06,2023-09-08,2023-09-12,2023-09-19,2023-10-03
COP|2023-09-06T00:00:00|Long,COP,2023-09-06,Long,-0.011050626584252377,0.004956533776421468,-0.01186315989349973,True,-0.02136992979555985,0.007637949490023388,-0.02640773550060127,True,-0.006175364736451083,0.007637949490023388,-0.02640773550060127,True,-0.015438380844968957,0.02405134550916177,-0.02640773550060127,True,-0.07914193457318386,0.02405134550916177,-0.0926302230774958,True,20,True,False,True,False,True,False,,3,STOP_BEFORE_TARGET,False,True,False,True,False,,11,STOP_BEFORE_TARGET,2023-09-07,2023-09-11,2023-09-13,2023-09-20,2023-10-04
COP|2023-09-07T00:00:00|Long,COP,2023-09-07,Long,0.008298431877642898,0.01889740423185371,0.0060800087859333996,True,0.01125628754323782,0.01889740423185371,-0.015528710901860143,True,0.022923350065847448,0.026127683256070844,-0.015528710901860143,True,-0.02169089975767846,0.03549420530211278,-0.02432009782875988,True,-0.06811273500851545,0.03549420530211278,-0.08249117567209163,True,20,True,True,True,True,False,False,6,10,TARGET_BEFORE_STOP,False,True,False,True,False,,17,STOP_BEFORE_TARGET,2023-09-08,2023-09-12,2023-09-14,2023-09-21,2023-10-05
COP|2023-09-08T00:00:00|Long,COP,2023-09-08,Long,-0.018578868616505817,0.00961538700650455,-0.02363104218572698,True,-0.0033409685302399073,0.00961538700650455,-0.02363104218572698,True,0.0069263238727681475,0.026645995848594728,-0.02363104218572698,True,-0.0290091062840796,0.02697194854684648,-0.03235007481431951,True,-0.06021837773907823,0.02697194854684648,-0.09004239685334725,True,20,True,False,True,False,True,False,,1,STOP_BEFORE_TARGET,False,True,False,True,False,,9,STOP_BEFORE_TARGET,2023-09-11,2023-09-13,2023-09-15,2023-09-22,2023-10-06
COP|2023-09-11T00:00:00|Long,COP,2023-09-11,Long,0.02191962251854651,0.02490866771162259,0.006310150211144894,True,0.033709710032336915,0.03694783176716632,0.006310150211144894,True,0.03354368011984055,0.04608099725889114,0.006310150211144894,True,0.005230797414874422,0.046413120429901644,-0.0140319030816064,True,0.011457964342779903,0.046413120429901644,-0.07281637408407993,True,20,True,True,True,True,False,False,3,15,TARGET_BEFORE_STOP,False,True,False,True,False,,15,STOP_BEFORE_TARGET,2023-09-12,2023-09-14,2023-09-18,2023-09-25,2023-10-09
COP|2023-09-12T00:00:00|Long,COP,2023-09-12,Long,-0.00625612821746524,0.005037334318848341,-0.01308092774130376,True,0.003981133055572572,0.023643126335903375,-0.01308092774130376,True,0.0006499986176835559,0.023968125644745264,-0.01308092774130376,True,-0.023886922307994718,0.023968125644745264,-0.03518038484430841,True,-0.021855723118193282,0.023968125644745264,-0.09270396077643284,True,20,True,False,True,False,True,False,,7,STOP_BEFORE_TARGET,False,True,False,True,False,,7,STOP_BEFORE_TARGET,2023-09-13,2023-09-15,2023-09-19,2023-09-26,2023-10-10
COP|2023-09-13T00:00:00|Long,COP,2023-09-13,Long,0.01790534285929568,0.02109395701540029,0.009238859499373087,True,0.017741851374825535,0.030087485721785212,0.00719487286712539,True,-0.009320574052847252,0.03041453106824754,-0.010219933161237926,True,0.0063772283122089934,0.03041453106824754,-0.029106349682398558,True,-0.018559371174698525,0.03041453106824754,-0.08699206607825538,True,20,True,True,True,True,False,False,2,6,TARGET_BEFORE_STOP,False,True,False,True,False,,13,STOP_BEFORE_TARGET,2023-09-14,2023-09-18,2023-09-20,2023-09-27,2023-10-11
COP|2023-09-14T00:00:00|Long,COP,2023-09-14,Long,-0.007469881969283332,0.011967854327466165,-0.010522068743724855,True,-0.01076302279430219,0.012289146821661712,-0.01863453570139939,True,-0.04361446028253635,0.012289146821661712,-0.04618473895582331,True,-0.014297178950175682,0.012289146821661712,-0.04618473895582331,True,-0.027228910760228375,0.012289146821661712,-0.1030522235426079,True,20,True,False,True,False,True,False,,4,STOP_BEFORE_TARGET,False,True,False,True,False,,5,STOP_BEFORE_TARGET,2023-09-15,2023-09-19,2023-09-21,2023-09-28,2023-10-12
COP|2023-09-15T00:00:00|Long,COP,2023-09-15,Long,0.007364276639611367,0.017480000545794683,0.004046289562473326,True,-0.01942220224816782,0.019907737238391343,-0.02031239089123027,True,-0.03568824183544572,0.019907737238391343,-0.03900622891258376,True,-0.030508996134798183,0.019907737238391343,-0.03900622891258376,True,0.010439434480158605,0.019907737238391343,-0.09630170393516102,True,20,True,False,True,False,True,False,,3,STOP_BEFORE_TARGET,False,True,False,True,False,,4,STOP_BEFORE_TARGET,2023-09-18,2023-09-20,2023-09-22,2023-09-29,2023-10-13
COP|2023-09-18T00:00:00|Long,COP,2023-09-18,Long,-0.010604110372966935,0.012451762375992548,-0.01847688777098433,True,-0.043460825162389694,0.012451762375992548,-0.046031516728862854,True,-0.027393987549402143,0.012451762375992548,-0.046031516728862854,True,-0.059286670017601906,0.012451762375992548,-0.06844476255379506,True,0.006667691028897416,0.013174801939439984,-0.10290813658846798,True,20,True,False,True,False,True,False,,2,STOP_BEFORE_TARGET,False,True,False,True,False,,3,STOP_BEFORE_TARGET,2023-09-19,2023-09-21,2023-09-25,2023-10-02,2023-10-16
COP|2023-09-19T00:00:00|Long,COP,2023-09-19,Long,-0.016157887577071373,0.005277637846355043,-0.017051039631965303,True,-0.032478076332102424,0.005277637846355043,-0.035807108890709816,True,-0.024520982321065476,0.005277637846355043,-0.035807108890709816,True,-0.04514456822559221,0.009337397387867874,-0.05846057456599307,True,0.018674856722750155,0.026550800144807374,-0.0932933188658146,True,20,True,False,True,False,True,False,,2,STOP_BEFORE_TARGET,False,True,False,True,False,,2,STOP_BEFORE_TARGET,2023-09-20,2023-09-22,2023-09-26,2023-10-03,2023-10-17
COP|2023-09-20T00:00:00|Long,COP,2023-09-20,Long,-0.017331010199349017,0.008170384650693086,-0.019971925439589033,True,-0.000825274206752602,0.008170384650693086,-0.019971925439589033,True,0.015845491441439874,0.0226953869898201,-0.019971925439589033,True,-0.06470245486807258,0.025914000471225496,-0.07840224596483292,True,0.044730529428483656,0.05009490621895463,-0.07840224596483292,True,20,True,True,True,False,True,False,17,8,STOP_BEFORE_TARGET,True,True,False,True,False,20,8,STOP_BEFORE_TARGET,2023-09-21,2023-09-25,2023-09-27,2023-10-04,2023-10-18
COP|2023-09-21T00:00:00|Long,COP,2023-09-21,Long,0.0007558912195837486,0.017720673685726718,-0.0002519423815718902,True,0.008986308033649193,0.01990428111746323,-0.0015117183642993082,True,0.030654249896983732,0.04400770871923765,-0.0015117183642993082,True,-0.04745109213370147,0.04400770871923765,-0.06214832909082957,True,0.06139243787124582,0.06953891660803291,-0.06214832909082957,True,20,True,True,True,True,False,False,4,7,TARGET_BEFORE_STOP,True,True,False,True,False,16,9,STOP_BEFORE_TARGET,2023-09-22,2023-09-26,2023-09-28,2023-10-05,2023-10-19
COP|2023-09-22T00:00:00|Long,COP,2023-09-22,Long,0.016028834961526517,0.017707224875052274,-0.0022658968123780987,True,0.03298080358343358,0.03994624337486097,-0.0022658968123780987,True,0.005370924555047951,0.04321914852476616,-0.0022658968123780987,True,-0.03214167265314172,0.04321914852476616,-0.06285670747713934,True,0.04112112911962318,0.06873107217447982,-0.06285670747713934,True,20,True,True,True,True,False,False,3,6,TARGET_BEFORE_STOP,True,True,False,True,False,15,8,STOP_BEFORE_TARGET,2023-09-25,2023-09-27,2023-09-29,2023-10-06,2023-10-20
COP|2023-09-25T00:00:00|Long,COP,2023-09-25,Long,-0.007681509106467255,0.003056105951223964,-0.01428928191372214,True,0.013628492029718275,0.02676136013823771,-0.01428928191372214,True,-0.032790957551087185,0.02676136013823771,-0.042206992840770785,True,0.0061947633756544995,0.02676136013823771,-0.07764104691148155,True,0.0022300870880231916,0.051870808582857864,-0.07764104691148155,True,20,True,True,True,False,True,False,14,5,STOP_BEFORE_TARGET,True,True,False,True,False,17,5,STOP_BEFORE_TARGET,2023-09-26,2023-09-28,2023-10-02,2023-10-09,2023-10-23
COP|2023-09-26T00:00:00|Long,COP,2023-09-26,Long,0.024554660922500027,0.031463282824209626,0.005493621320646014,True,-0.0028300011621268384,0.034709490512154995,-0.004161811241386482,True,-0.021142008726747097,0.034709490512154995,-0.034792744518158725,True,0.0020809056206931853,0.034709490512154995,-0.07050109258975845,True,-0.001581508593070824,0.060013310480288684,-0.07050109258975845,True,20,True,True,True,True,False,False,1,4,TARGET_BEFORE_STOP,True,True,False,True,False,15,4,STOP_BEFORE_TARGET,2023-09-27,2023-09-29,2023-10-03,2023-10-10,2023-10-24
COP|2023-09-27T00:00:00|Long,COP,2023-09-27,Long,-0.003005891040664621,0.009911457120805656,-0.007392932486705472,True,-0.04866356358746304,0.009911457120805656,-0.05792507486835585,True,-0.07929153300195146,0.009911457120805656,-0.09277763026003039,True,-0.02477858081976725,0.009911457120805656,-0.09277763026003039,True,-0.02177262779685596,0.034608841197268925,-0.09277763026003039,True,20,True,True,True,False,True,False,15,2,STOP_BEFORE_TARGET,False,True,False,True,False,,3,STOP_BEFORE_TARGET,2023-09-28,2023-10-02,2023-10-04,2023-10-11,2023-10-25
COP|2023-09-28T00:00:00|Long,COP,2023-09-28,Long,-0.02379398745029271,-0.0008963543779121341,-0.025097798243299607,True,-0.04172101283941543,-0.0008963543779121341,-0.05508476262213435,True,-0.07578229269271619,-0.0008963543779121341,-0.09004239685334725,True,-0.013119300801310185,-0.0008963543779121341,-0.09004239685334725,True,-0.035935492325968155,0.037728138912672016,-0.09004239685334725,True,20,True,True,True,False,True,False,13,1,STOP_BEFORE_TARGET,False,True,False,True,False,,2,STOP_BEFORE_TARGET,2023-09-29,2023-10-03,2023-10-05,2023-10-12,2023-10-26
COP|2023-09-29T00:00:00|Long,COP,2023-09-29,Long,-0.02253760024088003,0.004257049197366136,-0.032053454669998094,True,-0.05400668661008179,0.004257049197366136,-0.06786314420459616,True,-0.0373121962173234,0.004257049197366136,-0.06786314420459616,True,0.04223704031466213,0.05150248757739728,-0.06786314420459616,True,-0.016694490392758388,0.06302166302200685,-0.06786314420459616,True,20,True,True,True,False,True,False,10,1,STOP_BEFORE_TARGET,True,True,False,True,False,10,1,STOP_BEFORE_TARGET,2023-10-02,2023-10-04,2023-10-06,2023-10-13,2023-10-27
COP|2023-10-02T00:00:00|Long,COP,2023-10-02,Long,0.004269854880574631,0.004867631957742313,-0.008795890629533232,True,-0.03142613452714138,0.004867631957742313,-0.046370626609152366,True,0.04030744049707424,0.04073445204625781,-0.046370626609152366,True,0.07011100932069647,0.0770282185311415,-0.046370626609152366,True,0.008881305969932862,0.0875320250517786,-0.046370626609152366,True,20,True,True,True,False,True,False,5,2,STOP_BEFORE_TARGET,True,True,False,True,False,9,2,STOP_BEFORE_TARGET,2023-10-03,2023-10-05,2023-10-09,2023-10-16,2023-10-30
COP|2023-10-03T00:00:00|Long,COP,2023-10-03,Long,-0.03630949573529163,-0.016751711277756876,-0.05042517331733409,True,-0.019302692793537246,-0.00858845365081129,-0.05042517331733409,True,0.02372449788884401,0.0394557776348059,-0.05042517331733409,True,0.06683674075115942,0.07508505055803893,-0.05042517331733409,True,0.010204120690535445,0.08290816434105297,-0.05042517331733409,True,20,True,True,True,False,True,False,4,1,STOP_BEFORE_TARGET,True,True,False,True,False,8,1,STOP_BEFORE_TARGET,2023-10-04,2023-10-06,2023-10-10,2023-10-17,2023-10-31
COP|2023-10-04T00:00:00|Long,COP,2023-10-04,Long,0.0007941086776366291,0.011029735990505163,-0.010059113837727396,True,0.07491394799786466,0.07535516436555123,-0.010059113837727396,True,0.0592076147186118,0.07861992313383448,-0.010059113837727396,True,0.11700339091675938,0.12273886709585513,-0.010059113837727396,True,0.029471422252950186,0.12370948924863279,-0.010059113837727396,True,20,True,True,False,True,False,False,3,,TARGET_BEFORE_STOP,True,False,True,False,False,3,,TARGET_BEFORE_STOP,2023-10-05,2023-10-09,2023-10-11,2023-10-18,2023-11-01
COP|2023-10-05T00:00:00|Long,COP,2023-10-05,Long,0.0168400960407733,0.027949199613135578,-0.0022923162672658925,True,0.0614530182792008,0.07776406134027924,-0.0022923162672658925,True,0.06780111590154991,0.07776406134027924,-0.0022923162672658925,True,0.11426555540203798,0.12281784985066113,-0.0022923162672658925,True,0.07582435737047821,0.12281784985066113,-0.0022923162672658925,True,20,True,True,False,True,False,False,2,,TARGET_BEFORE_STOP,True,False,True,False,False,2,,TARGET_BEFORE_STOP,2023-10-06,2023-10-10,2023-10-12,2023-10-19,2023-11-02
COP|2023-10-06T00:00:00|Long,COP,2023-10-06,Long,0.056273283280413366,0.05670684827619876,0.02965401989635974,True,0.04083932202977225,0.059914991095180836,0.023411054412340926,True,0.08263243412808774,0.09225699489049544,0.023411054412340926,True,0.07569579111190428,0.10422263463304482,0.023411054412340926,True,0.03832479059022398,0.10422263463304482,0.009624560762407475,True,20,True,True,False,True,False,False,1,,TARGET_BEFORE_STOP,True,False,True,False,False,1,,TARGET_BEFORE_STOP,2023-10-09,2023-10-11,2023-10-13,2023-10-20,2023-11-03
COP|2023-10-09T00:00:00|Long,COP,2023-10-09,Long,-0.011738633301248802,0.003447694713490934,-0.01338037479479015,True,-0.005828263719022342,0.003447694713490934,-0.03111148354146953,True,0.028648808672733894,0.035298005766950524,-0.03111148354146953,True,-0.0039402672642920855,0.04539483494623453,-0.03111148354146953,True,-0.02749957710157036,0.04539483494623453,-0.044163497511866656,True,20,True,True,True,False,True,False,4,2,STOP_BEFORE_TARGET,False,True,False,True,False,,2,STOP_BEFORE_TARGET,2023-10-10,2023-10-12,2023-10-16,2023-10-23,2023-11-06
COP|2023-10-10T00:00:00|Long,COP,2023-10-10,Long,-0.00290720554776569,-0.001661242206629554,-0.01960296222540292,True,0.03712934000635504,0.046349380009503394,-0.01960296222540292,True,0.04211312999857153,0.050170287782613565,-0.01960296222540292,True,-0.0036548089013785923,0.05781210332883435,-0.01960296222540292,True,-0.04269457110812469,0.05781210332883435,-0.050336386654345366,True,20,True,True,True,True,False,False,3,12,TARGET_BEFORE_STOP,True,True,True,False,False,5,13,TARGET_BEFORE_STOP,2023-10-11,2023-10-13,2023-10-17,2023-10-24,2023-11-07
COP|2023-10-11T00:00:00|Long,COP,2023-10-11,Long,0.008913692824587649,0.014078660684079036,0.0034988184417030777,True,0.04390200435582248,0.050649798272937474,0.0034988184417030777,True,0.054565106401261554,0.0599799807841459,0.0034988184417030777,True,0.0030823287550822975,0.06089634707465419,-0.010579842242375848,True,-0.04656784342428377,0.06089634707465419,-0.05056647491277266,True,20,True,True,True,True,False,False,2,11,TARGET_BEFORE_STOP,True,True,True,False,False,3,19,TARGET_BEFORE_STOP,2023-10-12,2023-10-16,2023-10-18,2023-10-25,2023-11-08
COP|2023-10-12T00:00:00|Long,COP,2023-10-12,Long,0.030963586665851972,0.04012881335859042,0.019156136430783954,True,0.035917747933272626,0.04392700576346553,0.019156136430783954,True,0.04351413274302285,0.051523390573215755,0.019156136430783954,True,-0.023119503242067463,0.051523390573215755,-0.03187185691436323,True,-0.05746840929235175,0.051523390573215755,-0.05895466397213578,True,20,True,True,True,True,False,False,1,10,TARGET_BEFORE_STOP,True,True,True,False,False,4,10,TARGET_BEFORE_STOP,2023-10-13,2023-10-17,2023-10-19,2023-10-26,2023-11-09
COP|2023-10-13T00:00:00|Long,COP,2023-10-13,Long,0.0036040120618490157,0.010091319318206171,-0.005446102049109003,True,0.013855483894620768,0.019061326620085417,-0.005446102049109003,True,-0.006407200447278272,0.019942318209176024,-0.00800897000730183,True,-0.05654330869840185,0.019942318209176024,-0.06743551279661975,True,-0.07408297256754237,0.019942318209176024,-0.08721767849123008,True,20,True,False,True,False,True,False,,6,STOP_BEFORE_TARGET,False,True,False,True,False,,6,STOP_BEFORE_TARGET,2023-10-16,2023-10-18,2023-10-20,2023-10-27,2023-11-10
COP|2023-10-16T00:00:00|Long,COP,2023-10-16,Long,0.0011970435623762654,0.008937856263689703,-0.002952638451808265,True,0.008538821448176082,0.01627963414948952,-0.003511250663028598,True,-0.031681440412180906,0.01627963414948952,-0.037267562524384124,True,-0.05721808561677366,0.01627963414948952,-0.07078441696593263,True,-0.07940305755404442,0.01627963414948952,-0.09049554352267986,True,20,True,False,True,False,True,False,,5,STOP_BEFORE_TARGET,False,True,False,True,False,,5,STOP_BEFORE_TARGET,2023-10-17,2023-10-19,2023-10-23,2023-10-30,2023-11-13
COP|2023-10-17T00:00:00|Long,COP,2023-10-17,Long,0.009006832948062815,0.014187779310427029,-7.972370718523081e-05,True,-0.01115894736246792,0.015064557655351862,-0.012753056637947235,True,-0.04391839770794648,0.015064557655351862,-0.044316894621130865,True,-0.053084617259008926,0.015064557655351862,-0.07189539860424521,True,-0.07906901196664395,0.015064557655351862,-0.09158295829440644,True,20,True,False,True,False,True,False,,4,STOP_BEFORE_TARGET,False,True,False,True,False,,4,STOP_BEFORE_TARGET,2023-10-18,2023-10-20,2023-10-24,2023-10-31,2023-11-14
COP|2023-10-18T00:00:00|Long,COP,2023-10-18,Long,-0.0016588916229378636,0.006003650827209883,-0.013587120950044329,True,-0.04147247137907206,0.006003650827209883,-0.047002110122198126,True,-0.04881896559413568,0.006003650827209883,-0.061774231148180814,True,-0.07836320764610116,0.006003650827209883,-0.08018006311803882,True,-0.09131841293160414,0.006003650827209883,-0.09969188310506427,True,20,True,False,True,False,True,False,,2,STOP_BEFORE_TARGET,False,True,False,True,False,,3,STOP_BEFORE_TARGET,2023-10-19,2023-10-23,2023-10-25,2023-11-01,2023-11-15
COP|2023-10-19T00:00:00|Long,COP,2023-10-19,Long,-0.01835733300557163,0.002294674171782418,-0.0199398377736415,True,-0.05087830704951124,0.002294674171782418,-0.051273903057185044,True,-0.06385503932748315,0.002294674171782418,-0.07224242326189045,True,-0.034499135188370555,0.002294674171782418,-0.0786516460518667,True,-0.1138629506439498,0.002294674171782418,-0.1297673227797197,True,20,True,False,True,False,True,False,,2,STOP_BEFORE_TARGET,False,True,False,True,False,,2,STOP_BEFORE_TARGET,2023-10-20,2023-10-24,2023-10-26,2023-11-02,2023-11-16
COP|2023-10-20T00:00:00|Long,COP,2023-10-20,Long,-0.02192488533153858,-0.007254505192613059,-0.027567291925264192,True,-0.0294211991642227,-0.007254505192613059,-0.042640665965101854,True,-0.05045941181708735,-0.007254505192613059,-0.06142185448285664,True,-0.03474123523626649,-0.0065290792723995406,-0.06142185448285664,True,-0.07633404326185345,-0.0065290792723995406,-0.11349342639645099,True,20,True,False,True,False,True,False,,1,STOP_BEFORE_TARGET,False,True,False,True,False,,2,STOP_BEFORE_TARGET,2023-10-23,2023-10-25,2023-10-27,2023-11-03,2023-11-17
COP|2023-10-23T00:00:00|Long,COP,2023-10-23,Long,-0.011455409853299847,0.005356861261713419,-0.011867437411171688,True,-0.024971146124476262,0.005356861261713419,-0.03370691001589765,True,-0.02637215299835083,0.005356861261713419,-0.04038234748944247,True,-0.02365250703647248,0.015740924013139646,-0.04038234748944247,True,-0.049035743594992964,0.015740924013139646,-0.09362117458223185,True,20,True,False,True,False,True,False,,2,STOP_BEFORE_TARGET,False,True,False,True,False,,3,STOP_BEFORE_TARGET,2023-10-24,2023-10-26,2023-10-30,2023-11-06,2023-11-20
COP|2023-10-24T00:00:00|Long,COP,2023-10-24,Long,0.0038349872911267457,0.008170099056830082,-0.009837435057917898,True,-0.01792408462846473,0.008170099056830082,-0.02926214752927825,True,-0.009587277413442452,0.008170099056830082,-0.02926214752927825,True,-0.03918296846868796,0.02751148925148983,-0.046852815841358475,True,-0.03984992831103962,0.02751148925148983,-0.0831179145057469,True,20,True,False,True,False,True,False,,2,STOP_BEFORE_TARGET,False,True,False,True,False,,10,STOP_BEFORE_TARGET,2023-10-25,2023-10-27,2023-10-31,2023-11-07,2023-11-21
COP|2023-10-25T00:00:00|Long,COP,2023-10-25,Long,-0.017440462084932662,-0.010381197259222041,-0.02624369708497709,True,-0.018852289705354908,-0.010381197259222041,-0.03297069263317698,True,-0.031060587820088026,-0.005315231289577338,-0.03297069263317698,True,-0.049497604290354213,0.023586049759288574,-0.0534839485552876,True,-0.04617560849504321,0.023586049759288574,-0.08662071246542025,True,20,True,False,True,False,True,False,,1,STOP_BEFORE_TARGET,False,True,False,True,False,,2,STOP_BEFORE_TARGET,2023-10-26,2023-10-30,2023-11-01,2023-11-08,2023-11-22
COP|2023-10-26T00:00:00|Long,COP,2023-10-26,Long,-0.004310662812611055,0.0002535608140978862,-0.015805892619187745,True,0.004141708251844012,0.005747614903288456,-0.015805892619187745,True,0.03135828891075132,0.04175473369407934,-0.015805892619187745,True,-0.0351618300951666,0.04175473369407934,-0.036683259466227414,True,-0.023835683822304166,0.04175473369407934,-0.07040820195719022,True,20,True,True,True,True,False,False,5,8,TARGET_BEFORE_STOP,False,True,False,True,False,,8,STOP_BEFORE_TARGET,2023-10-27,2023-10-31,2023-11-02,2023-11-09,2023-11-24
COP|2023-10-27T00:00:00|Long,COP,2023-10-27,Long,0.0028862167154719565,0.00594224898224005,-0.010950771494976586,True,-0.009592570912888787,0.0167232049259205,-0.011120587046272834,True,0.016553454140280532,0.046264828582794015,-0.011120587046272834,True,-0.018590852161897042,0.046264828582794015,-0.03251274814799365,True,-0.025466892379297223,0.046264828582794015,-0.0663836968780751,True,20,True,True,True,True,False,False,4,7,TARGET_BEFORE_STOP,False,True,False,True,False,,8,STOP_BEFORE_TARGET,2023-10-30,2023-11-01,2023-11-03,2023-11-10,2023-11-27
COP|2023-10-30T00:00:00|Long,COP,2023-10-30,Long,0.0055866232056811516,0.0071948406848862945,-0.013966493434936278,True,0.03284236730542878,0.043253772107259,-0.013966493434936278,True,0.002793311602840687,0.043253772107259,-0.013966493434936278,True,-0.023531393208560125,0.043253772107259,-0.0352970898128403,True,-0.026747892746237234,0.043253772107259,-0.0690705609858826,True,20,True,True,True,True,False,False,3,6,TARGET_BEFORE_STOP,False,True,False,True,False,,6,STOP_BEFORE_TARGET,2023-10-31,2023-11-02,2023-11-06,2023-11-13,2023-11-28
COP|2023-10-31T00:00:00|Long,COP,2023-10-31,Long,-0.017929333569835948,0.008164929010026967,-0.019444487614885597,True,0.007996607103017528,0.03745788580748988,-0.019444487614885597,True,-0.029882179802732667,0.03745788580748988,-0.03762627193499035,True,-0.027441094717903125,0.03745788580748988,-0.04065658002508965,True,-0.04065658002508965,0.03745788580748988,-0.07424241976645063,True,20,True,True,True,True,False,False,2,5,TARGET_BEFORE_STOP,False,True,False,True,False,,5,STOP_BEFORE_TARGET,2023-11-01,2023-11-03,2023-11-07,2023-11-14,2023-11-29
COP|2023-11-01T00:00:00|Long,COP,2023-11-01,Long,0.04585582033158153,0.056398405196907975,0.005999867906255396,True,0.015428157024150346,0.056398405196907975,0.005999867906255396,True,-0.019028038532137637,0.056398405196907975,-0.02314217014328246,True,-0.014056736225140032,0.056398405196907975,-0.02314217014328246,True,-0.00942828911789495,0.056398405196907975,-0.05734117525504878,True,20,True,True,True,True,False,False,1,4,TARGET_BEFORE_STOP,True,True,True,False,False,1,11,TARGET_BEFORE_STOP,2023-11-02,2023-11-06,2023-11-08,2023-11-15,2023-11-30
COP|2023-11-02T00:00:00|Long,COP,2023-11-02,Long,-0.01860348062216899,-0.0010653766349316696,-0.021881644340276507,True,-0.05548268176789117,-0.0010653766349316696,-0.06302241455149793,True,-0.06449758509835768,-0.0010653766349316696,-0.06597275564521754,True,-0.08219963166067512,-0.0010653766349316696,-0.09867229648720832,True,-0.05564656181719907,-0.0010653766349316696,-0.09867229648720832,True,20,True,False,True,False,True,False,,1,STOP_BEFORE_TARGET,False,True,False,True,False,,2,STOP_BEFORE_TARGET,2023-11-03,2023-11-07,2023-11-09,2023-11-16,2023-12-01
COP|2023-11-03T00:00:00|Long,COP,2023-11-03,Long,-0.010688925088074064,0.006764071470511501,-0.013027119487212913,True,-0.04425889813576467,0.006764071470511501,-0.048267213188282865,True,-0.03457201995531056,0.006764071470511501,-0.048267213188282865,True,-0.04308980093619519,0.006764071470511501,-0.0815866107980493,True,-0.04359082439000517,0.006764071470511501,-0.0815866107980493,True,20,True,False,True,False,True,False,,2,STOP_BEFORE_TARGET,False,True,False,True,False,,2,STOP_BEFORE_TARGET,2023-11-06,2023-11-08,2023-11-10,2023-11-17,2023-12-04
COP|2023-11-06T00:00:00|Long,COP,2023-11-06,Long,-0.02717988678589134,-0.01662869249940435,-0.03494555032489488,True,-0.03646492487812414,-0.01662869249940435,-0.03798429943135351,True,-0.026251376536730153,-0.01662869249940435,-0.03798429943135351,True,-0.025998158177755193,-0.014012016924156878,-0.07166369356199409,True,-0.04499030789343195,-0.012070568839716356,-0.07166369356199409,True,20,True,False,True,False,True,False,,1,STOP_BEFORE_TARGET,False,True,False,True,False,,1,STOP_BEFORE_TARGET,2023-11-07,2023-11-09,2023-11-13,2023-11-20,2023-12-05
COP|2023-11-07T00:00:00|Long,COP,2023-11-07,Long,-0.006941458149742452,0.00321043597901971,-0.011106280080667053,True,0.0031236495475188697,0.008329710060500206,-0.011106280080667053,True,0.0025162769243154415,0.013535770573481543,-0.011106280080667053,True,-0.0006941590547044907,0.013535770573481543,-0.04572665200057624,True,-0.04104124387794872,0.015531461306094174,-0.04780912916468949,True,20,True,False,True,False,True,False,,7,STOP_BEFORE_TARGET,False,True,False,True,False,,7,STOP_BEFORE_TARGET,2023-11-08,2023-11-10,2023-11-14,2023-11-21,2023-12-06
COP|2023-11-08T00:00:00|Long,COP,2023-11-08,Long,-0.00262119205209721,0.014154677062286458,-0.003494922736129613,True,0.00795110254586473,0.015377913352207395,-0.003494922736129613,True,0.00506773129331739,0.02062036411778001,-0.003494922736129613,True,0.0034949893975078083,0.02062036411778001,-0.039056301533411664,True,-0.031454771254813774,0.022630004686294836,-0.04115333516874331,True,20,True,False,True,False,True,False,,6,STOP_BEFORE_TARGET,False,True,False,True,False,,6,STOP_BEFORE_TARGET,2023-11-09,2023-11-13,2023-11-15,2023-11-22,2023-12-07
COP|2023-11-09T00:00:00|Long,COP,2023-11-09,Long,0.012790180157305153,0.018046408506851686,0.003942154553017385,True,0.012176954630467529,0.023302636856397996,0.003942154553017385,True,-0.018922502262250784,0.023302636856397996,-0.03653086389140292,True,0.01173890775276809,0.023302636856397996,-0.03653086389140292,True,-0.018221653992559372,0.025317558922618666,-0.038633408700477156,True,20,True,False,True,False,True,False,,5,STOP_BEFORE_TARGET,False,True,False,True,False,,5,STOP_BEFORE_TARGET,2023-11-10,2023-11-14,2023-11-16,2023-11-24,2023-12-08
COP|2023-11-10T00:00:00|Long,COP,2023-11-10,Long,-0.0021624426838521282,0.0025949576176280686,-0.0053628816132582635,True,-0.005016882864740335,0.010379698485484923,-0.0063143616735542585,True,-0.008822803105924426,0.010379698485484923,-0.04869818548304605,True,-0.007006293178076661,0.010379698485484923,-0.04869818548304605,True,-0.02984168264015452,0.012369174791335036,-0.050774177974153845,True,20,True,False,True,False,True,False,,4,STOP_BEFORE_TARGET,False,True,False,True,False,,4,STOP_BEFORE_TARGET,2023-11-13,2023-11-15,2023-11-17,2023-11-27,2023-12-11
COP|2023-11-13T00:00:00|Long,COP,2023-11-13,Long,0.0015603355081781345,0.012569321606886952,-0.0001734073539797487,True,-0.02921292240596285,0.012569321606886952,-0.04663659175583612,True,0.0002600448954417356,0.012569321606886952,-0.04663659175583612,True,-0.0032940122348080747,0.012569321606886952,-0.04663659175583612,True,-0.03727464484229526,0.01456310936448646,-0.049063831762857,True,20,True,False,True,False,True,False,,3,STOP_BEFORE_TARGET,False,True,False,True,False,,3,STOP_BEFORE_TARGET,2023-11-14,2023-11-16,2023-11-20,2023-11-28,2023-12-12
COP|2023-11-14T00:00:00|Long,COP,2023-11-14,Long,-0.004414074192394479,0.009780138865016275,-0.005712339076333506,True,-0.00822230024328352,0.009780138865016275,-0.048121841046710134,True,-0.0032023779093834914,0.009780138865016275,-0.048121841046710134,True,-0.013588364915905315,0.009780138865016275,-0.048121841046710134,True,-0.031937012395421904,0.012982516774399766,-0.05054529964522725,True,20,True,False,True,False,True,False,,2,STOP_BEFORE_TARGET,False,True,False,True,False,,2,STOP_BEFORE_TARGET,2023-11-15,2023-11-17,2023-11-21,2023-11-29,2023-12-13
COP|2023-11-15T00:00:00|Long,COP,2023-11-15,Long,-0.02642789661643019,-0.01104056903889128,-0.043901551560062924,True,0.003129623699660078,0.01347477239160666,-0.043901551560062924,True,-0.001564811849830039,0.01347477239160666,-0.043901551560062924,True,0.004694435549490228,0.014517936074653681,-0.043901551560062924,True,-0.0006954866722044262,0.01747372126889246,-0.046335754912778304,True,20,True,False,True,False,True,False,,1,STOP_BEFORE_TARGET,False,True,False,True,False,,1,STOP_BEFORE_TARGET,2023-11-16,2023-11-20,2023-11-22,2023-11-30,2023-12-14
COP|2023-11-16T00:00:00|Long,COP,2023-11-16,Long,0.023216345421167572,0.03160997395350962,0.002143097577839148,True,0.028395395712428773,0.04098583851094162,0.002143097577839148,True,0.031252791023869575,0.04098583851094162,-0.0074113243815738805,True,0.028931204169727387,0.045093340013283134,-0.0074113243815738805,True,0.02276991785337623,0.045093340013283134,-0.020448262873556056,True,20,True,True,True,True,False,False,1,13,TARGET_BEFORE_STOP,False,False,False,False,True,,,NEITHER,2023-11-17,2023-11-21,2023-11-24,2023-12-01,2023-12-15
COP|2023-11-17T00:00:00|Long,COP,2023-11-17,Long,0.006981438845663712,0.017366310819106223,0.0,True,0.00226897761183098,0.017366310819106223,-0.029932740949456527,True,0.0018326792964364902,0.017366310819106223,-0.029932740949456527,True,-0.0005235846104474362,0.021380614852385627,-0.029932740949456527,True,0.0027053425071605908,0.023387733579057768,-0.042673876829783075,True,20,True,False,True,False,True,False,,3,STOP_BEFORE_TARGET,False,True,False,True,False,,12,STOP_BEFORE_TARGET,2023-11-20,2023-11-22,2023-11-27,2023-12-04,2023-12-18
COP|2023-11-20T00:00:00|Long,COP,2023-11-20,Long,-0.0019065882820592517,0.0020798844357310386,-0.00719301356655655,True,0.0008666130050267729,0.010226192143317103,-0.03665825244746934,True,-0.0035531331561097224,0.010226192143317103,-0.03665825244746934,True,-0.01949909014560447,0.014299345997110136,-0.03665825244746934,True,0.009532875291962117,0.01629254929683821,-0.049311053570528895,True,20,True,False,True,False,True,False,,2,STOP_BEFORE_TARGET,False,True,False,True,False,,2,STOP_BEFORE_TARGET,2023-11-21,2023-11-24,2023-11-28,2023-12-05,2023-12-19
COP|2023-11-21T00:00:00|Long,COP,2023-11-21,Long,-0.002778498740225732,-0.00034732062310760536,-0.03481804784744025,True,-0.0032125998356338226,0.012155956830226078,-0.03481804784744025,True,-0.010419353714687829,0.012155956830226078,-0.03481804784744025,True,-0.040375111572527045,0.016236891345946525,-0.04714769811153763,True,0.013197918699549005,0.03273425659806506,-0.047495018734645345,True,20,True,True,True,False,True,False,20,1,STOP_BEFORE_TARGET,False,True,False,True,False,,1,STOP_BEFORE_TARGET,2023-11-22,2023-11-27,2023-11-29,2023-12-06,2023-12-20
COP|2023-11-22T00:00:00|Long,COP,2023-11-22,Long,0.005572480610808617,0.014976066552501388,8.708869275886322e-05,True,0.0011319537182388206,0.014976066552501388,-0.012973425194300447,True,0.006269057294461922,0.01610795384153141,-0.0133217135361271,True,-0.0348280370321582,0.019068371532453332,-0.04449282262291876,True,0.01723990755977023,0.035611702408570256,-0.04484111096474541,True,20,True,True,True,False,True,False,19,9,STOP_BEFORE_TARGET,False,True,False,True,False,,9,STOP_BEFORE_TARGET,2023-11-24,2023-11-28,2023-11-30,2023-12-07,2023-12-21
COP|2023-11-24T00:00:00|Long,COP,2023-11-24,Long,-0.005974498439472065,-0.0031171583428047933,-0.01844313181069135,True,-0.01316128384433235,0.004242839226147321,-0.018789490077790183,True,-0.0022512296445154067,0.013421102090469983,-0.018789490077790183,True,-0.029612938195561322,0.013421102090469983,-0.04978786134174684,True,0.018789556138874897,0.029872756441698955,-0.050134219608845676,True,20,True,False,True,False,True,False,,7,STOP_BEFORE_TARGET,False,True,False,True,False,,8,STOP_BEFORE_TARGET,2023-11-27,2023-11-29,2023-12-01,2023-12-08,2023-12-22
COP|2023-11-27T00:00:00|Long,COP,2023-11-27,Long,0.0015679468675156016,0.010278748029682427,-0.0027874537135678112,True,0.00670728765328743,0.016550469041605842,-0.012892014961587872,True,-0.0023519535303426764,0.01951217599497479,-0.012892014961587872,True,-0.022996509751469163,0.01951217599497479,-0.04407669907209821,True,0.036759525079507194,0.04033098545590219,-0.044425139093561494,True,20,True,True,True,False,True,False,17,7,STOP_BEFORE_TARGET,False,True,False,True,False,,7,STOP_BEFORE_TARGET,2023-11-28,2023-11-30,2023-12-04,2023-12-11,2023-12-26
COP|2023-11-28T00:00:00|Long,COP,2023-11-28,Long,-0.008784154694230661,0.00504430496370456,-0.014437324870796964,True,0.0021742911175948176,0.017916137575669344,-0.014437324870796964,True,-0.016002817129629143,0.017916137575669344,-0.016872520305847294,True,-0.0340929351530016,0.017916137575669344,-0.04592108414104523,True,0.03052699951607951,0.04052875192783545,-0.04592108414104523,True,20,True,True,True,False,True,False,16,6,STOP_BEFORE_TARGET,False,True,False,True,False,,6,STOP_BEFORE_TARGET,2023-11-29,2023-12-01,2023-12-05,2023-12-12,2023-12-27
COP|2023-11-29T00:00:00|Long,COP,2023-11-29,Long,0.014038768596858153,0.023953634274798574,-0.00289551485057582,True,0.004913552273368094,0.026936910256578406,-0.00289551485057582,True,-0.030271163821046,0.026936910256578406,-0.037115059328131306,True,-0.01860141022966777,0.026936910256578406,-0.037466036910818845,True,0.022198813303489606,0.04974991759423908,-0.037466036910818845,True,20,True,True,True,False,True,False,15,5,STOP_BEFORE_TARGET,False,True,False,True,False,,5,STOP_BEFORE_TARGET,2023-11-30,2023-12-04,2023-12-06,2023-12-13,2023-12-28
COP|2023-11-30T00:00:00|Long,COP,2023-11-30,Long,-0.0029419082702122346,0.012719574496710573,-0.006230001060866797,True,-0.021026220572747945,0.012719574496710573,-0.021891483827789493,True,-0.04084105938536664,0.012719574496710573,-0.05044563335164376,True,-0.005364737805825248,0.012719574496710573,-0.05079175185673135,True,0.0043263822905625915,0.035216749204564524,-0.05079175185673135,True,20,True,True,True,False,True,False,17,3,STOP_BEFORE_TARGET,False,True,False,True,False,,4,STOP_BEFORE_TARGET,2023-12-01,2023-12-05,2023-12-07,2023-12-14,2023-12-29
COP|2023-12-01T00:00:00|Long,COP,2023-12-01,Long,-0.006074846457032601,0.00598797875475543,-0.01171575166351324,True,-0.04087482926888053,0.00598797875475543,-0.04764388903260164,True,-0.02742344502343741,0.00598797875475543,-0.04764388903260164,True,-0.005988044964894357,0.009719648395029923,-0.047991028791015466,True,0.020480716065300886,0.03827124797570769,-0.047991028791015466,True,20,True,True,True,False,True,False,13,3,STOP_BEFORE_TARGET,False,True,False,True,False,,3,STOP_BEFORE_TARGET,2023-12-04,2023-12-06,2023-12-08,2023-12-15,2024-01-02
COP|2023-12-04T00:00:00|Long,COP,2023-12-04,Long,-0.012136552907217046,0.0032306186197996745,-0.013009673270326427,True,-0.03213132231204563,0.0032306186197996745,-0.04182311155663099,True,-0.020693225726427844,0.0032306186197996745,-0.04182311155663099,True,0.0032306186197996745,0.02392384434622752,-0.04217237302483745,True,0.047149232370855776,0.04933206658603617,-0.04217237302483745,True,20,True,True,True,False,True,False,12,2,STOP_BEFORE_TARGET,False,True,False,True,False,,2,STOP_BEFORE_TARGET,2023-12-05,2023-12-07,2023-12-11,2023-12-18,2024-01-03
COP|2023-12-05T00:00:00|Long,COP,2023-12-05,Long,-0.023157174833976057,-0.007159250158771502,-0.030051277569566492,True,-0.009457306881708538,-0.007159250158771502,-0.030051277569566492,True,-0.01838431891705483,-0.004507708493740159,-0.030404829944881473,True,0.02960932024211771,0.036503422977708144,-0.030404829944881473,True,0.02952098272320436,0.07159270388737671,-0.030404829944881473,True,20,True,True,True,False,True,False,9,1,STOP_BEFORE_TARGET,True,True,False,True,False,11,1,STOP_BEFORE_TARGET,2023-12-06,2023-12-08,2023-12-12,2023-12-19,2024-01-04
COP|2023-12-06T00:00:00|Long,COP,2023-12-06,Long,0.002985901566034732,0.012576973047982554,0.0011763019069965797,True,0.01483900713768116,0.01909157323960109,0.0011763019069965797,True,0.012034037924829377,0.01909157323960109,-0.0074194690529395535,True,0.05582705379793307,0.07618536060522119,-0.0074194690529395535,True,0.054379318845260816,0.0969960328113677,-0.0074194690529395535,True,20,True,True,False,True,False,False,6,,TARGET_BEFORE_STOP,True,False,True,False,False,6,,TARGET_BEFORE_STOP,2023-12-07,2023-12-11,2023-12-13,2023-12-20,2024-01-05
COP|2023-12-07T00:00:00|Long,COP,2023-12-07,Long,0.011005874943588179,0.012088443714304509,0.0018944437290333571,True,0.0018944437290333571,0.016057724887677205,-0.010374393700577134,True,0.036986906004137454,0.04961659969065324,-0.010374393700577134,True,0.05394680594722501,0.0729815433346519,-0.010374393700577134,True,0.03292739355996499,0.09373026190951261,-0.010374393700577134,True,20,True,True,False,True,False,False,5,,TARGET_BEFORE_STOP,True,False,True,False,False,7,,TARGET_BEFORE_STOP,2023-12-08,2023-12-12,2023-12-14,2023-12-21,2024-01-08
COP|2023-12-08T00:00:00|Long,COP,2023-12-08,Long,0.0008031049123784495,0.00499685518085724,-0.004729176235746424,True,-0.0019630697002070985,0.00499685518085724,-0.021147521665349722,True,0.022039807508067666,0.038190405915514036,-0.021147521665349722,True,0.0498795751093708,0.06130099728107097,-0.021147521665349722,True,0.00615688804573189,0.08182384397176734,-0.021147521665349722,True,20,True,True,True,False,True,False,4,2,STOP_BEFORE_TARGET,True,False,True,False,False,8,,TARGET_BEFORE_STOP,2023-12-11,2023-12-13,2023-12-15,2023-12-22,2024-01-09
COP|2023-12-11T00:00:00|Long,COP,2023-12-11,Long,-0.00980747207203625,-0.00606276999797839,-0.02193301206799303,True,0.02487511764477013,0.037357299172656955,-0.02193301206799303,True,0.024429366746670178,0.045559850339799146,-0.02193301206799303,True,0.06116256024405353,0.06481808492952479,-0.02193301206799303,True,-0.008737547476245888,0.08095572312046584,-0.02193301206799303,True,20,True,True,True,False,True,False,3,1,STOP_BEFORE_TARGET,True,False,True,False,False,7,,TARGET_BEFORE_STOP,2023-12-12,2023-12-14,2023-12-18,2023-12-26,2024-01-10
COP|2023-12-12T00:00:00|Long,COP,2023-12-12,Long,0.007113280505076203,0.010805011741546355,-0.0017107402862266419,True,0.03133444474548619,0.047631919969531866,-0.0017107402862266419,True,0.04889249436828935,0.055915714217410706,-0.0017107402862266419,True,0.06690077857471421,0.07725555573263887,-0.0017107402862266419,True,-0.000540226543423894,0.0916621693585482,-0.0020709142138934933,True,20,True,True,False,True,False,False,2,,TARGET_BEFORE_STOP,True,False,True,False,False,4,,TARGET_BEFORE_STOP,2023-12-13,2023-12-15,2023-12-19,2023-12-27,2024-01-11
COP|2023-12-13T00:00:00|Long,COP,2023-12-13,Long,0.027715677393042926,0.04023245472856374,0.00804650458790257,True,0.027268691044850524,0.048457740213553535,0.00804650458790257,True,0.043272275666637494,0.06338850303091936,0.00804650458790257,True,0.041573550195038944,0.06964685759320521,0.00804650458790257,True,-0.0013410954664752062,0.08395171674339386,-0.009119326392323601,True,20,True,True,False,True,False,False,1,,TARGET_BEFORE_STOP,True,False,True,False,False,5,,TARGET_BEFORE_STOP,2023-12-14,2023-12-18,2023-12-20,2023-12-28,2024-01-12
COP|2023-12-14T00:00:00|Long,COP,2023-12-14,Long,-0.003566733741623751,0.0068725614310634064,-0.011570197798778548,True,0.01339713750684779,0.020182686006236628,-0.011570197798778548,True,0.016354979841008532,0.034710792510595834,-0.011570197798778548,True,0.009743390833549359,0.040800370299426625,-0.011570197798778548,True,-0.054893412145412324,0.05471945265348288,-0.057503269124294154,True,20,True,True,True,True,False,False,4,15,TARGET_BEFORE_STOP,True,True,True,False,False,13,17,TARGET_BEFORE_STOP,2023-12-15,2023-12-19,2023-12-21,2023-12-29,2024-01-16
COP|2023-12-15T00:00:00|Long,COP,2023-12-15,Long,0.003143012113445476,0.023834430816465746,0.0009603685129415673,True,0.018770748286133898,0.03841454069066996,-0.0025318745696643052,True,0.02723941611352898,0.03841454069066996,-0.0025318745696643052,True,0.026628211960751047,0.04452591612848256,-0.0025318745696643052,True,-0.06085211423949144,0.05849482184990906,-0.06949536424696834,True,20,True,True,True,True,False,False,3,16,TARGET_BEFORE_STOP,True,True,True,False,False,12,16,TARGET_BEFORE_STOP,2023-12-18,2023-12-20,2023-12-22,2024-01-02,2024-01-17
COP|2023-12-18T00:00:00|Long,COP,2023-12-18,Long,0.013838088048523822,0.01514358433996743,-0.0056571063293894275,True,0.016797217402482634,0.035161017074637924,-0.0056571063293894275,True,0.03585722421648141,0.03942557631974086,-0.0056571063293894275,True,0.04377718635768657,0.045952991376659424,-0.0056571063293894275,True,-0.06936467462890361,0.05517838340900871,-0.07946044178908174,True,20,True,True,True,True,False,False,2,13,TARGET_BEFORE_STOP,True,True,True,False,False,11,15,TARGET_BEFORE_STOP,2023-12-19,2023-12-21,2023-12-26,2024-01-03,2024-01-18
COP|2023-12-19T00:00:00|Long,COP,2023-12-19,Long,0.0017169248974544526,0.02103188790939714,-0.0009442923201029574,True,0.010043830541641263,0.02103188790939714,-0.010387150027143965,True,0.017168856010615796,0.027040961315517587,-0.010387150027143965,True,-8.579712438161469e-05,0.04077603302521249,-0.010387150027143965,True,-0.07399772748960165,0.04077603302521249,-0.09202507869593868,True,20,True,True,True,True,False,False,9,12,TARGET_BEFORE_STOP,False,True,False,True,False,,12,STOP_BEFORE_TARGET,2023-12-20,2023-12-22,2023-12-27,2024-01-04,2024-01-19
COP|2023-12-20T00:00:00|Long,COP,2023-12-20,Long,0.0011997547923501273,0.0016282012857709027,-0.012083328756612,True,0.019967384976533165,0.02348099928393932,-0.012083328756612,True,-0.0016282666675035973,0.02528063147246451,-0.012083328756612,True,-0.0013711856951046375,0.038992161514847634,-0.012083328756612,True,-0.07395667754095647,0.038992161514847634,-0.093581331475446,True,20,True,True,True,True,False,False,9,11,TARGET_BEFORE_STOP,False,True,False,True,False,,11,STOP_BEFORE_TARGET,2023-12-21,2023-12-26,2023-12-28,2024-01-05,2024-01-22
COP|2023-12-21T00:00:00|Long,COP,2023-12-21,Long,0.007104355200258761,0.015406962202792807,0.003937336961937765,True,0.014208645097132822,0.024052020153669362,0.003937336961937765,True,-0.006505196647428768,0.024052020153669362,-0.008730670687961961,True,-0.019943523020945042,0.03774711943505782,-0.03723357361931334,True,-0.07566552964767126,0.03774711943505782,-0.0946675084708285,True,20,True,True,True,True,False,False,8,10,TARGET_BEFORE_STOP,False,True,False,True,False,,10,STOP_BEFORE_TARGET,2023-12-22,2023-12-27,2023-12-29,2024-01-08,2024-01-23
COP|2023-12-22T00:00:00|Long,COP,2023-12-22,Long,0.011558668524799698,0.015043316233011472,0.006119272215699079,True,-0.009858946336944063,0.016828112067930334,-0.01036886947757254,True,-0.0005949967876917039,0.016828112067930334,-0.015723321825047654,True,-0.04164543067626025,0.03042660284068166,-0.04597997189975933,True,-0.06790757474485043,0.03042660284068166,-0.10105394058280115,True,20,True,True,True,True,False,False,7,9,TARGET_BEFORE_STOP,False,True,False,True,False,,9,STOP_BEFORE_TARGET,2023-12-26,2023-12-28,2024-01-02,2024-01-09,2024-01-24
COP|2023-12-26T00:00:00|Long,COP,2023-12-26,Long,-0.004453022972990883,0.005209231759948585,-0.007897788930634086,True,-0.024785725352430066,0.005209231759948585,-0.026970250168122933,True,0.007645804804031542,0.00974629217633205,-0.026970250168122933,True,-0.06587125322648335,0.018652338122313816,-0.06881192272734649,True,-0.05856153409423437,0.018652338122313816,-0.11132583073192259,True,20,True,False,True,False,True,False,,2,STOP_BEFORE_TARGET,False,True,False,True,False,,8,STOP_BEFORE_TARGET,2023-12-27,2023-12-29,2024-01-03,2024-01-10,2024-01-25
COP|2023-12-27T00:00:00|Long,COP,2023-12-27,Long,-0.01679464849056267,-0.002447471691752079,-0.01730099974109378,True,-0.007595590700521848,0.0026162983676032425,-0.022617945425714603,True,-0.016963410777902754,0.023208710014171352,-0.022617945425714603,True,-0.06321206851890526,0.023208710014171352,-0.06464677332108404,True,-0.052831417163440086,0.023208710014171352,-0.10735084353134672,True,20,True,False,True,False,True,False,,2,STOP_BEFORE_TARGET,False,True,False,True,False,,7,STOP_BEFORE_TARGET,2023-12-28,2024-01-02,2024-01-04,2024-01-11,2024-01-26
COP|2023-12-28T00:00:00|Long,COP,2023-12-28,Long,-0.0036909897439981743,0.009012901731826783,-0.005922767737392753,True,0.02944206270537153,0.03158798545215258,-0.005922767737392753,True,0.00025750025147530664,0.04068667694222783,-0.005922767737392753,True,-0.041201742933543506,0.04068667694222783,-0.0486695121797881,True,-0.042060098934582846,0.04068667694222783,-0.09210303310672607,True,20,True,True,True,True,False,False,3,6,TARGET_BEFORE_STOP,False,True,False,True,False,,6,STOP_BEFORE_TARGET,2023-12-29,2024-01-03,2024-01-05,2024-01-12,2024-01-29
COP|2023-12-29T00:00:00|Long,COP,2023-12-29,Long,0.01309551690413402,0.023520318463956524,0.006720072209422501,True,0.0035323827275555164,0.04454207101351315,0.0017230718425780278,True,-0.013526317730267245,0.04454207101351315,-0.030929579971823773,True,-0.06401309834333613,0.04454207101351315,-0.06659777183818061,True,-0.017403262241556527,0.04454207101351315,-0.08873958024329265,True,20,True,True,True,True,False,False,2,5,TARGET_BEFORE_STOP,False,True,False,True,False,,5,STOP_BEFORE_TARGET,2024-01-02,2024-01-04,2024-01-08,2024-01-16,2024-01-30
COP|2024-01-02T00:00:00|Long,COP,2024-01-02,Long,0.019899685688918867,0.02202571688022581,-0.0015306801716707952,True,-0.009014351489117223,0.03104006836934281,-0.013521527233675834,True,-0.0410748733062406,0.03104006836934281,-0.04541199510327676,True,-0.08521130159979173,0.03104006836934281,-0.09363036695059601,True,-0.048643539156786764,0.03104006836934281,-0.10051875212972938,True,20,True,True,True,True,False,False,2,4,TARGET_BEFORE_STOP,False,True,False,True,False,,4,STOP_BEFORE_TARGET,2024-01-03,2024-01-05,2024-01-09,2024-01-17,2024-01-31
COP|2024-01-03T00:00:00|Long,COP,2024-01-03,Long,-0.02876675510267046,0.010923018054367573,-0.03051783250893081,True,-0.04527641366929469,0.010923018054367573,-0.06211954414479115,True,-0.072959226029639,0.010923018054367573,-0.07587758234774533,True,-0.10839656438689227,0.010923018054367573,-0.11806890374449763,True,-0.07129161202369161,0.010923018054367573,-0.11806890374449763,True,20,True,False,True,False,True,False,,1,STOP_BEFORE_TARGET,False,True,False,True,False,,1,STOP_BEFORE_TARGET,2024-01-04,2024-01-08,2024-01-10,2024-01-18,2024-02-01
COP|2024-01-04T00:00:00|Long,COP,2024-01-04,Long,0.00042921892962244357,0.01107480467853228,-0.00412090782194352,True,-0.031936822746337024,0.01107480467853228,-0.036315275025975535,True,-0.0470467307606528,0.01107480467853228,-0.04850619302066306,True,-0.07391827234042614,0.01107480467853228,-0.09194717037437017,True,-0.050223265237976156,0.01107480467853228,-0.09194717037437017,True,20,True,False,True,False,True,False,,2,STOP_BEFORE_TARGET,False,True,False,True,False,,2,STOP_BEFORE_TARGET,2024-01-05,2024-01-09,2024-01-11,2024-01-19,2024-02-02
COP|2024-01-05T00:00:00|Long,COP,2024-01-05,Long,-0.01742039646925264,-0.012700555591201201,-0.03475495979394805,True,-0.045910911612157324,-0.012700555591201201,-0.048914416956596374,True,-0.041448570167777254,-0.012700555591201201,-0.048914416956596374,True,-0.07268515669295561,-0.012700555591201201,-0.0923367566201514,True,-0.056294496072364364,-0.012700555591201201,-0.0923367566201514,True,20,True,False,True,False,True,False,,1,STOP_BEFORE_TARGET,False,True,False,True,False,,1,STOP_BEFORE_TARGET,2024-01-08,2024-01-10,2024-01-12,2024-01-22,2024-02-05
COP|2024-01-08T00:00:00|Long,COP,2024-01-08,Long,-0.01519648789318373,0.0,-0.01965065502183405,True,-0.03056768558951961,0.0,-0.03205238575498093,True,-0.05117904463189138,0.0,-0.053799158621042564,True,-0.05685591385354116,0.0,-0.07624457080291347,True,-0.026026230191559807,0.0,-0.07624457080291347,True,20,True,False,True,False,True,False,,2,STOP_BEFORE_TARGET,False,True,False,True,False,,2,STOP_BEFORE_TARGET,2024-01-09,2024-01-11,2024-01-16,2024-01-23,2024-02-06
COP|2024-01-09T00:00:00|Long,COP,2024-01-09,Long,-0.014012076987598987,-0.0002660409607001535,-0.017116000963214417,True,-0.009400542461037165,0.005409725069130289,-0.017116000963214417,True,-0.04602698069423561,0.005409725069130289,-0.05480667069968159,True,-0.02740336918007491,0.005409725069130289,-0.061990114940926655,True,-0.003902114518184008,0.01392337411387623,-0.061990114940926655,True,20,True,False,True,False,True,False,,4,STOP_BEFORE_TARGET,False,True,False,True,False,,4,STOP_BEFORE_TARGET,2024-01-10,2024-01-12,2024-01-17,2024-01-24,2024-02-07
COP|2024-01-10T00:00:00|Long,COP,2024-01-10,Long,-0.0016189989627783952,0.00953406687969216,-0.002158642409702871,True,-0.022845843753870665,0.01969780927680298,-0.02554419823250298,True,-0.038226299589262935,0.01969780927680298,-0.04865986370983599,True,0.007825173090429738,0.01969780927680298,-0.04865986370983599,True,0.02446484271664917,0.036967085798435884,-0.04865986370983599,True,20,True,True,True,False,True,False,20,3,STOP_BEFORE_TARGET,False,True,False,True,False,,4,STOP_BEFORE_TARGET,2024-01-11,2024-01-16,2024-01-18,2024-01-25,2024-02-08
COP|2024-01-11T00:00:00|Long,COP,2024-01-11,Long,0.006306278812992616,0.021351376095333663,0.0004504779437641826,True,-0.030900903650232237,0.021351376095333663,-0.039819803323831615,True,-0.028198173454215936,0.021351376095333663,-0.047117147359762135,True,0.011081111323726134,0.021351376095333663,-0.047117147359762135,True,0.0014414744334176888,0.03864865689664265,-0.047117147359762135,True,20,True,True,True,False,True,False,12,2,STOP_BEFORE_TARGET,False,True,False,True,False,,3,STOP_BEFORE_TARGET,2024-01-12,2024-01-17,2024-01-19,2024-01-26,2024-02-09
COP|2024-01-12T00:00:00|Long,COP,2024-01-12,Long,-0.027394786411781613,0.00035811026517640343,-0.030080579249330386,True,-0.04270364165969187,0.00035811026517640343,-0.0530886344421615,True,-0.03258728280301637,0.00035811026517640343,-0.0530886344421615,True,-0.0008952415116665335,0.006714413791322871,-0.0530886344421615,True,-0.005371517372548484,0.03213969619845769,-0.0530886344421615,True,20,True,True,True,False,True,False,18,1,STOP_BEFORE_TARGET,False,True,False,True,False,,1,STOP_BEFORE_TARGET,2024-01-16,2024-01-18,2024-01-22,2024-01-29,2024-02-12
COP|2024-01-16T00:00:00|Long,COP,2024-01-16,Long,-0.009849039956145056,-0.0009204572411901646,-0.018961686028783564,True,-0.0070875980061886334,-0.0009204572411901646,-0.0264175512031114,True,-0.005983077407314852,0.007179664798223406,-0.0264175512031114,True,0.0497975303065481,0.052374838672434754,-0.0264175512031114,True,0.010401300255581836,0.06121135459535476,-0.0264175512031114,True,20,True,True,True,False,True,False,7,2,STOP_BEFORE_TARGET,True,False,True,False,False,10,,TARGET_BEFORE_STOP,2024-01-17,2024-01-19,2024-01-23,2024-01-30,2024-02-13
COP|2024-01-17T00:00:00|Long,COP,2024-01-17,Long,-0.005949608547588636,-0.0021381738178498644,-0.016733318368173378,True,0.004555153529419487,0.0076229403844059185,-0.016733318368173378,True,0.019522157479583413,0.02277583857202581,-0.016733318368173378,True,0.03997399892123177,0.06284282007444997,-0.016733318368173378,True,0.023705522534090973,0.07176723289583298,-0.016733318368173378,True,20,True,True,False,True,False,False,6,,TARGET_BEFORE_STOP,True,False,True,False,False,9,,TARGET_BEFORE_STOP,2024-01-18,2024-01-22,2024-01-24,2024-01-31,2024-02-14
COP|2024-01-18T00:00:00|Long,COP,2024-01-18,Long,0.00879082052486213,0.009258373337174719,-0.009445451541643557,True,0.009913004353956145,0.02328624199628848,-0.009445451541643557,True,0.047881817375569735,0.04816236333284318,-0.009445451541643557,True,0.041615981815599,0.06920416632151372,-0.009445451541643557,True,0.0380622807744182,0.07818199370141499,-0.009445451541643557,True,20,True,True,False,True,False,False,5,,TARGET_BEFORE_STOP,True,False,True,False,False,6,,TARGET_BEFORE_STOP,2024-01-19,2024-01-23,2024-01-25,2024-02-01,2024-02-15
COP|2024-01-19T00:00:00|Long,COP,2024-01-19,Long,0.0017613312985451657,0.004820586166925711,-0.008065289000000475,True,0.016686709711058345,0.019931341816457948,-0.008065289000000475,True,0.04041902752699911,0.04245846004491072,-0.008065289000000475,True,0.02558630236915782,0.05988689088707155,-0.008065289000000475,True,0.025030099930425154,0.06878648354517103,-0.008065289000000475,True,20,True,True,False,True,False,False,4,,TARGET_BEFORE_STOP,True,False,True,False,False,7,,TARGET_BEFORE_STOP,2024-01-22,2024-01-24,2024-01-26,2024-02-02,2024-02-16
COP|2024-01-22T00:00:00|Long,COP,2024-01-22,Long,-0.0006477854562809693,0.012585606524876392,-0.003794151785840416,True,0.03692398281797615,0.03720159507019383,-0.003794151785840416,True,0.03275958722475303,0.040625573651970726,-0.003794151785840416,True,0.01767539982659816,0.05802336122635143,-0.003794151785840416,True,0.0136961261370665,0.06690730631391362,-0.003794151785840416,True,20,True,True,False,True,False,False,3,,TARGET_BEFORE_STOP,True,False,True,False,False,6,,TARGET_BEFORE_STOP,2024-01-23,2024-01-25,2024-01-29,2024-02-05,2024-02-20
COP|2024-01-23T00:00:00|Long,COP,2024-01-23,Long,0.01555699915185782,0.018798025923268735,0.0039818530760435955,True,0.03926294635650307,0.041300112720614957,0.0039818530760435955,True,0.05611635621692512,0.05870917763405403,0.0039818530760435955,True,0.03268820121424576,0.05870917763405403,0.0039818530760435955,True,0.045189415495393126,0.06759888134238912,0.0039818530760435955,True,20,True,True,False,True,False,False,2,,TARGET_BEFORE_STOP,True,False,True,False,False,5,,TARGET_BEFORE_STOP,2024-01-24,2024-01-26,2024-01-30,2024-02-06,2024-02-21
COP|2024-01-24T00:00:00|Long,COP,2024-01-24,Long,0.021701512925587307,0.021975049715937667,-0.003738452079512622,True,0.017598252369829037,0.02534876288603849,-0.003738452079512622,True,0.020060222616650636,0.042491143794227915,-0.003738452079512622,True,0.02416341360557528,0.042491143794227915,-0.003738452079512622,True,0.023251601115462428,0.05124466891961177,-0.007568175844920533,True,20,True,True,False,True,False,False,4,,TARGET_BEFORE_STOP,True,False,True,False,False,11,,TARGET_BEFORE_STOP,2024-01-25,2024-01-29,2024-01-31,2024-02-07,2024-02-22
COP|2024-01-25T00:00:00|Long,COP,2024-01-25,Long,0.0016064283826269232,0.0035697803265530847,-0.014368590508720303,True,0.017849173989546108,0.020348047453811358,-0.014368590508720303,True,-0.005979525034286337,0.020348047453811358,-0.014368590508720303,True,0.016510472322491143,0.028915642798090113,-0.02463187917054832,True,-0.004819285147880881,0.028915642798090113,-0.028647984171713325,True,20,True,False,True,False,True,False,,6,STOP_BEFORE_TARGET,False,False,False,False,True,,,NEITHER,2024-01-26,2024-01-30,2024-02-01,2024-02-08,2024-02-23
COP|2024-01-26T00:00:00|Long,COP,2024-01-26,Long,-0.005613515672888703,-0.0011583790334482869,-0.015503924450845696,True,-0.0032077038187963147,0.01871156028965193,-0.015503924450845696,True,-0.014256491630201595,0.01871156028965193,-0.022632102285956357,True,-0.009533989689202937,0.027265414479778816,-0.026196225193506728,True,0.0016929056965939715,0.027265414479778816,-0.030205888956997273,True,20,True,False,True,False,True,False,,5,STOP_BEFORE_TARGET,False,True,False,True,False,,12,STOP_BEFORE_TARGET,2024-01-29,2024-01-31,2024-02-02,2024-02-09,2024-02-26
COP|2024-01-29T00:00:00|Long,COP,2024-01-29,Long,0.021953446336335336,0.024462396005916265,-0.007526849008742675,True,-0.0019713371300281723,0.024462396005916265,-0.007526849008742675,True,-0.014605710355775181,0.024462396005916265,-0.020698903137793656,True,-0.004480286799609101,0.03306453845751545,-0.020698903137793656,True,8.962487784258677e-05,0.03306453845751545,-0.024731202275692588,True,20,True,True,True,False,True,False,8,5,STOP_BEFORE_TARGET,False,False,False,False,True,,,NEITHER,2024-01-30,2024-02-01,2024-02-05,2024-02-12,2024-02-27
COP|2024-01-30T00:00:00|Long,COP,2024-01-30,Long,-0.01911442566280741,0.00043836405984665205,-0.019815888432767825,True,-0.029986897911679855,0.00043836405984665205,-0.03822885132561482,True,-0.02218330855759154,0.00043836405984665205,-0.04173609828024549,True,-0.03752745545082592,0.01087240535370082,-0.04568177618989455,True,-0.017623867448020136,0.01087240535370082,-0.04568177618989455,True,20,True,False,True,False,True,False,,2,STOP_BEFORE_TARGET,False,True,False,True,False,,3,STOP_BEFORE_TARGET,2024-01-31,2024-02-02,2024-02-06,2024-02-13,2024-02-28
COP|2024-01-31T00:00:00|Long,COP,2024-01-31,Long,-0.004380133021665067,0.012067564503231765,-0.009564670318709778,True,-0.016984012507651025,0.012067564503231765,-0.02306249904095503,True,0.0040224987681600766,0.012067564503231765,-0.02306249904095503,True,-0.015643156852013784,0.03057118159452088,-0.027085066007866754,True,0.0059890779699278696,0.03057118159452088,-0.027085066007866754,True,20,True,True,True,False,True,False,6,3,STOP_BEFORE_TARGET,False,False,False,False,True,,,NEITHER,2024-02-01,2024-02-05,2024-02-07,2024-02-14,2024-02-29
COP|2024-02-01T00:00:00|Long,COP,2024-02-01,Long,-0.006733704601316837,0.005117612757049361,-0.015173234455793216,True,0.0012569527123429403,0.009606749157927252,-0.018764557276252702,True,0.022625285819744434,0.03510507953428221,-0.018764557276252702,True,-0.0034117190051045077,0.03510507953428221,-0.02280482113631399,True,0.025677865692924406,0.03725984582704367,-0.02280482113631399,True,20,True,True,True,True,False,False,5,8,TARGET_BEFORE_STOP,False,False,False,False,True,,,NEITHER,2024-02-02,2024-02-06,2024-02-08,2024-02-15,2024-03-01
COP|2024-02-02T00:00:00|Long,COP,2024-02-02,Long,-0.0059657963400560066,0.0020790324744086597,-0.012112414093449875,True,0.015276168158397274,0.021151622754947308,-0.012112414093449875,True,0.004790801969174252,0.042122424096556754,-0.012112414093449875,True,-0.0005423263136878909,0.042122424096556754,-0.016180068335598152,True,0.009129550405003517,0.044291798314471276,-0.016180068335598152,True,20,True,True,False,True,False,False,4,,TARGET_BEFORE_STOP,False,False,False,False,True,,,NEITHER,2024-02-05,2024-02-07,2024-02-09,2024-02-16,2024-03-04
COP|2024-02-05T00:00:00|Long,COP,2024-02-05,Long,0.01409471133179796,0.02255156588169771,0.002091440620042073,True,0.03573702156544045,0.048376826732476896,0.002091440620042073,True,0.010275504600114838,0.048376826732476896,0.002091440620042073,True,-0.0039101600473095965,0.048376826732476896,-0.010275573977167163,True,0.01136673625647533,0.05055922066814533,-0.010275573977167163,True,20,True,True,False,True,False,False,3,,TARGET_BEFORE_STOP,True,False,True,False,False,18,,TARGET_BEFORE_STOP,2024-02-06,2024-02-08,2024-02-12,2024-02-20,2024-03-05
COP|2024-02-06T00:00:00|Long,COP,2024-02-06,Long,0.007173628728830872,0.013002193519406458,-0.000627687382813158,True,-0.003228057673900664,0.03380563473766318,-0.004483500852320743,True,-0.015692252983122823,0.03380563473766318,-0.02403156730495115,True,0.01210550703150104,0.03380563473766318,-0.02403156730495115,True,0.004214501747228594,0.035957695991194916,-0.02403156730495115,True,20,True,True,True,True,False,False,2,5,TARGET_BEFORE_STOP,False,False,False,False,True,,,NEITHER,2024-02-07,2024-02-09,2024-02-13,2024-02-21,2024-03-06
COP|2024-02-07T00:00:00|Long,COP,2024-02-07,Long,0.01406696790729689,0.02644231863223534,0.0024038162731481183,True,-0.010861834259418557,0.02644231863223534,-0.015936617880972337,True,-0.019586867469904123,0.02644231863223534,-0.03098293595431656,True,-0.0008902998076281143,0.02644231863223534,-0.03098293595431656,True,0.0037392999473508937,0.028579051755647233,-0.03098293595431656,True,20,True,False,True,False,True,False,,4,STOP_BEFORE_TARGET,False,True,False,True,False,,4,STOP_BEFORE_TARGET,2024-02-08,2024-02-12,2024-02-14,2024-02-22,2024-03-07
COP|2024-02-08T00:00:00|Long,COP,2024-02-08,Long,-0.024056170562447132,0.003511865851801854,-0.025285380546357095,True,-0.03625991946869411,0.003511865851801854,-0.044424979106243545,True,-0.02546094369647578,0.003511865851801854,-0.044424979106243545,True,-0.020983313060846775,0.003511865851801854,-0.044424979106243545,True,-0.00790168142073655,0.014310774640750257,-0.044424979106243545,True,20,True,False,True,False,True,False,,1,STOP_BEFORE_TARGET,False,True,False,True,False,,3,STOP_BEFORE_TARGET,2024-02-09,2024-02-13,2024-02-15,2024-02-23,2024-03-08
COP|2024-02-09T00:00:00|Long,COP,2024-02-09,Long,-0.0005398091580733899,0.00881608218112273,-0.005667550036499769,True,-0.00935589133919612,0.00881608218112273,-0.02087088204198717,True,-0.005307700142567318,0.00881608218112273,-0.02087088204198717,True,0.011334962804300686,0.022580014610880328,-0.02087088204198717,True,0.036793776566640846,0.0393126571898188,-0.02087088204198717,True,20,True,True,True,False,True,False,14,2,STOP_BEFORE_TARGET,False,False,False,False,True,,,NEITHER,2024-02-12,2024-02-14,2024-02-16,2024-02-26,2024-03-11
COP|2024-02-12T00:00:00|Long,COP,2024-02-12,Long,-0.01197121376526833,0.00747076365845345,-0.02034205371080089,True,-0.0009000762870792212,0.00747076365845345,-0.02034205371080089,True,-0.014041382358408683,0.00747076365845345,-0.02034205371080089,True,0.004590478336948589,0.02313231080217215,-0.02034205371080089,True,0.03528351235628868,0.04167421193881449,-0.02034205371080089,True,20,True,True,True,False,True,False,13,1,STOP_BEFORE_TARGET,False,False,False,False,True,,,NEITHER,2024-02-13,2024-02-15,2024-02-20,2024-02-27,2024-03-12
COP|2024-02-13T00:00:00|Long,COP,2024-02-13,Long,0.0031885407143967814,0.011569684898420363,-0.002277489365449359,True,0.007287993770821899,0.018493272030355223,-0.008472263219610143,True,0.028240923734340173,0.03552884800170264,-0.008472263219610143,True,0.02067964236021802,0.03552884800170264,-0.008472263219610143,True,0.07087552743569137,0.08053206010408975,-0.008472263219610143,True,20,True,True,False,True,False,False,5,,TARGET_BEFORE_STOP,True,False,True,False,False,12,,TARGET_BEFORE_STOP,2024-02-14,2024-02-16,2024-02-21,2024-02-28,2024-03-13
COP|2024-02-14T00:00:00|Long,COP,2024-02-14,Long,0.00799125709652504,0.014347931004834669,-0.011623741162058221,True,-0.005266997971199117,0.015256086662492674,-0.011623741162058221,True,0.019070091007478362,0.032237516652926734,-0.011623741162058221,True,0.02197600897735552,0.032237516652926734,-0.011623741162058221,True,0.08772244634742044,0.08962944851991339,-0.011623741162058221,True,20,True,True,False,True,False,False,4,,TARGET_BEFORE_STOP,True,False,True,False,False,18,,TARGET_BEFORE_STOP,2024-02-15,2024-02-20,2024-02-22,2024-02-29,2024-03-14
COP|2024-02-15T00:00:00|Long,COP,2024-02-15,Long,-0.0038738766232052635,0.007207234700520759,-0.005405391658748537,True,0.016846871590829204,0.02405403755806579,-0.014774769276112099,True,0.004594613839914219,0.02405403755806579,-0.014774769276112099,True,0.029189169943869553,0.040810799813485454,-0.014774769276112099,True,0.08144144968943556,0.0882883157816019,-0.014774769276112099,True,20,True,True,False,True,False,False,10,,TARGET_BEFORE_STOP,True,False,True,False,False,18,,TARGET_BEFORE_STOP,2024-02-16,2024-02-21,2024-02-23,2024-03-01,2024-03-15
COP|2024-02-16T00:00:00|Long,COP,2024-02-16,Long,-0.009315354817217125,0.009586665112773618,-0.01094328559113944,True,0.014922687260856993,0.02803652421703151,-0.01094328559113944,True,0.016731468564955554,0.02803652421703151,-0.01094328559113944,True,0.009677124878153531,0.04485845254736698,-0.01094328559113944,True,0.0876368134950789,0.09496246747743742,-0.01094328559113944,True,20,True,True,False,True,False,False,9,,TARGET_BEFORE_STOP,True,False,True,False,False,17,,TARGET_BEFORE_STOP,2024-02-20,2024-02-22,2024-02-26,2024-03-04,2024-03-18
COP|2024-02-20T00:00:00|Long,COP,2024-02-20,Long,0.030399870396410122,0.03770309675825967,0.0014606174126128302,True,0.01798430896693448,0.03770309675825967,0.0014606174126128302,True,0.01889720355599156,0.03770309675825967,0.0014606174126128302,True,0.015336865904094,0.0546832007824134,0.0014606174126128302,True,0.11393094415950489,0.11520908016345599,0.0014606174126128302,True,20,True,True,False,True,False,False,1,,TARGET_BEFORE_STOP,True,False,True,False,False,8,,TARGET_BEFORE_STOP,2024-02-21,2024-02-23,2024-02-27,2024-03-05,2024-03-19
COP|2024-02-21T00:00:00|Long,COP,2024-02-21,Long,-0.005758850979549424,0.00035439810892134993,-0.0138212558698243,True,-0.003986928029470094,0.00035439810892134993,-0.024541545185218117,True,-0.007353608672431955,0.004075476860804672,-0.024541545185218117,True,-0.007796623207215636,0.023566899689788423,-0.024541545185218117,True,0.0800921475639913,0.08407900799893353,-0.024541545185218117,True,20,True,True,True,False,True,False,15,2,STOP_BEFORE_TARGET,True,False,True,False,False,15,,TARGET_BEFORE_STOP,2024-02-22,2024-02-26,2024-02-28,2024-03-06,2024-03-20
COP|2024-02-22T00:00:00|Long,COP,2024-02-22,Long,-0.006326849730435291,0.0003564508562843294,-0.018891487466771828,True,-0.005435756582749196,0.009891290307229017,-0.018891487466771828,True,0.002851538864224956,0.009891290307229017,-0.018891487466771828,True,0.004633725159597146,0.029495611500520047,-0.018891487466771828,True,0.1006059596570783,0.10131879338359773,-0.018891487466771828,True,20,True,True,False,True,False,False,13,,TARGET_BEFORE_STOP,True,False,True,False,False,14,,TARGET_BEFORE_STOP,2024-02-23,2024-02-27,2024-02-29,2024-03-07,2024-03-21
COP|2024-02-23T00:00:00|Long,COP,2024-02-23,Long,0.008160667341779115,0.009057434198611602,-0.008071038549343656,True,0.0047529259182452765,0.016321403102483645,-0.008071038549343656,True,0.024482070444262538,0.036050547628500906,-0.008071038549343656,True,0.013362010897903343,0.036050547628500906,-0.008071038549343656,True,0.10330908817482176,0.11245628800371987,-0.008071038549343656,True,20,True,True,False,True,False,False,5,,TARGET_BEFORE_STOP,True,False,True,False,False,13,,TARGET_BEFORE_STOP,2024-02-26,2024-02-28,2024-03-01,2024-03-08,2024-03-22
COP|2024-02-26T00:00:00|Long,COP,2024-02-26,Long,-0.007205102044001821,0.008094677788037519,-0.012097497175793781,True,0.0010674501737821807,0.008094677788037519,-0.012097497175793781,True,-0.006938256466831549,0.027664122585003392,-0.012097497175793781,True,0.025173473377946065,0.027664122585003392,-0.013965484081086887,True,0.12284295866323114,0.12657893247381735,-0.013965484081086887,True,20,True,True,False,True,False,False,12,,TARGET_BEFORE_STOP,True,False,True,False,False,12,,TARGET_BEFORE_STOP,2024-02-27,2024-02-29,2024-03-04,2024-03-11,2024-03-25
COP|2024-02-27T00:00:00|Long,COP,2024-02-27,Long,0.0038527040840810045,0.015321199490380133,-0.004121486264287211,True,0.023564172018954777,0.03512228427119757,-0.004121486264287211,True,-0.003494305057931024,0.03512228427119757,-0.006809444781599394,True,0.030552782134816825,0.03691427940194725,-0.006809444781599394,True,0.1288414763442287,0.13699490038448436,-0.006809444781599394,True,20,True,True,False,True,False,False,3,,TARGET_BEFORE_STOP,True,False,True,False,False,11,,TARGET_BEFORE_STOP,2024-02-28,2024-03-01,2024-03-05,2024-03-12,2024-03-26
COP|2024-02-28T00:00:00|Long,COP,2024-02-28,Long,0.00446269185928494,0.009996454279096678,-0.0016958446970158914,True,-0.0035701671064827245,0.031149570111132174,-0.004105668339109303,True,-0.0004462964240380396,0.031149570111132174,-0.01062122841558577,True,0.04917888335599652,0.058639768307193085,-0.01062122841558577,True,0.13209563817766967,0.13370220997082316,-0.01062122841558577,True,20,True,True,False,True,False,False,2,,TARGET_BEFORE_STOP,True,False,True,False,False,10,,TARGET_BEFORE_STOP,2024-02-29,2024-03-04,2024-03-06,2024-03-13,2024-03-27
COP|2024-02-29T00:00:00|Long,COP,2024-02-29,Long,0.015105712941287486,0.026568312061893584,0.009685412555743511,True,-0.011729160157151641,0.026568312061893584,-0.01501690445759607,True,0.001777118772127162,0.026568312061893584,-0.01501690445759607,True,0.06433266220784795,0.06619865725640217,-0.01501690445759607,True,0.1309756330536498,0.14306023052377403,-0.01501690445759607,True,20,True,True,False,True,False,False,9,,TARGET_BEFORE_STOP,True,False,True,False,False,9,,TARGET_BEFORE_STOP,2024-03-01,2024-03-05,2024-03-07,2024-03-14,2024-03-28
COP|2024-03-01T00:00:00|Long,COP,2024-03-01,Long,-0.022759090710256946,0.0013130385914204012,-0.02328427943325828,True,-0.019695378519554163,0.0013130385914204012,-0.02967436496008158,True,-0.010854323240168662,0.0013130385914204012,-0.02967436496008158,True,0.050770335786195275,0.05742301567451924,-0.02967436496008158,True,0.12640051717465295,0.12867651306477068,-0.02967436496008158,True,20,True,True,True,False,True,False,8,1,STOP_BEFORE_TARGET,True,False,True,False,False,9,,TARGET_BEFORE_STOP,2024-03-04,2024-03-06,2024-03-08,2024-03-15,2024-04-01
COP|2024-03-04T00:00:00|Long,COP,2024-03-04,Long,-0.0037620760591320357,0.010390573884371923,-0.007076324971751924,True,0.009853085633598546,0.016033687973070032,-0.007076324971751924,True,0.032336085901898404,0.03332140129918404,-0.007076324971751924,True,0.07721249367349325,0.08446793583599899,-0.007076324971751924,True,0.1704586069808003,0.17198134228960282,-0.007076324971751924,True,20,True,True,False,True,False,False,5,,TARGET_BEFORE_STOP,True,False,True,False,False,7,,TARGET_BEFORE_STOP,2024-03-05,2024-03-07,2024-03-11,2024-03-18,2024-04-02
COP|2024-03-05T00:00:00|Long,COP,2024-03-05,Long,0.006923184990246911,0.01510519948513589,0.0023377282267289523,True,0.016004304619316345,0.019870518433884765,0.0023377282267289523,True,0.03416647528013095,0.040550279506659015,0.0023377282267289523,True,0.09710479503530989,0.09836362453995195,0.0023377282267289523,True,0.1835101909557446,0.18683688681194477,0.0023377282267289523,True,20,True,True,False,True,False,False,4,,TARGET_BEFORE_STOP,True,False,True,False,False,6,,TARGET_BEFORE_STOP,2024-03-06,2024-03-08,2024-03-12,2024-03-19,2024-04-03
COP|2024-03-06T00:00:00|Long,COP,2024-03-06,Long,0.006697026647972004,0.012858312964323382,-0.002678769783782009,True,0.029109761571708415,0.030091997596798592,-0.002678769783782009,True,0.04964733720909398,0.0591124464046775,-0.002678769783782009,True,0.08857939090602596,0.09259757964453796,-0.002678769783782009,True,0.17644434782709406,0.18251625325393794,-0.002678769783782009,True,20,True,True,False,True,False,False,3,,TARGET_BEFORE_STOP,True,False,True,False,False,5,,TARGET_BEFORE_STOP,2024-03-07,2024-03-11,2024-03-13,2024-03-20,2024-04-04
COP|2024-03-07T00:00:00|Long,COP,2024-03-07,Long,0.0023062102284643338,0.004168895064829314,-0.007805546124644458,True,0.020223512706217583,0.026521248446155443,-0.007805546124644458,True,0.062444572014576316,0.0643072568509413,-0.007805546124644458,True,0.09552957669446638,0.09623912258036227,-0.007805546124644458,True,0.18431795992936895,0.18715627881789998,-0.007805546124644458,True,20,True,True,False,True,False,False,4,,TARGET_BEFORE_STOP,True,False,True,False,False,4,,TARGET_BEFORE_STOP,2024-03-08,2024-03-12,2024-03-14,2024-03-21,2024-04-05
COP|2024-03-08T00:00:00|Long,COP,2024-03-08,Long,0.019911504424778848,0.02088496115355376,-0.0030973316293901876,True,0.04026551373236997,0.049646023100456294,-0.0030973316293901876,True,0.062300893057764206,0.06902657567927273,-0.0030973316293901876,True,0.08876105114422006,0.09778763762617526,-0.0030973316293901876,True,0.17185839087562216,0.18601773692443313,-0.0030973316293901876,True,20,True,True,False,True,False,False,3,,TARGET_BEFORE_STOP,True,False,True,False,False,4,,TARGET_BEFORE_STOP,2024-03-11,2024-03-13,2024-03-15,2024-03-22,2024-04-08
COP|2024-03-11T00:00:00|Long,COP,2024-03-11,Long,-0.0019956907326125206,0.004164888129575717,-0.007722337437296667,True,0.039305846241187714,0.04112796411079844,-0.007722337437296667,True,0.04347073437076321,0.050498912753355496,-0.007722337437296667,True,0.09527117880202685,0.09891541454124875,-0.007722337437296667,True,0.14750542299349245,0.16286337763523595,-0.007722337437296667,True,20,True,True,False,True,False,False,3,,TARGET_BEFORE_STOP,True,False,True,False,False,5,,TARGET_BEFORE_STOP,2024-03-12,2024-03-14,2024-03-18,2024-03-25,2024-04-09
COP|2024-03-12T00:00:00|Long,COP,2024-03-12,Long,0.021996230938369887,0.031211998539921515,0.009998274729981382,True,0.04364462196985763,0.05025218724904068,0.009998274729981382,True,0.06085898282298352,0.062076223503988226,0.009998274729981382,True,0.09537473083698278,0.10328643044286379,0.009998274729981382,True,0.15475579204188183,0.16518873399341105,0.009998274729981382,True,20,True,True,False,True,False,False,1,,TARGET_BEFORE_STOP,True,False,True,False,False,3,,TARGET_BEFORE_STOP,2024-03-13,2024-03-15,2024-03-19,2024-03-26,2024-04-10
COP|2024-03-13T00:00:00|Long,COP,2024-03-13,Long,0.018970613948492865,0.020757079954624835,0.010123307368080203,True,0.02305401117922079,0.029944675046214453,0.010123307368080203,True,0.03709060397413877,0.04091873614393604,0.010123307368080203,True,0.07903014074820902,0.08056140659680722,0.010123307368080203,True,0.1307528261859765,0.14011059798485337,0.010123307368080203,True,20,True,True,False,True,False,False,4,,TARGET_BEFORE_STOP,True,False,True,False,False,6,,TARGET_BEFORE_STOP,2024-03-14,2024-03-18,2024-03-20,2024-03-27,2024-04-11
COP|2024-03-14T00:00:00|Long,COP,2024-03-14,Long,0.0021706640414109746,0.00851564771127089,-0.005426628255996047,True,0.01870093410083329,0.01986980219625667,-0.005426628255996047,True,0.031140452454056167,0.0318082951863603,-0.005426628255996047,True,0.06261479442673301,0.07396894891171879,-0.005426628255996047,True,0.09534144502695696,0.12856899360017482,-0.005426628255996047,True,20,True,True,False,True,False,False,5,,TARGET_BEFORE_STOP,True,False,True,False,False,7,,TARGET_BEFORE_STOP,2024-03-15,2024-03-19,2024-03-21,2024-03-28,2024-04-12
COP|2024-03-15T00:00:00|Long,COP,2024-03-15,Long,0.0018327325810163497,0.008580462941029987,-0.007330866766964039,True,0.015578163381537724,0.019326888346633764,-0.007330866766964039,True,0.024908345892746153,0.0334055490307128,-0.007330866766964039,True,0.07197593880671405,0.07414196482838986,-0.007330866766964039,True,0.08505497339722168,0.12612455552135482,-0.007330866766964039,True,20,True,True,False,True,False,False,5,,TARGET_BEFORE_STOP,True,False,True,False,False,6,,TARGET_BEFORE_STOP,2024-03-18,2024-03-20,2024-03-22,2024-04-01,2024-04-15
COP|2024-03-18T00:00:00|Long,COP,2024-03-18,Long,0.014634911654518579,0.015799114353304056,0.0003326202795341793,True,0.02702477916405166,0.02768995628228854,0.0003326202795341793,True,0.049642450645729364,0.05313486841959181,0.0003326202795341793,True,0.08656241350239124,0.0879760021097884,0.0003326202795341793,True,0.0770829575785752,0.12406444598803046,0.0003326202795341793,True,20,True,True,False,True,False,False,4,,TARGET_BEFORE_STOP,True,False,True,False,False,5,,TARGET_BEFORE_STOP,2024-03-19,2024-03-21,2024-03-25,2024-04-02,2024-04-16
COP|2024-03-19T00:00:00|Long,COP,2024-03-19,Long,-0.0009014340598515469,0.0027864610444117144,-0.008113406744842622,True,0.008277349319922855,0.01663666992738566,-0.008113406744842622,True,0.032535660792683,0.03999348481452203,-0.008113406744842622,True,0.07875765041903215,0.08178990027451949,-0.008113406744842622,True,0.05171287790186008,0.10785114239275506,-0.008113406744842622,True,20,True,True,False,True,False,False,4,,TARGET_BEFORE_STOP,True,False,True,False,False,7,,TARGET_BEFORE_STOP,2024-03-20,2024-03-22,2024-03-26,2024-04-03,2024-04-17
COP|2024-03-20T00:00:00|Long,COP,2024-03-20,Long,0.013124423148699993,0.01378059736949555,-0.0018866651630253806,True,0.03543597379258312,0.03888112313495706,-0.0018866651630253806,True,0.040439607314305404,0.04191610882992092,-0.0018866651630253806,True,0.08071524930114471,0.0862930743799295,-0.0018866651630253806,True,0.048396306449444815,0.10885069817938398,-0.0018866651630253806,True,20,True,True,False,True,False,False,3,,TARGET_BEFORE_STOP,True,False,True,False,False,6,,TARGET_BEFORE_STOP,2024-03-21,2024-03-25,2024-03-27,2024-04-04,2024-04-18
COP|2024-03-21T00:00:00|Long,COP,2024-03-21,Long,-0.003886352106156954,0.004372122955125013,-0.006477232919771314,True,0.02007931086264292,0.02744716485316956,-0.006477232919771314,True,0.030523816515751756,0.04153507541648027,-0.006477232919771314,True,0.08104608503843691,0.08363690408058022,-0.006477232919771314,True,0.04752653748728353,0.09448619818400528,-0.006477232919771314,True,20,True,True,False,True,False,False,5,,TARGET_BEFORE_STOP,True,False,True,False,False,7,,TARGET_BEFORE_STOP,2024-03-22,2024-03-26,2024-03-28,2024-04-05,2024-04-19
COP|2024-03-22T00:00:00|Long,COP,2024-03-22,Long,0.02600995374613624,0.02942374040884088,0.0009753941946899491,True,0.0309680370348413,0.032431097320639424,0.0009753941946899491,True,0.04592370927857914,0.04803709437331061,0.0009753941946899491,True,0.07632284388210975,0.08932785176141467,0.0009753941946899491,True,0.05120704799046094,0.09875635224771662,0.0009753941946899491,True,20,True,True,False,True,False,False,2,,TARGET_BEFORE_STOP,True,False,True,False,False,6,,TARGET_BEFORE_STOP,2024-03-25,2024-03-27,2024-04-01,2024-04-08,2024-04-22
COP|2024-03-25T00:00:00|Long,COP,2024-03-25,Long,-0.0019013347602108155,0.005307756881308023,-0.008159759021624358,True,0.008318112924343923,0.019092101470521428,-0.008159759021624358,True,0.03517384689800718,0.036520580356174115,-0.008159759021624358,True,0.04769069542083426,0.06171275218538952,-0.008159759021624358,True,0.028598533509891944,0.07090223465763734,-0.008159759021624358,True,20,True,True,False,True,False,False,5,,TARGET_BEFORE_STOP,True,False,True,False,False,8,,TARGET_BEFORE_STOP,2024-03-26,2024-03-28,2024-04-02,2024-04-09,2024-04-23
COP|2024-03-26T00:00:00|Long,COP,2024-03-26,Long,0.006746555191152304,0.008175242453854148,-0.005317867928450681,True,0.021350860049385467,0.023414593441191345,-0.005317867928450681,True,0.04476551404613405,0.0477022163515628,-0.005317867928450681,True,0.05421072764708179,0.06373526902805482,-0.005317867928450681,True,0.026113191295429328,0.07294225706669732,-0.005317867928450681,True,20,True,True,False,True,False,False,4,,TARGET_BEFORE_STOP,True,False,True,False,False,6,,TARGET_BEFORE_STOP,2024-03-27,2024-04-01,2024-04-03,2024-04-10,2024-04-24
COP|2024-03-27T00:00:00|Long,COP,2024-03-27,Long,0.0034689565918475385,0.014191131375964172,-0.0010248916522487272,True,0.030195537225118585,0.03153579403569484,-0.0010248916522487272,True,0.03871021605069713,0.044071243293001716,-0.0010248916522487272,True,0.04793442137019688,0.056606812849815835,-0.0010248916522487272,True,0.025780545308042635,0.06575210169254198,-0.0010248916522487272,True,20,True,True,False,True,False,False,3,,TARGET_BEFORE_STOP,True,False,True,False,False,6,,TARGET_BEFORE_STOP,2024-03-28,2024-04-02,2024-04-04,2024-04-11,2024-04-25
COP|2024-03-28T00:00:00|Long,COP,2024-03-28,Long,0.010999323616524892,0.013042140776476696,-0.004164038217944088,True,0.034176666760175944,0.037083605169478284,-0.004164038217944088,True,0.04902581358430247,0.051539893317949836,-0.004164038217944088,True,0.030798226009905783,0.062067834477143036,-0.004164038217944088,True,0.02325586692532755,0.062067834477143036,-0.004164038217944088,True,20,True,True,False,True,False,False,3,,TARGET_BEFORE_STOP,True,False,True,False,False,5,,TARGET_BEFORE_STOP,2024-04-01,2024-04-03,2024-04-05,2024-04-12,2024-04-26
COP|2024-04-01T00:00:00|Long,COP,2024-04-01,Long,0.015464762250787745,0.016785854717536797,-0.0003884659295458892,True,0.023857689609556143,0.029142059476552795,-0.0003884659295458892,True,0.029064390006512397,0.04149838281491225,-0.0003884659295458892,True,0.01220086581893498,0.05051290309269163,-0.0003884659295458892,True,0.01196773882947011,0.05051290309269163,-0.013521839706340577,True,20,True,True,False,True,False,False,4,,TARGET_BEFORE_STOP,True,False,True,False,False,9,,TARGET_BEFORE_STOP,2024-04-02,2024-04-04,2024-04-08,2024-04-15,2024-04-29
COP|2024-04-02T00:00:00|Long,COP,2024-04-02,Long,0.007346802841659006,0.010178325933204002,-0.0011478832064453215,True,0.02181071511021848,0.024259571541791702,-0.0011478832064453215,True,0.012091542459592652,0.025637148162995782,-0.0011478832064453215,True,-0.008724262689393414,0.0345143840976021,-0.0166067054362371,True,-0.03864693880100967,0.0345143840976021,-0.040101002044820255,True,20,True,True,True,True,False,False,8,11,TARGET_BEFORE_STOP,False,True,False,True,False,,20,STOP_BEFORE_TARGET,2024-04-03,2024-04-05,2024-04-09,2024-04-16,2024-04-30
COP|2024-04-03T00:00:00|Long,COP,2024-04-03,Long,0.0009116091524445924,0.00607754891205059,-0.0044063041065071085,True,0.00600162012328509,0.01815694979101612,-0.0044063041065071085,True,0.00904051050112531,0.01815694979101612,-0.004710251105198626,True,-0.025070294988560837,0.026969442082215522,-0.030995986323080538,True,-0.055382574447307986,0.026969442082215522,-0.06237184843361809,True,20,True,False,True,False,True,False,,9,STOP_BEFORE_TARGET,False,True,False,True,False,,10,STOP_BEFORE_TARGET,2024-04-04,2024-04-08,2024-04-10,2024-04-17,2024-05-01
COP|2024-04-04T00:00:00|Long,COP,2024-04-04,Long,0.01343456753291039,0.01586334981321147,-0.004250455852704005,True,0.00379506641366234,0.01722963394657251,-0.005616739986065045,True,0.00888044151002143,0.01722963394657251,-0.00834919243655119,True,-0.02990514187025617,0.026034100005929872,-0.034155597722960174,True,-0.07210626185958258,0.026034100005929872,-0.07658441243180736,True,20,True,False,True,False,True,False,,8,STOP_BEFORE_TARGET,False,True,False,True,False,,9,STOP_BEFORE_TARGET,2024-04-05,2024-04-09,2024-04-11,2024-04-18,2024-05-02
COP|2024-04-05T00:00:00|Long,COP,2024-04-05,Long,-0.008238511596142195,0.003744757219897199,-0.01003603620282445,True,-0.0052426372516718445,0.003744757219897199,-0.01879875438367329,True,-0.017375728355164988,0.012432507116558744,-0.023442216766451085,True,-0.031006585209511828,0.012432507116558744,-0.046959287536168515,True,-0.08455662488213356,0.012432507116558744,-0.09466751508822435,True,20,True,False,True,False,True,False,,4,STOP_BEFORE_TARGET,False,True,False,True,False,,7,STOP_BEFORE_TARGET,2024-04-08,2024-04-10,2024-04-12,2024-04-19,2024-05-03
COP|2024-04-08T00:00:00|Long,COP,2024-04-08,Long,-0.0012837801789457037,0.005890339752925522,-0.01064796618038355,True,0.0037758647252212896,0.009515137624668935,-0.013366593391752724,True,-0.016387239079831195,0.020842731800333247,-0.018048628777348363,True,-0.023334816346608944,0.020842731800333247,-0.0413834451239572,True,-0.06698380335174825,0.020842731800333247,-0.08714696477192418,True,20,True,False,True,False,True,False,,6,STOP_BEFORE_TARGET,False,True,False,True,False,,7,STOP_BEFORE_TARGET,2024-04-09,2024-04-11,2024-04-15,2024-04-22,2024-05-06
COP|2024-04-09T00:00:00|Long,COP,2024-04-09,Long,0.004310074285208021,0.010812799060727851,-0.003705145505966456,True,-0.00793953158228966,0.022154954070179533,-0.01406427682685496,True,-0.020567116980741984,0.022154954070179533,-0.02835538752362954,True,-0.018223090072660653,0.022154954070179533,-0.04015121027292057,True,-0.0658601064988481,0.022154954070179533,-0.08597355573975074,True,20,True,False,True,False,True,False,,5,STOP_BEFORE_TARGET,False,True,False,True,False,,6,STOP_BEFORE_TARGET,2024-04-10,2024-04-12,2024-04-16,2024-04-23,2024-05-07
COP|2024-04-10T00:00:00|Long,COP,2024-04-10,Long,0.0007528296883954066,0.002785688125165775,-0.01633800111482664,True,-0.019349549634832264,0.01776829710452943,-0.0210059357857989,True,-0.03380518932064047,0.01776829710452943,-0.03967778935289967,True,-0.026652675423218253,0.01776829710452943,-0.044270475519995856,True,-0.07348297867354003,0.01776829710452943,-0.08989617085063661,True,20,True,False,True,False,True,False,,3,STOP_BEFORE_TARGET,False,True,False,True,False,,4,STOP_BEFORE_TARGET,2024-04-11,2024-04-15,2024-04-17,2024-04-24,2024-05-08
COP|2024-04-11T00:00:00|Long,COP,2024-04-11,Long,-0.012940123716500107,0.01700266730340627,-0.019033996495254057,True,-0.02550405835350411,0.01700266730340627,-0.03325307124460952,True,-0.03844418207000422,0.01700266730340627,-0.04265722424806673,True,-0.021140517584285257,0.01700266730340627,-0.044989435825437685,True,-0.07169725331461385,0.01700266730340627,-0.09058080861710627,True,20,True,False,True,False,True,False,,2,STOP_BEFORE_TARGET,False,True,False,True,False,,3,STOP_BEFORE_TARGET,2024-04-12,2024-04-16,2024-04-18,2024-04-25,2024-05-09
COP|2024-04-12T00:00:00|Long,COP,2024-04-12,Long,-0.007240830566611622,0.010746979381909716,-0.008917669178047816,True,-0.021874963292260574,0.010746979381909716,-0.02782007607762582,True,-0.013871891065269315,0.010746979381909716,-0.030106684757015945,True,-0.007317008211950138,0.010746979381909716,-0.032469471081744694,True,-0.07080787730351601,0.010746979381909716,-0.0786585360889559,True,20,True,False,True,False,True,False,,2,STOP_BEFORE_TARGET,False,True,False,True,False,,4,STOP_BEFORE_TARGET,2024-04-15,2024-04-17,2024-04-19,2024-04-26,2024-05-10
COP|2024-04-15T00:00:00|Long,COP,2024-04-15,Long,-0.005527840466050815,0.004222672182401688,-0.013435700575815779,True,-0.018733224118282155,0.004222672182401688,-0.02303262955854124,True,-0.007063325673284604,0.004222672182401688,-0.025412649202255277,True,-0.00023031692358443934,0.004222672182401688,-0.025412649202255277,True,-0.06648755210832535,0.004222672182401688,-0.0719386007415127,True,20,True,False,True,False,True,False,,2,STOP_BEFORE_TARGET,False,True,False,True,False,,11,STOP_BEFORE_TARGET,2024-04-16,2024-04-18,2024-04-22,2024-04-29,2024-05-13
COP|2024-04-16T00:00:00|Long,COP,2024-04-16,Long,-0.009264239632139848,0.004709338501507565,-0.015286001283090656,True,-0.0011579857785681824,0.007565781956107687,-0.01760209064142515,True,0.0023932491431730707,0.007565781956107687,-0.01999533978459811,True,-0.03018602694019168,0.00957311437389019,-0.03165288746051009,True,-0.06554464559391715,0.00957311437389019,-0.0702539840954246,True,20,True,False,True,False,True,False,,10,STOP_BEFORE_TARGET,False,True,False,True,False,,10,STOP_BEFORE_TARGET,2024-04-17,2024-04-19,2024-04-23,2024-04-30,2024-05-14
COP|2024-04-17T00:00:00|Long,COP,2024-04-17,Long,-0.0040520865350374136,0.006935240216236593,-0.008415817156119942,True,0.007792410081287837,0.016987396903891616,-0.010831445256880401,True,0.007402765796675093,0.016987396903891616,-0.010831445256880401,True,-0.031091759029325594,0.019013499622781094,-0.03826076203578144,True,-0.05945612696910374,0.019013499622781094,-0.07535259121772464,True,20,True,False,True,False,True,False,,9,STOP_BEFORE_TARGET,False,True,False,True,False,,10,STOP_BEFORE_TARGET,2024-04-18,2024-04-22,2024-04-24,2024-05-01,2024-05-15
COP|2024-04-18T00:00:00|Long,COP,2024-04-18,Long,0.012283916393152072,0.02112508410779368,0.0,True,0.01588294200824336,0.02112508410779368,-0.0068069410359596905,True,0.01799548623497471,0.022142257140387533,-0.0068069410359596905,True,-0.04350205511931726,0.023159430172981388,-0.048118253767002406,True,-0.06243639683883628,0.023159430172981388,-0.07159059597266337,True,20,True,False,True,False,True,False,,9,STOP_BEFORE_TARGET,False,True,False,True,False,,9,STOP_BEFORE_TARGET,2024-04-19,2024-04-23,2024-04-25,2024-05-02,2024-05-16
COP|2024-04-19T00:00:00|Long,COP,2024-04-19,Long,-0.000386482067326388,0.007883668072170336,-0.01885919268295211,True,-0.000772964134652887,0.007883668072170336,-0.01885919268295211,True,0.006647090569601666,0.010743541020171055,-0.01885919268295211,True,-0.05526357440127716,0.010743541020171055,-0.06569800053024821,True,-0.059282775613488714,0.010743541020171055,-0.08285670749829466,True,20,True,False,True,False,True,False,,7,STOP_BEFORE_TARGET,False,True,False,True,False,,7,STOP_BEFORE_TARGET,2024-04-22,2024-04-24,2024-04-26,2024-05-03,2024-05-17
COP|2024-04-22T00:00:00|Long,COP,2024-04-22,Long,0.003943358073265513,0.006649660544155722,-0.012371440899004993,True,0.0060310737512847545,0.010129108018609667,-0.012371440899004993,True,0.006881615843561617,0.011134326304946152,-0.012371440899004993,True,-0.04469186343047726,0.011134326304946152,-0.06533676995284554,True,-0.06525943185581584,0.011134326304946152,-0.08250211101739302,True,20,True,False,True,False,True,False,,6,STOP_BEFORE_TARGET,False,True,False,True,False,,6,STOP_BEFORE_TARGET,2024-04-23,2024-04-25,2024-04-29,2024-05-06,2024-05-20
COP|2024-04-23T00:00:00|Long,COP,2024-04-23,Long,-0.004312981934599169,-0.00115522104678778,-0.011937793403229535,True,0.003080785324673485,0.007162723049915165,-0.011937793403229535,True,-0.03250149191568552,0.007162723049915165,-0.03396485025491247,True,-0.048521223044156736,0.007162723049915165,-0.0690080047534467,True,-0.07262779530000141,0.007162723049915165,-0.0861059226055958,True,20,True,False,True,False,True,False,,5,STOP_BEFORE_TARGET,False,True,False,True,False,,5,STOP_BEFORE_TARGET,2024-04-24,2024-04-26,2024-04-30,2024-05-07,2024-05-21
COP|2024-04-24T00:00:00|Long,COP,2024-04-24,Long,0.006420187491428253,0.010519806800689313,-0.00758041256801123,True,0.0072710585572559605,0.011525413886395164,-0.00758041256801123,True,-0.0382116529088129,0.011525413886395164,-0.04532797544619094,True,-0.0481126336589911,0.011525413886395164,-0.0649752599411696,True,-0.08578276951273145,0.011525413886395164,-0.091970911988843,True,20,True,False,True,False,True,False,,4,STOP_BEFORE_TARGET,False,True,False,True,False,,5,STOP_BEFORE_TARGET,2024-04-25,2024-04-29,2024-05-01,2024-05-08,2024-05-22
COP|2024-04-25T00:00:00|Long,COP,2024-04-25,Long,0.000999192085179068,0.0050726589732785765,-0.009607255354209476,True,-0.034509244813671236,0.0050726589732785765,-0.035969566391681695,True,-0.06041042635831195,0.0050726589732785765,-0.06494502273924285,True,-0.0516486141663155,0.0050726589732785765,-0.07093999933621742,True,-0.09576511433419621,0.0050726589732785765,-0.09922376144453149,True,20,True,False,True,False,True,False,,3,STOP_BEFORE_TARGET,False,True,False,True,False,,3,STOP_BEFORE_TARGET,2024-04-26,2024-04-30,2024-05-02,2024-05-09,2024-05-23
COP|2024-04-26T00:00:00|Long,COP,2024-04-26,Long,-0.00015359545160631427,0.0015356030390576425,-0.011056529335618293,True,-0.04530105118571359,0.0015356030390576425,-0.052364918892580326,True,-0.06150185656012497,0.0015356030390576425,-0.0718673821020176,True,-0.06395885657031786,0.0015356030390576425,-0.0718673821020176,True,-0.0997389814594708,0.0015356030390576425,-0.10273344839128384,True,20,True,False,True,False,True,False,,2,STOP_BEFORE_TARGET,False,True,False,True,False,,2,STOP_BEFORE_TARGET,2024-04-29,2024-05-01,2024-05-03,2024-05-10,2024-05-24
COP|2024-04-29T00:00:00|Long,COP,2024-04-29,Long,-0.03532482284595284,-0.0028413078921756263,-0.03678391084798882,True,-0.061204124911619195,-0.0028413078921756263,-0.06573489078752082,True,-0.05122099605605657,-0.0028413078921756263,-0.07172480325395847,True,-0.06627249886279718,-0.0028413078921756263,-0.07172480325395847,True,-0.08646906796711262,-0.0028413078921756263,-0.10259561115890625,True,20,True,False,True,False,True,False,,1,STOP_BEFORE_TARGET,False,True,False,True,False,,1,STOP_BEFORE_TARGET,2024-04-30,2024-05-02,2024-05-06,2024-05-13,2024-05-28
COP|2024-04-30T00:00:00|Long,COP,2024-04-30,Long,-0.01018951107072985,0.0008756615821245983,-0.017513170908576292,True,-0.026986143253691974,0.0008756615821245983,-0.03773288799178154,True,-0.01655788716428186,0.0008756615821245983,-0.03773288799178154,True,-0.03645917633272222,0.0008756615821245983,-0.04131509574853487,True,-0.0825505693348999,0.0008756615821245983,-0.09401373133077418,True,20,True,False,True,False,True,False,,2,STOP_BEFORE_TARGET,False,True,False,True,False,,2,STOP_BEFORE_TARGET,2024-05-01,2024-05-03,2024-05-07,2024-05-14,2024-05-29
COP|2024-05-01T00:00:00|Long,COP,2024-05-01,Long,-0.016808721243734892,0.006916524333928198,-0.021553745815613867,True,-0.0063534929178059585,0.007077407984001471,-0.027826919626651736,True,-0.01029434467585566,0.007077407984001471,-0.027826919626651736,True,-0.029274565681639886,0.007077407984001471,-0.04568113915932581,True,-0.08653687328087045,0.007077407984001471,-0.09176448744383492,True,20,True,False,True,False,True,False,,1,STOP_BEFORE_TARGET,False,True,False,True,False,,9,STOP_BEFORE_TARGET,2024-05-02,2024-05-06,2024-05-08,2024-05-15,2024-05-30
COP|2024-05-02T00:00:00|Long,COP,2024-05-02,Long,-0.0001635717224245381,0.0035173849094134457,-0.011206566434208809,True,0.010552154728240115,0.02429448851290905,-0.011206566434208809,True,0.009325148381582382,0.02429448851290905,-0.011206566434208809,True,-0.0197954860445424,0.02429448851290905,-0.029366023213829195,True,-0.047198336548600506,0.02429448851290905,-0.07623721631758051,True,20,True,False,True,False,True,False,,9,STOP_BEFORE_TARGET,False,True,False,True,False,,14,STOP_BEFORE_TARGET,2024-05-03,2024-05-07,2024-05-09,2024-05-16,2024-05-31
COP|2024-05-03T00:00:00|Long,COP,2024-05-03,Long,0.01079930997767864,0.024462061536873136,0.006463169961845594,True,0.006790429345211013,0.024462061536873136,0.003845157313267178,True,-0.002618012648578305,0.024462061536873136,-0.005399686198011788,True,-0.004254309565405401,0.024462061536873136,-0.029207228968154197,True,-0.06839565066474607,0.024462061536873136,-0.07608609012797074,True,20,True,False,True,False,True,False,,8,STOP_BEFORE_TARGET,False,True,False,True,False,,13,STOP_BEFORE_TARGET,2024-05-06,2024-05-08,2024-05-10,2024-05-17,2024-06-03
COP|2024-05-06T00:00:00|Long,COP,2024-05-06,Long,-8.09561795500624e-05,0.011250500650057838,-0.003885093849269383,True,-0.001295051866913699,0.011250500650057838,-0.007284512372710106,True,-0.01586407661233402,0.011250500650057838,-0.018454118594689595,True,-0.021529774151402004,0.011250500650057838,-0.0395791118483414,True,-0.09129911881884745,0.011250500650057838,-0.09915013919399263,True,20,True,False,True,False,True,False,,6,STOP_BEFORE_TARGET,False,True,False,True,False,,7,STOP_BEFORE_TARGET,2024-05-07,2024-05-09,2024-05-13,2024-05-20,2024-06-04
COP|2024-05-07T00:00:00|Long,COP,2024-05-07,Long,-0.003885408397089174,0.0034806564836420417,-0.006799449255788237,True,-0.01319408484165796,0.005585255271918443,-0.015946261988860955,True,-0.02023636054292588,0.005585255271918443,-0.02517403745591751,True,-0.025335901167413466,0.005585255271918443,-0.03950135354746154,True,-0.09154927533412571,0.005585255271918443,-0.09907720392635289,True,20,True,False,True,False,True,False,,5,STOP_BEFORE_TARGET,False,True,False,True,False,,6,STOP_BEFORE_TARGET,2024-05-08,2024-05-10,2024-05-14,2024-05-21,2024-06-05
COP|2024-05-08T00:00:00|Long,COP,2024-05-08,Long,0.002681633655140958,0.009507604595740071,-0.0033316759373380744,True,-0.011945402648031123,0.009507604595740071,-0.014545757768888778,True,-0.019177642265333805,0.009507604595740071,-0.035754867412453484,True,-0.0395741525581349,0.009507604595740071,-0.046075071358957276,True,-0.0882496410353063,0.009507604595740071,-0.09556309718953582,True,20,True,False,True,False,True,False,,4,STOP_BEFORE_TARGET,False,True,False,True,False,,5,STOP_BEFORE_TARGET,2024-05-09,2024-05-13,2024-05-15,2024-05-22,2024-06-06
COP|2024-05-09T00:00:00|Long,COP,2024-05-09,Long,-0.011994454452223802,0.00478161901453622,-0.014749977338738063,True,-0.019045291237097195,0.00478161901453622,-0.023988970735994486,True,-0.028851589076937856,0.00478161901453622,-0.03833370411650938,True,-0.04651914978655136,0.00478161901453622,-0.050166159915918995,True,-0.09230893464615719,0.00478161901453622,-0.09919764911512252,True,20,True,False,True,False,True,False,,3,STOP_BEFORE_TARGET,False,True,False,True,False,,4,STOP_BEFORE_TARGET,2024-05-10,2024-05-14,2024-05-16,2024-05-23,2024-06-07
COP|2024-05-10T00:00:00|Long,COP,2024-05-10,Long,-0.0026249472119260764,0.005331751923213224,-0.005249831841666053,True,-0.009925409544083719,0.005331751923213224,-0.026659009944810075,True,-0.0016405920074538116,0.005331751923213224,-0.026659009944810075,True,-0.038224948914161505,0.005331751923213224,-0.04142402510096388,True,-0.07062587442959467,0.005331751923213224,-0.08826184737106002,True,20,True,False,True,False,True,False,,3,STOP_BEFORE_TARGET,False,True,False,True,False,,8,STOP_BEFORE_TARGET,2024-05-13,2024-05-15,2024-05-17,2024-05-24,2024-06-10
COP|2024-05-13T00:00:00|Long,COP,2024-05-13,Long,-0.004523360793883713,0.004770144325384251,-0.009540225903875266,True,-0.01447482983670001,0.004770144325384251,-0.024097316917742084,True,-0.005757027463813236,0.004770144325384251,-0.024097316917742084,True,-0.021630046324776386,0.004770144325384251,-0.03890119146310944,True,-0.06546590446760392,0.004770144325384251,-0.08586228412245078,True,20,True,False,True,False,True,False,,2,STOP_BEFORE_TARGET,False,True,False,True,False,,7,STOP_BEFORE_TARGET,2024-05-14,2024-05-16,2024-05-20,2024-05-28,2024-06-11
COP|2024-05-14T00:00:00|Long,COP,2024-05-14,Long,-0.002809021519443289,0.007187729180448299,-0.019662898508063797,True,0.005535345041949302,0.007848619803838108,-0.019662898508063797,True,-0.005204868214249592,0.008840050286937462,-0.019662898508063797,True,-0.04783543350737518,0.008840050286937462,-0.05973234717652842,True,-0.07311631202231583,0.008840050286937462,-0.08170852044648091,True,20,True,False,True,False,True,False,,6,STOP_BEFORE_TARGET,False,True,False,True,False,,6,STOP_BEFORE_TARGET,2024-05-15,2024-05-17,2024-05-21,2024-05-29,2024-06-12
COP|2024-05-15T00:00:00|Long,COP,2024-05-15,Long,-0.007207913332098692,0.00571667322992675,-0.009113492145263136,True,0.0015741710539374232,0.011681886476881953,-0.009113492145263136,True,-0.020795315412578286,0.011681886476881953,-0.027423344177987974,True,-0.058989190531965385,0.011681886476881953,-0.06437445600266489,True,-0.08127587246584944,0.011681886476881953,-0.08790390123125913,True,20,True,False,True,False,True,False,,5,STOP_BEFORE_TARGET,False,True,False,True,False,,7,STOP_BEFORE_TARGET,2024-05-16,2024-05-20,2024-05-22,2024-05-30,2024-06-13
COP|2024-05-16T00:00:00|Long,COP,2024-05-16,Long,0.01568886943745973,0.018025502793200143,0.001919350112865148,True,0.004840205476024373,0.0190269443750104,0.001919350112865148,True,-0.018192441557743688,0.0190269443750104,-0.021947799738169738,True,-0.0279562582235805,0.0190269443750104,-0.057581585750178355,True,-0.08712344389450433,0.0190269443750104,-0.08937660786797297,True,20,True,False,True,False,True,False,,4,STOP_BEFORE_TARGET,False,True,False,True,False,,8,STOP_BEFORE_TARGET,2024-05-17,2024-05-21,2024-05-23,2024-05-31,2024-06-14
COP|2024-05-17T00:00:00|Long,COP,2024-05-17,Long,-0.0067373239749602964,0.0032865132601085367,-0.010023837235068833,True,-0.028921178781895818,0.0032865132601085367,-0.03549420530211267,True,-0.036644475540396626,0.0032865132601085367,-0.03984880873062002,True,-0.06441538408400849,0.0032865132601085367,-0.0721386808425093,True,-0.09999176945600619,0.0032865132601085367,-0.10870097631302089,True,20,True,False,True,False,True,False,,3,STOP_BEFORE_TARGET,False,True,False,True,False,,3,STOP_BEFORE_TARGET,2024-05-20,2024-05-22,2024-05-24,2024-06-03,2024-06-17
COP|2024-05-20T00:00:00|Long,COP,2024-05-20,Long,-0.003970516419575465,0.006948498399587999,-0.004963177079579606,True,-0.026801206717906312,0.006948498399587999,-0.030523636860256387,True,-0.015964929397965122,0.006948498399587999,-0.03333608073160399,True,-0.07130451476634014,0.006948498399587999,-0.07932828510471313,True,-0.0949623276160102,0.006948498399587999,-0.10265527417793574,True,20,True,False,True,False,True,False,,2,STOP_BEFORE_TARGET,False,True,False,True,False,,3,STOP_BEFORE_TARGET,2024-05-21,2024-05-23,2024-05-28,2024-06-04,2024-06-18
COP|2024-05-21T00:00:00|Long,COP,2024-05-21,Long,-0.018437016470266188,-0.005730441162866473,-0.0250810080608882,True,-0.02624369708497709,-0.005730441162866473,-0.029482625560910303,True,-0.0428536126997322,-0.005730441162866473,-0.054812772218131856,True,-0.0679345573988207,-0.005730441162866473,-0.07565817069415381,True,-0.07540903209782046,-0.005730441162866473,-0.09907814917648672,True,20,True,False,True,False,True,False,,1,STOP_BEFORE_TARGET,False,True,False,True,False,,5,STOP_BEFORE_TARGET,2024-05-22,2024-05-24,2024-05-29,2024-06-05,2024-06-20
COP|2024-05-22T00:00:00|Long,COP,2024-05-22,Long,-0.004568922111623186,0.010491563060795128,-0.008376389480615032,True,0.0065149050440889145,0.010491563060795128,-0.011253082355371369,True,-0.03900499632053911,0.010491563060795128,-0.044504628374452904,True,-0.050681152123113415,0.010491563060795128,-0.058295957757207195,True,-0.05795757646177879,0.010491563060795128,-0.08215584130549858,True,20,True,False,True,False,True,False,,4,STOP_BEFORE_TARGET,False,True,False,True,False,,4,STOP_BEFORE_TARGET,2024-05-23,2024-05-28,2024-05-30,2024-06-06,2024-06-21
COP|2024-05-23T00:00:00|Long,COP,2024-05-23,Long,-0.0033999279276755168,0.007989756054571417,-0.006714839823895535,True,-0.02039950271782176,0.01342967964779107,-0.03263921731816122,True,-0.009944735688660056,0.01342967964779107,-0.040119006880462216,True,-0.048023811751809475,0.01342967964779107,-0.05524861806797532,True,-0.021079501273003176,0.01342967964779107,-0.07794303484924503,True,20,True,False,True,False,True,False,,3,STOP_BEFORE_TARGET,False,True,False,True,False,,3,STOP_BEFORE_TARGET,2024-05-24,2024-05-29,2024-05-31,2024-06-07,2024-06-24
COP|2024-05-24T00:00:00|Long,COP,2024-05-24,Long,0.014584213940065371,0.016887022233975202,0.004093845261693874,True,-0.03130062404217748,0.016887022233975202,-0.03684434707739204,True,-0.02882726868586749,0.016887022233975202,-0.03684434707739204,True,-0.033688673332555985,0.016887022233975202,-0.05202557334005198,True,-0.019275071524353704,0.016887022233975202,-0.07479741273404183,True,20,True,False,True,False,True,False,,2,STOP_BEFORE_TARGET,False,True,False,True,False,,3,STOP_BEFORE_TARGET,2024-05-28,2024-05-30,2024-06-03,2024-06-10,2024-06-25
COP|2024-05-28T00:00:00|Long,COP,2024-05-28,Long,-0.031186946141771643,-0.010928004643310119,-0.04329187597103057,True,-0.020847307890260125,-0.010928004643310119,-0.05068929745884598,True,-0.05623741167529539,-0.010928004643310119,-0.06439135921038075,True,-0.04480499219968803,-0.010928004643310119,-0.06565230008994805,True,-0.04497308772104225,-0.010928004643310119,-0.08809680403660136,True,20,True,False,True,False,True,False,,1,STOP_BEFORE_TARGET,False,True,False,True,False,,1,STOP_BEFORE_TARGET,2024-05-29,2024-05-31,2024-06-04,2024-06-11,2024-06-26
COP|2024-05-29T00:00:00|Long,COP,2024-05-29,Long,-0.014490222724037438,0.009804748402759023,-0.02013014919587175,True,-0.011973945799722108,0.011193066512167782,-0.02013014919587175,True,-0.02620387542790803,0.011193066512167782,-0.03427329239255694,True,-0.026550954955260275,0.011193066512167782,-0.03557482407046497,True,-0.011106280080667053,0.011193066512167782,-0.05874183638235497,True,20,True,False,True,False,True,False,,1,STOP_BEFORE_TARGET,False,True,False,True,False,,4,STOP_BEFORE_TARGET,2024-05-30,2024-06-03,2024-06-05,2024-06-12,2024-06-27
COP|2024-05-30T00:00:00|Long,COP,2024-05-30,Long,0.025532677224222367,0.02606091773863084,0.0016727840196228971,True,-0.01153376621649349,0.02606091773863084,-0.020073945611378652,True,-0.01215006920729933,0.02606091773863084,-0.020073945611378652,True,-0.023683768251804627,0.02606091773863084,-0.030727288579861955,True,0.007043453156069246,0.02606091773863084,-0.0449022573683977,True,20,True,False,True,False,True,False,,3,STOP_BEFORE_TARGET,False,True,False,True,False,,10,STOP_BEFORE_TARGET,2024-05-31,2024-06-04,2024-06-06,2024-06-13,2024-06-28
COP|2024-05-31T00:00:00|Long,COP,2024-05-31,Long,-0.022407284813974915,-0.0004292844292301812,-0.030219816028631663,True,-0.036486949497902876,-0.0004292844292301812,-0.04447115518448719,True,-0.038461566172910966,-0.0004292844292301812,-0.045758942972569994,True,-0.06086885098688588,-0.0004292844292301812,-0.06318681660574876,True,-0.018200572505871593,-0.0004292844292301812,-0.06868131670193489,True,20,True,False,True,False,True,False,,1,STOP_BEFORE_TARGET,False,True,False,True,False,,1,STOP_BEFORE_TARGET,2024-06-03,2024-06-05,2024-06-07,2024-06-14,2024-07-01
COP|2024-06-03T00:00:00|Long,COP,2024-06-03,Long,-0.014051164177772413,-0.0076403154965950515,-0.022569593684332867,True,-0.014665897585481313,-0.0076403154965950515,-0.022569593684332867,True,-0.005005705463033583,0.001141628614054646,-0.02388689870111349,True,-0.03802583407933269,0.00966012512153136,-0.04733467339632802,True,0.0021954860276625077,0.018617678633990664,-0.04733467339632802,True,20,True,False,True,False,True,False,,1,STOP_BEFORE_TARGET,False,True,False,True,False,,8,STOP_BEFORE_TARGET,2024-06-04,2024-06-06,2024-06-10,2024-06-17,2024-07-02
COP|2024-06-04T00:00:00|Long,COP,2024-06-04,Long,-0.0003562241678866096,0.0016032805785863857,-0.00863982916462036,True,-0.002404886889992408,0.004631729651815686,-0.009975907639404591,True,0.012113660381369185,0.01540931155840064,-0.009975907639404591,True,-0.025474241261889796,0.024049208678794898,-0.03375784625862355,True,0.022267748060491144,0.03313441998693478,-0.03375784625862355,True,20,True,True,True,False,True,False,13,8,STOP_BEFORE_TARGET,False,True,False,True,False,,9,STOP_BEFORE_TARGET,2024-06-05,2024-06-07,2024-06-11,2024-06-18,2024-07-03
COP|2024-06-05T00:00:00|Long,COP,2024-06-05,Long,-0.00026736530155824223,0.0015147301422120396,-0.006148110316024691,True,0.009533989689203048,0.015771153792423442,-0.009623111456389055,True,-0.00035641908875405637,0.024414129749736446,-0.009623111456389055,True,-0.008019259546990898,0.024414129749736446,-0.033413524795803395,True,0.0028512847300423694,0.03350257858299921,-0.033413524795803395,True,20,True,True,True,False,True,False,12,7,STOP_BEFORE_TARGET,False,True,False,True,False,,8,STOP_BEFORE_TARGET,2024-06-06,2024-06-10,2024-06-12,2024-06-20,2024-07-05
COP|2024-06-06T00:00:00|Long,COP,2024-06-06,Long,-0.0017825040435112127,0.0052585025252480655,-0.009358248225689758,True,0.012745101105799739,0.01604280838428318,-0.009358248225689758,True,-0.011675557880790777,0.0246880957914708,-0.018805710051176816,True,-0.0076648897838053065,0.0246880957914708,-0.033155023997234356,True,0.0002674368048802833,0.03377897521045092,-0.033155023997234356,True,20,True,True,True,False,True,False,11,6,STOP_BEFORE_TARGET,False,True,False,True,False,,7,STOP_BEFORE_TARGET,2024-06-07,2024-06-11,2024-06-13,2024-06-21,2024-07-08
COP|2024-06-07T00:00:00|Long,COP,2024-06-07,Long,0.011607170104980469,0.017857142857142794,-0.0002678462437221141,True,0.0016964503696985656,0.026517868041992188,-0.00392859322684147,True,-0.023303576878139,0.026517868041992188,-0.02571426119123188,True,0.028303555079868925,0.03562498092651367,-0.03142854145595009,True,-0.00723212105887272,0.03562498092651367,-0.03142854145595009,True,20,True,True,True,False,True,False,10,5,STOP_BEFORE_TARGET,False,True,False,True,False,,6,STOP_BEFORE_TARGET,2024-06-10,2024-06-12,2024-06-14,2024-06-24,2024-07-09
COP|2024-06-10T00:00:00|Long,COP,2024-06-10,Long,0.0029125701038985596,0.003089130315037991,-0.005736994778208215,True,-0.02127099379695896,0.014739612744603559,-0.028331920806752176,True,-0.03318624920524338,0.014739612744603559,-0.04254192025592751,True,0.014916105617752695,0.0237422307109989,-0.04254192025592751,True,-0.006796154031074364,0.0237422307109989,-0.04254192025592751,True,20,True,False,True,False,True,False,,3,STOP_BEFORE_TARGET,False,True,False,True,False,,4,STOP_BEFORE_TARGET,2024-06-11,2024-06-13,2024-06-17,2024-06-25,2024-07-10
COP|2024-06-11T00:00:00|Long,COP,2024-06-11,Long,-0.012672664321202398,0.011792695588090929,-0.01821701790775987,True,-0.03731407169106482,0.011792695588090929,-0.03969017526927976,True,-0.037138024230495725,0.011792695588090929,-0.04532248544368833,True,-0.00017598031813559345,0.020769168946543903,-0.04532248544368833,True,0.0031681828659089195,0.020769168946543903,-0.04532248544368833,True,20,True,False,True,False,True,False,,2,STOP_BEFORE_TARGET,False,True,False,True,False,,2,STOP_BEFORE_TARGET,2024-06-12,2024-06-14,2024-06-18,2024-06-26,2024-07-11
COP|2024-06-12T00:00:00|Long,COP,2024-06-12,Long,-0.011587512465175087,-0.00017830708642141424,-0.018718299829010188,True,-0.0236206566379471,-0.00017830708642141424,-0.03306889209143471,True,-0.007665572614642846,-0.00017830708642141424,-0.03306889209143471,True,0.015865930480093438,0.03387106996764633,-0.03306889209143471,True,0.008467750490854575,0.03387106996764633,-0.03306889209143471,True,20,True,True,True,False,True,False,7,2,STOP_BEFORE_TARGET,False,True,False,True,False,,3,STOP_BEFORE_TARGET,2024-06-13,2024-06-17,2024-06-20,2024-06-27,2024-07-12
COP|2024-06-13T00:00:00|Long,COP,2024-06-13,Long,-0.013526918642403962,0.0026152125270406668,-0.015961733725391558,True,-0.013346521198350891,0.0027955411696276578,-0.021733213508700056,True,0.004058048072134834,0.012354610461923432,-0.021733213508700056,True,0.03147261144358282,0.04599150962388032,-0.021733213508700056,True,0.03318604315475637,0.04599150962388032,-0.021733213508700056,True,20,True,True,True,False,True,False,6,2,STOP_BEFORE_TARGET,False,False,False,False,True,,,NEITHER,2024-06-14,2024-06-18,2024-06-21,2024-06-28,2024-07-15
COP|2024-06-14T00:00:00|Long,COP,2024-06-14,Long,0.0013712544722173092,0.004662237307579087,-0.008318822906959067,True,0.017734733085571497,0.02248833621170543,-0.008318822906959067,True,0.05283845700289702,0.06033456907346557,-0.008318822906959067,True,0.04543378049578295,0.06033456907346557,-0.008318822906959067,True,0.053021328129805756,0.06033456907346557,-0.008318822906959067,True,20,True,True,False,True,False,False,5,,TARGET_BEFORE_STOP,True,False,True,False,False,5,,TARGET_BEFORE_STOP,2024-06-17,2024-06-20,2024-06-24,2024-07-01,2024-07-16
COP|2024-06-17T00:00:00|Long,COP,2024-06-17,Long,-0.0011867560008349542,0.015154245196647098,-0.004838404006455965,True,0.016432311551205503,0.024831122858951504,-0.004838404006455965,True,0.04975348642223398,0.05888257161159016,-0.004838404006455965,True,0.04181122688310546,0.05888257161159016,-0.004838404006455965,True,0.059704225496316266,0.0717546151602908,-0.004838404006455965,True,20,True,True,False,True,False,False,4,,TARGET_BEFORE_STOP,True,False,True,False,False,4,,TARGET_BEFORE_STOP,2024-06-18,2024-06-21,2024-06-25,2024-07-02,2024-07-17
COP|2024-06-18T00:00:00|Long,COP,2024-06-18,Long,0.017548652816746335,0.022301386805059886,-0.001371003755215594,True,0.05264595845023923,0.06014069994898397,-0.001371003755215594,True,0.038387686753151185,0.06014069994898397,-0.001371003755215594,True,0.04898997168038011,0.06014069994898397,-0.001371003755215594,True,0.06580748292887284,0.0821679696815778,-0.001371003755215594,True,20,True,True,False,True,False,False,3,,TARGET_BEFORE_STOP,True,False,True,False,False,3,,TARGET_BEFORE_STOP,2024-06-20,2024-06-24,2024-06-26,2024-07-03,2024-07-18
COP|2024-06-20T00:00:00|Long,COP,2024-06-20,Long,8.977370584339894e-05,0.008353546123057498,-0.0053893691211072126,True,0.0328751996094363,0.041857504321130445,-0.0053893691211072126,True,0.023713278956508876,0.041857504321130445,-0.0053893691211072126,True,0.010958422712994187,0.041857504321130445,-0.0053893691211072126,True,0.027126530076315936,0.06350489157049566,-0.007634945299030749,True,20,True,True,False,True,False,False,2,,TARGET_BEFORE_STOP,True,False,True,False,False,18,,TARGET_BEFORE_STOP,2024-06-21,2024-06-25,2024-06-27,2024-07-05,2024-07-19
COP|2024-06-21T00:00:00|Long,COP,2024-06-21,Long,0.034399155353225686,0.041763981307914255,0.00511951987575876,True,0.020388039762207377,0.041763981307914255,0.00511951987575876,True,0.027303763387072966,0.041763981307914255,0.00511951987575876,True,0.00799359662579846,0.041763981307914255,-0.00017959981789217316,True,0.008801898591405788,0.06340942536555172,-0.007724025590472916,True,20,True,True,False,True,False,False,1,,TARGET_BEFORE_STOP,True,False,True,False,False,17,,TARGET_BEFORE_STOP,2024-06-24,2024-06-26,2024-06-28,2024-07-08,2024-07-22
COP|2024-06-24T00:00:00|Long,COP,2024-06-24,Long,-0.0015629096816667243,-0.0009551151523872203,-0.013111005737977854,True,-0.010419353714687829,0.00026047390617178756,-0.020925554146311365,True,-0.007033060445182482,0.003473139986440943,-0.020925554146311365,True,-0.03455757394126835,0.0042546279495920825,-0.039159456269332704,True,-0.03768339330460169,0.028045527553064886,-0.04428235265437619,True,20,True,False,True,False,True,False,,2,STOP_BEFORE_TARGET,False,True,False,True,False,,9,STOP_BEFORE_TARGET,2024-06-25,2024-06-27,2024-07-01,2024-07-09,2024-07-23
COP|2024-06-25T00:00:00|Long,COP,2024-06-25,Long,-0.012001019906556332,0.0018262378326281414,-0.019392953900051135,True,-0.005304814520252776,0.0050439328796390015,-0.019392953900051135,True,-0.007565832971126785,0.005391797183234681,-0.019392953900051135,True,-0.021393157058643086,0.005826644149812044,-0.039220754766679744,True,-0.03382902393177689,0.029654784985292837,-0.04278631411728617,True,20,True,False,True,False,True,False,,7,STOP_BEFORE_TARGET,False,True,False,True,False,,8,STOP_BEFORE_TARGET,2024-06-26,2024-06-28,2024-07-02,2024-07-10,2024-07-24
COP|2024-06-26T00:00:00|Long,COP,2024-06-26,Long,0.0031687405018705483,0.006337481003741097,-0.0044010210132368055,True,0.006601531519855097,0.017251994313377983,-0.0044010210132368055,True,0.01021033383049863,0.018044213015971255,-0.0044010210132368055,True,0.0033447517945295324,0.018044213015971255,-0.02755036736733174,True,-0.02270928454532206,0.04216178936531856,-0.031159236832226545,True,20,True,True,True,False,True,False,14,7,STOP_BEFORE_TARGET,False,True,False,True,False,,18,STOP_BEFORE_TARGET,2024-06-27,2024-07-01,2024-07-03,2024-07-11,2024-07-25
COP|2024-06-27T00:00:00|Long,COP,2024-06-27,Long,0.0035974030738219476,0.014038768596858153,-0.00289551485057582,True,0.001316149199546146,0.014389746179545693,-0.0056155074387432835,True,-0.01245940294582859,0.014828484893437466,-0.01605687296177949,True,-0.00728263422097708,0.014828484893437466,-0.030622074461604587,True,-0.027287887839266056,0.038869880299440274,-0.03544793254589751,True,20,True,True,True,False,True,False,13,6,STOP_BEFORE_TARGET,False,True,False,True,False,,8,STOP_BEFORE_TARGET,2024-06-28,2024-07-02,2024-07-05,2024-07-12,2024-07-26
COP|2024-06-28T00:00:00|Long,COP,2024-06-28,Long,-0.00017482639925314736,0.009442226411859878,-0.0063821974564459705,True,0.003409681753920424,0.01119082391526427,-0.00917988675971837,True,-0.018796939570831506,0.01119082391526427,-0.02675290813142861,True,0.0016611509526904822,0.01119082391526427,-0.03409681753920335,True,-0.04598701375365488,0.03514604274342048,-0.0524567244629891,True,20,True,True,True,False,True,False,13,5,STOP_BEFORE_TARGET,False,True,False,True,False,,6,STOP_BEFORE_TARGET,2024-07-01,2024-07-03,2024-07-08,2024-07-15,2024-07-29
COP|2024-07-01T00:00:00|Long,COP,2024-07-01,Long,-0.002098617195598451,0.010930395184755248,-0.00900663495802434,True,-0.015827190879097564,0.011367637677680564,-0.019412392522339506,True,-0.02771946617721832,0.011367637677680564,-0.03235394306134054,True,0.00725779841399854,0.011367637677680564,-0.0339279226364988,True,-0.03891218017219378,0.03532704524278962,-0.052291039917958027,True,20,True,True,True,False,True,False,12,4,STOP_BEFORE_TARGET,False,True,False,True,False,,5,STOP_BEFORE_TARGET,2024-07-02,2024-07-05,2024-07-09,2024-07-16,2024-07-30
COP|2024-07-02T00:00:00|Long,COP,2024-07-02,Long,0.005695705229939119,0.013494574820043681,-0.003680387208476632,True,-0.016561508448658446,0.013494574820043681,-0.024535602737195683,True,-0.013932736847333982,0.013494574820043681,-0.03189624344587094,True,0.01717489517438131,0.02874166404097034,-0.03189624344587094,True,-0.025587151490208848,0.037504369753663225,-0.050297978925837206,True,20,True,True,True,False,True,False,11,3,STOP_BEFORE_TARGET,False,True,False,True,False,,4,STOP_BEFORE_TARGET,2024-07-03,2024-07-08,2024-07-10,2024-07-17,2024-07-31
COP|2024-07-03T00:00:00|Long,COP,2024-07-03,Long,-0.019342978620211615,-0.00043561404396275094,-0.022915372748482654,True,-0.031192770814430726,-0.00043561404396275094,-0.03581069182862373,True,-0.006796190660549262,-0.00043561404396275094,-0.03737904863302077,True,0.016032099164449365,0.031628517809421774,-0.03737904863302077,True,-0.055589417443826394,0.031628517809421774,-0.059684575015058416,True,20,True,True,True,False,True,False,10,1,STOP_BEFORE_TARGET,False,True,False,True,False,,2,STOP_BEFORE_TARGET,2024-07-05,2024-07-09,2024-07-11,2024-07-18,2024-08-01
COP|2024-07-05T00:00:00|Long,COP,2024-07-05,Long,-0.002843178019969139,0.0007996120430955322,-0.010928505762616059,True,-0.00017773675627297258,0.0007996120430955322,-0.018391822645018485,True,0.005242081935966869,0.0182140858887454,-0.018391822645018485,True,0.015992850942309955,0.05197688418925117,-0.018391822645018485,True,-0.060239948688171285,0.05197688418925117,-0.07614393125234453,True,20,True,True,True,True,False,False,8,12,TARGET_BEFORE_STOP,True,True,True,False,False,9,16,TARGET_BEFORE_STOP,2024-07-08,2024-07-10,2024-07-12,2024-07-19,2024-08-02
COP|2024-07-08T00:00:00|Long,COP,2024-07-08,Long,-0.009266692367634999,0.0036531766947462962,-0.013989126328643464,True,0.015682032025237325,0.01915703316560169,-0.015592978238041622,True,0.020850006842185964,0.026463454535084585,-0.015592978238041622,True,0.0008018919647039269,0.05497636981549747,-0.015592978238041622,True,-0.06825272594662302,0.05497636981549747,-0.08874638168004523,True,20,True,True,True,True,False,False,7,14,TARGET_BEFORE_STOP,True,True,True,False,False,8,15,TARGET_BEFORE_STOP,2024-07-09,2024-07-11,2024-07-15,2024-07-22,2024-08-05
COP|2024-07-09T00:00:00|Long,COP,2024-07-09,Long,0.012051410274918961,0.012950757985373373,-0.006385457944807604,True,0.017537520509272264,0.030668189206235485,-0.006385457944807604,True,0.035974457344830846,0.03804295021729254,-0.006385457944807604,True,-0.0032377066503013197,0.06484395113015773,-0.010072872758252194,True,-0.048475575782892966,0.06484395113015773,-0.08022309202700495,True,20,True,True,True,True,False,False,3,14,TARGET_BEFORE_STOP,True,True,True,False,False,6,18,TARGET_BEFORE_STOP,2024-07-10,2024-07-12,2024-07-16,2024-07-23,2024-08-06
COP|2024-07-10T00:00:00|Long,COP,2024-07-10,Long,0.012974309964546737,0.016440047046916373,-0.005065313258752924,True,0.01812850739942129,0.02372699011738133,-0.005065313258752924,True,0.03154717044581479,0.04327737313970359,-0.005065313258752924,True,-0.012707725234943013,0.052163892386551725,-0.02186082921139465,True,-0.04976449422259632,0.052163892386551725,-0.09117570645631334,True,20,True,True,True,True,False,False,5,9,TARGET_BEFORE_STOP,True,True,True,False,False,6,13,TARGET_BEFORE_STOP,2024-07-11,2024-07-15,2024-07-17,2024-07-24,2024-08-07
COP|2024-07-11T00:00:00|Long,COP,2024-07-11,Long,-0.007456781209320917,0.005351352064069559,-0.010000872102926661,True,0.010527279587028815,0.012544962996532183,-0.010000872102926661,True,0.022984496847813007,0.0386876370274154,-0.010000872102926661,True,-0.025967182559387125,0.0386876370274154,-0.03438896607077879,True,-0.050179851986129065,0.0386876370274154,-0.10281604913011577,True,20,True,True,True,True,False,False,5,8,TARGET_BEFORE_STOP,False,True,False,True,False,,8,STOP_BEFORE_TARGET,2024-07-12,2024-07-16,2024-07-18,2024-07-25,2024-08-08
COP|2024-07-12T00:00:00|Long,COP,2024-07-12,Long,0.012639210826322689,0.018207509012787115,-0.0010606571259449415,True,0.025985526403275117,0.03765248505578689,-0.0010606571259449415,True,0.010694706478700633,0.04649109213899938,-0.0010606571259449415,True,-0.02015201336040917,0.04649109213899938,-0.028371920645125503,True,-0.040038879297637164,0.04649109213899938,-0.09607568327047877,True,20,True,True,True,True,False,False,3,7,TARGET_BEFORE_STOP,False,True,False,True,False,,11,STOP_BEFORE_TARGET,2024-07-15,2024-07-17,2024-07-19,2024-07-26,2024-08-09
COP|2024-07-15T00:00:00|Long,COP,2024-07-15,Long,0.005411562784616519,0.007419031826701561,-0.012394153554400877,True,0.017805716339017286,0.03342936057656032,-0.012394153554400877,True,-0.019638648913269052,0.03342936057656032,-0.021558883017215424,True,-0.04756914517551836,0.03342936057656032,-0.05402812654180267,True,-0.03962643735376081,0.03342936057656032,-0.10735797402916003,True,20,True,True,True,True,False,False,3,5,TARGET_BEFORE_STOP,False,True,False,True,False,,6,STOP_BEFORE_TARGET,2024-07-16,2024-07-18,2024-07-22,2024-07-29,2024-08-12
COP|2024-07-16T00:00:00|Long,COP,2024-07-16,Long,0.007726359673454697,0.019185684847926154,0.0029516132536204776,True,-0.007292333965462361,0.02786699380534774,-0.008334048651149062,True,-0.03785051235300885,0.02786699380534774,-0.04444832570592594,True,-0.045837300697885275,0.02786699380534774,-0.059119759038570474,True,-0.05946701934484311,0.02786699380534774,-0.1121625620670671,True,20,True,False,True,False,True,False,,4,STOP_BEFORE_TARGET,False,True,False,True,False,,5,STOP_BEFORE_TARGET,2024-07-17,2024-07-19,2024-07-23,2024-07-30,2024-08-13
COP|2024-07-17T00:00:00|Long,COP,2024-07-17,Long,0.004565806090081281,0.019986213458204505,-0.00628879518796055,True,-0.032391472061680804,0.019986213458204505,-0.034286727206691237,True,-0.04290147552014689,0.019986213458204505,-0.051774655766955946,True,-0.04204001383386402,0.019986213458204505,-0.06633360144879619,True,-0.058149551115825204,0.019986213458204505,-0.118969718902035,True,20,True,False,True,False,True,False,,3,STOP_BEFORE_TARGET,False,True,False,True,False,,3,STOP_BEFORE_TARGET,2024-07-18,2024-07-22,2024-07-24,2024-07-31,2024-08-14
COP|2024-07-18T00:00:00|Long,COP,2024-07-18,Long,-0.019380860341320028,0.00608866375745154,-0.020409889726102026,True,-0.049566921782382534,0.00608866375745154,-0.056084391401219014,True,-0.04785182919002018,0.00608866375745154,-0.056084391401219014,True,-0.0704913916274641,0.00608866375745154,-0.07452193118876316,True,-0.04613667117106923,0.00608866375745154,-0.12297404932876899,True,20,True,False,True,False,True,False,,1,STOP_BEFORE_TARGET,False,True,False,True,False,,2,STOP_BEFORE_TARGET,2024-07-19,2024-07-23,2024-07-25,2024-08-01,2024-08-15
COP|2024-07-19T00:00:00|Long,COP,2024-07-19,Long,-0.017752503772497152,-0.005946657754697493,-0.019676432269557065,True,-0.028421513278249155,-0.005946657754697493,-0.03742893604205422,True,-0.030520314038826712,-0.005946657754697493,-0.0386532420456972,True,-0.07503281106729931,-0.005946657754697493,-0.09068644735954556,True,-0.027721890784832226,-0.005946657754697493,-0.10564059459772135,True,20,True,False,True,False,True,False,,2,STOP_BEFORE_TARGET,False,True,False,True,False,,2,STOP_BEFORE_TARGET,2024-07-22,2024-07-24,2024-07-26,2024-08-02,2024-08-16
COP|2024-07-22T00:00:00|Long,COP,2024-07-22,Long,-0.013265650532566675,-0.0024038162731481183,-0.020032051336478784,True,-0.011485050917310446,0.0008902998076281143,-0.020032051336478784,True,-0.028490001397228015,0.0008902998076281143,-0.03507836940982301,True,-0.06899928793676025,0.003205133647878222,-0.0894765231398138,True,-0.005163833979972998,0.003828350305770112,-0.0894765231398138,True,20,True,False,True,False,True,False,,1,STOP_BEFORE_TARGET,False,True,False,True,False,,5,STOP_BEFORE_TARGET,2024-07-23,2024-07-25,2024-07-29,2024-08-05,2024-08-19
COP|2024-07-23T00:00:00|Long,COP,2024-07-23,Long,0.0024361331643572015,0.01434626284960605,-0.002887302080099352,True,0.0002706738139606202,0.01434626284960605,-0.008120558612376816,True,-0.008300984875446726,0.01434626284960605,-0.022105968935843046,True,-0.04538481183970766,0.01669221730178405,-0.07723545111040286,True,-0.008842401342079476,0.017323812480596112,-0.07723545111040286,True,20,True,False,True,False,True,False,,4,STOP_BEFORE_TARGET,False,True,False,True,False,,8,STOP_BEFORE_TARGET,2024-07-24,2024-07-26,2024-07-30,2024-08-06,2024-08-20
COP|2024-07-24T00:00:00|Long,COP,2024-07-24,Long,-0.00063006026809731,0.008460868175666159,-0.005850598873143209,True,-0.017821743966992654,0.008460868175666159,-0.02448245956850037,True,0.0009000762870792212,0.011701197746286418,-0.02448245956850037,True,-0.03753373740969623,0.01422143881867588,-0.07947796536749274,True,-0.013321293860177663,0.01485149908677319,-0.07947796536749274,True,20,True,False,True,False,True,False,,3,STOP_BEFORE_TARGET,False,True,False,True,False,,7,STOP_BEFORE_TARGET,2024-07-25,2024-07-29,2024-07-31,2024-08-07,2024-08-21
COP|2024-07-25T00:00:00|Long,COP,2024-07-25,Long,-0.0015311012412351221,0.004593372438418619,-0.009907218645545002,True,-0.010087319909043657,0.004593372438418619,-0.023867437224299404,True,-0.023777352235193394,0.014860862325674296,-0.02801045343190134,True,-0.024858165960325196,0.014860862325674296,-0.07889761535207629,True,-0.009546947403834438,0.015491319819989524,-0.07889761535207629,True,20,True,False,True,False,True,False,,2,STOP_BEFORE_TARGET,False,True,False,True,False,,6,STOP_BEFORE_TARGET,2024-07-26,2024-07-30,2024-08-01,2024-08-08,2024-08-22
COP|2024-07-26T00:00:00|Long,COP,2024-07-26,Long,-0.01569545241015502,0.003878768742633598,-0.022370587617532633,True,0.0030668982141326406,0.013891402733616331,-0.022370587617532633,True,-0.045913800642807145,0.016417099808804014,-0.06206023106205494,True,-0.020295868551437724,0.016417099808804014,-0.07748515172282133,True,0.004871016710755072,0.017048524077601046,-0.07748515172282133,True,20,True,False,True,False,True,False,,1,STOP_BEFORE_TARGET,False,True,False,True,False,,5,STOP_BEFORE_TARGET,2024-07-29,2024-07-31,2024-08-02,2024-08-09,2024-08-23
COP|2024-07-29T00:00:00|Long,COP,2024-07-29,Long,0.00723974427825147,0.010538800105743151,-0.0016495628724809697,True,-0.006689913293247751,0.03262461023632324,-0.010997109122363069,True,-0.04169724099370342,0.03262461023632324,-0.06277498104013002,True,0.008339406248258685,0.03262461023632324,-0.06277498104013002,True,0.04068910099208001,0.05416051946442946,-0.06277498104013002,True,20,True,True,True,True,False,False,2,4,TARGET_BEFORE_STOP,True,True,False,True,False,20,4,STOP_BEFORE_TARGET,2024-07-30,2024-08-01,2024-08-05,2024-08-12,2024-08-26
COP|2024-07-30T00:00:00|Long,COP,2024-07-30,Long,0.011736814149315933,0.02265487927217613,0.010826992742808628,True,-0.03766724484670547,0.02520240697636633,-0.053953235443482184,True,-0.03739423595132185,0.02520240697636633,-0.06951147997893115,True,-0.014284480683353862,0.02520240697636633,-0.06951147997893115,True,0.022927818752636053,0.046583522396447474,-0.06951147997893115,True,20,True,True,True,False,True,False,19,3,STOP_BEFORE_TARGET,False,True,False,True,False,,3,STOP_BEFORE_TARGET,2024-07-31,2024-08-02,2024-08-06,2024-08-13,2024-08-27
COP|2024-07-31T00:00:00|Long,COP,2024-07-31,Long,-0.025269762911069638,0.013309383071498315,-0.029496392709646768,True,-0.05962227909506046,0.013309383071498315,-0.08030576034397041,True,-0.03839925144111167,0.013309383071498315,-0.08030576034397041,True,-0.016816503313915376,0.013309383071498315,-0.08030576034397041,True,0.008543206867882347,0.03444246345471891,-0.08030576034397041,True,20,True,True,True,False,True,False,18,1,STOP_BEFORE_TARGET,False,True,False,True,False,,2,STOP_BEFORE_TARGET,2024-08-01,2024-08-05,2024-08-07,2024-08-14,2024-08-28
COP|2024-08-01T00:00:00|Long,COP,2024-08-01,Long,-0.024171997060018935,-0.002860019931168578,-0.040686373812601095,True,-0.023895159631654894,-0.002860019931168578,-0.056462798976328,True,-0.001107138548369524,0.0023064858511649966,-0.056462798976328,True,0.02620171587118203,0.027493342316765368,-0.056462798976328,True,0.05517117253074466,0.06227511798145313,-0.056462798976328,True,20,True,True,True,False,True,False,12,1,STOP_BEFORE_TARGET,True,True,False,True,False,17,1,STOP_BEFORE_TARGET,2024-08-02,2024-08-06,2024-08-08,2024-08-15,2024-08-29
COP|2024-08-02T00:00:00|Long,COP,2024-08-02,Long,-0.011345343540963948,-0.004349050761767281,-0.03309066948173567,True,0.010967227937275448,0.0252435083963376,-0.03309066948173567,True,0.026850752173785963,0.031483425704287304,-0.03309066948173567,True,0.051148755165097315,0.05303962171127963,-0.03309066948173567,True,0.07582494589203215,0.08858847540860038,-0.03309066948173567,True,20,True,True,True,False,True,False,5,1,STOP_BEFORE_TARGET,True,True,False,True,False,9,1,STOP_BEFORE_TARGET,2024-08-05,2024-08-07,2024-08-09,2024-08-16,2024-08-30
COP|2024-08-05T00:00:00|Long,COP,2024-08-05,Long,0.011762487907843733,0.017978361469872084,-0.004398958456680813,True,0.03538296795486473,0.0389212939342265,-0.004398958456680813,True,0.05221381945497794,0.05412645767072255,-0.004398958456680813,True,0.06856649316123309,0.07822511551160183,-0.004398958456680813,True,0.05049248154065178,0.10108061323201278,-0.004398958456680813,True,20,True,True,False,True,False,False,2,,TARGET_BEFORE_STOP,True,False,True,False,False,5,,TARGET_BEFORE_STOP,2024-08-06,2024-08-08,2024-08-12,2024-08-19,2024-09-03
COP|2024-08-06T00:00:00|Long,COP,2024-08-06,Long,0.01068050303235979,0.0249527345321241,0.006049143394970757,True,0.02655952247202764,0.03119088210941645,0.006049143394970757,True,0.024007497286084645,0.0418714572532537,0.006049143394970757,True,0.038279728785848954,0.06568995035701675,0.006049143394970757,True,0.026086903849007692,0.08827973599699668,0.006049143394970757,True,20,True,True,False,True,False,False,3,,TARGET_BEFORE_STOP,True,False,True,False,False,7,,TARGET_BEFORE_STOP,2024-08-07,2024-08-09,2024-08-13,2024-08-20,2024-09-04
COP|2024-08-07T00:00:00|Long,COP,2024-08-07,Long,0.012531528421082072,0.01599176170945804,-9.353910223441897e-05,True,0.02899091429228262,0.030861339589822068,-9.353910223441897e-05,True,0.022444604124467915,0.030861339589822068,-9.353910223441897e-05,True,0.02515666729382815,0.05442812754338422,-9.353910223441897e-05,True,0.004862963074743654,0.07677919256561783,-9.353910223441897e-05,True,20,True,True,False,True,False,False,3,,TARGET_BEFORE_STOP,True,False,True,False,False,8,,TARGET_BEFORE_STOP,2024-08-08,2024-08-12,2024-08-14,2024-08-21,2024-09-05
COP|2024-08-08T00:00:00|Long,COP,2024-08-08,Long,0.0031403341445188637,0.007666037284465466,-0.01089868238442726,True,0.0006465290199924034,0.01810295349254276,-0.01089868238442726,True,0.027339122616078404,0.02863218065606321,-0.01089868238442726,True,0.01570152978983752,0.04137806867864624,-0.01089868238442726,True,-0.020781380527955196,0.06345250724658613,-0.02355218898518907,True,20,True,True,True,True,False,False,7,20,TARGET_BEFORE_STOP,True,False,True,False,False,12,,TARGET_BEFORE_STOP,2024-08-09,2024-08-13,2024-08-15,2024-08-22,2024-09-06
COP|2024-08-09T00:00:00|Long,COP,2024-08-09,Long,0.013074285617948656,0.01491577881850814,-0.003038411096585869,True,0.0066292350304479886,0.01491577881850814,-0.006905441449086225,True,0.02366264322237077,0.02550406617714729,-0.006905441449086225,True,0.02568825062009461,0.038118031179293244,-0.006905441449086225,True,-0.02771385801781856,0.060123365644052074,-0.02826627085509492,True,20,True,True,True,True,False,False,6,19,TARGET_BEFORE_STOP,True,False,True,False,False,11,,TARGET_BEFORE_STOP,2024-08-12,2024-08-14,2024-08-16,2024-08-23,2024-09-09
COP|2024-08-12T00:00:00|Long,COP,2024-08-12,Long,-0.015359469782383006,-0.005907493711625911,-0.019721877606287963,True,0.010906158238206842,0.012178532965114286,-0.019721877606287963,True,0.015541207883703168,0.024720542132868895,-0.019721877606287963,True,0.03208214867272252,0.045442152644473044,-0.019721877606287963,True,-0.05480322499495904,0.04644188554978923,-0.06171045161190114,True,20,True,True,True,True,False,False,10,17,TARGET_BEFORE_STOP,False,True,False,True,False,,18,STOP_BEFORE_TARGET,2024-08-13,2024-08-15,2024-08-19,2024-08-26,2024-09-10
COP|2024-08-13T00:00:00|Long,COP,2024-08-13,Long,0.009137950218093271,0.013845302295578898,-0.0010152573811612609,True,0.026213808965137364,0.028059821102875082,-0.0010152573811612609,True,0.013937624028720341,0.04070522255100939,-0.0010152573811612609,True,0.037751560878119816,0.06175007077295325,-0.0010152573811612609,True,-0.05325823184515299,0.06276539857496366,-0.06498055680356951,True,20,True,True,True,True,False,False,4,17,TARGET_BEFORE_STOP,True,True,True,False,False,9,19,TARGET_BEFORE_STOP,2024-08-14,2024-08-16,2024-08-20,2024-08-27,2024-09-11
COP|2024-08-14T00:00:00|Long,COP,2024-08-14,Long,0.017378592280780758,0.018659113522011328,0.003201303103076203,True,0.02204331832390305,0.03128142423550084,0.003201303103076203,True,0.0026525282234557412,0.03128142423550084,-0.004390408386485967,True,0.025793466089773842,0.052135707059168146,-0.004390408386485967,True,-0.05881277048830502,0.053141840860588374,-0.07344734880463522,True,20,True,True,True,True,False,False,3,16,TARGET_BEFORE_STOP,True,True,True,False,False,8,16,TARGET_BEFORE_STOP,2024-08-15,2024-08-19,2024-08-21,2024-08-28,2024-09-12
COP|2024-08-15T00:00:00|Long,COP,2024-08-15,Long,-0.00044954643755024115,0.0013485021303383249,-0.012316845322621561,True,-0.01240676832836285,0.013665347452959997,-0.021397148350118633,True,-0.01132789803293599,0.013665347452959997,-0.021397148350118633,True,0.028229787781020477,0.03515235021766383,-0.021397148350118633,True,-0.06949566774828064,0.03515235021766383,-0.08927447635968078,True,20,True,True,True,False,True,False,7,3,STOP_BEFORE_TARGET,False,True,False,True,False,,14,STOP_BEFORE_TARGET,2024-08-16,2024-08-20,2024-08-22,2024-08-29,2024-09-13
COP|2024-08-16T00:00:00|Long,COP,2024-08-16,Long,0.005036855163308429,0.014121242044565108,-0.000539643446924476,True,-0.014031278596076113,0.014121242044565108,-0.020957023067630032,True,0.0019787841347296276,0.014121242044565108,-0.020957023067630032,True,0.023475450649284246,0.035617908559119726,-0.020957023067630032,True,-0.050638579222560764,0.035617908559119726,-0.0888648788118237,True,20,True,True,True,False,True,False,6,2,STOP_BEFORE_TARGET,False,True,False,True,False,,13,STOP_BEFORE_TARGET,2024-08-19,2024-08-21,2024-08-23,2024-08-30,2024-09-16
COP|2024-08-19T00:00:00|Long,COP,2024-08-19,Long,-0.016914260119752944,0.0006264515496909873,-0.025863606988536403,True,-0.015840313915383653,0.0006264515496909873,-0.025863606988536403,True,0.016287808570061957,0.02944335939166942,-0.025863606988536403,True,-0.016914260119752944,0.030427793009483395,-0.025863606988536403,True,-0.030875219386063857,0.030427793009483395,-0.09343113488099297,True,20,True,True,True,False,True,False,8,1,STOP_BEFORE_TARGET,False,True,False,True,False,,12,STOP_BEFORE_TARGET,2024-08-20,2024-08-22,2024-08-26,2024-09-03,2024-09-17
COP|2024-08-20T00:00:00|Long,COP,2024-08-20,Long,-0.0020937253594340843,0.012198488720059908,-0.008648128916141862,True,0.014110178181959254,0.01492944390012707,-0.008648128916141862,True,0.02348658959392247,0.04715521508537934,-0.008648128916141862,True,-0.011743294796961234,0.048156586153923264,-0.012835649087851508,True,-0.01119704819867462,0.048156586153923264,-0.0778333686038013,True,20,True,True,True,True,False,False,4,11,TARGET_BEFORE_STOP,False,True,False,True,False,,12,STOP_BEFORE_TARGET,2024-08-21,2024-08-23,2024-08-27,2024-09-04,2024-09-18
COP|2024-08-21T00:00:00|Long,COP,2024-08-21,Long,0.0031928340207234562,0.008210124739414182,-0.0019157004124341626,True,0.03594229805959914,0.04935227054519964,-0.0019157004124341626,True,0.02307971826223798,0.04935227054519964,-0.0019157004124341626,True,-0.019795710125609434,0.050355742608650056,-0.021255261564270822,True,0.008483855882814861,0.050355742608650056,-0.07589855397156187,True,20,True,True,True,True,False,False,3,10,TARGET_BEFORE_STOP,True,True,True,False,False,6,11,TARGET_BEFORE_STOP,2024-08-22,2024-08-26,2024-08-28,2024-09-05,2024-09-19
COP|2024-08-22T00:00:00|Long,COP,2024-08-22,Long,0.013003549052489793,0.013821920761970974,0.0027279750753226306,True,0.022369728627497087,0.04601252616555529,0.0027279750753226306,True,0.04001092549820351,0.047012804506289196,0.0027279750753226306,True,-0.0359189281966934,0.047012804506289196,-0.03864690327201603,True,-0.0009093250251075435,0.047012804506289196,-0.07883966602442016,True,20,True,True,True,True,False,False,2,9,TARGET_BEFORE_STOP,False,True,False,True,False,,10,STOP_BEFORE_TARGET,2024-08-23,2024-08-27,2024-08-29,2024-09-06,2024-09-20
COP|2024-08-23T00:00:00|Long,COP,2024-08-23,Long,0.01938955119505148,0.03258525317501637,0.013824065479654424,True,0.006732495419452755,0.03258525317501637,-0.00682228120126116,True,0.02145421325773711,0.03357269131545482,-0.00682228120126116,True,-0.052064658638361294,0.03357269131545482,-0.05260323635624231,True,-0.015350081337973887,0.03357269131545482,-0.09066425795133226,True,20,True,True,True,True,False,False,1,7,TARGET_BEFORE_STOP,False,True,False,True,False,,8,STOP_BEFORE_TARGET,2024-08-26,2024-08-28,2024-08-30,2024-09-09,2024-09-23
COP|2024-08-26T00:00:00|Long,COP,2024-08-26,Long,-0.009950662889323558,0.0008806455236494148,-0.013208876648892476,True,0.007132839075400188,0.01391336619428385,-0.0257132637523938,True,-0.032669946849535614,0.01391336619428385,-0.038305728845024145,True,-0.08418455234345235,0.01391336619428385,-0.09087706865702772,True,-0.04094746386451009,0.01391336619428385,-0.10796050343793051,True,20,True,False,True,False,True,False,,2,STOP_BEFORE_TARGET,False,True,False,True,False,,5,STOP_BEFORE_TARGET,2024-08-27,2024-08-29,2024-09-03,2024-09-10,2024-09-24
COP|2024-08-27T00:00:00|Long,COP,2024-08-27,Long,-0.002490427630853498,-0.002045747187665925,-0.01592102562188591,True,0.012096420943342734,0.02410387865442254,-0.01592102562188591,True,-0.034421442106888245,0.02410387865442254,-0.03548872945778914,True,-0.08769901790970336,0.02410387865442254,-0.09899490548080692,True,-0.05959260811221179,0.02410387865442254,-0.09899490548080692,True,20,True,False,True,False,True,False,,4,STOP_BEFORE_TARGET,False,True,False,True,False,,5,STOP_BEFORE_TARGET,2024-08-28,2024-08-30,2024-09-04,2024-09-11,2024-09-25
COP|2024-08-28T00:00:00|Long,COP,2024-08-28,Long,0.019794928136410705,0.026660702836277528,-0.0007133466782541786,True,-0.020508274814664884,0.026660702836277528,-0.026214912183731287,True,-0.04190819896290576,0.026660702836277528,-0.04333482429093061,True,-0.08247882188272226,0.026660702836277528,-0.09674541530538838,True,-0.08773966859924254,0.026660702836277528,-0.09674541530538838,True,20,True,False,True,False,True,False,,3,STOP_BEFORE_TARGET,False,True,False,True,False,,4,STOP_BEFORE_TARGET,2024-08-29,2024-09-03,2024-09-05,2024-09-12,2024-09-26
COP|2024-08-29T00:00:00|Long,COP,2024-08-29,Long,-0.005071275833925082,-0.0028853879787508196,-0.017137352779605708,True,-0.050800079115692065,-0.0028853879787508196,-0.05184926259305345,True,-0.07300870772922285,-0.0028853879787508196,-0.07563173313062999,True,-0.09504242795785789,-0.0028853879787508196,-0.11427821440019004,True,-0.08437528455132692,-0.0028853879787508196,-0.11427821440019004,True,20,True,False,True,False,True,False,,2,STOP_BEFORE_TARGET,False,True,False,True,False,,2,STOP_BEFORE_TARGET,2024-08-30,2024-09-04,2024-09-06,2024-09-13,2024-09-27
COP|2024-08-30T00:00:00|Long,COP,2024-08-30,Long,-0.03462520792429846,-0.016521638441795883,-0.040249598332059766,True,-0.055716705477414474,-0.016521638441795883,-0.05712276955534357,True,-0.07197471109510001,-0.016521638441795883,-0.0725019767433207,True,-0.07241407678594314,-0.016521638441795883,-0.10976357995674468,True,-0.07478690629898066,-0.016521638441795883,-0.10976357995674468,True,20,True,False,True,False,True,False,,1,STOP_BEFORE_TARGET,False,True,False,True,False,,1,STOP_BEFORE_TARGET,2024-09-03,2024-09-05,2024-09-09,2024-09-16,2024-09-30
COP|2024-09-03T00:00:00|Long,COP,2024-09-03,Long,-0.011743294796961234,0.012198488720059908,-0.012835649087851508,True,-0.03486574314297308,0.012198488720059908,-0.037596698323040356,True,-0.05325442471898856,0.012198488720059908,-0.060172969523606956,True,-0.01420116140430594,0.012198488720059908,-0.0778333686038013,True,-0.004369556069244163,0.01720527460993715,-0.0778333686038013,True,20,True,False,True,False,True,False,,2,STOP_BEFORE_TARGET,False,True,False,True,False,,3,STOP_BEFORE_TARGET,2024-09-04,2024-09-06,2024-09-10,2024-09-17,2024-10-01
COP|2024-09-04T00:00:00|Long,COP,2024-09-04,Long,-0.010224766353301162,0.00764555867465555,-0.011698569193325015,True,-0.027266020182756923,0.00764555867465555,-0.027818687462998537,True,-0.055176842285175165,0.00764555867465555,-0.06687541147850018,True,0.0005527375583800342,0.012619775031245561,-0.06687541147850018,True,0.01658072118863374,0.02929256058116092,-0.06687541147850018,True,20,True,False,True,False,True,False,,2,STOP_BEFORE_TARGET,False,True,False,True,False,,4,STOP_BEFORE_TARGET,2024-09-05,2024-09-09,2024-09-11,2024-09-18,2024-10-02
COP|2024-09-05T00:00:00|Long,COP,2024-09-05,Long,-0.013308518806795289,0.010888839754024549,-0.016100472560947487,True,-0.032107929699653925,0.010888839754024549,-0.03918100701762306,True,-0.04234523547315672,0.010888839754024549,-0.05723586850771878,True,0.02885068582187933,0.0362959668370908,-0.05723586850771878,True,0.046254084335592305,0.047091720164735174,-0.05723586850771878,True,20,True,True,True,False,True,False,10,3,STOP_BEFORE_TARGET,False,True,False,True,False,,3,STOP_BEFORE_TARGET,2024-09-06,2024-09-10,2024-09-12,2024-09-19,2024-10-03
COP|2024-09-06T00:00:00|Long,COP,2024-09-06,Long,-0.0039614995495548255,0.006130933281079498,-0.004527407496107028,True,-0.032541002239956374,0.006130933281079498,-0.0445198428669944,True,-0.02376906925917366,0.006130933281079498,-0.0445198428669944,True,0.036313961756453406,0.053952097734547566,-0.0445198428669944,True,0.08036223865526915,0.0812111005750975,-0.0445198428669944,True,20,True,True,True,False,True,False,8,2,STOP_BEFORE_TARGET,True,True,False,True,False,9,3,STOP_BEFORE_TARGET,2024-09-09,2024-09-11,2024-09-13,2024-09-20,2024-10-04
COP|2024-09-09T00:00:00|Long,COP,2024-09-09,Long,-0.015151500920837613,0.0013257518150697756,-0.02234849095125624,True,-0.02556815328841,0.0013257518150697756,-0.04071965420924761,True,-0.0004734415064933106,0.0013257518150697756,-0.04071965420924761,True,0.038731098734698044,0.058143934454252255,-0.04071965420924761,True,0.08636366362085712,0.09924245746558302,-0.04071965420924761,True,20,True,True,True,False,True,False,7,1,STOP_BEFORE_TARGET,True,True,False,True,False,8,2,STOP_BEFORE_TARGET,2024-09-10,2024-09-12,2024-09-16,2024-09-23,2024-10-07
COP|2024-09-10T00:00:00|Long,COP,2024-09-10,Long,-0.013750002934382555,0.0003846241877629719,-0.025961509117713333,True,-0.004807692307692291,0.00355771871713495,-0.025961509117713333,True,0.04125000880314755,0.04326923076923084,-0.025961509117713333,True,0.04721157367412854,0.07442305638239932,-0.025961509117713333,True,0.06538464472844052,0.11615386376014114,-0.025961509117713333,True,20,True,True,True,False,True,False,5,1,STOP_BEFORE_TARGET,True,False,True,False,False,6,,TARGET_BEFORE_STOP,2024-09-11,2024-09-13,2024-09-17,2024-09-24,2024-10-08
COP|2024-09-11T00:00:00|Long,COP,2024-09-11,Long,0.003217332865716571,0.010821883724813741,-0.004094746711464703,True,0.029053362248220527,0.03041827781870876,-0.004094746711464703,True,0.058984138342189185,0.07175588020132317,-0.004094746711464703,True,0.03080826432203687,0.08940234177857787,-0.004094746711464703,True,0.08189530614089269,0.13171494761067248,-0.004094746711464703,True,20,True,True,False,True,False,False,3,,TARGET_BEFORE_STOP,True,False,True,False,False,4,,TARGET_BEFORE_STOP,2024-09-12,2024-09-16,2024-09-18,2024-09-25,2024-10-09
COP|2024-09-12T00:00:00|Long,COP,2024-09-12,Long,0.00583088887486749,0.014285725936878935,0.0014577407546605414,True,0.052380945672706014,0.054421753071721035,0.0014577407546605414,True,0.07434403704994086,0.08211853083517262,0.0014577407546605414,True,-0.005733760529991527,0.08590861231102509,-0.00709429879600143,True,0.0870748197435085,0.1280855209886569,-0.00709429879600143,True,20,True,True,False,True,False,False,3,,TARGET_BEFORE_STOP,True,False,True,False,False,3,,TARGET_BEFORE_STOP,2024-09-13,2024-09-17,2024-09-19,2024-09-26,2024-10-10
COP|2024-09-13T00:00:00|Long,COP,2024-09-13,Long,0.01980679277060693,0.02115944387832136,0.009178714475770011,True,0.049468625570840974,0.06212560681329249,0.009178714475770011,True,0.061545920256831144,0.07961350593014038,0.009178714475770011,True,0.011787451407759608,0.07961350593014038,-0.012850259237243367,True,0.06753621124414999,0.12154591141115634,-0.012850259237243367,True,20,True,True,False,True,False,False,2,,TARGET_BEFORE_STOP,True,False,True,False,False,3,,TARGET_BEFORE_STOP,2024-09-16,2024-09-18,2024-09-20,2024-09-27,2024-10-11
COP|2024-09-16T00:00:00|Long,COP,2024-09-16,Long,0.025959240024142183,0.027948809691607623,-0.002368545644450659,True,0.04737091288901407,0.054950215581890394,-0.002368545644450659,True,0.03922311008952151,0.05864514100465135,-0.002368545644450659,True,-0.002558069774081795,0.05864514100465135,-0.03202278337363074,True,0.037138778357240776,0.09976313097909961,-0.03202278337363074,True,20,True,True,True,True,False,False,2,8,TARGET_BEFORE_STOP,True,True,True,False,False,3,8,TARGET_BEFORE_STOP,2024-09-17,2024-09-19,2024-09-23,2024-09-30,2024-10-14
COP|2024-09-17T00:00:00|Long,COP,2024-09-17,Long,0.003047389678314971,0.015144513581893282,-0.00720286981902718,True,0.014590468350694552,0.03185886895442347,-0.00720286981902718,True,0.0057253923847102595,0.03185886895442347,-0.007387598531667372,True,0.009973236881742675,0.03185886895442347,-0.056514938543180904,True,-0.028442162757550182,0.07193647474067344,-0.056514938543180904,True,20,True,True,True,True,False,False,3,6,TARGET_BEFORE_STOP,True,True,False,True,False,13,7,STOP_BEFORE_TARGET,2024-09-18,2024-09-20,2024-09-24,2024-10-01,2024-10-15
COP|2024-09-18T00:00:00|Long,COP,2024-09-18,Long,0.01776836914356017,0.025133452941520584,0.006904805570202344,True,0.009850853137249427,0.028723946218880636,-0.010403285345599533,True,-0.02660651184470142,0.028723946218880636,-0.026974776570496628,True,0.016019129255861575,0.028723946218880636,-0.05938137004732935,True,-0.03185416126848273,0.0686797909762289,-0.05938137004732935,True,20,True,True,True,False,True,False,11,5,STOP_BEFORE_TARGET,True,True,False,True,False,12,6,STOP_BEFORE_TARGET,2024-09-19,2024-09-23,2024-09-25,2024-10-02,2024-10-16
COP|2024-09-19T00:00:00|Long,COP,2024-09-19,Long,-0.0061510654582018764,0.010764312792054698,-0.007417455198443612,True,-0.014834910396887224,0.010764312792054698,-0.02767982906844091,True,-0.07453645649657936,0.010764312792054698,-0.0758028462368211,True,0.016915378250256463,0.017729525376449118,-0.0758028462368211,True,-0.03980100772877315,0.050022601778742626,-0.0758028462368211,True,20,True,True,True,False,True,False,11,2,STOP_BEFORE_TARGET,True,True,False,True,False,12,4,STOP_BEFORE_TARGET,2024-09-20,2024-09-24,2024-09-26,2024-10-03,2024-10-17
COP|2024-09-20T00:00:00|Long,COP,2024-09-20,Long,-0.001638302545517889,0.009738779176079682,-0.021662008039647018,True,-0.037680889106715076,0.014562650715605585,-0.03804496405462976,True,-0.0468735905810207,0.014562650715605585,-0.07008286506915795,True,0.04250476064624098,0.04332387719890196,-0.07008286506915795,True,-0.038227036248685065,0.056521333660072504,-0.07008286506915795,True,20,True,True,True,False,True,False,10,1,STOP_BEFORE_TARGET,True,True,False,True,False,11,3,STOP_BEFORE_TARGET,2024-09-23,2024-09-25,2024-09-27,2024-10-04,2024-10-18
COP|2024-09-23T00:00:00|Long,COP,2024-09-23,Long,-0.007110937751264368,0.01622753887937689,-0.008296140412572983,True,-0.06728056084012501,0.01622753887937689,-0.06855687943372912,True,-0.040204244360967145,0.01622753887937689,-0.06855687943372912,True,0.04585649254574298,0.058255075644307874,-0.06855687943372912,True,-0.04284806703461741,0.058255075644307874,-0.06855687943372912,True,20,True,True,True,False,True,False,9,2,STOP_BEFORE_TARGET,True,True,False,True,False,10,2,STOP_BEFORE_TARGET,2024-09-24,2024-09-26,2024-09-30,2024-10-07,2024-10-21
COP|2024-09-24T00:00:00|Long,COP,2024-09-24,Long,-0.029198422534642998,-0.0008264067969769862,-0.029565706660823365,True,-0.03847215407691684,-0.0008264067969769862,-0.06188600924185772,True,0.0042236623726483735,0.007070026785191308,-0.06188600924185772,True,0.017353772161390335,0.06583415598065767,-0.06188600924185772,True,-0.035901235245938135,0.06583415598065767,-0.06188600924185772,True,20,True,True,True,False,True,False,7,1,STOP_BEFORE_TARGET,True,True,False,True,False,8,2,STOP_BEFORE_TARGET,2024-09-25,2024-09-27,2024-10-01,2024-10-08,2024-10-22
COP|2024-09-25T00:00:00|Long,COP,2024-09-25,Long,-0.032346596895436175,-0.014281680585338297,-0.03367071857521908,True,-0.0042561672500619485,-0.0014187224166872792,-0.03367071857521908,True,0.0437907604881802,0.05589705708003523,-0.03367071857521908,True,0.04956017873261431,0.09789083652234987,-0.03367071857521908,True,-0.011538836488867998,0.09789083652234987,-0.03367071857521908,True,20,True,True,True,False,True,False,4,1,STOP_BEFORE_TARGET,True,True,False,True,False,5,1,STOP_BEFORE_TARGET,2024-09-26,2024-09-30,2024-10-02,2024-10-09,2024-10-23
COP|2024-09-26T00:00:00|Long,COP,2024-09-26,Long,0.023555895998620624,0.02472875417524989,0.002834531545768515,True,0.06900601462672262,0.07203599767814639,0.002834531545768515,True,0.09881732823384626,0.09969704643766697,0.002834531545768515,True,0.09334379121931313,0.13459099404801322,0.002834531545768515,True,0.020134935364537476,0.13459099404801322,0.002834531545768515,True,20,True,True,False,True,False,False,2,,TARGET_BEFORE_STOP,True,False,True,False,False,3,,TARGET_BEFORE_STOP,2024-09-27,2024-10-01,2024-10-03,2024-10-10,2024-10-24
COP|2024-09-27T00:00:00|Long,COP,2024-09-27,Long,0.005347570206894137,0.0082123815921189,-0.008116868451230053,True,0.053857900342856535,0.06608095959014593,-0.008116868451230053,True,0.09377386917832475,0.09463326888078405,-0.008116868451230053,True,0.05509927975369111,0.10847976010246363,-0.008116868451230053,True,-0.0015279188335011185,0.10847976010246363,-0.012127618961580544,True,20,True,True,False,True,False,False,2,,TARGET_BEFORE_STOP,True,False,True,False,False,3,,TARGET_BEFORE_STOP,2024-09-30,2024-10-02,2024-10-04,2024-10-11,2024-10-25
COP|2024-09-30T00:00:00|Long,COP,2024-09-30,Long,0.03884882232815379,0.041793328048025824,-0.011208209715593442,True,0.06781914392510902,0.06867404484008555,-0.011208209715593442,True,0.08966567772474754,0.10258361680264017,-0.011208209715593442,True,0.03979865586995235,0.10258361680264017,-0.011208209715593442,True,-0.01918689842788668,0.10258361680264017,-0.03590424414062787,True,20,True,True,True,True,False,False,1,20,TARGET_BEFORE_STOP,True,True,True,False,False,2,20,TARGET_BEFORE_STOP,2024-10-01,2024-10-03,2024-10-07,2024-10-14,2024-10-28
COP|2024-10-01T00:00:00|Long,COP,2024-10-01,Long,0.009051822610477878,0.020755203310419024,-0.007131813011824972,True,0.047270714447402495,0.048093575703967995,-0.007131813011824972,True,0.013074885885201892,0.06135136615128545,-0.007131813011824972,True,-0.03803605703246071,0.06135136615128545,-0.03885891828902621,True,-0.0644601158883864,0.06135136615128545,-0.07195759850913952,True,20,True,True,True,True,False,False,3,10,TARGET_BEFORE_STOP,True,True,True,False,False,4,10,TARGET_BEFORE_STOP,2024-10-02,2024-10-04,2024-10-08,2024-10-15,2024-10-29
COP|2024-10-02T00:00:00|Long,COP,2024-10-02,Long,0.01866616117434594,0.019481709985395224,-0.00335268887763418,True,0.039507073090235156,0.05183038409811869,-0.00335268887763418,True,0.005527370487295347,0.05183038409811869,-0.007339593640032782,True,-0.047118493289990404,0.05183038409811869,-0.04820586866076193,True,-0.06687202983510798,0.05183038409811869,-0.08028271621376293,True,20,True,True,True,True,False,False,2,9,TARGET_BEFORE_STOP,True,True,True,False,False,3,9,TARGET_BEFORE_STOP,2024-10-03,2024-10-07,2024-10-09,2024-10-16,2024-10-30
COP|2024-10-03T00:00:00|Long,COP,2024-10-03,Long,0.018857879212878847,0.019658415944389773,-0.003291185938568253,True,-0.014410204088003642,0.03255651771679546,-0.020103135951306528,True,-0.004981298414114765,0.03255651771679546,-0.02552922223743903,True,-0.05577296517692365,0.03255651771679546,-0.06653616660176498,True,-0.02561819338486282,0.03255651771679546,-0.09713572626584366,True,20,True,True,True,True,False,False,2,3,TARGET_BEFORE_STOP,False,True,False,True,False,,7,STOP_BEFORE_TARGET,2024-10-04,2024-10-08,2024-10-10,2024-10-17,2024-10-31
COP|2024-10-04T00:00:00|Long,COP,2024-10-04,Long,0.001571506056722738,0.013445092572184292,-0.0008730441184022775,True,-0.031168147950837444,0.013445092572184292,-0.0435655476155411,True,-0.035358852971763666,0.013445092572184292,-0.0435655476155411,True,-0.07744021892512132,0.013445092572184292,-0.08590888675251629,True,-0.0584948884589056,0.013445092572184292,-0.11384669819536908,True,20,True,False,True,False,True,False,,2,STOP_BEFORE_TARGET,False,True,False,True,False,,2,STOP_BEFORE_TARGET,2024-10-07,2024-10-09,2024-10-11,2024-10-18,2024-11-01
COP|2024-10-07T00:00:00|Long,COP,2024-10-07,Long,-0.03417013709234418,-0.015690403003874587,-0.03974893227050302,True,-0.024930270048109326,-0.015690403003874587,-0.045066231816011326,True,-0.045763597839402315,-0.015690403003874587,-0.05073221437321518,True,-0.08481523059099871,-0.015690403003874587,-0.08743025342198829,True,-0.05108089738491062,-0.015690403003874587,-0.11523710843822199,True,20,True,False,True,False,True,False,,1,STOP_BEFORE_TARGET,False,True,False,True,False,,1,STOP_BEFORE_TARGET,2024-10-08,2024-10-10,2024-10-14,2024-10-21,2024-11-04
COP|2024-10-08T00:00:00|Long,COP,2024-10-08,Long,0.0015342794608579347,0.00649813692669543,-0.011281588136925369,True,-0.0027978806809551005,0.018321288117190804,-0.011281588136925369,True,-0.05045129795415171,0.018321288117190804,-0.05126353924848259,True,-0.052346596498273223,0.018321288117190804,-0.055144408321878946,True,-0.014350215915990727,0.018321288117190804,-0.08393504328166412,True,20,True,False,True,False,True,False,,5,STOP_BEFORE_TARGET,False,True,False,True,False,,5,STOP_BEFORE_TARGET,2024-10-09,2024-10-11,2024-10-15,2024-10-22,2024-11-05
COP|2024-10-09T00:00:00|Long,COP,2024-10-09,Long,0.008020180047383807,0.01676129215004951,-0.0018923950812165247,True,-0.013517166653145507,0.01676129215004951,-0.018653687231266147,True,-0.05235647016925338,0.01676129215004951,-0.053437868252176335,True,-0.058213922802656026,0.01676129215004951,-0.06587363682239877,True,0.023970406447274772,0.03514464704855125,-0.08533838980382347,True,20,True,True,True,False,True,False,20,4,STOP_BEFORE_TARGET,False,True,False,True,False,,4,STOP_BEFORE_TARGET,2024-10-10,2024-10-14,2024-10-16,2024-10-23,2024-11-06
COP|2024-10-10T00:00:00|Long,COP,2024-10-10,Long,-0.01224747665927739,-0.001430392108316969,-0.014214231705788283,True,-0.05944932495614086,-0.001430392108316969,-0.06025386936343191,True,-0.05104594183190314,-0.001430392108316969,-0.06186302638286356,True,-0.06695867891025564,-0.001430392108316969,-0.07518329712337857,True,0.004827471058295174,0.026908654745277483,-0.0926157746631806,True,20,True,False,True,False,True,False,,2,STOP_BEFORE_TARGET,False,True,False,True,False,,3,STOP_BEFORE_TARGET,2024-10-11,2024-10-15,2024-10-17,2024-10-24,2024-11-07
COP|2024-10-11T00:00:00|Long,COP,2024-10-11,Long,-0.009231574466351478,-0.000543013483154553,-0.014390409707954133,True,-0.04823960815196915,-0.000543013483154553,-0.04932570416882309,True,-0.04362385544406577,-0.000543013483154553,-0.05240294169130333,True,-0.05367001918569381,-0.000543013483154553,-0.06371618292732184,True,0.009955638477587403,0.03964164148335758,-0.08136481163529297,True,20,True,True,True,False,True,False,18,2,STOP_BEFORE_TARGET,False,True,False,True,False,,2,STOP_BEFORE_TARGET,2024-10-14,2024-10-16,2024-10-18,2024-10-25,2024-11-08
COP|2024-10-14T00:00:00|Long,COP,2024-10-14,Long,-0.03891479025054412,-0.02137575537765324,-0.03973689984118145,True,-0.030327940602930537,-0.02137575537765324,-0.04138118871638552,True,-0.04092448439734131,-0.02137575537765324,-0.04366491939339523,True,-0.056727861653647405,-0.02137575537765324,-0.07280534513409531,True,0.023568117313282233,0.04932859656219368,-0.07280534513409531,True,20,True,True,True,False,True,False,17,1,STOP_BEFORE_TARGET,False,True,False,True,False,,1,STOP_BEFORE_TARGET,2024-10-15,2024-10-17,2024-10-21,2024-10-28,2024-11-11
COP|2024-10-15T00:00:00|Long,COP,2024-10-15,Long,-0.0004751964908120687,0.007508800707174856,-0.001615798597325524,True,0.004372199301164503,0.009789932404332458,-0.00484746830784577,True,-0.0019959992994966758,0.01549279790516156,-0.004942464096486687,True,-0.027468866218011034,0.01549279790516156,-0.035262799322846816,True,0.051611066936860794,0.09181640287206361,-0.035262799322846816,True,20,True,True,True,False,True,False,12,9,STOP_BEFORE_TARGET,True,True,False,True,False,12,9,STOP_BEFORE_TARGET,2024-10-16,2024-10-18,2024-10-22,2024-10-29,2024-11-12
COP|2024-10-16T00:00:00|Long,COP,2024-10-16,Long,0.009414205299483447,0.01027000916746168,-0.0020920617444063483,True,-0.0016166393345333763,0.015975585938350134,-0.004469391444805293,True,-0.00618107173110638,0.015975585938350134,-0.014263978202394001,True,-0.02073031788949309,0.015975585938350134,-0.034804141638006825,True,0.06333202549244987,0.0923354768574558,-0.034804141638006825,True,20,True,True,True,False,True,False,11,8,STOP_BEFORE_TARGET,True,True,False,True,False,11,8,STOP_BEFORE_TARGET,2024-10-17,2024-10-21,2024-10-23,2024-10-30,2024-11-13
COP|2024-10-17T00:00:00|Long,COP,2024-10-17,Long,-0.0045219345269305045,-9.42264351078137e-05,-0.013659958142188233,True,-0.010833740078642795,0.006500186548216824,-0.013754112703584953,True,-0.016768711763634925,0.006500186548216824,-0.025435746950775773,True,0.0319359334989926,0.04239283971091523,-0.04380594874268806,True,0.0637776405628776,0.08214791422850065,-0.04380594874268806,True,20,True,True,True,False,True,False,10,4,STOP_BEFORE_TARGET,True,True,False,True,False,14,7,STOP_BEFORE_TARGET,2024-10-18,2024-10-22,2024-10-24,2024-10-31,2024-11-14
COP|2024-10-18T00:00:00|Long,COP,2024-10-18,Long,-0.006435131228909374,0.01107218878791616,-0.009274115118013349,True,-0.010977534331554017,0.01107218878791616,-0.01902143031764192,True,-0.010504406450134396,0.01107218878791616,-0.021008812900268903,True,0.020535612818653792,0.04712788344115948,-0.03946246088012906,True,0.06293178424444434,0.08706354440290376,-0.03946246088012906,True,20,True,True,True,False,True,False,9,4,STOP_BEFORE_TARGET,True,True,False,True,False,13,6,STOP_BEFORE_TARGET,2024-10-21,2024-10-23,2024-10-25,2024-11-01,2024-11-15
COP|2024-10-21T00:00:00|Long,COP,2024-10-21,Long,9.52675153251814e-05,0.007810264896740193,-0.002190644177719636,True,-0.005905277929350694,0.007810264896740193,-0.01466807264369685,True,-0.01647771942793852,0.007810264896740193,-0.03324124140185236,True,0.036860680305981,0.053909932158047624,-0.03324124140185236,True,0.083531807323594,0.09410424882218171,-0.03324124140185236,True,20,True,True,True,False,True,False,8,5,STOP_BEFORE_TARGET,True,True,False,True,False,8,5,STOP_BEFORE_TARGET,2024-10-22,2024-10-24,2024-10-28,2024-11-04,2024-11-18
COP|2024-10-22T00:00:00|Long,COP,2024-10-22,Long,-0.00466664632161462,0.0005714053199403768,-0.01276186988467265,True,-0.004190499441964257,0.0040952410016741325,-0.014761933826264895,True,-0.025523812430245485,0.0040952410016741325,-0.033333333333333326,True,0.04009522937593002,0.05380953834170388,-0.033333333333333326,True,0.07704758417038682,0.09400002615792413,-0.033333333333333326,True,20,True,True,True,False,True,False,7,4,STOP_BEFORE_TARGET,True,True,False,True,False,7,4,STOP_BEFORE_TARGET,2024-10-23,2024-10-25,2024-10-29,2024-11-05,2024-11-19
COP|2024-10-23T00:00:00|Long,COP,2024-10-23,Long,-0.001339578861226598,0.0063151470598434845,-0.01014261952273765,True,-0.01196057769064629,0.008802967659938155,-0.02880109151951682,True,-0.014639735413099486,0.008802967659938155,-0.02880109151951682,True,0.08726432810994922,0.09912927374020275,-0.02880109151951682,True,0.08535066488007481,0.09912927374020275,-0.02880109151951682,True,20,True,True,True,False,True,False,6,3,STOP_BEFORE_TARGET,True,False,True,False,False,6,,TARGET_BEFORE_STOP,2024-10-24,2024-10-28,2024-10-30,2024-11-06,2024-11-20
COP|2024-10-24T00:00:00|Long,COP,2024-10-24,Long,0.0018203967328911386,0.010156151487008103,-0.0011497819624801675,True,-0.019641688203605456,0.010156151487008103,-0.02749834886514857,True,0.049535288233137686,0.06017053381271986,-0.02749834886514857,True,0.07693780365987246,0.1006036190829156,-0.02749834886514857,True,0.07214715513211445,0.10549002794959206,-0.02749834886514857,True,20,True,True,True,False,True,False,5,2,STOP_BEFORE_TARGET,True,False,True,False,False,5,,TARGET_BEFORE_STOP,2024-10-25,2024-10-29,2024-10-31,2024-11-07,2024-11-21
COP|2024-10-25T00:00:00|Long,COP,2024-10-25,Long,-0.012433009302958209,-0.011572294498138236,-0.02926547083055331,True,-0.015110885984620959,-0.0076510658095125805,-0.02926547083055331,True,0.03136953764233619,0.05824410969283367,-0.02926547083055331,True,0.06723411384317779,0.09860372445218091,-0.02926547083055331,True,0.06876437078508046,0.10348125427949495,-0.02926547083055331,True,20,True,True,True,False,True,False,4,1,STOP_BEFORE_TARGET,True,False,True,False,False,4,,TARGET_BEFORE_STOP,2024-10-28,2024-10-30,2024-11-01,2024-11-08,2024-11-22
COP|2024-10-28T00:00:00|Long,COP,2024-10-28,Long,-0.009103258008518189,0.004842145938950715,-0.010652706288635128,True,0.060817341171576667,0.07156691106687019,-0.010652706288635128,True,0.05423201973919234,0.07156691106687019,-0.010652706288635128,True,0.08512493447298919,0.11243463461326031,-0.010652706288635128,True,0.02750335346830446,0.11737357027358608,-0.010652706288635128,True,20,True,True,False,True,False,False,3,,TARGET_BEFORE_STOP,True,False,True,False,False,3,,TARGET_BEFORE_STOP,2024-10-29,2024-10-31,2024-11-04,2024-11-11,2024-11-25
COP|2024-10-29T00:00:00|Long,COP,2024-10-29,Long,0.006450387647360056,0.010848324996698633,0.0004886928450640315,True,0.05394836453801943,0.08141127693412264,0.0004886928450640315,True,0.06733775811374398,0.08141127693412264,0.0004886928450640315,True,0.08131352345229814,0.12265444770513079,0.0004886928450640315,True,0.04358873238638461,0.12763875681729875,0.0004886928450640315,True,20,True,True,False,True,False,False,2,,TARGET_BEFORE_STOP,True,False,True,False,False,2,,TARGET_BEFORE_STOP,2024-10-30,2024-11-01,2024-11-05,2024-11-12,2024-11-26
COP|2024-10-30T00:00:00|Long,COP,2024-10-30,Long,0.06370166386435705,0.0744804614383312,0.029326049180625535,True,0.05709843718918539,0.0744804614383312,0.029326049180625535,True,0.10341807680439663,0.1154593027972346,0.029326049180625535,True,0.08584187269105814,0.1154593027972346,0.029326049180625535,True,0.042823809370345245,0.12041166723898233,0.018644378581835097,True,20,True,True,False,True,False,False,1,,TARGET_BEFORE_STOP,True,False,True,False,False,1,,TARGET_BEFORE_STOP,2024-10-31,2024-11-04,2024-11-06,2024-11-13,2024-11-27
COP|2024-10-31T00:00:00|Long,COP,2024-10-31,Long,-0.015519486611541011,0.004290681182900213,-0.02610918921351002,True,-0.0030126148283418086,0.004838404006455965,-0.02610918921351002,True,0.02610918921350991,0.04865804077512248,-0.02610918921351002,True,0.030856282866242424,0.04865804077512248,-0.02610918921351002,True,-0.010954944016862922,0.053313824074131544,-0.0423589497066611,True,20,True,True,True,False,True,False,4,1,STOP_BEFORE_TARGET,True,True,True,False,False,15,17,TARGET_BEFORE_STOP,2024-11-01,2024-11-05,2024-11-07,2024-11-14,2024-11-29
COP|2024-11-01T00:00:00|Long,COP,2024-11-01,Long,0.009458496913009817,0.020678815213850843,0.008160282944142727,True,0.05369066313194004,0.06518923078098582,0.006862068975275415,True,0.03477374005327549,0.06518923078098582,0.006862068975275415,True,0.04154305924581614,0.06518923078098582,0.006862068975275415,True,-0.015764067191876174,0.06991840849013542,-0.027262564093566533,True,20,True,True,True,True,False,False,3,16,TARGET_BEFORE_STOP,True,False,True,False,False,3,,TARGET_BEFORE_STOP,2024-11-04,2024-11-06,2024-11-08,2024-11-15,2024-12-02
COP|2024-11-04T00:00:00|Long,COP,2024-11-04,Long,0.003215124675351344,0.010655851793230031,-0.002572099740281053,True,0.03251883975454173,0.055208544024746065,-0.002572099740281053,True,0.029303715079190606,0.055208544024746065,-0.002572099740281053,True,0.04501195570830241,0.055208544024746065,-0.002572099740281053,True,-0.025812948216413556,0.059893409944060005,-0.03637698936496325,True,20,True,True,True,True,False,False,2,15,TARGET_BEFORE_STOP,True,True,True,False,False,2,15,TARGET_BEFORE_STOP,2024-11-05,2024-11-07,2024-11-11,2024-11-18,2024-12-03
COP|2024-11-05T00:00:00|Long,COP,2024-11-05,Long,0.04047246777766644,0.051826789758796954,0.019961544945070298,True,0.02179285114339269,0.051826789758796954,0.012361491488310339,True,0.013094041911580812,0.051826789758796954,0.011537424657021234,True,0.03552785721037166,0.051826789758796954,0.002655442889464954,True,-0.05219299511057873,0.056496641522475244,-0.05841953398866995,True,20,True,True,True,True,False,False,1,14,TARGET_BEFORE_STOP,True,True,True,False,False,1,14,TARGET_BEFORE_STOP,2024-11-06,2024-11-08,2024-11-12,2024-11-19,2024-12-04
COP|2024-11-06T00:00:00|Long,COP,2024-11-06,Long,-0.010824568839827742,0.0031681828659089195,-0.015576843138691232,True,-0.013904727975452169,0.0031681828659089195,-0.02701751094807736,True,-0.01592887091739592,0.0031681828659089195,-0.036346012085235135,True,-0.0017600717510900532,0.007304425337647524,-0.036346012085235135,True,-0.08087648538366299,0.015400862820555528,-0.09504528454996874,True,20,True,False,True,False,True,False,,2,STOP_BEFORE_TARGET,False,True,False,True,False,,5,STOP_BEFORE_TARGET,2024-11-07,2024-11-11,2024-11-13,2024-11-20,2024-12-05
COP|2024-11-07T00:00:00|Long,COP,2024-11-07,Long,-0.007206451752598819,-0.0035587323883337074,-0.01637014183546537,True,-0.015658381782363673,0.003825625438953262,-0.0171708209873237,True,0.004626304590811703,0.005515970718601437,-0.02580072496895125,True,-0.004448398516123553,0.026512417144878286,-0.02580072496895125,True,-0.0816725994711146,0.026512417144878286,-0.08896797032247017,True,20,True,False,True,False,True,False,,4,STOP_BEFORE_TARGET,False,True,False,True,False,,12,STOP_BEFORE_TARGET,2024-11-08,2024-11-12,2024-11-14,2024-11-21,2024-12-06
COP|2024-11-08T00:00:00|Long,COP,2024-11-08,Long,0.004122293475790739,0.010395229860900024,-0.005735275657779759,True,0.0020611467378952586,0.011112156410592267,-0.01872924461402603,True,0.00654183511865325,0.022224244451305664,-0.01872924461402603,True,0.0014338530993842635,0.033963626130530056,-0.01872924461402603,True,-0.07554434046449399,0.033963626130530056,-0.08235500594681211,True,20,True,True,True,True,False,False,9,11,TARGET_BEFORE_STOP,False,True,False,True,False,,11,STOP_BEFORE_TARGET,2024-11-11,2024-11-13,2024-11-15,2024-11-22,2024-12-09
COP|2024-11-11T00:00:00|Long,COP,2024-11-11,Long,-0.01258370034544376,0.006961166961651832,-0.014100863793148344,True,0.0077643471083677085,0.008656792190005813,-0.02275772407234944,True,0.015261035590358407,0.021508219251021643,-0.02275772407234944,True,-0.053101333472416856,0.02971882294480599,-0.058099080400947356,True,-0.08647926976789344,0.02971882294480599,-0.08879968145150907,True,20,True,False,True,False,True,False,,2,STOP_BEFORE_TARGET,False,True,False,True,False,,10,STOP_BEFORE_TARGET,2024-11-12,2024-11-14,2024-11-18,2024-11-25,2024-12-10
COP|2024-11-12T00:00:00|Long,COP,2024-11-12,Long,0.010665223352181119,0.016449744259439125,-0.010303682175861417,True,0.015184384620784419,0.031001449060896302,-0.010303682175861417,True,0.022143862633385192,0.03452638933385255,-0.010303682175861417,True,-0.03488793051017236,0.042841629518419966,-0.05187995205562668,True,-0.07637379785662557,0.042841629518419966,-0.08089295912522898,True,20,True,True,True,True,False,False,3,9,TARGET_BEFORE_STOP,False,True,False,True,False,,9,STOP_BEFORE_TARGET,2024-11-13,2024-11-15,2024-11-19,2024-11-26,2024-12-11
COP|2024-11-13T00:00:00|Long,COP,2024-11-13,Long,0.009837224799885247,0.010731505558193355,-0.004203194616221095,True,0.01734933327401933,0.023609366811424115,-0.004203194616221095,True,0.01439814536527928,0.023609366811424115,-0.004203194616221095,True,-0.03961724483335727,0.0318368589546556,-0.061885156392695095,True,-0.09756748401439885,0.0318368589546556,-0.09792520996357168,True,20,True,True,True,True,False,False,6,8,TARGET_BEFORE_STOP,False,True,False,True,False,,8,STOP_BEFORE_TARGET,2024-11-14,2024-11-18,2024-11-20,2024-11-27,2024-12-12
COP|2024-11-14T00:00:00|Long,COP,2024-11-14,Long,-0.005313482853793627,0.010184214882454468,-0.009210068476722344,True,0.0015054744217315452,0.01363798211565026,-0.009210068476722344,True,-0.009032914094989075,0.021785326995773735,-0.012575258519051502,True,-0.04055970514808471,0.021785326995773735,-0.07102370503998134,True,-0.10538435811940694,0.021785326995773735,-0.10928087617773541,True,20,True,False,True,False,True,False,,7,STOP_BEFORE_TARGET,False,True,False,True,False,,7,STOP_BEFORE_TARGET,2024-11-15,2024-11-19,2024-11-21,2024-11-29,2024-12-13
COP|2024-11-15T00:00:00|Long,COP,2024-11-15,Long,0.012820534591513333,0.01905270117043134,0.003828350305770112,True,0.009882484093371335,0.01905270117043134,-0.0006232166578917786,True,-0.00507478362155378,0.027243568081444236,-0.010594751109682221,True,-0.05502137038788257,0.027243568081444236,-0.06606123743861825,True,-0.11351495757337982,0.027243568081444236,-0.11476139088916337,True,20,True,False,True,False,True,False,,6,STOP_BEFORE_TARGET,False,True,False,True,False,,6,STOP_BEFORE_TARGET,2024-11-18,2024-11-20,2024-11-22,2024-12-02,2024-12-16
COP|2024-11-18T00:00:00|Long,COP,2024-11-18,Long,-0.005889642983106569,0.003340341475758013,-0.013273576897635753,True,-0.01635021602868958,0.014240463139649995,-0.019866403778052488,True,-0.06733477073019323,0.014240463139649995,-0.07225739333987935,True,-0.06777425228279921,0.014240463139649995,-0.07788326691257874,True,-0.13625175552861157,0.014240463139649995,-0.14952533242624733,True,20,True,False,True,False,True,False,,4,STOP_BEFORE_TARGET,False,True,False,True,False,,5,STOP_BEFORE_TARGET,2024-11-19,2024-11-21,2024-11-25,2024-12-03,2024-12-17
COP|2024-11-19T00:00:00|Long,COP,2024-11-19,Long,0.003006490213946833,0.007958277080404974,-0.003979104808684242,True,-0.011848937848463414,0.02024936766896057,-0.017331321495639318,True,-0.055796248677387195,0.02024936766896057,-0.07242015277409353,True,-0.08471124336264912,0.02024936766896057,-0.09072415632750663,True,-0.1524449413921618,0.02024936766896057,-0.1533291794093098,True,20,True,False,True,False,True,False,,4,STOP_BEFORE_TARGET,False,True,False,True,False,,4,STOP_BEFORE_TARGET,2024-11-20,2024-11-22,2024-11-26,2024-12-04,2024-12-18
COP|2024-11-20T00:00:00|Long,COP,2024-11-20,Long,-0.013488484309093884,0.01719119230358679,-0.017014901701342233,True,-0.06462136834465138,0.01719119230358679,-0.06955831233730869,True,-0.05324870756657962,0.01719119230358679,-0.07520055326057906,True,-0.07925590972037866,0.01719119230358679,-0.0934496909600856,True,-0.16089217976637227,0.01719119230358679,-0.16159747669698543,True,20,True,False,True,False,True,False,,2,STOP_BEFORE_TARGET,False,True,False,True,False,,3,STOP_BEFORE_TARGET,2024-11-21,2024-11-25,2024-11-27,2024-12-05,2024-12-19
COP|2024-11-21T00:00:00|Long,COP,2024-11-21,Long,-0.0013404961915413072,0.007417353170122487,-0.006881181965693317,True,-0.04575516243757993,0.007417353170122487,-0.06255585258755447,True,-0.0318141656786749,0.007417353170122487,-0.06255585258755447,True,-0.07756925993578623,0.007417353170122487,-0.08489722851168102,True,-0.14995530429386272,0.007417353170122487,-0.15790882866841427,True,20,True,False,True,False,True,False,,2,STOP_BEFORE_TARGET,False,True,False,True,False,,2,STOP_BEFORE_TARGET,2024-11-22,2024-11-26,2024-11-29,2024-12-06,2024-12-20
COP|2024-11-22T00:00:00|Long,COP,2024-11-22,Long,-0.05055929777072843,0.0018791864382341483,-0.055570461606019306,True,-0.039015665417016177,0.0018791864382341483,-0.06129752549549072,True,-0.05020134774363816,0.0018791864382341483,-0.06129752549549072,True,-0.07686797617799213,0.0018791864382341483,-0.08366889014873458,True,-0.13753917446605846,0.0018791864382341483,-0.15677849345025863,True,20,True,False,True,False,True,False,,1,STOP_BEFORE_TARGET,False,True,False,True,False,,1,STOP_BEFORE_TARGET,2024-11-25,2024-11-27,2024-12-02,2024-12-09,2024-12-23
COP|2024-11-25T00:00:00|Long,COP,2024-11-25,Long,0.006409051036335711,0.011781338529471164,-0.011310056225258824,True,0.021112138510688938,0.0272384489275308,-0.011310056225258824,True,-0.000471210396628563,0.0272384489275308,-0.011310056225258824,True,-0.03524974474605447,0.0272384489275308,-0.03770028329430786,True,-0.08473136656983349,0.0272384489275308,-0.11187554465500504,True,20,True,False,True,False,True,False,,6,STOP_BEFORE_TARGET,False,True,False,True,False,,6,STOP_BEFORE_TARGET,2024-11-26,2024-11-29,2024-12-03,2024-12-10,2024-12-24
COP|2024-11-26T00:00:00|Long,COP,2024-11-26,Long,0.0057126860584852945,0.020696751355471443,0.0030904835627201255,True,-0.005993626118794504,0.020696751355471443,-0.011612641673956925,True,-0.0306236812179137,0.020696751355471443,-0.03699191790034029,True,-0.04298554401913479,0.020696751355471443,-0.04766806889004671,True,-0.09262033623066468,0.020696751355471443,-0.11753133139009309,True,20,True,False,True,False,True,False,,5,STOP_BEFORE_TARGET,False,True,False,True,False,,5,STOP_BEFORE_TARGET,2024-11-27,2024-12-02,2024-12-04,2024-12-11,2024-12-26
COP|2024-11-27T00:00:00|Long,COP,2024-11-27,Long,0.008846232923377384,0.010522369492879324,-0.0002793442542822211,True,-0.012477850316663597,0.012570988749360357,-0.017226915770887086,True,-0.02746994100948419,0.012570988749360357,-0.04246203170230489,True,-0.0603407744144534,0.012570988749360357,-0.060713257101432494,True,-0.09749512319777842,0.012570988749360357,-0.12254396226380238,True,20,True,False,True,False,True,False,,4,STOP_BEFORE_TARGET,False,True,False,True,False,,4,STOP_BEFORE_TARGET,2024-11-29,2024-12-03,2024-12-05,2024-12-12,2024-12-27
COP|2024-11-29T00:00:00|Long,COP,2024-11-29,Long,-0.020306415198509287,0.003692094696324144,-0.025844522032571038,True,-0.04458181987191856,0.003692094696324144,-0.05085835972941488,True,-0.0472585867662324,0.003692094696324144,-0.05482734920431487,True,-0.06756507238559073,0.003692094696324144,-0.07162631317278323,True,-0.1038397672168413,0.003692094696324144,-0.1302380788065638,True,20,True,False,True,False,True,False,,1,STOP_BEFORE_TARGET,False,True,False,True,False,,3,STOP_BEFORE_TARGET,2024-12-02,2024-12-04,2024-12-06,2024-12-13,2024-12-30
COP|2024-12-02T00:00:00|Long,COP,2024-12-02,Long,-0.0008479021896377059,0.014414912267712854,-0.004051255960509481,True,-0.016016553212906737,0.014414912267712854,-0.031185204236175657,True,-0.02807608577986942,0.014414912267712854,-0.03523646019668514,True,-0.06189937566049175,0.014414912267712854,-0.06321838254247314,True,-0.06566799755778863,0.014414912267712854,-0.11221025156588038,True,20,True,False,True,False,True,False,,2,STOP_BEFORE_TARGET,False,True,False,True,False,,2,STOP_BEFORE_TARGET,2024-12-03,2024-12-05,2024-12-09,2024-12-16,2024-12-31
COP|2024-12-03T00:00:00|Long,COP,2024-12-03,Long,-0.02395097446897476,0.0005657478252449888,-0.030363046940522942,True,-0.026685542193464196,0.0005657478252449888,-0.03441774088490612,True,-0.03479493008223056,0.0005657478252449888,-0.0372466238940975,True,-0.07345592353944042,0.0005657478252449888,-0.08769450998713257,True,-0.05629421073933827,0.0005657478252449888,-0.11145685388670334,True,20,True,False,True,False,True,False,,1,STOP_BEFORE_TARGET,False,True,False,True,False,,1,STOP_BEFORE_TARGET,2024-12-04,2024-12-06,2024-12-10,2024-12-17,2025-01-02
COP|2024-12-04T00:00:00|Long,COP,2024-12-04,Long,0.008984641928147186,0.02279973492074272,0.004830451064448349,True,-0.003381301003747006,0.02279973492074272,-0.010723607259621959,True,-0.012752387861870162,0.02279973492074272,-0.0175828389263184,True,-0.07400254568662812,0.02279973492074272,-0.07496862115815106,True,-0.02337943916912355,0.02279973492074272,-0.089653159963067,True,20,True,False,True,False,True,False,,6,STOP_BEFORE_TARGET,False,True,False,True,False,,8,STOP_BEFORE_TARGET,2024-12-05,2024-12-09,2024-12-11,2024-12-18,2025-01-03
COP|2024-12-05T00:00:00|Long,COP,2024-12-05,Long,-0.01168135955748928,0.0014361728550180697,-0.019532754383760564,True,-0.019915758161932473,0.005840679778744695,-0.022405246194799444,True,-0.03379929813078375,0.005840679778744695,-0.03418230190895566,True,-0.08866336575801581,0.005840679778744695,-0.08942937331435963,True,-0.042608238927735576,0.005840679778744695,-0.09775946807546998,True,20,True,False,True,False,True,False,,3,STOP_BEFORE_TARGET,False,True,False,True,False,,5,STOP_BEFORE_TARGET,2024-12-06,2024-12-10,2024-12-12,2024-12-19,2025-01-06
COP|2024-12-06T00:00:00|Long,COP,2024-12-06,Long,-0.0005812590378241334,0.017729139792798554,-0.0032939736801413932,True,-0.009978674356867612,0.017729139792798554,-0.014822696775845356,True,-0.02131374299185207,0.017729139792798554,-0.02557643245908936,True,-0.0784731484046568,0.017729139792798554,-0.087095502397324,True,-0.015016499064397615,0.017729139792798554,-0.087095502397324,True,20,True,False,True,False,True,False,,4,STOP_BEFORE_TARGET,False,True,False,True,False,,6,STOP_BEFORE_TARGET,2024-12-09,2024-12-11,2024-12-13,2024-12-20,2025-01-07
COP|2024-12-09T00:00:00|Long,COP,2024-12-09,Long,-0.007754973084124206,0.009499764373302577,-0.010275350430000274,True,-0.021810778597581848,0.009499764373302577,-0.02219853464747845,True,-0.03480034741995419,0.009499764373302577,-0.03615745661614034,True,-0.06572320829784639,0.009499764373302577,-0.08656455979223432,True,-0.014928275114951206,0.009499764373302577,-0.08656455979223432,True,20,True,False,True,False,True,False,,3,STOP_BEFORE_TARGET,False,True,False,True,False,,5,STOP_BEFORE_TARGET,2024-12-10,2024-12-12,2024-12-16,2024-12-23,2025-01-08
COP|2024-12-10T00:00:00|Long,COP,2024-12-10,Long,-0.001660787103669903,0.0035170047694896844,-0.006545507668525352,True,-0.013091089871971384,0.0035170047694896844,-0.0173895932852981,True,-0.040054693724830503,0.0035170047694896844,-0.05480657070047168,True,-0.051289565930982106,0.0035170047694896844,-0.07942552955197801,True,-0.004298577948247395,0.020320455438179508,-0.07942552955197801,True,20,True,False,True,False,True,False,,4,STOP_BEFORE_TARGET,False,True,False,True,False,,5,STOP_BEFORE_TARGET,2024-12-11,2024-12-13,2024-12-17,2024-12-24,2025-01-10
COP|2024-12-11T00:00:00|Long,COP,2024-12-11,Long,-0.012525675200280029,0.00420785101186727,-0.012917111882652876,True,-0.02563854275357602,0.00420785101186727,-0.027008533812424518,True,-0.062041332966210616,0.00420785101186727,-0.06301988734268615,True,-0.05186420320125473,0.00420785101186727,-0.07789410797829033,True,0.019962822847538808,0.02847632804768141,-0.07789410797829033,True,20,True,False,True,False,True,False,,3,STOP_BEFORE_TARGET,False,True,False,True,False,,4,STOP_BEFORE_TARGET,2024-12-12,2024-12-16,2024-12-18,2024-12-26,2025-01-13
COP|2024-12-12T00:00:00|Long,COP,2024-12-12,Long,0.0010900106725328929,0.013378242246838923,-0.003270258835384454,True,-0.026261038843604312,0.013378242246838923,-0.041224888624906586,True,-0.05678330342866833,0.013378242246838923,-0.05757610719590012,True,-0.039540237323985594,0.013378242246838923,-0.06619760244527717,True,0.03934192297328476,0.0415220955302078,-0.06619760244527717,True,20,True,True,True,False,True,False,18,3,STOP_BEFORE_TARGET,False,True,False,True,False,,3,STOP_BEFORE_TARGET,2024-12-13,2024-12-17,2024-12-19,2024-12-27,2025-01-14
COP|2024-12-13T00:00:00|Long,COP,2024-12-13,Long,-0.014353563615384535,0.004652556289066023,-0.015739421804858655,True,-0.05117796813251185,0.004652556289066023,-0.05216785605019236,True,-0.058404217902825684,0.004652556289066023,-0.06721434876031396,True,-0.0389031918013385,0.004652556289066023,-0.06721434876031396,True,0.044149741259898345,0.04801035700537715,-0.06721434876031396,True,20,True,True,True,False,True,False,17,2,STOP_BEFORE_TARGET,False,True,False,True,False,,2,STOP_BEFORE_TARGET,2024-12-16,2024-12-18,2024-12-20,2024-12-30,2025-01-15
COP|2024-12-16T00:00:00|Long,COP,2024-12-16,Long,-0.013156548785867361,-0.0031133630565820525,-0.02832178069164748,True,-0.044089579221688324,-0.0031133630565820525,-0.04489305246965347,True,-0.03203778699591653,-0.0031133630565820525,-0.053630575015138904,True,-0.0040172896163993554,-0.0027116264325994788,-0.053630575015138904,True,0.06066085099969443,0.0662850104885977,-0.053630575015138904,True,20,True,True,True,False,True,False,16,1,STOP_BEFORE_TARGET,True,True,False,True,False,17,2,STOP_BEFORE_TARGET,2024-12-17,2024-12-19,2024-12-23,2024-12-31,2025-01-16
COP|2024-12-17T00:00:00|Long,COP,2024-12-17,Long,-0.02452680245994776,0.0025442702479629986,-0.02554449503013978,True,-0.031956028102819056,0.0025442702479629986,-0.04101362397397035,True,-0.011703658669623418,0.0025442702479629986,-0.04101362397397035,True,0.018522284299372638,0.030734750431608893,-0.04101362397397035,True,0.0772440074585754,0.0805006702701696,-0.04101362397397035,True,20,True,True,True,False,True,False,10,1,STOP_BEFORE_TARGET,True,True,False,True,False,15,2,STOP_BEFORE_TARGET,2024-12-18,2024-12-20,2024-12-24,2025-01-02,2025-01-17
COP|2024-12-18T00:00:00|Long,COP,2024-12-18,Long,-0.006990069688172285,0.011893577546130407,-0.00782472625915065,True,0.005529460487575966,0.011893577546130407,-0.016901357777536985,True,0.010850296631023326,0.013980218973576264,-0.016901357777536985,True,0.05466873184337406,0.05790300615660704,-0.016901357777536985,True,0.08794992633674203,0.10766823014202287,-0.016901357777536985,True,20,True,True,False,True,False,False,8,,TARGET_BEFORE_STOP,True,False,True,False,False,9,,TARGET_BEFORE_STOP,2024-12-19,2024-12-23,2024-12-26,2025-01-03,2025-01-21
COP|2024-12-19T00:00:00|Long,COP,2024-12-19,Long,-0.0006303588821325867,0.012607658587882264,-0.009981056368945307,True,0.020277372336495292,0.02111790428436433,-0.009981056368945307,True,0.01828112899969092,0.029417976915109945,-0.009981056368945307,True,0.05053580104193567,0.07322968268917007,-0.009981056368945307,True,0.08279047308418064,0.11546541110036013,-0.009981056368945307,True,20,True,True,False,True,False,False,7,,TARGET_BEFORE_STOP,True,False,True,False,False,8,,TARGET_BEFORE_STOP,2024-12-20,2024-12-24,2024-12-27,2025-01-06,2025-01-22
COP|2024-12-20T00:00:00|Long,COP,2024-12-20,Long,0.013246367435383766,0.018502885366024513,-0.0056770489900637156,True,0.018608038182904796,0.02176198102452842,-0.0056770489900637156,True,0.020710613271921696,0.03006728897991251,-0.0056770489900637156,True,0.06886033676653414,0.07748102296446091,-0.0056770489900637156,True,0.09325057675638293,0.1161689981423002,-0.0056770489900637156,True,20,True,True,False,True,False,False,4,,TARGET_BEFORE_STOP,True,False,True,False,False,7,,TARGET_BEFORE_STOP,2024-12-23,2024-12-26,2024-12-30,2025-01-07,2025-01-23
COP|2024-12-23T00:00:00|Long,COP,2024-12-23,Long,0.007574220561701761,0.00840428731138565,-0.005499053687491928,True,0.00560283182108301,0.016601018355589137,-0.005499053687491928,True,0.028947924829167748,0.030296803087284774,-0.005499053687491928,True,0.05436818471146232,0.06339490334582765,-0.005499053687491928,True,0.05654705055974096,0.10157710307654266,-0.005499053687491928,True,20,True,True,False,True,False,False,5,,TARGET_BEFORE_STOP,True,False,True,False,False,6,,TARGET_BEFORE_STOP,2024-12-24,2024-12-27,2024-12-31,2025-01-08,2025-01-24
COP|2024-12-24T00:00:00|Long,COP,2024-12-24,Long,-0.0022654847010645796,0.00041191345150792813,-0.008958940800267046,True,-0.00020599600798276718,0.008958940800267046,-0.009988685146807952,True,0.03058388633545661,0.04294097562286292,-0.009988685146807952,True,0.04953143371807389,0.07548143121186768,-0.009988685146807952,True,0.05746063017180014,0.09329623624395267,-0.009988685146807952,True,20,True,True,False,True,False,False,5,,TARGET_BEFORE_STOP,True,False,True,False,False,7,,TARGET_BEFORE_STOP,2024-12-26,2024-12-30,2025-01-02,2025-01-10,2025-01-27
COP|2024-12-26T00:00:00|Long,COP,2024-12-26,Long,0.00030961687982089536,0.011249912004867024,-0.004334793803189796,True,0.02353182778057139,0.024873605916926556,-0.007740736966916795,True,0.04334809551759489,0.04654765367572411,-0.007740736966916795,True,0.07575605339584035,0.08473525788204106,-0.007740736966916795,True,0.04634118992727787,0.09577870613846184,-0.007740736966916795,True,20,True,True,False,True,False,False,4,,TARGET_BEFORE_STOP,True,False,True,False,False,6,,TARGET_BEFORE_STOP,2024-12-27,2024-12-31,2025-01-03,2025-01-13,2025-01-28
COP|2024-12-27T00:00:00|Long,COP,2024-12-27,Long,0.00175400507797141,0.0070160990303616,-0.008047862092787406,True,0.03260424805829065,0.04498556224435202,-0.008047862092787406,True,0.03167560619917453,0.053962066196255654,-0.008047862092787406,True,0.0821295835210114,0.08439950948943364,-0.008047862092787406,True,0.047874530306534435,0.09543953956618867,-0.008047862092787406,True,20,True,True,False,True,False,False,3,,TARGET_BEFORE_STOP,True,False,True,False,False,5,,TARGET_BEFORE_STOP,2024-12-30,2025-01-02,2025-01-06,2025-01-14,2025-01-29
COP|2024-12-30T00:00:00|Long,COP,2024-12-30,Long,0.021423441235036256,0.022762455425129113,0.00010301922554067922,True,0.04119888918400294,0.044391856530601626,0.00010301922554067922,True,0.04717274697503804,0.055618516114532834,0.00010301922554067922,True,0.08641474235763935,0.09043162776662816,0.00010301922554067922,True,0.045009814722555275,0.09352149730704129,0.00010301922554067922,True,20,True,True,False,True,False,False,2,,TARGET_BEFORE_STOP,True,False,True,False,False,4,,TARGET_BEFORE_STOP,2024-12-31,2025-01-03,2025-01-07,2025-01-15,2025-01-30
COP|2024-12-31T00:00:00|Long,COP,2024-12-31,Long,0.00917619924283053,0.021276602292126467,0.0035292778116708945,True,0.008268626701265713,0.03004944450898228,0.0035292778116708945,True,0.024705098546668358,0.03347786383103779,0.0035292778116708945,True,0.06493901946468839,0.07058586396336164,0.0035292778116708945,True,-0.0034284193220555093,0.07058586396336164,-0.006151060014263243,True,20,True,True,False,True,False,False,3,,TARGET_BEFORE_STOP,True,False,True,False,False,6,,TARGET_BEFORE_STOP,2025-01-02,2025-01-06,2025-01-08,2025-01-16,2025-01-31
COP|2025-01-02T00:00:00|Long,COP,2025-01-02,Long,0.010091871386462614,0.01318944515061582,0.0020983121565800733,True,0.015887253285373548,0.024080695329953716,-0.004396507127857774,True,0.018385254838391374,0.04356515318326726,-0.004396507127857774,True,0.05765384230114967,0.06085128123969419,-0.004396507127857774,True,-0.015987194692722473,0.06085128123969419,-0.03037570803265144,True,20,True,True,True,True,False,False,5,20,TARGET_BEFORE_STOP,True,True,True,False,False,6,20,TARGET_BEFORE_STOP,2025-01-03,2025-01-07,2025-01-10,2025-01-17,2025-02-03
COP|2025-01-03T00:00:00|Long,COP,2025-01-03,Long,-0.010881378118210439,0.010485757507055826,-0.014343624500644081,True,0.005242916489183402,0.013849061001045326,-0.014343624500644081,True,0.031061500967391353,0.0396676454792535,-0.014343624500644081,True,0.031556064466989886,0.05025227040344249,-0.014343624500644081,True,-0.005044955240984472,0.05025227040344249,-0.040063266090408,True,20,True,True,True,True,False,False,4,18,TARGET_BEFORE_STOP,True,True,True,False,False,8,19,TARGET_BEFORE_STOP,2025-01-06,2025-01-08,2025-01-13,2025-01-21,2025-02-04
COP|2025-01-06T00:00:00|Long,COP,2025-01-06,Long,0.01680168357903833,0.02500250078418942,-0.0008000220358954646,True,0.01930193365745736,0.044504497176803604,-0.0008000220358954646,True,0.04890488542974847,0.05110511770700943,-0.0008000220358954646,True,0.030703067910921478,0.06180618499057933,-0.0008000220358954646,True,0.0022002322772609606,0.06180618499057933,-0.029502920404712696,True,20,True,True,True,True,False,False,3,18,TARGET_BEFORE_STOP,True,False,True,False,False,4,,TARGET_BEFORE_STOP,2025-01-07,2025-01-10,2025-01-14,2025-01-22,2025-02-05
COP|2025-01-07T00:00:00|Long,COP,2025-01-07,Long,-0.0004917421389170062,0.007671867742151006,-0.009048865796343897,True,0.025179553792597842,0.03373660240925891,-0.009048865796343897,True,0.03747423287701035,0.041310166748085964,-0.009048865796343897,True,0.02281892137903907,0.04426084470388547,-0.009048865796343897,True,-0.017015793829998183,0.04426084470388547,-0.04553946431398859,True,20,True,True,True,True,False,False,3,16,TARGET_BEFORE_STOP,False,True,False,True,False,,16,STOP_BEFORE_TARGET,2025-01-08,2025-01-13,2025-01-15,2025-01-23,2025-02-06
COP|2025-01-08T00:00:00|Long,COP,2025-01-08,Long,0.002952129642344259,0.027750439073069844,-0.004231453390609596,True,0.03208024423071154,0.03424518434837487,-0.004231453390609596,True,0.03926390234135013,0.04477460440254033,-0.004231453390609596,True,0.0020665132729462687,0.04477460440254033,-0.004231453390609596,True,-0.03208031930839639,0.04477460440254033,-0.04506988493669106,True,20,True,True,True,True,False,False,2,15,TARGET_BEFORE_STOP,False,True,False,True,False,,15,STOP_BEFORE_TARGET,2025-01-10,2025-01-14,2025-01-16,2025-01-24,2025-02-07
COP|2025-01-10T00:00:00|Long,COP,2025-01-10,Long,0.022664886474577317,0.031200945470039487,0.000981146741734884,True,0.03492940788800958,0.0387559325804645,0.000981146741734884,True,0.03855965831809871,0.04169937280566938,0.000981146741734884,True,0.0075549871104252375,0.04169937280566938,-0.005102007971040656,True,-0.023940294896464986,0.04169937280566938,-0.047880664649628035,True,20,True,True,True,True,False,False,1,14,TARGET_BEFORE_STOP,False,True,False,True,False,,14,STOP_BEFORE_TARGET,2025-01-13,2025-01-15,2025-01-17,2025-01-27,2025-02-10
COP|2025-01-13T00:00:00|Long,COP,2025-01-13,Long,0.0062361496263074745,0.0069077383490336874,-0.01036171732007185,True,0.013239923332748926,0.01861263311455774,-0.01036171732007185,True,0.0004796644032722952,0.01861263311455774,-0.01036171732007185,True,-0.027343432905358678,0.01861263311455774,-0.03348369356962033,True,-0.02417734041350106,0.01861263311455774,-0.06898208010973794,True,20,True,False,True,False,True,False,,8,STOP_BEFORE_TARGET,False,True,False,True,False,,10,STOP_BEFORE_TARGET,2025-01-14,2025-01-16,2025-01-21,2025-01-28,2025-02-11
COP|2025-01-14T00:00:00|Long,COP,2025-01-14,Long,0.005720882143673611,0.009439411890638683,-0.004195221429578955,True,0.00924867702236254,0.01229978021843725,-0.004195221429578955,True,-0.017353163067182487,0.01229978021843725,-0.018688016168962873,True,-0.03165522293829026,0.01229978021843725,-0.0431922091716993,True,-0.061784857906524104,0.01229978021843725,-0.07475206467585149,True,20,True,False,True,False,True,False,,7,STOP_BEFORE_TARGET,False,True,False,True,False,,7,STOP_BEFORE_TARGET,2025-01-15,2025-01-17,2025-01-22,2025-01-29,2025-02-12
COP|2025-01-15T00:00:00|Long,COP,2025-01-15,Long,0.0012324350519601346,0.006541475066860203,-0.0036974498163715452,True,-0.011376607313672737,0.006541475066860203,-0.013651899844309145,True,-0.014125952272887599,0.006541475066860203,-0.02427005220435463,True,-0.03811152962194786,0.006541475066860203,-0.04863485703022863,True,-0.08134244935526624,0.006541475066860203,-0.08598785936830378,True,20,True,False,True,False,True,False,,4,STOP_BEFORE_TARGET,False,True,False,True,False,,6,STOP_BEFORE_TARGET,2025-01-16,2025-01-21,2025-01-23,2025-01-30,2025-02-13
COP|2025-01-16T00:00:00|Long,COP,2025-01-16,Long,0.002272491832047363,0.005113160803015937,-0.0041662952264306385,True,-0.02414546952959551,0.005113160803015937,-0.025471095785057574,True,-0.0357920533798991,0.005113160803015937,-0.0367389189564844,True,-0.0641984541247349,0.005113160803015937,-0.06675507064684927,True,-0.08853326787316229,0.005113160803015937,-0.08872268433320707,True,20,True,False,True,False,True,False,,3,STOP_BEFORE_TARGET,False,True,False,True,False,,5,STOP_BEFORE_TARGET,2025-01-17,2025-01-22,2025-01-24,2025-01-31,2025-02-14
COP|2025-01-17T00:00:00|Long,COP,2025-01-17,Long,-0.014832307203179296,-0.001133633622270036,-0.017099646525136847,True,-0.017572041919361125,-0.001133633622270036,-0.027680683489968327,True,-0.02985352931759766,-0.001133633622270036,-0.042040595298923455,True,-0.06962678529456345,-0.001133633622270036,-0.08323096538114427,True,-0.07935759704269241,-0.001133633622270036,-0.0997637950951461,True,20,True,False,True,False,True,False,,2,STOP_BEFORE_TARGET,False,True,False,True,False,,4,STOP_BEFORE_TARGET,2025-01-21,2025-01-23,2025-01-27,2025-02-03,2025-02-18
COP|2025-01-21T00:00:00|Long,COP,2025-01-21,Long,-0.011699283035907948,0.0068085835518212345,-0.013041816515839577,True,-0.02349440906139133,0.011507523894169536,-0.02445335109525859,True,-0.027809757957675152,0.011507523894169536,-0.033947074769530516,True,-0.03548136739120067,0.011507523894169536,-0.06942844216073119,True,-0.04516685020721112,0.011507523894169536,-0.08621018382246426,True,20,True,False,True,False,True,False,,3,STOP_BEFORE_TARGET,False,True,False,True,False,,5,STOP_BEFORE_TARGET,2025-01-22,2025-01-24,2025-01-28,2025-02-04,2025-02-19
COP|2025-01-22T00:00:00|Long,COP,2025-01-22,Long,0.009023872765444585,0.02348152392458558,0.005530755951164812,True,-0.003590094371748287,0.02348152392458558,-0.016107083951472756,True,-0.014554628716609397,0.02348152392458558,-0.026295353664567256,True,-0.027653779755823837,0.02348152392458558,-0.058412544010044254,True,-0.010285247270562903,0.02348152392458558,-0.07539294417942177,True,20,True,False,True,False,True,False,,4,STOP_BEFORE_TARGET,False,True,False,True,False,,7,STOP_BEFORE_TARGET,2025-01-23,2025-01-27,2025-01-29,2025-02-05,2025-02-20
COP|2025-01-23T00:00:00|Long,COP,2025-01-23,Long,-0.020771190278746965,0.007308415730771456,-0.021732806551228223,True,-0.025098573554840797,0.007308415730771456,-0.03125300573866352,True,-0.024329251190208345,0.007308415730771456,-0.035003360557973706,True,-0.03894600928513259,0.007308415730771456,-0.0668333213868022,True,-0.05817862820123321,0.007308415730771456,-0.08366186293839029,True,20,True,False,True,False,True,False,,1,STOP_BEFORE_TARGET,False,True,False,True,False,,3,STOP_BEFORE_TARGET,2025-01-24,2025-01-28,2025-01-30,2025-02-06,2025-02-21
COP|2025-01-24T00:00:00|Long,COP,2025-01-24,Long,0.00844545413814668,0.018462115482793084,-0.00422272706907334,True,-0.0026515198625735037,0.018462115482793084,-0.014534060005115701,True,-0.029460865619714616,0.018462115482793084,-0.03211238548228812,True,-0.03407641322112687,0.018462115482793084,-0.047039191096887145,True,-0.029559089483513268,0.018462115482793084,-0.06422469604172065,True,20,True,False,True,False,True,False,,5,STOP_BEFORE_TARGET,False,True,False,True,False,,5,STOP_BEFORE_TARGET,2025-01-27,2025-01-29,2025-01-31,2025-02-07,2025-02-24
COP|2025-01-27T00:00:00|Long,COP,2025-01-27,Long,-0.012756891195282227,0.006232343698828968,-0.018989234894111195,True,-0.011977829659079231,0.006232343698828968,-0.022787067013854023,True,-0.040997166076364944,0.006232343698828968,-0.055019976546428984,True,-0.03125911976001994,0.006232343698828968,-0.055019976546428984,True,-0.05463044577832754,0.006232343698828968,-0.07206155760003286,True,20,True,False,True,False,True,False,,2,STOP_BEFORE_TARGET,False,True,False,True,False,,4,STOP_BEFORE_TARGET,2025-01-28,2025-01-30,2025-02-03,2025-02-10,2025-02-25
COP|2025-01-28T00:00:00|Long,COP,2025-01-28,Long,0.0017755011841817936,0.005129259090046023,-0.01015978306570875,True,-0.02515284564458109,0.008778846061947787,-0.02781613504856495,True,-0.00789105784214561,0.008778846061947787,-0.04280919762743729,True,0.003255098046903493,0.012132603967812017,-0.04280919762743729,True,-0.05178536340730666,0.012132603967812017,-0.060662794072792625,True,20,True,False,True,False,True,False,,3,STOP_BEFORE_TARGET,False,True,False,True,False,,4,STOP_BEFORE_TARGET,2025-01-29,2025-01-31,2025-02-04,2025-02-11,2025-02-26
COP|2025-01-29T00:00:00|Long,COP,2025-01-29,Long,-0.0009846246211595577,0.006990932468889044,-0.006104717724415121,True,-0.030326843990747365,0.006990932468889044,-0.044505678925983116,True,-0.013292620190761939,0.006990932468889044,-0.044505678925983116,True,-0.03111457373649229,0.010338746327283266,-0.044505678925983116,True,-0.04125635006631778,0.010338746327283266,-0.06232763247171358,True,20,True,False,True,False,True,False,,2,STOP_BEFORE_TARGET,False,True,False,True,False,,3,STOP_BEFORE_TARGET,2025-01-30,2025-02-03,2025-02-05,2025-02-12,2025-02-27
COP|2025-01-30T00:00:00|Long,COP,2025-01-30,Long,-0.025921518599939186,-0.0011827591924391534,-0.028582707983906497,True,-0.008673341822971081,-0.0011827591924391534,-0.0435639484410536,True,-0.014981240457147105,-0.0011827591924391534,-0.0435639484410536,True,-0.04494379656752434,0.011334531206938392,-0.049773265010172096,True,-0.022767569282851174,0.011334531206938392,-0.0614034672161996,True,20,True,False,True,False,True,False,,1,STOP_BEFORE_TARGET,False,True,False,True,False,,2,STOP_BEFORE_TARGET,2025-01-31,2025-02-04,2025-02-06,2025-02-13,2025-02-28
COP|2025-01-31T00:00:00|Long,COP,2025-01-31,Long,-0.0035414192819646084,0.0011130285167817444,-0.01811191826736247,True,0.01396334339623917,0.020742642764164376,-0.01811191826736247,True,-0.004755653263131321,0.022968699797728087,-0.01811191826736247,True,-0.02600424615206942,0.038247482639518715,-0.026206657080839135,True,-0.06273403281156809,0.038247482639518715,-0.07356070158623162,True,20,True,True,True,True,False,False,7,9,TARGET_BEFORE_STOP,False,True,False,True,False,,11,STOP_BEFORE_TARGET,2025-02-03,2025-02-05,2025-02-07,2025-02-14,2025-03-03
COP|2025-02-03T00:00:00|Long,COP,2025-02-03,Long,0.021324110505051452,0.02355807895756823,-0.00964667491118476,True,0.014825335445826537,0.026604336188855715,-0.00964667491118476,True,0.010154345713977886,0.026604336188855715,-0.00964667491118476,True,-0.010459041161465232,0.04193741990898503,-0.032392387618472296,True,-0.07961011068277113,0.04193741990898503,-0.10164502228894068,True,20,True,True,True,True,False,False,6,8,TARGET_BEFORE_STOP,False,True,False,True,False,,10,STOP_BEFORE_TARGET,2025-02-04,2025-02-06,2025-02-10,2025-02-18,2025-03-04
COP|2025-02-04T00:00:00|Long,COP,2025-02-04,Long,-0.003678690990715272,0.0029826547713449614,-0.011731957483534727,True,-0.022071994236310344,0.00516998044939232,-0.022966843765507394,True,0.0112348104279818,0.020182926449998417,-0.02744086384952027,True,-0.010041778861040185,0.020182926449998417,-0.05259495743908427,True,-0.11632535657823251,0.020182926449998417,-0.13690598550187505,True,20,True,False,True,False,True,False,,3,STOP_BEFORE_TARGET,False,True,False,True,False,,7,STOP_BEFORE_TARGET,2025-02-05,2025-02-07,2025-02-11,2025-02-19,2025-03-05
COP|2025-02-05T00:00:00|Long,COP,2025-02-05,Long,-0.002694308407675039,0.008881343157165489,-0.016066267089718256,True,-0.007284659557013962,0.008881343157165489,-0.023849909305295736,True,-0.018062045455843223,0.023949721063821316,-0.023849909305295736,True,0.01786249807285656,0.023949721063821316,-0.049096878693691726,True,-0.11585670807725323,0.023949721063821316,-0.13371920615010968,True,20,True,False,True,False,True,False,,3,STOP_BEFORE_TARGET,False,True,False,True,False,,6,STOP_BEFORE_TARGET,2025-02-06,2025-02-10,2025-02-12,2025-02-20,2025-03-06
COP|2025-02-06T00:00:00|Long,COP,2025-02-06,Long,-0.01580950362674871,0.005103006747823047,-0.01671008362561277,True,0.01771059235368866,0.026716010643592858,-0.021212754600691164,True,-0.030418259368261147,0.026716010643592858,-0.0353211796384183,True,-0.02001200671545489,0.026716010643592858,-0.046527930881382074,True,-0.09315594317147069,0.026716010643592858,-0.13137887294439965,True,20,True,False,True,False,True,False,,2,STOP_BEFORE_TARGET,False,True,False,True,False,,5,STOP_BEFORE_TARGET,2025-02-07,2025-02-11,2025-02-13,2025-02-21,2025-03-07
COP|2025-02-07T00:00:00|Long,COP,2025-02-07,Long,0.01138677043139591,0.012708417977260966,-0.005490045874100069,True,0.0004066786831957714,0.04320862112268764,-0.005490045874100069,True,-0.02135012668859304,0.04320862112268764,-0.021553504813204727,True,0.004676688507708748,0.04320862112268764,-0.031211871449511985,True,-0.055510360416752946,0.04320862112268764,-0.11742581313630318,True,20,True,True,True,True,False,False,2,5,TARGET_BEFORE_STOP,False,True,False,True,False,,6,STOP_BEFORE_TARGET,2025-02-10,2025-02-12,2025-02-14,2025-02-24,2025-03-10
COP|2025-02-10T00:00:00|Long,COP,2025-02-10,Long,0.02241652243956871,0.03146358210491362,-0.00281470043468679,True,-0.02593487880974088,0.03146358210491362,-0.03086047035813899,True,-0.020406175514568026,0.03146358210491362,-0.04211904201865124,True,-0.02412546687667183,0.03146358210491362,-0.04211904201865124,True,-0.040912741832356825,0.03146358210491362,-0.12736233786482642,True,20,True,True,True,True,False,False,1,3,TARGET_BEFORE_STOP,False,True,False,True,False,,3,STOP_BEFORE_TARGET,2025-02-11,2025-02-13,2025-02-18,2025-02-25,2025-03-11
COP|2025-02-11T00:00:00|Long,COP,2025-02-11,Long,-0.0325434823359374,0.0,-0.033231710587380836,True,-0.053583688892926196,0.0,-0.053780368399769185,True,-0.021040206556988683,0.0,-0.06312061967096616,True,-0.054861880653645057,0.0037360855062280596,-0.06371050816898804,True,-0.0389342161057713,0.0037360855062280596,-0.14649495290530967,True,20,True,False,True,False,True,False,,1,STOP_BEFORE_TARGET,False,True,False,True,False,,1,STOP_BEFORE_TARGET,2025-02-12,2025-02-14,2025-02-19,2025-02-26,2025-03-12
COP|2025-02-12T00:00:00|Long,COP,2025-02-12,Long,-0.015243902202638715,-0.003963408369926369,-0.020223555212508515,True,-0.009654517915702154,0.0006097312770667607,-0.03160569676956404,True,0.03658534977943373,0.03749994669503387,-0.03160569676956404,True,-0.010467467106959227,0.03749994669503387,-0.0322154280466308,True,-0.022459339941081513,0.03749994669503387,-0.11778459133699326,True,20,True,True,True,False,True,False,5,1,STOP_BEFORE_TARGET,False,True,False,True,False,,3,STOP_BEFORE_TARGET,2025-02-13,2025-02-18,2025-02-20,2025-02-27,2025-03-13
COP|2025-02-13T00:00:00|Long,COP,2025-02-13,Long,-0.006604740759240446,0.016099045758808606,-0.0068111831962469616,True,0.0275541602363365,0.03498451327416219,-0.016615073116604484,True,0.01073272341744591,0.053560317134005775,-0.016615073116604484,True,0.02321981387584504,0.053560317134005775,-0.0172342429581831,True,0.02115578317938205,0.053560317134005775,-0.10412800627862151,True,20,True,True,True,True,False,False,3,11,TARGET_BEFORE_STOP,True,True,True,False,False,4,11,TARGET_BEFORE_STOP,2025-02-14,2025-02-19,2025-02-21,2025-02-28,2025-03-14
COP|2025-02-14T00:00:00|Long,COP,2025-02-14,Long,0.012362297793507171,0.014232236513444407,-0.010076887587539662,True,0.059630144778576755,0.06056507450944526,-0.010076887587539662,True,0.026594613565152025,0.06056507450944526,-0.010076887587539662,True,-0.037710417642368155,0.06056507450944526,-0.04882614246138406,True,0.032204429724963735,0.06056507450944526,-0.09817166390940602,True,20,True,True,True,True,False,False,2,10,TARGET_BEFORE_STOP,True,True,True,False,False,3,10,TARGET_BEFORE_STOP,2025-02-18,2025-02-20,2025-02-24,2025-03-03,2025-03-17
COP|2025-02-18T00:00:00|Long,COP,2025-02-18,Long,0.02175477488940314,0.029143191957138326,0.007285856707048399,True,0.005028276126312292,0.047614156336124314,0.0034890095221422612,True,-0.003796768894554381,0.047614156336124314,-0.005849150463565045,True,-0.06988196790001633,0.047614156336124314,-0.09214977946390834,True,0.03160597154959932,0.047614156336124314,-0.10918419418011449,True,20,True,True,True,True,False,False,2,6,TARGET_BEFORE_STOP,False,True,False,True,False,,9,STOP_BEFORE_TARGET,2025-02-19,2025-02-21,2025-02-25,2025-03-04,2025-03-18
COP|2025-02-19T00:00:00|Long,COP,2025-02-19,Long,0.02440494438710039,0.025308794323491313,-0.0037160063042690483,True,-0.007532389296963982,0.025308794323491313,-0.017876858338379598,True,-0.034548583428237856,0.025308794323491313,-0.043587389285853595,True,-0.10736167996555623,0.025308794323491313,-0.12815107136023973,True,0.017676028338101446,0.03103348374767334,-0.12815107136023973,True,20,True,True,True,False,True,False,20,4,STOP_BEFORE_TARGET,False,True,False,True,False,,5,STOP_BEFORE_TARGET,2025-02-20,2025-02-24,2025-02-26,2025-03-05,2025-03-19
COP|2025-02-20T00:00:00|Long,COP,2025-02-20,Long,-0.03980389763327208,-0.0042156892664292345,-0.04127450082816331,True,-0.04823527616613055,-0.0042156892664292345,-0.05019610535864738,True,-0.04539212993547026,-0.0042156892664292345,-0.06637251610849415,True,-0.13137256397920494,-0.0042156892664292345,-0.14892159256280635,True,0.003039191750919157,0.006470624138327219,-0.14892159256280635,True,20,True,False,True,False,True,False,,1,STOP_BEFORE_TARGET,False,True,False,True,False,,1,STOP_BEFORE_TARGET,2025-02-21,2025-02-25,2025-02-27,2025-03-06,2025-03-20
COP|2025-02-21T00:00:00|Long,COP,2025-02-21,Long,0.008985064646536367,0.014396528461987579,-0.0005105477895789301,True,-0.018480754981307412,0.018582802220298733,-0.027669992004481947,True,0.012354493100983355,0.018582802220298733,-0.027669992004481947,True,-0.07463758429413536,0.018582802220298733,-0.11364105171909866,True,0.04063708013403544,0.05125583538829992,-0.11364105171909866,True,20,True,True,True,False,True,False,17,3,STOP_BEFORE_TARGET,True,True,False,True,False,20,6,STOP_BEFORE_TARGET,2025-02-24,2025-02-26,2025-02-28,2025-03-07,2025-03-21
COP|2025-02-24T00:00:00|Long,COP,2025-02-24,Long,-0.01760775014311866,0.009512269219886349,-0.01963167827764989,True,-0.014673112251771592,0.009512269219886349,-0.03632864145898851,True,-0.06263916677314518,0.009512269219886349,-0.07346693137675364,True,-0.05990688309276915,0.009512269219886349,-0.12153412440113076,True,0.034102436318450335,0.04189434732274422,-0.12153412440113076,True,20,True,True,True,False,True,False,17,2,STOP_BEFORE_TARGET,False,True,False,True,False,,2,STOP_BEFORE_TARGET,2025-02-25,2025-02-27,2025-03-03,2025-03-10,2025-03-24
COP|2025-02-25T00:00:00|Long,COP,2025-02-25,Long,-0.009785790685191587,0.003296247309318101,-0.01905643221289377,True,0.021322616973437736,0.021734657710694494,-0.01905643221289377,True,-0.0663370655123553,0.027606100686315527,-0.08868974503456728,True,-0.01720228818960634,0.027606100686315527,-0.10578908198141057,True,0.05634529375290298,0.06458587273183092,-0.10578908198141057,True,20,True,True,True,False,True,False,14,4,STOP_BEFORE_TARGET,True,True,False,True,False,16,4,STOP_BEFORE_TARGET,2025-02-26,2025-02-28,2025-03-04,2025-03-11,2025-03-25
COP|2025-02-26T00:00:00|Long,COP,2025-02-26,Long,0.012899256512981738,0.02975138554110246,0.0018724675992787265,True,-0.03640903047956301,0.03776141669122368,-0.047539788051556675,True,-0.07541870599338041,0.03776141669122368,-0.09695204370239219,True,0.01685220839350876,0.03776141669122368,-0.09695204370239219,True,0.07354623839410168,0.09091860754061654,-0.09695204370239219,True,20,True,True,True,True,False,False,2,3,TARGET_BEFORE_STOP,True,True,False,True,False,15,3,STOP_BEFORE_TARGET,2025-02-27,2025-03-03,2025-03-05,2025-03-12,2025-03-26
COP|2025-02-27T00:00:00|Long,COP,2025-02-27,Long,0.01828077158351893,0.018691585123613574,-0.01314579821901396,True,-0.06911783061616306,0.02454554094928718,-0.0914039362722655,True,-0.09006885103296136,0.02454554094928718,-0.1084523455901717,True,-0.01211872519144197,0.02454554094928718,-0.1084523455901717,True,0.055972032397149096,0.0770257757876387,-0.1084523455901717,True,20,True,True,True,False,True,False,12,2,STOP_BEFORE_TARGET,True,True,False,True,False,14,2,STOP_BEFORE_TARGET,2025-02-28,2025-03-04,2025-03-06,2025-03-13,2025-03-27
COP|2025-02-28T00:00:00|Long,COP,2025-02-28,Long,-0.06575899316309308,0.006152300564436608,-0.07655071962156357,True,-0.10358047518315361,0.006152300564436608,-0.12445793018030682,True,-0.08593045024045864,0.006152300564436608,-0.12445793018030682,True,-0.002017191876537816,0.006152300564436608,-0.12445793018030682,True,0.03247605820623889,0.05769037955294598,-0.12445793018030682,True,20,True,True,True,False,True,False,13,1,STOP_BEFORE_TARGET,True,True,False,True,False,18,1,STOP_BEFORE_TARGET,2025-03-03,2025-03-05,2025-03-07,2025-03-14,2025-03-28
COP|2025-03-03T00:00:00|Long,COP,2025-03-03,Long,-0.021483298313453192,-0.005613695978461397,-0.04490981492025625,True,-0.04350641151668788,-0.005613695978461397,-0.06283061499939169,True,0.0029148686221187603,0.015113910907810668,-0.06283061499939169,True,0.07265468591693458,0.08517758419082,-0.06283061499939169,True,0.13375795916037614,0.13850806662505089,-0.06283061499939169,True,20,True,True,True,False,True,False,6,1,STOP_BEFORE_TARGET,True,True,False,True,False,7,1,STOP_BEFORE_TARGET,2025-03-04,2025-03-06,2025-03-10,2025-03-17,2025-03-31
COP|2025-03-04T00:00:00|Long,COP,2025-03-04,Long,-0.019417499427206164,-0.013680470786842758,-0.04225509550800033,True,-0.00011035013567761709,0.004744045764246696,-0.04225509550800033,True,0.0526258197769327,0.06067961205908978,-0.04225509550800033,True,0.10911296840518214,0.11352604793488696,-0.04225509550800033,True,0.1627316868857407,0.1662621336750063,-0.04225509550800033,True,20,True,True,True,False,True,False,4,1,STOP_BEFORE_TARGET,True,True,False,True,False,5,1,STOP_BEFORE_TARGET,2025-03-05,2025-03-07,2025-03-11,2025-03-18,2025-04-01
COP|2025-03-05T00:00:00|Long,COP,2025-03-05,Long,-0.0031503013945706204,0.008550879384745302,-0.010801070141074232,True,0.04522957241997827,0.05794331328785973,-0.010801070141074232,True,0.09979751373406942,0.10024756905319032,-0.010801070141074232,True,0.1400765634829939,0.1550405809464792,-0.010801070141074232,True,0.19374439415884326,0.19486948953700778,-0.010801070141074232,True,20,True,True,False,True,False,False,3,,TARGET_BEFORE_STOP,True,False,True,False,False,3,,TARGET_BEFORE_STOP,2025-03-06,2025-03-10,2025-03-12,2025-03-19,2025-04-02
COP|2025-03-06T00:00:00|Long,COP,2025-03-06,Long,0.022911950499522993,0.027878118095279403,0.00891648904213116,True,0.07686236236197441,0.08510159193433475,0.00891648904213116,True,0.0856659604740524,0.1215576123921347,0.00891648904213116,True,0.15474039865223221,0.1586908062091561,0.00891648904213116,True,0.07505645192331789,0.1986455843931174,0.00891648904213116,True,20,True,True,False,True,False,False,2,,TARGET_BEFORE_STOP,True,False,True,False,False,2,,TARGET_BEFORE_STOP,2025-03-07,2025-03-11,2025-03-13,2025-03-20,2025-04-03
COP|2025-03-07T00:00:00|Long,COP,2025-03-07,Long,0.02504694186532519,0.03751518955001054,0.0002207246283478792,True,0.07856121551756434,0.07900258059247989,0.0002207246283478792,True,0.09180183103790673,0.09941523126208263,0.0002207246283478792,True,0.12457245125980143,0.1360476906622623,0.0002207246283478792,True,-0.04788697417429244,0.17179741991261088,-0.056052017605777604,True,20,True,True,True,True,False,False,1,20,TARGET_BEFORE_STOP,True,True,True,False,False,2,20,TARGET_BEFORE_STOP,2025-03-10,2025-03-12,2025-03-14,2025-03-21,2025-04-04
COP|2025-03-10T00:00:00|Long,COP,2025-03-10,Long,0.027018321797672495,0.034876187411762016,0.0,True,0.035414433385244415,0.06964479132867174,0.0,True,0.06953712570901427,0.08202362747071446,0.0,True,0.10000000821248056,0.10828845418039479,0.0,True,-0.07782565380173379,0.1431646415921568,-0.12034445771307545,True,20,True,True,True,True,False,False,1,19,TARGET_BEFORE_STOP,True,True,True,False,False,2,19,TARGET_BEFORE_STOP,2025-03-11,2025-03-13,2025-03-17,2025-03-24,2025-04-07
COP|2025-03-11T00:00:00|Long,COP,2025-03-11,Long,0.024525691731211108,0.0249449445767409,-0.00419244849099365,True,0.03710295723988821,0.044334928887744596,-0.00419244849099365,True,0.05366308479894566,0.05785553328993931,-0.00419244849099365,True,0.07483491369452677,0.08321973071221,-0.00419244849099365,True,-0.13363378587798402,0.11309079626854568,-0.14820256237615526,True,20,True,True,True,True,False,False,2,18,TARGET_BEFORE_STOP,True,True,True,False,False,4,18,TARGET_BEFORE_STOP,2025-03-12,2025-03-14,2025-03-18,2025-03-25,2025-04-08
COP|2025-03-12T00:00:00|Long,COP,2025-03-12,Long,-0.015959054307864484,0.0165729181236014,-0.016470594479299883,True,0.01647059447929977,0.02833756156589673,-0.016470594479299883,True,0.03662405965273341,0.05023021649216752,-0.016470594479299883,True,0.05575444448329603,0.07283890277833271,-0.016470594479299883,True,-0.06383629528152979,0.08644498156769509,-0.1828133273307625,True,20,True,True,True,True,False,False,4,16,TARGET_BEFORE_STOP,True,True,True,False,False,5,17,TARGET_BEFORE_STOP,2025-03-13,2025-03-17,2025-03-19,2025-03-26,2025-04-09
COP|2025-03-13T00:00:00|Long,COP,2025-03-13,Long,0.028693153516834213,0.03586648155398198,0.0003118700336361968,True,0.04511899602595726,0.04927744821149038,0.0003118700336361968,True,0.0636240249699076,0.06726272020467294,0.0003118700336361968,True,0.06892605348935921,0.09023807136779283,0.0003118700336361968,True,-0.13410958725920497,0.10406481185956395,-0.16956029497892422,True,20,True,True,True,True,False,False,1,16,TARGET_BEFORE_STOP,True,True,True,False,False,4,16,TARGET_BEFORE_STOP,2025-03-14,2025-03-18,2025-03-20,2025-03-27,2025-04-10
COP|2025-03-14T00:00:00|Long,COP,2025-03-14,Long,0.0041435439591153145,0.0158665966977789,0.000707424931613021,True,0.024052601881912272,0.03749375268609434,-0.0022232804254017635,True,0.03001517243357421,0.040525540777206714,-0.0022232804254017635,True,0.034562970225544776,0.05982825650248813,-0.0022232804254017635,True,-0.12693277358223176,0.07326933020313553,-0.19272360063638172,True,20,True,True,True,True,False,False,3,14,TARGET_BEFORE_STOP,True,True,True,False,False,8,14,TARGET_BEFORE_STOP,2025-03-17,2025-03-19,2025-03-21,2025-03-28,2025-04-11
COP|2025-03-17T00:00:00|Long,COP,2025-03-17,Long,0.01177534381801748,0.015801124045692116,-0.006340552028462176,True,0.029689985206530434,0.03321259089660278,-0.006340552028462176,True,0.028482304887987864,0.03623186847833049,-0.006340552028462176,True,0.05696453299060433,0.06139289891958377,-0.006340552028462176,True,-0.12993159805561016,0.0688405424302907,-0.19605478298380885,True,20,True,True,True,True,False,False,2,13,TARGET_BEFORE_STOP,True,True,True,False,False,7,13,TARGET_BEFORE_STOP,2025-03-18,2025-03-20,2025-03-24,2025-03-31,2025-04-14
COP|2025-03-18T00:00:00|Long,COP,2025-03-18,Long,0.00795785398858051,0.021187753990614233,-0.002586313930046602,True,0.01382671248907541,0.0241718923175418,-0.002586313930046602,True,0.020093547169891535,0.028051325266751803,-0.002586313930046602,True,0.04834378463508382,0.051526911052171886,-0.002586313930046602,True,-0.1473191857000571,0.05640105677702434,-0.20541133767656583,True,20,True,True,True,True,False,False,6,12,TARGET_BEFORE_STOP,True,True,True,False,False,10,12,TARGET_BEFORE_STOP,2025-03-19,2025-03-21,2025-03-25,2025-04-01,2025-04-15
COP|2025-03-19T00:00:00|Long,COP,2025-03-19,Long,0.009671328430181925,0.012829323979789642,-0.0048357395076439325,True,0.008487127156924679,0.016086028066353286,-0.0048357395076439325,True,0.01845450590542086,0.03493536811959719,-0.0048357395076439325,True,0.04707388292580239,0.048060742417701086,-0.0048357395076439325,True,-0.1477351322430871,0.048060742417701086,-0.2116846362383359,True,20,True,True,True,True,False,False,5,11,TARGET_BEFORE_STOP,False,True,False,True,False,,11,STOP_BEFORE_TARGET,2025-03-20,2025-03-24,2025-03-26,2025-04-02,2025-04-16
COP|2025-03-20T00:00:00|Long,COP,2025-03-20,Long,-0.0038119382167425275,0.006353255218353837,-0.00948100130827978,True,0.0023458654959560565,0.010165193435096365,-0.00948100130827978,True,0.004984870964720667,0.02502204329075597,-0.00948100130827978,True,-0.06900594005537375,0.0380216937002722,-0.07027656127050486,True,-0.13029024063876027,0.0380216937002722,-0.21923566455301635,True,20,True,True,True,True,False,False,7,10,TARGET_BEFORE_STOP,False,True,False,True,False,,10,STOP_BEFORE_TARGET,2025-03-21,2025-03-25,2025-03-27,2025-04-03,2025-04-17
COP|2025-03-21T00:00:00|Long,COP,2025-03-21,Long,0.0026491785450522,0.009909754261928638,-0.003434051024421403,True,0.012558857950282887,0.02894431544971887,-0.004905808565372927,True,0.004415272622854349,0.02894431544971887,-0.004905808565372927,True,-0.1533555488051449,0.041993709342520225,-0.16061612452202123,True,-0.14099289026052975,0.041993709342520225,-0.2162480505444403,True,20,True,True,True,True,False,False,6,9,TARGET_BEFORE_STOP,False,True,False,True,False,,9,STOP_BEFORE_TARGET,2025-03-24,2025-03-26,2025-03-28,2025-04-04,2025-04-21
COP|2025-03-24T00:00:00|Long,COP,2025-03-24,Long,0.0035228554824429104,0.011351365153161375,-0.0075350254825803376,True,0.006164959764818345,0.02622566044767871,-0.0075350254825803376,True,0.027693454682935492,0.03199918353012432,-0.0075350254825803376,True,-0.1616596915332611,0.03924057550673998,-0.20031314934589828,True,-0.12163616800286214,0.03924057550673998,-0.2183188634404858,True,20,True,True,True,True,False,False,5,8,TARGET_BEFORE_STOP,False,True,False,True,False,,8,STOP_BEFORE_TARGET,2025-03-25,2025-03-27,2025-03-31,2025-04-07,2025-04-22
COP|2025-03-25T00:00:00|Long,COP,2025-03-25,Long,0.0063383118200037725,0.022623107028610256,0.0005850566241667465,True,-0.0017552442693242742,0.022623107028610256,-0.009166283895007066,True,0.027693771363977993,0.030814197354240624,-0.009166283895007066,True,-0.19395415697462037,0.03559233337752499,-0.20750858874135003,True,-0.12306194413482963,0.03559233337752499,-0.22106294611125565,True,20,True,True,True,True,False,False,5,7,TARGET_BEFORE_STOP,False,True,False,True,False,,7,STOP_BEFORE_TARGET,2025-03-26,2025-03-28,2025-04-01,2025-04-08,2025-04-23
COP|2025-03-26T00:00:00|Long,COP,2025-03-26,Long,-0.003682144037354451,0.0062015446567253996,-0.009399162984424003,True,0.017635656479108253,0.021899246153698204,-0.015406941714233291,True,0.028100790810423604,0.029069768301491106,-0.015406941714233291,True,-0.11327514687693829,0.029069768301491106,-0.22596899597312858,True,-0.11046506040307158,0.029069768301491106,-0.22596899597312858,True,20,True,False,True,False,True,False,,6,STOP_BEFORE_TARGET,False,True,False,True,False,,6,STOP_BEFORE_TARGET,2025-03-27,2025-03-31,2025-04-02,2025-04-09,2025-04-24
COP|2025-03-27T00:00:00|Long,COP,2025-03-27,Long,-0.0043765507642268275,0.004279346846063126,-0.011768129625209123,True,0.02499513423898203,0.02810736625390131,-0.011768129625209123,True,-0.07362380584801032,0.03287295529517609,-0.07488812459731797,True,-0.1899435794326304,0.03287295529517609,-0.22310836908669052,True,-0.10795563613175008,0.03287295529517609,-0.22310836908669052,True,20,True,True,True,True,False,False,4,5,TARGET_BEFORE_STOP,False,True,False,True,False,,5,STOP_BEFORE_TARGET,2025-03-28,2025-04-01,2025-04-03,2025-04-10,2025-04-25
COP|2025-03-28T00:00:00|Long,COP,2025-03-28,Long,0.02588642986602685,0.030184587818561814,-0.0035166611379580104,True,0.03643641327990088,0.037413247034303154,-0.0035166611379580104,True,-0.15707728240333152,0.037413247034303154,-0.16430594161907275,True,-0.15610044864892947,0.037413247034303154,-0.2196933172780926,True,-0.09221453734620944,0.037413247034303154,-0.2196933172780926,True,20,True,True,True,True,False,False,1,4,TARGET_BEFORE_STOP,False,True,False,True,False,,4,STOP_BEFORE_TARGET,2025-03-31,2025-04-02,2025-04-04,2025-04-11,2025-04-28
COP|2025-03-31T00:00:00|Long,COP,2025-03-31,Long,0.0035231647153786128,0.006570200566196727,-0.009521996114689624,True,-0.09302987007580943,0.011235958321216488,-0.09426770341777557,True,-0.18425061028983203,0.011235958321216488,-0.22186246588403014,True,-0.17682346494390444,0.011235958321216488,-0.23938297651153295,True,-0.12511902313525702,0.011235958321216488,-0.23938297651153295,True,20,True,False,True,False,True,False,,3,STOP_BEFORE_TARGET,False,True,False,True,False,,3,STOP_BEFORE_TARGET,2025-04-01,2025-04-03,2025-04-07,2025-04-14,2025-04-29
COP|2025-04-01T00:00:00|Long,COP,2025-04-01,Long,0.006736873409094901,0.007685715563950479,-0.010911865760878436,True,-0.1812316024740116,0.007685715563950479,-0.18825312129036165,True,-0.21567507220017723,0.007685715563950479,-0.22886424600312816,True,-0.18664008238790564,0.007685715563950479,-0.24205334741406304,True,-0.15437894237870609,0.007685715563950479,-0.24205334741406304,True,20,True,False,True,False,True,False,,2,STOP_BEFORE_TARGET,False,True,False,True,False,,2,STOP_BEFORE_TARGET,2025-04-02,2025-04-04,2025-04-08,2025-04-15,2025-04-30
COP|2025-04-02T00:00:00|Long,COP,2025-04-02,Long,-0.10226200405429342,-0.04392079264592508,-0.10348723737462828,True,-0.19255419980198085,-0.04392079264592508,-0.22978320079207637,True,-0.13751174880034778,-0.04392079264592508,-0.2471253684994016,True,-0.186050877923286,-0.04392079264592508,-0.2471253684994016,True,-0.1456173154612307,-0.04392079264592508,-0.2471253684994016,True,20,True,False,True,False,True,False,,1,STOP_BEFORE_TARGET,False,True,False,True,False,,1,STOP_BEFORE_TARGET,2025-04-03,2025-04-07,2025-04-09,2025-04-16,2025-05-01
COP|2025-04-03T00:00:00|Long,COP,2025-04-03,Long,-0.09406823185798063,-0.02729657190678314,-0.10183723830175528,True,-0.13217843924294614,-0.02729657190678314,-0.14677168878670444,True,-0.12556429485010667,-0.02729657190678314,-0.16136485823183233,True,-0.06582673641014603,-0.02729657190678314,-0.16136485823183233,True,-0.040314922182578705,-0.020052531885662694,-0.16136485823183233,True,20,True,False,True,False,True,False,,1,STOP_BEFORE_TARGET,False,True,False,True,False,,1,STOP_BEFORE_TARGET,2025-04-04,2025-04-08,2025-04-10,2025-04-17,2025-05-02
COP|2025-04-04T00:00:00|Long,COP,2025-04-04,Long,-0.007185105342494724,0.03627300058186411,-0.05296094154985542,True,0.0604936975932262,0.07161896209997298,-0.07428443149959374,True,0.0011588651415010975,0.07161896209997298,-0.07428443149959374,True,0.014601948346992577,0.07161896209997298,-0.07428443149959374,True,0.015297249748744468,0.08170118608834875,-0.07428443149959374,True,20,True,True,True,,,False,1,1,AMBIGUOUS,True,True,False,True,False,3,1,STOP_BEFORE_TARGET,2025-04-07,2025-04-09,2025-04-11,2025-04-21,2025-05-05
COP|2025-04-07T00:00:00|Long,COP,2025-04-07,Long,-0.03513475628772733,0.030465748408264437,-0.0513598881746431,True,-0.027780988727518108,0.07937438072950442,-0.06758493100594198,True,0.009104690042816221,0.07937438072950442,-0.06758493100594198,True,0.04774138035137421,0.07937438072950442,-0.06758493100594198,True,0.022878477020711996,0.08952957082851465,-0.06758493100594198,True,20,True,True,True,,,False,1,1,AMBIGUOUS,True,True,False,True,False,2,1,STOP_BEFORE_TARGET,2025-04-08,2025-04-10,2025-04-14,2025-04-22,2025-05-06
COP|2025-04-08T00:00:00|Long,COP,2025-04-08,Long,0.10706506269098859,0.11867889092642958,-0.03363182053626912,True,0.045124553136801415,0.11867889092642958,-0.03363182053626912,True,0.0370190832691244,0.11867889092642958,-0.03363182053626912,True,0.08795059667289751,0.11867889092642958,-0.03363182053626912,True,0.06109357849784547,0.12920387373121867,-0.03363182053626912,True,20,True,True,True,,,False,1,1,AMBIGUOUS,True,True,,,False,1,1,AMBIGUOUS,2025-04-09,2025-04-11,2025-04-15,2025-04-23,2025-05-07
COP|2025-04-09T00:00:00|Long,COP,2025-04-09,Long,-0.08982625974006697,-0.03125342086752325,-0.11703637672883815,True,-0.055294558735289656,-0.03125342086752325,-0.11703637672883815,True,-0.05627801776479169,-0.03125342086752325,-0.11703637672883815,True,0.003169062493252106,0.007649403692506773,-0.11703637672883815,True,-0.029395720452521257,0.019997750616767007,-0.11703637672883815,True,20,True,False,True,False,True,False,,1,STOP_BEFORE_TARGET,False,True,False,True,False,,1,STOP_BEFORE_TARGET,2025-04-10,2025-04-14,2025-04-16,2025-04-24,2025-05-08
COP|2025-04-10T00:00:00|Long,COP,2025-04-10,Long,0.0372193353349235,0.044303066404677516,-0.009965203769135234,True,0.02917517443228612,0.06399329778445284,-0.009965203769135234,True,0.06831555263370737,0.08632491730548009,-0.009965203769135234,True,0.10121263311937634,0.10709566659738634,-0.009965203769135234,True,0.06363303354671035,0.12066268834065652,-0.009965203769135234,True,20,True,True,False,True,False,False,1,,TARGET_BEFORE_STOP,True,False,True,False,False,2,,TARGET_BEFORE_STOP,2025-04-11,2025-04-15,2025-04-17,2025-04-25,2025-05-09
COP|2025-04-11T00:00:00|Long,COP,2025-04-11,Long,0.0006944965738817643,0.025813211861196006,-0.009260366447619961,True,-0.00034724828694088217,0.025813211861196006,-0.010649359595383379,True,0.013427522517708956,0.04734348878552286,-0.010649359595383379,True,0.07570321752208486,0.08044909129927547,-0.010649359595383379,True,0.06806340195578864,0.0906355120543374,-0.010649359595383379,True,20,True,True,False,True,False,False,4,,TARGET_BEFORE_STOP,True,False,True,False,False,7,,TARGET_BEFORE_STOP,2025-04-14,2025-04-16,2025-04-21,2025-04-28,2025-05-12
COP|2025-04-14T00:00:00|Long,COP,2025-04-14,Long,-0.00844413826846191,0.01457492401052174,-0.011335983367654623,True,0.02926554653560176,0.04661661713075804,-0.011335983367654623,True,0.03828808912474568,0.04661661713075804,-0.011335983367654623,True,0.0628108790845503,0.07969924387358285,-0.011335983367654623,True,0.08930019078340878,0.0998265493054824,-0.011335983367654623,True,20,True,True,False,True,False,False,3,,TARGET_BEFORE_STOP,True,False,True,False,False,6,,TARGET_BEFORE_STOP,2025-04-15,2025-04-17,2025-04-22,2025-04-29,2025-05-13
COP|2025-04-15T00:00:00|Long,COP,2025-04-15,Long,0.007466161695455886,0.030797939244672223,0.003383118425076548,True,0.021348597818413362,0.05552965548816191,0.003383118425076548,True,0.04911338106066032,0.0694120026074514,0.003383118425076548,True,0.03966403963440146,0.08889401550016673,0.003383118425076548,True,0.07991132030533232,0.10919272605062602,0.003383118425076548,True,20,True,True,False,True,False,False,1,,TARGET_BEFORE_STOP,True,False,True,False,False,2,,TARGET_BEFORE_STOP,2025-04-16,2025-04-21,2025-04-23,2025-04-30,2025-05-14
COP|2025-04-16T00:00:00|Long,COP,2025-04-16,Long,0.030338151089220666,0.04770730335182738,0.015400669542089629,True,0.03937009613072373,0.04770730335182738,-0.00034736891019981897,True,0.06299215380915801,0.06773967615535059,-0.00034736891019981897,True,0.04967578607234424,0.0808244057226466,-0.00034736891019981897,True,0.07642425228665384,0.10097268595500575,-0.00034736891019981897,True,20,True,True,False,True,False,False,1,,TARGET_BEFORE_STOP,True,False,True,False,False,4,,TARGET_BEFORE_STOP,2025-04-17,2025-04-22,2025-04-24,2025-05-01,2025-05-15
COP|2025-04-17T00:00:00|Long,COP,2025-04-17,Long,-0.01607103002052601,-0.012587128616856291,-0.02978198950216615,True,0.010676521829644958,0.03023145325384058,-0.02978198950216615,True,0.030793411557632044,0.03630024281503208,-0.02978198950216615,True,0.027309510153962435,0.04899969449840769,-0.02978198950216615,True,0.038772722163235906,0.06855471166540217,-0.02978198950216615,True,20,True,True,True,False,True,False,3,1,STOP_BEFORE_TARGET,True,False,True,False,False,16,,TARGET_BEFORE_STOP,2025-04-21,2025-04-23,2025-04-25,2025-05-02,2025-05-16
COP|2025-04-21T00:00:00|Long,COP,2025-04-21,Long,0.025242707109514928,0.03335234799728193,0.003083913576870989,True,0.04854368762828587,0.053226680414390604,0.003083913576870989,True,0.06145056614375477,0.0661335589298595,0.003083913576870989,True,0.000685294763020039,0.0661335589298595,0.0,True,0.03266705323426189,0.08600797849024966,-0.007652835807941072,True,20,True,True,False,True,False,False,1,,TARGET_BEFORE_STOP,True,False,True,False,False,3,,TARGET_BEFORE_STOP,2025-04-22,2025-04-24,2025-04-28,2025-05-05,2025-05-19
COP|2025-04-22T00:00:00|Long,COP,2025-04-22,Long,0.001893918949414708,0.02127892142667287,-0.007575760795367814,True,0.02183599641071665,0.027294974263968763,-0.007575760795367814,True,0.023618483363780918,0.03988406992489524,-0.007575760795367814,True,-0.023730000357840342,0.03988406992489524,-0.02462120133551804,True,-0.0007798539790360159,0.05926915739986227,-0.03208561513224406,True,20,True,True,True,True,False,False,4,9,TARGET_BEFORE_STOP,True,True,False,True,False,15,11,STOP_BEFORE_TARGET,2025-04-23,2025-04-25,2025-04-29,2025-05-06,2025-05-20
COP|2025-04-23T00:00:00|Long,COP,2025-04-23,Long,0.020793981321430177,0.0253530387141081,0.0023351393724011515,True,0.03335927932635996,0.03791833671903788,0.0023351393724011515,True,-0.009006978270266197,0.03791833671903788,-0.02068275996930591,True,-0.02468588027543195,0.03791833671903788,-0.03391530124994646,True,-0.03091291860183476,0.0572667798109916,-0.03391530124994646,True,20,True,True,True,True,False,False,3,5,TARGET_BEFORE_STOP,True,True,False,True,False,14,10,STOP_BEFORE_TARGET,2025-04-24,2025-04-28,2025-04-30,2025-05-07,2025-05-21
COP|2025-04-24T00:00:00|Long,COP,2025-04-24,Long,-0.0008714796121475077,0.002287571650234632,-0.012962989126866553,True,0.0008713965032773885,0.016775525435054117,-0.015359516505837112,True,-0.012527249320792744,0.016775525435054117,-0.040631843496024445,True,-0.03246190912709923,0.016775525435054117,-0.053594832622891,True,-0.06176476699181632,0.03572983300934718,-0.07559915262196015,True,20,True,True,True,False,True,False,13,4,STOP_BEFORE_TARGET,False,True,False,True,False,,4,STOP_BEFORE_TARGET,2025-04-25,2025-04-29,2025-05-01,2025-05-08,2025-05-22
COP|2025-04-25T00:00:00|Long,COP,2025-04-25,Long,0.013192314308425157,0.01766239746649534,-0.0010902580984540888,True,-0.028347126466612194,0.01766239746649534,-0.0397950444537829,True,-0.003379825059616093,0.01766239746649534,-0.0397950444537829,True,-0.034125652433004916,0.01766239746649534,-0.05276934041506165,True,-0.07119492686861106,0.03663323774131322,-0.07577414397229598,True,20,True,True,True,False,True,False,12,3,STOP_BEFORE_TARGET,False,True,False,True,False,,3,STOP_BEFORE_TARGET,2025-04-28,2025-04-30,2025-05-02,2025-05-09,2025-05-23
COP|2025-04-28T00:00:00|Long,COP,2025-04-28,Long,-0.011298859876355039,-0.003443448765450996,-0.02733241049377111,True,-0.024534582716125186,-0.003443448765450996,-0.05229743456786451,True,-0.05724738703705701,-0.003443448765450996,-0.05789300802486197,True,-0.007102159259033347,0.013881425925869717,-0.06510279814796105,True,-0.07941458333350437,0.02313570987644953,-0.09006782222205434,True,20,True,False,True,False,True,False,,1,STOP_BEFORE_TARGET,False,True,False,True,False,,2,STOP_BEFORE_TARGET,2025-04-29,2025-05-01,2025-05-05,2025-05-12,2025-05-27
COP|2025-04-29T00:00:00|Long,COP,2025-04-29,Long,-0.030039122652817274,-0.012298620888083756,-0.04146710570838652,True,-0.005115298273380309,0.006094963046676005,-0.04146710570838652,True,-0.04625598745152226,0.006094963046676005,-0.04712662528403677,True,0.024923824379436965,0.03482808743246535,-0.05441880876649674,True,-0.07945141097717778,0.03482808743246535,-0.08271657271777255,True,20,True,True,True,False,True,False,10,1,STOP_BEFORE_TARGET,False,True,False,True,False,,1,STOP_BEFORE_TARGET,2025-04-30,2025-05-02,2025-05-06,2025-05-13,2025-05-28
COP|2025-04-30T00:00:00|Long,COP,2025-04-30,Long,0.017167849328365792,0.025359004007914576,-0.009762149009980847,True,-0.01694347048579259,0.037253137258813185,-0.017616692621617247,True,-0.015821405056716698,0.037253137258813185,-0.02513471077344609,True,0.03871181375580135,0.06687610974856306,-0.02513471077344609,True,-0.039497353725069795,0.06687610974856306,-0.05430883996994473,True,20,True,True,True,True,False,False,2,5,TARGET_BEFORE_STOP,True,True,True,False,False,8,16,TARGET_BEFORE_STOP,2025-05-01,2025-05-05,2025-05-07,2025-05-14,2025-05-29
COP|2025-05-01T00:00:00|Long,COP,2025-05-01,Long,0.008383917522753803,0.019746286656336487,-0.010479917944243078,True,-0.03331499417127737,0.019746286656336487,-0.034197445360616974,True,-0.020187554332608104,0.019746286656336487,-0.04158857373416225,True,0.025482598121460365,0.04886927998463508,-0.04158857373416225,True,-0.05846666257633493,0.04886927998463508,-0.07027029938618934,True,20,True,True,True,False,True,False,7,2,STOP_BEFORE_TARGET,False,True,False,True,False,,2,STOP_BEFORE_TARGET,2025-05-02,2025-05-06,2025-05-08,2025-05-15,2025-05-30
COP|2025-05-02T00:00:00|Long,COP,2025-05-02,Long,-0.04157097581796687,-0.017503621479219467,-0.04222733241122911,True,-0.0404770203413789,-0.017503621479219467,-0.049557009377619754,True,-0.030850095298570523,0.009298746746177367,-0.049557009377619754,True,0.011158479402722188,0.04014875858129496,-0.049557009377619754,True,-0.05130732144746997,0.04014875858129496,-0.07800026908617197,True,20,True,True,True,False,True,False,6,1,STOP_BEFORE_TARGET,False,True,False,True,False,,1,STOP_BEFORE_TARGET,2025-05-05,2025-05-07,2025-05-09,2025-05-16,2025-06-02
COP|2025-05-05T00:00:00|Long,COP,2025-05-05,Long,0.0002282461240394884,0.022371864750804216,-0.0003424127278607303,True,0.013811198219871867,0.05307614990850129,-0.00833242040689286,True,0.05319022942871943,0.0754480146593055,-0.00833242040689286,True,0.03195985654892208,0.08526425258146286,-0.00833242040689286,True,0.003424301445814182,0.08526425258146286,-0.038009380297404416,True,20,True,True,True,True,False,False,3,13,TARGET_BEFORE_STOP,True,True,True,False,False,3,13,TARGET_BEFORE_STOP,2025-05-06,2025-05-08,2025-05-12,2025-05-19,2025-06-03
COP|2025-05-06T00:00:00|Long,COP,2025-05-06,Long,0.0009129502859999139,0.00787404385522028,-0.008558713037854715,True,0.010955142240806293,0.052835844207810956,-0.008558713037854715,True,0.07463198813774063,0.08501660174759551,-0.008558713037854715,True,0.023507991013978158,0.08501660174759551,-0.008558713037854715,True,-0.019171520687343735,0.08501660174759551,-0.038228900823004786,True,20,True,True,True,True,False,False,2,12,TARGET_BEFORE_STOP,True,True,True,False,False,2,12,TARGET_BEFORE_STOP,2025-05-07,2025-05-09,2025-05-13,2025-05-20,2025-06-04
COP|2025-05-07T00:00:00|Long,COP,2025-05-07,Long,0.01265534855703887,0.05187553413808321,0.011173222747269174,True,0.051989483595844765,0.07422189264830292,0.006726758333641447,True,0.055409880983705584,0.08402693904356395,0.006726758333641447,True,-0.006384649007400212,0.08402693904356395,-0.007638788917327943,True,-0.02690685936592785,0.08402693904356395,-0.03910614913896393,True,20,True,True,True,True,False,False,1,11,TARGET_BEFORE_STOP,True,True,True,False,False,1,11,TARGET_BEFORE_STOP,2025-05-08,2025-05-12,2025-05-14,2025-05-21,2025-06-05
COP|2025-05-08T00:00:00|Long,COP,2025-05-08,Long,-0.0025895446715138437,0.025332132489650494,-0.005854499491702914,True,0.06023416451816144,0.0704796460002155,-0.005854499491702914,True,0.046611116909176076,0.0704796460002155,-0.005854499491702914,True,-0.03028599921919395,0.0704796460002155,-0.04458454287411373,True,-0.01801394370207743,0.0704796460002155,-0.05111462430901026,True,20,True,True,True,True,False,False,2,9,TARGET_BEFORE_STOP,True,True,True,False,False,2,10,TARGET_BEFORE_STOP,2025-05-09,2025-05-13,2025-05-15,2025-05-22,2025-06-06
COP|2025-05-09T00:00:00|Long,COP,2025-05-09,Long,0.04153968232643224,0.06355124862336736,0.0395078467624117,True,0.04492610363989047,0.07325889786032458,0.0395078467624117,True,0.043345796659015834,0.07325889786032458,0.02415630553681014,True,-0.038378982244411386,0.07325889786032458,-0.043119989307307094,True,-0.006208324247644725,0.07325889786032458,-0.04865106374036876,True,20,True,True,True,True,False,False,1,9,TARGET_BEFORE_STOP,True,True,True,False,False,1,9,TARGET_BEFORE_STOP,2025-05-12,2025-05-14,2025-05-16,2025-05-23,2025-06-09
COP|2025-05-12T00:00:00|Long,COP,2025-05-12,Long,0.0205917589141007,0.030454159425824967,0.00021680148681824107,True,0.007478080269964993,0.030454159425824967,-0.016690076321234315,True,-0.020158155940464106,0.030454159425824967,-0.024601676879295598,True,-0.0728296720038254,0.030454159425824967,-0.08355911309174213,True,-0.011813117779846949,0.030454159425824967,-0.08659367242287563,True,20,True,True,True,True,False,False,1,5,TARGET_BEFORE_STOP,False,True,False,True,False,,6,STOP_BEFORE_TARGET,2025-05-13,2025-05-15,2025-05-19,2025-05-27,2025-06-10
COP|2025-05-13T00:00:00|Long,COP,2025-05-13,Long,-0.016990533134030872,-0.003716666464123497,-0.01911431939431507,True,-0.018477199719680315,-0.003716666464123497,-0.03652962598385323,True,-0.04757349277528655,-0.003716666464123497,-0.052564479605932135,True,-0.10183706620324795,-0.003716666464123497,-0.10502282661092677,True,-0.00870765329476908,-0.003716666464123497,-0.10502282661092677,True,20,True,False,True,False,True,False,,2,STOP_BEFORE_TARGET,False,True,False,True,False,,2,STOP_BEFORE_TARGET,2025-05-14,2025-05-16,2025-05-20,2025-05-28,2025-06-11
COP|2025-05-14T00:00:00|Long,COP,2025-05-14,Long,0.004213021399310346,0.005509367375087004,-0.01987681045648204,True,-0.02333365064098203,0.011342800639725148,-0.027762770911707313,True,-0.05855026668265573,0.011342800639725148,-0.05973856322272486,True,-0.07529438526176024,0.011342800639725148,-0.08955386132501908,True,0.022901617733294355,0.023657798948104602,-0.08955386132501908,True,20,True,False,True,False,True,False,,3,STOP_BEFORE_TARGET,False,True,False,True,False,,4,STOP_BEFORE_TARGET,2025-05-15,2025-05-19,2025-05-21,2025-05-29,2025-06-12
COP|2025-05-15T00:00:00|Long,COP,2025-05-15,Long,-0.005701363860979192,0.007099867347348354,-0.015598074037463938,True,-0.03517638420042324,0.007099867347348354,-0.040232335419571164,True,-0.07347248169450038,0.007099867347348354,-0.08713423573466939,True,-0.08186317432551138,0.007099867347348354,-0.09337349817837537,True,0.04302926032050847,0.056906206622488575,-0.09337349817837537,True,20,True,True,True,False,True,False,20,2,STOP_BEFORE_TARGET,True,True,False,True,False,20,2,STOP_BEFORE_TARGET,2025-05-16,2025-05-20,2025-05-22,2025-05-30,2025-06-13
COP|2025-05-16T00:00:00|Long,COP,2025-05-16,Long,-0.021854339893941255,-0.005734055799491267,-0.02629016874556589,True,-0.05712429689347531,-0.005734055799491267,-0.05831439329062316,True,-0.0783295233134833,-0.005734055799491267,-0.08287356525823186,True,-0.061776469388942656,-0.005734055799491267,-0.08817485122763258,True,0.027804821879680475,0.0629665657860905,-0.08817485122763258,True,20,True,True,True,False,True,False,19,1,STOP_BEFORE_TARGET,True,True,False,True,False,19,2,STOP_BEFORE_TARGET,2025-05-19,2025-05-21,2025-05-23,2025-06-02,2025-06-16
COP|2025-05-19T00:00:00|Long,COP,2025-05-19,Long,-0.007963734006626089,0.00022117732835336135,-0.013162287282430185,True,-0.04733996499643045,0.00022117732835336135,-0.06138704597889322,True,-0.053755120158106795,0.00022117732835336135,-0.06470529661052704,True,-0.0276518073082187,0.00022117732835336135,-0.06780228552718848,True,0.05629903917395618,0.08671602721299698,-0.06780228552718848,True,20,True,True,True,False,True,False,16,2,STOP_BEFORE_TARGET,True,True,False,True,False,18,2,STOP_BEFORE_TARGET,2025-05-20,2025-05-22,2025-05-27,2025-06-03,2025-06-17
COP|2025-05-20T00:00:00|Long,COP,2025-05-20,Long,-0.028319777526895518,-0.0014494913510280094,-0.02954623094820552,True,-0.05017281611671054,-0.0014494913510280094,-0.05485567693627891,True,-0.05697402688432174,-0.0014494913510280094,-0.060318915317721045,True,-0.04169924619644627,-0.0014494913510280094,-0.060318915317721045,True,0.04582451219171935,0.09543981854818129,-0.060318915317721045,True,20,True,True,True,False,True,False,15,1,STOP_BEFORE_TARGET,True,True,False,True,False,16,2,STOP_BEFORE_TARGET,2025-05-21,2025-05-23,2025-05-28,2025-06-04,2025-06-18
COP|2025-05-21T00:00:00|Long,COP,2025-05-21,Long,-0.011704007511211034,-0.00665521309121786,-0.026276544755393205,True,-0.018359133059177024,-0.00665521309121786,-0.029718920504161583,True,-0.017785462129883522,-0.0061962238218319365,-0.032931757846611065,True,-0.02065407940610653,0.019736100867334683,-0.032931757846611065,True,0.0865175075560769,0.1273665895556524,-0.032931757846611065,True,20,True,True,True,False,True,False,13,1,STOP_BEFORE_TARGET,True,True,False,True,False,13,4,STOP_BEFORE_TARGET,2025-05-22,2025-05-27,2025-05-29,2025-06-05,2025-06-20
COP|2025-05-22T00:00:00|Long,COP,2025-05-22,Long,-0.010913675165296954,-0.00476020022975876,-0.015790092345528195,True,-0.01799599990468792,0.005573010243124621,-0.02147914237913995,True,-0.009056064137583864,0.005573010243124621,-0.02147914237913995,True,0.012655334982515587,0.031812441432016,-0.02147914237913995,True,0.06478581224885915,0.14071755640397465,-0.02147914237913995,True,20,True,True,True,False,True,False,8,3,STOP_BEFORE_TARGET,True,False,True,False,False,12,,TARGET_BEFORE_STOP,2025-05-23,2025-05-28,2025-05-30,2025-06-06,2025-06-23
COP|2025-05-23T00:00:00|Long,COP,2025-05-23,Long,0.004225855147723223,0.007043062060407612,-0.007395291287211947,True,0.004812724744277741,0.01666860110635615,-0.010682047611575984,True,0.017959839599126726,0.027820108572218727,-0.010682047611575984,True,0.03345461195498056,0.04319756074319736,-0.010682047611575984,True,0.0493015239802459,0.15330434539635585,-0.010682047611575984,True,20,True,True,False,True,False,False,6,,TARGET_BEFORE_STOP,True,False,True,False,False,11,,TARGET_BEFORE_STOP,2025-05-27,2025-05-29,2025-06-02,2025-06-09,2025-06-24
COP|2025-05-27T00:00:00|Long,COP,2025-05-27,Long,-0.011338412461730396,0.01239038598224762,-0.014845169224512844,True,-0.0023378675686980266,0.01239038598224762,-0.014845169224512844,True,0.027586213046933095,0.03565161091248625,-0.014845169224512844,True,0.06580943369472259,0.07177088451924107,-0.014845169224512844,True,0.04032725686935312,0.14845115716195445,-0.014845169224512844,True,20,True,True,False,True,False,False,5,,TARGET_BEFORE_STOP,True,False,True,False,False,10,,TARGET_BEFORE_STOP,2025-05-28,2025-05-30,2025-06-03,2025-06-10,2025-06-25
COP|2025-05-28T00:00:00|Long,COP,2025-05-28,Long,0.012059548604690384,0.012177805119397478,-0.0028376151332257793,True,0.025301481949870475,0.03523286430628714,-0.0028376151332257793,True,0.016197624586530734,0.05072122041444804,-0.0028376151332257793,True,0.10368877338858584,0.10924565693703903,-0.0028376151332257793,True,0.07460389479770568,0.16162210774422325,-0.0028376151332257793,True,20,True,True,False,True,False,False,3,,TARGET_BEFORE_STOP,True,False,True,False,False,5,,TARGET_BEFORE_STOP,2025-05-29,2025-06-02,2025-06-04,2025-06-11,2025-06-26
COP|2025-05-29T00:00:00|Long,COP,2025-05-29,Long,-0.002920560799724581,0.005257062916569577,-0.012383149269730609,True,0.026986042396795806,0.03504672959669475,-0.012383149269730609,True,-0.002920560799724581,0.03820098517232484,-0.012383149269730609,True,0.10619163702477485,0.10700939048356006,-0.012383149269730609,True,0.05338784785382722,0.14778039429175105,-0.012383149269730609,True,20,True,True,False,True,False,False,3,,TARGET_BEFORE_STOP,True,False,True,False,False,8,,TARGET_BEFORE_STOP,2025-05-30,2025-06-03,2025-06-05,2025-06-12,2025-06-27
COP|2025-05-30T00:00:00|Long,COP,2025-05-30,Long,0.01605158489835734,0.025893369935358068,0.005975420566470158,True,0.007029859224930268,0.04124199572807541,0.0003514795528201109,True,0.021909815817384493,0.04124199572807541,-0.0014059182112801105,True,0.13602812909096684,0.1511423755887975,-0.0014059182112801105,True,0.0514352603178958,0.1511423755887975,-0.0014059182112801105,True,20,True,True,False,True,False,False,2,,TARGET_BEFORE_STOP,True,False,True,False,False,7,,TARGET_BEFORE_STOP,2025-06-02,2025-06-04,2025-06-06,2025-06-13,2025-06-30
COP|2025-06-02T00:00:00|Long,COP,2025-06-02,Long,0.013722352682833616,0.02167893481266625,-0.015452075051000436,True,-0.015798001929167027,0.02479245267083341,-0.01718170944183306,True,0.015221398480666615,0.02479245267083341,-0.01718170944183306,True,0.09547968937666651,0.1329566261184998,-0.01718170944183306,True,0.060770255637499604,0.1329566261184998,-0.01718170944183306,True,20,True,True,False,True,False,False,6,,TARGET_BEFORE_STOP,True,False,True,False,False,6,,TARGET_BEFORE_STOP,2025-06-03,2025-06-05,2025-06-09,2025-06-16,2025-07-01
COP|2025-06-03T00:00:00|Long,COP,2025-06-03,Long,-0.022295604962100368,0.01092024848687867,-0.02400182598628431,True,-0.007848963856927349,0.01092024848687867,-0.030485726237444166,True,0.037197093696355044,0.04299850553784146,-0.030485726237444166,True,0.08633825528051964,0.11762024692472317,-0.030485726237444166,True,0.07428049718204499,0.11762024692472317,-0.030485726237444166,True,20,True,True,True,False,True,False,5,1,STOP_BEFORE_TARGET,True,True,False,True,False,6,2,STOP_BEFORE_TARGET,2025-06-04,2025-06-06,2025-06-10,2025-06-17,2025-07-02
COP|2025-06-04T00:00:00|Long,COP,2025-06-04,Long,-0.00698078528708268,0.010354850741697952,-0.008376889085198735,True,0.024316510081364262,0.03327516825944521,-0.008376889085198735,True,0.08609658858202263,0.09156489849931271,-0.008376889085198735,True,0.09133224412146035,0.14310649782994989,-0.008376889085198735,True,0.08993605155784334,0.14310649782994989,-0.008376889085198735,True,20,True,True,False,True,False,False,3,,TARGET_BEFORE_STOP,True,False,True,False,False,4,,TARGET_BEFORE_STOP,2025-06-05,2025-06-09,2025-06-11,2025-06-18,2025-07-03
COP|2025-06-05T00:00:00|Long,COP,2025-06-05,Long,0.021909815817384493,0.02858819548949465,0.01616877454580079,True,0.06830699396933682,0.07428241453580697,0.01616877454580079,True,0.10943180004996877,0.11025194880305222,0.01616877454580079,True,0.10943180004996877,0.1511423755887975,0.01616877454580079,True,0.08435857886769416,0.1511423755887975,0.01616877454580079,True,20,True,True,False,True,False,False,2,,TARGET_BEFORE_STOP,True,False,True,False,False,3,,TARGET_BEFORE_STOP,2025-06-06,2025-06-10,2025-06-12,2025-06-20,2025-07-07
COP|2025-06-06T00:00:00|Long,COP,2025-06-06,Long,0.009401509783854234,0.01822972157346414,-0.0022931045039843445,True,0.07028201292850822,0.07567069917163072,-0.0022931045039843445,True,0.111671608890755,0.12646180491773173,-0.0022931045039843445,True,0.05147899336079975,0.12646180491773173,-0.0022931045039843445,True,0.09825727556616903,0.12646180491773173,-0.0022931045039843445,True,20,True,True,False,True,False,False,2,,TARGET_BEFORE_STOP,True,False,True,False,False,2,,TARGET_BEFORE_STOP,2025-06-09,2025-06-11,2025-06-13,2025-06-23,2025-07-08
COP|2025-06-09T00:00:00|Long,COP,2025-06-09,Long,0.03566559923893231,0.04145844488780748,0.011812822634170717,True,0.07553386479697388,0.07632895446185683,0.011812822634170717,True,0.07905496379027355,0.11597000202520391,0.011812822634170717,True,0.01533392162747016,0.11597000202520391,0.011358473303055616,True,0.07371646747251348,0.11597000202520391,0.008632463974638904,True,20,True,True,False,True,False,False,1,,TARGET_BEFORE_STOP,True,False,True,False,False,2,,TARGET_BEFORE_STOP,2025-06-10,2025-06-12,2025-06-16,2025-06-24,2025-07-09
COP|2025-06-10T00:00:00|Long,COP,2025-06-10,Long,0.023799058583926502,0.02895371112977041,-0.0004387027351772099,True,0.06339108093826984,0.07753893037027004,-0.0004387027351772099,True,0.04737880763725988,0.07753893037027004,-0.0004387027351772099,True,-0.0239087551862186,0.07753893037027004,-0.026102185188113802,True,0.045953086503427,0.07753893037027004,-0.026102185188113802,True,20,True,True,True,True,False,False,2,9,TARGET_BEFORE_STOP,True,False,True,False,False,3,,TARGET_BEFORE_STOP,2025-06-11,2025-06-13,2025-06-17,2025-06-25,2025-07-10
COP|2025-06-11T00:00:00|Long,COP,2025-06-11,Long,0.014354622273043072,0.015104485111483656,-0.013069108094750925,True,0.017675431739148095,0.052490643877592724,-0.013069108094750925,True,0.004820616871905603,0.052490643877592724,-0.013069108094750925,True,-0.026352427688090763,0.052490643877592724,-0.0487412479564705,True,0.02420998578652367,0.052490643877592724,-0.0487412479564705,True,20,True,True,True,True,False,False,2,7,TARGET_BEFORE_STOP,True,True,True,False,False,2,8,TARGET_BEFORE_STOP,2025-06-12,2025-06-16,2025-06-18,2025-06-26,2025-07-11
COP|2025-06-12T00:00:00|Long,COP,2025-06-12,Long,0.023972928340254995,0.03759634034011827,0.008131762838879286,True,0.008554203587596065,0.03759634034011827,-0.007181331583517081,True,0.0,0.03759634034011827,-0.014573923827559732,True,-0.04773475716465314,0.03759634034011827,-0.06220297008961573,True,-0.005491649160984213,0.03759634034011827,-0.06220297008961573,True,20,True,True,True,True,False,False,1,6,TARGET_BEFORE_STOP,False,True,False,True,False,,6,STOP_BEFORE_TARGET,2025-06-13,2025-06-17,2025-06-20,2025-06-27,2025-07-14
COP|2025-06-13T00:00:00|Long,COP,2025-06-13,Long,-0.020214512200697143,-0.0004125507003408524,-0.030424886304630805,True,-0.032590718466919744,-0.0004125507003408524,-0.037644405531594316,True,-0.054146040115224614,-0.0004125507003408524,-0.05992159254799512,True,-0.07446370966250704,-0.0004125507003408524,-0.08415837571951468,True,-0.04548263278006848,-0.0004125507003408524,-0.08415837571951468,True,20,True,False,True,False,True,False,,1,STOP_BEFORE_TARGET,False,True,False,True,False,,1,STOP_BEFORE_TARGET,2025-06-16,2025-06-18,2025-06-23,2025-06-30,2025-07-15
COP|2025-06-16T00:00:00|Long,COP,2025-06-16,Long,0.0052631578947368585,0.018421052631578894,-0.0017894544099507081,True,-0.003263132195723717,0.018421052631578894,-0.017789499383223717,True,-0.05905263800370064,0.018421052631578894,-0.06273683246813322,True,-0.03168423301295231,0.018421052631578894,-0.06526312577097038,True,-0.036736819618626626,0.020210507041529713,-0.06526312577097038,True,20,True,False,True,False,True,False,,4,STOP_BEFORE_TARGET,False,True,False,True,False,,4,STOP_BEFORE_TARGET,2025-06-17,2025-06-20,2025-06-24,2025-07-01,2025-07-16
COP|2025-06-17T00:00:00|Long,COP,2025-06-17,Long,-0.017801015164839673,0.006806298700302582,-0.022931962737238187,True,-0.03968587346101926,0.008481649828206761,-0.04554972224210574,True,-0.0680628272251309,0.008481649828206761,-0.070157036107248,True,-0.011099450875327266,0.008481649828206761,-0.070157036107248,True,-0.028167564831479086,0.014869090774296545,-0.070157036107248,True,20,True,False,True,False,True,False,,1,STOP_BEFORE_TARGET,False,True,False,True,False,,3,STOP_BEFORE_TARGET,2025-06-18,2025-06-23,2025-06-25,2025-07-02,2025-07-17
COP|2025-06-18T00:00:00|Long,COP,2025-06-18,Long,0.009488266105464271,0.014712123758210405,-0.0011727143579181032,True,-0.04701496288519291,0.02675900240057505,-0.0507462897800115,True,-0.03102349219011935,0.02675900240057505,-0.053304902316911984,True,-0.0012793469368632682,0.02675900240057505,-0.053304902316911984,True,-0.023027756842582514,0.03326220699018445,-0.053304902316911984,True,20,True,True,True,False,True,False,12,2,STOP_BEFORE_TARGET,False,True,False,True,False,,3,STOP_BEFORE_TARGET,2025-06-20,2025-06-24,2025-06-26,2025-07-03,2025-07-18
COP|2025-06-20T00:00:00|Long,COP,2025-06-20,Long,-0.03147115091456043,0.01710840717519191,-0.037385160251927174,True,-0.06009084691836608,0.01710840717519191,-0.06220297008961573,True,-0.04773475716465314,0.01710840717519191,-0.06220297008961573,True,-0.022600056336176122,0.01710840717519191,-0.06220297008961573,True,-0.03896929291653162,0.023550487591538216,-0.06220297008961573,True,20,True,False,True,False,True,False,,1,STOP_BEFORE_TARGET,False,True,False,True,False,,1,STOP_BEFORE_TARGET,2025-06-23,2025-06-25,2025-06-27,2025-07-07,2025-07-21
COP|2025-06-23T00:00:00|Long,COP,2025-06-23,Long,-0.025297129189667755,-0.000654209564853292,-0.029113490302033695,True,-0.00894122454487134,-0.000654209564853292,-0.03173041175187985,True,-0.021480768077301926,-0.000654209564853292,-0.03173041175187985,True,0.04448808059955023,0.05680949881674091,-0.03173041175187985,True,0.013848045852570046,0.05680949881674091,-0.03173041175187985,True,20,True,True,True,False,True,False,7,1,STOP_BEFORE_TARGET,True,True,False,True,False,10,2,STOP_BEFORE_TARGET,2025-06-24,2025-06-26,2025-06-30,2025-07-08,2025-07-22
COP|2025-06-24T00:00:00|Long,COP,2025-06-24,Long,-0.0043628973298057705,0.007047737529025211,-0.0066002499375668044,True,0.008725794659611541,0.017451589319223082,-0.0066002499375668044,True,0.029086010648548877,0.03288961250117994,-0.0066002499375668044,True,0.057500832584675754,0.08423759739021608,-0.0066002499375668044,True,0.06320619268885674,0.08423759739021608,-0.0066002499375668044,True,20,True,True,False,True,False,False,5,,TARGET_BEFORE_STOP,True,False,True,False,False,6,,TARGET_BEFORE_STOP,2025-06-25,2025-06-27,2025-07-01,2025-07-09,2025-07-23
COP|2025-06-25T00:00:00|Long,COP,2025-06-25,Long,0.021235948198297105,0.02146071530459981,0.0023595402749736483,True,0.008314582738983445,0.021910078070136896,0.0011235783609111483,True,0.06112362293714879,0.06157307142622015,0.0011235783609111483,True,0.07157306456833745,0.0889887434712957,0.0011235783609111483,True,0.07438205333238246,0.0889887434712957,0.0011235783609111483,True,20,True,True,False,True,False,False,4,,TARGET_BEFORE_STOP,True,False,True,False,False,5,,TARGET_BEFORE_STOP,2025-06-26,2025-06-30,2025-07-02,2025-07-10,2025-07-24
COP|2025-06-26T00:00:00|Long,COP,2025-06-26,Long,-0.00792167703309643,0.0006601117724354122,-0.011992478217738523,True,0.012102524826800298,0.01584335406619286,-0.019694145973679134,True,0.030696456532764538,0.04268893475050306,-0.019694145973679134,True,0.05193091926943816,0.06634391924073046,-0.019694145973679134,True,0.04466935400877725,0.06634391924073046,-0.019694145973679134,True,20,True,True,False,True,False,False,4,,TARGET_BEFORE_STOP,True,False,True,False,False,7,,TARGET_BEFORE_STOP,2025-06-27,2025-07-01,2025-07-03,2025-07-11,2025-07-25
COP|2025-06-27T00:00:00|Long,COP,2025-06-27,Long,-0.00476877358220773,0.00022185064730129156,-0.011866471293693892,True,0.04735504446235561,0.047798661145727506,-0.011866471293693892,True,0.026394642687618264,0.051014734030518705,-0.011866471293693892,True,0.044360653002404105,0.07485860194155691,-0.011866471293693892,True,0.07596760134437086,0.07929468416404362,-0.011866471293693892,True,20,True,True,False,True,False,False,3,,TARGET_BEFORE_STOP,True,False,True,False,False,4,,TARGET_BEFORE_STOP,2025-06-30,2025-07-02,2025-07-07,2025-07-14,2025-07-28
COP|2025-06-30T00:00:00|Long,COP,2025-06-30,Long,0.025072432065528227,0.028861199341869037,-0.006017393897725487,True,0.043904641577854786,0.05605080119271566,-0.006017393897725487,True,0.06741701800508237,0.08000891994755155,-0.006017393897725487,True,0.03131273963538561,0.08000891994755155,-0.006017393897725487,True,0.09193225090693646,0.09282373556215262,-0.006017393897725487,True,20,True,True,False,True,False,False,2,,TARGET_BEFORE_STOP,True,False,True,False,False,2,,TARGET_BEFORE_STOP,2025-07-01,2025-07-03,2025-07-08,2025-07-15,2025-07-29
COP|2025-07-01T00:00:00|Long,COP,2025-07-01,Long,0.026633380090572478,0.027068219925948656,-0.0008695967335342614,True,0.006087674758049388,0.030220663592294583,-0.008153060304563753,True,0.02761170751725528,0.05359278638615428,-0.008153060304563753,True,-0.005217912150078496,0.05359278638615428,-0.009674958259771493,True,0.050875099617966324,0.06609416210726216,-0.013262324698711914,True,20,True,True,False,True,False,False,2,,TARGET_BEFORE_STOP,True,False,True,False,False,4,,TARGET_BEFORE_STOP,2025-07-02,2025-07-07,2025-07-09,2025-07-16,2025-07-30
COP|2025-07-02T00:00:00|Long,COP,2025-07-02,Long,-0.008047459938409052,0.003494220596456321,-0.009423966186369204,True,0.014294773816409867,0.026260013378099245,-0.03388399507530837,True,0.00984752521319332,0.026260013378099245,-0.03388399507530837,True,-0.017259687004178237,0.026260013378099245,-0.03886071265846103,True,0.009529795353857118,0.03843707284601283,-0.03886071265846103,True,20,True,True,True,False,True,False,17,2,STOP_BEFORE_TARGET,False,True,False,True,False,,2,STOP_BEFORE_TARGET,2025-07-03,2025-07-08,2025-07-10,2025-07-17,2025-07-31
COP|2025-07-03T00:00:00|Long,COP,2025-07-03,Long,-0.012062310522383046,0.0004269952540247868,-0.02604614040838593,True,0.009073425185227357,0.03458580116582821,-0.02604614040838593,True,0.02060205272084259,0.03458580116582821,-0.02604614040838593,True,-0.021776269309156215,0.03458580116582821,-0.03106323284190471,True,-0.009820646519516307,0.04686165003573217,-0.03106323284190471,True,20,True,True,True,False,True,False,2,1,STOP_BEFORE_TARGET,False,True,False,True,False,,9,STOP_BEFORE_TARGET,2025-07-07,2025-07-09,2025-07-11,2025-07-18,2025-08-01
COP|2025-07-07T00:00:00|Long,COP,2025-07-07,Long,0.03500807949144624,0.047217665835663114,-0.00032421834361939794,True,0.030470011905317396,0.047217665835663114,-0.00032421834361939794,True,0.01750399852803386,0.047217665835663114,-0.00032421834361939794,True,-0.016747736365724242,0.047217665835663114,-0.01923291572120156,True,0.003241441517787047,0.05964339774229277,-0.01923291572120156,True,20,True,True,False,True,False,False,1,,TARGET_BEFORE_STOP,True,False,True,False,False,15,,TARGET_BEFORE_STOP,2025-07-08,2025-07-10,2025-07-14,2025-07-21,2025-08-04
COP|2025-07-08T00:00:00|Long,COP,2025-07-08,Long,-0.013153796055828448,0.0,-0.014510902770261125,True,-0.0018791137222612386,0.004175817121367942,-0.02703835413436484,True,-0.033823967353614814,0.004175817121367942,-0.034659146707305744,True,-0.029334977886384506,0.004175817121367942,-0.0524063495613476,True,-0.02703835413436484,0.02380205405058411,-0.0524063495613476,True,20,True,False,True,False,True,False,,2,STOP_BEFORE_TARGET,False,True,False,True,False,,5,STOP_BEFORE_TARGET,2025-07-09,2025-07-11,2025-07-15,2025-07-22,2025-08-05
COP|2025-07-09T00:00:00|Long,COP,2025-07-09,Long,0.008886109998227587,0.010684461538908563,-0.014069627083777902,True,-0.0038083213265671656,0.01756060175124996,-0.014069627083777902,True,-0.031947494785410036,0.01756060175124996,-0.036284781016277634,True,0.005395135330755529,0.01756060175124996,-0.03977575568374969,True,-0.015021667061063226,0.037448439238768394,-0.03977575568374969,True,20,True,True,True,False,True,False,14,4,STOP_BEFORE_TARGET,False,True,False,True,False,,5,STOP_BEFORE_TARGET,2025-07-10,2025-07-14,2025-07-16,2025-07-23,2025-08-06
COP|2025-07-10T00:00:00|Long,COP,2025-07-10,Long,0.0025164921553715303,0.008598088195542308,-0.007444679291446321,True,-0.029569042818605618,0.008598088195542308,-0.03040790020301054,True,-0.02684287631605453,0.008598088195542308,-0.0482332596313203,True,0.0026213693278829275,0.008598088195542308,-0.0482332596313203,True,-0.029044816951734997,0.028310756741998233,-0.0482332596313203,True,20,True,False,True,False,True,False,,3,STOP_BEFORE_TARGET,False,True,False,True,False,,3,STOP_BEFORE_TARGET,2025-07-11,2025-07-15,2025-07-17,2025-07-24,2025-08-07
COP|2025-07-11T00:00:00|Long,COP,2025-07-11,Long,-0.015061211507306882,0.0005229897650727011,-0.01882651438413363,True,-0.04288252743382148,0.0005229897650727011,-0.04717082007572104,True,-0.04152286576048092,0.0005229897650727011,-0.050622361012317985,True,-0.006903081873193884,0.004183678729478002,-0.050622361012317985,True,-0.017780534853988228,0.025729516460292867,-0.050622361012317985,True,20,True,False,True,False,True,False,,2,STOP_BEFORE_TARGET,False,True,False,True,False,,2,STOP_BEFORE_TARGET,2025-07-14,2025-07-16,2025-07-18,2025-07-25,2025-08-08
COP|2025-07-14T00:00:00|Long,COP,2025-07-14,Long,-0.01720287935315823,0.004141439919630896,-0.018052426264172916,True,-0.014441973418239384,0.004141439919630896,-0.03610493354559852,True,-0.03366250643074442,0.004141439919630896,-0.03610493354559852,True,0.030264399803938247,0.033450160211617064,-0.03610493354559852,True,-0.006796213253612349,0.04141448021356142,-0.03610493354559852,True,20,True,True,True,False,True,False,10,2,STOP_BEFORE_TARGET,False,True,False,True,False,,2,STOP_BEFORE_TARGET,2025-07-15,2025-07-17,2025-07-21,2025-07-28,2025-08-11
COP|2025-07-15T00:00:00|Long,COP,2025-07-15,Long,-0.011237178619494248,0.004862203494369721,-0.015667255859795226,True,-0.009832562205324469,0.012965930941905013,-0.01923291572120156,True,0.004646140367335239,0.012965930941905013,-0.01923291572120156,True,0.05877898036339824,0.05964339774229277,-0.01923291572120156,True,0.022042066114162706,0.05964339774229277,-0.01923291572120156,True,20,True,True,False,True,False,False,7,,TARGET_BEFORE_STOP,True,False,True,False,False,9,,TARGET_BEFORE_STOP,2025-07-16,2025-07-18,2025-07-22,2025-07-29,2025-08-12
COP|2025-07-16T00:00:00|Long,COP,2025-07-16,Long,0.014206047339262229,0.015954530110262377,-0.008086607757504138,True,-0.005573184617253424,0.024478175188269224,-0.008086607757504138,True,0.038575004883529385,0.04119764566778206,-0.008086607757504138,True,0.05638723540879376,0.07168612616605463,-0.008086607757504138,True,0.04775428931453751,0.07168612616605463,-0.008086607757504138,True,20,True,True,False,True,False,False,5,,TARGET_BEFORE_STOP,True,False,True,False,False,8,,TARGET_BEFORE_STOP,2025-07-17,2025-07-21,2025-07-23,2025-07-30,2025-08-13
COP|2025-07-17T00:00:00|Long,COP,2025-07-17,Long,-0.012606380774944581,0.010128245513774559,-0.020364178853201964,True,0.0018317616939114156,0.010128245513774559,-0.020579636708954796,True,0.03027696651122347,0.03210864600068786,-0.020579636708954796,True,0.02725998109955352,0.056674951778871385,-0.020579636708954796,True,0.030600194397076397,0.056674951778871385,-0.020579636708954796,True,20,True,True,True,False,True,False,5,1,STOP_BEFORE_TARGET,True,False,True,False,False,8,,TARGET_BEFORE_STOP,2025-07-18,2025-07-22,2025-07-24,2025-07-31,2025-08-14
COP|2025-07-18T00:00:00|Long,COP,2025-07-18,Long,-0.006983843233424714,0.005565278695190301,-0.0080750531285263,True,0.037101719211305006,0.039720639610344666,-0.0080750531285263,True,0.036119572027928815,0.04768663002714568,-0.0080750531285263,True,0.012221767285482299,0.0701658702313579,-0.0080750531285263,True,0.040266286184884814,0.0701658702313579,-0.0080750531285263,True,20,True,True,False,True,False,False,3,,TARGET_BEFORE_STOP,True,False,True,False,False,6,,TARGET_BEFORE_STOP,2025-07-21,2025-07-23,2025-07-25,2025-08-01,2025-08-15
COP|2025-07-21T00:00:00|Long,COP,2025-07-21,Long,0.02175827864762181,0.025274758810525322,0.001648368416251822,True,0.050769260951450956,0.05263737269810265,0.001648368416251822,True,0.06615380926446601,0.06945054609696943,0.001648368416251822,True,0.0203296535617703,0.07769230433872765,0.001648368416251822,True,0.03296703296703307,0.07769230433872765,0.001648368416251822,True,20,True,True,False,True,False,False,2,,TARGET_BEFORE_STOP,True,False,True,False,False,3,,TARGET_BEFORE_STOP,2025-07-22,2025-07-24,2025-07-28,2025-08-04,2025-08-18
COP|2025-07-22T00:00:00|Long,COP,2025-07-22,Long,0.02215527515831317,0.024736452348081972,0.0018283304238302378,True,0.02118728242831036,0.032587638953563536,0.0018283304238302378,True,0.05388249436390602,0.054742914111876706,0.0018283304238302378,True,0.0023660312257043348,0.054742914111876706,-0.010970146651267831,True,0.00838888740735566,0.054742914111876706,-0.019359034058623603,True,20,True,True,False,True,False,False,2,,TARGET_BEFORE_STOP,True,False,True,False,False,5,,TARGET_BEFORE_STOP,2025-07-23,2025-07-25,2025-07-29,2025-08-05,2025-08-19
COP|2025-07-23T00:00:00|Long,COP,2025-07-23,Long,0.006102712810053479,0.007891414065395619,-0.007786172734018049,True,0.02083328817829977,0.02398988591470408,-0.007786172734018049,True,0.017150644336238363,0.0318812999800997,-0.007786172734018049,True,-0.020307242072642562,0.0318812999800997,-0.03240742636137206,True,-0.0015782988682021548,0.0318812999800997,-0.04061448414528501,True,20,True,True,True,True,False,False,4,7,TARGET_BEFORE_STOP,False,True,False,True,False,,8,STOP_BEFORE_TARGET,2025-07-24,2025-07-28,2025-07-30,2025-08-06,2025-08-20
COP|2025-07-24T00:00:00|Long,COP,2025-07-24,Long,-0.007006962759826929,0.0040786381347639455,-0.009203146387108396,True,0.02478555792838244,0.02562222210697196,-0.009203146387108396,True,-0.0029283246250629835,0.02562222210697196,-0.009203146387108396,True,-0.03158339453790582,0.02562222210697196,-0.04643382465877366,True,-0.008784814297813637,0.02562222210697196,-0.04643382465877366,True,20,True,False,True,False,True,False,,6,STOP_BEFORE_TARGET,False,True,False,True,False,,6,STOP_BEFORE_TARGET,2025-07-25,2025-07-29,2025-07-31,2025-08-07,2025-08-21
COP|2025-07-25T00:00:00|Long,COP,2025-07-25,Long,0.021800945353927625,0.024960535258088834,0.007793633669808786,True,0.018114810700212036,0.03285942966678301,0.007793633669808786,True,-0.023064717034224858,0.03285942966678301,-0.027066874959723708,True,-0.010953062870551977,0.03285942966678301,-0.03970507387295075,True,0.019273321641623875,0.03285942966678301,-0.03970507387295075,True,20,True,True,True,True,False,False,2,5,TARGET_BEFORE_STOP,False,True,False,True,False,,6,STOP_BEFORE_TARGET,2025-07-28,2025-07-30,2025-08-01,2025-08-08,2025-08-22
COP|2025-07-28T00:00:00|Long,COP,2025-07-28,Long,0.00999795149727456,0.010822542651910627,-0.003813596474845249,True,-0.017316021060652553,0.010822542651910627,-0.019789715887219894,True,-0.042980811309307754,0.010822542651910627,-0.05071117645000378,True,-0.035971943769583126,0.010822542651910627,-0.06019373881629575,True,0.011956335830199949,0.012368631407517983,-0.06019373881629575,True,20,True,False,True,False,True,False,,4,STOP_BEFORE_TARGET,False,True,False,True,False,,4,STOP_BEFORE_TARGET,2025-07-29,2025-07-31,2025-08-04,2025-08-11,2025-08-25
COP|2025-07-29T00:00:00|Long,COP,2025-07-29,Long,-0.01347075950199883,-0.005510775867941908,-0.021634811342019056,True,-0.05337275070472047,-0.005510775867941908,-0.057250747348222775,True,-0.04888254944332826,-0.005510775867941908,-0.061536880403651684,True,-0.03469743443209128,-0.005510775867941908,-0.0694968640377086,True,-0.009592762858496529,0.0023472125925887433,-0.0694968640377086,True,20,True,False,True,False,True,False,,1,STOP_BEFORE_TARGET,False,True,False,True,False,,3,STOP_BEFORE_TARGET,2025-07-30,2025-08-01,2025-08-05,2025-08-12,2025-08-26
COP|2025-07-30T00:00:00|Long,COP,2025-07-30,Long,-0.013758165472707584,0.0028964392738224376,-0.016240816432833816,True,-0.039515876354401014,0.0028964392738224376,-0.04727422966159012,True,-0.03682629177640118,0.0028964392738224376,-0.048722449298501336,True,-0.00817214162088531,0.0028964392738224376,-0.05679112411044984,True,0.012723734149492572,0.020275153838807958,-0.05679112411044984,True,20,True,False,True,False,True,False,,2,STOP_BEFORE_TARGET,False,True,False,True,False,,2,STOP_BEFORE_TARGET,2025-07-31,2025-08-04,2025-08-06,2025-08-13,2025-08-27
COP|2025-07-31T00:00:00|Long,COP,2025-07-31,Long,-0.02706098490413722,0.0015733326163269723,-0.031046771535235274,True,-0.02244597725873776,0.0015733326163269723,-0.03545203884253423,True,-0.028739227701024994,0.0037759662699765606,-0.04363327241980974,True,0.003251575413214969,0.015103865079906242,-0.04363327241980974,True,0.03262010415156236,0.03482281782823282,-0.04363327241980974,True,20,True,True,True,False,True,False,17,1,STOP_BEFORE_TARGET,False,True,False,True,False,,1,STOP_BEFORE_TARGET,2025-08-01,2025-08-05,2025-08-07,2025-08-14,2025-08-28
COP|2025-08-01T00:00:00|Long,COP,2025-08-01,Long,0.000970206293855469,0.01196637111673815,-0.007115175149953856,True,0.003773161557360405,0.03169463933058059,-0.008624439772898063,True,0.012397601330258468,0.03169463933058059,-0.017033223314659285,True,0.027705903790836706,0.04333760834936706,-0.017033223314659285,True,0.06694694848489169,0.0707201100422521,-0.017033223314659285,True,20,True,True,False,True,False,False,3,,TARGET_BEFORE_STOP,True,False,True,False,False,15,,TARGET_BEFORE_STOP,2025-08-04,2025-08-06,2025-08-08,2025-08-15,2025-08-29
COP|2025-08-04T00:00:00|Long,COP,2025-08-04,Long,0.0037695043605050493,0.007108278653265909,-0.009585346303441211,True,-0.0026925148530797527,0.030694652891302354,-0.017985979498004734,True,0.007323643687138226,0.030694652891302354,-0.017985979498004734,True,0.012385584757973245,0.042326336777174456,-0.017985979498004734,True,0.06612815821811524,0.07323643687138115,-0.017985979498004734,True,20,True,True,False,True,False,False,2,,TARGET_BEFORE_STOP,True,False,True,False,False,15,,TARGET_BEFORE_STOP,2025-08-05,2025-08-07,2025-08-11,2025-08-18,2025-09-02
COP|2025-08-05T00:00:00|Long,COP,2025-08-05,Long,-0.0009656259746511076,0.026824035213095065,-0.006652308342153801,True,0.0076180980377229535,0.026824035213095065,-0.021673784433578813,True,0.014914157029644048,0.03841203807166238,-0.021673784433578813,True,0.006008639552845363,0.03841203807166238,-0.021673784433578813,True,0.015557989539870531,0.06920605996606066,-0.021673784433578813,True,20,True,True,True,False,True,False,5,2,STOP_BEFORE_TARGET,True,False,True,False,False,14,,TARGET_BEFORE_STOP,2025-08-06,2025-08-08,2025-08-12,2025-08-19,2025-09-03
COP|2025-08-06T00:00:00|Long,COP,2025-08-06,Long,-0.005477415238828498,0.021802156223712732,-0.02072817412226724,True,0.004510773989820249,0.025668557340581932,-0.02072817412226724,True,0.029749722101907627,0.03941572489408074,-0.02072817412226724,True,0.019117160000308164,0.03941572489408074,-0.02072817412226724,True,0.028568317208442995,0.07023951103701598,-0.02072817412226724,True,20,True,True,True,False,True,False,4,1,STOP_BEFORE_TARGET,True,False,True,False,False,13,,TARGET_BEFORE_STOP,2025-08-07,2025-08-11,2025-08-13,2025-08-20,2025-09-04
COP|2025-08-07T00:00:00|Long,COP,2025-08-07,Long,0.014146924509446768,0.025162007229469374,-0.009719239100532295,True,0.021490258062214496,0.04514039280836446,-0.009719239100532295,True,0.03293739850989508,0.04514039280836446,-0.009719239100532295,True,0.023542120314235415,0.04514039280836446,-0.009719239100532295,True,0.0037796812082984133,0.07613394349815317,-0.009719239100532295,True,20,True,True,False,True,False,False,2,,TARGET_BEFORE_STOP,True,False,True,False,False,11,,TARGET_BEFORE_STOP,2025-08-08,2025-08-12,2025-08-14,2025-08-21,2025-09-05
COP|2025-08-08T00:00:00|Long,COP,2025-08-08,Long,-0.004046479267318159,0.016931064592558887,-0.011074442284863428,True,0.02097746261832434,0.03056112240729769,-0.011074442284863428,True,0.015120840310628658,0.03056112240729769,-0.011074442284863428,True,0.03056112240729769,0.03716321720449112,-0.011074442284863428,True,-0.026727739733261258,0.0611223260561482,-0.036204891846370324,True,20,True,True,True,True,False,False,2,20,TARGET_BEFORE_STOP,True,True,True,False,False,13,20,TARGET_BEFORE_STOP,2025-08-11,2025-08-13,2025-08-15,2025-08-22,2025-09-08
COP|2025-08-11T00:00:00|Long,COP,2025-08-11,Long,0.011333236099949406,0.03474820958427505,0.0,True,0.022666553771529596,0.03474820958427505,0.0,True,0.005025138745186952,0.03474820958427505,-0.002031459894002552,True,0.04971668541182739,0.05014436547222956,-0.0036351581559721513,True,-0.017855214270728448,0.06543358095217577,-0.032289069629870326,True,20,True,True,True,True,False,False,1,19,TARGET_BEFORE_STOP,True,True,True,False,False,10,19,TARGET_BEFORE_STOP,2025-08-12,2025-08-14,2025-08-18,2025-08-25,2025-09-09
COP|2025-08-12T00:00:00|Long,COP,2025-08-12,Long,0.0136378154717256,0.0136378154717256,-0.0034886797170534667,True,0.007823295504956418,0.01945241609601478,-0.0034886797170534667,True,-0.008774650954581742,0.01945241609601478,-0.01480065493906324,True,0.02600704946725707,0.038376202805268544,-0.01480065493906324,True,-0.0028543889789564014,0.05349408377090037,-0.04313346399851592,True,20,True,True,True,True,False,False,9,17,TARGET_BEFORE_STOP,True,True,True,False,False,13,18,TARGET_BEFORE_STOP,2025-08-13,2025-08-15,2025-08-19,2025-08-26,2025-09-10
COP|2025-08-13T00:00:00|Long,COP,2025-08-13,Long,-0.002398787381388545,-0.0010429544950527614,-0.016583191316622004,True,-0.0196078150529041,0.005736369081281056,-0.026491457950441277,True,-0.010325384773978374,0.005736369081281056,-0.02805584990685661,True,0.021068046832770637,0.02868168626175005,-0.02805584990685661,True,-0.018251982166568315,0.03932002899933895,-0.056007460064837145,True,20,True,True,True,False,True,False,12,3,STOP_BEFORE_TARGET,False,True,False,True,False,,16,STOP_BEFORE_TARGET,2025-08-14,2025-08-18,2025-08-20,2025-08-27,2025-09-11
COP|2025-08-14T00:00:00|Long,COP,2025-08-14,Long,-0.0033455273363235394,0.008154717897059793,-0.009618381121472286,True,-0.019759533293233433,0.008154717897059793,-0.025718756353674266,True,-0.009095689834846987,0.008154717897059793,-0.025718756353674266,True,0.0292733442519153,0.031468918852197714,-0.025718756353674266,True,-0.033664413688816563,0.041819131585876246,-0.05373757770675802,True,20,True,True,True,False,True,False,9,2,STOP_BEFORE_TARGET,False,True,False,True,False,,15,STOP_BEFORE_TARGET,2025-08-15,2025-08-19,2025-08-21,2025-08-28,2025-09-12
COP|2025-08-15T00:00:00|Long,COP,2025-08-15,Long,-0.013951555706583685,-0.007657645472695096,-0.020874912985848648,True,-0.004615571519509976,-0.0013637352388065072,-0.022448330520762783,True,0.015210289734514992,0.02171404232733254,-0.022448330520762783,True,0.03818314612118967,0.041854587088340445,-0.022448330520762783,True,-0.031469631200853665,0.04531626572797287,-0.0505612042614485,True,20,True,True,True,False,True,False,6,1,STOP_BEFORE_TARGET,False,True,False,True,False,,14,STOP_BEFORE_TARGET,2025-08-18,2025-08-20,2025-08-22,2025-08-29,2025-09-15
COP|2025-08-18T00:00:00|Long,COP,2025-08-18,Long,-0.002553168763505642,0.005957420836103733,-0.008616995304188801,True,0.008297859354222004,0.014574497304064238,-0.008616995304188801,True,0.04446808835293381,0.044893630007480034,-0.008616995304188801,True,0.05308508365712261,0.060106399211477646,-0.008616995304188801,True,0.0057446905907163615,0.060106399211477646,-0.03712763684861209,True,20,True,True,True,True,False,False,4,14,TARGET_BEFORE_STOP,True,True,True,False,False,9,14,TARGET_BEFORE_STOP,2025-08-19,2025-08-21,2025-08-25,2025-09-02,2025-09-16
COP|2025-08-19T00:00:00|Long,COP,2025-08-19,Long,0.012052018213226212,0.015358306092180474,0.002026395133136516,True,0.032209861073578594,0.03882251820301397,0.0005332276154457194,True,0.035089599408786976,0.047568248537285696,0.0005332276154457194,True,0.009492314093117127,0.06281995792929318,0.0005332276154457194,True,0.0006399056871455588,0.06281995792929318,-0.03466296849351436,True,20,True,True,True,True,False,False,3,13,TARGET_BEFORE_STOP,True,True,True,False,False,6,13,TARGET_BEFORE_STOP,2025-08-20,2025-08-22,2025-08-26,2025-09-03,2025-09-17
COP|2025-08-20T00:00:00|Long,COP,2025-08-20,Long,-0.0011592434509337668,0.005058524186121627,-0.011381619116887731,True,0.034671735026760464,0.03509328540914658,-0.011381619116887731,True,0.031720962752570525,0.03941403612420635,-0.011381619116887731,True,0.009273867204956154,0.05016336986877179,-0.011381619116887731,True,-0.01485926906717483,0.05016336986877179,-0.04615868143735902,True,20,True,True,True,True,False,False,3,11,TARGET_BEFORE_STOP,True,True,True,False,False,8,12,TARGET_BEFORE_STOP,2025-08-21,2025-08-25,2025-08-27,2025-09-04,2025-09-18
COP|2025-08-21T00:00:00|Long,COP,2025-08-21,Long,0.021101498478145908,0.027642991984869303,0.004220315794794871,True,0.02395024585035954,0.03629460314107602,0.004220315794794871,True,0.03872123038839881,0.04093695856493329,0.004220315794794871,True,-0.019307890426502272,0.05138217777278342,-0.02795950158270899,True,-0.030175149263414913,0.05138217777278342,-0.04505166383267689,True,20,True,True,True,True,False,False,2,10,TARGET_BEFORE_STOP,True,True,True,False,False,7,11,TARGET_BEFORE_STOP,2025-08-22,2025-08-26,2025-08-28,2025-09-05,2025-09-19
COP|2025-08-22T00:00:00|Long,COP,2025-08-22,Long,0.014465814667672827,0.014879132667589001,-0.005992992750261994,True,0.011572667500607814,0.019115504210120315,-0.005992992750261994,True,0.02262866779323347,0.026245101752064626,-0.005992992750261994,True,-0.05558997025497847,0.029654916127111797,-0.06478607896415556,True,,,,False,20,False,,True,False,True,False,,7,STOP_BEFORE_TARGET,,True,False,True,False,,9,STOP_BEFORE_TARGET,2025-08-25,2025-08-27,2025-08-29,2025-09-08,
COP|2025-08-25T00:00:00|Long,COP,2025-08-25,Long,-0.01150944438689716,-0.0018333703872099871,-0.018333703872100315,True,0.0027500167266976128,0.004889013601971692,-0.018333703872100315,True,0.008250127888327574,0.014972511877509476,-0.018333703872100315,True,-0.06437155912792403,0.014972511877509476,-0.07812179817788178,True,,,,False,20,False,,True,False,True,False,,6,STOP_BEFORE_TARGET,,True,False,True,False,,6,STOP_BEFORE_TARGET,2025-08-26,2025-08-28,2025-09-02,2025-09-09,
COP|2025-08-26T00:00:00|Long,COP,2025-08-26,Long,0.008758355975195364,0.016280207645305467,-0.0028851767118655003,True,0.01978359720320011,0.023389969826747903,-0.0028851767118655003,True,-0.024729535810513625,0.026790297705961752,-0.02792381894539364,True,-0.028129863689727586,0.026790297705961752,-0.06738795167311318,True,,,,False,20,False,,True,False,True,False,,5,STOP_BEFORE_TARGET,,True,False,True,False,,6,STOP_BEFORE_TARGET,2025-08-27,2025-08-29,2025-09-03,2025-09-10,
COP|2025-08-27T00:00:00|Long,COP,2025-08-27,Long,0.005617930682237038,0.007763045192900941,-0.010929516630716063,True,0.011133772430049316,0.017875382765314862,-0.010929516630716063,True,-0.021756944327007588,0.017875382765314862,-0.04004083869098918,True,-0.03850872536977823,0.017875382765314862,-0.07548518155737682,True,,,,False,20,False,,True,False,True,False,,4,STOP_BEFORE_TARGET,,True,False,True,False,,4,STOP_BEFORE_TARGET,2025-08-28,2025-09-02,2025-09-04,2025-09-11,
COP|2025-08-28T00:00:00|Long,COP,2025-08-28,Long,0.005281912530015864,0.0088370012549559,-0.003961395649950794,True,-0.038598227934542706,0.012188975264951996,-0.041747087229594304,True,-0.05586592351944408,0.012188975264951996,-0.06419502174435632,True,-0.06114775855433785,0.012188975264951996,-0.08065002598411442,True,,,,False,20,False,,True,False,True,False,,3,STOP_BEFORE_TARGET,,True,False,True,False,,3,STOP_BEFORE_TARGET,2025-08-29,2025-09-03,2025-09-05,2025-09-12,
COP|2025-08-29T00:00:00|Long,COP,2025-08-29,Long,0.00020204751762920026,0.006870771918648266,-0.011922807826832083,True,-0.03233307606514735,0.006870771918648266,-0.05041929677904955,True,-0.07648782056638681,0.006870771918648266,-0.08548043831591812,True,-0.06709103069364664,0.006870771918648266,-0.08548043831591812,True,,,,False,20,False,,True,False,True,False,,2,STOP_BEFORE_TARGET,,True,False,True,False,,2,STOP_BEFORE_TARGET,2025-09-02,2025-09-04,2025-09-08,2025-09-15,
COP|2025-09-02T00:00:00|Long,COP,2025-09-02,Long,-0.04384277635669154,-0.007172432566871612,-0.04697445829101099,True,-0.06101627483455063,-0.007172432566871612,-0.06929993694708758,True,-0.07202745133129818,-0.007172432566871612,-0.085665177397107,True,-0.044954005902356875,-0.007172432566871612,-0.085665177397107,True,,,,False,20,False,,True,False,True,False,,1,STOP_BEFORE_TARGET,,True,False,True,False,,1,STOP_BEFORE_TARGET,2025-09-03,2025-09-05,2025-09-09,2025-09-16,
COP|2025-09-03T00:00:00|Long,COP,2025-09-03,Long,0.011833017423473313,0.016059129620307644,-0.007078691581025698,True,-0.03433703061390225,0.016059129620307644,-0.043740087933506144,True,-0.0034865486078672348,0.016059129620307644,-0.043740087933506144,True,-0.008769168702313812,0.016059129620307644,-0.043740087933506144,True,,,,False,20,False,,True,False,True,False,,2,STOP_BEFORE_TARGET,,True,False,True,False,,3,STOP_BEFORE_TARGET,2025-09-04,2025-09-08,2025-09-10,2025-09-17,
COP|2025-09-04T00:00:00|Long,COP,2025-09-04,Long,-0.029445544467692986,-0.009397451477821783,-0.0380077218047179,True,-0.04082694131531972,-0.009397451477821783,-0.05492319819577596,True,-0.017124354674049935,-0.009397451477821783,-0.05492319819577596,True,-0.023911385260538265,-0.0059517564456914585,-0.05492319819577596,True,,,,False,20,False,,True,False,True,False,,1,STOP_BEFORE_TARGET,,True,False,True,False,,1,STOP_BEFORE_TARGET,2025-09-05,2025-09-09,2025-09-11,2025-09-18,
COP|2025-09-05T00:00:00|Long,COP,2025-09-05,Long,-0.016675583359366586,0.0030124412897756248,-0.026250617451557212,True,0.014739137079745168,0.014846744788823862,-0.026250617451557212,True,-0.005594369662604293,0.02280799156736424,-0.026250617451557212,True,-0.011081213696762293,0.02420656346285721,-0.026250617451557212,True,,,,False,20,False,,True,False,True,False,,1,STOP_BEFORE_TARGET,,,,,,,,CENSORED,2025-09-08,2025-09-10,2025-09-12,2025-09-19,
COP|2025-09-08T00:00:00|Long,COP,2025-09-08,Long,0.005032812656380781,0.02472649998359766,0.0005469958591755031,True,0.029868661728261525,0.03205689558272251,0.0005469958591755031,True,0.010175057873631044,0.04015315216276227,0.0005469958591755031,True,,,,False,,,,False,20,False,True,,True,False,False,2,,TARGET_BEFORE_STOP,,,,,,,,CENSORED,2025-09-09,2025-09-11,2025-09-15,,
COP|2025-09-09T00:00:00|Long,COP,2025-09-09,Long,0.026779872285298545,0.026888756850550033,-0.0018506223363354835,True,0.006205091345927949,0.034944470532813465,-0.0018506223363354835,True,0.029174834393303595,0.035271041173979834,-0.0018506223363354835,True,,,,False,,,,False,20,False,True,,True,False,False,3,,TARGET_BEFORE_STOP,,,,,,,,CENSORED,2025-09-10,2025-09-12,2025-09-16,,
COP|2025-09-10T00:00:00|Long,COP,2025-09-10,Long,-0.002014444889959832,-0.0016963107849079506,-0.01738761020944357,True,-0.021098365884311243,0.007951653969748174,-0.027883770800757213,True,-0.005301102646498856,0.009329911538011437,-0.027883770800757213,True,,,,False,,,,False,20,False,,True,False,True,False,,2,STOP_BEFORE_TARGET,,True,False,True,False,,7,STOP_BEFORE_TARGET,2025-09-11,2025-09-15,2025-09-17,,
COP|2025-09-11T00:00:00|Long,COP,2025-09-11,Long,-0.01806009771428585,0.009986215540573884,-0.018166356468373945,True,0.004355717349120436,0.010304910751157026,-0.02592154343150288,True,-0.006905279033786127,0.01136725513699477,-0.02592154343150288,True,,,,False,,,,False,20,False,,True,False,True,False,,2,STOP_BEFORE_TARGET,,,,,,,,CENSORED,2025-09-12,2025-09-16,2025-09-18,,
COP|2025-09-12T00:00:00|Long,COP,2025-09-12,Long,-0.0010818833040239229,0.0067078085527962905,-0.008006035500663033,True,0.015038400790426065,0.02996858848772832,-0.008006035500663033,True,-0.0055177121556485575,0.02996858848772832,-0.011468111598982533,True,,,,False,,,,False,20,False,,,,,,,,CENSORED,,,,,,,,CENSORED,2025-09-15,2025-09-17,2025-09-19,,
COP|2025-09-15T00:00:00|Long,COP,2025-09-15,Long,0.02393587177130696,0.030001046118627306,0.003465825717297699,True,0.012455339576221247,0.0310841011618197,0.003465825717297699,True,,,,False,,,,False,,,,False,20,False,True,,True,False,False,1,,TARGET_BEFORE_STOP,,,,,,,,CENSORED,2025-09-16,2025-09-18,,,
COP|2025-09-16T00:00:00|Long,COP,2025-09-16,Long,-0.007615836828121614,0.006981129958995469,-0.01480856264355046,True,-0.027713166080070573,0.006981129958995469,-0.03353076092920437,True,,,,False,,,,False,,,,False,20,False,,True,False,True,False,,3,STOP_BEFORE_TARGET,,True,False,True,False,,3,STOP_BEFORE_TARGET,2025-09-17,2025-09-19,,,
COP|2025-09-17T00:00:00|Long,COP,2025-09-17,Long,-0.0036239217543866387,0.006182070272237272,-0.00969938217517441,True,,,,False,,,,False,,,,False,,,,False,20,False,,True,False,True,False,,2,STOP_BEFORE_TARGET,,,,,,,,CENSORED,2025-09-18,,,,
COP|2025-09-18T00:00:00|Long,COP,2025-09-18,Long,-0.01668811651655311,0.0037440999310269785,-0.022571678803807615,True,,,,False,,,,False,,,,False,,,,False,20,False,,True,False,True,False,,1,STOP_BEFORE_TARGET,,,,,,,,CENSORED,2025-09-19,,,,
COP|2025-09-19T00:00:00|Long,COP,2025-09-19,Long,,,,False,,,,False,,,,False,,,,False,,,,False,20,False,,,,,,,,CENSORED,,,,,,,,CENSORED,,,,,
