observation_id,symbol,timestamp,direction,forward_return_1,mfe_1,mae_1,complete_1,forward_return_3,mfe_3,mae_3,complete_3,forward_return_5,mfe_5,mae_5,complete_5,forward_return_10,mfe_10,mae_10,complete_10,forward_return_20,mfe_20,mae_20,complete_20,path_horizon,path_complete,target_3_stop_2_target_hit,target_3_stop_2_stop_hit,target_3_stop_2_target_before_stop,target_3_stop_2_stop_before_target,target_3_stop_2_neither,target_3_stop_2_bars_to_target,target_3_stop_2_bars_to_stop,target_3_stop_2_path_status,target_5_stop_3_target_hit,target_5_stop_3_stop_hit,target_5_stop_3_target_before_stop,target_5_stop_3_stop_before_target,target_5_stop_3_neither,target_5_stop_3_bars_to_target,target_5_stop_3_bars_to_stop,target_5_stop_3_path_status,label_end_1,label_end_3,label_end_5,label_end_10,label_end_20
MA|2021-09-23T00:00:00|Long,MA,2021-09-23,Long,0.011551377561741516,0.016550357924546066,-0.003699826394485295,True,-0.008162269010803636,0.02406300685578877,-0.014178042272451563,True,-0.01804731978494356,0.02406300685578877,-0.018838120399242708,True,-0.00045189837828552015,0.025729333643390362,-0.042251593366273155,True,0.006043957654113807,0.025729333643390362,-0.048267280437118365,True,20,True,False,True,False,True,False,,7,STOP_BEFORE_TARGET,False,True,False,True,False,,7,STOP_BEFORE_TARGET,2021-09-24,2021-09-28,2021-09-30,2021-10-07,2021-10-21
MA|2021-09-24T00:00:00|Long,MA,2021-09-24,Long,-0.0038809879222272414,0.012368753156370094,-0.00837614465413683,True,-0.013876483051948663,0.012368753156370094,-0.025435603573801258,True,0.005639906726094157,0.014016051380230987,-0.030712530398501636,True,-0.00893458838036576,0.014016051380230987,-0.05318856967769858,True,0.0014239718572990334,0.014016051380230987,-0.059135560808634025,True,20,True,False,True,False,True,False,,2,STOP_BEFORE_TARGET,False,True,False,True,False,,4,STOP_BEFORE_TARGET,2021-09-27,2021-09-29,2021-10-01,2021-10-08,2021-10-22
MA|2021-09-27T00:00:00|Long,MA,2021-09-27,Long,-0.015668347983373687,-0.0021582224889503676,-0.02163859477655583,True,-0.0254785901780048,0.0011492100645653647,-0.026263406132034373,True,-0.03523271910115433,0.017966768112504417,-0.04885498560001722,True,-0.026964137717365166,0.017966768112504417,-0.04949968945239003,True,0.011463958471388924,0.021106031928622482,-0.055469850707048574,True,20,True,False,True,False,True,False,,1,STOP_BEFORE_TARGET,False,True,False,True,False,,5,STOP_BEFORE_TARGET,2021-09-28,2021-09-30,2021-10-04,2021-10-11,2021-10-25
MA|2021-09-28T00:00:00|Long,MA,2021-09-28,Long,0.005723588494634724,0.017085255780899145,0.003502508719122055,True,0.025627883671348606,0.03417051156179829,-0.011447090089164669,True,-0.0226949182382985,0.03417051156179829,-0.03371489431296171,True,-0.016629638532062563,0.03417051156179829,-0.034369860401933794,True,0.017483953461170376,0.04604480256556909,-0.040435053208065064,True,20,True,True,True,True,False,False,3,4,TARGET_BEFORE_STOP,False,True,False,True,False,,4,STOP_BEFORE_TARGET,2021-09-29,2021-10-01,2021-10-05,2021-10-12,2021-10-26
MA|2021-09-29T00:00:00|Long,MA,2021-09-29,Long,-0.015600695737527537,0.007956050678586069,-0.01639346670318742,True,-0.02545369396707775,0.02828503118808512,-0.03921403779206156,True,-0.012741017494532714,0.02828503118808512,-0.03986527645889304,True,-0.030691685107052114,0.02828503118808512,-0.04589595215897235,True,-0.049463464707219074,0.04009174541812954,-0.054899670189997196,True,20,True,True,True,False,True,False,18,3,STOP_BEFORE_TARGET,False,True,False,True,False,,3,STOP_BEFORE_TARGET,2021-09-30,2021-10-04,2021-10-06,2021-10-13,2021-10-27
MA|2021-09-30T00:00:00|Long,MA,2021-09-30,Long,0.03595260084941532,0.04458122505327489,-0.0014955965963701079,True,-0.012856653574747079,0.04458122505327489,-0.02398756475374131,True,0.017918807862314257,0.04458122505327489,-0.024649124208336204,True,-0.008916262565635824,0.04458122505327489,-0.03077537366215688,True,-0.04213643064053385,0.05657505131759777,-0.05410146673620775,True,20,True,True,True,True,False,False,1,2,TARGET_BEFORE_STOP,True,True,False,True,False,18,9,STOP_BEFORE_TARGET,2021-10-01,2021-10-05,2021-10-07,2021-10-14,2021-10-28
MA|2021-10-01T00:00:00|Long,MA,2021-10-01,Long,-0.04436665221195257,0.0013049065196861775,-0.057859949918567244,True,-0.03190068984402972,0.0013049065196861775,-0.05849855003796689,True,-0.014492757307044357,0.0013049065196861775,-0.05849855003796689,True,-0.01160528835799024,0.0013049065196861775,-0.06441218879788468,True,-0.0684657786761278,0.01990675099543493,-0.08692875283269186,True,20,True,False,True,False,True,False,,1,STOP_BEFORE_TARGET,False,True,False,True,False,,1,STOP_BEFORE_TARGET,2021-10-04,2021-10-06,2021-10-08,2021-10-15,2021-10-29
MA|2021-10-04T00:00:00|Long,MA,2021-10-04,Long,-0.0028762949356249123,0.012696092278343674,-0.00368977189485431,True,0.0282103169980068,0.03980238583260931,-0.01478799150189214,True,0.008570544987891449,0.046978449554587076,-0.01478799150189214,True,0.04137126591910123,0.046978449554587076,-0.02097617944406227,True,-0.029488739262325758,0.0672573883656924,-0.04453810733923791,True,20,True,True,True,True,False,False,3,7,TARGET_BEFORE_STOP,True,True,True,False,False,11,17,TARGET_BEFORE_STOP,2021-10-05,2021-10-07,2021-10-11,2021-10-18,2021-11-01
MA|2021-10-05T00:00:00|Long,MA,2021-10-05,Long,0.01596693313937325,0.016520537189770312,-0.011946056949371342,True,0.03423560004819359,0.049998555080979834,-0.011946056949371342,True,0.006206127256907834,0.049998555080979834,-0.011946056949371342,True,0.05503923288582335,0.05559283693622041,-0.018152095288185732,True,-0.04291827404645343,0.07033599035416516,-0.04810459968851988,True,20,True,True,True,True,False,False,2,16,TARGET_BEFORE_STOP,True,True,True,False,False,10,17,TARGET_BEFORE_STOP,2021-10-06,2021-10-08,2021-10-12,2021-10-19,2021-11-02
MA|2021-10-06T00:00:00|Long,MA,2021-10-06,Long,0.0149703208699834,0.02641312165703913,0.0008890348344468002,True,-0.00441655491737436,0.03349678107775378,-0.005133524140035206,True,-0.01818232898419847,0.03349678107775378,-0.03358281388364692,True,0.023172406767307363,0.03957666608261223,-0.03358281388364692,True,-0.055235336920396616,0.05351459328187946,-0.07270069668193435,True,20,True,True,True,True,False,False,2,5,TARGET_BEFORE_STOP,True,True,False,True,False,14,5,STOP_BEFORE_TARGET,2021-10-07,2021-10-11,2021-10-13,2021-10-20,2021-11-03
MA|2021-10-07T00:00:00|Long,MA,2021-10-07,Long,0.0029668214577263097,0.01825320388865226,0.0008476386365590116,True,-0.02421521639834978,0.01825320388865226,-0.026249635355861223,True,-0.026362682583992325,0.01825320388865226,-0.047836999521338575,True,0.006498792826338473,0.02424341353305537,-0.047836999521338575,True,-0.05221669575627952,0.03797576305369965,-0.08637791248592408,True,20,True,True,True,False,True,False,13,3,STOP_BEFORE_TARGET,False,True,False,True,False,,4,STOP_BEFORE_TARGET,2021-10-08,2021-10-12,2021-10-14,2021-10-21,2021-11-04
MA|2021-10-08T00:00:00|Long,MA,2021-10-08,Long,-0.02200247280426859,-0.00022533968388305237,-0.022706777531613098,True,-0.035525089179405,-0.00022533968388305237,-0.050653540966814736,True,0.002929931738668845,0.0046483940055346284,-0.050653540966814736,True,0.010451944055576146,0.02121365494863059,-0.050653540966814736,True,-0.017382192525033036,0.03490538355505213,-0.08908044815858962,True,20,True,True,True,False,True,False,12,1,STOP_BEFORE_TARGET,False,True,False,True,False,,3,STOP_BEFORE_TARGET,2021-10-11,2021-10-13,2021-10-15,2021-10-22,2021-11-05
MA|2021-10-11T00:00:00|Long,MA,2021-10-11,Long,-0.005213877546929924,0.008209725345308394,-0.007287912498282534,True,-0.0074031610813886095,0.008209725345308394,-0.029295644790328867,True,0.0325219897549196,0.036842888577828026,-0.029295644790328867,True,0.03949299062688816,0.049402258960137724,-0.029295644790328867,True,0.007259166284189655,0.058188139312065346,-0.06858706028292072,True,20,True,True,True,False,True,False,5,2,STOP_BEFORE_TARGET,True,True,True,False,False,11,12,TARGET_BEFORE_STOP,2021-10-12,2021-10-14,2021-10-18,2021-10-25,2021-11-08
MA|2021-10-12T00:00:00|Long,MA,2021-10-12,Long,-0.008658105826379603,0.012046110228249196,-0.02420798471134178,True,0.0308681408905771,0.03263447365837413,-0.02420798471134178,True,0.04853191041684757,0.04908209992116541,-0.02420798471134178,True,0.03469048217226067,0.06373431979795874,-0.02420798471134178,True,-0.0019980380168045375,0.06373431979795874,-0.06370533454941774,True,20,True,True,True,False,True,False,3,1,STOP_BEFORE_TARGET,True,True,True,False,False,9,11,TARGET_BEFORE_STOP,2021-10-13,2021-10-15,2021-10-19,2021-10-26,2021-11-09
MA|2021-10-13T00:00:00|Long,MA,2021-10-13,Long,0.0065137444983007775,0.010106590896428846,-0.004439957657808247,True,0.046998674020836795,0.051380154883280404,-0.004439957657808247,True,0.04212058610507552,0.05882863669285188,-0.004439957657808247,True,-0.01936615967463373,0.07302468104072646,-0.02497449440080224,True,0.04553818040002233,0.07302468104072646,-0.05552799598863445,True,20,True,True,True,True,False,False,2,10,TARGET_BEFORE_STOP,True,True,True,False,False,3,11,TARGET_BEFORE_STOP,2021-10-14,2021-10-18,2021-10-20,2021-10-27,2021-11-10
MA|2021-10-14T00:00:00|Long,MA,2021-10-14,Long,0.03314183606928478,0.03491206468189323,0.009170595464767839,True,0.050844565018217214,0.05139596802712765,0.009170595464767839,True,0.03375124887113379,0.05197633165022264,0.007806612531868762,True,-0.03351903257024036,0.06608050501643015,-0.04559171184419153,True,0.028324366318291938,0.06608050501643015,-0.06164023176639288,True,20,True,True,True,True,False,False,1,9,TARGET_BEFORE_STOP,True,True,True,False,False,3,9,TARGET_BEFORE_STOP,2021-10-15,2021-10-19,2021-10-21,2021-10-28,2021-11-11
MA|2021-10-15T00:00:00|Long,MA,2021-10-15,Long,0.00685393944215229,0.01106742258821991,-0.01620783430806705,True,0.0021628904878423505,0.0182303096471208,-0.01620783430806705,True,0.007500037718354946,0.0182303096471208,-0.024522502770584653,True,-0.057528120748112754,0.03188203961661684,-0.0762078788843048,True,0.02106741573033699,0.03188203961661684,-0.09174158332053195,True,20,True,True,True,False,True,False,7,4,STOP_BEFORE_TARGET,False,True,False,True,False,,8,STOP_BEFORE_TARGET,2021-10-18,2021-10-20,2021-10-22,2021-10-29,2021-11-12
MA|2021-10-18T00:00:00|Long,MA,2021-10-18,Long,0.010210924107745711,0.01074100568377534,-0.0023156374405488567,True,-0.006221434469197318,0.011298928036445277,-0.031162853899266763,True,0.006751430905237221,0.01634858082705337,-0.031162853899266763,True,-0.0680449014683413,0.024857726820169512,-0.08249639304433531,True,0.008146364496896652,0.035403421367515175,-0.09792435516248887,True,20,True,True,True,False,True,False,20,3,STOP_BEFORE_TARGET,False,True,False,True,False,,3,STOP_BEFORE_TARGET,2021-10-19,2021-10-21,2021-10-25,2021-11-01,2021-11-15
MA|2021-10-19T00:00:00|Long,MA,2021-10-19,Long,-0.014719737641539887,0.001077006695072713,-0.016846191661680887,True,-0.00947250101619912,0.001077006695072713,-0.04095558365056806,True,-0.013200769673365809,0.01449875700498926,-0.04095558365056806,True,-0.09284726470724325,0.01449875700498926,-0.09776303037775802,True,0.020602019688852113,0.024937858677404723,-0.10704227868624905,True,20,True,False,True,False,True,False,,2,STOP_BEFORE_TARGET,False,True,False,True,False,,2,STOP_BEFORE_TARGET,2021-10-20,2021-10-22,2021-10-26,2021-11-02,2021-11-16
MA|2021-10-20T00:00:00|Long,MA,2021-10-20,Long,-0.0015696319080591437,-0.001093096793083781,-0.026627800242570165,True,0.011463958471388924,0.021106031928622482,-0.026627800242570165,True,-0.059001565269443335,0.02965500859277248,-0.06438322148173425,True,-0.07663199590715275,0.02965500859277248,-0.09370180706118802,True,0.00672709164999441,0.040250066741432944,-0.09370180706118802,True,20,True,True,True,False,True,False,18,1,STOP_BEFORE_TARGET,False,True,False,True,False,,5,STOP_BEFORE_TARGET,2021-10-21,2021-10-25,2021-10-27,2021-11-03,2021-11-17
MA|2021-10-21T00:00:00|Long,MA,2021-10-21,Long,0.006906100422976236,0.015243882326765545,-0.003677599141008292,True,0.0031161839807085645,0.031273728743351104,-0.003677599141008292,True,-0.06507395421754891,0.031273728743351104,-0.07675246903156696,True,-0.058336372582961205,0.031273728743351104,-0.09227701610198313,True,-0.022430561820393602,0.04188544337790123,-0.09227701610198313,True,20,True,True,True,True,False,False,3,4,TARGET_BEFORE_STOP,False,True,False,True,False,,4,STOP_BEFORE_TARGET,2021-10-22,2021-10-26,2021-10-28,2021-11-04,2021-11-18
MA|2021-10-22T00:00:00|Long,MA,2021-10-22,Long,0.006105812702040581,0.01569680808113816,0.0003345557551375222,True,-0.06398642581715375,0.02420049725603879,-0.0693395731555253,True,-0.06454407546597651,0.02420049725603879,-0.08308477763656441,True,-0.0275462249781947,0.02420049725603879,-0.09850284597868153,True,-0.052834113523820836,0.03473942896982263,-0.09850284597868153,True,20,True,True,True,False,True,False,16,3,STOP_BEFORE_TARGET,False,True,False,True,False,,3,STOP_BEFORE_TARGET,2021-10-25,2021-10-27,2021-10-29,2021-11-05,2021-11-19
MA|2021-10-25T00:00:00|Long,MA,2021-10-25,Long,-0.009809838084139377,0.01798487229231105,-0.011223155676357677,True,-0.07712128720825795,0.01798487229231105,-0.08864931422975375,True,-0.07429473659284913,0.01798487229231105,-0.08864931422975375,True,-0.031009179122274966,0.01798487229231105,-0.10397381404623895,True,-0.10962699984608437,0.028459845779921,-0.11389452212579476,True,20,True,False,True,False,True,False,,2,STOP_BEFORE_TARGET,False,True,False,True,False,,2,STOP_BEFORE_TARGET,2021-10-26,2021-10-28,2021-11-01,2021-11-08,2021-11-22
MA|2021-10-26T00:00:00|Long,MA,2021-10-26,Long,-0.060450032633959316,-0.017351427515799878,-0.06582340492876126,True,-0.061009789162929096,-0.017351427515799878,-0.07962054075862812,True,-0.08071195496120731,-0.017351427515799878,-0.08569348060435944,True,-0.035458449479539134,-0.011670248914863235,-0.09509686076854895,True,-0.07925670755548331,0.038648822555472195,-0.10511585354500796,True,20,True,True,True,False,True,False,14,1,STOP_BEFORE_TARGET,False,True,False,True,False,,1,STOP_BEFORE_TARGET,2021-10-27,2021-10-29,2021-11-02,2021-11-09,2021-11-23
MA|2021-10-27T00:00:00|Long,MA,2021-10-27,Long,-0.008012636815278196,0.043994962945213434,-0.020403926124772043,True,-0.004974423393488858,0.043994962945213434,-0.020403926124772043,True,-0.018735876689059183,0.043994962945213434,-0.03687598247884505,True,0.06618611086592852,0.07119025917306754,-0.03687598247884505,True,0.01274871548830725,0.10547481095363986,-0.047539590721572766,True,20,True,True,True,,,False,1,1,AMBIGUOUS,True,True,False,True,False,8,5,STOP_BEFORE_TARGET,2021-10-28,2021-11-01,2021-11-03,2021-11-10,2021-11-24
MA|2021-10-28T00:00:00|Long,MA,2021-10-28,Long,0.0074767745953876474,0.015373975725774036,-0.005765286715227136,True,-0.013662396209490058,0.02363149009408927,-0.01900725638971812,True,0.007206539666941181,0.02363149009408927,-0.029096485232334657,True,0.06398822219230804,0.07990275941109859,-0.029096485232334657,True,-0.026604165943123093,0.11440412648460829,-0.04212833327544985,True,20,True,True,True,False,True,False,6,4,STOP_BEFORE_TARGET,True,True,True,False,False,6,17,TARGET_BEFORE_STOP,2021-10-29,2021-11-02,2021-11-04,2021-11-11,2021-11-26
MA|2021-10-29T00:00:00|Long,MA,2021-10-29,Long,-0.004381262723048174,0.01603482671368739,-0.007868336365353779,True,-0.018150919579466462,0.01603482671368739,-0.036301839158932925,True,0.03955060790941212,0.04363380760554603,-0.036301839158932925,True,0.0833929777733391,0.08440631929999487,-0.036301839158932925,True,-0.03728534709607756,0.10613381329030025,-0.051472310381388775,True,20,True,True,True,False,True,False,5,2,STOP_BEFORE_TARGET,True,True,False,True,False,6,3,STOP_BEFORE_TARGET,2021-11-01,2021-11-03,2021-11-05,2021-11-12,2021-11-29
MA|2021-11-01T00:00:00|Long,MA,2021-11-01,Long,-0.016674081754772252,0.005148933643335685,-0.022002621926430765,True,0.0041311328640663,0.01371057403744702,-0.032061044294112495,True,0.04675954559365625,0.057177089661661906,-0.032061044294112495,True,0.08175422408792143,0.11100140231953692,-0.032061044294112495,True,-0.05726680156950159,0.11100140231953692,-0.07166592820306683,True,20,True,True,True,False,True,False,4,1,STOP_BEFORE_TARGET,True,True,False,True,False,5,2,STOP_BEFORE_TARGET,2021-11-02,2021-11-04,2021-11-08,2021-11-15,2021-11-30
MA|2021-11-02T00:00:00|Long,MA,2021-11-02,Long,0.0028920532686314004,0.003348683478896053,-0.01564787651158306,True,0.061830238916544156,0.06600094967935077,-0.01564787651158306,True,0.04922668768063709,0.07510345252388295,-0.01564787651158306,True,0.12506084144637786,0.12984045442649328,-0.01564787651158306,True,-0.06758405828218039,0.12984045442649328,-0.06843646564315231,True,20,True,True,True,True,False,False,2,14,TARGET_BEFORE_STOP,True,True,True,False,False,3,18,TARGET_BEFORE_STOP,2021-11-03,2021-11-05,2021-11-09,2021-11-16,2021-12-01
MA|2021-11-03T00:00:00|Long,MA,2021-11-03,Long,0.018213277884218337,0.027927063144143505,-0.0003035731589079438,True,0.0614395203896112,0.07200316227444392,-0.0003035731589079438,True,0.0865434550571842,0.0916431506317601,-0.0003035731589079438,True,0.09027721037295677,0.12658231835032585,-0.0003035731589079438,True,-0.028018033190541858,0.12658231835032585,-0.07112282790486724,True,20,True,True,True,True,False,False,2,13,TARGET_BEFORE_STOP,True,True,True,False,False,2,16,TARGET_BEFORE_STOP,2021-11-04,2021-11-08,2021-11-10,2021-11-17,2021-12-02
MA|2021-11-04T00:00:00|Long,MA,2021-11-04,Long,0.03982952079677049,0.04391381602111477,0.01660557328158374,True,0.02748711034202289,0.05282771847367518,0.012580870264580213,True,0.0563754108905441,0.0721760799609148,0.012580870264580213,True,0.03813018759262943,0.10643059054512771,0.012580870264580213,True,-0.039710245401619604,0.10643059054512771,-0.08773810726051434,True,20,True,True,True,True,False,False,1,12,TARGET_BEFORE_STOP,True,True,True,False,False,2,12,TARGET_BEFORE_STOP,2021-11-05,2021-11-09,2021-11-11,2021-11-18,2021-12-03
MA|2021-11-05T00:00:00|Long,MA,2021-11-05,Long,0.002523022051244217,0.012500316077720841,-0.0032397857023676035,True,0.026233532132001747,0.031050162868615505,-0.026204921082939592,True,0.04217434873333992,0.043149136799400134,-0.026204921082939592,True,-0.026004206261689977,0.06404998936491424,-0.02769575797887347,True,-0.04432472718227276,0.06404998936491424,-0.1226812910250289,True,20,True,True,True,False,True,False,3,2,STOP_BEFORE_TARGET,True,True,True,False,False,6,11,TARGET_BEFORE_STOP,2021-11-08,2021-11-10,2021-11-12,2021-11-19,2021-12-06
MA|2021-11-08T00:00:00|Long,MA,2021-11-08,Long,-0.01435644847563533,0.0015157112676074114,-0.028655644311692763,True,0.013355400036673126,0.028512599988113063,-0.028655644311692763,True,0.033431439571366184,0.06137212409125614,-0.028655644311692763,True,-0.08113371048509654,0.06137212409125614,-0.0855377999643393,True,-0.029055976411912487,0.06137212409125614,-0.12488921483328619,True,20,True,True,True,False,True,False,4,1,STOP_BEFORE_TARGET,True,True,True,False,False,5,9,TARGET_BEFORE_STOP,2021-11-09,2021-11-11,2021-11-15,2021-11-22,2021-12-07
MA|2021-11-09T00:00:00|Long,MA,2021-11-09,Long,0.03856088431823257,0.04343537352621962,0.014072265165837594,True,0.0546931856588897,0.05567968310241711,0.014072265165837594,True,0.07227623416001316,0.07683160149505586,0.014072265165837594,True,-0.04540836841327456,0.07683160149505586,-0.07221814760378342,True,-0.006702444797627272,0.07683160149505586,-0.11214273779471728,True,20,True,True,True,True,False,False,1,9,TARGET_BEFORE_STOP,True,True,True,False,False,3,9,TARGET_BEFORE_STOP,2021-11-10,2021-11-12,2021-11-16,2021-11-23,2021-12-08
MA|2021-11-10T00:00:00|Long,MA,2021-11-10,Long,-0.010057568528135996,0.004749433411845416,-0.015002500644131112,True,0.009554626157538992,0.03684975792434764,-0.015002500644131112,True,0.0034363607809648755,0.03684975792434764,-0.018774099499547225,True,-0.050120138344534326,0.03684975792434764,-0.10666590047316993,True,-0.03749235440632592,0.03684975792434764,-0.14510812451008093,True,20,True,True,True,True,False,False,3,6,TARGET_BEFORE_STOP,False,True,False,True,False,,6,STOP_BEFORE_TARGET,2021-11-11,2021-11-15,2021-11-17,2021-11-24,2021-12-09
MA|2021-11-11T00:00:00|Long,MA,2021-11-11,Long,0.025850888290281038,0.026810408359718485,0.004487205379926751,True,0.04295309978552253,0.04738389320552816,0.004487205379926751,True,-0.017271533500134773,0.04738389320552816,-0.027544194464341754,True,-0.0851441644238965,0.04738389320552816,-0.09973470876313717,True,-0.012473847027817508,0.04738389320552816,-0.1364226359922257,True,20,True,True,True,True,False,False,2,5,TARGET_BEFORE_STOP,False,True,False,True,False,,6,STOP_BEFORE_TARGET,2021-11-12,2021-11-16,2021-11-18,2021-11-26,2021-12-10
MA|2021-11-12T00:00:00|Long,MA,2021-11-12,Long,-0.005887248001203549,0.02099038482204274,-0.007812919774114468,True,-0.011911930047498243,0.02099038482204274,-0.03378266514249484,True,-0.06541952896642877,0.02099038482204274,-0.06704262755759971,True,-0.11138924411107287,0.02099038482204274,-0.12448418156808805,True,-0.05004127219093879,0.02099038482204274,-0.1581843191196699,True,20,True,False,True,False,True,False,,3,STOP_BEFORE_TARGET,False,True,False,True,False,,3,STOP_BEFORE_TARGET,2021-11-15,2021-11-17,2021-11-19,2021-11-29,2021-12-13
MA|2021-11-15T00:00:00|Long,MA,2021-11-15,Long,0.02269208694773872,0.026870772543367005,0.0017711276134098064,True,-0.036362587623185894,0.026870772543367005,-0.046435685907425084,True,-0.11085897493498043,0.026870772543367005,-0.1151205924072235,True,-0.12851442828858672,0.026870772543367005,-0.14182533229333494,True,-0.057587996463825286,0.026870772543367005,-0.15319899157540495,True,20,True,False,True,False,True,False,,2,STOP_BEFORE_TARGET,False,True,False,True,False,,3,STOP_BEFORE_TARGET,2021-11-16,2021-11-18,2021-11-22,2021-11-30,2021-12-14
MA|2021-11-16T00:00:00|Long,MA,2021-11-16,Long,-0.028114471802950014,-0.00422122948614434,-0.04962657338199283,True,-0.0807446599605508,-0.00422122948614434,-0.08234114318868235,True,-0.1097521317960366,-0.00422122948614434,-0.13475481145675938,True,-0.17123065049610475,-0.00422122948614434,-0.17198830495315265,True,-0.06280439335536625,-0.00422122948614434,-0.17198830495315265,True,20,True,False,True,False,True,False,,1,STOP_BEFORE_TARGET,False,True,False,True,False,,1,STOP_BEFORE_TARGET,2021-11-17,2021-11-19,2021-11-23,2021-12-01,2021-12-15
MA|2021-11-17T00:00:00|Long,MA,2021-11-17,Long,-0.03048698888453949,0.009215684591831197,-0.040621505999983154,True,-0.1054376039729863,0.009215684591831197,-0.10972520586003409,True,-0.05337308993249634,0.009215684591831197,-0.10972520586003409,True,-0.10850015247317957,0.009215684591831197,-0.14803578093924663,True,-0.017401229964476128,0.009215684591831197,-0.14803578093924663,True,20,True,False,True,False,True,False,,1,STOP_BEFORE_TARGET,False,True,False,True,False,,1,STOP_BEFORE_TARGET,2021-11-18,2021-11-22,2021-11-24,2021-12-02,2021-12-16
MA|2021-11-18T00:00:00|Long,MA,2021-11-18,Long,-0.024409855752693166,-0.00450866497821778,-0.02610417640004936,True,-0.05519499498399405,-0.00450866497821778,-0.08172991601662793,True,-0.0690654979859292,-0.00450866497821778,-0.08391247234010368,True,-0.07498137894897083,-0.00450866497821778,-0.12124519290304614,True,0.0031301945151616106,0.015938164877126404,-0.12124519290304614,True,20,True,False,True,False,True,False,,1,STOP_BEFORE_TARGET,False,True,False,True,False,,2,STOP_BEFORE_TARGET,2021-11-19,2021-11-23,2021-11-26,2021-12-03,2021-12-17
MA|2021-11-19T00:00:00|Long,MA,2021-11-19,Long,-0.054221162609049856,0.005180765805077092,-0.058754242856931094,True,0.0008242045752111515,0.005180765805077092,-0.058754242856931094,True,-0.049187540901432736,0.005180765805077092,-0.06319910851158539,True,-0.018809650963960034,0.005180765805077092,-0.09925821588230987,True,-0.007947757557192348,0.04135755252114515,-0.09925821588230987,True,20,True,True,True,False,True,False,14,1,STOP_BEFORE_TARGET,False,True,False,True,False,,1,STOP_BEFORE_TARGET,2021-11-22,2021-11-24,2021-11-29,2021-12-06,2021-12-20
MA|2021-11-22T00:00:00|Long,MA,2021-11-22,Long,0.023965180515328255,0.026112713872381565,0.0012138644981487534,True,0.008932541997527021,0.05932150103558409,-0.007158381202462927,True,-0.019856752591429716,0.05932150103558409,-0.034827273160734085,True,0.05667607427483001,0.06573304213249598,-0.04761901143559133,True,0.09162777329570293,0.10105820869693072,-0.04761901143559133,True,20,True,True,True,True,False,False,2,5,TARGET_BEFORE_STOP,True,True,True,False,False,2,5,TARGET_BEFORE_STOP,2021-11-23,2021-11-26,2021-11-30,2021-12-07,2021-12-21
MA|2021-11-23T00:00:00|Long,MA,2021-11-23,Long,0.033434650455927084,0.03452883085581315,-0.012097297830784615,True,-0.018206657247340385,0.03452883085581315,-0.032674772036474176,True,-0.06905775447022222,0.03452883085581315,-0.06990881458966569,True,0.04054710133097461,0.04568388686716385,-0.06990881458966569,True,0.08656538293716753,0.09003038029540278,-0.06990881458966569,True,20,True,True,True,True,False,False,1,2,TARGET_BEFORE_STOP,True,True,False,True,False,11,2,STOP_BEFORE_TARGET,2021-11-24,2021-11-29,2021-12-01,2021-12-08,2021-12-22
MA|2021-11-24T00:00:00|Long,MA,2021-11-24,Long,-0.046558784036075385,-0.03861766142003675,-0.061764705882352944,True,-0.07376466638901658,-0.024058801987591916,-0.08791180778952201,True,-0.05823525821461395,-0.024058801987591916,-0.09999999999999998,True,0.013294085334329075,0.019205878762637907,-0.09999999999999998,True,0.060529372271369564,0.06608823888442106,-0.09999999999999998,True,20,True,True,True,False,True,False,11,1,STOP_BEFORE_TARGET,True,True,False,True,False,19,1,STOP_BEFORE_TARGET,2021-11-26,2021-11-30,2021-12-02,2021-12-09,2021-12-23
MA|2021-11-26T00:00:00|Long,MA,2021-11-26,Long,-0.0035783805227498355,0.023598709256276607,-0.018262063678058493,True,-0.05518713609340564,0.023598709256276607,-0.05605087662367925,True,-0.006354776786382521,0.023598709256276607,-0.05605087662367925,True,0.07943362721222313,0.08045157013907311,-0.05605087662367925,True,0.11148466123908118,0.11814784281861646,-0.05605087662367925,True,20,True,True,True,False,True,False,6,2,STOP_BEFORE_TARGET,True,True,False,True,False,7,2,STOP_BEFORE_TARGET,2021-11-29,2021-12-01,2021-12-03,2021-12-10,2021-12-27
MA|2021-11-29T00:00:00|Long,MA,2021-11-29,Long,-0.025045652126262863,-0.006965728404616955,-0.039936918436127455,True,-0.008699413249244725,-0.002507654667363024,-0.05266093697210006,True,0.03194940247866862,0.042568340250436654,-0.05266093697210006,True,0.06903807039648568,0.08433172165203251,-0.05266093697210006,True,0.11693132680649021,0.12733353035299522,-0.05266093697210006,True,20,True,True,True,False,True,False,5,1,STOP_BEFORE_TARGET,True,True,False,True,False,6,1,STOP_BEFORE_TARGET,2021-11-30,2021-12-02,2021-12-06,2021-12-13,2021-12-28
MA|2021-11-30T00:00:00|Long,MA,2021-11-30,Long,-0.027435584529530543,0.022545329871728637,-0.028324695311183423,True,0.022831105097351978,0.02467289687022345,-0.028324695311183423,True,0.0780833077905776,0.08732376104229567,-0.028324695311183423,True,0.08138566389054147,0.11218717472960127,-0.028324695311183423,True,0.14724372265984353,0.15629365909447923,-0.028324695311183423,True,20,True,True,True,False,True,False,4,1,STOP_BEFORE_TARGET,True,False,True,False,False,4,,TARGET_BEFORE_STOP,2021-12-01,2021-12-03,2021-12-07,2021-12-14,2021-12-29
MA|2021-12-01T00:00:00|Long,MA,2021-12-01,Long,0.04544865313834956,0.051978625738490436,0.008848084974138137,True,0.08831783956111594,0.09951681829635839,0.008848084974138137,True,0.11773539800938271,0.12325323282765965,0.008848084974138137,True,0.13082802495729706,0.14356145159967681,0.008848084974138137,True,0.1786273725778018,0.1905772343927965,0.008848084974138137,True,20,True,True,False,True,False,False,1,,TARGET_BEFORE_STOP,True,False,True,False,False,1,,TARGET_BEFORE_STOP,2021-12-02,2021-12-06,2021-12-08,2021-12-15,2021-12-30
MA|2021-12-02T00:00:00|Long,MA,2021-12-02,Long,0.005964937763013989,0.007776358961426366,-0.019362935573601803,True,0.06030604878961876,0.06939412983637361,-0.019362935573601803,True,0.07595245433943365,0.08222981126946838,-0.019362935573601803,True,0.10218613358311623,0.10484064811632599,-0.019362935573601803,True,0.12217362156717759,0.13881942534316072,-0.019362935573601803,True,20,True,True,False,True,False,False,2,,TARGET_BEFORE_STOP,True,False,True,False,False,2,,TARGET_BEFORE_STOP,2021-12-03,2021-12-07,2021-12-09,2021-12-16,2021-12-31
MA|2021-12-03T00:00:00|Long,MA,2021-12-03,Long,0.03483282645974861,0.04548143516281544,-0.00034145278496244824,True,0.06280466892154357,0.06805133160901566,-0.00034145278496244824,True,0.08633705672247016,0.0873615098200835,-0.00034145278496244824,True,0.08444324436991346,0.09828942007977348,-0.00034145278496244824,True,0.1516253114667121,0.15587850192801445,-0.00034145278496244824,True,20,True,True,False,True,False,False,1,,TARGET_BEFORE_STOP,True,False,True,False,False,2,,TARGET_BEFORE_STOP,2021-12-06,2021-12-08,2021-12-10,2021-12-17,2022-01-03
MA|2021-12-06T00:00:00|Long,MA,2021-12-06,Long,0.018540255729496247,0.027270354368487126,0.011910123243119797,True,0.03357034437998352,0.03960043422066839,0.002310081787625373,True,0.035940393810716564,0.05076054993349999,0.002310081787625373,True,0.011070118471343315,0.061320623000639785,0.002310081787625373,True,0.12618135112501583,0.14721150001780714,0.002310081787625373,True,20,True,True,False,True,False,False,2,,TARGET_BEFORE_STOP,True,False,True,False,False,4,,TARGET_BEFORE_STOP,2021-12-07,2021-12-09,2021-12-13,2021-12-20,2022-01-04
MA|2021-12-07T00:00:00|Long,MA,2021-12-07,Long,0.008335502609243317,0.013313271725897469,-0.01593473979115989,True,0.03066184608016642,0.03163379554490642,-0.01593473979115989,True,0.0030631733893844437,0.03163379554490642,-0.01593473979115989,True,0.03307702319734962,0.0420016460130026,-0.01593473979115989,True,0.10129299031448258,0.12662363110899855,-0.01593473979115989,True,20,True,True,False,True,False,False,3,,TARGET_BEFORE_STOP,True,False,True,False,False,11,,TARGET_BEFORE_STOP,2021-12-08,2021-12-10,2021-12-14,2021-12-21,2022-01-05
MA|2021-12-08T00:00:00|Long,MA,2021-12-08,Long,0.006367916980490884,0.012239301531307811,-0.00972713269815817,True,0.008675589333627665,0.023105695351770095,-0.00972713269815817,True,0.011713529849042503,0.023105695351770095,-0.019892497608933413,True,0.04422508269671854,0.047555059161794366,-0.019892497608933413,True,0.08079688017174846,0.11731028828565893,-0.019892497608933413,True,20,True,True,False,True,False,False,6,,TARGET_BEFORE_STOP,True,False,True,False,False,11,,TARGET_BEFORE_STOP,2021-12-09,2021-12-13,2021-12-15,2021-12-22,2022-01-06
MA|2021-12-09T00:00:00|Long,MA,2021-12-09,Long,0.015674052555041174,0.01663186801651939,0.0008997955662346513,True,-0.011523282675321322,0.01663186801651939,-0.01933125471522379,True,0.02438182016117829,0.026848950118923076,-0.026094248580793455,True,0.046615575498455186,0.05210151160871801,-0.026094248580793455,True,0.07294208082020814,0.11024036978249452,-0.026094248580793455,True,20,True,True,True,False,True,False,9,4,STOP_BEFORE_TARGET,True,False,True,False,False,10,,TARGET_BEFORE_STOP,2021-12-10,2021-12-14,2021-12-16,2021-12-23,2022-01-07
MA|2021-12-10T00:00:00|Long,MA,2021-12-10,Long,-0.013174484717184298,-0.0011145822858686927,-0.02740633998474995,True,-0.010202352501212486,-0.0011145822858686927,-0.04112372569798539,True,-0.0017433008851510667,0.011002444667922884,-0.04112372569798539,True,0.02969245465294068,0.03586530438779989,-0.04112372569798539,True,0.03998053754437292,0.09310695393818635,-0.04112372569798539,True,20,True,True,True,False,True,False,9,1,STOP_BEFORE_TARGET,True,True,False,True,False,15,2,STOP_BEFORE_TARGET,2021-12-13,2021-12-15,2021-12-17,2021-12-27,2022-01-10
MA|2021-12-13T00:00:00|Long,MA,2021-12-13,Long,-0.013784743561666812,0.008398233230974661,-0.021574852334726002,True,0.022038214714154902,0.02449970031244919,-0.028322373659735556,True,-0.024007438543725335,0.02449970031244919,-0.028322373659735556,True,0.044800328198079775,0.05453076141141433,-0.028322373659735556,True,0.060757033201067845,0.10770033507383658,-0.028322373659735556,True,20,True,True,True,False,True,False,7,1,STOP_BEFORE_TARGET,True,False,True,False,False,10,,TARGET_BEFORE_STOP,2021-12-14,2021-12-16,2021-12-20,2021-12-28,2022-01-11
MA|2021-12-14T00:00:00|Long,MA,2021-12-14,Long,0.017031327318892453,0.01773604099670023,-0.014740828640768311,True,0.025723124591478408,0.03881956157561217,-0.014740828640768311,True,0.02992219294279086,0.03881956157561217,-0.014740828640768311,True,0.060901546014917596,0.06927037938938319,-0.014740828640768311,True,0.078578801130051,0.12318312644466745,-0.014740828640768311,True,20,True,True,False,True,False,False,2,,TARGET_BEFORE_STOP,True,False,True,False,False,6,,TARGET_BEFORE_STOP,2021-12-15,2021-12-17,2021-12-21,2021-12-29,2022-01-12
MA|2021-12-15T00:00:00|Long,MA,2021-12-15,Long,0.018969271570490776,0.021423365899807756,-0.003551352575869471,True,-0.026938117295875696,0.021423365899807756,-0.02921898351046337,True,0.03213513696167225,0.035426559253487255,-0.02921898351046337,True,0.04226933412117173,0.05283668967945476,-0.02921898351046337,True,0.06689759636739057,0.10437416849844094,-0.02921898351046337,True,20,True,True,True,False,True,False,5,3,STOP_BEFORE_TARGET,True,False,True,False,False,8,,TARGET_BEFORE_STOP,2021-12-16,2021-12-20,2021-12-22,2021-12-30,2022-01-13
MA|2021-12-16T00:00:00|Long,MA,2021-12-16,Long,-0.010228991646232699,-0.000368369256109391,-0.024934880357383893,True,-0.006177102772341847,-0.000368369256109391,-0.04729117592200183,True,0.021704558690604614,0.027059921312522217,-0.04729117592200183,True,0.018134403414316047,0.03323693761320756,-0.04729117592200183,True,0.054459935649522784,0.08381498766525053,-0.04729117592200183,True,20,True,True,True,False,True,False,7,1,STOP_BEFORE_TARGET,True,True,False,True,False,11,2,STOP_BEFORE_TARGET,2021-12-17,2021-12-21,2021-12-23,2021-12-31,2022-01-14
MA|2021-12-17T00:00:00|Long,MA,2021-12-17,Long,-0.03518367247092702,-0.016546903380076694,-0.037445211026551184,True,0.0233890054245125,0.02665253678298196,-0.037445211026551184,True,0.03149065322172695,0.0376742828836496,-0.037445211026551184,True,0.06195074518245813,0.06587274892344097,-0.037445211026551184,True,0.048638717337384785,0.0950158961191454,-0.037445211026551184,True,20,True,True,True,False,True,False,4,1,STOP_BEFORE_TARGET,True,True,False,True,False,10,1,STOP_BEFORE_TARGET,2021-12-20,2021-12-22,2021-12-27,2022-01-03,2022-01-18
MA|2021-12-20T00:00:00|Long,MA,2021-12-20,Long,0.040709755112319224,0.04444843473578186,0.006972898285330764,True,0.06990682548992067,0.07551484492511462,0.006972898285330764,True,0.0705002983210623,0.08047008046654902,0.006972898285330764,True,0.11385088981534874,0.13465078144362397,0.006972898285330764,True,0.07035197538889726,0.1349475178591948,0.006972898285330764,True,20,True,True,False,True,False,False,1,,TARGET_BEFORE_STOP,True,False,True,False,False,2,,TARGET_BEFORE_STOP,2021-12-21,2021-12-23,2021-12-28,2022-01-04,2022-01-19
MA|2021-12-21T00:00:00|Long,MA,2021-12-21,Long,0.019216573358085798,0.02246679905974469,-0.01186064828059541,True,0.02728519014277153,0.03344360869283758,-0.01186064828059541,True,0.030079314034014315,0.03820500880184263,-0.01186064828059541,True,0.06603183072062335,0.09055143596372339,-0.01186064828059541,True,0.037805810956327734,0.09055143596372339,-0.01186064828059541,True,20,True,True,False,True,False,False,2,,TARGET_BEFORE_STOP,True,False,True,False,False,8,,TARGET_BEFORE_STOP,2021-12-22,2021-12-27,2021-12-29,2022-01-05,2022-01-20
MA|2021-12-22T00:00:00|Long,MA,2021-12-22,Long,0.008671745246354723,0.01395879512425613,-0.006937481565711834,True,0.009231251235177318,0.01863042256190406,-0.006937481565711834,True,0.009818672765401493,0.02005701770673407,-0.006937481565711834,True,0.03502290653714546,0.06998989662285982,-0.006937481565711834,True,-0.006713730391359696,0.06998989662285982,-0.02436506015713802,True,20,True,True,True,True,False,False,7,12,TARGET_BEFORE_STOP,True,False,True,False,False,8,,TARGET_BEFORE_STOP,2021-12-23,2021-12-28,2021-12-30,2022-01-06,2022-01-21
MA|2021-12-23T00:00:00|Long,MA,2021-12-23,Long,-0.0007487631696878605,0.0013866548855168137,-0.013811028493540434,True,0.00196911087441598,0.009873060648801113,-0.013811028493540434,True,-0.0034943127599078583,0.011287391080433862,-0.013811028493540434,True,0.025153939935601555,0.06079098742032163,-0.013811028493540434,True,-0.030950062566200254,0.06079098742032163,-0.08317153295019208,True,20,True,True,True,True,False,False,6,11,TARGET_BEFORE_STOP,True,True,True,False,False,7,11,TARGET_BEFORE_STOP,2021-12-27,2021-12-29,2021-12-31,2022-01-07,2022-01-24
MA|2021-12-27T00:00:00|Long,MA,2021-12-27,Long,0.001304435691176442,0.010629783008507587,-0.0052732200309689725,True,0.0018872434303482954,0.01204517323221066,-0.0052732200309689725,True,0.029530167690412723,0.03333243553329912,-0.009797115825859959,True,0.00999141330495612,0.06158586381660891,-0.03202799984212268,True,-0.059809574918787245,0.06158586381660891,-0.08248453115950538,True,20,True,True,True,True,False,False,5,10,TARGET_BEFORE_STOP,True,True,True,False,False,6,10,TARGET_BEFORE_STOP,2021-12-28,2021-12-30,2022-01-03,2022-01-10,2022-01-25
MA|2021-12-28T00:00:00|Long,MA,2021-12-28,Long,0.0014136309311785222,0.006569086770902954,-0.001635335495002166,True,-0.004046763845052426,0.010726745191755871,-0.011087089122274074,True,0.04049563700475023,0.0599257031718472,-0.011087089122274074,True,0.015272492334021281,0.060202897317459314,-0.033289012157716624,True,-0.04468095562872021,0.060202897317459314,-0.08367981191738583,True,20,True,True,True,True,False,False,4,9,TARGET_BEFORE_STOP,True,True,True,False,False,5,9,TARGET_BEFORE_STOP,2021-12-29,2021-12-31,2022-01-04,2022-01-11,2022-01-26
MA|2021-12-29T00:00:00|Long,MA,2021-12-29,Long,-0.0008304085456312116,0.009299967538805465,-0.006033998012121344,True,0.02673753337662066,0.030529487443396786,-0.012483073594503291,True,0.03490266836425571,0.05870627737672662,-0.012483073594503291,True,0.016662484074544626,0.05870627737672662,-0.03465365560944733,True,-0.029782195773861653,0.05870627737672662,-0.08497332193235585,True,20,True,True,True,True,False,False,3,8,TARGET_BEFORE_STOP,True,True,True,False,False,4,8,TARGET_BEFORE_STOP,2021-12-30,2022-01-03,2022-01-05,2022-01-12,2022-01-27
MA|2021-12-30T00:00:00|Long,MA,2021-12-30,Long,-0.00462611971338045,0.006620722770971588,-0.011662349563611896,True,0.03989037038038967,0.05930913388542658,-0.011662349563611896,True,0.024959167869932353,0.05958616678445705,-0.011662349563611896,True,0.023629460677728753,0.05958616678445705,-0.033851357520382264,True,0.05961389543593154,0.060334079527124995,-0.08421284445240984,True,20,True,True,True,True,False,False,2,7,TARGET_BEFORE_STOP,True,True,True,False,False,3,7,TARGET_BEFORE_STOP,2021-12-31,2022-01-04,2022-01-06,2022-01-13,2022-01-28
MA|2021-12-31T00:00:00|Long,MA,2021-12-31,Long,0.03236670557094423,0.03617944933489303,-0.00019483280304954942,True,0.04057660657651585,0.06451072081512477,-0.00019483280304954942,True,0.028748709678570128,0.06451072081512477,-0.00019483280304954942,True,0.03567852349688705,0.06451072081512477,-0.029361065611432702,True,0.07530890851334426,0.07578197682763621,-0.0799566136054447,True,20,True,True,True,True,False,False,1,6,TARGET_BEFORE_STOP,True,True,True,False,False,2,15,TARGET_BEFORE_STOP,2022-01-03,2022-01-05,2022-01-07,2022-01-14,2022-01-31
MA|2022-01-03T00:00:00|Long,MA,2022-01-03,Long,0.011969274283048836,0.030866643247507985,0.0018869973484796354,True,-0.002561024870653017,0.031136237802635636,-0.011996258419173844,True,-0.018978321372834395,0.031136237802635636,-0.05979248541170146,True,-0.012535447529429589,0.031136237802635636,-0.05979248541170146,True,0.05690789771367033,0.06618139098285591,-0.10880176449924273,True,20,True,True,True,True,False,False,1,5,TARGET_BEFORE_STOP,True,True,False,True,False,20,5,STOP_BEFORE_TARGET,2022-01-04,2022-01-06,2022-01-10,2022-01-18,2022-02-01
MA|2022-01-04T00:00:00|Long,MA,2022-01-04,Long,-0.0039692604859203895,0.01894026232482826,-0.007672033805986245,True,-0.015290818956196328,0.01894026232482826,-0.030048826171998888,True,-0.0242414708660752,0.01894026232482826,-0.0709129827539392,True,-0.03905272673765403,0.01894026232482826,-0.0709129827539392,True,0.05690078190163561,0.06534536834249538,-0.11934259453465557,True,20,True,True,True,False,True,False,19,2,STOP_BEFORE_TARGET,True,True,False,True,False,19,3,STOP_BEFORE_TARGET,2022-01-05,2022-01-07,2022-01-11,2022-01-19,2022-02-02
MA|2022-01-05T00:00:00|Long,MA,2022-01-05,Long,-0.01043058026249688,0.0008558634111861529,-0.019791372070824598,True,-0.026718348214631815,0.0008558634111861529,-0.06721049824293346,True,-0.01762502392475318,0.0008558634111861529,-0.06721049824293346,True,-0.026477651933915825,0.010109651888208893,-0.06721049824293346,True,0.04324689406711002,0.06959085305161494,-0.11583310581862238,True,20,True,True,True,False,True,False,17,2,STOP_BEFORE_TARGET,True,True,False,True,False,18,3,STOP_BEFORE_TARGET,2022-01-06,2022-01-10,2022-01-12,2022-01-20,2022-02-03
MA|2022-01-06T00:00:00|Long,MA,2022-01-06,Long,-0.0009459624419341228,0.004837860932221272,-0.015918958509290593,True,-0.010027003932643552,0.004837860932221272,-0.05737840807115713,True,-0.0012973269900760087,0.020756736961570876,-0.05737840807115713,True,-0.04032436061549827,0.020756736961570876,-0.05737840807115713,True,0.03297300596494934,0.08086490115603895,-0.10651352341110643,True,20,True,True,True,False,True,False,15,2,STOP_BEFORE_TARGET,True,True,False,True,False,17,2,STOP_BEFORE_TARGET,2022-01-07,2022-01-11,2022-01-13,2022-01-21,2022-02-04
MA|2022-01-07T00:00:00|Long,MA,2022-01-07,Long,-0.015528176191401233,0.003408656259785703,-0.056485879149397955,True,-0.006330302655289444,0.006681999895811863,-0.056485879149397955,True,0.006736157968530776,0.02172324878096865,-0.056485879149397955,True,-0.05472739294678619,0.02172324878096865,-0.10566751847298017,True,0.01753012604713522,0.08188832687963399,-0.10566751847298017,True,20,True,True,True,False,True,False,14,1,STOP_BEFORE_TARGET,True,True,False,True,False,16,1,STOP_BEFORE_TARGET,2022-01-10,2022-01-12,2022-01-14,2022-01-24,2022-02-07
MA|2022-01-10T00:00:00|Long,MA,2022-01-10,Long,0.006540091942683457,0.01140390166448313,-0.021488849565893253,True,0.015415859127553277,0.037838995562367916,-0.021488849565893253,True,0.006567514239258054,0.037838995562367916,-0.021488849565893253,True,-0.06911047688547789,0.037838995562367916,-0.09156111947710122,True,0.028743346843496553,0.09895306367851409,-0.09156111947710122,True,20,True,True,True,False,True,False,3,1,STOP_BEFORE_TARGET,True,True,False,True,False,13,9,STOP_BEFORE_TARGET,2022-01-11,2022-01-13,2022-01-18,2022-01-25,2022-02-08
MA|2022-01-11T00:00:00|Long,MA,2022-01-11,Long,0.002784648747924612,0.015916313402664528,0.0021294568814349546,True,0.015970968268434804,0.031095535955528275,-0.005842405194011913,True,-0.015179222552863747,0.031095535955528275,-0.017963954616132427,True,-0.05905158311234637,0.031095535955528275,-0.09746378927683197,True,0.04116952747952496,0.09181250948232766,-0.09746378927683197,True,20,True,True,True,True,False,False,2,7,TARGET_BEFORE_STOP,True,True,False,True,False,13,7,STOP_BEFORE_TARGET,2022-01-12,2022-01-14,2022-01-19,2022-01-26,2022-02-09
MA|2022-01-12T00:00:00|Long,MA,2022-01-12,Long,0.006016692901819498,0.02823227025159669,0.0015518426615321879,True,-0.0027497475493132306,0.02823227025159669,-0.0086030973377067,True,-0.009011455121271883,0.02823227025159669,-0.020690986235143982,True,-0.045683479597149024,0.02823227025159669,-0.09997005653200475,True,0.019275318224122984,0.08878063784239543,-0.09997005653200475,True,20,True,True,True,False,True,False,11,4,STOP_BEFORE_TARGET,True,True,False,True,False,12,6,STOP_BEFORE_TARGET,2022-01-13,2022-01-18,2022-01-20,2022-01-27,2022-02-10
MA|2022-01-13T00:00:00|Long,MA,2022-01-13,Long,0.007090348865183227,0.014234709682864777,-0.014532353531188313,True,-0.023787557611717025,0.014234709682864777,-0.026547948284959433,True,-0.03907773021954708,0.014234709682864777,-0.04170276066321066,True,0.035153770129259465,0.03585732949215292,-0.10535287354736544,True,0.0006765533866444073,0.08226895788562527,-0.10535287354736544,True,20,True,True,True,False,True,False,10,3,STOP_BEFORE_TARGET,True,True,False,True,False,12,5,STOP_BEFORE_TARGET,2022-01-14,2022-01-19,2022-01-21,2022-01-28,2022-02-11
MA|2022-01-14T00:00:00|Long,MA,2022-01-14,Long,-0.015693090303620982,0.0,-0.01864890140331321,True,-0.021873526973785418,0.002499039714016771,-0.03340146908174357,True,-0.061052293025158355,0.002499039714016771,-0.11165157380293911,True,0.03826514127438729,0.03872191266006264,-0.11165157380293911,True,0.005428034971138862,0.07464931930402807,-0.11165157380293911,True,20,True,True,True,False,True,False,10,2,STOP_BEFORE_TARGET,True,True,False,True,False,11,2,STOP_BEFORE_TARGET,2022-01-18,2022-01-20,2022-01-24,2022-01-31,2022-02-14
MA|2022-01-18T00:00:00|Long,MA,2022-01-18,Long,-0.015206052394926006,0.008190008462942044,-0.017990708592693916,True,-0.030630634983926375,0.018482172418406995,-0.03327874105280071,True,-0.07518421770439487,0.018482172418406995,-0.09748837740955996,True,0.0703248993286465,0.07971611569786607,-0.09748837740955996,True,0.04160529964463633,0.09178276482435344,-0.09748837740955996,True,20,True,True,True,False,True,False,8,3,STOP_BEFORE_TARGET,True,True,False,True,False,9,3,STOP_BEFORE_TARGET,2022-01-19,2022-01-21,2022-01-25,2022-02-01,2022-02-15
MA|2022-01-19T00:00:00|Long,MA,2022-01-19,Long,0.009064920893969708,0.03420839952891619,0.002605833761477383,True,-0.031353081845531316,0.03420839952891619,-0.08355283378288092,True,-0.04454857326752282,0.03420839952891619,-0.08355283378288092,True,0.09985304221066604,0.10864081514662649,-0.08355283378288092,True,0.06154182078932857,0.10864081514662649,-0.08355283378288092,True,20,True,True,True,True,False,False,1,3,TARGET_BEFORE_STOP,True,True,False,True,False,7,3,STOP_BEFORE_TARGET,2022-01-20,2022-01-24,2022-01-26,2022-02-02,2022-02-16
MA|2022-01-20T00:00:00|Long,MA,2022-01-20,Long,-0.024505531394874658,0.011346167260473994,-0.027170369913289805,True,-0.06934063251201927,0.011346167260473994,-0.09178572434645438,True,-0.037005497859074477,0.011346167260473994,-0.09178572434645438,True,0.07162089924235926,0.0986813555706989,-0.09178572434645438,True,0.02664838518415169,0.0986813555706989,-0.09178572434645438,True,20,True,True,True,False,True,False,6,1,STOP_BEFORE_TARGET,True,True,False,True,False,6,2,STOP_BEFORE_TARGET,2022-01-21,2022-01-25,2022-01-27,2022-02-03,2022-02-17
MA|2022-01-21T00:00:00|Long,MA,2022-01-21,Long,-0.01593999481403985,-0.014024953973958976,-0.0689703479793019,True,-0.029345452585893828,-0.0008730358519675185,-0.0689703479793019,True,0.07725026537866242,0.07798243632007917,-0.0689703479793019,True,0.07637722952669468,0.12628148178197285,-0.0689703479793019,True,0.041877960451424334,0.12628148178197285,-0.0689703479793019,True,20,True,True,True,False,True,False,5,1,STOP_BEFORE_TARGET,True,True,False,True,False,5,1,STOP_BEFORE_TARGET,2022-01-24,2022-01-26,2022-01-28,2022-02-04,2022-02-18
MA|2022-01-24T00:00:00|Long,MA,2022-01-24,Long,-0.030507707779920956,-0.00681130098835836,-0.045876017867568786,True,0.003176650760996047,0.029219824459739252,-0.045876017867568786,True,0.10577525623821216,0.10626172783006149,-0.045876017867568786,True,0.07644093191188128,0.1445252076565562,-0.045876017867568786,True,0.05400376163940046,0.1445252076565562,-0.045876017867568786,True,20,True,True,True,False,True,False,4,1,STOP_BEFORE_TARGET,True,True,False,True,False,4,1,STOP_BEFORE_TARGET,2022-01-25,2022-01-27,2022-01-31,2022-02-07,2022-02-22
MA|2022-01-25T00:00:00|Long,MA,2022-01-25,Long,0.017416441511400205,0.04726053485216153,0.007350307481977403,True,0.12914747531820225,0.12991491905581087,-0.013077172823392935,True,0.15733848818178076,0.1674931768765482,-0.013077172823392935,True,0.10511862181194198,0.18054080144944984,-0.013077172823392935,True,0.06633014692687378,0.18054080144944984,-0.013077172823392935,True,20,True,True,False,True,False,False,1,,TARGET_BEFORE_STOP,True,False,True,False,False,2,,TARGET_BEFORE_STOP,2022-01-26,2022-01-28,2022-02-01,2022-02-08,2022-02-23
MA|2022-01-26T00:00:00|Long,MA,2022-01-26,Long,0.017031262852716056,0.04343411205722347,-0.029971615447352273,True,0.12104683101438063,0.12154002113899653,-0.029971615447352273,True,0.1511344391122258,0.1603319479442693,-0.029971615447352273,True,0.10651073830738733,0.1603319479442693,-0.029971615447352273,True,0.07172286008833684,0.1603319479442693,-0.029971615447352273,True,20,True,True,True,,,False,1,1,AMBIGUOUS,True,False,True,False,False,2,,TARGET_BEFORE_STOP,2022-01-27,2022-01-31,2022-02-02,2022-02-09,2022-02-24
MA|2022-01-27T00:00:00|Long,MA,2022-01-27,Long,0.09123330698569854,0.09197498173237428,0.013836208371339254,True,0.11847773064765654,0.12829144831343653,0.013836208371339254,True,0.11280064097971065,0.14090096374186456,0.013836208371339254,True,0.06806839914481477,0.14090096374186456,0.013836208371339254,True,0.05294838565380422,0.14090096374186456,-0.026303030419111972,True,20,True,True,True,True,False,False,1,19,TARGET_BEFORE_STOP,True,False,True,False,False,1,,TARGET_BEFORE_STOP,2022-01-28,2022-02-01,2022-02-03,2022-02-10,2022-02-25
MA|2022-01-28T00:00:00|Long,MA,2022-01-28,Long,0.010117369528600761,0.010561757664378835,-0.016261015560126935,True,0.03722775841369552,0.045515158342593454,-0.016261015560126935,True,-0.000810429925176881,0.045515158342593454,-0.016261015560126935,True,-0.03330637219078081,0.045515158342593454,-0.03887478690112911,True,-0.05670440481988004,0.045515158342593454,-0.10770963152644208,True,20,True,True,True,True,False,False,2,6,TARGET_BEFORE_STOP,False,True,False,True,False,,7,STOP_BEFORE_TARGET,2022-01-31,2022-02-02,2022-02-04,2022-02-11,2022-02-28
MA|2022-01-31T00:00:00|Long,MA,2022-01-31,Long,0.014700534717121183,0.02360369326035272,-0.010248955445505414,True,0.009550189954900423,0.03504324337132436,-0.010248955445505414,True,-0.02652828787842887,0.03504324337132436,-0.03382682115805358,True,-0.031626898561713634,0.03504324337132436,-0.050779012550450586,True,-0.10844244879905851,0.03504324337132436,-0.1168797636818868,True,20,True,True,True,True,False,False,2,4,TARGET_BEFORE_STOP,False,True,False,True,False,,5,STOP_BEFORE_TARGET,2022-02-01,2022-02-03,2022-02-07,2022-02-14,2022-03-01
MA|2022-02-01T00:00:00|Long,MA,2022-02-01,Long,0.011962461027933191,0.020047992445253016,-0.023746359272989515,True,-0.025149174649191086,0.020047992445253016,-0.0399173442685784,True,-0.045120651307361315,0.020047992445253016,-0.05488953004050279,True,-0.026832599804063495,0.020047992445253016,-0.06453090840818987,True,-0.12235372524465205,0.020047992445253016,-0.13612711179291204,True,20,True,False,True,False,True,False,,1,STOP_BEFORE_TARGET,False,True,False,True,False,,3,STOP_BEFORE_TARGET,2022-02-02,2022-02-04,2022-02-08,2022-02-15,2022-03-02
MA|2022-02-02T00:00:00|Long,MA,2022-02-02,Long,-0.01683678053126969,-0.009603018421156295,-0.02586013803560172,True,-0.05197226242517328,-0.009603018421156295,-0.059080031358301865,True,-0.03876497765044107,-0.009603018421156295,-0.06606173019553407,True,-0.034833036734010725,-0.009603018421156295,-0.07558913732671713,True,-0.14054192757561434,-0.009603018421156295,-0.1463389982573251,True,20,True,False,True,False,True,False,,1,STOP_BEFORE_TARGET,False,True,False,True,False,,2,STOP_BEFORE_TARGET,2022-02-03,2022-02-07,2022-02-09,2022-02-16,2022-03-03
MA|2022-02-03T00:00:00|Long,MA,2022-02-03,Long,-0.02017585297360769,-0.004922227783943689,-0.035019364231086425,True,-0.04024921658224723,-0.004922227783943689,-0.05006793245465779,True,-0.04019789366360671,-0.004153088129744353,-0.05006793245465779,True,-0.04196681316126183,-0.004153088129744353,-0.05975849750278017,True,-0.15204962300343283,-0.004153088129744353,-0.1693798704941255,True,20,True,False,True,False,True,False,,1,STOP_BEFORE_TARGET,False,True,False,True,False,,1,STOP_BEFORE_TARGET,2022-02-04,2022-02-08,2022-02-10,2022-02-17,2022-03-04
MA|2022-02-04T00:00:00|Long,MA,2022-02-04,Long,-0.015881755966377975,0.0005232383125743922,-0.02326011084380064,True,-0.002171682530962671,0.016352694401837065,-0.030507596257724257,True,-0.032522299310200564,0.016352694401837065,-0.03809523049074848,True,-0.0320512810276008,0.016352694401837065,-0.04039770263806963,True,-0.18126634371159855,0.016352694401837065,-0.18338572636544603,True,20,True,False,True,False,True,False,,1,STOP_BEFORE_TARGET,False,True,False,True,False,,2,STOP_BEFORE_TARGET,2022-02-07,2022-02-09,2022-02-11,2022-02-18,2022-03-07
MA|2022-02-07T00:00:00|Long,MA,2022-02-07,Long,-0.004679259146510684,0.009677462801707115,-0.01486187293043062,True,-0.004626034115297717,0.03275465175413794,-0.01486187293043062,True,-0.005237554024217994,0.03275465175413794,-0.024911586407755038,True,-0.02084384717016463,0.03275465175413794,-0.03278126426974448,True,-0.16430494113279093,0.03275465175413794,-0.18748841787621096,True,20,True,True,True,True,False,False,2,4,TARGET_BEFORE_STOP,False,True,False,True,False,,10,STOP_BEFORE_TARGET,2022-02-08,2022-02-10,2022-02-14,2022-02-22,2022-03-08
MA|2022-02-08T00:00:00|Long,MA,2022-02-08,Long,0.01869807968400039,0.03760989735685505,0.016641320264937365,True,-0.012287325810060423,0.03760989735685505,-0.017976815868064766,True,0.019152211772447192,0.03760989735685505,-0.020327444642513015,True,-0.035098924332186976,0.03760989735685505,-0.038037210300247204,True,-0.12351414599853461,0.03760989735685505,-0.18366859166718563,True,20,True,True,True,True,False,False,1,4,TARGET_BEFORE_STOP,False,True,False,True,False,,10,STOP_BEFORE_TARGET,2022-02-09,2022-02-11,2022-02-15,2022-02-23,2022-03-09
MA|2022-02-09T00:00:00|Long,MA,2022-02-09,Long,-0.018302384975528052,-0.0035922991706951457,-0.02834517056139152,True,-0.018905502654613993,-0.0012324021992309309,-0.03830921556131639,True,0.004090509422783439,0.009518328471795678,-0.03830921556131639,True,-0.03143925947999848,0.009518328471795678,-0.10504234226996301,True,-0.14888428430728928,0.009518328471795678,-0.19865225564571598,True,20,True,False,True,False,True,False,,1,STOP_BEFORE_TARGET,False,True,False,True,False,,2,STOP_BEFORE_TARGET,2022-02-10,2022-02-14,2022-02-16,2022-02-24,2022-03-10
MA|2022-02-10T00:00:00|Long,MA,2022-02-10,Long,-0.012340141173647345,0.017388228834468,-0.018029327000984363,True,0.01909771526144577,0.023184359454490266,-0.020379830081679096,True,-0.0018430043922357253,0.02833939190799617,-0.020379830081679096,True,-0.014156409367711786,0.02833939190799617,-0.08835710300902866,True,-0.13248218211720042,0.02833939190799617,-0.18371224286379895,True,20,True,False,True,False,True,False,,2,STOP_BEFORE_TARGET,False,True,False,True,False,,8,STOP_BEFORE_TARGET,2022-02-11,2022-02-15,2022-02-17,2022-02-25,2022-03-11
MA|2022-02-11T00:00:00|Long,MA,2022-02-11,Long,0.011872284876734973,0.020337019646480714,-0.00814013937711855,True,0.0355897018500948,0.04118779630264968,-0.00814013937711855,True,0.0004868518233174246,0.04118779630264968,-0.00814013937711855,True,-0.024204186265430527,0.04118779630264968,-0.07696674230105205,True,-0.11136650863858688,0.04118779630264968,-0.17351328006161448,True,20,True,True,True,True,False,False,2,7,TARGET_BEFORE_STOP,False,True,False,True,False,,8,STOP_BEFORE_TARGET,2022-02-14,2022-02-16,2022-02-18,2022-02-28,2022-03-14
MA|2022-02-14T00:00:00|Long,MA,2022-02-14,Long,0.01972419502507039,0.023813351440298947,-0.002031242672082434,True,-0.0012293977190932504,0.028971552896604802,-0.005318554134321918,True,-0.015688462314877638,0.028971552896604802,-0.027688731472475525,True,-0.07932433286638563,0.028971552896604802,-0.08803720899883571,True,-0.10466111631074648,0.028971552896604802,-0.1832104384210237,True,20,True,False,True,False,True,False,,5,STOP_BEFORE_TARGET,False,True,False,True,False,,6,STOP_BEFORE_TARGET,2022-02-15,2022-02-17,2022-02-22,2022-03-01,2022-03-15
MA|2022-02-15T00:00:00|Long,MA,2022-02-15,Long,0.0036430887973200043,0.009068489221545795,-0.012475781462023439,True,-0.030376883363009144,0.009068489221545795,-0.03286682461623269,True,-0.05323163260400898,0.009068489221545795,-0.05611470142740904,True,-0.09815487594565575,0.009068489221545795,-0.11230802836885334,True,-0.09660852084611926,0.009068489221545795,-0.19900933452020797,True,20,True,False,True,False,True,False,,2,STOP_BEFORE_TARGET,False,True,False,True,False,,3,STOP_BEFORE_TARGET,2022-02-16,2022-02-18,2022-02-23,2022-03-02,2022-03-16
MA|2022-02-16T00:00:00|Long,MA,2022-02-16,Long,-0.024103571528190093,-0.004282725725921144,-0.028099076734261264,True,-0.038231489856828116,-0.004282725725921144,-0.049956924891515264,True,-0.0353850261200126,-0.004282725725921144,-0.10868826133560727,True,-0.10952394234868923,-0.004282725725921144,-0.11553023027849396,True,-0.09529154396968409,-0.004282725725921144,-0.20191682240383813,True,20,True,False,True,False,True,False,,1,STOP_BEFORE_TARGET,False,True,False,True,False,,2,STOP_BEFORE_TARGET,2022-02-17,2022-02-22,2022-02-24,2022-03-03,2022-03-17
MA|2022-02-17T00:00:00|Long,MA,2022-02-17,Long,-0.010034786934720485,0.0029702577342907155,-0.012576965623505076,True,-0.033369014753455994,0.0029702577342907155,-0.03631256858696841,True,-0.012336140536668427,0.0029702577342907155,-0.08667383888254543,True,-0.11490500679357041,0.0029702577342907155,-0.1329944088401508,True,-0.06317906100591875,0.0029702577342907155,-0.1822050431664065,True,20,True,False,True,False,True,False,,2,STOP_BEFORE_TARGET,False,True,False,True,False,,3,STOP_BEFORE_TARGET,2022-02-18,2022-02-23,2022-02-25,2022-03-04,2022-03-18
MA|2022-02-18T00:00:00|Long,MA,2022-02-18,Long,-0.004487102601257398,0.011812393493697115,-0.016623933534622548,True,-0.0015407684968523627,0.011812393493697115,-0.07741590405032883,True,-0.024679023061372818,0.011812393493697115,-0.07741590405032883,True,-0.15415595863632992,0.011812393493697115,-0.15634551952143294,True,-0.06587383384414558,0.011812393493697115,-0.17391546082572584,True,20,True,False,True,False,True,False,,2,STOP_BEFORE_TARGET,False,True,False,True,False,,3,STOP_BEFORE_TARGET,2022-02-22,2022-02-24,2022-02-28,2022-03-07,2022-03-21
MA|2022-02-22T00:00:00|Long,MA,2022-02-22,Long,-0.019169668996688594,0.01430934560101993,-0.022156462224834028,True,0.002172168058887758,0.01430934560101993,-0.07325751543715109,True,-0.0646501317064363,0.01430934560101993,-0.0735018781290585,True,-0.14651503087430218,0.01430934560101993,-0.1701920273129376,True,-0.05093814475104541,0.01430934560101993,-0.1701920273129376,True,20,True,False,True,False,True,False,,1,STOP_BEFORE_TARGET,False,True,False,True,False,,2,STOP_BEFORE_TARGET,2022-02-23,2022-02-25,2022-03-01,2022-03-08,2022-03-22
MA|2022-02-23T00:00:00|Long,MA,2022-02-23,Long,0.022561785146895774,0.025773045636969805,-0.05514495701324307,True,-0.0011350210382296,0.03144806634571795,-0.05514495701324307,True,-0.047449032824369075,0.03144806634571795,-0.062397939981168826,True,-0.09163138470454602,0.03144806634571795,-0.15397398871399626,True,-0.052736532766287425,0.03144806634571795,-0.15397398871399626,True,20,True,True,True,False,True,False,2,1,STOP_BEFORE_TARGET,False,True,False,True,False,,1,STOP_BEFORE_TARGET,2022-02-24,2022-02-28,2022-03-02,2022-03-09,2022-03-23
MA|2022-02-24T00:00:00|Long,MA,2022-02-24,Long,-0.0007851224784456434,0.008690214447575562,-0.020791576626400632,True,-0.06741023760716014,0.008690214447575562,-0.07623586358185053,True,-0.07685855832246347,0.008690214447575562,-0.08308517525506776,True,-0.12125726339500076,0.008690214447575562,-0.1726406916678701,True,-0.05422599630332314,0.008690214447575562,-0.1726406916678701,True,20,True,False,True,False,True,False,,1,STOP_BEFORE_TARGET,False,True,False,True,False,,2,STOP_BEFORE_TARGET,2022-02-25,2022-03-01,2022-03-03,2022-03-10,2022-03-24
MA|2022-02-25T00:00:00|Long,MA,2022-02-25,Long,-0.022406429585539178,-0.010105966087776141,-0.03638676964706056,True,-0.06773415765274027,-0.010105966087776141,-0.08236471916907251,True,-0.10384997413253028,-0.010105966087776141,-0.12216531682048659,True,-0.12002489428733654,-0.010105966087776141,-0.1719906028778253,True,-0.054377001607611386,-0.010105966087776141,-0.1719906028778253,True,20,True,False,True,False,True,False,,1,STOP_BEFORE_TARGET,False,True,False,True,False,,1,STOP_BEFORE_TARGET,2022-02-28,2022-03-02,2022-03-04,2022-03-11,2022-03-25
MA|2022-02-28T00:00:00|Long,MA,2022-02-28,Long,-0.045285726972473905,0.0021062558411955035,-0.05432072974241653,True,-0.05495819712687178,0.0021062558411955035,-0.061332532657833894,True,-0.13275315371700913,0.0021062558411955035,-0.13499811813064821,True,-0.08932434546892376,0.0021062558411955035,-0.15301264024155592,True,-0.028629280195545226,0.0021062558411955035,-0.15301264024155592,True,20,True,False,True,False,True,False,,1,STOP_BEFORE_TARGET,False,True,False,True,False,,1,STOP_BEFORE_TARGET,2022-03-01,2022-03-03,2022-03-07,2022-03-14,2022-03-28
MA|2022-03-01T00:00:00|Long,MA,2022-03-01,Long,-0.0011321836855520129,0.01114722542795965,-0.016807966675174257,True,-0.039828149045337935,0.014572656913527382,-0.05945195753939103,True,-0.08752329149008042,0.014572656913527382,-0.11283681025053238,True,-0.027519770912641905,0.014572656913527382,-0.11283681025053238,True,0.06697043680585635,0.07628889323374954,-0.11283681025053238,True,20,True,True,True,False,True,False,20,3,STOP_BEFORE_TARGET,True,True,False,True,False,20,3,STOP_BEFORE_TARGET,2022-03-02,2022-03-04,2022-03-08,2022-03-15,2022-03-29
MA|2022-03-02T00:00:00|Long,MA,2022-03-02,Long,-0.009009288664328041,0.015722641517299074,-0.009852027571096489,True,-0.09058671638784832,0.015722641517299074,-0.09294083328980096,True,-0.046383189354350374,0.015722641517299074,-0.11183124007052325,True,0.0017146570495216729,0.019907600268590953,-0.11183124007052325,True,0.0527478104264949,0.07750883115341978,-0.11183124007052325,True,20,True,True,True,False,True,False,19,2,STOP_BEFORE_TARGET,True,True,False,True,False,19,2,STOP_BEFORE_TARGET,2022-03-03,2022-03-07,2022-03-09,2022-03-16,2022-03-30
MA|2022-03-03T00:00:00|Long,MA,2022-03-03,Long,-0.03000082337231824,-0.00633450753385667,-0.049825480867333294,True,-0.07818412394975283,-0.00633450753385667,-0.10375672569888206,True,-0.04809523553818118,-0.00633450753385667,-0.10375672569888206,True,0.015982909654577382,0.029179777975864463,-0.10375672569888206,True,0.04806597002208779,0.0873046728168998,-0.10375672569888206,True,20,True,True,True,False,True,False,11,1,STOP_BEFORE_TARGET,True,True,False,True,False,18,1,STOP_BEFORE_TARGET,2022-03-04,2022-03-08,2022-03-10,2022-03-17,2022-03-31
MA|2022-03-04T00:00:00|Long,MA,2022-03-04,Long,-0.05393637625821801,-0.002902472923907884,-0.056385366620583355,True,-0.007951399217445032,-0.002902472923907884,-0.0760370772509158,True,-0.018049344069536843,0.0006348755861596,-0.0760370772509158,True,0.05844112347790409,0.06645295628188208,-0.0760370772509158,True,0.10040509878630899,0.12093360387896901,-0.0760370772509158,True,20,True,True,True,False,True,False,8,1,STOP_BEFORE_TARGET,True,True,False,True,False,8,1,STOP_BEFORE_TARGET,2022-03-07,2022-03-09,2022-03-11,2022-03-18,2022-04-01
MA|2022-03-07T00:00:00|Long,MA,2022-03-07,Long,0.004505857995742657,0.03774126630389252,-0.02336069206982838,True,0.03729382081485588,0.05282499702792043,-0.02336069206982838,True,0.05007664015639923,0.07656906054879564,-0.02336069206982838,True,0.10437163410154882,0.12725289242593174,-0.02336069206982838,True,0.1725360728544243,0.1848395559756939,-0.02336069206982838,True,20,True,True,True,,,False,1,1,AMBIGUOUS,True,False,True,False,False,2,,TARGET_BEFORE_STOP,2022-03-08,2022-03-10,2022-03-14,2022-03-21,2022-04-04
MA|2022-03-08T00:00:00|Long,MA,2022-03-08,Long,0.043902964718812054,0.04810239646445402,0.021569684945531353,True,0.033277200456506506,0.05293804396422708,0.017243068301688425,True,0.06575896131685877,0.07651200756507426,0.017243068301688425,True,0.11198426402419814,0.12598227275529572,0.017243068301688425,True,0.15585538397460574,0.17952478479295797,0.017243068301688425,True,20,True,True,False,True,False,False,1,,TARGET_BEFORE_STOP,True,False,True,False,False,3,,TARGET_BEFORE_STOP,2022-03-09,2022-03-11,2022-03-15,2022-03-22,2022-04-05
MA|2022-03-09T00:00:00|Long,MA,2022-03-09,Long,-0.01078843291452769,-0.006125650613216127,-0.025538672959229403,True,0.0014018573377414523,0.02666625992683902,-0.025538672959229403,True,0.05043728871695041,0.06951512272320248,-0.025538672959229403,True,0.042818357309282185,0.07862733492532303,-0.025538672959229403,True,0.07746924247063203,0.12991803324428464,-0.025538672959229403,True,20,True,True,True,False,True,False,4,1,STOP_BEFORE_TARGET,True,False,True,False,False,5,,TARGET_BEFORE_STOP,2022-03-10,2022-03-14,2022-03-16,2022-03-23,2022-04-06
MA|2022-03-10T00:00:00|Long,MA,2022-03-10,Long,0.0006161995418461075,0.01965558074738394,-0.0017252458945493654,True,0.03207123996290018,0.04248439169569096,-0.0017252458945493654,True,0.06731571012672322,0.08117935364861295,-0.0017252458945493654,True,0.07628087755314072,0.09039094448045892,-0.0017252458945493654,True,0.07689698307613702,0.14224102390288218,-0.0017252458945493654,True,20,True,True,False,True,False,False,2,,TARGET_BEFORE_STOP,True,False,True,False,False,4,,TARGET_BEFORE_STOP,2022-03-11,2022-03-15,2022-03-17,2022-03-24,2022-04-07
MA|2022-03-11T00:00:00|Long,MA,2022-03-11,Long,0.011699829714568288,0.03722404021002523,0.0076049175027546045,True,0.06123951971296049,0.08051354169925928,0.0076049175027546045,True,0.07789644732704115,0.08605554651964398,0.0076049175027546045,True,0.07460198845802468,0.08971945984855934,0.0076049175027546045,True,0.08460845391107297,0.14153760895124634,0.0076049175027546045,True,20,True,True,False,True,False,False,1,,TARGET_BEFORE_STOP,True,False,True,False,False,3,,TARGET_BEFORE_STOP,2022-03-14,2022-03-16,2022-03-18,2022-03-25,2022-04-08
MA|2022-03-14T00:00:00|Long,MA,2022-03-14,Long,0.01950760441141952,0.029793994503882537,0.007973447598487837,True,0.054323035705446054,0.0680179139736592,0.007973447598487837,True,0.051705744008421206,0.07349582813120947,0.007973447598487837,True,0.06664838899710301,0.07711737003652841,0.007973447598487837,True,0.057153288257702606,0.12833626676927423,0.007973447598487837,True,20,True,True,False,True,False,False,2,,TARGET_BEFORE_STOP,True,False,True,False,False,2,,TARGET_BEFORE_STOP,2022-03-15,2022-03-17,2022-03-21,2022-03-28,2022-04-11
MA|2022-03-15T00:00:00|Long,MA,2022-03-15,Long,0.02889550052472023,0.047582096840018684,0.0050149035097948325,True,0.04504476518773326,0.05295519472947752,0.0050149035097948325,True,0.04337313068446824,0.05650744082322756,0.0050149035097948325,True,0.09716414266557827,0.10674629780783573,0.0050149035097948325,True,0.032238769531250044,0.10674629780783573,0.0050149035097948325,True,20,True,True,False,True,False,False,1,,TARGET_BEFORE_STOP,True,False,True,False,False,3,,TARGET_BEFORE_STOP,2022-03-16,2022-03-18,2022-03-22,2022-03-29,2022-04-12
MA|2022-03-16T00:00:00|Long,MA,2022-03-16,Long,0.005106213888313782,0.0063827673603924495,-0.014303100790705292,True,0.0026110999060249274,0.02338400176936073,-0.014303100790705292,True,-0.007253104482776274,0.026836486586272246,-0.014303100790705292,True,0.05094579880391059,0.07566443554609092,-0.014303100790705292,True,0.030347052903924476,0.07566443554609092,-0.014303100790705292,True,20,True,True,False,True,False,False,9,,TARGET_BEFORE_STOP,True,False,True,False,False,9,,TARGET_BEFORE_STOP,2022-03-17,2022-03-21,2022-03-23,2022-03-30,2022-04-13
MA|2022-03-17T00:00:00|Long,MA,2022-03-17,Long,0.010535717211529905,0.018184931730088838,-0.011401720872864063,True,0.008919282750591728,0.02161987698184986,-0.011401720872864063,True,0.0083997334072341,0.02161987698184986,-0.01656849726915066,True,0.03157834650822844,0.07019976663443184,-0.01656849726915066,True,0.032848414740261456,0.07019976663443184,-0.01656849726915066,True,20,True,True,False,True,False,False,8,,TARGET_BEFORE_STOP,True,False,True,False,False,8,,TARGET_BEFORE_STOP,2022-03-18,2022-03-22,2022-03-24,2022-03-31,2022-04-14
MA|2022-03-18T00:00:00|Long,MA,2022-03-18,Long,-0.012882429697511633,-0.00025706629390165325,-0.02170872113746558,True,-0.022594200762237726,0.010968597726467078,-0.02382243544554541,True,-0.0030563778897184646,0.010968597726467078,-0.02682162937839727,True,0.03964696228970843,0.059041999611393114,-0.02682162937839727,True,0.019166475835550534,0.059041999611393114,-0.02682162937839727,True,20,True,True,True,False,True,False,7,1,STOP_BEFORE_TARGET,True,False,True,False,False,7,,TARGET_BEFORE_STOP,2022-03-21,2022-03-23,2022-03-25,2022-04-01,2022-04-18
MA|2022-03-21T00:00:00|Long,MA,2022-03-21,Long,0.011430095377370053,0.02416229651010049,-0.00020249091197299673,True,0.010909253075225944,0.02416229651010049,-0.014121113938448282,True,0.014208009297096869,0.02416229651010049,-0.014121113938448282,True,0.061722373744532044,0.0728630828512804,-0.014121113938448282,True,0.052925543305723854,0.0728630828512804,-0.014121113938448282,True,20,True,True,False,True,False,False,6,,TARGET_BEFORE_STOP,True,False,True,False,False,6,,TARGET_BEFORE_STOP,2022-03-22,2022-03-24,2022-03-28,2022-04-04,2022-04-19
MA|2022-03-22T00:00:00|Long,MA,2022-03-22,Long,-0.021028255454996425,-0.008010722406510018,-0.02225845794772363,True,-0.001459130167385192,0.005750607308799838,-0.02526245702258345,True,0.051554913960475846,0.06073873790653761,-0.02526245702258345,True,0.03945300430029541,0.06073873790653761,-0.02526245702258345,True,0.045089147771766314,0.0639716646560553,-0.02526245702258345,True,20,True,True,True,False,True,False,5,1,STOP_BEFORE_TARGET,True,False,True,False,False,5,,TARGET_BEFORE_STOP,2022-03-23,2022-03-25,2022-03-29,2022-04-05,2022-04-20
MA|2022-03-23T00:00:00|Long,MA,2022-03-23,Long,0.02095392361098103,0.021246185302652654,-0.004325151968052943,True,0.024285457175947656,0.02735407115988031,-0.004325151968052943,True,0.05862411008232371,0.08352334356650593,-0.004325151968052943,True,0.03322811198947173,0.08352334356650593,-0.004325151968052943,True,0.06505351055611408,0.09655739450619372,-0.004325151968052943,True,20,True,True,False,True,False,False,4,,TARGET_BEFORE_STOP,True,False,True,False,False,4,,TARGET_BEFORE_STOP,2022-03-24,2022-03-28,2022-03-30,2022-04-06,2022-04-21
MA|2022-03-24T00:00:00|Long,MA,2022-03-24,Long,-0.0009446603236811235,0.00626879176511963,-0.010591132510056167,True,0.05209669778583126,0.061285253436536014,-0.01665953119375141,True,0.022985540687002315,0.061285253436536014,-0.01665953119375141,True,0.0005724393472426037,0.061285253436536014,-0.01665953119375141,True,0.005238261171586656,0.0740517952346107,-0.01854876448580345,True,20,True,True,False,True,False,False,3,,TARGET_BEFORE_STOP,True,False,True,False,False,3,,TARGET_BEFORE_STOP,2022-03-25,2022-03-29,2022-03-31,2022-04-07,2022-04-22
MA|2022-03-25T00:00:00|Long,MA,2022-03-25,Long,0.004211796650551047,0.004412379214365103,-0.015729730122018726,True,0.03787749022072573,0.06228875547612689,-0.015729730122018726,True,0.042834257858066715,0.06228875547612689,-0.015729730122018726,True,0.009311787583239806,0.06228875547612689,-0.015729730122018726,True,0.015987671954299287,0.07506736872312758,-0.017620749785318024,True,20,True,True,False,True,False,False,2,,TARGET_BEFORE_STOP,True,False,True,False,False,2,,TARGET_BEFORE_STOP,2022-03-28,2022-03-30,2022-04-01,2022-04-08,2022-04-25
MA|2022-03-28T00:00:00|Long,MA,2022-03-28,Long,0.04867470693581177,0.057833376404545334,0.018859357052452452,True,0.019658235157671955,0.057833376404545334,0.018859357052452452,True,0.04684873715438842,0.057833376404545334,0.018859357052452452,True,-0.00890180947849939,0.057833376404545334,-0.01380922843090071,True,-0.018203101545199996,0.07055839446310874,-0.021740977858146437,True,20,True,True,True,True,False,False,1,12,TARGET_BEFORE_STOP,True,False,True,False,False,1,,TARGET_BEFORE_STOP,2022-03-29,2022-03-31,2022-04-04,2022-04-11,2022-04-26
MA|2022-03-29T00:00:00|Long,MA,2022-03-29,Long,-0.014447007849132998,0.0019861542934924703,-0.021575276667531784,True,-0.009740135195657085,0.0019861542934924703,-0.027724126730609533,True,-0.011508585523699266,0.006012847356972495,-0.027724126730609533,True,-0.05917562432963863,0.006012847356972495,-0.06276690946221808,True,-0.016269842653670152,0.02086794635415612,-0.06714730919725354,True,20,True,False,True,False,True,False,,1,STOP_BEFORE_TARGET,False,True,False,True,False,,6,STOP_BEFORE_TARGET,2022-03-30,2022-04-01,2022-04-05,2022-04-12,2022-04-27
MA|2022-03-30T00:00:00|Long,MA,2022-03-30,Long,-0.013416479357836852,0.005189942948033099,-0.013471745291443571,True,0.012892042716522889,0.02075977179213262,-0.013471745291443571,True,-0.02398962752782674,0.02075977179213262,-0.03494921599881384,True,-0.019600198148591264,0.02075977179213262,-0.05347282365112371,True,0.04579835684943734,0.054466683740694855,-0.05347282365112371,True,20,True,True,True,False,True,False,15,5,STOP_BEFORE_TARGET,True,True,False,True,False,20,5,STOP_BEFORE_TARGET,2022-03-31,2022-04-04,2022-04-06,2022-04-13,2022-04-28
MA|2022-03-31T00:00:00|Long,MA,2022-03-31,Long,0.018439745502973892,0.029408499697881174,0.0022105560863174833,True,0.016620970284428882,0.034641011566587165,0.0022105560863174833,True,-0.021909499644254815,0.034641011566587165,-0.03237452338166669,True,0.0012311893094034687,0.034641011566587165,-0.04060106767971794,True,0.016788851972755037,0.068806301421239,-0.04060106767971794,True,20,True,True,True,True,False,False,2,4,TARGET_BEFORE_STOP,True,True,False,True,False,19,5,STOP_BEFORE_TARGET,2022-04-01,2022-04-05,2022-04-07,2022-04-14,2022-04-29
MA|2022-04-01T00:00:00|Long,MA,2022-04-01,Long,0.008077595492886447,0.015907927921265497,-0.0022529530496154804,True,-0.02862876993375041,0.015907927921265497,-0.03953626562676993,True,-0.03214553992854108,0.015907927921265497,-0.050333838675649334,True,-0.019699462603201323,0.015907927921265497,-0.05797182743838569,True,-0.013545052227509902,0.049454625215348935,-0.05797182743838569,True,20,True,True,True,False,True,False,13,3,STOP_BEFORE_TARGET,False,True,False,True,False,,3,STOP_BEFORE_TARGET,2022-04-04,2022-04-06,2022-04-08,2022-04-18,2022-05-02
MA|2022-04-04T00:00:00|Long,MA,2022-04-04,Long,-0.009784405718184508,0.0019623373947748046,-0.01357284057840591,True,-0.047314097996432936,0.0019623373947748046,-0.057507306677162195,True,-0.053255589517576696,0.0019623373947748046,-0.057943390895396574,True,-0.008285433797333708,0.0019623373947748046,-0.06552017744127936,True,-0.024856218217441106,0.04104548093069349,-0.06552017744127936,True,20,True,True,True,False,True,False,17,2,STOP_BEFORE_TARGET,False,True,False,True,False,,2,STOP_BEFORE_TARGET,2022-04-05,2022-04-07,2022-04-11,2022-04-19,2022-05-03
MA|2022-04-05T00:00:00|Long,MA,2022-04-05,Long,-0.02689094829432681,-0.017147448146913047,-0.03781795792955556,True,-0.030414009930056163,-0.017147448146913047,-0.04863484826467601,True,-0.048222005884788866,-0.017147448146913047,-0.05185510282421146,True,0.005422220579625714,0.023588041262398995,-0.056286501692107804,True,0.014312401146719056,0.051332141144216026,-0.056286501692107804,True,20,True,True,True,False,True,False,11,1,STOP_BEFORE_TARGET,True,True,False,True,False,16,1,STOP_BEFORE_TARGET,2022-04-06,2022-04-08,2022-04-12,2022-04-20,2022-05-04
MA|2022-04-06T00:00:00|Long,MA,2022-04-06,Long,-0.011313817389642544,-0.0018384780623016406,-0.021892209027333798,True,-0.017479827150779337,0.006618659132408222,-0.022344772081028696,True,0.00449731837185019,0.009758202025597296,-0.0302078717141272,True,0.03080190927573856,0.06129264368812226,-0.0302078717141272,True,-0.0005091010663155204,0.08038471053314389,-0.0302078717141272,True,20,True,True,True,False,True,False,8,1,STOP_BEFORE_TARGET,True,True,False,True,False,9,5,STOP_BEFORE_TARGET,2022-04-07,2022-04-11,2022-04-13,2022-04-21,2022-05-05
MA|2022-04-07T00:00:00|Long,MA,2022-04-07,Long,0.007781437035306427,0.01813768295487339,-0.01115718504557428,True,-0.010728079333308549,0.01813768295487339,-0.01450429690657995,True,0.023659046831802977,0.03833507332862229,-0.019110264365787,True,0.004663152452398123,0.07343731747728799,-0.019110264365787,True,-0.006951774454703963,0.09274786027724335,-0.02508937010424428,True,20,True,True,True,True,False,False,5,20,TARGET_BEFORE_STOP,True,False,True,False,False,8,,TARGET_BEFORE_STOP,2022-04-08,2022-04-12,2022-04-14,2022-04-22,2022-05-06
MA|2022-04-08T00:00:00|Long,MA,2022-04-08,Long,-0.013909768215577989,-0.0021857922550478914,-0.01830976776509563,True,0.008147232873289889,0.013427232332710926,-0.0266840610601079,True,0.012859451331578065,0.030317720857409913,-0.0266840610601079,True,0.006614293475205146,0.06514892815959006,-0.0266840610601079,True,-0.06892440326034854,0.08431036742638498,-0.07772440235938394,True,20,True,True,True,False,True,False,4,2,STOP_BEFORE_TARGET,True,True,True,False,False,7,19,TARGET_BEFORE_STOP,2022-04-11,2022-04-13,2022-04-18,2022-04-25,2022-05-09
MA|2022-04-11T00:00:00|Long,MA,2022-04-11,Long,-0.004519697574020709,0.020468134752807288,-0.008319613586327268,True,0.030083232155690087,0.04485136111018373,-0.012954486752610572,True,0.04749978475957195,0.049802857338644424,-0.012954486752610572,True,-0.009384834071593406,0.08017389669513708,-0.012954486752610572,True,-0.06344822193835864,0.09960562682405283,-0.07001182504555192,True,20,True,True,True,True,False,False,3,19,TARGET_BEFORE_STOP,True,True,True,False,False,6,19,TARGET_BEFORE_STOP,2022-04-12,2022-04-14,2022-04-19,2022-04-26,2022-05-10
MA|2022-04-12T00:00:00|Long,MA,2022-04-12,Long,0.027009910888315725,0.032388700411801974,-0.008473084960128552,True,0.03181029609111996,0.049595214052842174,-0.008473084960128552,True,0.05636212099470006,0.07544831629979387,-0.008473084960128552,True,0.04560445369561883,0.08507812164917783,-0.008473084960128552,True,-0.057634451646404905,0.10459807606872862,-0.0788027789530017,True,20,True,True,True,True,False,False,1,18,TARGET_BEFORE_STOP,True,True,True,False,False,4,18,TARGET_BEFORE_STOP,2022-04-13,2022-04-18,2022-04-20,2022-04-27,2022-05-11
MA|2022-04-13T00:00:00|Long,MA,2022-04-13,Long,0.007546298826490272,0.02199131958229228,0.004871263156483563,True,0.024581799033240648,0.0268344832635401,-0.0054063562216019045,True,0.02618682043524445,0.05654104224820555,-0.0054063562216019045,True,0.06670600593199683,0.07554763041507817,-0.032550621161671844,True,-0.09545537820518768,0.07554763041507817,-0.11930513005330823,True,20,True,True,True,True,False,False,4,7,TARGET_BEFORE_STOP,True,True,True,False,False,5,8,TARGET_BEFORE_STOP,2022-04-14,2022-04-19,2022-04-21,2022-04-28,2022-05-12
MA|2022-04-14T00:00:00|Long,MA,2022-04-14,Long,-0.0028506497970242073,0.008216428319343105,-0.012855642527969668,True,0.02087642129506362,0.039321466201497124,-0.012855642527969668,True,-0.018556856834506252,0.048627783635134536,-0.020149856981371284,True,0.015538531789129006,0.06749201666245064,-0.03979660293017184,True,-0.06992347833859247,0.06749201666245064,-0.12590133974740914,True,20,True,True,True,True,False,False,3,5,TARGET_BEFORE_STOP,True,True,False,True,False,9,7,STOP_BEFORE_TARGET,2022-04-18,2022-04-20,2022-04-22,2022-04-29,2022-05-13
MA|2022-04-18T00:00:00|Long,MA,2022-04-18,Long,0.0198150436269664,0.022057247488842968,-0.0020459094555058677,True,0.02141259784142857,0.05162559993814364,-0.0020459094555058677,True,-0.006165868174663913,0.05162559993814364,-0.02704594794460513,True,0.006278085281922419,0.0705437620203595,-0.037051574195607784,True,-0.07586877167257033,0.0705437620203595,-0.12340246716837067,True,20,True,True,True,True,False,False,2,5,TARGET_BEFORE_STOP,True,True,True,False,False,3,6,TARGET_BEFORE_STOP,2022-04-19,2022-04-21,2022-04-25,2022-05-02,2022-05-16
MA|2022-04-19T00:00:00|Long,MA,2022-04-19,Long,0.003902529603401428,0.022040892733315554,0.0,True,-0.034875099930455455,0.031192476037658068,-0.03644161360805387,True,-0.05430513653444036,0.031192476037658068,-0.05576169735673675,True,-0.01670922761935212,0.04974305753813635,-0.05576169735673675,True,-0.06873336659036777,0.04974305753813635,-0.14043478931825204,True,20,True,True,True,True,False,False,2,3,TARGET_BEFORE_STOP,False,True,False,True,False,,3,STOP_BEFORE_TARGET,2022-04-20,2022-04-22,2022-04-26,2022-05-03,2022-05-17
MA|2022-04-20T00:00:00|Long,MA,2022-04-20,Long,-0.0023269349931072103,0.027183860613477773,-0.00500976497313288,True,-0.029264426048739356,0.027183860613477773,-0.049659213841340866,True,-0.010183692774738629,0.027183860613477773,-0.05943229068633682,True,0.008842236013013816,0.045662329342714525,-0.05943229068633682,True,-0.08045666172340227,0.045662329342714525,-0.14377622793586842,True,20,True,True,True,False,True,False,6,2,STOP_BEFORE_TARGET,False,True,False,True,False,,2,STOP_BEFORE_TARGET,2022-04-21,2022-04-25,2022-04-27,2022-05-04,2022-05-18
MA|2022-04-21T00:00:00|Long,MA,2022-04-21,Long,-0.03638461660848247,-0.0064207999182714914,-0.03794868015913622,True,-0.05578426340042719,-0.0064207999182714914,-0.057238546069032115,True,0.039485193816430675,0.04810119268428914,-0.057238546069032115,True,-0.03037539032504688,0.04810119268428914,-0.057238546069032115,True,-0.08840961750866905,0.04810119268428914,-0.14177920393368937,True,20,True,True,True,False,True,False,5,1,STOP_BEFORE_TARGET,False,True,False,True,False,,1,STOP_BEFORE_TARGET,2022-04-22,2022-04-26,2022-04-28,2022-05-05,2022-05-19
MA|2022-04-22T00:00:00|Long,MA,2022-04-22,Long,0.009738634031158488,0.011048479308998216,-0.011475593323499678,True,0.029586009639307242,0.06424055478417223,-0.02164134136915985,True,0.03474005484787002,0.08767586191434318,-0.02164134136915985,True,-0.011561016126400037,0.08767586191434318,-0.029614425973537473,True,-0.04271313945224775,0.08767586191434318,-0.10937412285206838,True,20,True,True,True,False,True,False,3,2,STOP_BEFORE_TARGET,True,True,True,False,False,3,11,TARGET_BEFORE_STOP,2022-04-25,2022-04-27,2022-04-29,2022-05-06,2022-05-20
MA|2022-04-25T00:00:00|Long,MA,2022-04-25,Long,-0.029582686326550256,-0.012803182365418664,-0.03107732470831659,True,0.06833045699857299,0.07718554609724859,-0.03107732470831659,True,0.012521157261655924,0.07718554609724859,-0.03107732470831659,True,-0.07504234464500426,0.07718554609724859,-0.08378452042780038,True,-0.01739992476461838,0.07718554609724859,-0.11796394915355035,True,20,True,True,True,False,True,False,2,1,STOP_BEFORE_TARGET,True,True,False,True,False,2,1,STOP_BEFORE_TARGET,2022-04-26,2022-04-28,2022-05-02,2022-05-09,2022-05-23
MA|2022-04-26T00:00:00|Long,MA,2022-04-26,Long,0.050739655098407166,0.0861062048302399,0.0345529486344025,True,0.05599959417499223,0.11002300857518166,0.0345529486344025,True,0.039754798685609494,0.11002300857518166,0.018831220430025608,True,-0.054575570540651874,0.11002300857518166,-0.061201355540664304,True,-0.009938633157251187,0.11002300857518166,-0.09107552140886555,True,20,True,True,True,True,False,False,1,9,TARGET_BEFORE_STOP,True,True,True,False,False,1,9,TARGET_BEFORE_STOP,2022-04-27,2022-04-29,2022-05-03,2022-05-10,2022-05-24
MA|2022-04-27T00:00:00|Long,MA,2022-04-27,Long,0.04773620294387393,0.056420592093502364,0.019968473807145726,True,-0.006997258423119823,0.056420592093502364,-0.03036759345053308,True,0.019221676435183577,0.056420592093502364,-0.03036759345053308,True,-0.0987360994658475,0.056420592093502364,-0.11898116176620277,True,-0.04649168132886716,0.056420592093502364,-0.1349669975994111,True,20,True,True,True,True,False,False,1,3,TARGET_BEFORE_STOP,True,True,True,False,False,1,3,TARGET_BEFORE_STOP,2022-04-28,2022-05-02,2022-05-04,2022-05-11,2022-05-25
MA|2022-04-28T00:00:00|Long,MA,2022-04-28,Long,-0.040783417989816106,-0.004513875658446409,-0.045086152568884486,True,-0.05553936798329495,-0.004513875658446409,-0.07454528742536048,True,-0.06720690641584515,-0.004513875658446409,-0.07866322321156616,True,-0.15202069102020455,-0.004513875658446409,-0.1743790087905096,True,-0.07639303368163419,-0.004513875658446409,-0.1743790087905096,True,20,True,False,True,False,True,False,,1,STOP_BEFORE_TARGET,False,True,False,True,False,,1,STOP_BEFORE_TARGET,2022-04-29,2022-05-03,2022-05-05,2022-05-12,2022-05-26
MA|2022-04-29T00:00:00|Long,MA,2022-04-29,Long,-0.011943409872786637,0.004265473532228725,-0.0351973371486044,True,0.014144928344411722,0.01612632856189289,-0.0351973371486044,True,-0.044746572588298394,0.01612632856189289,-0.06219386262269433,True,-0.0841543747012321,0.01612632856189289,-0.13927573116044734,True,-0.015410881249015351,0.01612632856189289,-0.13927573116044734,True,20,True,False,True,False,True,False,,1,STOP_BEFORE_TARGET,False,True,False,True,False,,1,STOP_BEFORE_TARGET,2022-05-02,2022-05-04,2022-05-06,2022-05-13,2022-05-27
MA|2022-05-02T00:00:00|Long,MA,2022-05-02,Long,-0.0034815061560015126,0.012254884669583799,-0.015597164578428746,True,-0.015792149322614968,0.028409039234347455,-0.02787992849652743,True,-0.08648066391370424,0.028409039234347455,-0.09511473118242098,True,-0.08163434954610793,0.028409039234347455,-0.12887148626908762,True,-0.0032587271610093893,0.028409039234347455,-0.12887148626908762,True,20,True,False,True,False,True,False,,3,STOP_BEFORE_TARGET,False,True,False,True,False,,4,STOP_BEFORE_TARGET,2022-05-03,2022-05-05,2022-05-09,2022-05-16,2022-05-31
MA|2022-05-03T00:00:00|Long,MA,2022-05-03,Long,0.029989603433553613,0.03200196041252945,-0.011543097303383654,True,-0.02982199942119046,0.03200196041252945,-0.04754188031913509,True,-0.09072366806626675,0.03200196041252945,-0.09709611761724579,True,-0.05290819402795777,0.03200196041252945,-0.12582805124810403,True,-0.00204033362836753,0.03200196041252945,-0.12582805124810403,True,20,True,True,True,True,False,False,1,2,TARGET_BEFORE_STOP,False,True,False,True,False,,3,STOP_BEFORE_TARGET,2022-05-04,2022-05-06,2022-05-10,2022-05-17,2022-06-01
MA|2022-05-04T00:00:00|Long,MA,2022-05-04,Long,-0.04111037215927604,-0.0020351677584907746,-0.05288719965106681,True,-0.10998046235639403,-0.0020351677584907746,-0.1183924228425387,True,-0.11573318997060456,-0.0020351677584907746,-0.13559644716815966,True,-0.08851621645950203,-0.0020351677584907746,-0.1512808033811477,True,-0.014761756766481504,-0.0020351677584907746,-0.1512808033811477,True,20,True,False,True,False,True,False,,1,STOP_BEFORE_TARGET,False,True,False,True,False,,1,STOP_BEFORE_TARGET,2022-05-05,2022-05-09,2022-05-11,2022-05-18,2022-06-02
MA|2022-05-05T00:00:00|Long,MA,2022-05-05,Long,-0.017686844062488438,-0.005971037101955345,-0.03562836831609151,True,-0.07935028138318034,-0.005971037101955345,-0.08580243864271431,True,-0.09092454177428755,-0.005971037101955345,-0.11489375630223364,True,-0.05985226303515223,-0.005971037101955345,-0.11489375630223364,True,0.012593067517109091,0.03305315345720805,-0.11489375630223364,True,20,True,True,True,False,True,False,18,1,STOP_BEFORE_TARGET,False,True,False,True,False,,1,STOP_BEFORE_TARGET,2022-05-06,2022-05-10,2022-05-12,2022-05-19,2022-06-03
MA|2022-05-06T00:00:00|Long,MA,2022-05-06,Long,-0.055110639409735596,-0.013626355540691804,-0.06404119837938227,True,-0.06121802344698124,-0.013626355540691804,-0.08230585309432703,True,-0.041253766782822,-0.013626355540691804,-0.09895715195524557,True,-0.03151648592790779,-0.013626355540691804,-0.09895715195524557,True,0.03750869933855139,0.06104517959056932,-0.09895715195524557,True,20,True,True,True,False,True,False,15,1,STOP_BEFORE_TARGET,True,True,False,True,False,18,1,STOP_BEFORE_TARGET,2022-05-09,2022-05-11,2022-05-13,2022-05-20,2022-06-06
MA|2022-05-09T00:00:00|Long,MA,2022-05-09,Long,-0.008110014760537632,0.017348097840852672,-0.015061442691821858,True,-0.020579896341277326,0.017348097840852672,-0.04640385887943477,True,0.005305103215832219,0.022073907642058188,-0.04640385887943477,True,0.06231898243845868,0.0710692345883388,-0.04640385887943477,True,0.10985090963767075,0.12293060314251325,-0.04640385887943477,True,20,True,True,True,False,True,False,6,2,STOP_BEFORE_TARGET,True,True,False,True,False,10,3,STOP_BEFORE_TARGET,2022-05-10,2022-05-12,2022-05-16,2022-05-23,2022-06-07
MA|2022-05-10T00:00:00|Long,MA,2022-05-10,Long,0.0016598794061730704,0.017428499252327256,-0.02084037457085386,True,0.022961305532909426,0.03043071595819047,-0.0386069470291629,True,0.04158853883053126,0.0487197822448342,-0.0386069470291629,True,0.0472136492272861,0.07982664461498823,-0.0386069470291629,True,0.11373067816415738,0.132112048566974,-0.0386069470291629,True,20,True,True,True,False,True,False,3,1,STOP_BEFORE_TARGET,True,True,False,True,False,6,2,STOP_BEFORE_TARGET,2022-05-11,2022-05-13,2022-05-17,2022-05-24,2022-06-08
MA|2022-05-11T00:00:00|Long,MA,2022-05-11,Long,-0.014208134999196487,-0.0008899516655946904,-0.04020009911868283,True,0.01184526322453383,0.028723159570965162,-0.04020009911868283,True,0.03077914177305563,0.04827081726463156,-0.04020009911868283,True,0.05796794713070885,0.07803723281315378,-0.04020009911868283,True,0.07097924089173846,0.13023599311788203,-0.04020009911868283,True,20,True,True,True,False,True,False,4,1,STOP_BEFORE_TARGET,True,True,False,True,False,8,1,STOP_BEFORE_TARGET,2022-05-12,2022-05-16,2022-05-18,2022-05-25,2022-06-09
MA|2022-05-12T00:00:00|Long,MA,2022-05-12,Long,0.03598554946462196,0.043550059697567756,0.015097765692176468,True,0.05484994288641354,0.06207198059886054,0.011798059582048603,True,0.03418008753616619,0.06337945613273765,0.009930278104786527,True,0.08918573429528376,0.09964515856905187,0.009930278104786527,True,0.042055815515895656,0.14652598915183845,0.009930278104786527,True,20,True,True,False,True,False,False,1,,TARGET_BEFORE_STOP,True,False,True,False,False,3,,TARGET_BEFORE_STOP,2022-05-13,2022-05-17,2022-05-19,2022-05-26,2022-06-10
MA|2022-05-13T00:00:00|Long,MA,2022-05-13,Long,-0.009224690262159552,0.002253605851892493,-0.023347323613802207,True,0.00931492252771382,0.02644236368188002,-0.023347323613802207,True,0.010156265044442225,0.02644236368188002,-0.025150226635207606,True,0.07506013191883865,0.07509020934069,-0.025150226635207606,True,-0.03924278256499891,0.10670075441143156,-0.0447114630740042,True,20,True,True,True,False,True,False,6,1,STOP_BEFORE_TARGET,True,True,True,False,False,6,20,TARGET_BEFORE_STOP,2022-05-16,2022-05-18,2022-05-20,2022-05-27,2022-06-13
MA|2022-05-16T00:00:00|Long,MA,2022-05-16,Long,0.027689242898830235,0.034725324683678505,0.008491759013967481,True,0.007551603285750774,0.03599913481238959,-0.01607381231296723,True,0.05671301084640579,0.06541708697403048,-0.01607381231296723,True,0.08534250202668447,0.09474415186208307,-0.01607381231296723,True,-0.023018821717763926,0.11700477750527027,-0.0358171751587496,True,20,True,True,True,True,False,False,1,19,TARGET_BEFORE_STOP,True,True,True,False,False,5,19,TARGET_BEFORE_STOP,2022-05-17,2022-05-19,2022-05-23,2022-05-31,2022-06-14
MA|2022-05-17T00:00:00|Long,MA,2022-05-17,Long,-0.00873514602795955,0.008085996784513716,-0.015640642218260448,True,-0.007908849647741079,0.008085996784513716,-0.04258393820329753,True,0.005400511033916144,0.0367113350031576,-0.04258393820329753,True,0.05370953489285246,0.07548845598663667,-0.04258393820329753,True,-0.03975084484864777,0.0869090877651939,-0.06179535155826443,True,20,True,True,True,False,True,False,4,2,STOP_BEFORE_TARGET,True,True,False,True,False,8,2,STOP_BEFORE_TARGET,2022-05-18,2022-05-20,2022-05-24,2022-06-01,2022-06-15
MA|2022-05-18T00:00:00|Long,MA,2022-05-18,Long,-0.010955619954299056,0.0009228864668848757,-0.034147071834237264,True,0.03730276572484348,0.04584696092977669,-0.034147071834237264,True,0.026376945609207336,0.04584696092977669,-0.034147071834237264,True,0.08091691923089894,0.08678176369800017,-0.034147071834237264,True,-0.08073830190525455,0.09648706237278848,-0.09175352153687943,True,20,True,True,True,False,True,False,3,1,STOP_BEFORE_TARGET,True,True,False,True,False,6,1,STOP_BEFORE_TARGET,2022-05-19,2022-05-23,2022-05-25,2022-06-02,2022-06-16
MA|2022-05-19T00:00:00|Long,MA,2022-05-19,Long,0.01191978640818614,0.022244248099770436,-0.013635538988176266,True,0.02549515739444086,0.05743178165721052,-0.013635538988176266,True,0.05318768696288001,0.063301422858421,-0.013635538988176266,True,0.07705738970998555,0.09882001821574771,-0.013635538988176266,True,-0.06480644964236781,0.10863282224213533,-0.08599725248101153,True,20,True,True,True,True,False,False,2,16,TARGET_BEFORE_STOP,True,True,True,False,False,2,16,TARGET_BEFORE_STOP,2022-05-20,2022-05-24,2022-05-26,2022-06-03,2022-06-17
MA|2022-05-20T00:00:00|Long,MA,2022-05-20,Long,0.03643881333477861,0.044975892220241454,0.008269376048139598,True,0.025522093154777714,0.044975892220241454,-0.0005948649348862523,True,0.06425131350498625,0.0642810885238545,-0.0005948649348862523,True,0.07127140964561729,0.09557381635676143,-0.0005948649348862523,True,-0.05586292815887084,0.09557381635676143,-0.09676363700403035,True,20,True,True,True,True,False,False,1,15,TARGET_BEFORE_STOP,True,True,True,False,False,4,15,TARGET_BEFORE_STOP,2022-05-23,2022-05-25,2022-05-27,2022-06-06,2022-06-21
MA|2022-05-23T00:00:00|Long,MA,2022-05-23,Long,-0.022213903501634436,-0.012714154260260346,-0.035731659016616235,True,0.0041902878723039105,0.01383350292896246,-0.035731659016616235,True,0.027092967424851677,0.03599003762167663,-0.035731659016616235,True,0.04474355441724942,0.057055951843132835,-0.035731659016616235,True,-0.09264414504446472,0.057055951843132835,-0.12851935746233323,True,20,True,True,True,False,True,False,5,1,STOP_BEFORE_TARGET,True,True,False,True,False,9,1,STOP_BEFORE_TARGET,2022-05-24,2022-05-26,2022-05-31,2022-06-07,2022-06-22
MA|2022-05-24T00:00:00|Long,MA,2022-05-24,Long,0.011946365596444908,0.020693262914814214,-0.004344157373924351,True,0.050162893584850154,0.05019227444590646,-0.004344157373924351,True,0.04804953183210281,0.06971146740381573,-0.004344157373924351,True,0.06351810729926277,0.08107075323391011,-0.004344157373924351,True,-0.07023978544805365,0.08107075323391011,-0.10872056203437386,True,20,True,True,True,True,False,False,2,13,TARGET_BEFORE_STOP,True,True,True,False,False,3,13,TARGET_BEFORE_STOP,2022-05-25,2022-05-27,2022-06-01,2022-06-08,2022-06-23
MA|2022-05-25T00:00:00|Long,MA,2022-05-25,Long,0.014879930205072167,0.02462579763861439,0.0036257105365840037,True,0.038026409618896695,0.047018189453289505,0.0036257105365840037,True,0.053138346350247945,0.058852469696637044,0.0036257105365840037,True,0.012298381814229042,0.06830835110191158,0.0036257105365840037,True,-0.0413621341272129,0.06830835110191158,-0.11924241415670012,True,20,True,True,True,True,False,False,2,11,TARGET_BEFORE_STOP,True,True,True,False,False,4,12,TARGET_BEFORE_STOP,2022-05-26,2022-05-31,2022-06-02,2022-06-09,2022-06-24
MA|2022-05-26T00:00:00|Long,MA,2022-05-26,Long,0.022549897969472044,0.02257850628981828,0.0063447672416589995,True,0.02049210497578935,0.04158446135591576,0.003572551223720799,True,0.022664244030368152,0.043327824487256805,0.003572551223720799,True,-0.04327078228754222,0.05264506598927743,-0.04369947099029092,True,-0.06019042326009949,0.05264506598927743,-0.13215587417781605,True,20,True,True,True,True,False,False,2,10,TARGET_BEFORE_STOP,True,True,True,False,False,6,10,TARGET_BEFORE_STOP,2022-05-27,2022-06-01,2022-06-03,2022-06-10,2022-06-27
MA|2022-05-27T00:00:00|Long,MA,2022-05-27,Long,0.00025154099781343753,0.008916100543043592,-0.0185588466474208,True,0.014813538518228198,0.020319718929163733,-0.0185588466474208,True,0.0065962766985094845,0.029431490902856572,-0.0185588466474208,True,-0.1063223452253057,0.029431490902856572,-0.1114092053428366,True,-0.11037506391947616,0.029431490902856572,-0.15129410550477296,True,20,True,False,True,False,True,False,,8,STOP_BEFORE_TARGET,False,True,False,True,False,,9,STOP_BEFORE_TARGET,2022-05-31,2022-06-02,2022-06-06,2022-06-13,2022-06-28
MA|2022-05-31T00:00:00|Long,MA,2022-05-31,Long,-0.002263384943262725,0.018358642562552152,-0.008438787981325357,True,-0.0001396814308289862,0.0200631312313011,-0.008438787981325357,True,0.017184994496312944,0.029172611797162684,-0.008438787981325357,True,-0.0998406710712082,0.029172611797162684,-0.11163266614841838,True,-0.09858328236695046,0.029172611797162684,-0.15150753614576806,True,20,True,False,True,False,True,False,,7,STOP_BEFORE_TARGET,False,True,False,True,False,,8,STOP_BEFORE_TARGET,2022-06-01,2022-06-03,2022-06-07,2022-06-14,2022-06-29
MA|2022-06-01T00:00:00|Long,MA,2022-06-01,Long,0.01685988084589063,0.02237716431133907,0.001960489026543444,True,0.00862604915393339,0.03150730991128148,-0.003612862134493744,True,0.014759393518471775,0.03150730991128148,-0.003612862134493744,True,-0.08869653034980263,0.03150730991128148,-0.10961738754965533,True,-0.11645097982571495,0.03150730991128148,-0.14958271446620053,True,20,True,True,True,True,False,False,3,6,TARGET_BEFORE_STOP,False,True,False,True,False,,7,STOP_BEFORE_TARGET,2022-06-02,2022-06-06,2022-06-08,2022-06-15,2022-06-30
MA|2022-06-02T00:00:00|Long,MA,2022-06-02,Long,-0.014487108743461263,-0.0058664053211603395,-0.02013329797548291,True,0.002588967930401642,0.014404569736005346,-0.02013329797548291,True,-0.038779296829854926,0.014404569736005346,-0.03894454294865146,True,-0.1495537892506812,0.014404569736005346,-0.1597444148534911,True,-0.12349894787981075,0.014404569736005346,-0.16368292077137825,True,20,True,False,True,False,True,False,,1,STOP_BEFORE_TARGET,False,True,False,True,False,,5,STOP_BEFORE_TARGET,2022-06-03,2022-06-07,2022-06-09,2022-06-16,2022-07-01
MA|2022-06-03T00:00:00|Long,MA,2022-06-03,Long,0.006483727228021152,0.029316388183040054,0.001984213963851289,True,0.01260404436792828,0.029316388183040054,-0.004164162767463786,True,-0.06447377690458533,0.029316388183040054,-0.06489296502546771,True,-0.1317142806945064,0.029316388183040054,-0.1513890009472031,True,-0.10776367103378526,0.029316388183040054,-0.1513890009472031,True,20,True,False,True,False,True,False,,4,STOP_BEFORE_TARGET,False,True,False,True,False,,5,STOP_BEFORE_TARGET,2022-06-06,2022-06-08,2022-06-10,2022-06-17,2022-07-05
MA|2022-06-06T00:00:00|Long,MA,2022-06-06,Long,0.010773516430885755,0.01205085844772702,-0.010579296721279774,True,-0.03093245458800853,0.019381296675860193,-0.031099049679232382,True,-0.11217866043988556,0.019381296675860193,-0.11723218610383401,True,-0.11867612321189913,0.019381296675860193,-0.15685571848242885,True,-0.11098461596865639,0.019381296675860193,-0.15685571848242885,True,20,True,False,True,False,True,False,,3,STOP_BEFORE_TARGET,False,True,False,True,False,,3,STOP_BEFORE_TARGET,2022-06-07,2022-06-09,2022-06-13,2022-06-21,2022-07-06
MA|2022-06-07T00:00:00|Long,MA,2022-06-07,Long,-0.004642608901740175,0.008516032627535752,-0.0083511293860008,True,-0.08040764215443275,0.008516032627535752,-0.08081969067102879,True,-0.11504855675291348,0.008516032627535752,-0.12664133008422807,True,-0.13150375408475057,0.008516032627535752,-0.16584252771602637,True,-0.1097466702246197,0.008516032627535752,-0.16584252771602637,True,20,True,False,True,False,True,False,,2,STOP_BEFORE_TARGET,False,True,False,True,False,,2,STOP_BEFORE_TARGET,2022-06-08,2022-06-10,2022-06-14,2022-06-22,2022-07-07
MA|2022-06-08T00:00:00|Long,MA,2022-06-08,Long,-0.03678963118225653,-0.0003311763354799657,-0.03695521934999657,True,-0.11754477386981654,-0.0003311763354799657,-0.12256775533446995,True,-0.1019511861915976,-0.0003311763354799657,-0.12256775533446995,True,-0.12576926695398372,-0.0003311763354799657,-0.16195179767181012,True,-0.10838183553389003,-0.0003311763354799657,-0.16195179767181012,True,20,True,False,True,False,True,False,,1,STOP_BEFORE_TARGET,False,True,False,True,False,,1,STOP_BEFORE_TARGET,2022-06-09,2022-06-13,2022-06-15,2022-06-23,2022-07-08
MA|2022-06-09T00:00:00|Long,MA,2022-06-09,Long,-0.04083094555873923,-0.013438402410906214,-0.041260727497089866,True,-0.07696270874373212,-0.013438402410906214,-0.08905440278586141,True,-0.11524355650631268,-0.013438402410906214,-0.12584531068118732,True,-0.05300859598853869,-0.013438402410906214,-0.12994271089832554,True,-0.07108881821946633,-0.013438402410906214,-0.12994271089832554,True,20,True,False,True,False,True,False,,1,STOP_BEFORE_TARGET,False,True,False,True,False,,1,STOP_BEFORE_TARGET,2022-06-10,2022-06-14,2022-06-16,2022-06-24,2022-07-11
MA|2022-06-10T00:00:00|Long,MA,2022-06-10,Long,-0.044839461585138185,-0.011501138472040706,-0.05027628550340735,True,-0.027961121289208357,-0.011501138472040706,-0.05027628550340735,True,-0.071874525940534,-0.011501138472040706,-0.0929051713323843,True,-0.01768487954513631,-0.008304701357122801,-0.0929051713323843,True,-0.035519087822068696,0.007169511266570172,-0.0929051713323843,True,20,True,False,True,False,True,False,,1,STOP_BEFORE_TARGET,False,True,False,True,False,,1,STOP_BEFORE_TARGET,2022-06-13,2022-06-15,2022-06-17,2022-06-27,2022-07-12
MA|2022-06-13T00:00:00|Long,MA,2022-06-13,Long,0.0075061752904390655,0.013323356151047516,-0.00025016130202226705,True,-0.03427782507606969,0.034058969728669064,-0.045849765778010254,True,-0.007318435007692914,0.034058969728669064,-0.05032212681965864,True,-0.004534877505908086,0.05445050414040331,-0.05032212681965864,True,0.011352989909556355,0.05445050414040331,-0.05032212681965864,True,20,True,True,True,True,False,False,2,3,TARGET_BEFORE_STOP,True,True,False,True,False,10,3,STOP_BEFORE_TARGET,2022-06-14,2022-06-16,2022-06-21,2022-06-28,2022-07-13
MA|2022-06-14T00:00:00|Long,MA,2022-06-14,Long,0.01008878081646225,0.026354969418004304,-0.00841255928920781,True,-0.03554358877001684,0.026354969418004304,-0.05739746666408996,True,-0.018594463523850746,0.026354969418004304,-0.05739746666408996,True,0.001396851272712052,0.04659458175175102,-0.05739746666408996,True,0.008971205064398191,0.04659458175175102,-0.05739746666408996,True,20,True,True,True,False,True,False,8,2,STOP_BEFORE_TARGET,False,True,False,True,False,,2,STOP_BEFORE_TARGET,2022-06-15,2022-06-17,2022-06-22,2022-06-29,2022-07-14
MA|2022-06-15T00:00:00|Long,MA,2022-06-15,Long,-0.051046483055377845,-0.027474728906679347,-0.06241749027890586,True,-0.024555211875772587,-0.015857904145228363,-0.0668121939004237,True,-0.026522033542229817,-0.015857904145228363,-0.0668121939004237,True,-0.030455770662835113,0.036141180486908286,-0.0668121939004237,True,0.022065805195462973,0.036141180486908286,-0.0668121939004237,True,20,True,True,True,False,True,False,8,1,STOP_BEFORE_TARGET,False,True,False,True,False,,1,STOP_BEFORE_TARGET,2022-06-16,2022-06-21,2022-06-23,2022-06-30,2022-07-15
MA|2022-06-16T00:00:00|Long,MA,2022-06-16,Long,0.006185645668955964,0.017358688679093293,-0.016613786200832314,True,0.023868110455092184,0.03708145686992914,-0.016613786200832314,True,0.07034134758264465,0.07134529071309115,-0.016613786200832314,True,0.030636671716032238,0.09187769683704539,-0.016613786200832314,True,0.07199304059268807,0.09304362685376888,-0.016613786200832314,True,20,True,True,False,True,False,False,2,,TARGET_BEFORE_STOP,True,False,True,False,False,5,,TARGET_BEFORE_STOP,2022-06-17,2022-06-22,2022-06-24,2022-07-01,2022-07-18
MA|2022-06-17T00:00:00|Long,MA,2022-06-17,Long,0.021597062674533873,0.030705875534958738,0.013486119310184286,True,0.019537182646755857,0.030705875534958738,0.002156435369311982,True,0.05838612117646247,0.0684927053077935,0.002156435369311982,True,0.02758378852513932,0.08516524911376333,-0.003958965453225716,True,0.09556149926969582,0.10080790201842893,-0.003958965453225716,True,20,True,True,False,True,False,False,1,,TARGET_BEFORE_STOP,True,False,True,False,False,4,,TARGET_BEFORE_STOP,2022-06-21,2022-06-23,2022-06-27,2022-07-05,2022-07-19
MA|2022-06-21T00:00:00|Long,MA,2022-06-21,Long,-0.00393824834290224,0.005167027977235561,-0.019029642914523026,True,0.041272861863343335,0.04224953976049184,-0.019029642914523026,True,0.0028040789714940395,0.06222432381785481,-0.019029642914523026,True,0.008727219863001734,0.06222432381785481,-0.025015761166006123,True,0.07520477497227795,0.08163202318951379,-0.025015761166006123,True,20,True,True,True,True,False,False,3,7,TARGET_BEFORE_STOP,True,False,True,False,False,5,,TARGET_BEFORE_STOP,2022-06-22,2022-06-24,2022-06-28,2022-07-06,2022-07-20
MA|2022-06-22T00:00:00|Long,MA,2022-06-22,Long,0.0019295140943142997,0.012114556899526008,-0.00825552871089752,True,0.0401075214947908,0.05003956232685747,-0.00825552871089752,True,0.020370085610423416,0.0664241670264778,-0.00825552871089752,True,0.025051442608370333,0.0664241670264778,-0.02116084950359587,True,0.09732728175008254,0.09830782125531257,-0.02116084950359587,True,20,True,True,True,True,False,False,2,6,TARGET_BEFORE_STOP,True,False,True,False,False,3,,TARGET_BEFORE_STOP,2022-06-23,2022-06-27,2022-06-29,2022-07-07,2022-07-21
MA|2022-06-23T00:00:00|Long,MA,2022-06-23,Long,0.04337665680886116,0.044355307992838267,0.0077661048719448456,True,0.004830151320013298,0.06437044924309165,0.004293425020944985,True,-0.004040910278554355,0.06437044924309165,-0.022319759774757975,True,0.019888835707607688,0.06437044924309165,-0.023045896216344564,True,0.08561685276261333,0.1083785374222801,-0.023045896216344564,True,20,True,True,True,True,False,False,1,5,TARGET_BEFORE_STOP,True,False,True,False,False,3,,TARGET_BEFORE_STOP,2022-06-24,2022-06-28,2022-06-30,2022-07-08,2022-07-22
MA|2022-06-24T00:00:00|Long,MA,2022-06-24,Long,-0.005052990704188742,0.0044478100475131566,-0.010226943669629396,True,-0.023933445271132725,0.020121010276805906,-0.03745841114315429,True,-0.037095339684190654,0.020121010276805906,-0.0629651968489977,True,-0.01909227703054084,0.020121010276805906,-0.06366114537041412,True,0.04148257626347385,0.06229953506169639,-0.06366114537041412,True,20,True,True,True,False,True,False,16,2,STOP_BEFORE_TARGET,True,True,False,True,False,18,2,STOP_BEFORE_TARGET,2022-06-27,2022-06-29,2022-07-01,2022-07-11,2022-07-25
MA|2022-06-27T00:00:00|Long,MA,2022-06-27,Long,-0.03205297101159421,0.02530185099889093,-0.03256999632764468,True,-0.04059841295223121,0.02530185099889093,-0.05820632214955568,True,-0.029103114671500507,0.02530185099889093,-0.05890580515208166,True,-0.018155282256751004,0.02530185099889093,-0.05890580515208166,True,0.037861547655098526,0.06769458587905586,-0.05890580515208166,True,20,True,True,True,False,True,False,15,1,STOP_BEFORE_TARGET,True,True,False,True,False,17,1,STOP_BEFORE_TARGET,2022-06-28,2022-06-30,2022-07-05,2022-07-12,2022-07-26
MA|2022-06-28T00:00:00|Long,MA,2022-06-28,Long,0.013509653704262714,0.02456871594050347,0.000376999321267002,True,-0.00015714697038571313,0.02456871594050347,-0.027019403288312316,True,0.005906578379280658,0.02456871594050347,-0.027742049240598532,True,0.015960245172284893,0.02849595200334587,-0.027742049240598532,True,0.07848182411677707,0.10305063593706709,-0.027742049240598532,True,20,True,True,True,False,True,False,12,2,STOP_BEFORE_TARGET,True,False,True,False,False,12,,TARGET_BEFORE_STOP,2022-06-29,2022-07-01,2022-07-06,2022-07-13,2022-07-27
MA|2022-06-29T00:00:00|Long,MA,2022-06-29,Long,-0.02204031567090281,-0.013329575751830802,-0.039988821857242396,True,-0.010322659134096912,-0.007067791330109152,-0.04070183524556581,True,0.0045879010605707204,0.007036761956171089,-0.04070183524556581,True,0.007563788304366659,0.015468521315051387,-0.04070183524556581,True,0.09256336590755376,0.09507428555103004,-0.04070183524556581,True,20,True,True,True,False,True,False,11,1,STOP_BEFORE_TARGET,True,True,False,True,False,13,1,STOP_BEFORE_TARGET,2022-06-30,2022-07-05,2022-07-07,2022-07-14,2022-07-28
MA|2022-06-30T00:00:00|Long,MA,2022-06-30,Long,0.00874850751848899,0.010967387265711892,-0.01321799569708737,True,0.01486624279853177,0.02180795652860712,-0.019082094971496932,True,0.024026836275830243,0.030112842871720558,-0.019082094971496932,True,0.05417140783170327,0.06368072663329927,-0.019082094971496932,True,0.12143399335767735,0.13097494410963262,-0.019082094971496932,True,20,True,True,False,True,False,False,5,,TARGET_BEFORE_STOP,True,False,True,False,False,10,,TARGET_BEFORE_STOP,2022-07-01,2022-07-06,2022-07-08,2022-07-15,2022-07-29
MA|2022-07-01T00:00:00|Long,MA,2022-07-01,Long,0.00320518967618999,0.006504548101243568,-0.02758923783535394,True,0.018319561553373997,0.020801895802950554,-0.02758923783535394,True,0.018696620128253683,0.025075450072918448,-0.02758923783535394,True,0.040127010819241304,0.06055184804731217,-0.02758923783535394,True,0.101495787147174,0.12116641133062944,-0.02758923783535394,True,20,True,True,True,False,True,False,9,1,STOP_BEFORE_TARGET,True,False,True,False,False,9,,TARGET_BEFORE_STOP,2022-07-05,2022-07-07,2022-07-11,2022-07-18,2022-08-01
MA|2022-07-05T00:00:00|Long,MA,2022-07-05,Long,0.0028503527979510945,0.0097098775014548,-0.011088167752424272,True,0.011902485988640965,0.017916435023923816,-0.011088167752424272,True,0.011275999109880086,0.025371093585707216,-0.011088167752424272,True,0.06615296144572591,0.07125853318334863,-0.01707076376722605,True,0.09318423570130197,0.11758434153686381,-0.01707076376722605,True,20,True,True,False,True,False,False,8,,TARGET_BEFORE_STOP,True,False,True,False,False,8,,TARGET_BEFORE_STOP,2022-07-06,2022-07-08,2022-07-12,2022-07-19,2022-08-02
MA|2022-07-06T00:00:00|Long,MA,2022-07-06,Long,0.012181009254211839,0.014648379695579195,-0.0020302476396941715,True,0.012555794874835158,0.018896172468488404,-0.0031858684088796885,True,0.009994632711521456,0.02245673118120095,-0.019864495744152944,True,0.06590241028521548,0.07227405178618418,-0.019864495744152944,True,0.10606861989198513,0.11440788590122652,-0.019864495744152944,True,20,True,True,False,True,False,False,7,,TARGET_BEFORE_STOP,True,False,True,False,False,8,,TARGET_BEFORE_STOP,2022-07-07,2022-07-11,2022-07-13,2022-07-20,2022-08-03
MA|2022-07-07T00:00:00|Long,MA,2022-07-07,Long,-0.0031166406726881313,0.002808046537916553,-0.01456475796595691,True,-0.0037338289422311766,0.010152059595111673,-0.015181946235499955,True,0.0029622965204481044,0.010830929023725622,-0.03165985599944854,True,0.07050947507356065,0.07146605097255643,-0.03165985599944854,True,0.09874409626554947,0.10658184110443747,-0.03165985599944854,True,20,True,True,True,False,True,False,6,4,STOP_BEFORE_TARGET,True,True,False,True,False,8,4,STOP_BEFORE_TARGET,2022-07-08,2022-07-12,2022-07-14,2022-07-21,2022-08-04
MA|2022-07-08T00:00:00|Long,MA,2022-07-08,Long,0.0034978174065254386,0.009781476153005508,-0.012103026346987455,True,0.0009595665230497374,0.013310183326516123,-0.028632452392445495,True,0.029437286688210884,0.03872348746413912,-0.028632452392445495,True,0.06444625605633081,0.08676406547119164,-0.028632452392445495,True,0.10663657669589077,0.11004144140910244,-0.028632452392445495,True,20,True,True,True,False,True,False,5,3,STOP_BEFORE_TARGET,True,False,True,False,False,7,,TARGET_BEFORE_STOP,2022-07-11,2022-07-13,2022-07-15,2022-07-22,2022-08-05
MA|2022-07-11T00:00:00|Long,MA,2022-07-11,Long,-0.004102585150151716,0.009778163688836106,-0.012276785083918385,True,0.002591061820428786,0.01045678184191412,-0.03201827571684157,True,0.02103706861056387,0.0410870391557685,-0.03201827571684157,True,0.06175387539068322,0.08297601312164549,-0.03201827571684157,True,0.08627656932683592,0.10737529626591513,-0.03201827571684157,True,20,True,True,True,False,True,False,4,2,STOP_BEFORE_TARGET,True,True,False,True,False,6,2,STOP_BEFORE_TARGET,2022-07-12,2022-07-14,2022-07-18,2022-07-25,2022-08-08
MA|2022-07-12T00:00:00|Long,MA,2022-07-12,Long,0.0015796623575685675,0.006411470662630148,-0.02803068885453308,True,0.03007502450972055,0.03936697809986045,-0.02803068885453308,True,0.054265069460907034,0.05931371270183883,-0.02803068885453308,True,0.057052636633421194,0.08743731731136783,-0.02803068885453308,True,0.07334455884204472,0.11193711295342035,-0.02803068885453308,True,20,True,True,True,False,True,False,3,1,STOP_BEFORE_TARGET,True,False,True,False,False,5,,TARGET_BEFORE_STOP,2022-07-13,2022-07-15,2022-07-19,2022-07-26,2022-08-09
MA|2022-07-13T00:00:00|Long,MA,2022-07-13,Long,0.0051334498783901505,0.01301911593112548,-0.02467755385238546,True,0.023626232377153,0.04372704599050148,-0.02467755385238546,True,0.05535452938358576,0.061663118849910825,-0.02467755385238546,True,0.06153939511077011,0.08572224275371476,-0.02467755385238546,True,0.09280394043593798,0.11018339802955546,-0.02467755385238546,True,20,True,True,True,False,True,False,2,1,STOP_BEFORE_TARGET,True,False,True,False,False,4,,TARGET_BEFORE_STOP,2022-07-14,2022-07-18,2022-07-20,2022-07-27,2022-08-10
MA|2022-07-14T00:00:00|Long,MA,2022-07-14,Long,0.02319788503596465,0.032427802309037856,0.01455253670151202,True,0.04722642882553951,0.052241365566561004,0.01455253670151202,True,0.06734767477047976,0.06830142537737127,0.01455253670151202,True,0.08436148518818176,0.08685355534058559,0.01455253670151202,True,0.07860809121904411,0.104513433677762,0.01455253670151202,True,20,True,True,False,True,False,False,1,,TARGET_BEFORE_STOP,True,False,True,False,False,3,,TARGET_BEFORE_STOP,2022-07-15,2022-07-19,2022-07-21,2022-07-28,2022-08-11
MA|2022-07-15T00:00:00|Long,MA,2022-07-15,Long,-0.00469073435438494,0.01485402270984193,-0.008359138581569892,True,0.02615985055132053,0.032293923077388875,-0.008359138581569892,True,0.034007869950725134,0.05568749016990271,-0.008359138581569892,True,0.06380611827095994,0.07285678183579702,-0.008359138581569892,True,0.06524936467977427,0.07947196708575999,-0.008359138581569892,True,20,True,True,False,True,False,False,3,,TARGET_BEFORE_STOP,True,False,True,False,False,5,,TARGET_BEFORE_STOP,2022-07-18,2022-07-20,2022-07-22,2022-07-29,2022-08-12
MA|2022-07-18T00:00:00|Long,MA,2022-07-18,Long,0.028307286307812873,0.033231623441806635,0.0023261804506065076,True,0.048065022786998535,0.04900154298109549,0.0023261804506065076,True,0.03987789281296816,0.06066277749873317,0.0023261804506065076,True,0.05900123320477624,0.07791298530701418,0.0006947840305882025,True,0.08742938759434349,0.0934715009473992,0.0006947840305882025,True,20,True,True,False,True,False,False,1,,TARGET_BEFORE_STOP,True,False,True,False,False,4,,TARGET_BEFORE_STOP,2022-07-19,2022-07-21,2022-07-25,2022-08-01,2022-08-15
MA|2022-07-19T00:00:00|Long,MA,2022-07-19,Long,0.0026146780600868613,0.008608004682266746,-0.012015971206354337,True,0.010282625153627878,0.031464807866036004,-0.012015971206354337,True,0.0026440856794576195,0.031464807866036004,-0.012015971206354337,True,0.02535403008112569,0.048240151226889516,-0.02685238415101454,True,0.05543802469737935,0.06337037139312862,-0.02685238415101454,True,20,True,True,True,True,False,False,3,6,TARGET_BEFORE_STOP,True,False,True,False,False,12,,TARGET_BEFORE_STOP,2022-07-20,2022-07-22,2022-07-26,2022-08-02,2022-08-16
MA|2022-07-20T00:00:00|Long,MA,2022-07-20,Long,0.01655587832493577,0.01746424287081827,-0.003545554821785535,True,0.008614887145228733,0.028774892725259127,-0.003545554821785535,True,0.005860462579145409,0.028774892725259127,-0.029390216257471846,True,0.03768282088415753,0.04550648835012194,-0.029390216257471846,True,0.041199044777507465,0.06059725103027125,-0.029390216257471846,True,20,True,True,True,False,True,False,6,5,STOP_BEFORE_TARGET,True,False,True,False,False,11,,TARGET_BEFORE_STOP,2022-07-21,2022-07-25,2022-07-27,2022-08-03,2022-08-17
MA|2022-07-21T00:00:00|Long,MA,2022-07-21,Long,-0.008762851456406762,0.012020012535324254,-0.018794013832840406,True,-0.01625739199278664,0.012020012535324254,-0.02196479113290739,True,0.015940270279185764,0.018275095389419738,-0.045197805218653464,True,0.02637493814807068,0.033696447225185056,-0.045197805218653464,True,0.0300933111949242,0.043324104109167205,-0.045197805218653464,True,20,True,True,True,False,True,False,10,3,STOP_BEFORE_TARGET,False,True,False,True,False,,4,STOP_BEFORE_TARGET,2022-07-22,2022-07-26,2022-07-28,2022-08-04,2022-08-18
MA|2022-07-22T00:00:00|Long,MA,2022-07-22,Long,0.0009595980213448208,0.004827275905951778,-0.010963183313129066,True,-0.0017739207295536241,0.014656300085372553,-0.03675705033430188,True,0.02881820263288204,0.03757119555281818,-0.03675705033430188,True,0.03963593314318281,0.04283465237756312,-0.03675705033430188,True,0.030243089882554974,0.05254742080853658,-0.03675705033430188,True,20,True,True,True,False,True,False,5,3,STOP_BEFORE_TARGET,True,True,False,True,False,16,3,STOP_BEFORE_TARGET,2022-07-25,2022-07-27,2022-07-29,2022-08-05,2022-08-19
MA|2022-07-25T00:00:00|Long,MA,2022-07-25,Long,-0.008512224364537802,0.0012202243925543144,-0.014264558798404825,True,0.02393893540719172,0.026292142980189892,-0.037680490231777,True,0.01838998648204515,0.03657649879560143,-0.037680490231777,True,0.023096401628041496,0.042967981499898,-0.037680490231777,True,0.003776817474272942,0.05153836667250933,-0.037680490231777,True,20,True,True,True,False,True,False,4,2,STOP_BEFORE_TARGET,True,True,False,True,False,15,2,STOP_BEFORE_TARGET,2022-07-26,2022-07-28,2022-08-01,2022-08-08,2022-08-22
MA|2022-07-26T00:00:00|Long,MA,2022-07-26,Long,0.005830960623220971,0.022386353363117006,-0.02941868430858341,True,0.03665614688927343,0.045475823573559504,-0.02941868430858341,True,0.022650055713716366,0.045475823573559504,-0.02941868430858341,True,0.015412593133026231,0.05192217910245156,-0.02941868430858341,True,-0.0011427101859302624,0.06056614364061086,-0.02941868430858341,True,20,True,True,True,False,True,False,2,1,STOP_BEFORE_TARGET,True,False,True,False,False,7,,TARGET_BEFORE_STOP,2022-07-27,2022-07-29,2022-08-02,2022-08-09,2022-08-23
MA|2022-07-27T00:00:00|Long,MA,2022-07-27,Long,0.026742865636860902,0.029102517177973297,-0.007719853122315379,True,0.021178721600857653,0.03941503543077873,-0.007719853122315379,True,0.03163695113675691,0.03941503543077873,-0.007719853122315379,True,0.029452082013315728,0.04582402042056066,-0.007719853122315379,True,-0.010370838327063758,0.054417874533783994,-0.014332691664345587,True,20,True,True,False,True,False,False,2,,TARGET_BEFORE_STOP,True,False,True,False,False,13,,TARGET_BEFORE_STOP,2022-07-28,2022-08-01,2022-08-03,2022-08-10,2022-08-24
MA|2022-07-28T00:00:00|Long,MA,2022-07-28,Long,0.003801947202383804,0.012342106498161476,-0.00706489052549808,True,-0.009760256269719103,0.012342106498161476,-0.02403178018824348,True,0.010270946210270138,0.017477579603296656,-0.02403178018824348,True,-0.005305789672287342,0.018584161061459215,-0.02403178018824348,True,-0.022074048829162307,0.026954176964021803,-0.042928087271352,True,20,True,False,True,False,True,False,,3,STOP_BEFORE_TARGET,False,True,False,True,False,,18,STOP_BEFORE_TARGET,2022-07-29,2022-08-02,2022-08-04,2022-08-11,2022-08-25
MA|2022-07-29T00:00:00|Long,MA,2022-07-29,Long,-0.009186240203239993,0.0029678277159017608,-0.022979746986778515,True,0.0009610117009493102,0.007603387253556804,-0.02772830583582786,True,0.010514715313761469,0.013623835298414377,-0.02772830583582786,True,0.0013566818088619481,0.014726225527130987,-0.02772830583582786,True,-0.06170331711635069,0.023064539599832345,-0.06243815767647887,True,20,True,False,True,False,True,False,,1,STOP_BEFORE_TARGET,False,True,False,True,False,,17,STOP_BEFORE_TARGET,2022-08-01,2022-08-03,2022-08-05,2022-08-12,2022-08-26
MA|2022-08-01T00:00:00|Long,MA,2022-08-01,Long,-0.004364690882640909,0.0017401304749620206,-0.018713976717876113,True,0.015775656542748706,0.02302155705461062,-0.018713976717876113,True,0.0046214271629421155,0.024134167994675382,-0.018713976717876113,True,0.026844307162454673,0.03254978999250868,-0.018713976717876113,True,-0.060449597549121825,0.03254978999250868,-0.06495697773776943,True,20,True,True,True,True,False,False,10,16,TARGET_BEFORE_STOP,False,True,False,True,False,,16,STOP_BEFORE_TARGET,2022-08-02,2022-08-04,2022-08-08,2022-08-15,2022-08-29
MA|2022-08-02T00:00:00|Long,MA,2022-08-02,Long,0.014670052359317065,0.021403401082162432,-0.0013466697445690956,True,0.024354602338506393,0.027506304453514874,-0.0013466697445690956,True,-0.007077164412452874,0.028623792885148713,-0.010486815735076593,True,0.029340104718634352,0.037076307496441085,-0.010486815735076593,True,-0.06074327845573246,0.037076307496441085,-0.06716140450283137,True,20,True,True,True,True,False,False,9,15,TARGET_BEFORE_STOP,False,True,False,True,False,,16,STOP_BEFORE_TARGET,2022-08-03,2022-08-05,2022-08-09,2022-08-16,2022-08-30
MA|2022-08-03T00:00:00|Long,MA,2022-08-03,Long,0.00547822103368012,0.012650666159261137,-0.012650752335461202,True,-0.005562932238275087,0.013751997995196774,-0.012650752335461202,True,-0.0021178662910763535,0.013751997995196774,-0.02479315126715209,True,0.0033885343600021933,0.022082306543910413,-0.02479315126715209,True,-0.08403696200629229,0.022082306543910413,-0.08429109562007742,True,20,True,False,True,False,True,False,,4,STOP_BEFORE_TARGET,False,True,False,True,False,,14,STOP_BEFORE_TARGET,2022-08-04,2022-08-08,2022-08-10,2022-08-17,2022-08-31
MA|2022-08-04T00:00:00|Long,MA,2022-08-04,Long,0.004044155395809712,0.004942789934127667,-0.015923872584335808,True,-0.02676439627957583,0.008228698333227813,-0.030106442553983648,True,-0.015418374586529504,0.008228698333227813,-0.030106442553983648,True,0.003622821357624595,0.01651362024844305,-0.030106442553983648,True,-0.08655603305603798,0.01651362024844305,-0.10351901342697989,True,20,True,False,True,False,True,False,,3,STOP_BEFORE_TARGET,False,True,False,True,False,,3,STOP_BEFORE_TARGET,2022-08-05,2022-08-09,2022-08-11,2022-08-18,2022-09-01
MA|2022-08-05T00:00:00|Long,MA,2022-08-05,Long,-0.01496463303789164,0.00416768815886237,-0.0213140748763454,True,-0.011552137758380598,0.00416768815886237,-0.03401304391471771,True,-0.00906274135954177,0.00416768815886237,-0.03401304391471771,True,-0.009034742799077566,0.012419239518124181,-0.03401304391471771,True,-0.09775953470489862,0.012419239518124181,-0.10712991878368794,True,20,True,False,True,False,True,False,,1,STOP_BEFORE_TARGET,False,True,False,True,False,,2,STOP_BEFORE_TARGET,2022-08-08,2022-08-10,2022-08-12,2022-08-19,2022-09-02
MA|2022-08-08T00:00:00|Long,MA,2022-08-08,Long,-0.015958641125469186,-0.002953227323111207,-0.019337793865790043,True,-0.0044866454833404346,0.010478198554730644,-0.019337793865790043,True,0.022120651022017324,0.02779988767354502,-0.019337793865790043,True,-0.018883444534674942,0.02779988767354502,-0.022376206272343158,True,-0.07973653111608314,0.02779988767354502,-0.09356545849722941,True,20,True,False,True,False,True,False,,10,STOP_BEFORE_TARGET,False,True,False,True,False,,11,STOP_BEFORE_TARGET,2022-08-09,2022-08-11,2022-08-15,2022-08-22,2022-09-06
MA|2022-08-09T00:00:00|Long,MA,2022-08-09,Long,0.01973797013109957,0.023114154356028926,0.013014310431236353,True,0.022306170364591482,0.02686557779485632,0.010734694779754195,True,0.03667683713763892,0.04446818053365331,0.010734694779754195,True,-0.01630401615157795,0.04446818053365331,-0.020690290445366966,True,-0.05171123964294422,0.04446818053365331,-0.0788654020198103,True,20,True,True,True,True,False,False,4,10,TARGET_BEFORE_STOP,False,True,False,True,False,,13,STOP_BEFORE_TARGET,2022-08-10,2022-08-12,2022-08-16,2022-08-23,2022-09-07
MA|2022-08-10T00:00:00|Long,MA,2022-08-10,Long,-0.007923533510265868,0.006989646235140645,-0.008574335665374355,True,0.018591904560071315,0.02425153434207661,-0.008829008642473046,True,0.005518087221997092,0.02425153434207661,-0.008829008642473046,True,-0.038683607558010036,0.02425153434207661,-0.042532114357407114,True,-0.06596297820054586,0.02425153434207661,-0.09669481282356596,True,20,True,False,True,False,True,False,,8,STOP_BEFORE_TARGET,False,True,False,True,False,,9,STOP_BEFORE_TARGET,2022-08-11,2022-08-15,2022-08-17,2022-08-24,2022-09-08
MA|2022-08-11T00:00:00|Long,MA,2022-08-11,Long,0.010525422393572903,0.013891339555293536,-0.0009127069966804457,True,0.024730485937043634,0.0324320442416981,-0.0009127069966804457,True,0.01933937771401939,0.0324320442416981,-0.0009127069966804457,True,-0.016857702581128398,0.0324320442416981,-0.03782297836705972,True,-0.04201603352424588,0.0324320442416981,-0.08948027930488023,True,20,True,True,True,True,False,False,2,8,TARGET_BEFORE_STOP,False,True,False,True,False,,8,STOP_BEFORE_TARGET,2022-08-12,2022-08-16,2022-08-18,2022-08-25,2022-09-09
MA|2022-08-12T00:00:00|Long,MA,2022-08-12,Long,0.016033035169513488,0.021678447036231896,-0.009738283784800017,True,0.002992061397988799,0.021678447036231896,-0.009738283784800017,True,2.8254624821144603e-05,0.021678447036231896,-0.009738283784800017,True,-0.0629745624818725,0.021678447036231896,-0.06370840744788464,True,-0.04473982013002464,0.021678447036231896,-0.09896406313220263,True,20,True,False,True,False,True,False,,6,STOP_BEFORE_TARGET,False,True,False,True,False,,7,STOP_BEFORE_TARGET,2022-08-15,2022-08-17,2022-08-19,2022-08-26,2022-09-12
MA|2022-08-15T00:00:00|Long,MA,2022-08-15,Long,-0.001944748390864448,0.00013887426385195134,-0.019030437202973927,True,-0.007195518176504656,0.00013887426385195134,-0.022780974938027998,True,-0.04011668829476478,0.00013887426385195134,-0.04353385997031589,True,-0.08501182126899198,0.00013887426385195134,-0.08940136713997526,True,-0.09587445088285196,0.00013887426385195134,-0.11318244025651214,True,20,True,False,True,False,True,False,,2,STOP_BEFORE_TARGET,False,True,False,True,False,,5,STOP_BEFORE_TARGET,2022-08-16,2022-08-18,2022-08-22,2022-08-29,2022-09-13
MA|2022-08-16T00:00:00|Long,MA,2022-08-16,Long,-0.010911658810673242,-0.006374414878001056,-0.02087682672233826,True,-0.013834380572590455,0.0007515351807150239,-0.02087682672233826,True,-0.05110643104123169,0.0007515351807150239,-0.05533752229036182,True,-0.08751566441588376,0.0007515351807150239,-0.09375084948025403,True,-0.09297145134720775,0.0007515351807150239,-0.11145444271377003,True,20,True,False,True,False,True,False,,1,STOP_BEFORE_TARGET,False,True,False,True,False,,4,STOP_BEFORE_TARGET,2022-08-17,2022-08-19,2022-08-23,2022-08-30,2022-09-14
MA|2022-08-17T00:00:00|Long,MA,2022-08-17,Long,0.005712995964341605,0.011791862774728434,-0.004953083934808644,True,-0.027636217537873042,0.011791862774728434,-0.031097819521408332,True,-0.043959124496830926,0.011791862774728434,-0.04778651144123658,True,-0.08713025251186224,0.011791862774728434,-0.08738352789331483,True,-0.1079841177698746,0.011791862774728434,-0.11302162683183414,True,20,True,False,True,False,True,False,,3,STOP_BEFORE_TARGET,False,True,False,True,False,,3,STOP_BEFORE_TARGET,2022-08-18,2022-08-22,2022-08-24,2022-08-31,2022-09-15
MA|2022-08-18T00:00:00|Long,MA,2022-08-18,Long,-0.008618722572521942,-0.0016509860143132382,-0.01063350108779082,True,-0.04608789841683647,-0.0016509860143132382,-0.05034136716979343,True,-0.03551033256100011,-0.0016509860143132382,-0.056077845446598884,True,-0.08985333184400446,-0.0016509860143132382,-0.106755080200021,True,-0.11817210152167745,-0.0016509860143132382,-0.13501791464573953,True,20,True,False,True,False,True,False,,2,STOP_BEFORE_TARGET,False,True,False,True,False,,2,STOP_BEFORE_TARGET,2022-08-19,2022-08-23,2022-08-25,2022-09-01,2022-09-16
MA|2022-08-19T00:00:00|Long,MA,2022-08-19,Long,-0.024754400598085313,-0.009258210428470193,-0.02822626181115473,True,-0.041125684132384044,-0.009258210428470193,-0.044964414391637786,True,-0.06300103703602888,-0.009258210428470193,-0.06373486126811267,True,-0.0895337059105713,-0.009258210428470193,-0.09898952084525114,True,-0.11361070378989768,-0.009258210428470193,-0.12749806250246032,True,20,True,False,True,False,True,False,,1,STOP_BEFORE_TARGET,False,True,False,True,False,,2,STOP_BEFORE_TARGET,2022-08-22,2022-08-24,2022-08-26,2022-09-02,2022-09-19
MA|2022-08-22T00:00:00|Long,MA,2022-08-22,Long,-0.0133715232167122,-0.0008683346417384108,-0.01777087341869643,True,-0.0024311780097497904,-0.0008683346417384108,-0.023704096002781228,True,-0.04677144859875826,0.00037626951213565185,-0.05134444806385485,True,-0.06202431937614872,0.00037626951213565185,-0.0761194106312213,True,-0.09331139428875879,0.00037626951213565185,-0.10535157704621723,True,20,True,False,True,False,True,False,,2,STOP_BEFORE_TARGET,False,True,False,True,False,,4,STOP_BEFORE_TARGET,2022-08-23,2022-08-25,2022-08-29,2022-09-06,2022-09-20
MA|2022-08-23T00:00:00|Long,MA,2022-08-23,Long,-0.003461595067770884,0.004106878571753514,-0.007451108673691698,True,-0.026196200562134342,0.013934113044932417,-0.02695884903194945,True,-0.038370197212532875,0.013934113044932417,-0.044941202927338275,True,-0.03599407141304556,0.013934113044932417,-0.06359829347221613,True,-0.10675001638275272,0.013934113044932417,-0.10757139209710331,True,20,True,False,True,False,True,False,,3,STOP_BEFORE_TARGET,False,True,False,True,False,,4,STOP_BEFORE_TARGET,2022-08-24,2022-08-26,2022-08-30,2022-09-07,2022-09-21
MA|2022-08-24T00:00:00|Long,MA,2022-08-24,Long,0.014600753870708916,0.01595482489201694,-0.007035366020947342,True,-0.03049655768789028,0.01745613418068559,-0.0351476339870479,True,-0.045156152965018515,0.01745613418068559,-0.045421074045217336,True,-0.028377099212091084,0.01745613418068559,-0.06034559040254439,True,-0.12172148933977878,0.01745613418068559,-0.12693178358543955,True,20,True,False,True,False,True,False,,2,STOP_BEFORE_TARGET,False,True,False,True,False,,3,STOP_BEFORE_TARGET,2022-08-25,2022-08-29,2022-08-31,2022-09-08,2022-09-22
MA|2022-08-25T00:00:00|Long,MA,2022-08-25,Long,-0.03687591457770123,0.002814289560778782,-0.03763019907568055,True,-0.048916398909984116,0.002814289560778782,-0.05541534035283935,True,-0.056343785856514894,0.002814289560778782,-0.0738678184372844,True,-0.025589714743397662,0.002814289560778782,-0.0738678184372844,True,-0.14822881267615873,0.002814289560778782,-0.15791923019950072,True,20,True,False,True,False,True,False,,1,STOP_BEFORE_TARGET,False,True,False,True,False,,1,STOP_BEFORE_TARGET,2022-08-26,2022-08-30,2022-09-01,2022-09-09,2022-09-23
MA|2022-08-26T00:00:00|Long,MA,2022-08-26,Long,-0.007862349134671875,0.0025605679160003447,-0.012622010330342048,True,-0.02286419006284901,0.003042564741605913,-0.023135296040096787,True,-0.028316647000987794,0.003042564741605913,-0.03840824294552181,True,0.019460242616406997,0.022653391145985857,-0.03840824294552181,True,-0.126069427583953,0.022653391145985857,-0.12905168526517408,True,20,True,False,True,False,True,False,,3,STOP_BEFORE_TARGET,False,True,False,True,False,,4,STOP_BEFORE_TARGET,2022-08-29,2022-08-31,2022-09-02,2022-09-12,2022-09-26
MA|2022-08-29T00:00:00|Long,MA,2022-08-29,Long,-0.004675902585038472,0.01099133156247678,-0.011477148046898256,True,-0.012448781015740984,0.01099133156247678,-0.030787959497563966,True,-0.016001273519313686,0.01099133156247678,-0.030787959497563966,True,-0.011871879731741863,0.030757567011031384,-0.030787959497563966,True,-0.13016546021776398,0.030757567011031384,-0.13526648697417876,True,20,True,True,True,False,True,False,9,3,STOP_BEFORE_TARGET,False,True,False,True,False,,3,STOP_BEFORE_TARGET,2022-08-30,2022-09-01,2022-09-06,2022-09-13,2022-09-27
MA|2022-08-30T00:00:00|Long,MA,2022-08-30,Long,-0.010493891177896009,0.010280330503297463,-0.010768429290097914,True,-0.01601537487904592,0.010280330503297463,-0.026234727944740133,True,0.0024709361051411527,0.010280330503297463,-0.026234727944740133,True,-0.005979047221486233,0.03559993140736495,-0.026234727944740133,True,-0.1147921209330609,0.03559993140736495,-0.14069124023267132,True,20,True,True,True,False,True,False,8,2,STOP_BEFORE_TARGET,False,True,False,True,False,,11,STOP_BEFORE_TARGET,2022-08-31,2022-09-02,2022-09-07,2022-09-14,2022-09-28
MA|2022-08-31T00:00:00|Long,MA,2022-08-31,Long,0.002712966353421775,0.003822764907484899,-0.015907771186558728,True,-0.0008940671125179378,0.016339422234883605,-0.015907771186558728,True,0.017572563100270555,0.018250804688626054,-0.015907771186558728,True,-0.022844294397304843,0.046582655907127624,-0.02836261623436953,True,-0.11591702891610423,0.046582655907127624,-0.1315781154800152,True,20,True,True,True,True,False,False,6,10,TARGET_BEFORE_STOP,False,True,False,True,False,,11,STOP_BEFORE_TARGET,2022-09-01,2022-09-06,2022-09-08,2022-09-15,2022-09-29
MA|2022-09-01T00:00:00|Long,MA,2022-09-01,Long,-0.00827056861308606,0.013589587787038893,-0.014511917665497642,True,0.010361245556302912,0.013589587787038893,-0.014511917665497642,True,0.0325903339078113,0.03618751426186595,-0.014511917665497642,True,-0.031114512274212136,0.043750994577488544,-0.04962341167851647,True,-0.12578018036005956,0.043750994577488544,-0.1339277403799961,True,20,True,True,True,True,False,False,5,9,TARGET_BEFORE_STOP,False,True,False,True,False,,9,STOP_BEFORE_TARGET,2022-09-02,2022-09-07,2022-09-09,2022-09-16,2022-09-30
MA|2022-09-02T00:00:00|Long,MA,2022-09-02,Long,0.004712267563171002,0.013733856365672148,-0.006200396872326652,True,0.023282520530961914,0.023964567971339834,-0.006200396872326652,True,0.049169196395035364,0.0524553991685246,-0.006200396872326652,True,-0.026444688876051337,0.0524553991685246,-0.04169770681061602,True,-0.09945432420347855,0.0524553991685246,-0.12670509494830762,True,20,True,True,True,True,False,False,4,8,TARGET_BEFORE_STOP,True,True,True,False,False,5,9,TARGET_BEFORE_STOP,2022-09-06,2022-09-08,2022-09-12,2022-09-19,2022-10-03
MA|2022-09-06T00:00:00|Long,MA,2022-09-06,Long,0.01400891364178558,0.015798648009459626,-0.006263881953241901,True,0.0363182548102996,0.03992842192530999,-0.006263881953241901,True,0.00419654383328405,0.04751920838107204,-0.006263881953241901,True,-0.03335595533969593,0.04751920838107204,-0.04619230387855189,True,-0.07038385122096213,0.04751920838107204,-0.13080099323383232,True,20,True,True,True,True,False,False,3,7,TARGET_BEFORE_STOP,False,True,False,True,False,,8,STOP_BEFORE_TARGET,2022-09-07,2022-09-09,2022-09-13,2022-09-20,2022-10-04
MA|2022-09-07T00:00:00|Long,MA,2022-09-07,Long,0.004412428423639092,0.005081898401035678,-0.015641118030649492,True,0.029821734697099478,0.03304733744295718,-0.015641118030649492,True,-0.00842915542215894,0.03304733744295718,-0.016036726589909955,True,-0.07339783176792447,0.03304733744295718,-0.07424987602407829,True,-0.07431070316171107,0.03304733744295718,-0.1428093036732162,True,20,True,True,True,True,False,False,3,6,TARGET_BEFORE_STOP,False,True,False,True,False,,6,STOP_BEFORE_TARGET,2022-09-08,2022-09-12,2022-09-14,2022-09-21,2022-10-05
MA|2022-09-08T00:00:00|Long,MA,2022-09-08,Long,0.01751143288102308,0.021056083664779512,0.00024233214315372287,True,-0.014027342018581468,0.02850911459176042,-0.016632897961432858,True,-0.039718894713941744,0.02850911459176042,-0.04514192009529816,True,-0.09607059493142123,0.02850911459176042,-0.10143306039146305,True,-0.09343471279896487,0.02850911459176042,-0.1465749804867612,True,20,True,False,True,False,True,False,,4,STOP_BEFORE_TARGET,False,True,False,True,False,,5,STOP_BEFORE_TARGET,2022-09-09,2022-09-13,2022-09-15,2022-09-22,2022-10-06
MA|2022-09-09T00:00:00|Long,MA,2022-09-09,Long,0.007652247364934084,0.010808410947873215,0.0002679658664734852,True,-0.029775196719567187,0.010808410947873215,-0.03721899589945887,True,-0.06169421123761065,0.010808410947873215,-0.0796189378174712,True,-0.12585981468829133,0.010808410947873215,-0.13580471948862405,True,-0.12172101872826069,0.010808410947873215,-0.16126247633717827,True,20,True,False,True,False,True,False,,2,STOP_BEFORE_TARGET,False,True,False,True,False,,2,STOP_BEFORE_TARGET,2022-09-12,2022-09-14,2022-09-16,2022-09-23,2022-10-07
MA|2022-09-12T00:00:00|Long,MA,2022-09-12,Long,-0.03835473811036849,-0.016606658624714332,-0.040896005869416885,True,-0.06341239028772383,-0.016606658624714332,-0.06870161065390057,True,-0.07207024904171544,-0.016606658624714332,-0.08660843600619583,True,-0.1427516877233619,-0.016606658624714332,-0.1456770177721015,True,-0.137816951710502,-0.016606658624714332,-0.16763196245910605,True,20,True,False,True,False,True,False,,1,STOP_BEFORE_TARGET,False,True,False,True,False,,1,STOP_BEFORE_TARGET,2022-09-13,2022-09-15,2022-09-19,2022-09-26,2022-10-10
MA|2022-09-13T00:00:00|Long,MA,2022-09-13,Long,0.001259844085034434,0.009341225793129793,-0.006422063428625169,True,-0.03168017908446896,0.009341225793129793,-0.05017827239226336,True,-0.03739556703673985,0.009341225793129793,-0.05017827239226336,True,-0.11971482043634962,0.009341225793129793,-0.12487713355322538,True,-0.1210361797963957,0.009341225793129793,-0.13443338148904105,True,20,True,False,True,False,True,False,,2,STOP_BEFORE_TARGET,False,True,False,True,False,,2,STOP_BEFORE_TARGET,2022-09-14,2022-09-16,2022-09-20,2022-09-27,2022-10-11
MA|2022-09-14T00:00:00|Long,MA,2022-09-14,Long,-0.027282536387657208,0.0002761894620373351,-0.03277579400255848,True,-0.03627438116562065,0.0002761894620373351,-0.05137339401072527,True,-0.06552096272397545,0.0002761894620373351,-0.06638025004652326,True,-0.1094675855749494,0.0002761894620373351,-0.13552248836871494,True,-0.13033604549699263,0.0002761894620373351,-0.13552248836871494,True,20,True,False,True,False,True,False,,1,STOP_BEFORE_TARGET,False,True,False,True,False,,1,STOP_BEFORE_TARGET,2022-09-15,2022-09-19,2022-09-21,2022-09-28,2022-10-12
MA|2022-09-15T00:00:00|Long,MA,2022-09-15,Long,-0.005773556983847183,-0.004196070823197617,-0.024766551978621543,True,-0.011641855568163217,-0.004196070823197617,-0.024766551978621543,True,-0.05868250443258782,-0.004196070823197617,-0.06426677077972631,True,-0.09524862208259177,-0.004196070823197617,-0.11127583911066141,True,-0.07256436338988137,-0.004196070823197617,-0.12648282880703088,True,20,True,False,True,False,True,False,,1,STOP_BEFORE_TARGET,False,True,False,True,False,,4,STOP_BEFORE_TARGET,2022-09-16,2022-09-20,2022-09-22,2022-09-29,2022-10-13
MA|2022-09-16T00:00:00|Long,MA,2022-09-16,Long,-0.0034906422316868246,0.0010154771658057449,-0.015485687834223327,True,-0.03373212552947946,0.0010154771658057449,-0.03462064383925134,True,-0.06838453329304739,0.0010154771658057449,-0.07898332200290914,True,-0.09770573435675145,0.0010154771658057449,-0.10611494279588385,True,-0.0839018882103546,0.0010154771658057449,-0.12141024076667262,True,20,True,False,True,False,True,False,,3,STOP_BEFORE_TARGET,False,True,False,True,False,,3,STOP_BEFORE_TARGET,2022-09-19,2022-09-21,2022-09-23,2022-09-30,2022-10-14
MA|2022-09-19T00:00:00|Long,MA,2022-09-19,Long,-0.002420182048146091,0.0010826874477352089,-0.014616426315106623,True,-0.049899734065685264,0.0030252275601825307,-0.05553610326783853,True,-0.07617110951411232,0.0030252275601825307,-0.07932364347017795,True,-0.07499279649878254,0.0030252275601825307,-0.10298378009617948,True,-0.060471898570815585,0.0030252275601825307,-0.11833265549966054,True,20,True,False,True,False,True,False,,2,STOP_BEFORE_TARGET,False,True,False,True,False,,2,STOP_BEFORE_TARGET,2022-09-20,2022-09-22,2022-09-26,2022-10-03,2022-10-17
MA|2022-09-20T00:00:00|Long,MA,2022-09-20,Long,-0.02799498618199625,0.005458620463582253,-0.02888877999920314,True,-0.06285313988550278,0.005458620463582253,-0.0735148580679772,True,-0.08551721826815195,0.005458620463582253,-0.09088007858761293,True,-0.0383056163080987,0.005458620463582253,-0.10080757072100954,True,-0.041146565527848344,0.005458620463582253,-0.11619368331798863,True,20,True,False,True,False,True,False,,1,STOP_BEFORE_TARGET,False,True,False,True,False,,2,STOP_BEFORE_TARGET,2022-09-21,2022-09-23,2022-09-27,2022-10-04,2022-10-18
MA|2022-09-21T00:00:00|Long,MA,2022-09-21,Long,-0.0201642517190066,-0.004663426692066874,-0.0259770235208846,True,-0.04725784777811992,-0.004663426692066874,-0.05050904723419536,True,-0.04702793866738508,-0.004663426692066874,-0.07490967999538178,True,-0.0009851815861042779,0.006896571768524318,-0.07490967999538178,True,-0.022134614891215154,0.006896571768524318,-0.09073893229166663,True,20,True,False,True,False,True,False,,1,STOP_BEFORE_TARGET,False,True,False,True,False,,2,STOP_BEFORE_TARGET,2022-09-22,2022-09-26,2022-09-28,2022-10-05,2022-10-19
MA|2022-09-22T00:00:00|Long,MA,2022-09-22,Long,-0.016020911026874196,-0.01270270214981395,-0.02721542940022459,True,-0.039817585964941005,-0.0015417330663027862,-0.045448445583665564,True,-0.03884567940380457,-0.0015417330663027862,-0.05587204628165443,True,0.002916026536669891,0.0276177140250351,-0.05587204628165443,True,-0.006971399230412012,0.0276177140250351,-0.0720270521834655,True,20,True,False,True,False,True,False,,1,STOP_BEFORE_TARGET,False,True,False,True,False,,2,STOP_BEFORE_TARGET,2022-09-23,2022-09-27,2022-09-29,2022-10-06,2022-10-20
MA|2022-09-23T00:00:00|Long,MA,2022-09-23,Long,-0.011819610938802794,0.005994992322788217,-0.015191742145475806,True,-0.011581150119194028,0.014714924456048939,-0.040499981860761536,True,-0.031473501795056924,0.014714924456048939,-0.040499981860761536,True,0.004734705061699929,0.044349138656442744,-0.040499981860761536,True,0.029940762132837584,0.044349138656442744,-0.056918019685803456,True,20,True,True,True,False,True,False,7,2,STOP_BEFORE_TARGET,False,True,False,True,False,,3,STOP_BEFORE_TARGET,2022-09-26,2022-09-28,2022-09-30,2022-10-07,2022-10-21
MA|2022-09-26T00:00:00|Long,MA,2022-09-26,Long,-0.012512407529976843,0.02685191457812719,-0.01830339466653985,True,-0.011512862385081757,0.02685191457812719,-0.029023416412064185,True,0.001275466731409436,0.02685191457812719,-0.029023416412064185,True,0.005756483789107092,0.05684058317389562,-0.029023416412064185,True,0.05339361460854897,0.05821934956140784,-0.045637830143386626,True,20,True,True,True,False,True,False,6,2,STOP_BEFORE_TARGET,True,True,True,False,False,7,13,TARGET_BEFORE_STOP,2022-09-27,2022-09-29,2022-10-03,2022-10-10,2022-10-24
MA|2022-09-27T00:00:00|Long,MA,2022-09-27,Long,0.0129153223525591,0.022689192092743227,-0.01672021907717136,True,-0.007470031298412727,0.022689192092743227,-0.01672021907717136,True,0.05162656192459303,0.061051345865836604,-0.01672021907717136,True,-0.0015010582828408614,0.07023175909521906,-0.01672021907717136,True,0.08702175272176671,0.08943030625061721,-0.03354515324142193,True,20,True,True,True,True,False,False,5,12,TARGET_BEFORE_STOP,True,True,True,False,False,5,12,TARGET_BEFORE_STOP,2022-09-28,2022-09-30,2022-10-04,2022-10-11,2022-10-25
MA|2022-09-28T00:00:00|Long,MA,2022-09-28,Long,-0.01175133967943609,0.006513249349169303,-0.018367863763167236,True,0.0010339041909139812,0.008856597246834408,-0.020125427270293095,True,0.048314907592249545,0.056585615280790647,-0.020125427270293095,True,-0.023433689312158723,0.056585615280790647,-0.02401957887045203,True,0.10107525615184043,0.11809918118489993,-0.045868074624514255,True,20,True,True,True,False,True,False,4,2,STOP_BEFORE_TARGET,True,True,True,False,False,5,11,TARGET_BEFORE_STOP,2022-09-29,2022-10-03,2022-10-05,2022-10-12,2022-10-26
MA|2022-09-29T00:00:00|Long,MA,2022-09-29,Long,-0.008473664500734723,0.013913662185072395,-0.008473664500734723,True,0.05056317102731667,0.0599784247514521,-0.008473664500734723,True,0.04344953255224415,0.06914955486816421,-0.008473664500734723,True,0.02507236711252747,0.06914955486816421,-0.03452241962464342,True,0.11367997821404319,0.13139458324407505,-0.03452241962464342,True,20,True,True,True,True,False,False,3,10,TARGET_BEFORE_STOP,True,True,True,False,False,3,10,TARGET_BEFORE_STOP,2022-09-30,2022-10-04,2022-10-06,2022-10-13,2022-10-27
MA|2022-09-30T00:00:00|Long,MA,2022-09-30,Long,0.021593918293299597,0.02957727991286707,0.0020398716231060376,True,0.06984601577310401,0.07828659369880797,0.0020398716231060376,True,0.03738483864289188,0.07828659369880797,0.0020398716231060376,True,0.015298607862209934,0.07828659369880797,-0.026271369898402508,True,0.15871845489223046,0.1669128229103578,-0.026271369898402508,True,20,True,True,True,True,False,False,2,9,TARGET_BEFORE_STOP,True,False,True,False,False,2,,TARGET_BEFORE_STOP,2022-10-03,2022-10-05,2022-10-07,2022-10-14,2022-10-28
MA|2022-10-03T00:00:00|Long,MA,2022-10-03,Long,0.037145337438904136,0.04644033917710755,0.018934177196305857,True,0.03012255463048663,0.0554943352640751,0.018934177196305857,True,0.00447530895001913,0.0554943352640751,-0.0032360314164628923,True,0.015698145779842854,0.0554943352640751,-0.04685353674742598,True,0.12978511520101654,0.1422472295643964,-0.04685353674742598,True,20,True,True,True,True,False,False,1,6,TARGET_BEFORE_STOP,True,True,True,False,False,2,8,TARGET_BEFORE_STOP,2022-10-04,2022-10-06,2022-10-10,2022-10-17,2022-10-31
MA|2022-10-04T00:00:00|Long,MA,2022-10-04,Long,0.009725572742748101,0.017691828871815973,-0.01334347648377765,True,-0.020911435000858458,0.017691828871815973,-0.027483649487971773,True,-0.05051947348135111,0.017691828871815973,-0.055929817772764734,True,-0.0029541081531987423,0.017691828871815973,-0.08099045635566804,True,0.10595152053557455,0.10744523787696836,-0.08099045635566804,True,20,True,True,True,False,True,False,15,3,STOP_BEFORE_TARGET,True,True,False,True,False,16,4,STOP_BEFORE_TARGET,2022-10-05,2022-10-07,2022-10-11,2022-10-18,2022-11-01
MA|2022-10-05T00:00:00|Long,MA,2022-10-05,Long,-0.016337938925921724,0.0027941339639363516,-0.01755432820901548,True,-0.04082844486962611,0.0027941339639363516,-0.0481919890658391,True,-0.06844183592619035,0.0027941339639363516,-0.069000722911437,True,-0.021170289884877902,0.0027941339639363516,-0.0898422616473914,True,0.051347779389820936,0.0967784393820803,-0.0898422616473914,True,20,True,True,True,False,True,False,15,2,STOP_BEFORE_TARGET,True,True,False,True,False,15,2,STOP_BEFORE_TARGET,2022-10-06,2022-10-10,2022-10-12,2022-10-19,2022-11-02
MA|2022-10-06T00:00:00|Long,MA,2022-10-06,Long,-0.014236572566979744,-0.006817526551556652,-0.02085359263058084,True,-0.04404646161631687,-0.006617020063601098,-0.04949369052180541,True,-0.017611935092602726,-0.006617020063601098,-0.07472517811778667,True,-0.009858677601579324,0.014938345274823961,-0.07472517811778667,True,0.033218601331603814,0.11499516224554629,-0.07472517811778667,True,20,True,True,True,False,True,False,13,1,STOP_BEFORE_TARGET,True,True,False,True,False,14,2,STOP_BEFORE_TARGET,2022-10-07,2022-10-11,2022-10-13,2022-10-20,2022-11-03
MA|2022-10-07T00:00:00|Long,MA,2022-10-07,Long,-0.010814667349916096,0.007729595449914584,-0.018408626820726748,True,-0.03929211882539452,0.007729595449914584,-0.03986849414163274,True,-0.021290296482041393,0.012374118999827877,-0.06136219286236089,True,0.025087276217446774,0.029596267248194197,-0.06136219286236089,True,0.07933008034595357,0.13109812275045774,-0.06136219286236089,True,20,True,True,True,False,True,False,11,2,STOP_BEFORE_TARGET,True,True,False,True,False,12,2,STOP_BEFORE_TARGET,2022-10-10,2022-10-12,2022-10-14,2022-10-21,2022-11-04
MA|2022-10-10T00:00:00|Long,MA,2022-10-10,Long,-0.019638121222497862,-0.004763808817172421,-0.025224434102248394,True,0.007471357477899732,0.01250940404330203,-0.05110015670877888,True,0.011172834941612475,0.023819357859029555,-0.05110015670877888,True,0.04736447796982901,0.05216259265329404,-0.05110015670877888,True,0.11429846542957067,0.1434643088774692,-0.05110015670877888,True,20,True,True,True,False,True,False,6,1,STOP_BEFORE_TARGET,True,True,False,True,False,10,3,STOP_BEFORE_TARGET,2022-10-11,2022-10-13,2022-10-17,2022-10-24,2022-11-07
MA|2022-10-11T00:00:00|Long,MA,2022-10-11,Long,-0.00933397316586737,0.005034093699904263,-0.00992832182865222,True,0.00922920734521493,0.043943394024251514,-0.03209226732226034,True,0.05009619892106132,0.061702587545072296,-0.03209226732226034,True,0.08865588866060414,0.09106806300373216,-0.03209226732226034,True,0.13878697395982575,0.16636961680247464,-0.03209226732226034,True,20,True,True,True,,,False,2,2,AMBIGUOUS,True,True,False,True,False,5,2,STOP_BEFORE_TARGET,2022-10-12,2022-10-14,2022-10-18,2022-10-25,2022-11-08
MA|2022-10-12T00:00:00|Long,MA,2022-10-12,Long,0.03733497914449124,0.04252236426473299,-0.022972720916978995,True,0.04114617637518636,0.054167569479234734,-0.022972720916978995,True,0.05074459960136957,0.071705861296113,-0.022972720916978995,True,0.12749666264475334,0.1449290938547434,-0.022972720916978995,True,0.11384010589937588,0.17735905462493462,-0.022972720916978995,True,20,True,True,True,,,False,1,1,AMBIGUOUS,True,False,True,False,False,2,,TARGET_BEFORE_STOP,2022-10-13,2022-10-17,2022-10-19,2022-10-26,2022-11-09
MA|2022-10-13T00:00:00|Long,MA,2022-10-13,Long,-0.017927572346106868,0.01585250985701392,-0.02081914306397281,True,0.0218397523960856,0.033133831252820434,-0.02081914306397281,True,0.007892255380519408,0.033133831252820434,-0.02081914306397281,True,0.08644034698848624,0.10372166838429275,-0.02081914306397281,True,0.1473329664496612,0.14777522011203548,-0.02081914306397281,True,20,True,True,True,False,True,False,3,1,STOP_BEFORE_TARGET,True,False,True,False,False,8,,TARGET_BEFORE_STOP,2022-10-14,2022-10-18,2022-10-20,2022-10-27,2022-11-10
MA|2022-10-14T00:00:00|Long,MA,2022-10-14,Long,0.02199593352667084,0.03477781862903151,0.009179375364833486,True,0.03141780888674739,0.051993521211984195,0.009179375364833486,True,0.047386444144555284,0.051993521211984195,0.009179375364833486,True,0.14125878428219463,0.14932967884924353,0.009179375364833486,True,0.17527453557656747,0.18684402641326026,0.009179375364833486,True,20,True,True,False,True,False,False,1,,TARGET_BEFORE_STOP,True,False,True,False,False,2,,TARGET_BEFORE_STOP,2022-10-17,2022-10-19,2022-10-21,2022-10-28,2022-11-11
MA|2022-10-17T00:00:00|Long,MA,2022-10-17,Long,0.018099227844475818,0.02935196383981542,0.005117879624169541,True,0.004202786735569841,0.02935196383981542,-0.0008473427086480578,True,0.03579174773846283,0.04053684621981413,-0.005219660047180996,True,0.11232369567198397,0.12459320154354558,-0.005219660047180996,True,0.15025076358590228,0.16767217932469314,-0.005219660047180996,True,20,True,True,False,True,False,False,5,,TARGET_BEFORE_STOP,True,False,True,False,False,6,,TARGET_BEFORE_STOP,2022-10-18,2022-10-20,2022-10-24,2022-10-31,2022-11-14
MA|2022-10-18T00:00:00|Long,MA,2022-10-18,Long,-0.008722268708297176,-0.0024635136238968514,-0.01860974847534025,True,0.006624909121868416,0.00782344385550049,-0.022904337076286474,True,0.036720149810237857,0.039017248252843695,-0.022904337076286474,True,0.10922830090303104,0.11072644392092856,-0.022904337076286474,True,0.14358480651746053,0.1692522655019093,-0.022904337076286474,True,20,True,True,True,False,True,False,5,3,STOP_BEFORE_TARGET,True,False,True,False,False,6,,TARGET_BEFORE_STOP,2022-10-19,2022-10-21,2022-10-25,2022-11-01,2022-11-15
MA|2022-10-19T00:00:00|Long,MA,2022-10-19,Long,-0.004970482730347392,0.016691298554883716,-0.007220662088756824,True,0.02632991698267917,0.0310316695705648,-0.01430685661576303,True,0.07304540330019482,0.08963595367428523,-0.01430685661576303,True,0.07408650199856504,0.12049974377370098,-0.01430685661576303,True,0.15112842062109255,0.17954053500051237,-0.01430685661576303,True,20,True,True,False,True,False,False,3,,TARGET_BEFORE_STOP,True,False,True,False,False,5,,TARGET_BEFORE_STOP,2022-10-20,2022-10-24,2022-10-26,2022-11-02,2022-11-16
MA|2022-10-20T00:00:00|Long,MA,2022-10-20,Long,0.020554868242817603,0.02170241900321801,-0.009383011984442913,True,0.05106657535152426,0.05339546168961373,-0.009383011984442913,True,0.07793302427779025,0.09507902505669508,-0.009383011984442913,True,0.043506192458301784,0.12609698941227077,-0.009383011984442913,True,0.15184956939293315,0.18543270780263454,-0.009383011984442913,True,20,True,True,False,True,False,False,2,,TARGET_BEFORE_STOP,True,False,True,False,False,3,,TARGET_BEFORE_STOP,2022-10-21,2022-10-25,2022-10-27,2022-11-03,2022-11-17
MA|2022-10-21T00:00:00|Long,MA,2022-10-21,Long,0.010682313187445391,0.015312382040480133,-0.006184459924546304,True,0.05668556710395367,0.07302317507160838,-0.006184459924546304,True,0.08962531514746575,0.097331061782024,-0.006184459924546304,True,0.05291530329852656,0.10341641047793404,-0.006184459924546304,True,0.1366537949911486,0.16155705556890054,-0.006184459924546304,True,20,True,True,False,True,False,False,2,,TARGET_BEFORE_STOP,True,False,True,False,False,3,,TARGET_BEFORE_STOP,2022-10-24,2022-10-26,2022-10-28,2022-11-04,2022-11-18
MA|2022-10-24T00:00:00|Long,MA,2022-10-24,Long,0.019011771736109573,0.021269633083051298,0.0008507174177176946,True,0.04505886367360734,0.06168195591308523,0.0008507174177176946,True,0.07388738914035597,0.08573292266420451,0.0008507174177176946,True,0.06390706279201286,0.09175395283017074,0.0008507174177176946,True,0.10683898312955153,0.14928008575279494,0.0008507174177176946,True,20,True,True,False,True,False,False,2,,TARGET_BEFORE_STOP,True,False,True,False,False,2,,TARGET_BEFORE_STOP,2022-10-25,2022-10-27,2022-10-31,2022-11-07,2022-11-21
MA|2022-10-25T00:00:00|Long,MA,2022-10-25,Long,0.026010744703963917,0.041874083656833205,0.0028258722342373588,True,0.05799427554096637,0.06547632989010599,0.0028258722342373588,True,0.06993994580510954,0.07138502528791091,0.0028258722342373588,True,0.04604860527682342,0.07138502528791091,-0.009023465930923291,True,0.10773574194286839,0.1278378892470935,-0.009023465930923291,True,20,True,True,False,True,False,False,1,,TARGET_BEFORE_STOP,True,False,True,False,False,3,,TARGET_BEFORE_STOP,2022-10-26,2022-10-28,2022-11-01,2022-11-08,2022-11-22
MA|2022-10-26T00:00:00|Long,MA,2022-10-26,Long,-0.00043821678244193585,0.011173286274377858,-0.017057406780554674,True,0.027135246612511654,0.03846507981505498,-0.017057406780554674,True,0.0009702280026255838,0.04422398188143628,-0.017057406780554674,True,-0.012112281302317673,0.04422398188143628,-0.034146046535795116,True,0.09117086786789774,0.09924569023154817,-0.034146046535795116,True,20,True,True,True,True,False,False,2,6,TARGET_BEFORE_STOP,True,True,False,True,False,11,6,STOP_BEFORE_TARGET,2022-10-27,2022-10-31,2022-11-02,2022-11-09,2022-11-23
MA|2022-10-27T00:00:00|Long,MA,2022-10-27,Long,0.03162478084332743,0.03892035214898715,-0.004853266796087108,True,0.04327271670949462,0.04468177896929193,-0.004853266796087108,True,-0.03193782085167518,0.04468177896929193,-0.03372260756593615,True,0.05604782593905311,0.05645489261657488,-0.03372260756593615,True,0.0999468137763595,0.10029119600776526,-0.03372260756593615,True,20,True,True,True,True,False,False,1,5,TARGET_BEFORE_STOP,True,True,False,True,False,10,5,STOP_BEFORE_TARGET,2022-10-28,2022-11-01,2022-11-03,2022-11-10,2022-11-25
MA|2022-10-28T00:00:00|Long,MA,2022-10-28,Long,-0.003915405166304398,-9.105162590139493e-05,-0.017270168514051387,True,-0.029289446264396335,0.012656731757927142,-0.029866137437195905,True,-0.03369049097759902,0.012656731757927142,-0.06334414374560082,True,0.029805467228685822,0.03994294962622047,-0.06334414374560082,True,0.04589187197974676,0.06656142469581305,-0.06334414374560082,True,20,True,True,True,False,True,False,10,3,STOP_BEFORE_TARGET,True,True,False,True,False,12,4,STOP_BEFORE_TARGET,2022-10-31,2022-11-02,2022-11-04,2022-11-11,2022-11-28
MA|2022-10-31T00:00:00|Long,MA,2022-10-31,Long,0.015266042651705947,0.01663727861085773,-0.0033213369559901285,True,-0.057925466732603015,0.01663727861085773,-0.05966234081676414,True,-0.009293643308664223,0.01663727861085773,-0.05966234081676414,True,0.034097150012618815,0.04975933162987389,-0.05966234081676414,True,0.045554307211533196,0.0707538598906694,-0.05966234081676414,True,20,True,True,True,False,True,False,9,2,STOP_BEFORE_TARGET,True,True,False,True,False,11,3,STOP_BEFORE_TARGET,2022-11-01,2022-11-03,2022-11-07,2022-11-14,2022-11-29
MA|2022-11-01T00:00:00|Long,MA,2022-11-01,Long,-0.04012723977076327,-0.0005702525286294113,-0.04069749229939268,True,-0.04447914768038386,-0.0005702525286294113,-0.07380172321411393,True,-0.022329608892495578,-0.0005702525286294113,-0.07380172321411393,True,0.030973340282121953,0.05411326464535082,-0.07380172321411393,True,0.06965992762390805,0.06965992762390805,-0.07380172321411393,True,20,True,True,True,False,True,False,9,1,STOP_BEFORE_TARGET,True,True,False,True,False,10,1,STOP_BEFORE_TARGET,2022-11-02,2022-11-04,2022-11-08,2022-11-15,2022-11-30
MA|2022-11-02T00:00:00|Long,MA,2022-11-02,Long,-0.03329996139262137,-0.00953667137983305,-0.03508223676991162,True,0.016603081223779403,0.018697956137208704,-0.03508223676991162,True,-0.013069828591254384,0.029954306650221252,-0.03508223676991162,True,0.07172785290493322,0.09818020504468472,-0.03508223676991162,True,0.12813451169490597,0.13057337968763338,-0.03508223676991162,True,20,True,True,True,False,True,False,6,1,STOP_BEFORE_TARGET,True,True,False,True,False,6,1,STOP_BEFORE_TARGET,2022-11-03,2022-11-07,2022-11-09,2022-11-16,2022-12-01
MA|2022-11-03T00:00:00|Long,MA,2022-11-03,Long,0.02975703105050176,0.04515312238824598,0.013164202962367533,True,0.0536274083907593,0.06543319076925469,0.013164202962367533,True,0.09088842502672279,0.09130892144347147,0.013164202962367533,True,0.10382629036383118,0.13600926987311968,0.013164202962367533,True,0.16460194042315957,0.17181483588350588,0.013164202962367533,True,20,True,True,False,True,False,False,1,,TARGET_BEFORE_STOP,True,False,True,False,False,2,,TARGET_BEFORE_STOP,2022-11-04,2022-11-08,2022-11-10,2022-11-17,2022-12-02
MA|2022-11-04T00:00:00|Long,MA,2022-11-04,Long,0.021233187389837926,0.023337603385163108,-0.002073071182057906,True,-0.008574867326128333,0.03464522080743482,-0.010114022269962608,True,0.06570975201364071,0.07620067888839599,-0.010114022269962608,True,0.0795301307049956,0.10318185321271867,-0.010114022269962608,True,0.1184785055099773,0.13795274084031717,-0.010114022269962608,True,20,True,True,False,True,False,False,2,,TARGET_BEFORE_STOP,True,False,True,False,False,4,,TARGET_BEFORE_STOP,2022-11-07,2022-11-09,2022-11-11,2022-11-18,2022-12-05
MA|2022-11-07T00:00:00|Long,MA,2022-11-07,Long,0.0019069144892085443,0.01313317426735483,-0.008827223184836308,True,0.03733886122025254,0.03773871629625325,-0.030695447471620563,True,0.04379783477537713,0.059606940583037504,-0.030695447471620563,True,0.04035307390936249,0.08024481267822181,-0.030695447471620563,True,0.06889549890837676,0.11429275398775651,-0.030695447471620563,True,20,True,True,True,False,True,False,3,2,STOP_BEFORE_TARGET,True,True,False,True,False,4,2,STOP_BEFORE_TARGET,2022-11-08,2022-11-10,2022-11-14,2022-11-21,2022-12-06
MA|2022-11-08T00:00:00|Long,MA,2022-11-08,Long,-0.031036025637950937,-0.006323860502206458,-0.032540310371498515,True,0.041565644036598126,0.05181889449827315,-0.032540310371498515,True,0.054520367661166524,0.0781887988356198,-0.032540310371498515,True,0.05897157775925743,0.0781887988356198,-0.032540310371498515,True,0.0665234487420856,0.11217193720620688,-0.032540310371498515,True,20,True,True,True,False,True,False,2,1,STOP_BEFORE_TARGET,True,True,False,True,False,3,1,STOP_BEFORE_TARGET,2022-11-09,2022-11-11,2022-11-15,2022-11-22,2022-12-07
MA|2022-11-09T00:00:00|Long,MA,2022-11-09,Long,0.06852735192439408,0.06893922898933869,0.042833571113379154,True,0.07518052010984944,0.09146494036677555,0.042833571113379154,True,0.08592064965968893,0.1127233079490726,0.042833571113379154,True,0.10454948190506097,0.1127233079490726,0.042833571113379154,True,0.1125649383170586,0.14779493008338473,0.042833571113379154,True,20,True,True,False,True,False,False,1,,TARGET_BEFORE_STOP,True,False,True,False,False,1,,TARGET_BEFORE_STOP,2022-11-10,2022-11-14,2022-11-16,2022-11-23,2022-12-08
MA|2022-11-10T00:00:00|Long,MA,2022-11-10,Long,0.00598932486450221,0.015892359367092546,-0.0026981459713347755,True,0.018501559448564464,0.04136155798453145,-0.0037062295511544052,True,0.011859934563694274,0.04136155798453145,-0.0037062295511544052,True,0.04156912855558481,0.041895233323708814,-0.0037062295511544052,True,0.03427520365034664,0.07418394860574384,-0.0037062295511544052,True,20,True,True,False,True,False,False,3,,TARGET_BEFORE_STOP,True,False,True,False,False,13,,TARGET_BEFORE_STOP,2022-11-11,2022-11-15,2022-11-17,2022-11-25,2022-12-09
MA|2022-11-11T00:00:00|Long,MA,2022-11-11,Long,0.0002357469134108836,0.015385072030531077,-0.009637830318887985,True,0.010227242575119089,0.035161638643425475,-0.009637830318887985,True,0.01296823892738308,0.035161638643425475,-0.009637830318887985,True,0.015620818943941961,0.03569213665765569,-0.009637830318887985,True,0.055645625887367656,0.06778861569970096,-0.009637830318887985,True,20,True,True,False,True,False,False,2,,TARGET_BEFORE_STOP,True,False,True,False,False,12,,TARGET_BEFORE_STOP,2022-11-14,2022-11-16,2022-11-18,2022-11-28,2022-12-12
MA|2022-11-14T00:00:00|Long,MA,2022-11-14,Long,0.012199118095304495,0.03491765999944607,0.000353581986958007,True,0.00559859128332274,0.03491765999944607,-0.006983514015047598,True,-0.0033002184438867266,0.03491765999944607,-0.006983514015047598,True,0.01107938185379842,0.03544803297988319,-0.006983514015047598,True,0.052391192607222914,0.08807500686121705,-0.006983514015047598,True,20,True,True,False,True,False,False,1,,TARGET_BEFORE_STOP,True,False,True,False,False,11,,TARGET_BEFORE_STOP,2022-11-15,2022-11-17,2022-11-21,2022-11-29,2022-12-13
MA|2022-11-15T00:00:00|Long,MA,2022-11-15,Long,-0.002183342489820661,0.004716005563543346,-0.009926941181236604,True,0.0005239808758530362,0.014904937182706357,-0.018951441240582012,True,0.004221075509393213,0.014904937182706357,-0.018951441240582012,True,0.03752433339469241,0.03752433339469241,-0.018951441240582012,True,0.04075572647665249,0.07496142548384266,-0.018951441240582012,True,20,True,True,False,True,False,False,10,,TARGET_BEFORE_STOP,True,False,True,False,False,11,,TARGET_BEFORE_STOP,2022-11-16,2022-11-18,2022-11-22,2022-11-30,2022-12-14
MA|2022-11-16T00:00:00|Long,MA,2022-11-16,Long,-0.004347125421579889,-0.0024506836094007056,-0.016804789361406614,True,-0.013157922853103243,0.01712567087742034,-0.016804789361406614,True,0.01715487430063134,0.0234565812763321,-0.016804789361406614,True,0.05263151334275906,0.05490715448254746,-0.016804789361406614,True,0.010182022800038437,0.07731356997603189,-0.016804789361406614,True,20,True,True,False,True,False,False,9,,TARGET_BEFORE_STOP,True,False,True,False,False,10,,TARGET_BEFORE_STOP,2022-11-17,2022-11-21,2022-11-23,2022-12-01,2022-12-15
MA|2022-11-17T00:00:00|Long,MA,2022-11-17,Long,0.007091199067133402,0.021566548791507545,0.0001758067234893801,True,0.010812560612408317,0.021566548791507545,-0.010871133045717296,True,0.029360974752598468,0.029683257271141628,-0.010871133045717296,True,0.05505907096966878,0.06159351893789844,-0.010871133045717296,True,0.013391178455002262,0.0820172346031629,-0.010871133045717296,True,20,True,True,False,True,False,False,8,,TARGET_BEFORE_STOP,True,False,True,False,False,9,,TARGET_BEFORE_STOP,2022-11-18,2022-11-22,2022-11-25,2022-12-02,2022-12-16
MA|2022-11-18T00:00:00|Long,MA,2022-11-18,Long,-0.015828224279912484,0.0016293681940580118,-0.017661285696704554,True,0.01440254930858842,0.0206872044605797,-0.017835854517931682,True,0.0026186211123142566,0.022432981466758095,-0.017835854517931682,True,0.036079006687424364,0.05411855442808999,-0.017835854517931682,True,-0.007070303641420361,0.07439846123710869,-0.017835854517931682,True,20,True,True,False,True,False,False,7,,TARGET_BEFORE_STOP,True,False,True,False,False,8,,TARGET_BEFORE_STOP,2022-11-21,2022-11-23,2022-11-28,2022-12-05,2022-12-19
MA|2022-11-21T00:00:00|Long,MA,2022-11-21,Long,0.019837373111834866,0.020901721579360766,-0.00203991852596086,True,0.038551392594003975,0.038876552539495624,-0.00203991852596086,True,0.014427213252956372,0.038876552539495624,-0.00203991852596086,True,0.027435325289865142,0.07107171779725618,-0.00203991852596086,True,0.013895084130173707,0.09167778201219523,-0.00203991852596086,True,20,True,True,False,True,False,False,2,,TARGET_BEFORE_STOP,True,False,True,False,False,6,,TARGET_BEFORE_STOP,2022-11-22,2022-11-25,2022-11-29,2022-12-06,2022-12-20
MA|2022-11-22T00:00:00|Long,MA,2022-11-22,Long,0.010667971024224121,0.016929488875671916,-0.002348091311044742,True,-0.001072573998007198,0.018668838708632896,-0.005015017716845205,True,0.033163273204962485,0.033163273204962485,-0.012204289075147368,True,0.007131325468439531,0.050237759505802115,-0.012204289075147368,True,0.002116219284586718,0.07044300473236564,-0.015711917452497004,True,20,True,True,False,True,False,False,5,,TARGET_BEFORE_STOP,True,False,True,False,False,7,,TARGET_BEFORE_STOP,2022-11-23,2022-11-28,2022-11-30,2022-12-07,2022-12-21
MA|2022-11-23T00:00:00|Long,MA,2022-11-23,Long,0.007600945918834201,0.007916415592254866,-0.0016063218581968686,True,-0.01580429535944461,0.007916415592254866,-0.02263083500726004,True,0.034878306085413424,0.037115567290451734,-0.02263083500726004,True,0.007256765353937045,0.039152114854770215,-0.02263083500726004,True,-0.020422284693698556,0.059144086309141475,-0.03502186054279688,True,20,True,True,True,False,True,False,5,3,STOP_BEFORE_TARGET,True,True,True,False,False,13,20,TARGET_BEFORE_STOP,2022-11-25,2022-11-29,2022-12-01,2022-12-08,2022-12-22
MA|2022-11-25T00:00:00|Long,MA,2022-11-25,Long,-0.019072595417055416,-0.0030174429468813324,-0.02294399886856746,True,0.014546344123843813,0.014546344123843813,-0.030003724240776575,True,0.024965096644786522,0.03131315930550693,-0.030003724240776575,True,-0.007002823629530197,0.03131315930550693,-0.030003724240776575,True,-0.021890751955226384,0.05115431917672986,-0.042301276744796334,True,20,True,True,True,False,True,False,5,1,STOP_BEFORE_TARGET,True,True,False,True,False,12,2,STOP_BEFORE_TARGET,2022-11-28,2022-11-30,2022-12-02,2022-12-09,2022-12-23
MA|2022-11-28T00:00:00|Long,MA,2022-11-28,Long,-0.004236894485023068,0.000377274106021952,-0.011143667485127073,True,0.04704138723511653,0.049304943309251836,-0.011143667485127073,True,0.033372994347530494,0.051365426724910845,-0.011143667485127073,True,0.03940920291988914,0.051365426724910845,-0.011143667485127073,True,0.004556160483194294,0.07159236684150283,-0.023680326616643876,True,20,True,True,True,True,False,False,2,18,TARGET_BEFORE_STOP,True,False,True,False,False,4,,TARGET_BEFORE_STOP,2022-11-29,2022-12-01,2022-12-05,2022-12-12,2022-12-27
MA|2022-11-29T00:00:00|Long,MA,2022-11-29,Long,0.03867335652620607,0.03867335652620607,-0.004808655241467119,True,0.04933987828188702,0.05583890475755093,-0.004808655241467119,True,0.012823110290186124,0.05583890475755093,-0.004808655241467119,True,0.04085911699403866,0.0761519089294933,-0.004837827174794307,True,-0.0034389084574059092,0.0761519089294933,-0.019526162421498183,True,20,True,True,False,True,False,False,1,,TARGET_BEFORE_STOP,True,False,True,False,False,2,,TARGET_BEFORE_STOP,2022-11-30,2022-12-02,2022-12-06,2022-12-13,2022-12-28
MA|2022-11-30T00:00:00|Long,MA,2022-11-30,Long,0.012345662098306232,0.014534210899245226,-0.0065937321654336856,True,-0.0008698023678523903,0.016526416243846098,-0.0065937321654336856,True,-0.025196354159754075,0.016526416243846098,-0.04189111372464738,True,0.0031145226940241244,0.036083097893867544,-0.04189111372464738,True,-0.02297980522352372,0.036083097893867544,-0.056032552083890796,True,20,True,True,True,False,True,False,9,4,STOP_BEFORE_TARGET,False,True,False,True,False,,4,STOP_BEFORE_TARGET,2022-12-01,2022-12-05,2022-12-07,2022-12-14,2022-12-29
MA|2022-12-01T00:00:00|Long,MA,2022-12-01,Long,-0.0020509707855079773,0.004129769407886119,-0.013137445661707936,True,-0.0367793499518807,0.004129769407886119,-0.045593077178517905,True,-0.026690617214655155,0.004129769407886119,-0.05357535262267632,True,-0.04032701852894105,0.023447955262988263,-0.05357535262267632,True,-0.03622499237483434,0.023447955262988263,-0.06754433464995369,True,20,True,False,True,False,True,False,,3,STOP_BEFORE_TARGET,False,True,False,True,False,,3,STOP_BEFORE_TARGET,2022-12-02,2022-12-06,2022-12-08,2022-12-15,2022-12-30
MA|2022-12-02T00:00:00|Long,MA,2022-12-02,Long,-0.01102594358612985,-0.0032216954673521814,-0.015580695966231461,True,-0.03510521639883757,-0.0032216954673521814,-0.05163027402083287,True,-0.03118927696071161,-0.0032216954673521814,-0.05163027402083287,True,-0.03949342142177026,0.0255513310820763,-0.05163027402083287,True,-0.03682722283934681,0.0255513310820763,-0.06562796490317457,True,20,True,False,True,False,True,False,,2,STOP_BEFORE_TARGET,False,True,False,True,False,,2,STOP_BEFORE_TARGET,2022-12-05,2022-12-07,2022-12-09,2022-12-16,2023-01-03
MA|2022-12-05T00:00:00|Long,MA,2022-12-05,Long,-0.02403885996974553,-0.0030610136457086545,-0.032969166095963676,True,-0.013816683874173563,-0.0030610136457086545,-0.04105702285248902,True,0.0058412679694321845,0.006599472402155637,-0.04105702285248902,True,-0.04164673741127389,0.0369850699631491,-0.046476980435206094,True,-0.002639788960862255,0.0369850699631491,-0.05521077217640835,True,20,True,True,True,False,True,False,6,1,STOP_BEFORE_TARGET,False,True,False,True,False,,1,STOP_BEFORE_TARGET,2022-12-06,2022-12-08,2022-12-12,2022-12-19,2023-01-04
MA|2022-12-06T00:00:00|Long,MA,2022-12-06,Long,-0.00031647728814443443,0.0009208048955278159,-0.017437336574913087,True,0.0037406491454980983,0.015077806959918671,-0.017437336574913087,True,0.027681049552492842,0.06252700792062571,-0.017437336574913087,True,-0.013178679792688053,0.06252700792062571,-0.02299079291698536,True,0.01220035752098525,0.06252700792062571,-0.03193970633471799,True,20,True,True,True,True,False,False,4,9,TARGET_BEFORE_STOP,True,True,True,False,False,5,12,TARGET_BEFORE_STOP,2022-12-07,2022-12-09,2022-12-13,2022-12-20,2023-01-05
MA|2022-12-07T00:00:00|Long,MA,2022-12-07,Long,0.010793851404821364,0.013672211779440335,-0.000575707211158849,True,0.030942374027154607,0.03171949970569021,-0.000575707211158849,True,0.029042645639035358,0.06286338004080894,-0.000575707211158849,True,-0.004979595070702447,0.06286338004080894,-0.02268149380649198,True,0.05828679758603528,0.06286338004080894,-0.03163324024866265,True,20,True,True,True,True,False,False,3,8,TARGET_BEFORE_STOP,True,True,True,False,False,4,11,TARGET_BEFORE_STOP,2022-12-08,2022-12-12,2022-12-14,2022-12-21,2023-01-06
MA|2022-12-08T00:00:00|Long,MA,2022-12-08,Long,-0.006663515579328649,0.004556128156616435,-0.010849525672715021,True,0.017028733206403412,0.051513499576219646,-0.010849525672715021,True,-0.014010346099060711,0.051513499576219646,-0.02451808394771282,True,-0.027479636771572835,0.051513499576219646,-0.041974030208551394,True,0.05638291151258357,0.06785883093964529,-0.041974030208551394,True,20,True,True,True,True,False,False,3,5,TARGET_BEFORE_STOP,True,True,True,False,False,3,7,TARGET_BEFORE_STOP,2022-12-09,2022-12-13,2022-12-15,2022-12-22,2023-01-09
MA|2022-12-09T00:00:00|Long,MA,2022-12-09,Long,0.026775298039160456,0.02754928257049305,0.000774072016867855,True,0.02488324836592337,0.058567279132486494,0.000774072016867855,True,-0.008571482812460451,0.058567279132486494,-0.01797434066744985,True,-0.014992921107906287,0.058567279132486494,-0.035547385184202085,True,0.06358404967218734,0.07502225850733413,-0.035547385184202085,True,20,True,True,True,True,False,False,2,6,TARGET_BEFORE_STOP,True,True,True,False,False,2,9,TARGET_BEFORE_STOP,2022-12-12,2022-12-14,2022-12-16,2022-12-23,2023-01-10
MA|2022-12-12T00:00:00|Long,MA,2022-12-12,Long,-0.0028478641232085877,0.03096293916891013,-0.0067845523138683195,True,-0.033280322139919716,0.03096293916891013,-0.043582698952798204,True,-0.04721222611652609,0.03096293916891013,-0.05201441824936959,True,-0.0335315892324084,0.03096293916891013,-0.06069748984259804,True,0.05497381462895934,0.05514141122812011,-0.06069748984259804,True,20,True,True,True,True,False,False,1,3,TARGET_BEFORE_STOP,True,True,False,True,False,20,3,STOP_BEFORE_TARGET,2022-12-13,2022-12-15,2022-12-19,2022-12-27,2023-01-11
MA|2022-12-13T00:00:00|Long,MA,2022-12-13,Long,0.0010080242903349745,0.01385975722140409,-0.009463824557119138,True,-0.031667360358045626,0.01385975722140409,-0.040851173420765496,True,-0.03975915422686194,0.01385975722140409,-0.04930697368754977,True,-0.0425590982758316,0.01385975722140409,-0.05801484411255109,True,0.06344674240335313,0.06714268905539567,-0.05801484411255109,True,20,True,True,True,False,True,False,16,2,STOP_BEFORE_TARGET,True,True,False,True,False,19,2,STOP_BEFORE_TARGET,2022-12-14,2022-12-16,2022-12-20,2022-12-28,2023-01-12
MA|2022-12-14T00:00:00|Long,MA,2022-12-14,Long,-0.03149564895541468,-0.010377393279389469,-0.04181704511387563,True,-0.04545327279270617,-0.010377393279389469,-0.05026433031199273,True,-0.03306203183504619,-0.010377393279389469,-0.05026433031199273,True,-0.02601330887670461,-0.010377393279389469,-0.05896343183135855,True,0.0503761538309202,0.06606806654916375,-0.05896343183135855,True,20,True,True,True,False,True,False,15,1,STOP_BEFORE_TARGET,True,True,False,True,False,18,1,STOP_BEFORE_TARGET,2022-12-15,2022-12-19,2022-12-21,2022-12-29,2023-01-13
MA|2022-12-15T00:00:00|Long,MA,2022-12-15,Long,-0.0011841260999548853,0.00574726421480154,-0.008288794562274382,True,-0.00953065066561376,0.00574726421480154,-0.01937903669336638,True,-0.01366068154896205,0.00574726421480154,-0.028361031983303198,True,0.0042743999605143745,0.010021664175315914,-0.028361031983303198,True,0.08303249097472931,0.10073647619584847,-0.028361031983303198,True,20,True,True,True,False,True,False,12,5,STOP_BEFORE_TARGET,True,False,True,False,False,14,,TARGET_BEFORE_STOP,2022-12-16,2022-12-20,2022-12-22,2022-12-30,2023-01-17
MA|2022-12-16T00:00:00|Long,MA,2022-12-16,Long,-0.01324307951874637,2.8943342964993235e-05,-0.018216481204254897,True,-0.00043370893497762797,0.005089086815468935,-0.018216481204254897,True,-0.006476955407397456,0.005089086815468935,-0.02720912491832106,True,0.002775825425756162,0.025503144279476198,-0.02720912491832106,True,0.06673611304140259,0.10204143221897044,-0.02720912491832106,True,20,True,True,True,False,True,False,11,4,STOP_BEFORE_TARGET,True,False,True,False,False,13,,TARGET_BEFORE_STOP,2022-12-19,2022-12-21,2022-12-23,2023-01-03,2023-01-18
MA|2022-12-19T00:00:00|Long,MA,2022-12-19,Long,0.004952242844296073,0.00911324287219717,-0.0018754457894936127,True,0.0007618216040767845,0.018578198899557252,-0.014153481074916985,True,0.014358535299373809,0.018578198899557252,-0.014153481074916985,True,0.04070205630129031,0.04606458644685474,-0.014153481074916985,True,0.07818083546942667,0.11683172354290772,-0.014153481074916985,True,20,True,True,False,True,False,False,9,,TARGET_BEFORE_STOP,True,False,True,False,False,12,,TARGET_BEFORE_STOP,2022-12-20,2022-12-22,2022-12-27,2023-01-04,2023-01-19
MA|2022-12-20T00:00:00|Long,MA,2022-12-20,Long,0.007989474083240244,0.013558809537750571,-0.001691258402678253,True,0.0018953021529328762,0.013558809537750571,-0.019011573987972374,True,-0.0029158768462044238,0.019128144992260898,-0.019011573987972374,True,0.025717966154543248,0.04260091801000665,-0.019011573987972374,True,0.09718613613037297,0.11132815663156426,-0.019011573987972374,True,20,True,True,False,True,False,False,8,,TARGET_BEFORE_STOP,True,False,True,False,False,11,,TARGET_BEFORE_STOP,2022-12-21,2022-12-23,2022-12-28,2023-01-05,2023-01-20
MA|2022-12-21T00:00:00|Long,MA,2022-12-21,Long,-0.012062869618108762,-0.000260338272021321,-0.02678703375922642,True,0.0013596031629026228,0.003529177043267051,-0.02678703375922642,True,0.007289736457157137,0.011657840119284169,-0.02678703375922642,True,0.063583010301415,0.06662037842185042,-0.02678703375922642,True,0.0951141330400076,0.10324279611602494,-0.02678703375922642,True,20,True,True,True,False,True,False,8,1,STOP_BEFORE_TARGET,True,False,True,False,False,10,,TARGET_BEFORE_STOP,2022-12-22,2022-12-27,2022-12-29,2023-01-06,2023-01-23
MA|2022-12-22T00:00:00|Long,MA,2022-12-22,Long,0.006090469538403642,0.008842877806280125,-0.011214531200140931,True,0.0012591450198897736,0.02339547027694855,-0.011214531200140931,True,0.018183480242521366,0.024010343379060606,-0.011214531200140931,True,0.08623217719139809,0.09803236139419003,-0.011214531200140931,True,0.11270210233700917,0.14195365584995767,-0.011214531200140931,True,20,True,True,False,True,False,False,6,,TARGET_BEFORE_STOP,True,False,True,False,False,9,,TARGET_BEFORE_STOP,2022-12-23,2022-12-28,2022-12-30,2023-01-09,2023-01-24
MA|2022-12-23T00:00:00|Long,MA,2022-12-23,Long,0.007450516627239168,0.009633287252027944,-0.005209570759968529,True,0.013416720808129723,0.017811394087530186,-0.005296878032273522,True,0.009313101375467037,0.032188583708178786,-0.005296878032273522,True,0.07977300109200702,0.09138531239439085,-0.005296878032273522,True,0.11289292158288178,0.13504072489016639,-0.005296878032273522,True,20,True,True,False,True,False,False,5,,TARGET_BEFORE_STOP,True,False,True,False,False,8,,TARGET_BEFORE_STOP,2022-12-27,2022-12-29,2023-01-03,2023-01-10,2023-01-25
MA|2022-12-27T00:00:00|Long,MA,2022-12-27,Long,-0.01216198119522649,0.009677623261136858,-0.012653122360975821,True,0.004535496035386055,0.010284254451501385,-0.012653122360975821,True,0.025970620924623766,0.03125724292162957,-0.012653122360975821,True,0.09157609589233728,0.09174950724990838,-0.012653122360975821,True,0.08978503074723543,0.12664662547404903,-0.012653122360975821,True,20,True,True,False,True,False,False,5,,TARGET_BEFORE_STOP,True,False,True,False,False,7,,TARGET_BEFORE_STOP,2022-12-28,2022-12-30,2023-01-04,2023-01-11,2023-01-26
MA|2022-12-28T00:00:00|Long,MA,2022-12-28,Long,0.018306708654997284,0.022722587326499566,0.004649791727242114,True,0.014183288237466396,0.037169150464550826,0.004649791727242114,True,0.028717579927136194,0.04564990435535221,0.004649791727242114,True,0.1107178944290852,0.11457812919176025,0.004649791727242114,True,0.09381484259998518,0.1405175788204891,0.004649791727242114,True,20,True,True,False,True,False,False,3,,TARGET_BEFORE_STOP,True,False,True,False,False,6,,TARGET_BEFORE_STOP,2022-12-29,2023-01-03,2023-01-05,2023-01-12,2023-01-27
MA|2022-12-29T00:00:00|Long,MA,2022-12-29,Long,-0.0013784224477427776,-0.0008902603779356033,-0.013181690504371346,True,0.01993050920912931,0.025186007715064074,-0.013181690504371346,True,0.055885880503709684,0.058901267249452216,-0.013181690504371346,True,0.07842967815045299,0.09454069163888801,-0.013181690504371346,True,0.06579364241208152,0.12001381226969499,-0.013181690504371346,True,20,True,True,False,True,False,False,5,,TARGET_BEFORE_STOP,True,False,True,False,False,5,,TARGET_BEFORE_STOP,2022-12-30,2023-01-04,2023-01-06,2023-01-13,2023-01-30
MA|2022-12-30T00:00:00|Long,MA,2022-12-30,Long,-0.0026745554423714957,0.019929233764219845,-0.010899285149911564,True,0.011618145974471528,0.028269019819092023,-0.010899285149911564,True,0.06683343254858931,0.07842288025793676,-0.010899285149911564,True,0.07842288025793676,0.0960515136491844,-0.010899285149911564,True,0.0657694026820328,0.12155979546825435,-0.010899285149911564,True,20,True,True,False,True,False,False,4,,TARGET_BEFORE_STOP,True,False,True,False,False,4,,TARGET_BEFORE_STOP,2023-01-03,2023-01-05,2023-01-09,2023-01-17,2023-01-31
MA|2023-01-03T00:00:00|Long,MA,2023-01-03,Long,0.024077296417035488,0.029354162490445646,0.00833337586552263,True,0.0601788534295582,0.063206499997976,0.00833337586552263,True,0.06980975439684567,0.08131491695399351,0.00833337586552263,True,0.06378323648607154,0.09899082554275629,0.00833337586552263,True,0.0786620523054411,0.12456751363215335,0.00833337586552263,True,20,True,True,False,True,False,False,2,,TARGET_BEFORE_STOP,True,False,True,False,False,3,,TARGET_BEFORE_STOP,2023-01-04,2023-01-06,2023-01-10,2023-01-18,2023-02-01
MA|2023-01-04T00:00:00|Long,MA,2023-01-04,Long,-0.009517119360552995,0.006785875555475274,-0.01092497522031044,True,0.044544580025615454,0.05589189481811263,-0.01092497522031044,True,0.06394478909014834,0.06411381084772527,-0.01092497522031044,True,0.03601297695263317,0.07315222140733169,-0.01092497522031044,True,0.05572295898923785,0.0981275706108371,-0.01092497522031044,True,20,True,True,False,True,False,False,2,,TARGET_BEFORE_STOP,True,False,True,False,False,3,,TARGET_BEFORE_STOP,2023-01-05,2023-01-09,2023-01-11,2023-01-19,2023-02-02
MA|2023-01-05T00:00:00|Long,MA,2023-01-05,Long,0.04520005944408334,0.048184929745022975,0.010091873728343748,True,0.05469488970875602,0.06603750095755112,0.010091873728343748,True,0.07971120169615165,0.08346367452056724,0.010091873728343748,True,0.06967623882397889,0.08346367452056724,0.010091873728343748,True,0.06293889569862365,0.10867900099585315,0.010091873728343748,True,20,True,True,False,True,False,False,1,,TARGET_BEFORE_STOP,True,False,True,False,False,2,,TARGET_BEFORE_STOP,2023-01-06,2023-01-10,2023-01-12,2023-01-20,2023-02-03
MA|2023-01-06T00:00:00|Long,MA,2023-01-06,Long,0.008975406403702646,0.019936318722131308,0.005140435884991801,True,0.027714993204989602,0.027878259378404824,-0.001251181646192867,True,0.021350600536479192,0.0366088910259299,-0.001251181646192867,True,0.029646132396997205,0.03728884857174464,-0.011069728766495479,True,0.014415066770220752,0.06073377147101655,-0.011069728766495479,True,20,True,True,False,True,False,False,4,,TARGET_BEFORE_STOP,True,False,True,False,False,11,,TARGET_BEFORE_STOP,2023-01-09,2023-01-11,2023-01-13,2023-01-23,2023-02-06
MA|2023-01-09T00:00:00|Long,MA,2023-01-09,Long,0.0001078484642700328,0.0019138783533489967,-0.01013561677023056,True,0.023829410218621394,0.027387669161056616,-0.01013561677023056,True,0.010863408809434372,0.027387669161056616,-0.01013561677023056,True,0.02436857027569639,0.05129794516181185,-0.0198668223655174,True,0.011025140373701836,0.05129794516181185,-0.0198668223655174,True,20,True,True,False,True,False,False,10,,TARGET_BEFORE_STOP,True,False,True,False,False,10,,TARGET_BEFORE_STOP,2023-01-10,2023-01-12,2023-01-17,2023-01-24,2023-02-07
MA|2023-01-10T00:00:00|Long,MA,2023-01-10,Long,0.018463047911469577,0.018624844290520803,0.0006738362669997944,True,0.01215595032300043,0.027276878927284143,0.0006738362669997944,True,-0.005633261321469241,0.027276878927284143,-0.006765342442406452,True,0.030673040034691956,0.05118457651956998,-0.01997251682452028,True,-0.0017789376155277203,0.05118457651956998,-0.01997251682452028,True,20,True,True,False,True,False,False,9,,TARGET_BEFORE_STOP,True,False,True,False,False,9,,TARGET_BEFORE_STOP,2023-01-11,2023-01-13,2023-01-18,2023-01-25,2023-02-08
MA|2023-01-11T00:00:00|Long,MA,2023-01-11,Long,0.0051606740131981965,0.00865405086015536,-0.0024876196481974366,True,-0.007568902404157862,0.00865405086015536,-0.010268285914488806,True,-0.026253065407088938,0.00865405086015536,-0.03773879161822158,True,-0.0016408064924118282,0.032128341499675805,-0.03773879161822158,True,-0.019689758673192004,0.032128341499675805,-0.03773879161822158,True,20,True,True,True,False,True,False,8,4,STOP_BEFORE_TARGET,False,True,False,True,False,,5,STOP_BEFORE_TARGET,2023-01-12,2023-01-17,2023-01-19,2023-01-26,2023-02-09
MA|2023-01-12T00:00:00|Long,MA,2023-01-12,Long,-0.01129514381532326,-0.005107823527228161,-0.014480924765945646,True,-0.028672189254784874,-0.0038967141355983337,-0.029778040681640916,True,-0.009294117590341489,-0.0038967141355983337,-0.04267921213047421,True,-0.015218132267319273,0.026829210676146742,-0.04267921213047421,True,-0.034175011373484665,0.026829210676146742,-0.04446956172672556,True,20,True,False,True,False,True,False,,3,STOP_BEFORE_TARGET,False,True,False,True,False,,4,STOP_BEFORE_TARGET,2023-01-13,2023-01-18,2023-01-20,2023-01-27,2023-02-10
MA|2023-01-13T00:00:00|Long,MA,2023-01-13,Long,-0.0013847172690797382,0.007482950683862066,-0.004100921581800754,True,-0.020185307823892273,0.007482950683862066,-0.03174260561059583,True,0.008122119726723387,0.015605070410585453,-0.03174260561059583,True,-0.011717069730538876,0.03855989404015703,-0.03174260561059583,True,-0.012489354970756317,0.03855989404015703,-0.033553408485743064,True,20,True,True,True,False,True,False,6,3,STOP_BEFORE_TARGET,False,True,False,True,False,,3,STOP_BEFORE_TARGET,2023-01-17,2023-01-19,2023-01-23,2023-01-30,2023-02-13
MA|2023-01-17T00:00:00|Long,MA,2023-01-17,Long,-0.016213297526041615,0.0021599934895832895,-0.01733333333333331,True,0.003413330078124943,0.004319986979166579,-0.030399983723958357,True,0.01336002604166664,0.040000000000000036,-0.030399983723958357,True,-0.011733317057291637,0.040000000000000036,-0.030399983723958357,True,-0.013440022786458283,0.040000000000000036,-0.03221329752604163,True,20,True,True,True,False,True,False,5,2,STOP_BEFORE_TARGET,False,True,False,True,False,,2,STOP_BEFORE_TARGET,2023-01-18,2023-01-20,2023-01-24,2023-01-31,2023-02-14
MA|2023-01-18T00:00:00|Long,MA,2023-01-18,Long,-0.0026564321550966996,0.005095886091315727,-0.01442048989099054,True,0.026157415009350427,0.03377423561088211,-0.01442048989099054,True,0.03651198289718627,0.057139720820255535,-0.01442048989099054,True,0.013986698896025107,0.057139720820255535,-0.01442048989099054,True,0.0019516458703701112,0.057139720820255535,-0.01626368801261935,True,20,True,True,False,True,False,False,3,,TARGET_BEFORE_STOP,True,False,True,False,False,4,,TARGET_BEFORE_STOP,2023-01-19,2023-01-23,2023-01-25,2023-02-01,2023-02-15
MA|2023-01-19T00:00:00|Long,MA,2023-01-19,Long,0.022666729038843147,0.02359078278574378,0.003968015017096871,True,0.032804281252731826,0.05995542048219327,0.003968015017096871,True,0.025275826850193583,0.05995542048219327,0.003968015017096871,True,0.019024840880449645,0.05995542048219327,-0.0025547709821411857,True,-0.0010599952325096584,0.05995542048219327,-0.013643498886673266,True,20,True,True,False,True,False,False,2,,TARGET_BEFORE_STOP,True,False,True,False,False,3,,TARGET_BEFORE_STOP,2023-01-20,2023-01-24,2023-01-26,2023-02-02,2023-02-16
MA|2023-01-20T00:00:00|Long,MA,2023-01-20,Long,0.006085916212264619,0.013553752843788569,0.00021257194781831856,True,0.01623795016732843,0.03646221235572611,-0.00313594312641996,True,-0.0059795896866676745,0.03646221235572611,-0.008716909721318222,True,-0.00629848816008316,0.03646221235572611,-0.024662482219098614,True,-0.04026255433622039,0.03646221235572611,-0.043797201657785445,True,20,True,True,True,True,False,False,2,7,TARGET_BEFORE_STOP,False,True,False,True,False,,15,STOP_BEFORE_TARGET,2023-01-23,2023-01-25,2023-01-27,2023-02-03,2023-02-17
MA|2023-01-23T00:00:00|Long,MA,2023-01-23,Long,0.0038037943142521513,0.03019254683319983,-0.008849105947916769,True,-0.0035132658797892846,0.03019254683319983,-0.014713282131324279,True,-0.019679351408974255,0.03019254683319983,-0.024222767916954657,True,-0.014792524487339032,0.03019254683319983,-0.03056239823645046,True,-0.05972479444145906,0.03019254683319983,-0.06175873532101861,True,20,True,True,True,True,False,False,1,5,TARGET_BEFORE_STOP,False,True,False,True,False,,6,STOP_BEFORE_TARGET,2023-01-24,2023-01-26,2023-01-30,2023-02-06,2023-02-21
MA|2023-01-24T00:00:00|Long,MA,2023-01-24,Long,0.006263005767349172,0.0067103174322735715,-0.012920721917661249,True,-0.015736456494965356,0.010789125235059371,-0.018446908201045775,True,-0.024762515250356443,0.010789125235059371,-0.03418336469601113,True,-0.013026004788884937,0.010789125235059371,-0.03423596597797263,True,-0.06589302360841898,0.010789125235059371,-0.07052450625465378,True,20,True,False,True,False,True,False,,4,STOP_BEFORE_TARGET,False,True,False,True,False,,5,STOP_BEFORE_TARGET,2023-01-25,2023-01-27,2023-01-31,2023-02-07,2023-02-22
MA|2023-01-25T00:00:00|Long,MA,2023-01-25,Long,-0.013467988746508786,0.004497948788506623,-0.024556118854386133,True,-0.02947257799503855,0.004497948788506623,-0.033970606591011365,True,-0.021731812437131626,0.004497948788506623,-0.040246905146272716,True,-0.031486200171809475,0.004497948788506623,-0.040246905146272716,True,-0.0702424614665611,0.004497948788506623,-0.08036300585563338,True,20,True,False,True,False,True,False,,1,STOP_BEFORE_TARGET,False,True,False,True,False,,3,STOP_BEFORE_TARGET,2023-01-26,2023-01-30,2023-02-01,2023-02-08,2023-02-23
MA|2023-01-26T00:00:00|Long,MA,2023-01-26,Long,-0.008509149449091535,0.008694727134467062,-0.010232174349183776,True,-0.0176014852686589,0.008694727134467062,-0.027091510670312458,True,-0.0060968822301681325,0.008694727134467062,-0.02714449819599718,True,-0.018078615690779398,0.008694727134467062,-0.02714449819599718,True,-0.06393806526768808,0.008694727134467062,-0.07329550050965106,True,20,True,False,True,False,True,False,,2,STOP_BEFORE_TARGET,False,True,False,True,False,,11,STOP_BEFORE_TARGET,2023-01-27,2023-01-31,2023-02-02,2023-02-09,2023-02-24
MA|2023-01-27T00:00:00|Long,MA,2023-01-27,Long,-0.007780134405279249,-0.0007753617246433198,-0.012378699296642592,True,0.0001336464805814508,0.007352351439657401,-0.018795280598455588,True,-0.0003208168264019484,0.017217876807807286,-0.018795280598455588,True,-0.01924982549669696,0.017217876807807286,-0.029703460652411806,True,-0.049594919801912773,0.017217876807807286,-0.06534235895829177,True,20,True,False,True,False,True,False,,10,STOP_BEFORE_TARGET,False,True,False,True,False,,15,STOP_BEFORE_TARGET,2023-01-30,2023-02-01,2023-02-03,2023-02-10,2023-02-27
MA|2023-01-30T00:00:00|Long,MA,2023-01-30,Long,-0.001401134459240505,0.0036646256925907394,-0.011047656169053788,True,0.010293186501612483,0.02519402410684779,-0.011101517491361679,True,0.004984927052856358,0.02519402410684779,-0.011101517491361679,True,-0.0007814414441084105,0.02519402410684779,-0.022095230107081254,True,-0.042654631333639226,0.02519402410684779,-0.058013577987083176,True,20,True,False,True,False,True,False,,9,STOP_BEFORE_TARGET,False,True,False,True,False,,14,STOP_BEFORE_TARGET,2023-01-31,2023-02-02,2023-02-06,2023-02-13,2023-02-28
MA|2023-01-31T00:00:00|Long,MA,2023-01-31,Long,0.009390125233235791,0.016675641052350754,-0.009713993643351682,True,0.008931455758447004,0.026632474243485582,-0.009713993643351682,True,0.012034515330883178,0.026632474243485582,-0.009713993643351682,True,-0.0017269688016646745,0.026632474243485582,-0.020723131541546924,True,-0.04614140804611666,0.026632474243485582,-0.05723149246023962,True,20,True,False,True,False,True,False,,8,STOP_BEFORE_TARGET,False,True,False,True,False,,14,STOP_BEFORE_TARGET,2023-02-01,2023-02-03,2023-02-07,2023-02-14,2023-03-01
MA|2023-02-01T00:00:00|Long,MA,2023-02-01,Long,0.002299015985915309,0.01708194738507629,-0.0034217248322361282,True,-0.0029672406742028423,0.01708194738507629,-0.01344631886187575,True,-0.009971077316720978,0.01708194738507629,-0.01400767328503616,True,-0.011869044277166618,0.01708194738507629,-0.029833120041495076,True,-0.04948134065565968,0.01708194738507629,-0.06600185203722053,True,20,True,False,True,False,True,False,,7,STOP_BEFORE_TARGET,False,True,False,True,False,,12,STOP_BEFORE_TARGET,2023-02-02,2023-02-06,2023-02-08,2023-02-15,2023-03-02
MA|2023-02-02T00:00:00|Long,MA,2023-02-02,Long,-0.002747102930042322,0.00874806304459197,-0.011868598117179219,True,0.00032003818319248367,0.00874806304459197,-0.01626928592253607,True,-0.012055232795221027,0.00874806304459197,-0.01626928592253607,True,-0.019709859178315803,0.00874806304459197,-0.032058433177052925,True,-0.03584574159570131,0.00874806304459197,-0.06814420341014849,True,20,True,False,True,False,True,False,,6,STOP_BEFORE_TARGET,False,True,False,True,False,,6,STOP_BEFORE_TARGET,2023-02-03,2023-02-07,2023-02-09,2023-02-16,2023-03-03
MA|2023-02-03T00:00:00|Long,MA,2023-02-03,Long,-0.002513980455724041,0.0011232192400387753,-0.012997822528258651,True,-0.009521001106487681,0.008451241291112854,-0.013559432148278039,True,-0.018935083363647465,0.008451241291112854,-0.02939207329768667,True,-0.034179344371983555,0.008451241291112854,-0.03773639573947163,True,-0.018667623005443112,0.008451241291112854,-0.06557724793003883,True,20,True,False,True,False,True,False,,5,STOP_BEFORE_TARGET,False,True,False,True,False,,10,STOP_BEFORE_TARGET,2023-02-06,2023-02-08,2023-02-10,2023-02-17,2023-03-06
MA|2023-02-06T00:00:00|Long,MA,2023-02-06,Long,0.005603658018205726,0.010992857575935266,-0.011073289726507007,True,-0.006836978268018434,0.010992857575935266,-0.011073289726507007,True,-0.005737766151254542,0.010992857575935266,-0.026945834142359626,True,-0.045606911306412035,0.010992857575935266,-0.04767139105317919,True,-0.034935782332763066,0.010992857575935266,-0.06322220686674551,True,20,True,False,True,False,True,False,,4,STOP_BEFORE_TARGET,False,True,False,True,False,,9,STOP_BEFORE_TARGET,2023-02-07,2023-02-09,2023-02-13,2023-02-21,2023-03-07
MA|2023-02-07T00:00:00|Long,MA,2023-02-07,Long,-0.012557968020415977,0.0019463845546847658,-0.013117855655581101,True,-0.02194318519676941,0.0019463845546847658,-0.032368112328382326,True,-0.013597840710055653,0.0019463845546847658,-0.032368112328382326,True,-0.053564753555868205,0.0019463845546847658,-0.05825736214404498,True,-0.04273982531766163,0.0019463845546847658,-0.06844233743201567,True,20,True,False,True,False,True,False,,3,STOP_BEFORE_TARGET,False,True,False,True,False,,3,STOP_BEFORE_TARGET,2023-02-08,2023-02-10,2023-02-14,2023-02-22,2023-03-08
MA|2023-02-08T00:00:00|Long,MA,2023-02-08,Long,0.00018903016893490054,0.011394629812760515,-0.002970179790433569,True,0.0012960185252861578,0.011394629812760515,-0.020062083308578393,True,-0.0019170823366468914,0.011394629812760515,-0.020062083308578393,True,-0.04001622000804406,0.011394629812760515,-0.05046578137812219,True,-0.04295937194520372,0.011394629812760515,-0.05659508872593255,True,20,True,False,True,False,True,False,,2,STOP_BEFORE_TARGET,False,True,False,True,False,,8,STOP_BEFORE_TARGET,2023-02-09,2023-02-13,2023-02-15,2023-02-23,2023-03-09
MA|2023-02-09T00:00:00|Long,MA,2023-02-09,Long,-0.009691773460747788,-0.00045897473562817037,-0.0202472861295957,True,-0.0012418928675029806,0.008071891706678214,-0.0202472861295957,True,-0.007748030696849817,0.008071891706678214,-0.0202472861295957,True,-0.04670378943745157,0.008071891706678214,-0.05623350881365785,True,-0.06292864108628804,0.008071891706678214,-0.06800389160484865,True,20,True,False,True,False,True,False,,1,STOP_BEFORE_TARGET,False,True,False,True,False,,7,STOP_BEFORE_TARGET,2023-02-10,2023-02-14,2023-02-16,2023-02-24,2023-03-10
MA|2023-02-10T00:00:00|Long,MA,2023-02-10,Long,0.010904233967830246,0.01174938863762387,0.000654310609107922,True,0.007660300899687389,0.01793751146499445,-0.0049613632289085,True,-0.015538483488536259,0.01793751146499445,-0.01916418787075347,True,-0.030940697329555844,0.01793751146499445,-0.04699722177968324,True,-0.060300400531268616,0.01793751146499445,-0.07256766374507762,True,20,True,False,True,False,True,False,,6,STOP_BEFORE_TARGET,False,True,False,True,False,,6,STOP_BEFORE_TARGET,2023-02-13,2023-02-15,2023-02-17,2023-02-27,2023-03-13
MA|2023-02-13T00:00:00|Long,MA,2023-02-13,Long,-0.00234607542186438,0.006957412246220818,-0.008359560170933977,True,-0.00884502035451673,0.006957412246220818,-0.015991135804832357,True,-0.04009922513181041,0.006957412246220818,-0.04217561873953668,True,-0.04190593692539857,0.006957412246220818,-0.05727689508258216,True,-0.048566674487466654,0.006957412246220818,-0.0825715185554996,True,20,True,False,True,False,True,False,,4,STOP_BEFORE_TARGET,False,True,False,True,False,,5,STOP_BEFORE_TARGET,2023-02-14,2023-02-16,2023-02-21,2023-02-28,2023-03-14
MA|2023-02-14T00:00:00|Long,MA,2023-02-14,Long,-0.000864895702322066,-0.0004324890955913485,-0.013379775661645166,True,-0.02386740938536802,0.008433331141879163,-0.027462438903594344,True,-0.04051786836576121,0.008433331141879163,-0.04527516592840508,True,-0.0444912742870921,0.008433331141879163,-0.05560054406352832,True,-0.05914154337812838,0.008433331141879163,-0.08041410067880905,True,20,True,False,True,False,True,False,,3,STOP_BEFORE_TARGET,False,True,False,True,False,,4,STOP_BEFORE_TARGET,2023-02-15,2023-02-17,2023-02-22,2023-03-01,2023-03-15
MA|2023-02-15T00:00:00|Long,MA,2023-02-15,Long,-0.005654222412734611,0.009306275802147379,-0.012823343155803468,True,-0.037009042991112184,0.009306275802147379,-0.039092121075621544,True,-0.03817231714634728,0.009306275802147379,-0.048641949663996265,True,-0.038064080636942554,0.009306275802147379,-0.05478302996838602,True,-0.05854348498773654,0.009306275802147379,-0.0796180662998569,True,20,True,False,True,False,True,False,,2,STOP_BEFORE_TARGET,False,True,False,True,False,,3,STOP_BEFORE_TARGET,2023-02-16,2023-02-21,2023-02-23,2023-03-02,2023-03-16
MA|2023-02-16T00:00:00|Long,MA,2023-02-16,Long,-0.0174669653744417,-0.00231254418219784,-0.02108556728987121,True,-0.034226600435507515,-0.00231254418219784,-0.0390150913185936,True,-0.039259946007423885,-0.00231254418219784,-0.04886407849697583,True,-0.016460312866005467,-0.00231254418219784,-0.049408172351131374,True,-0.04867360828464051,0.0043531659819204815,-0.07438442999837758,True,20,True,False,True,False,True,False,,1,STOP_BEFORE_TARGET,False,True,False,True,False,,2,STOP_BEFORE_TARGET,2023-02-17,2023-02-22,2023-02-24,2023-03-03,2023-03-17
MA|2023-02-17T00:00:00|Long,MA,2023-02-17,Long,-0.014316211219868147,0.0017721710248559397,-0.016448376930999653,True,-0.01550689787001458,0.0017721710248559397,-0.026223246732921424,True,-0.0156453183620614,0.0017721710248559397,-0.03195527480101423,True,0.016060664343996667,0.020491218664828725,-0.03250904127499643,True,-0.03270289756849787,0.022208038394024854,-0.05792931394477441,True,20,True,False,True,False,True,False,,2,STOP_BEFORE_TARGET,False,True,False,True,False,,4,STOP_BEFORE_TARGET,2023-02-21,2023-02-23,2023-02-27,2023-03-06,2023-03-20
MA|2023-02-21T00:00:00|Long,MA,2023-02-21,Long,-0.00278118400421401,0.0050005585515964235,-0.007725587330077888,True,-0.007978414445627413,0.0050005585515964235,-0.017895255843637048,True,-0.0018821859934806673,0.005815280857146554,-0.017895255843637048,True,0.011181062708926381,0.03705473299819095,-0.018457065300468645,True,-0.00390488865104599,0.03705473299819095,-0.04424654561771901,True,20,True,True,True,True,False,False,9,13,TARGET_BEFORE_STOP,False,True,False,True,False,,13,STOP_BEFORE_TARGET,2023-02-22,2023-02-24,2023-02-28,2023-03-07,2023-03-21
MA|2023-02-22T00:00:00|Long,MA,2023-02-22,Long,0.0015775912236752898,0.007803445373260276,-0.009324724757616254,True,0.001436768639240249,0.008620439890894227,-0.015156224087419345,True,-0.004141198455215767,0.008620439890894227,-0.015719600397432587,True,0.01143757935778189,0.03994701700712122,-0.015719600397432587,True,-0.011099536377319197,0.03994701700712122,-0.041581006042389346,True,20,True,True,True,True,False,False,8,12,TARGET_BEFORE_STOP,False,True,False,True,False,,13,STOP_BEFORE_TARGET,2023-02-23,2023-02-27,2023-03-01,2023-03-08,2023-03-22
MA|2023-02-23T00:00:00|Long,MA,2023-02-23,Long,-0.0067786225364500075,-0.004303430890642335,-0.01670745777234295,True,-0.0006750210536353718,0.0070317554315633135,-0.01670745777234295,True,0.00011253212122541711,0.0070317554315633135,-0.017269946704753014,True,-0.0030658350677386093,0.03830898985725928,-0.017269946704753014,True,-0.0032627448206683507,0.03830898985725928,-0.04309061788546564,True,20,True,True,True,True,False,False,7,11,TARGET_BEFORE_STOP,False,True,False,True,False,,12,STOP_BEFORE_TARGET,2023-02-24,2023-02-28,2023-03-02,2023-03-09,2023-03-23
MA|2023-02-24T00:00:00|Long,MA,2023-02-24,Long,0.006683325503437976,0.013904632221349855,0.004814262093731259,True,0.0010761352743176023,0.013904632221349855,-0.010562926258288363,True,0.023731323625646006,0.024269391262804918,-0.010562926258288363,True,-0.017019737904194532,0.04539533020206665,-0.0223436345717013,True,-0.004219501175175666,0.04539533020206665,-0.03655982057267815,True,20,True,True,True,True,False,False,6,10,TARGET_BEFORE_STOP,False,True,False,True,False,,11,STOP_BEFORE_TARGET,2023-02-27,2023-03-01,2023-03-03,2023-03-10,2023-03-24
MA|2023-02-27T00:00:00|Long,MA,2023-02-27,Long,-0.0005344954302185512,0.00652632141031928,-0.006301397217069571,True,0.00025316849079892734,0.00652632141031928,-0.017131754668829546,True,0.03220991711371779,0.036710890597644985,-0.017131754668829546,True,-0.030297117132879303,0.03845499743354619,-0.04295605676640224,True,-0.0024193086602939395,0.03845499743354619,-0.04295605676640224,True,20,True,True,True,True,False,False,5,9,TARGET_BEFORE_STOP,False,True,False,True,False,,10,STOP_BEFORE_TARGET,2023-02-28,2023-03-02,2023-03-06,2023-03-13,2023-03-27
MA|2023-02-28T00:00:00|Long,MA,2023-02-28,Long,-0.005038161788598505,5.626111962375724e-05,-0.016606135141957967,True,0.017478654917741476,0.01801343618610418,-0.016606135141957967,True,0.01308788253159232,0.039010343714211304,-0.016606135141957967,True,-0.006952070593876036,0.039010343714211304,-0.042444247592560935,True,-0.002702079849045025,0.039010343714211304,-0.042444247592560935,True,20,True,True,True,True,False,False,4,8,TARGET_BEFORE_STOP,False,True,False,True,False,,9,STOP_BEFORE_TARGET,2023-03-01,2023-03-03,2023-03-07,2023-03-14,2023-03-28
MA|2023-03-01T00:00:00|Long,MA,2023-03-01,Long,0.00585574914913356,0.008826011646923648,-0.0051202194019625,True,0.037991492717910136,0.04251767688627117,-0.0051202194019625,True,0.01564356090324437,0.04427155274818784,-0.0051202194019625,True,-0.015332428366999662,0.04427155274818784,-0.03759549800543671,True,0.01705798806024572,0.04427155274818784,-0.03759549800543671,True,20,True,True,True,True,False,False,3,7,TARGET_BEFORE_STOP,False,True,False,True,False,,8,STOP_BEFORE_TARGET,2023-03-02,2023-03-06,2023-03-08,2023-03-15,2023-03-29
MA|2023-03-02T00:00:00|Long,MA,2023-03-02,Long,0.016677426536637396,0.017211786683704045,0.004274795349332949,True,0.012290111728132436,0.03819215989126734,0.004274795349332949,True,-0.003178009560806716,0.03819215989126734,-0.00466857054283476,True,-0.021289780263486047,0.03819215989126734,-0.04319828881161769,True,0.010377710058209644,0.03819215989126734,-0.04319828881161769,True,20,True,True,True,True,False,False,2,6,TARGET_BEFORE_STOP,False,True,False,True,False,,7,STOP_BEFORE_TARGET,2023-03-03,2023-03-07,2023-03-09,2023-03-16,2023-03-30
MA|2023-03-03T00:00:00|Long,MA,2023-03-03,Long,0.015020726627334113,0.01944674627744636,-0.0006638734007606839,True,-0.006832645147173189,0.021161808842280472,-0.011673585672761111,True,-0.039806402900242066,0.021161808842280472,-0.04500688523837315,True,-0.03275241033994636,0.021161808842280472,-0.058893522945841936,True,0.005283550932529302,0.021161808842280472,-0.058893522945841936,True,20,True,False,True,False,True,False,,4,STOP_BEFORE_TARGET,False,True,False,True,False,,5,STOP_BEFORE_TARGET,2023-03-06,2023-03-08,2023-03-10,2023-03-17,2023-03-31
MA|2023-03-06T00:00:00|Long,MA,2023-03-06,Long,-0.01904992879813816,0.006050203758253936,-0.020112841768520795,True,-0.034039164101287156,0.006050203758253936,-0.03548357799460755,True,-0.06055651395152284,0.006050203758253936,-0.07282043374500835,True,-0.0479927662035593,0.006050203758253936,-0.07282043374500835,True,-0.001253621846837083,0.006050203758253936,-0.07282043374500835,True,20,True,False,True,False,True,False,,1,STOP_BEFORE_TARGET,False,True,False,True,False,,3,STOP_BEFORE_TARGET,2023-03-07,2023-03-09,2023-03-13,2023-03-20,2023-04-03
MA|2023-03-07T00:00:00|Long,MA,2023-03-07,Long,-0.002528209301375206,0.004889730937620573,-0.007390130699747366,True,-0.03564487693176677,0.011335185154725425,-0.04086789841446625,True,-0.019781060923748095,0.011335185154725425,-0.054814721488312235,True,-0.014919139525375935,0.011335185154725425,-0.054814721488312235,True,0.011001809824465747,0.025504230187017418,-0.054814721488312235,True,20,True,False,True,False,True,False,,3,STOP_BEFORE_TARGET,False,True,False,True,False,,3,STOP_BEFORE_TARGET,2023-03-08,2023-03-10,2023-03-14,2023-03-21,2023-04-04
MA|2023-03-08T00:00:00|Long,MA,2023-03-08,Long,-0.01278443682560404,0.013898532856142953,-0.014260633191085725,True,-0.03988526689387184,0.013898532856142953,-0.05241903848761065,True,-0.030498878211462355,0.013898532856142953,-0.05241903848761065,True,-0.022282260611091065,0.013898532856142953,-0.05241903848761065,True,0.013257972263624351,0.028103490995729175,-0.05241903848761065,True,20,True,False,True,False,True,False,,2,STOP_BEFORE_TARGET,False,True,False,True,False,,2,STOP_BEFORE_TARGET,2023-03-09,2023-03-13,2023-03-15,2023-03-22,2023-04-05
MA|2023-03-09T00:00:00|Long,MA,2023-03-09,Long,-0.0206805581744558,-0.00392172057009077,-0.02598462755794806,True,-0.004570576419221539,0.004711609577511933,-0.040147869564131744,True,-0.018169513590585384,0.004711609577511933,-0.040147869564131744,True,-0.00019751530226985725,0.015686710078704813,-0.040147869564131744,True,0.01983410092222604,0.04141742629123257,-0.040147869564131744,True,20,True,True,True,False,True,False,17,1,STOP_BEFORE_TARGET,False,True,False,True,False,,2,STOP_BEFORE_TARGET,2023-03-10,2023-03-14,2023-03-16,2023-03-23,2023-04-06
MA|2023-03-10T00:00:00|Long,MA,2023-03-10,Long,-0.0069142173886285185,0.00792256090591792,-0.01987840796194862,True,0.002794506818121878,0.0259283811466402,-0.01987840796194862,True,0.00734642740964131,0.0259283811466402,-0.01987840796194862,True,0.013021865466278593,0.0371352458656069,-0.01987840796194862,True,0.03753861844014028,0.06340932469382188,-0.01987840796194862,True,20,True,True,False,True,False,False,8,,TARGET_BEFORE_STOP,True,False,True,False,False,16,,TARGET_BEFORE_STOP,2023-03-13,2023-03-15,2023-03-17,2023-03-24,2023-04-10
MA|2023-03-13T00:00:00|Long,MA,2023-03-13,Long,0.023527069334158046,0.03307126041912256,0.011168826546814392,True,0.009544279616132467,0.03307126041912256,-0.01285136139246068,True,0.013373606751811762,0.03307126041912256,-0.01285136139246068,True,0.028748814678325907,0.04435615132703341,-0.01285136139246068,True,0.056337251339188876,0.07081315966233159,-0.01285136139246068,True,20,True,True,False,True,False,False,1,,TARGET_BEFORE_STOP,True,False,True,False,False,13,,TARGET_BEFORE_STOP,2023-03-14,2023-03-16,2023-03-20,2023-03-27,2023-04-11
MA|2023-03-14T00:00:00|Long,MA,2023-03-14,Long,-0.013434671088812022,-0.012527672286091973,-0.026018911867844885,True,-0.00895641856048579,-0.002494203459396882,-0.035542226304072444,True,0.004960036176156812,0.009579969425335122,-0.035542226304072444,True,0.004279743826033355,0.020350299095094337,-0.035542226304072444,True,0.025395361002995775,0.04619915949945019,-0.035542226304072444,True,20,True,True,True,False,True,False,13,1,STOP_BEFORE_TARGET,False,True,False,True,False,,2,STOP_BEFORE_TARGET,2023-03-15,2023-03-17,2023-03-21,2023-03-28,2023-04-12
MA|2023-03-15T00:00:00|Long,MA,2023-03-15,Long,-0.00022979365476683,0.0017525163544960254,-0.022408607486398502,True,0.0035624592041740843,0.01654794871244092,-0.022408607486398502,True,0.008475098600415398,0.034245041046792934,-0.022408607486398502,True,0.03289477318068701,0.03433122462658522,-0.022408607486398502,True,0.06196853641782285,0.06225584424181019,-0.022408607486398502,True,20,True,True,True,False,True,False,5,1,STOP_BEFORE_TARGET,True,False,True,False,False,13,,TARGET_BEFORE_STOP,2023-03-16,2023-03-20,2023-03-22,2023-03-29,2023-04-13
MA|2023-03-16T00:00:00|Long,MA,2023-03-16,Long,0.004770125465831443,0.011321846095994959,-0.0032759041621767127,True,0.018879331391433274,0.02356325346848065,-0.0032759041621767127,True,0.018304583670079033,0.034482758620689724,-0.0032759041621767127,True,0.03235634990122116,0.04192527683301894,-0.004856328854615621,True,0.07020112837868164,0.07295981220815384,-0.004856328854615621,True,20,True,True,False,True,False,False,4,,TARGET_BEFORE_STOP,True,False,True,False,False,12,,TARGET_BEFORE_STOP,2023-03-17,2023-03-21,2023-03-23,2023-03-30,2023-04-14
MA|2023-03-17T00:00:00|Long,MA,2023-03-17,Long,-0.0009723626789730488,0.011954448984735855,-0.00663503775073071,True,0.003918077855170843,0.02957157304122937,-0.00663503775073071,True,0.005634047932479014,0.02957157304122937,-0.009580752926928615,True,0.039323914248102554,0.04001026736788038,-0.009580752926928615,True,0.0660641933923849,0.06989647710758362,-0.009580752926928615,True,20,True,True,False,True,False,False,9,,TARGET_BEFORE_STOP,True,False,True,False,False,12,,TARGET_BEFORE_STOP,2023-03-20,2023-03-22,2023-03-24,2023-03-31,2023-04-17
MA|2023-03-20T00:00:00|Long,MA,2023-03-20,Long,0.015029199272652116,0.01969542178678263,0.004322624574564893,True,0.014456623402854918,0.03057366441043463,0.004322624574564893,True,0.01517229955869559,0.03057366441043463,-0.008616768872420466,True,0.04909536681810134,0.04963928768556514,-0.008616768872420466,True,0.0658422063373334,0.07093781707240576,-0.008616768872420466,True,20,True,True,False,True,False,False,2,,TARGET_BEFORE_STOP,True,False,True,False,False,11,,TARGET_BEFORE_STOP,2023-03-21,2023-03-23,2023-03-27,2023-04-03,2023-04-18
MA|2023-03-21T00:00:00|Long,MA,2023-03-21,Long,-0.009983948083022387,0.015314303419962094,-0.009983948083022387,True,-0.008291740363470468,0.015314303419962094,-0.023295850170632293,True,-0.0006769347293766881,0.015314303419962094,-0.023295850170632293,True,0.0263135244931596,0.04103558533551954,-0.023295850170632293,True,0.05141433311385679,0.0552217789655336,-0.023295850170632293,True,20,True,True,True,False,True,False,9,3,STOP_BEFORE_TARGET,True,False,True,False,False,17,,TARGET_BEFORE_STOP,2023-03-22,2023-03-24,2023-03-28,2023-04-04,2023-04-19
MA|2023-03-22T00:00:00|Long,MA,2023-03-22,Long,0.0095148458807095,0.025154507030657802,0.002307488138935332,True,0.010227035724510225,0.025154507030657802,-0.013446147728447322,True,0.024214454689225118,0.02563883437682657,-0.013446147728447322,True,0.03635019744750534,0.05153404666495276,-0.013446147728447322,True,0.06828476570110409,0.06882603693737144,-0.013446147728447322,True,20,True,True,False,True,False,False,6,,TARGET_BEFORE_STOP,True,False,True,False,False,9,,TARGET_BEFORE_STOP,2023-03-23,2023-03-27,2023-03-29,2023-04-05,2023-04-20
MA|2023-03-23T00:00:00|Long,MA,2023-03-23,Long,-0.007732004041337892,-0.005502671547596094,-0.022744582412877135,True,-0.0001129004867035377,0.009933176001782895,-0.022744582412877135,True,0.013799178022452008,0.023196098241852647,-0.022744582412877135,True,0.02003557355686314,0.04162316280508538,-0.022744582412877135,True,0.058893234203663214,0.0650732225536419,-0.022744582412877135,True,20,True,True,True,False,True,False,7,1,STOP_BEFORE_TARGET,True,False,True,False,False,15,,TARGET_BEFORE_STOP,2023-03-24,2023-03-28,2023-03-30,2023-04-06,2023-04-21
MA|2023-03-24T00:00:00|Long,MA,2023-03-24,Long,0.008503228373162974,0.01780283160906948,0.007536313339834511,True,0.02246677981623657,0.02388872900446537,0.003327312498676571,True,0.03350111940311451,0.03418362724101942,0.003327312498676571,True,0.024201602956098967,0.04973975483179793,0.003327312498676571,True,0.0656940698539481,0.07396982454410672,0.003327312498676571,True,20,True,True,False,True,False,False,4,,TARGET_BEFORE_STOP,True,False,True,False,False,13,,TARGET_BEFORE_STOP,2023-03-27,2023-03-29,2023-03-31,2023-04-10,2023-04-24
MA|2023-03-27T00:00:00|Long,MA,2023-03-27,Long,-0.0008178008823953586,0.0036094940976858503,-0.005132274968356776,True,0.01308446988981582,0.02247476546851046,-0.005132274968356776,True,0.033416068655687914,0.03395186033134756,-0.005132274968356776,True,0.026817466292283765,0.04088883931998355,-0.005132274968356776,True,0.03922509687450848,0.0649146123969766,-0.005132274968356776,True,20,True,True,False,True,False,False,5,,TARGET_BEFORE_STOP,True,False,True,False,False,13,,TARGET_BEFORE_STOP,2023-03-28,2023-03-30,2023-04-03,2023-04-11,2023-04-25
MA|2023-03-28T00:00:00|Long,MA,2023-03-28,Long,0.014675619913898208,0.016086733900712913,0.004205178247450592,True,0.025625878231990695,0.026303185384841665,0.004205178247450592,True,0.027008742378249018,0.04174077584569735,0.004205178247450592,True,0.021025632854564602,0.04174077584569735,0.004205178247450592,True,0.035080359169161746,0.06578621330266055,0.004205178247450592,True,20,True,True,False,True,False,False,4,,TARGET_BEFORE_STOP,True,False,True,False,False,12,,TARGET_BEFORE_STOP,2023-03-29,2023-03-31,2023-04-04,2023-04-12,2023-04-26
MA|2023-03-29T00:00:00|Long,MA,2023-03-29,Long,-0.0007509498917713797,0.008511104967550143,-0.0035880414688671536,True,0.019302985745193624,0.019831460259285283,-0.0035880414688671536,True,0.0118488298058268,0.026673702807696875,-0.0035880414688671536,True,0.028147846220197614,0.028426004103698777,-0.009901809503187309,True,0.039329165011116496,0.050371362419350474,-0.009901809503187309,True,20,True,True,False,True,False,False,11,,TARGET_BEFORE_STOP,True,False,True,False,False,17,,TARGET_BEFORE_STOP,2023-03-30,2023-04-03,2023-04-05,2023-04-13,2023-04-27
MA|2023-03-30T00:00:00|Long,MA,2023-03-30,Long,0.01155150527104798,0.012219517929989765,0.0031175056692731573,True,0.012915392764940359,0.027445262716534913,0.0031175056692731573,True,0.006151509756178841,0.027445262716534913,-0.009157736612734113,True,0.036658638735628024,0.0393308592627124,-0.009157736612734113,True,0.05781325070725751,0.06310188246375037,-0.009157736612734113,True,20,True,True,False,True,False,False,10,,TARGET_BEFORE_STOP,True,False,True,False,False,15,,TARGET_BEFORE_STOP,2023-03-31,2023-04-04,2023-04-06,2023-04-14,2023-04-28
MA|2023-03-31T00:00:00|Long,MA,2023-03-31,Long,0.008420234797495763,0.008943066969124391,-0.004567853513611109,True,0.0010456643432574797,0.015712257223351456,-0.004953133629806428,True,-0.008998070996175,0.015712257223351456,-0.02047275079506017,True,0.025728532537065307,0.02941581776418456,-0.02047275079506017,True,0.045265627042969214,0.05242009741339149,-0.02047275079506017,True,20,True,True,True,False,True,False,13,4,STOP_BEFORE_TARGET,True,False,True,False,False,19,,TARGET_BEFORE_STOP,2023-04-03,2023-04-05,2023-04-10,2023-04-17,2023-05-01
MA|2023-04-03T00:00:00|Long,MA,2023-04-03,Long,-0.007012872310579676,0.0072311345748827804,-0.00843178521460941,True,-0.013643681565599142,0.0072311345748827804,-0.02865173128775822,True,-0.006385232979769562,0.0072311345748827804,-0.02865173128775822,True,0.015963124086635805,0.020820271393012124,-0.02865173128775822,True,0.026086712491471653,0.0436324669989705,-0.02865173128775822,True,20,True,True,True,False,True,False,14,3,STOP_BEFORE_TARGET,False,False,False,False,True,,,NEITHER,2023-04-04,2023-04-06,2023-04-11,2023-04-18,2023-05-02
MA|2023-04-04T00:00:00|Long,MA,2023-04-04,Long,-0.0003022405974367759,0.0033800797113452408,-0.006292961207285175,True,-0.010332452077799315,0.0033800797113452408,-0.021791681255254547,True,-0.005825762991879979,0.012915669925425144,-0.021791681255254547,True,0.024457252118053274,0.02816707934025331,-0.021791681255254547,True,0.030228085145637795,0.051003016954909164,-0.021791681255254547,True,20,True,True,True,False,True,False,11,2,STOP_BEFORE_TARGET,True,False,True,False,False,18,,TARGET_BEFORE_STOP,2023-04-05,2023-04-10,2023-04-12,2023-04-19,2023-05-03
MA|2023-04-05T00:00:00|Long,MA,2023-04-05,Long,-0.006377325571689685,-0.004810467464457346,-0.021495937602841297,True,0.0009345950408328196,0.0038483571939869066,-0.021495937602841297,True,0.016108153643364487,0.016383054276055464,-0.021495937602841297,True,0.030814456669427503,0.031336742705171616,-0.021495937602841297,True,0.03389314242461694,0.05132076877216063,-0.021495937602841297,True,20,True,True,True,False,True,False,10,1,STOP_BEFORE_TARGET,True,False,True,False,False,17,,TARGET_BEFORE_STOP,2023-04-06,2023-04-11,2023-04-13,2023-04-20,2023-05-04
MA|2023-04-06T00:00:00|Long,MA,2023-04-06,Long,-0.0036793829855151783,-0.0014939235430276865,-0.010761652793594867,True,0.0008576024498487822,0.019725025199142765,-0.010761652793594867,True,0.030320611442348433,0.032976494280244184,-0.010761652793594867,True,0.038094417149887594,0.04415301795772919,-0.010761652793594867,True,0.0641547081724414,0.06551025699452984,-0.010761652793594867,True,20,True,True,False,True,False,False,5,,TARGET_BEFORE_STOP,True,False,True,False,False,15,,TARGET_BEFORE_STOP,2023-04-10,2023-04-12,2023-04-14,2023-04-21,2023-05-05
MA|2023-04-10T00:00:00|Long,MA,2023-04-10,Long,0.011078997256858347,0.014022290185939035,0.0028322012889003823,True,0.026406338816113983,0.026684025547518253,0.0024712170118839083,True,0.035041913155656745,0.038762678089813596,0.0024712170118839083,True,0.04051201128575821,0.04859221216249243,0.0024712170118839083,True,0.07044481058832974,0.07585932052929456,0.002387919466271926,True,20,True,True,False,True,False,False,4,,TARGET_BEFORE_STOP,True,False,True,False,False,14,,TARGET_BEFORE_STOP,2023-04-11,2023-04-13,2023-04-17,2023-04-24,2023-05-08
MA|2023-04-11T00:00:00|Long,MA,2023-04-11,Long,-0.006453755724612487,0.012275838741006018,-0.008513459648878174,True,0.022794023238046357,0.025430504603994875,-0.008513459648878174,True,0.022491973557746237,0.02738033418562069,-0.008513459648878174,True,0.01208357959377837,0.037102160174833365,-0.008513459648878174,True,0.05165736771581719,0.06407048652794733,-0.008595844453466062,True,20,True,True,False,True,False,False,7,,TARGET_BEFORE_STOP,True,False,True,False,False,14,,TARGET_BEFORE_STOP,2023-04-12,2023-04-14,2023-04-18,2023-04-25,2023-05-09
MA|2023-04-12T00:00:00|Long,MA,2023-04-12,Long,0.021753538459124533,0.022029966409406798,0.004450262243830716,True,0.030349966895285574,0.03405386523795784,0.004450262243830716,True,0.030460470592224675,0.034192037036115286,0.004450262243830716,True,0.013765302125964496,0.043838841070968027,0.004450262243830716,True,0.05738296709512025,0.0709823449677418,-0.002156003045853061,True,20,True,True,False,True,False,False,2,,TARGET_BEFORE_STOP,True,False,True,False,False,12,,TARGET_BEFORE_STOP,2023-04-13,2023-04-17,2023-04-19,2023-04-26,2023-05-10
MA|2023-04-13T00:00:00|Long,MA,2023-04-13,Long,0.007520624442578505,0.010117735191957022,-0.0014608644767707402,True,0.0072230852747749985,0.012038447938612418,-0.0034085737017480744,True,0.014473167027871936,0.014987173370475615,-0.0034085737017480744,True,0.010875205187682813,0.021615097751606083,-0.023400497874502046,True,0.03717035297936677,0.04818070567473409,-0.023400497874502046,True,20,True,True,True,False,True,False,11,10,STOP_BEFORE_TARGET,False,False,False,False,True,,,NEITHER,2023-04-14,2023-04-18,2023-04-20,2023-04-27,2023-05-11
MA|2023-04-14T00:00:00|Long,MA,2023-04-14,Long,0.000886118455371232,0.004484100262000634,-0.010847617288602063,True,0.0009934621927982779,0.0046183209046766205,-0.010847617288602063,True,0.007545035614357598,0.013425341938968716,-0.010847617288602063,True,0.020406536135589404,0.025508149684040582,-0.030690312006454445,True,0.02548135472057611,0.04035657459086872,-0.030690312006454445,True,20,True,True,True,False,True,False,15,9,STOP_BEFORE_TARGET,False,True,False,True,False,,9,STOP_BEFORE_TARGET,2023-04-17,2023-04-19,2023-04-21,2023-04-28,2023-05-12
MA|2023-04-17T00:00:00|Long,MA,2023-04-17,Long,-0.0011803906800058606,0.00319240908421059,-0.007511584497240986,True,0.006009202102402078,0.006518919981006288,-0.008235881649828913,True,0.005284904949814262,0.013091546182437463,-0.008235881649828913,True,0.019047042064414654,0.026022055572838987,-0.03154847477608769,True,0.02857064496586048,0.03943551160087111,-0.03154847477608769,True,20,True,True,True,False,True,False,14,8,STOP_BEFORE_TARGET,False,True,False,True,False,,8,STOP_BEFORE_TARGET,2023-04-18,2023-04-20,2023-04-24,2023-05-01,2023-05-15
MA|2023-04-18T00:00:00|Long,MA,2023-04-18,Long,0.0012891610961214273,0.004915090610943418,-0.00311560925894383,True,0.007842669888039389,0.01372471328706415,-0.007063829047796122,True,-0.010179438306740063,0.014288803232607616,-0.01074344628629309,True,0.009964523480059606,0.02723459371343795,-0.030403972662047196,True,0.021271977745905835,0.040663901571304395,-0.030403972662047196,True,20,True,True,True,False,True,False,13,7,STOP_BEFORE_TARGET,False,True,False,True,False,,7,STOP_BEFORE_TARGET,2023-04-19,2023-04-21,2023-04-25,2023-05-02,2023-05-16
MA|2023-04-19T00:00:00|Long,MA,2023-04-19,Long,0.00590132049106451,0.006410983708950102,-0.008342235658252206,True,0.00517710101007629,0.012982905080342055,-0.008342235658252206,True,-0.01620165832917897,0.012982905080342055,-0.017998904707058228,True,0.005633063766841806,0.025912027839104956,-0.03165232880726854,True,0.03809016274677868,0.03948498310809434,-0.03165232880726854,True,20,True,True,True,False,True,False,12,6,STOP_BEFORE_TARGET,False,True,False,True,False,,6,STOP_BEFORE_TARGET,2023-04-20,2023-04-24,2023-04-26,2023-05-03,2023-05-17
MA|2023-04-20T00:00:00|Long,MA,2023-04-20,Long,0.000639973958333373,0.006479980468750091,-0.0046399739583333766,True,-0.017253336588541668,0.007040039062500059,-0.017813313802083286,True,-0.0035466308593750107,0.007040039062500059,-0.03733333333333333,True,0.0029866536458333925,0.019893310546875043,-0.03733333333333333,True,0.04538663736979176,0.04538663736979176,-0.03733333333333333,True,20,True,True,True,False,True,False,12,4,STOP_BEFORE_TARGET,False,True,False,True,False,,5,STOP_BEFORE_TARGET,2023-04-21,2023-04-25,2023-04-27,2023-05-04,2023-05-18
MA|2023-04-21T00:00:00|Long,MA,2023-04-21,Long,-0.0013590748889219517,0.0063959718487451855,-0.004317224068190684,True,-0.022598818594610326,0.0063959718487451855,-0.024384378356819836,True,0.012765186732709433,0.01782859667283243,-0.037949020906542286,True,0.025103969920291958,0.026409774864133206,-0.037949020906542286,True,0.027529094336111726,0.04519779984554151,-0.037949020906542286,True,20,True,True,True,False,True,False,11,3,STOP_BEFORE_TARGET,False,True,False,True,False,,4,STOP_BEFORE_TARGET,2023-04-24,2023-04-26,2023-04-28,2023-05-05,2023-05-19
MA|2023-04-24T00:00:00|Long,MA,2023-04-24,Long,-0.01654527800085237,-0.00040035334684729307,-0.01710565867205982,True,-0.0028286967350272807,0.0006671469929562246,-0.03663974217114163,True,0.013689787886835614,0.020628132901349128,-0.03663974217114163,True,0.028767375078720736,0.03397107276047451,-0.03663974217114163,True,0.026152129548349112,0.04662023512533797,-0.03663974217114163,True,20,True,True,True,False,True,False,10,2,STOP_BEFORE_TARGET,False,True,False,True,False,,3,STOP_BEFORE_TARGET,2023-04-25,2023-04-27,2023-05-01,2023-05-08,2023-05-22
MA|2023-04-25T00:00:00|Long,MA,2023-04-25,Long,-0.00480283564305406,0.010012760029384005,-0.0066209058950109645,True,0.031205058036230637,0.03636065975868985,-0.020432525993104855,True,0.020351124806237353,0.03779880259930635,-0.020432525993104855,True,0.039101304398123427,0.051366219136798064,-0.020432525993104855,True,0.014164386177498711,0.06422818632441851,-0.020432525993104855,True,20,True,True,True,False,True,False,3,2,STOP_BEFORE_TARGET,True,False,True,False,False,9,,TARGET_BEFORE_STOP,2023-04-26,2023-04-28,2023-05-02,2023-05-09,2023-05-23
MA|2023-04-26T00:00:00|Long,MA,2023-04-26,Long,0.018840668224775037,0.022412479555652842,-0.015705119457559924,True,0.03571811330877894,0.04280723435329303,-0.015705119457559924,True,0.02219430666953337,0.04280723435329303,-0.015705119457559924,True,0.04302540723941228,0.05644012743559812,-0.015705119457559924,True,0.004744220165898039,0.06936416665945533,-0.015705119457559924,True,20,True,True,False,True,False,False,2,,TARGET_BEFORE_STOP,True,False,True,False,False,7,,TARGET_BEFORE_STOP,2023-04-27,2023-05-01,2023-05-03,2023-05-10,2023-05-24
MA|2023-04-27T00:00:00|Long,MA,2023-04-27,Long,0.017020325750041643,0.02210500963745199,-0.00578051110469191,True,0.006315693705025938,0.0235233701166222,-0.007305940771873298,True,0.006556538125655376,0.0235233701166222,-0.007305940771873298,True,0.02601225913618288,0.03690416017289189,-0.007305940771873298,True,-0.009714466648029552,0.04958920468174122,-0.023443170312940076,True,20,True,True,True,True,False,False,6,19,TARGET_BEFORE_STOP,False,False,False,False,True,,,NEITHER,2023-04-28,2023-05-02,2023-05-04,2023-05-11,2023-05-25
MA|2023-04-28T00:00:00|Long,MA,2023-04-28,Long,-0.00044736844007176035,0.006394212782113717,-0.0028155864738461656,True,-0.013498947186513455,0.006394212782113717,-0.023919154716966595,True,0.012183261578519122,0.013472607777369028,-0.023919154716966595,True,0.004973330143695165,0.019551068862056376,-0.023919154716966595,True,-0.014893570718864324,0.032023823031934295,-0.039786319937254344,True,20,True,True,True,False,True,False,14,2,STOP_BEFORE_TARGET,False,True,False,True,False,,18,STOP_BEFORE_TARGET,2023-05-01,2023-05-03,2023-05-05,2023-05-12,2023-05-26
MA|2023-05-01T00:00:00|Long,MA,2023-05-01,Long,-0.010082627073027872,-0.002685170991958752,-0.023482291513018283,True,-0.009845707309533047,-0.0008160837428212719,-0.023482291513018283,True,0.01487396575565425,0.02000738797607693,-0.023482291513018283,True,0.00934559692372261,0.02000738797607693,-0.023482291513018283,True,-0.03253826627756873,0.03248572455992704,-0.0393565583793114,True,20,True,True,True,False,True,False,13,1,STOP_BEFORE_TARGET,False,True,False,True,False,,17,STOP_BEFORE_TARGET,2023-05-02,2023-05-04,2023-05-08,2023-05-15,2023-05-30
MA|2023-05-02T00:00:00|Long,MA,2023-05-02,Long,-0.003005092376887064,0.009360926056694474,-0.004520948361965815,True,0.022950309578565475,0.024253371132073598,-0.010344877120143092,True,0.018376203187355333,0.03039649153760693,-0.010344877120143092,True,0.011195892531832508,0.03039649153760693,-0.010344877120143092,True,-0.029279604822398997,0.043001923996029534,-0.048347187019117666,True,20,True,True,True,True,False,False,4,16,TARGET_BEFORE_STOP,False,True,False,True,False,,20,STOP_BEFORE_TARGET,2023-05-03,2023-05-05,2023-05-09,2023-05-16,2023-05-31
MA|2023-05-03T00:00:00|Long,MA,2023-05-03,Long,0.00325420442935509,0.0052014196819902825,-0.007361907956736191,True,0.02830092302447529,0.03350226130454881,-0.007361907956736191,True,0.020378807076073313,0.03350226130454881,-0.007361907956736191,True,0.032275290212078867,0.0336622974730485,-0.007361907956736191,True,-0.01072283029906329,0.046145688429442,-0.045478762524804206,True,20,True,True,True,True,False,False,3,15,TARGET_BEFORE_STOP,False,True,False,True,False,,19,STOP_BEFORE_TARGET,2023-05-04,2023-05-08,2023-05-10,2023-05-17,2023-06-01
MA|2023-05-04T00:00:00|Long,MA,2023-05-04,Long,0.02270554252841861,0.02400829229109025,0.005636486080797143,True,0.01813253060926434,0.03014994279779626,0.005636486080797143,True,0.01932898975228614,0.03014994279779626,0.00406784749324518,True,0.042273726743855766,0.042273726743855766,0.003190503622806151,True,-0.0063543128838835505,0.04275235908379105,-0.0485748943179144,True,20,True,True,True,True,False,False,2,14,TARGET_BEFORE_STOP,False,True,False,True,False,,18,STOP_BEFORE_TARGET,2023-05-05,2023-05-09,2023-05-11,2023-05-18,2023-06-02
MA|2023-05-05T00:00:00|Long,MA,2023-05-05,Long,0.0022097595159966676,0.007279123814048161,-0.0023137696666256646,True,-0.00551134793585073,0.007279123814048161,-0.018223911243402058,True,-0.007123148256354295,0.007279123814048161,-0.018223911243402058,True,0.0023657350736905336,0.019601748227364713,-0.019081776810718765,True,-0.03675977360219207,0.019601748227364713,-0.06969790803138454,True,20,True,False,True,False,True,False,,12,STOP_BEFORE_TARGET,False,True,False,True,False,,12,STOP_BEFORE_TARGET,2023-05-08,2023-05-10,2023-05-12,2023-05-19,2023-06-05
MA|2023-05-08T00:00:00|Long,MA,2023-05-08,Long,-0.006666512565474569,0.0017120273025093002,-0.007289039162179267,True,-0.005499196035081866,0.003242457960455969,-0.020388616819364103,True,-0.005447345205880194,0.003242457960455969,-0.020388616819364103,True,-0.00254211553916317,0.017353641337285897,-0.021244590889833104,True,-0.0143965608413672,0.017353641337285897,-0.0717491192483577,True,20,True,False,True,False,True,False,,2,STOP_BEFORE_TARGET,False,True,False,True,False,,11,STOP_BEFORE_TARGET,2023-05-09,2023-05-11,2023-05-15,2023-05-22,2023-06-06
MA|2023-05-09T00:00:00|Long,MA,2023-05-09,Long,-0.0010445341148332954,0.009975472136273478,-0.013814196770240317,True,-0.0026635739467514297,0.009975472136273478,-0.013814196770240317,True,-0.007050744737602588,0.009975472136273478,-0.014675915499445469,True,-0.02399854385234257,0.024181359237970712,-0.032642189168818,True,-0.03016135091484995,0.024181359237970712,-0.06551939253651007,True,20,True,False,True,False,True,False,,10,STOP_BEFORE_TARGET,False,True,False,True,False,,10,STOP_BEFORE_TARGET,2023-05-10,2023-05-12,2023-05-16,2023-05-23,2023-06-07
MA|2023-05-10T00:00:00|Long,MA,2023-05-10,Long,0.0022220057628712375,0.008312836839935,-0.008574263360773937,True,0.002274259156569647,0.008312836839935,-0.00977680940139869,True,0.011658888888622876,0.013018195110342745,-0.013645634715591215,True,-0.0367020657481717,0.025252270210515793,-0.044335289365333486,True,-0.03908091146831161,0.025252270210515793,-0.06454227502979437,True,20,True,False,True,False,True,False,,9,STOP_BEFORE_TARGET,False,True,False,True,False,,9,STOP_BEFORE_TARGET,2023-05-11,2023-05-15,2023-05-17,2023-05-24,2023-06-08
MA|2023-05-11T00:00:00|Long,MA,2023-05-11,Long,-0.0038342188490513296,0.004251478397863329,-0.011972212838348817,True,-0.008216240104612638,0.004251478397863329,-0.015832460659636283,True,0.022509648231574086,0.022509648231574086,-0.015832460659636283,True,-0.034820954102723234,0.022979204522768804,-0.04820159701674542,True,-0.03695978738707639,0.022979204522768804,-0.06661625908108648,True,20,True,False,True,False,True,False,,8,STOP_BEFORE_TARGET,False,True,False,True,False,,8,STOP_BEFORE_TARGET,2023-05-12,2023-05-16,2023-05-18,2023-05-25,2023-06-09
MA|2023-05-12T00:00:00|Long,MA,2023-05-12,Long,0.0039013148879063486,0.004555902213027707,-0.003639543882401175,True,0.013301179287968479,0.014662692158176505,-0.012044422763370144,True,0.009556958965637019,0.02691662761276592,-0.012044422763370144,True,-0.019768585162074692,0.02691662761276592,-0.04453814717107929,True,-0.017307330427163814,0.02691662761276592,-0.063023686840054,True,20,True,False,True,False,True,False,,7,STOP_BEFORE_TARGET,False,True,False,True,False,,7,STOP_BEFORE_TARGET,2023-05-15,2023-05-17,2023-05-19,2023-05-26,2023-06-12
MA|2023-05-15T00:00:00|Long,MA,2023-05-15,Long,-0.008267946577961593,0.0004955594261795149,-0.015883770062654956,True,0.022456339869395547,0.022456339869395547,-0.015883770062654956,True,0.0029211421363291024,0.02292587168035487,-0.015883770062654956,True,-0.041496057771435946,0.02292587168035487,-0.048251218860485556,True,-0.03137632994547179,0.02292587168035487,-0.0666649208796315,True,20,True,False,True,False,True,False,,6,STOP_BEFORE_TARGET,False,True,False,True,False,,6,STOP_BEFORE_TARGET,2023-05-16,2023-05-18,2023-05-22,2023-05-30,2023-06-13
MA|2023-05-16T00:00:00|Long,MA,2023-05-16,Long,0.017778271458134265,0.019145799932325902,-0.0029191704714655042,True,0.014017507960060627,0.031453877234964844,-0.0029191704714655042,True,-0.01706814222873998,0.031453877234964844,-0.025773164434724882,True,-0.04002735538500757,0.031453877234964844,-0.05888382260124314,True,-0.014411899351702062,0.031453877234964844,-0.05888382260124314,True,20,True,True,True,True,False,False,2,5,TARGET_BEFORE_STOP,False,True,False,True,False,,6,STOP_BEFORE_TARGET,2023-05-17,2023-05-19,2023-05-23,2023-05-31,2023-06-14
MA|2023-05-17T00:00:00|Long,MA,2023-05-17,Long,0.012971547838945385,0.012971547838945385,-0.003074941709060086,True,-0.006382432094840129,0.013436724049176396,-0.007286840631056224,True,-0.04780361757105944,0.013436724049176396,-0.05534887190629034,True,-0.04165373415293927,0.013436724049176396,-0.07532298164466245,True,-0.020568453372294848,0.013436724049176396,-0.07532298164466245,True,20,True,False,True,False,True,False,,4,STOP_BEFORE_TARGET,False,True,False,True,False,,4,STOP_BEFORE_TARGET,2023-05-18,2023-05-22,2023-05-24,2023-06-01,2023-06-15
MA|2023-05-18T00:00:00|Long,MA,2023-05-18,Long,-0.01645319593442507,0.0004592194235102376,-0.01755006009398774,True,-0.04660473834418355,0.0004592194235102376,-0.05504817911597104,True,-0.056068519679447926,0.0004592194235102376,-0.06915459953909908,True,-0.046655728125909124,0.0004592194235102376,-0.08716387905659717,True,-0.039513266334576524,0.0004592194235102376,-0.08716387905659717,True,20,True,False,True,False,True,False,,3,STOP_BEFORE_TARGET,False,True,False,True,False,,3,STOP_BEFORE_TARGET,2023-05-19,2023-05-23,2023-05-25,2023-06-02,2023-06-16
MA|2023-05-19T00:00:00|Long,MA,2023-05-19,Long,-0.0026973273988278867,0.00466838125055502,-0.0036050901834505655,True,-0.044272134761418,0.00466838125055502,-0.05184537275261636,True,-0.029047934212407145,0.00466838125055502,-0.053583015456741045,True,-0.03903316654475042,0.00466838125055502,-0.07189356198391716,True,-0.028399543530427063,0.00466838125055502,-0.07189356198391716,True,20,True,False,True,False,True,False,,2,STOP_BEFORE_TARGET,False,True,False,True,False,,2,STOP_BEFORE_TARGET,2023-05-22,2023-05-24,2023-05-26,2023-06-05,2023-06-20
MA|2023-05-22T00:00:00|Long,MA,2023-05-22,Long,-0.02803422051210136,-0.006501443341056179,-0.03664212514659393,True,-0.03768234020849859,-0.006501443341056179,-0.051023314642477335,True,-0.04428782886474181,-0.006501443341056179,-0.051023314642477335,True,-0.011884657474647953,-0.006501443341056179,-0.06938338428855428,True,-0.021818802583657093,-0.004238953756500186,-0.06938338428855428,True,20,True,False,True,False,True,False,,1,STOP_BEFORE_TARGET,False,True,False,True,False,,1,STOP_BEFORE_TARGET,2023-05-23,2023-05-25,2023-05-30,2023-06-06,2023-06-21
MA|2023-05-23T00:00:00|Long,MA,2023-05-23,Long,-0.01404682274247493,-0.011076962270066937,-0.021859567699623716,True,0.001658849811872809,0.005163860002090237,-0.023652164114757568,True,-0.023357888926630488,0.007705698683110329,-0.042541789689590326,True,-0.006314342077759161,0.018060200668896353,-0.042541789689590326,True,0.010836087740384581,0.024481589020693972,-0.042541789689590326,True,20,True,False,True,False,True,False,,1,STOP_BEFORE_TARGET,False,True,False,True,False,,5,STOP_BEFORE_TARGET,2023-05-24,2023-05-26,2023-05-31,2023-06-07,2023-06-22
MA|2023-05-24T00:00:00|Long,MA,2023-05-24,Long,0.004179127666002369,0.006757096972523691,-0.009742188162525478,True,-0.0027137042062415073,0.02206242844725237,-0.009742188162525478,True,0.0064586292613635354,0.02206242844725237,-0.0289009332333362,True,-0.002469480765561416,0.03256445047489831,-0.0289009332333362,True,0.030691987947337074,0.03907732400674191,-0.0289009332333362,True,20,True,True,True,False,True,False,8,4,STOP_BEFORE_TARGET,False,False,False,False,True,,,NEITHER,2023-05-25,2023-05-30,2023-06-01,2023-06-08,2023-06-23
MA|2023-05-25T00:00:00|Long,MA,2023-05-25,Long,0.011701401124954325,0.01524155226629964,2.6968024582352257e-05,True,-0.013566153430246142,0.017808875218125575,-0.03294239044404956,True,0.009971901297689767,0.017808875218125575,-0.03294239044404956,True,-0.0022159963930473703,0.028267190610575144,-0.03294239044404956,True,0.019943802595379534,0.0347529592871072,-0.03294239044404956,True,20,True,True,True,False,True,False,15,3,STOP_BEFORE_TARGET,False,True,False,True,False,,3,STOP_BEFORE_TARGET,2023-05-26,2023-05-31,2023-06-02,2023-06-09,2023-06-26
MA|2023-05-26T00:00:00|Long,MA,2023-05-26,Long,-0.018350816589980723,0.006036834669182145,-0.02182328449586035,True,-0.009322302214103795,0.006036834669182145,-0.044127438708063904,True,-0.010283960129631842,0.006036834669182145,-0.044127438708063904,True,0.002510891507509827,0.01637418853744843,-0.044127438708063904,True,0.019820000332589904,0.022784942411388398,-0.044127438708063904,True,20,True,False,True,False,True,False,,1,STOP_BEFORE_TARGET,False,True,False,True,False,,2,STOP_BEFORE_TARGET,2023-05-30,2023-06-01,2023-06-05,2023-06-12,2023-06-27
MA|2023-05-30T00:00:00|Long,MA,2023-05-30,Long,-0.006748329214498305,-0.004897925967261907,-0.02625848679315479,True,0.016952410847151267,0.022639475712159962,-0.02625848679315479,True,0.033904738653273814,0.03504763233418373,-0.02625848679315479,True,0.010557836415816313,0.03537414965986385,-0.02625848679315479,True,0.034639485677083304,0.04190474529655619,-0.02625848679315479,True,20,True,True,True,False,True,False,5,1,STOP_BEFORE_TARGET,False,False,False,False,True,,,NEITHER,2023-05-31,2023-06-02,2023-06-06,2023-06-13,2023-06-28
MA|2023-05-31T00:00:00|Long,MA,2023-05-31,Long,0.016053958811886204,0.01662924636160512,0.002821759931778134,True,0.015067667978571953,0.029587470921057957,0.002821759931778134,True,0.017451169323571047,0.04240866651757069,0.002821759931778134,True,0.02668352705360566,0.04240866651757069,0.0022738948956919636,True,0.06205146319593502,0.06298290900198356,0.0022738948956919636,True,20,True,True,False,True,False,False,4,,TARGET_BEFORE_STOP,True,False,True,False,False,20,,TARGET_BEFORE_STOP,2023-06-01,2023-06-05,2023-06-07,2023-06-14,2023-06-29
MA|2023-06-01T00:00:00|Long,MA,2023-06-01,Long,0.007684442585186302,0.013319678538526558,0.00342425851205741,True,0.024482275810837173,0.025614753761130205,-0.006336297650390121,True,-0.008870816710546126,0.025938295380003362,-0.013562334752681537,True,0.022001735209984385,0.025938295380003362,-0.013562334752681537,True,0.060450772797094654,0.06549290397199181,-0.013562334752681537,True,20,True,True,False,True,False,False,11,,TARGET_BEFORE_STOP,True,False,True,False,False,20,,TARGET_BEFORE_STOP,2023-06-02,2023-06-06,2023-06-08,2023-06-15,2023-06-30
MA|2023-06-02T00:00:00|Long,MA,2023-06-02,Long,-0.008589146919682822,-0.002488489460359067,-0.013913820282475231,True,-0.006261194630088784,0.01811465179316185,-0.01463623755091814,True,-0.012067561161926532,0.01811465179316185,-0.021084752765816228,True,0.007492006824871167,0.024536383594015776,-0.021084752765816228,True,0.054129933037382116,0.057367623180228255,-0.021084752765816228,True,20,True,True,True,False,True,False,18,4,STOP_BEFORE_TARGET,True,False,True,False,False,19,,TARGET_BEFORE_STOP,2023-06-05,2023-06-07,2023-06-09,2023-06-16,2023-07-03
MA|2023-06-05T00:00:00|Long,MA,2023-06-05,Long,0.025477714350946812,0.02661129267381246,0.0034816166014575156,True,-0.007907785713750393,0.026935148662006192,-0.012603862270933908,True,0.012927800623315777,0.026935148662006192,-0.012603862270933908,True,0.011065546327014397,0.0334125155184426,-0.012603862270933908,True,0.06534066363626856,0.06674406703983693,-0.012603862270933908,True,20,True,True,False,True,False,False,9,,TARGET_BEFORE_STOP,True,False,True,False,False,18,,TARGET_BEFORE_STOP,2023-06-06,2023-06-08,2023-06-12,2023-06-20,2023-07-05
MA|2023-06-06T00:00:00|Long,MA,2023-06-06,Long,-0.022554945255739756,0.0014212247527796151,-0.030792667524408013,True,-0.028266108211145058,0.0014212247527796151,-0.03713545022866094,True,-0.022581289517899172,0.0014212247527796151,-0.03713545022866094,True,-0.010053629046605117,0.007737663194873123,-0.03713545022866094,True,0.034687923701876455,0.0402411014021975,-0.03713545022866094,True,20,True,True,True,False,True,False,17,1,STOP_BEFORE_TARGET,False,True,False,True,False,,1,STOP_BEFORE_TARGET,2023-06-07,2023-06-09,2023-06-13,2023-06-21,2023-07-06
MA|2023-06-07T00:00:00|Long,MA,2023-06-07,Long,-0.0102318806663233,-0.004362060289367697,-0.01491695610116528,True,0.010554895811797582,0.01233201322496802,-0.01491695610116528,True,0.00907400571977579,0.018013332776760205,-0.01491695610116528,True,0.017259411647346123,0.030991622806397556,-0.01491695610116528,True,0.046554773540992134,0.06424509117227784,-0.01491695610116528,True,20,True,True,False,True,False,False,7,,TARGET_BEFORE_STOP,True,False,True,False,False,16,,TARGET_BEFORE_STOP,2023-06-08,2023-06-12,2023-06-14,2023-06-22,2023-07-07
MA|2023-06-08T00:00:00|Long,MA,2023-06-08,Long,0.004434301529017137,0.012296278622112133,0.000462508309334142,True,0.010310423522619683,0.026088839286789067,0.000462508309334142,True,0.031148867817682335,0.032590688282267744,0.000462508309334142,True,0.033243563052435254,0.04164965780113539,0.000462508309334142,True,0.06684079427894396,0.07524688902764409,0.000462508309334142,True,20,True,True,False,True,False,False,5,,TARGET_BEFORE_STOP,True,False,True,False,False,14,,TARGET_BEFORE_STOP,2023-06-09,2023-06-13,2023-06-15,2023-06-23,2023-07-10
MA|2023-06-09T00:00:00|Long,MA,2023-06-09,Long,0.01649422110870513,0.018281783158234477,0.0019500601763791092,True,0.015004627394522796,0.023996493478874115,0.001597953350143566,True,0.019798487444953272,0.0370510606970178,0.001597953350143566,True,0.022209014083529155,0.0370510606970178,0.001597953350143566,True,0.07740638773028397,0.07919394977981331,0.001597953350143566,True,20,True,True,False,True,False,False,5,,TARGET_BEFORE_STOP,True,False,True,False,False,13,,TARGET_BEFORE_STOP,2023-06-12,2023-06-14,2023-06-16,2023-06-26,2023-07-11
MA|2023-06-12T00:00:00|Long,MA,2023-06-12,Long,-0.010471324242215752,0.004982534782851156,-0.014654552332145965,True,0.009938480217931867,0.011350642917419052,-0.014654552332145965,True,-0.0018384867067083865,0.020223272460802688,-0.014654552332145965,True,0.01726575638400485,0.020223272460802688,-0.014654552332145965,True,0.0676241108627813,0.07423201100522525,-0.014654552332145965,True,20,True,True,False,True,False,False,12,,TARGET_BEFORE_STOP,True,False,True,False,False,13,,TARGET_BEFORE_STOP,2023-06-13,2023-06-15,2023-06-20,2023-06-27,2023-07-12
MA|2023-06-13T00:00:00|Long,MA,2023-06-13,Long,0.009101203183728312,0.01804077118144054,0.0017232595251359673,True,0.01386718140118881,0.031019411013543774,-0.002315730135799887,True,0.012817086819542078,0.031019411013543774,-0.002315730135799887,True,0.023830055434212793,0.031019411013543774,-0.002315730135799887,True,0.07857179248244361,0.08578810095501987,-0.002315730135799887,True,20,True,True,False,True,False,False,3,,TARGET_BEFORE_STOP,True,False,True,False,False,12,,TARGET_BEFORE_STOP,2023-06-14,2023-06-16,2023-06-21,2023-06-28,2023-07-13
MA|2023-06-14T00:00:00|Long,MA,2023-06-14,Long,0.011420638989665832,0.012834874141459007,-0.01131396264666773,True,-0.0003736114974622895,0.021720524919268014,-0.01131396264666773,True,0.008111799413296428,0.021720524919268014,-0.01131396264666773,True,0.03444872271772881,0.035355960227150485,-0.01131396264666773,True,0.07404738840025882,0.07666234315320297,-0.01131396264666773,True,20,True,True,False,True,False,False,10,,TARGET_BEFORE_STOP,True,False,True,False,False,11,,TARGET_BEFORE_STOP,2023-06-15,2023-06-20,2023-06-22,2023-06-29,2023-07-14
MA|2023-06-15T00:00:00|Long,MA,2023-06-15,Long,-0.0066220180166747244,0.010183582905615607,-0.007598155386995709,True,-0.007650891280888805,0.010183582905615607,-0.014193765200316233,True,0.002031418837889376,0.010183582905615607,-0.0153545989684859,True,0.03762130362646632,0.04255488739759472,-0.0153545989684859,True,0.06110173897213955,0.06585054583260441,-0.0153545989684859,True,20,True,True,False,True,False,False,10,,TARGET_BEFORE_STOP,True,False,True,False,False,16,,TARGET_BEFORE_STOP,2023-06-16,2023-06-21,2023-06-23,2023-06-30,2023-07-17
MA|2023-06-16T00:00:00|Long,MA,2023-06-16,Long,-0.005072646716866025,0.007914405216023379,-0.007383206619152705,True,0.003372876046501272,0.007914405216023379,-0.007622221672886509,True,0.0023637283916897456,0.012190254037583559,-0.008790793746380587,True,0.04629111287889143,0.04950472660576333,-0.008790793746380587,True,0.05744563501696165,0.07295567766116995,-0.008790793746380587,True,20,True,True,False,True,False,False,8,,TARGET_BEFORE_STOP,True,False,True,False,False,15,,TARGET_BEFORE_STOP,2023-06-20,2023-06-22,2023-06-26,2023-07-03,2023-07-18
MA|2023-06-20T00:00:00|Long,MA,2023-06-20,Long,0.004057497066526139,0.010063583312125868,-0.0025625739885501986,True,0.013854045456870745,0.017350915820621537,-0.003737104038043726,True,0.019139430679591563,0.021942238342434806,-0.003737104038043726,True,0.05368110653797298,0.05506915047702954,-0.003737104038043726,True,0.06313062357786392,0.07842615254325103,-0.003737104038043726,True,20,True,True,False,True,False,False,7,,TARGET_BEFORE_STOP,True,False,True,False,False,8,,TARGET_BEFORE_STOP,2023-06-21,2023-06-23,2023-06-27,2023-07-05,2023-07-19
MA|2023-06-21T00:00:00|Long,MA,2023-06-21,Long,0.0044131788160926,0.006221077914503992,-0.00582230647130999,True,0.003402984871187398,0.013239698715396209,-0.007763102339599759,True,0.010873600730072264,0.017812467242325436,-0.007763102339599759,True,0.045195935922662134,0.050805510201896054,-0.007763102339599759,True,0.0582761260607807,0.07406812427973675,-0.007763102339599759,True,20,True,True,False,True,False,False,6,,TARGET_BEFORE_STOP,True,False,True,False,False,7,,TARGET_BEFORE_STOP,2023-06-22,2023-06-26,2023-06-28,2023-07-06,2023-07-20
MA|2023-06-22T00:00:00|Long,MA,2023-06-22,Long,0.005320301298491481,0.00878773803994437,-0.012122781154708329,True,0.010561198731799948,0.013340414790282473,-0.012122781154708329,True,0.026125002524283625,0.02702493992205013,-0.012122781154708329,True,0.028798319836830233,0.04618849330559982,-0.012122781154708329,True,0.052117530644802956,0.06934889638320652,-0.012122781154708329,True,20,True,True,False,True,False,False,6,,TARGET_BEFORE_STOP,True,False,True,False,False,12,,TARGET_BEFORE_STOP,2023-06-23,2023-06-27,2023-06-29,2023-07-07,2023-07-21
MA|2023-06-23T00:00:00|Long,MA,2023-06-23,Long,-0.006292578252868886,0.0004739018902562009,-0.011742691039590358,True,0.0011058514268560415,0.007977669884346339,-0.011742691039590358,True,0.03551773339587738,0.04044131530995587,-0.011742691039590358,True,0.032516274407996315,0.04065191158909487,-0.011742691039590358,True,0.06576975631736603,0.06608569091087024,-0.011742691039590358,True,20,True,True,False,True,False,False,5,,TARGET_BEFORE_STOP,True,False,True,False,False,12,,TARGET_BEFORE_STOP,2023-06-26,2023-06-28,2023-06-30,2023-07-10,2023-07-24
MA|2023-06-26T00:00:00|Long,MA,2023-06-26,Long,0.011578599336848017,0.014360613420925539,0.0042128034585402485,True,0.027158072267841282,0.028058915693717656,0.0033119600326636522,True,0.04382379693415683,0.04702983246382253,0.0033119600326636522,True,0.05399812845149121,0.05574685305174554,0.0033119600326636522,True,0.06321865429145035,0.07283659916364926,0.0033119600326636522,True,20,True,True,False,True,False,False,4,,TARGET_BEFORE_STOP,True,False,True,False,False,10,,TARGET_BEFORE_STOP,2023-06-27,2023-06-29,2023-07-03,2023-07-11,2023-07-25
MA|2023-06-27T00:00:00|Long,MA,2023-06-27,Long,-0.0040860093865190406,-0.001021542313073942,-0.008172018773038192,True,0.030147408236045115,0.035045455835280626,-0.008172018773038192,True,0.03389298345109437,0.035254959935637986,-0.008172018773038192,True,0.04950363674658753,0.055999382918102025,-0.008172018773038192,True,0.05400873426670971,0.06055683648009125,-0.008172018773038192,True,20,True,True,False,True,False,False,3,,TARGET_BEFORE_STOP,True,False,True,False,False,10,,TARGET_BEFORE_STOP,2023-06-28,2023-06-30,2023-07-05,2023-07-12,2023-07-26
MA|2023-06-28T00:00:00|Long,MA,2023-06-28,Long,0.019567109976686536,0.020461295937991064,0.0007100676061091438,True,0.036109670652071824,0.03929201275473093,0.0007100676061091438,True,0.03395314227990687,0.039502376402929196,0.0007100676061091438,True,0.05346760114891791,0.06051594714567199,0.0007100676061091438,True,0.03752988612512498,0.06564445397229735,0.0007100676061091438,True,20,True,True,False,True,False,False,2,,TARGET_BEFORE_STOP,True,False,True,False,False,9,,TARGET_BEFORE_STOP,2023-06-29,2023-07-03,2023-07-06,2023-07-13,2023-07-27
MA|2023-06-29T00:00:00|Long,MA,2023-06-29,Long,0.014522594397887056,0.0193463506080489,0.0011091718752742619,True,0.018211358408069866,0.01955267704418051,-0.001392959285520079,True,0.0026052550186090873,0.01955267704418051,-0.001392959285520079,True,0.03827996962333269,0.040807842388329574,-0.001392959285520079,True,0.013645569283448955,0.04519304668102153,-0.001392959285520079,True,20,True,True,False,True,False,False,8,,TARGET_BEFORE_STOP,False,False,False,False,True,,,NEITHER,2023-06-30,2023-07-05,2023-07-07,2023-07-14,2023-07-28
MA|2023-06-30T00:00:00|Long,MA,2023-06-30,Long,0.0016781176775850781,0.0025680391481646136,-0.011746746149454368,True,-0.0004067458670135027,0.004958078483485062,-0.015687727184482192,True,-0.002898510465907944,0.004958078483485062,-0.015687727184482192,True,0.02262909913627409,0.027205727279767222,-0.015687727184482192,True,0.0024917645988944415,0.03023141372355287,-0.015687727184482192,True,20,True,True,False,True,False,False,18,,TARGET_BEFORE_STOP,False,False,False,False,True,,,NEITHER,2023-07-03,2023-07-06,2023-07-10,2023-07-17,2023-07-31
MA|2023-07-03T00:00:00|Long,MA,2023-07-03,Long,0.001954562767670698,0.0032744658668442117,-0.017336751752479507,True,-0.01340237306787262,0.0032744658668442117,-0.017336751752479507,True,0.009747173370848516,0.0114224796872886,-0.017336751752479507,True,0.010661012026928596,0.025484843036571947,-0.017336751752479507,True,0.007894242909423088,0.028505460528746696,-0.017336751752479507,True,20,True,False,False,False,False,True,,,NEITHER,False,False,False,False,True,,,NEITHER,2023-07-05,2023-07-07,2023-07-11,2023-07-18,2023-08-01
MA|2023-07-05T00:00:00|Long,MA,2023-07-05,Long,-0.004028060430261271,-0.0013174056108644638,-0.012641604674254014,True,-0.006510797893975573,-0.0013174056108644638,-0.017024297706454083,True,0.015098906313674165,0.021381709539431526,-0.017024297706454083,True,0.008968099533395613,0.023484378576912768,-0.017024297706454083,True,-0.011932262157840823,0.02649910359980301,-0.017024297706454083,True,20,True,False,False,False,False,True,,,NEITHER,False,False,False,False,True,,,NEITHER,2023-07-06,2023-07-10,2023-07-12,2023-07-19,2023-08-02
MA|2023-07-06T00:00:00|Long,MA,2023-07-06,Long,-0.011344614657565644,-0.0017551061090113063,-0.012056826004322785,True,0.011853215065625866,0.013532015588385127,-0.013048798625599045,True,0.01887363950167087,0.025690530624234098,-0.013048798625599045,True,0.012514581896619914,0.027623708976238337,-0.013048798625599045,True,-0.00033068341549702396,0.030650626606259834,-0.017093149947385644,True,20,True,True,False,True,False,False,15,,TARGET_BEFORE_STOP,False,False,False,False,True,,,NEITHER,2023-07-07,2023-07-11,2023-07-13,2023-07-20,2023-08-03
MA|2023-07-07T00:00:00|Long,MA,2023-07-07,Long,0.008953409107504529,0.012220850286889462,-0.001723739124167123,True,0.03089948027153322,0.0372800787923242,-0.001723739124167123,True,0.03558201438317954,0.03810331850795201,-0.001723739124167123,True,0.022666454987670726,0.03941547703227921,-0.001723739124167123,True,0.006869438813542406,0.042477127911744406,-0.005814498535127943,True,20,True,True,False,True,False,False,3,,TARGET_BEFORE_STOP,False,False,False,False,True,,,NEITHER,2023-07-10,2023-07-12,2023-07-14,2023-07-21,2023-08-04
MA|2023-07-10T00:00:00|Long,MA,2023-07-10,Long,0.014381844344633521,0.01606484020332921,0.00045897764713487277,True,0.02141981287750583,0.02825373946551757,0.00045897764713487277,True,0.025601816735937533,0.030191748845688426,0.00045897764713487277,True,0.032206254500381615,0.032512239598471604,0.00045897764713487277,True,0.012010382015235521,0.033226230767081866,-0.014636857866108799,True,20,True,True,False,True,False,False,5,,TARGET_BEFORE_STOP,False,False,False,False,True,,,NEITHER,2023-07-11,2023-07-13,2023-07-17,2023-07-24,2023-08-07
MA|2023-07-11T00:00:00|Long,MA,2023-07-11,Long,0.007264994311517059,0.013499310707772993,0.00228759097545006,True,0.011840176262417401,0.014303676762221329,0.00228759097545006,True,0.0009050172955962221,0.015585752632697458,-0.006510800445872711,True,0.008748142516634028,0.01787334360814752,-0.006510800445872711,True,-0.01158870159131764,0.018577211853217923,-0.02860727680855779,True,20,True,False,True,False,True,False,,13,STOP_BEFORE_TARGET,False,False,False,False,True,,,NEITHER,2023-07-12,2023-07-14,2023-07-18,2023-07-25,2023-08-08
MA|2023-07-12T00:00:00|Long,MA,2023-07-12,Long,-0.0003244525244462393,0.006363991558141269,-0.0005740372480637079,True,0.003768523687699865,0.008260744062556835,-0.0009733575733388289,True,-0.006039615196259507,0.008260744062556835,-0.013676435531054909,True,0.004292598293501593,0.010531835571116366,-0.013676435531054909,True,-0.01751975085701929,0.01123062709970668,-0.03561353896210229,True,20,True,False,True,False,True,False,,12,STOP_BEFORE_TARGET,False,True,False,True,False,,16,STOP_BEFORE_TARGET,2023-07-13,2023-07-17,2023-07-19,2023-07-26,2023-08-09
MA|2023-07-13T00:00:00|Long,MA,2023-07-13,Long,0.004868215046226698,0.007314741096563493,-0.0006491156561058142,True,-0.005991596542621047,0.008587982979760822,-0.013356316497213472,True,-0.006241262270914372,0.008587982979760822,-0.013356316497213472,True,-0.015128813649713746,0.011558829915698787,-0.01650186087440142,True,-0.008538004121732001,0.011558829915698787,-0.03530053978690417,True,20,True,False,True,False,True,False,,11,STOP_BEFORE_TARGET,False,True,False,True,False,,15,STOP_BEFORE_TARGET,2023-07-14,2023-07-18,2023-07-20,2023-07-27,2023-08-10
MA|2023-07-14T00:00:00|Long,MA,2023-07-14,Long,-0.0007701611166744948,0.0037017470329312463,-0.003453366660985391,True,-0.010533951079681247,0.0037017470329312463,-0.018136240424921457,True,-0.012471788053601607,0.0037017470329312463,-0.018136240424921457,True,-0.02372616352102075,0.006658201313656242,-0.03386252404194623,True,-0.018707606262218124,0.006658201313656242,-0.03997415206458976,True,20,True,False,True,False,True,False,,9,STOP_BEFORE_TARGET,False,True,False,True,False,,10,STOP_BEFORE_TARGET,2023-07-17,2023-07-19,2023-07-21,2023-07-28,2023-08-11
MA|2023-07-17T00:00:00|Long,MA,2023-07-17,Long,-0.010044774794393363,-0.0006464688158467347,-0.017379464295876335,True,-0.010293422483305226,-0.0006464688158467347,-0.017379464295876335,True,0.006439572996724374,0.006737919872770171,-0.017379464295876335,True,-0.019691728461851854,0.007434087875750617,-0.03311786902025826,True,-0.009000560728233409,0.007434087875750617,-0.03923420760905938,True,20,True,False,True,False,True,False,,8,STOP_BEFORE_TARGET,False,True,False,True,False,,9,STOP_BEFORE_TARGET,2023-07-18,2023-07-20,2023-07-24,2023-07-31,2023-08-14
MA|2023-07-18T00:00:00|Long,MA,2023-07-18,Long,0.00027623405302112936,0.004244530906827082,-0.004646388603827711,True,-0.0016827743157822317,0.008413718285874117,-0.006555193502950529,True,0.007836033475213666,0.016952983569209268,-0.006555193502950529,True,-0.0027375837047048934,0.01765621537733053,-0.02330720990040014,True,-0.009317840619236462,0.01765621537733053,-0.02948560911793119,True,20,True,False,True,False,True,False,,8,STOP_BEFORE_TARGET,False,False,False,False,True,,,NEITHER,2023-07-19,2023-07-21,2023-07-25,2023-08-01,2023-08-15
MA|2023-07-19T00:00:00|Long,MA,2023-07-19,Long,-0.0005272590475575711,0.0036407769780049115,-0.006829541004179873,True,0.016370853217931414,0.016672144102250153,-0.006829541004179873,True,0.0103949952611051,0.016672144102250153,-0.006829541004179873,True,-0.020714591175778452,0.017375181707444343,-0.023576931202157536,True,-0.00979233686711578,0.017375181707444343,-0.029753624206745655,True,20,True,False,True,False,True,False,,7,STOP_BEFORE_TARGET,False,False,False,False,True,,,NEITHER,2023-07-20,2023-07-24,2023-07-26,2023-08-02,2023-08-16
MA|2023-07-20T00:00:00|Long,MA,2023-07-20,Long,-0.0014319633414930921,0.008667065839800703,-0.0016077579630823235,True,0.00808923589522248,0.01720847647472379,-0.0036426976232842856,True,-0.008943369292137238,0.01791188495840501,-0.01032503988536937,True,-0.012686499080393987,0.01791188495840501,-0.029241783153922674,True,-0.013666287682186584,0.01791188495840501,-0.029241783153922674,True,20,True,False,True,False,True,False,,6,STOP_BEFORE_TARGET,False,False,False,False,True,,,NEITHER,2023-07-21,2023-07-25,2023-07-27,2023-08-03,2023-08-17
MA|2023-07-21T00:00:00|Long,MA,2023-07-21,Long,0.01836528840950824,0.018667170520090925,-0.0022139045118937384,True,0.012377703963899478,0.018667170520090925,-0.0043774441548806164,True,-0.01139651032879041,0.019371587703355786,-0.02166088596718052,True,-0.015446889938634745,0.019371587703355786,-0.02784969956127281,True,-0.013383926482032349,0.019371587703355786,-0.02784969956127281,True,20,True,False,True,False,True,False,,5,STOP_BEFORE_TARGET,False,False,False,False,True,,,NEITHER,2023-07-24,2023-07-26,2023-07-28,2023-08-04,2023-08-18
MA|2023-07-24T00:00:00|Long,MA,2023-07-24,Long,-0.00867118676728773,0.000172871872238467,-0.009362900429646492,True,-0.02542060902617349,0.0009881516046361671,-0.02677930805865636,True,-0.02596410371739366,0.0009881516046361671,-0.03930433885781981,True,-0.01956573349279056,0.0009881516046361671,-0.04538154284791063,True,-0.028632120589024868,0.0009881516046361671,-0.04538154284791063,True,20,True,False,True,False,True,False,,2,STOP_BEFORE_TARGET,False,True,False,True,False,,4,STOP_BEFORE_TARGET,2023-07-25,2023-07-27,2023-07-31,2023-08-07,2023-08-21
MA|2023-07-25T00:00:00|Long,MA,2023-07-25,Long,0.0028160010123854384,0.0050588087755985,-0.01378089811632588,True,-0.020733670627812062,0.009743828932425425,-0.030901101311317403,True,-0.010491406169968687,0.009743828932425425,-0.030901101311317403,True,-0.020160477378639796,0.009743828932425425,-0.0370314628109224,True,-0.008572573893218749,0.009743828932425425,-0.0370314628109224,True,20,True,False,True,False,True,False,,3,STOP_BEFORE_TARGET,False,True,False,True,False,,3,STOP_BEFORE_TARGET,2023-07-26,2023-07-28,2023-08-01,2023-08-08,2023-08-22
MA|2023-07-26T00:00:00|Long,MA,2023-07-26,Long,-0.01965657809230592,0.006908373932053458,-0.02102331298448956,True,-0.02020328721658471,0.006908373932053458,-0.033622421550577486,True,-0.030789529424425033,0.006908373932053458,-0.033622421550577486,True,-0.02171911770293289,0.006908373932053458,-0.039735568422402556,True,-0.0033548025427547756,0.006908373932053458,-0.039735568422402556,True,20,True,False,True,False,True,False,,1,STOP_BEFORE_TARGET,False,True,False,True,False,,2,STOP_BEFORE_TARGET,2023-07-27,2023-07-31,2023-08-02,2023-08-09,2023-08-23
MA|2023-07-27T00:00:00|Long,MA,2023-07-27,Long,-0.0039036971987880253,0.008871989860582907,-0.014245868484632496,True,0.006514593977740901,0.008871989860582907,-0.014245868484632496,True,-0.0037769080719265435,0.008871989860582907,-0.020481588269367856,True,0.006692052340779409,0.015538668904467645,-0.020481588269367856,True,0.008035521996791806,0.02408111533586821,-0.020481588269367856,True,20,True,False,True,False,True,False,,5,STOP_BEFORE_TARGET,False,False,False,False,True,,,NEITHER,2023-07-28,2023-08-01,2023-08-03,2023-08-10,2023-08-24
MA|2023-07-28T00:00:00|Long,MA,2023-07-28,Long,0.0033591392328031766,0.007939727160606314,-0.0012469214297380349,True,-0.007481683899981273,0.01104437202835884,-0.008601396977582332,True,-0.004097071932440133,0.01104437202835884,-0.016642859755587547,True,0.005140522127380365,0.019518560653804418,-0.016642859755587547,True,0.02526980712868454,0.029672241234874663,-0.016642859755587547,True,20,True,False,False,False,False,True,,,NEITHER,False,False,False,False,True,,,NEITHER,2023-07-31,2023-08-02,2023-08-04,2023-08-11,2023-08-25
MA|2023-07-31T00:00:00|Long,MA,2023-07-31,Long,0.007076211204118499,0.007659503456989514,-0.004869669863241333,True,-0.0032210333204925057,0.007659503456989514,-0.019935034432122523,True,0.00656892651392238,0.008800855309542444,-0.019935034432122523,True,0.010905924232224917,0.016105321404016104,-0.019935034432122523,True,0.033377304714550915,0.034290324275971784,-0.019935034432122523,True,20,True,True,False,True,False,False,20,,TARGET_BEFORE_STOP,False,False,False,False,True,,,NEITHER,2023-08-01,2023-08-03,2023-08-07,2023-08-14,2023-08-28
MA|2023-08-01T00:00:00|Long,MA,2023-08-01,Long,-0.01775510157026372,-0.007202800051340441,-0.018863224655085387,True,-0.014405523245759944,-0.0024681062992700786,-0.026821451381464745,True,-0.009771588916924534,0.0017125259103893953,-0.026821451381464745,True,-0.006598320368851773,0.00896566724488701,-0.026821451381464745,True,0.036718931934742294,0.038078915149190706,-0.026821451381464745,True,20,True,True,True,False,True,False,20,2,STOP_BEFORE_TARGET,False,False,False,False,True,,,NEITHER,2023-08-02,2023-08-04,2023-08-08,2023-08-15,2023-08-29
MA|2023-08-02T00:00:00|Long,MA,2023-08-02,Long,0.007666326947792124,0.008768815763477322,-0.00923023354531527,True,0.017563218031052097,0.019819525162996676,-0.00923023354531527,True,0.009358557296750725,0.019819525162996676,-0.00923023354531527,True,0.011153290154477524,0.027203774596200825,-0.00923023354531527,True,0.061253308346716606,0.07117586418026356,-0.00923023354531527,True,20,True,True,False,True,False,False,15,,TARGET_BEFORE_STOP,True,False,True,False,False,19,,TARGET_BEFORE_STOP,2023-08-03,2023-08-07,2023-08-09,2023-08-16,2023-08-30
MA|2023-08-03T00:00:00|Long,MA,2023-08-03,Long,-0.004223820312106885,0.007836916352594647,-0.007480731707468546,True,0.00045798496554483314,0.012060736664701643,-0.007480731707468546,True,0.010508650620058013,0.019388806716988505,-0.007480731707468546,True,-0.0009923784095730026,0.019388806716988505,-0.007480731707468546,True,0.0499478496604171,0.06302635657662692,-0.010635920433304413,True,20,True,True,False,True,False,False,17,,TARGET_BEFORE_STOP,True,False,True,False,False,19,,TARGET_BEFORE_STOP,2023-08-04,2023-08-08,2023-08-10,2023-08-17,2023-08-31
MA|2023-08-04T00:00:00|Long,MA,2023-08-04,Long,0.014104992787995041,0.01635363177889282,0.0042161591177998226,True,0.005928215888682198,0.01635363177889282,-0.0031174171500598646,True,0.009275596847320156,0.023712785574461437,-0.0031174171500598646,True,0.002095329785179123,0.023712785574461437,-0.006439298561256246,True,0.06188833740377331,0.06753543442845955,-0.006439298561256246,True,20,True,True,False,True,False,False,14,,TARGET_BEFORE_STOP,True,False,True,False,False,17,,TARGET_BEFORE_STOP,2023-08-07,2023-08-09,2023-08-11,2023-08-18,2023-09-01
MA|2023-08-07T00:00:00|Long,MA,2023-08-07,Long,-0.009272539423633264,-0.001234636632659325,-0.01698286672537397,True,0.0006803727532243009,0.009474159830386686,-0.01698286672537397,True,0.004308694222583398,0.009474159830386686,-0.01698286672537397,True,-0.00924731764887532,0.009474159830386686,-0.020258544722051464,True,0.036863469304331264,0.052687287825664564,-0.020258544722051464,True,20,True,True,True,False,True,False,16,9,STOP_BEFORE_TARGET,True,False,True,False,False,17,,TARGET_BEFORE_STOP,2023-08-08,2023-08-10,2023-08-14,2023-08-21,2023-09-05
MA|2023-08-08T00:00:00|Long,MA,2023-08-08,Long,0.0012208117789049844,0.009155894303421563,-0.0033571741804789834,True,0.004552528125861155,0.018922155688622766,-0.0033571741804789834,True,0.0032045824100341846,0.018922155688622766,-0.0033571741804789834,True,0.011826327901552691,0.018922155688622766,-0.011088826882851288,True,0.05084053539065736,0.06253972935528807,-0.011088826882851288,True,20,True,True,False,True,False,False,14,,TARGET_BEFORE_STOP,True,False,True,False,False,16,,TARGET_BEFORE_STOP,2023-08-09,2023-08-11,2023-08-15,2023-08-22,2023-09-06
MA|2023-08-09T00:00:00|Long,MA,2023-08-09,Long,0.008814492093236703,0.017679760250156162,0.005181949241146011,True,0.012472306696106994,0.017679760250156162,-0.002184611069693476,True,0.001778092477398241,0.017679760250156162,-0.002184611069693476,True,0.018772027024648974,0.02095663809434245,-0.012294629233570609,True,0.0532171132544208,0.061244149996678265,-0.012294629233570609,True,20,True,True,False,True,False,False,13,,TARGET_BEFORE_STOP,True,False,True,False,False,15,,TARGET_BEFORE_STOP,2023-08-10,2023-08-14,2023-08-16,2023-08-23,2023-09-07
MA|2023-08-10T00:00:00|Long,MA,2023-08-10,Long,-0.005438897070146664,-0.0011834647816064692,-0.01090299876651013,True,-0.006773435922309501,0.005262618373373273,-0.01090299876651013,True,-0.011381425604396145,0.005262618373373273,-0.015485783822379973,True,0.0013345388521628365,0.017273468042839246,-0.020924680892526526,True,0.04456861821169489,0.05197155504244666,-0.020924680892526526,True,20,True,True,True,False,True,False,13,6,STOP_BEFORE_TARGET,True,False,True,False,False,14,,TARGET_BEFORE_STOP,2023-08-11,2023-08-15,2023-08-17,2023-08-24,2023-09-08
MA|2023-08-11T00:00:00|Long,MA,2023-08-11,Long,0.009114323474111563,0.010760038183671883,-0.0009368211668271398,True,-0.0015444221281408765,0.010760038183671883,-0.004709139240985594,True,-0.007114277888586651,0.010760038183671883,-0.015570470006076809,True,0.020026339161713036,0.024406258197185116,-0.015570470006076809,True,0.05496478518207737,0.05772440923284594,-0.015570470006076809,True,20,True,True,False,True,False,False,11,,TARGET_BEFORE_STOP,True,False,True,False,False,13,,TARGET_BEFORE_STOP,2023-08-14,2023-08-16,2023-08-18,2023-08-25,2023-09-11
MA|2023-08-14T00:00:00|Long,MA,2023-08-14,Long,-0.010361720368229244,-0.0027346991183989644,-0.012519419947017996,True,-0.014953062511575799,0.0015555864711065404,-0.019042592688016224,True,-0.013497853747001742,0.0015555864711065404,-0.024461840354426,True,0.022228953202933166,0.02313212286445654,-0.024461840354426,True,0.04438256570164967,0.04817103932424893,-0.024461840354426,True,20,True,True,True,False,True,False,11,4,STOP_BEFORE_TARGET,False,False,False,False,True,,,NEITHER,2023-08-15,2023-08-17,2023-08-21,2023-08-28,2023-09-12
MA|2023-08-15T00:00:00|Long,MA,2023-08-15,Long,-0.00020285736434899615,0.012042083541645043,-0.0033718267174135397,True,-0.005780197005292975,0.012042083541645043,-0.01424775120000732,True,0.008594204654454707,0.012042083541645043,-0.01424775120000732,True,0.04360497187771806,0.044973988301118206,-0.01424775120000732,True,0.05539352239763473,0.060742782896663794,-0.01424775120000732,True,20,True,True,False,True,False,False,9,,TARGET_BEFORE_STOP,True,False,True,False,False,11,,TARGET_BEFORE_STOP,2023-08-16,2023-08-18,2023-08-22,2023-08-29,2023-09-13
MA|2023-08-16T00:00:00|Long,MA,2023-08-16,Long,-0.004437457265175526,0.004665660067125099,-0.008570644127751437,True,-0.0029667138084594757,0.004665660067125099,-0.014047743523884604,True,0.01696377139294869,0.019144504916768224,-0.014047743523884604,True,0.04954740164528881,0.059360509044693144,-0.014047743523884604,True,0.048102039849827305,0.061439793306608204,-0.014047743523884604,True,20,True,True,False,True,False,False,8,,TARGET_BEFORE_STOP,True,False,True,False,False,10,,TARGET_BEFORE_STOP,2023-08-17,2023-08-21,2023-08-23,2023-08-30,2023-09-14
MA|2023-08-17T00:00:00|Long,MA,2023-08-17,Long,-0.0011460997785373017,0.0031073333907485345,-0.009653121573165557,True,0.013295301527231462,0.015663985464236863,-0.009653121573165557,True,0.012862356409126807,0.02898478178477859,-0.009653121573165557,True,0.05099083026903539,0.0640823289058412,-0.009653121573165557,True,0.055244263438321006,0.06617088102854707,-0.009653121573165557,True,20,True,True,False,True,False,False,6,,TARGET_BEFORE_STOP,True,False,True,False,False,9,,TARGET_BEFORE_STOP,2023-08-18,2023-08-22,2023-08-24,2023-08-31,2023-09-15
MA|2023-08-18T00:00:00|Long,MA,2023-08-18,Long,0.002626408812581582,0.007190699722278149,-0.0029324639179084677,True,0.0226686993560703,0.02486166628289821,-0.0029324639179084677,True,0.027335086451423685,0.031746388717064145,-0.0029324639179084677,True,0.0596679835155125,0.06530327275081604,-0.0029324639179084677,True,0.06364584389539907,0.06739422130920159,-0.0029324639179084677,True,20,True,True,False,True,False,False,4,,TARGET_BEFORE_STOP,True,False,True,False,False,7,,TARGET_BEFORE_STOP,2023-08-21,2023-08-23,2023-08-25,2023-09-01,2023-09-18
MA|2023-08-21T00:00:00|Long,MA,2023-08-21,Long,0.011800569651092108,0.014165759495724295,0.001220703087102759,True,0.011368263178866744,0.02746690604699742,0.001220703087102759,True,0.03621564036696223,0.03713116768228941,0.001220703087102759,True,0.046541167916681836,0.06251268008436273,0.001220703087102759,True,0.05170393169154153,0.064598151342657,0.001220703087102759,True,20,True,True,False,True,False,False,5,,TARGET_BEFORE_STOP,True,False,True,False,False,7,,TARGET_BEFORE_STOP,2023-08-22,2023-08-24,2023-08-28,2023-09-05,2023-09-19
MA|2023-08-22T00:00:00|Long,MA,2023-08-22,Long,0.008093709155296613,0.010255422097828815,0.0013070305109048608,True,0.012693591285522388,0.01704202403405053,-0.0008546057234574134,True,0.03471244139783458,0.03606979246834685,-0.0008546057234574134,True,0.038558205507477794,0.05012065811621147,-0.0008546057234574134,True,0.03187209127413104,0.05218180664769889,-0.0008546057234574134,True,20,True,True,False,True,False,False,5,,TARGET_BEFORE_STOP,True,False,True,False,False,6,,TARGET_BEFORE_STOP,2023-08-23,2023-08-25,2023-08-29,2023-09-06,2023-09-20
MA|2023-08-23T00:00:00|Long,MA,2023-08-23,Long,-0.008452561091845334,0.007330580110963991,-0.00887647130171254,True,0.015907856484441263,0.016805441269146515,-0.00887647130171254,True,0.03204010916505906,0.04168952606214571,-0.00887647130171254,True,0.03381039655198381,0.04168952606214571,-0.00887647130171254,True,0.005734772370642016,0.04373412619482031,-0.00887647130171254,True,20,True,True,False,True,False,False,5,,TARGET_BEFORE_STOP,False,False,False,False,True,,,NEITHER,2023-08-24,2023-08-28,2023-08-30,2023-09-07,2023-09-21
MA|2023-08-24T00:00:00|Long,MA,2023-08-24,Long,0.013126464265457383,0.017476755739130212,0.0033444477263995243,True,0.035154726272290215,0.03651265753863653,0.0033444477263995243,True,0.03764427971741835,0.05056952918884572,0.0033444477263995243,True,0.04317645869790088,0.05056952918884572,0.0033444477263995243,True,0.01144161651453146,0.05263155875237935,0.0033444477263995243,True,20,True,True,False,True,False,False,3,,TARGET_BEFORE_STOP,True,False,True,False,False,4,,TARGET_BEFORE_STOP,2023-08-25,2023-08-29,2023-08-31,2023-09-08,2023-09-22
MA|2023-08-25T00:00:00|Long,MA,2023-08-25,Long,0.011293374438527737,0.012186882191199677,0.0006452859058165838,True,0.027352350797991143,0.03695793787257884,0.0006452859058165838,True,0.031472591066437516,0.03695793787257884,0.0006452859058165838,True,0.03425249395920282,0.03695793787257884,0.0006452859058165838,True,-0.0009928873874215371,0.03899325097145101,-0.007570349722388459,True,20,True,True,False,True,False,False,3,,TARGET_BEFORE_STOP,False,False,False,False,True,,,NEITHER,2023-08-28,2023-08-30,2023-09-01,2023-09-11,2023-09-25
MA|2023-08-28T00:00:00|Long,MA,2023-08-28,Long,0.010332788704721096,0.011658158186574008,-0.0020862117082818266,True,0.012762645238249659,0.025377960622257723,-0.0020862117082818266,True,0.009964651321092699,0.025377960622257723,-0.0020862117082818266,True,0.021671869525220266,0.025377960622257723,-0.0020862117082818266,True,-0.029599444056375157,0.02739054485381387,-0.03394368988556207,True,20,True,False,True,False,True,False,,20,STOP_BEFORE_TARGET,False,True,False,True,False,,20,STOP_BEFORE_TARGET,2023-08-29,2023-08-31,2023-09-05,2023-09-12,2023-09-26
MA|2023-08-29T00:00:00|Long,MA,2023-08-29,Long,0.00549012461832632,0.014891303227746455,0.0045426822419867285,True,0.009522685499468553,0.014891303227746455,0.0003158141254464564,True,0.0037167467556955547,0.014891303227746455,-0.006704674575413461,True,0.011295989227328107,0.016421741445051374,-0.006704674575413461,True,-0.03928090161522613,0.01688330453073905,-0.04899789435009272,True,20,True,False,True,False,True,False,,16,STOP_BEFORE_TARGET,False,True,False,True,False,,19,STOP_BEFORE_TARGET,2023-08-30,2023-09-01,2023-09-06,2023-09-13,2023-09-27
MA|2023-08-30T00:00:00|Long,MA,2023-08-30,Long,-0.003068273302011315,0.005750054025646101,-0.005146057993204001,True,-0.00582253060033977,0.006281573483394531,-0.010171272541928955,True,0.0017153280877397759,0.006281573483394531,-0.012128213788642483,True,-0.001377128649164172,0.01133097146701223,-0.01480999451227727,True,-0.034959293306946804,0.01133097146701223,-0.05419050633550693,True,20,True,False,True,False,True,False,,15,STOP_BEFORE_TARGET,False,True,False,True,False,,17,STOP_BEFORE_TARGET,2023-08-31,2023-09-05,2023-09-07,2023-09-14,2023-09-28
MA|2023-08-31T00:00:00|Long,MA,2023-08-31,Long,0.007100602393777855,0.009378622963855499,-0.00036357214214988165,True,0.001308593466883723,0.009378622963855499,-0.00908782441565914,True,0.005331479283044116,0.009378622963855499,-0.00908782441565914,True,0.004047069723907004,0.014443561563354246,-0.011777858900284488,True,-0.04054384061754612,0.014443561563354246,-0.051279572777587656,True,20,True,False,True,False,True,False,,14,STOP_BEFORE_TARGET,False,True,False,True,False,,16,STOP_BEFORE_TARGET,2023-09-01,2023-09-06,2023-09-08,2023-09-15,2023-09-29
MA|2023-09-01T00:00:00|Long,MA,2023-09-01,Long,-0.009793794673549239,-0.0004091089942439563,-0.014125165468469092,True,-0.0022860461301050794,0.0013475408444403314,-0.016074289669729902,True,0.002695081688880663,0.004860767086340534,-0.016074289669729902,True,0.003753874271722024,0.007291187347244987,-0.018745357960456177,True,-0.047452898123415355,0.007291187347244987,-0.057968563450961796,True,20,True,False,True,False,True,False,,13,STOP_BEFORE_TARGET,False,True,False,True,False,,13,STOP_BEFORE_TARGET,2023-09-05,2023-09-07,2023-09-11,2023-09-18,2023-10-02
MA|2023-09-05T00:00:00|Long,MA,2023-09-05,Long,0.004082606745519524,0.00456866314170723,-0.0063426132480255415,True,0.00811663751613767,0.011737512933816863,-0.0063426132480255415,True,0.011591710847319359,0.014945307160350918,-0.0063426132480255415,True,0.00493316835795099,0.017253963799551908,-0.009040100171818,True,-0.0496719378892011,0.017253963799551908,-0.054750908333649706,True,20,True,False,True,False,True,False,,12,STOP_BEFORE_TARGET,False,True,False,True,False,,15,STOP_BEFORE_TARGET,2023-09-06,2023-09-08,2023-09-12,2023-09-19,2023-10-03
MA|2023-09-06T00:00:00|Long,MA,2023-09-06,Long,0.003485169821705769,0.007139775060081677,-0.0035093221239076433,True,0.008495110672939177,0.010673323346442443,-0.0035093221239076433,True,0.007551176660278713,0.012657948301073807,-0.0035093221239076433,True,-0.006437881091199582,0.013117802226177533,-0.013069349901270955,True,-0.04700126640787017,0.013117802226177533,-0.059538231617180526,True,20,True,False,True,False,True,False,,11,STOP_BEFORE_TARGET,False,True,False,True,False,,13,STOP_BEFORE_TARGET,2023-09-07,2023-09-11,2023-09-13,2023-09-20,2023-10-04
MA|2023-09-07T00:00:00|Long,MA,2023-09-07,Long,0.0005306092887318314,0.004124237796575114,-0.001833027289024458,True,0.003979532863623847,0.007307893528966103,-0.001833027289024458,True,-0.003087161242513403,0.009599177640246648,-0.01649702479003068,True,-0.0271574210077411,0.009599177640246648,-0.03019629820345071,True,-0.04924987494726296,0.009599177640246648,-0.0628045170314615,True,20,True,False,True,False,True,False,,10,STOP_BEFORE_TARGET,False,True,False,True,False,,10,STOP_BEFORE_TARGET,2023-09-08,2023-09-12,2023-09-14,2023-09-21,2023-10-05
MA|2023-09-08T00:00:00|Long,MA,2023-09-08,Long,0.0044595654224448555,0.0066290618654814,-0.0004820694513993917,True,0.0035194086104681777,0.008605745240897633,-0.0004820694513993917,True,-0.0012775980714867519,0.009063759036779251,-0.01701860384947873,True,-0.03042135577233107,0.009063759036779251,-0.03201233944781012,True,-0.04066626956443886,0.009063759036779251,-0.06330153793617332,True,20,True,False,True,False,True,False,,9,STOP_BEFORE_TARGET,False,True,False,True,False,,9,STOP_BEFORE_TARGET,2023-09-11,2023-09-13,2023-09-15,2023-09-22,2023-10-06
MA|2023-09-11T00:00:00|Long,MA,2023-09-11,Long,-0.0010079757740130146,0.0023038504630623624,-0.0034558123136365637,True,-0.008039564385725062,0.004583752072088609,-0.02138281122634389,True,0.0010559467201713968,0.004583752072088609,-0.02138281122634389,True,-0.0340781207224381,0.004583752072088609,-0.04043774989750326,True,-0.0526770790717922,0.004583752072088609,-0.06746025991610727,True,20,True,False,True,False,True,False,,3,STOP_BEFORE_TARGET,False,True,False,True,False,,8,STOP_BEFORE_TARGET,2023-09-12,2023-09-14,2023-09-18,2023-09-25,2023-10-09
MA|2023-09-12T00:00:00|Long,MA,2023-09-12,Long,7.206567873874192e-05,0.005140929456644683,-0.003122943827992497,True,-0.0047084620722291914,0.005597369859317913,-0.020395393514895388,True,-0.006582243031421187,0.005597369859317913,-0.020395393514895388,True,-0.05018373815599109,0.005597369859317913,-0.0544358331375292,True,-0.03819634928321047,0.005597369859317913,-0.06651933401928911,True,20,True,False,True,False,True,False,,2,STOP_BEFORE_TARGET,False,True,False,True,False,,7,STOP_BEFORE_TARGET,2023-09-13,2023-09-15,2023-09-19,2023-09-26,2023-10-10
MA|2023-09-13T00:00:00|Long,MA,2023-09-13,Long,-0.007110236708798956,0.005524906024476417,-0.020465984298584594,True,0.0019937956141775626,0.005524906024476417,-0.020465984298584594,True,-0.01388421558679298,0.005524906024476417,-0.020465984298584594,True,-0.050011956322695506,0.005524906024476417,-0.059620412045229054,True,-0.03961083525800069,0.005524906024476417,-0.06658660108942549,True,20,True,False,True,False,True,False,,1,STOP_BEFORE_TARGET,False,True,False,True,False,,6,STOP_BEFORE_TARGET,2023-09-14,2023-09-18,2023-09-20,2023-09-27,2023-10-11
MA|2023-09-14T00:00:00|Long,MA,2023-09-14,Long,0.00234673931702023,0.011999785888185732,-0.005322450546631163,True,0.0004596759159278818,0.011999785888185732,-0.005419243853052813,True,-0.024144798651833832,0.011999785888185732,-0.027193086403346056,True,-0.033628475394676394,0.011999785888185732,-0.052886208799626466,True,-0.03251561078163734,0.011999785888185732,-0.059902283797826805,True,20,True,False,True,False,True,False,,5,STOP_BEFORE_TARGET,False,True,False,True,False,,7,STOP_BEFORE_TARGET,2023-09-15,2023-09-19,2023-09-21,2023-09-28,2023-10-12
MA|2023-09-15T00:00:00|Long,MA,2023-09-15,Long,0.006806515268364732,0.008640914076270656,-0.003065311050072572,True,-0.0091477602936334,0.008640914076270656,-0.01020977290254721,True,-0.029181039340429593,0.008640914076270656,-0.030774058253800196,True,-0.044411175218821874,0.008640914076270656,-0.05510363425163767,True,-0.03929424555340222,0.008640914076270656,-0.06210328289915157,True,20,True,False,True,False,True,False,,4,STOP_BEFORE_TARGET,False,True,False,True,False,,5,STOP_BEFORE_TARGET,2023-09-18,2023-09-20,2023-09-22,2023-09-29,2023-10-13
MA|2023-09-18T00:00:00|Long,MA,2023-09-18,Long,-0.008630417523014189,-7.191709765708154e-05,-0.014455921915736858,True,-0.03301133788042532,-7.191709765708154e-05,-0.03603192914285647,True,-0.03509700687331385,-7.191709765708154e-05,-0.04144992770246603,True,-0.05101526749502283,-7.191709765708154e-05,-0.061491605965124485,True,-0.03828542908388888,-7.191709765708154e-05,-0.0684439334891952,True,20,True,False,True,False,True,False,,3,STOP_BEFORE_TARGET,False,True,False,True,False,,3,STOP_BEFORE_TARGET,2023-09-19,2023-09-21,2023-09-25,2023-10-02,2023-10-16
MA|2023-09-19T00:00:00|Long,MA,2023-09-19,Long,-0.007278818403768206,0.00561025156836803,-0.008342834177001324,True,-0.027349884148622494,0.00561025156836803,-0.02894590780847217,True,-0.04389039235378689,0.00561025156836803,-0.04817066110448198,True,-0.05433705241949205,0.00561025156836803,-0.0593910904434809,True,-0.028438105579618123,0.00561025156836803,-0.06033422552337542,True,20,True,False,True,False,True,False,,2,STOP_BEFORE_TARGET,False,True,False,True,False,,4,STOP_BEFORE_TARGET,2023-09-20,2023-09-22,2023-09-26,2023-10-03,2023-10-17
MA|2023-09-20T00:00:00|Long,MA,2023-09-20,Long,-0.017441303356049098,-0.004262886209766781,-0.02051053087667265,True,-0.019560554891833615,-0.004262886209766781,-0.026015767713141846,True,-0.03663640853026251,-0.004262886209766781,-0.04638014843830085,True,-0.04082621966427247,-0.004262886209766781,-0.0534444193426975,True,-0.04216602850492934,-0.004262886209766781,-0.0534444193426975,True,20,True,False,True,False,True,False,,1,STOP_BEFORE_TARGET,False,True,False,True,False,,4,STOP_BEFORE_TARGET,2023-09-21,2023-09-25,2023-09-27,2023-10-04,2023-10-18
MA|2023-09-21T00:00:00|Long,MA,2023-09-21,Long,-0.0028262201811262155,0.008652372269676967,-0.004462484773743558,True,-0.01978376824313588,0.008652372269676967,-0.024171956451014998,True,-0.00971832371210457,0.008652372269676967,-0.02945253569185835,True,-0.022709176609443715,0.008652372269676967,-0.036642203778381344,True,-0.038402396858662535,0.008652372269676967,-0.044278029552177856,True,20,True,False,True,False,True,False,,3,STOP_BEFORE_TARGET,False,True,False,True,False,,8,STOP_BEFORE_TARGET,2023-09-22,2023-09-26,2023-09-28,2023-10-05,2023-10-19
MA|2023-09-22T00:00:00|Long,MA,2023-09-22,Long,0.000671247110666906,0.0025110878687277793,-0.005917171885011618,True,-0.016756974327282848,0.0025110878687277793,-0.026701780621998017,True,-0.01568792586008516,0.0025110878687277793,-0.026701780621998017,True,-0.010566356688134881,0.0025110878687277793,-0.033911825883947144,True,-0.04427924395739136,0.007756936770221712,-0.044875908055762026,True,20,True,False,True,False,True,False,,2,STOP_BEFORE_TARGET,False,True,False,True,False,,7,STOP_BEFORE_TARGET,2023-09-25,2023-09-27,2023-09-29,2023-10-06,2023-10-20
MA|2023-09-25T00:00:00|Long,MA,2023-09-25,Long,-0.017664999190221464,-0.004074596066114267,-0.022062672608681666,True,-0.007577797875650827,-0.002832329147354762,-0.027354665992154525,True,-0.016497265253709315,-0.0007701994238744625,-0.027354665992154525,True,-0.019255137240772324,-0.0007701994238744625,-0.03455987477852407,True,-0.04675886919742156,0.0070809366013202535,-0.05339260790525768,True,20,True,False,True,False,True,False,,1,STOP_BEFORE_TARGET,False,True,False,True,False,,6,STOP_BEFORE_TARGET,2023-09-26,2023-09-28,2023-10-02,2023-10-09,2023-10-23
MA|2023-09-26T00:00:00|Long,MA,2023-09-26,Long,0.00025293667428960553,0.004173184976750122,-0.009863912813801279,True,0.0013404794697546851,0.01719861325557992,-0.009863912813801279,True,-0.010926215971642672,0.01719861325557992,-0.016212260566917713,True,0.012620745037053682,0.018564409548394112,-0.017198690441015962,True,-0.02142243187844961,0.02519093361342395,-0.036370086259356005,True,20,True,False,True,False,True,False,,17,STOP_BEFORE_TARGET,False,True,False,True,False,,19,STOP_BEFORE_TARGET,2023-09-27,2023-09-29,2023-10-03,2023-10-10,2023-10-24
MA|2023-09-27T00:00:00|Long,MA,2023-09-27,Long,0.010013126694322416,0.01484271000839632,-0.00027818313463234823,True,0.0009355595906470615,0.016941391482071078,-0.007661572507141501,True,-0.004349148308187445,0.016941391482071078,-0.017447214075001716,True,0.010948686284969478,0.024400712117958356,-0.017447214075001716,True,-0.023187046558596824,0.024931690800178874,-0.03661376197045951,True,20,True,False,True,False,True,False,,16,STOP_BEFORE_TARGET,False,True,False,True,False,,18,STOP_BEFORE_TARGET,2023-09-28,2023-10-02,2023-10-04,2023-10-11,2023-10-25
MA|2023-09-28T00:00:00|Long,MA,2023-09-28,Long,-0.00883736921119882,0.006859578954606427,-0.012993196499310522,True,-0.02097938321548498,0.006859578954606427,-0.026211699270753397,True,-0.013118341183526394,0.006859578954606427,-0.027188102850899787,True,0.001151590857867646,0.014770663580069954,-0.027188102850899787,True,-0.08724716075132655,0.014770663580069954,-0.09112756277289447,True,20,True,False,True,False,True,False,,3,STOP_BEFORE_TARGET,False,True,False,True,False,,15,STOP_BEFORE_TARGET,2023-09-29,2023-10-03,2023-10-05,2023-10-12,2023-10-26
MA|2023-09-29T00:00:00|Long,MA,2023-09-29,Long,-0.00015154342663425968,0.0011365756997572252,-0.008739338291717136,True,-0.005430511673353178,0.004925315529832774,-0.01851435180228378,True,0.005203196533401622,0.012856447906870017,-0.01851435180228378,True,0.005354739960035992,0.02381852589870226,-0.01851435180228378,True,-0.08039710236018482,0.02381852589870226,-0.09128340863869988,True,20,True,False,True,False,True,False,,14,STOP_BEFORE_TARGET,False,True,False,True,False,,16,STOP_BEFORE_TARGET,2023-10-02,2023-10-04,2023-10-06,2023-10-13,2023-10-27
MA|2023-10-02T00:00:00|Long,MA,2023-10-02,Long,-0.012100564534712421,0.005077628437679671,-0.017380332895620465,True,-0.004168230064528267,0.005077628437679671,-0.01836559156032669,True,-0.00280413250480116,0.013009962907863715,-0.01836559156032669,True,0.013414165660528443,0.023973702382344753,-0.01836559156032669,True,-0.059189067360161274,0.023973702382344753,-0.09114567774039328,True,20,True,False,True,False,True,False,,13,STOP_BEFORE_TARGET,False,True,False,True,False,,15,STOP_BEFORE_TARGET,2023-10-03,2023-10-05,2023-10-09,2023-10-16,2023-10-30
MA|2023-10-03T00:00:00|Long,MA,2023-10-03,Long,0.00690434261721351,0.00871989895002856,-0.006341765974047342,True,0.01766993224888469,0.02541810081179907,-0.006341765974047342,True,0.023807082331909424,0.029816406011617946,-0.006341765974047342,True,0.0273870800438325,0.03651613273780896,-0.006341765974047342,True,-0.03761568952823946,0.03651613273780896,-0.08001331954244073,True,20,True,True,True,True,False,False,6,14,TARGET_BEFORE_STOP,False,True,False,True,False,,17,STOP_BEFORE_TARGET,2023-10-04,2023-10-06,2023-10-10,2023-10-17,2023-10-31
MA|2023-10-04T00:00:00|Long,MA,2023-10-04,Long,0.0011174381107623699,0.0024380115584858864,-0.009548988399972425,True,0.002488776016978722,0.018386809363105217,-0.010615662052241959,True,0.015364657768496714,0.02887544401463016,-0.010615662052241959,True,-0.0013968363899479197,0.029408742089269913,-0.010615662052241959,True,-0.04048151677691725,0.029408742089269913,-0.08632166778994332,True,20,True,False,True,False,True,False,,11,STOP_BEFORE_TARGET,False,True,False,True,False,,13,STOP_BEFORE_TARGET,2023-10-05,2023-10-09,2023-10-11,2023-10-18,2023-11-01
MA|2023-10-05T00:00:00|Long,MA,2023-10-05,Long,0.009563645096215545,0.01725009533839761,-0.009386129103131635,True,0.015651909485268733,0.021613365676907303,-0.011720003784117639,True,0.014459618246940975,0.028259725484251597,-0.011720003784117639,True,-0.016057881516551742,0.028259725484251597,-0.022070045503859714,True,-0.02919840032775045,0.028259725484251597,-0.08734150717194034,True,20,True,False,True,False,True,False,,10,STOP_BEFORE_TARGET,False,True,False,True,False,,12,STOP_BEFORE_TARGET,2023-10-06,2023-10-10,2023-10-12,2023-10-19,2023-11-02
MA|2023-10-06T00:00:00|Long,MA,2023-10-06,Long,-0.008116217243562707,-0.003693748815725151,-0.02108202784808555,True,0.0046234548640520234,0.017991315024115773,-0.02108202784808555,True,0.00015075899793881575,0.018518971516901628,-0.02108202784808555,True,-0.03407291383019029,0.018518971516901628,-0.03467594982194566,True,-0.029952040081342335,0.018518971516901628,-0.09598716508746741,True,20,True,False,True,False,True,False,,1,STOP_BEFORE_TARGET,False,True,False,True,False,,9,STOP_BEFORE_TARGET,2023-10-09,2023-10-11,2023-10-13,2023-10-20,2023-11-03
MA|2023-10-09T00:00:00|Long,MA,2023-10-09,Long,0.014262565288786,0.02021586660523056,-0.002254608483753917,True,0.013071905025497044,0.0268531346348313,-0.002254608483753917,True,0.0162639043080548,0.0268531346348313,-0.002254608483753917,True,-0.028043717587538763,0.0268531346348313,-0.03480769765996328,True,-0.021735792634466344,0.0268531346348313,-0.08858996323108748,True,20,True,False,True,False,True,False,,8,STOP_BEFORE_TARGET,False,True,False,True,False,,10,STOP_BEFORE_TARGET,2023-10-10,2023-10-12,2023-10-16,2023-10-23,2023-11-06
MA|2023-10-10T00:00:00|Long,MA,2023-10-10,Long,-0.0013987001159511125,0.011889027209023961,-0.007518070290816858,True,-0.0058445846752469555,0.012413520696645586,-0.013212799683886112,True,0.003496750289877726,0.012413520696645586,-0.013212799683886112,True,-0.033618881582618165,0.012413520696645586,-0.04838023666463298,True,-0.028723431176789327,0.012413520696645586,-0.10140621574709185,True,20,True,False,True,False,True,False,,7,STOP_BEFORE_TARGET,False,True,False,True,False,,7,STOP_BEFORE_TARGET,2023-10-11,2023-10-13,2023-10-17,2023-10-24,2023-11-07
MA|2023-10-11T00:00:00|Long,MA,2023-10-11,Long,0.00022509776753998345,0.01383156702700128,-0.00622793389254872,True,0.003376619173505624,0.01383156702700128,-0.01183064709539916,True,-0.01650785659142595,0.01383156702700128,-0.01813361357712795,True,-0.03376603907465203,0.01383156702700128,-0.047047341670932274,True,-0.025286974846297716,0.01383156702700128,-0.10014759207979496,True,20,True,False,True,False,True,False,,6,STOP_BEFORE_TARGET,False,True,False,True,False,,6,STOP_BEFORE_TARGET,2023-10-12,2023-10-16,2023-10-18,2023-10-25,2023-11-08
MA|2023-10-12T00:00:00|Long,MA,2023-10-12,Long,-0.004676156903547168,0.005601452328436229,-0.01205303175239969,True,0.004676156903547168,0.011327829078360718,-0.01205303175239969,True,-0.030082518036774197,0.011327829078360718,-0.03600898753754889,True,-0.08829706951116856,0.011327829078360718,-0.09217300803736406,True,-0.029857470926836216,0.011327829078360718,-0.10035010126356814,True,20,True,False,True,False,True,False,,5,STOP_BEFORE_TARGET,False,True,False,True,False,,5,STOP_BEFORE_TARGET,2023-10-13,2023-10-17,2023-10-19,2023-10-26,2023-11-09
MA|2023-10-13T00:00:00|Long,MA,2023-10-13,Long,0.007863741156223902,0.016079174725805334,0.0018842800851697206,True,-0.01210965841519751,0.016079174725805334,-0.013742685821367395,True,-0.034218514079235596,0.016079174725805334,-0.03482145917159296,True,-0.0852951091906421,0.016079174725805334,-0.09612343261302714,True,-0.009170147746849211,0.016079174725805334,-0.09612343261302714,True,20,True,False,True,False,True,False,,4,STOP_BEFORE_TARGET,False,True,False,True,False,,4,STOP_BEFORE_TARGET,2023-10-16,2023-10-18,2023-10-20,2023-10-27,2023-11-10
MA|2023-10-16T00:00:00|Long,MA,2023-10-16,Long,0.001520553759083887,0.0061072431625479595,-0.006755387950790559,True,-0.03312894711237424,0.0061072431625479595,-0.039036802071872434,True,-0.04359853942245584,0.0061072431625479595,-0.050254271308387555,True,-0.07164221251374359,0.0061072431625479595,-0.1031758257817239,True,-0.016975764025393025,0.0061072431625479595,-0.1031758257817239,True,20,True,False,True,False,True,False,,2,STOP_BEFORE_TARGET,False,True,False,True,False,,3,STOP_BEFORE_TARGET,2023-10-17,2023-10-19,2023-10-23,2023-10-30,2023-11-13
MA|2023-10-17T00:00:00|Long,MA,2023-10-17,Long,-0.021305716685330767,-0.0009955793300200355,-0.02292354259134255,True,-0.04320876577710675,-0.0009955793300200355,-0.04380609818355197,True,-0.03698630001718928,-0.0009955793300200355,-0.05169621818857428,True,-0.06326998931045402,-0.0009955793300200355,-0.10453742476661387,True,-0.010254611419090565,-0.00022399965241692854,-0.10453742476661387,True,20,True,False,True,False,True,False,,1,STOP_BEFORE_TARGET,False,True,False,True,False,,2,STOP_BEFORE_TARGET,2023-10-18,2023-10-20,2023-10-24,2023-10-31,2023-11-14
MA|2023-10-18T00:00:00|Long,MA,2023-10-18,Long,-0.01358052046981284,0.004119923583814966,-0.019607821832164585,True,-0.024261789462777794,0.004119923583814966,-0.03105208850338448,True,-0.01754786004025699,0.004119923583814966,-0.03105208850338448,True,-0.039139351657643706,0.004119923583814966,-0.08504362342793259,True,0.00920626432657956,0.021540656150063286,-0.08504362342793259,True,20,True,False,True,False,True,False,,2,STOP_BEFORE_TARGET,False,True,False,True,False,,3,STOP_BEFORE_TARGET,2023-10-19,2023-10-23,2023-10-25,2023-11-01,2023-11-15
MA|2023-10-19T00:00:00|Long,MA,2023-10-19,Long,-0.008920492687331416,0.005465736313392755,-0.009539231536420445,True,-0.002475034076271032,0.005465736313392755,-0.01771210767440745,True,-0.060020107438997106,0.005465736313392755,-0.06401626030588858,True,-0.013354971358937484,0.005465736313392755,-0.07244697052430094,True,0.02379666151680393,0.035604707073104036,-0.07244697052430094,True,20,True,True,True,False,True,False,18,5,STOP_BEFORE_TARGET,False,True,False,True,False,,5,STOP_BEFORE_TARGET,2023-10-20,2023-10-24,2023-10-26,2023-11-02,2023-11-16
MA|2023-10-20T00:00:00|Long,MA,2023-10-20,Long,-0.0019250025424037975,0.00897474482085947,-0.008870746415607589,True,0.004942623444717853,0.01305894478772296,-0.008870746415607589,True,-0.05288628520633798,0.01305894478772296,-0.06409826594964396,True,0.00426623687010208,0.01305894478772296,-0.06409826594964396,True,0.04133603178762857,0.04492596147121075,-0.06409826594964396,True,20,True,True,True,False,True,False,17,4,STOP_BEFORE_TARGET,False,True,False,True,False,,4,STOP_BEFORE_TARGET,2023-10-23,2023-10-25,2023-10-27,2023-11-03,2023-11-17
MA|2023-10-23T00:00:00|Long,MA,2023-10-23,Long,0.008444731464491317,0.015012847098961002,0.0005212335664872558,True,-0.049730279724968796,0.015012847098961002,-0.053770177915398176,True,-0.029322072630831197,0.015012847098961002,-0.062293177933135935,True,0.00648992662243586,0.015012847098961002,-0.062293177933135935,True,0.05403075492803544,0.0561159278176222,-0.062293177933135935,True,20,True,True,True,False,True,False,15,3,STOP_BEFORE_TARGET,True,True,False,True,False,20,3,STOP_BEFORE_TARGET,2023-10-24,2023-10-26,2023-10-30,2023-11-06,2023-11-20
MA|2023-10-24T00:00:00|Long,MA,2023-10-24,Long,-0.0015507639963726616,0.004445481389530714,-0.01207002502786858,True,-0.059006013992290884,0.004445481389530714,-0.07014554907228254,True,-0.02729316238567936,0.004445481389530714,-0.07014554907228254,True,0.0050657554380264536,0.006926656458646985,-0.07014554907228254,True,0.05696417341581461,0.06058257015726198,-0.07014554907228254,True,20,True,True,True,False,True,False,15,2,STOP_BEFORE_TARGET,True,True,False,True,False,20,2,STOP_BEFORE_TARGET,2023-10-25,2023-10-27,2023-10-31,2023-11-07,2023-11-21
MA|2023-10-25T00:00:00|Long,MA,2023-10-25,Long,-0.05622427935587848,-0.027853303910398974,-0.060236569492722936,True,-0.03595553886423197,-0.027853303910398974,-0.06870132461662837,True,-0.021977143454816384,-0.015298603969504998,-0.06870132461662837,True,0.008775373844481793,0.013098282701902608,-0.06870132461662837,True,0.062178015493965066,0.06870132461662837,-0.06870132461662837,True,20,True,True,True,False,True,False,14,1,STOP_BEFORE_TARGET,True,True,False,True,False,19,1,STOP_BEFORE_TARGET,2023-10-26,2023-10-30,2023-11-01,2023-11-08,2023-11-22
MA|2023-10-26T00:00:00|Long,MA,2023-10-26,Long,-0.0013988583634980678,0.010148419441553092,-0.01322034990710963,True,0.032255437295998,0.03590333379788957,-0.01322034990710963,True,0.04964482373438761,0.050604822930830906,-0.01322034990710963,True,0.06409938657650094,0.07367183998171911,-0.01322034990710963,True,0.13140789419166587,0.1326970168374435,-0.01322034990710963,True,20,True,True,False,True,False,False,3,,TARGET_BEFORE_STOP,True,False,True,False,False,5,,TARGET_BEFORE_STOP,2023-10-27,2023-10-31,2023-11-02,2023-11-09,2023-11-24
MA|2023-10-27T00:00:00|Long,MA,2023-10-27,Long,0.02290712800225103,0.025131907139988696,0.0017578957153430164,True,0.03773901686086201,0.04482533488827034,0.0017578957153430164,True,0.06034388604423424,0.06690841784104884,0.0017578957153430164,True,0.08322352073184525,0.08517361818642533,0.0017578957153430164,True,0.12329712234684265,0.13428371910449255,0.0017578957153430164,True,20,True,True,False,True,False,False,2,,TARGET_BEFORE_STOP,True,False,True,False,False,4,,TARGET_BEFORE_STOP,2023-10-30,2023-11-01,2023-11-03,2023-11-10,2023-11-27
MA|2023-10-30T00:00:00|Long,MA,2023-10-30,Long,0.010552581854046394,0.014123782445616406,0.0018526714433997338,True,0.027576361751205036,0.028516177257611908,0.0018526714433997338,True,0.036893801994991815,0.04301591868338317,0.0018526714433997338,True,0.058885107902603595,0.062322084254964105,0.0018526714433997338,True,0.09824927506209513,0.10888240784846337,0.0018526714433997338,True,20,True,True,False,True,False,False,4,,TARGET_BEFORE_STOP,True,False,True,False,False,7,,TARGET_BEFORE_STOP,2023-10-31,2023-11-02,2023-11-06,2023-11-13,2023-11-28
MA|2023-10-31T00:00:00|Long,MA,2023-10-31,Long,0.0039059418011508917,0.010761226856084605,-0.0034807959010194622,True,0.025773831625194976,0.03212434208002968,-0.0034807959010194622,True,0.03326687607447054,0.03517999208091771,-0.0034807959010194622,True,0.0565962201342709,0.06730433416094739,-0.0034807959010194622,True,0.088933175708511,0.09730302782860889,-0.0034807959010194622,True,20,True,True,False,True,False,False,3,,TARGET_BEFORE_STOP,True,False,True,False,False,9,,TARGET_BEFORE_STOP,2023-11-01,2023-11-03,2023-11-07,2023-11-14,2023-11-29
MA|2023-11-01T00:00:00|Long,MA,2023-11-01,Long,0.012889722679530813,0.013816105869225881,0.0017732859487806785,True,0.022073993373076695,0.028108609685336683,0.0017732859487806785,True,0.0314435568591207,0.035863605765432904,0.0017732859487806785,True,0.05031490889717194,0.06315172539575853,0.0017732859487806785,True,0.09530987917520628,0.09618335618395712,0.0017732859487806785,True,20,True,True,False,True,False,False,4,,TARGET_BEFORE_STOP,True,False,True,False,False,9,,TARGET_BEFORE_STOP,2023-11-02,2023-11-06,2023-11-08,2023-11-15,2023-11-30
MA|2023-11-02T00:00:00|Long,MA,2023-11-02,Long,0.0087799141083571,0.015025216136604902,0.002717626638498727,True,0.016148821856738937,0.018030243414944858,0.002717626638498727,True,0.013770908516165914,0.022890615667354064,0.002717626638498727,True,0.037654507748254185,0.0496223839484351,0.002717626638498727,True,0.08275623274220556,0.0886095885593492,0.002717626638498727,True,20,True,True,False,True,False,False,6,,TARGET_BEFORE_STOP,True,False,True,False,False,12,,TARGET_BEFORE_STOP,2023-11-03,2023-11-07,2023-11-09,2023-11-16,2023-12-01
MA|2023-11-03T00:00:00|Long,MA,2023-11-03,Long,0.00028497829975226985,0.005698775486585594,-0.004766212656577951,True,0.009454797382405067,0.01378061777603734,-0.004766212656577951,True,0.021577560816582686,0.023416678748271025,-0.004766212656577951,True,0.03691231822455587,0.04048699747970086,-0.004766212656577951,True,0.057453759602899224,0.07913487702771338,-0.004766212656577951,True,20,True,True,False,True,False,False,7,,TARGET_BEFORE_STOP,True,False,True,False,False,12,,TARGET_BEFORE_STOP,2023-11-06,2023-11-08,2023-11-10,2023-11-17,2023-12-04
MA|2023-11-06T00:00:00|Long,MA,2023-11-06,Long,0.00701779425465654,0.008882309517436404,-0.004816697357316491,True,0.004661248642787275,0.013699006874752895,-0.004816697357316491,True,0.021208831478499057,0.024523516498071496,-0.004816697357316491,True,0.047234281285990054,0.04930600881592562,-0.004816697357316491,True,0.058343688019566686,0.07882743461966957,-0.004816697357316491,True,20,True,True,False,True,False,False,6,,TARGET_BEFORE_STOP,True,False,True,False,False,11,,TARGET_BEFORE_STOP,2023-11-07,2023-11-09,2023-11-13,2023-11-20,2023-12-05
MA|2023-11-07T00:00:00|Long,MA,2023-11-07,Long,0.0021344333588750874,0.0064288837693600165,-0.004808792503067649,True,0.01416928494049663,0.015995065957271182,-0.0054774215279083105,True,0.022578236658888917,0.03294159415599407,-0.0054774215279083105,True,0.0516368383829473,0.05523699759827205,-0.0054774215279083105,True,0.05531414106440091,0.0713092070216721,-0.0054774215279083105,True,20,True,True,False,True,False,False,5,,TARGET_BEFORE_STOP,True,False,True,False,False,10,,TARGET_BEFORE_STOP,2023-11-08,2023-11-10,2023-11-14,2023-11-21,2023-12-06
MA|2023-11-08T00:00:00|Long,MA,2023-11-08,Long,-0.004465026167432384,0.0044906336802224,-0.006235625140469381,True,0.011932239545360934,0.015216814190477601,-0.007595642494062083,True,0.018296058870653775,0.03074154501792914,-0.007595642494062083,True,0.05293809011808426,0.05940465273628415,-0.007595642494062083,True,0.0601744443287191,0.06902743919390364,-0.007595642494062083,True,20,True,True,False,True,False,False,4,,TARGET_BEFORE_STOP,True,False,True,False,False,9,,TARGET_BEFORE_STOP,2023-11-09,2023-11-13,2023-11-15,2023-11-22,2023-12-07
MA|2023-11-09T00:00:00|Long,MA,2023-11-09,Long,0.016548132717643327,0.018378196308518335,-0.003144657303778664,True,0.024976808575191134,0.03536447448935398,-0.003144657303778664,True,0.023559168083691073,0.03536447448935398,-0.003144657303778664,True,0.06325396712398712,0.06446543539663141,-0.003144657303778664,True,0.06237759753593908,0.07382208289318859,-0.003144657303778664,True,20,True,True,False,True,False,False,3,,TARGET_BEFORE_STOP,True,False,True,False,False,8,,TARGET_BEFORE_STOP,2023-11-10,2023-11-14,2023-11-16,2023-11-24,2023-12-08
MA|2023-11-10T00:00:00|Long,MA,2023-11-10,Long,-7.606566997686581e-05,0.003169531884283705,-0.0034484909282983534,True,0.006212236064506271,0.01851003525175643,-0.0034484909282983534,True,0.015010859670523402,0.01851003525175643,-0.0034484909282983534,True,0.036994766867620266,0.047137268897327944,-0.0034484909282983534,True,0.05408485802570984,0.056341601870271374,-0.0034484909282983534,True,20,True,True,False,True,False,False,7,,TARGET_BEFORE_STOP,True,False,True,False,False,13,,TARGET_BEFORE_STOP,2023-11-13,2023-11-15,2023-11-17,2023-11-27,2023-12-11
MA|2023-11-13T00:00:00|Long,MA,2023-11-13,Long,0.008368169752487553,0.018587514793499293,0.006085948673357988,True,0.006973500589418258,0.018587514793499293,0.0010396948288666774,True,0.02548494392651457,0.0275136450756579,0.0010396948288666774,True,0.03717510697403448,0.04721692615442685,0.0010396948288666774,True,0.06694559018100898,0.06757954478004713,0.0010396948288666774,True,20,True,True,False,True,False,False,6,,TARGET_BEFORE_STOP,True,False,True,False,False,12,,TARGET_BEFORE_STOP,2023-11-14,2023-11-16,2023-11-20,2023-11-28,2023-12-12
MA|2023-11-14T00:00:00|Long,MA,2023-11-14,Long,-0.002062133375594133,0.004099094449469209,-0.00726765792837325,True,0.006664136645690988,0.00872627002128512,-0.00726765792837325,True,0.02841699606183945,0.03193766478552318,-0.00726765792837325,True,0.03060483745638498,0.03852636127087883,-0.00726765792837325,True,0.06797434727569307,0.07222432204583273,-0.00726765792837325,True,20,True,True,False,True,False,False,5,,TARGET_BEFORE_STOP,True,False,True,False,False,19,,TARGET_BEFORE_STOP,2023-11-15,2023-11-17,2023-11-21,2023-11-29,2023-12-13
MA|2023-11-15T00:00:00|Long,MA,2023-11-15,Long,0.0006804413486549699,0.007862373662121058,-0.0032255596164827427,True,0.0190761978186349,0.021092220643566195,-0.0032255596164827427,True,0.03401960652371594,0.04036998229299038,-0.0032255596164827427,True,0.042839504511346105,0.04367113795894517,-0.0032255596164827427,True,0.05475899433414155,0.07443996054855195,-0.0032255596164827427,True,20,True,True,False,True,False,False,4,,TARGET_BEFORE_STOP,True,False,True,False,False,18,,TARGET_BEFORE_STOP,2023-11-16,2023-11-20,2023-11-22,2023-11-30,2023-12-14
MA|2023-11-16T00:00:00|Long,MA,2023-11-16,Long,0.008058377336360278,0.010123366788929111,0.0020397822869400173,True,0.02984136469750287,0.033366909585355264,0.0020397822869400173,True,0.03878114746860506,0.03996473148643198,0.0020397822869400173,True,0.04346506920865556,0.049106017880333974,0.0020397822869400173,True,0.05406698788895592,0.07370936430064368,0.0020397822869400173,True,20,True,True,False,True,False,False,3,,TARGET_BEFORE_STOP,True,False,True,False,False,17,,TARGET_BEFORE_STOP,2023-11-17,2023-11-21,2023-11-24,2023-12-01,2023-12-15
MA|2023-11-17T00:00:00|Long,MA,2023-11-17,Long,0.010242333820994487,0.012240880748157101,-0.005096123131532071,True,0.025056205558727784,0.03135153308332761,-0.005096123131532071,True,0.02165879013770655,0.03165129606320938,-0.005096123131532071,True,0.01981020093725494,0.04071950738848651,-0.005096123131532071,True,0.06027980419347978,0.06512617566629042,-0.005096123131532071,True,20,True,True,False,True,False,False,3,,TARGET_BEFORE_STOP,True,False,True,False,False,16,,TARGET_BEFORE_STOP,2023-11-20,2023-11-22,2023-11-27,2023-12-04,2023-12-18
MA|2023-11-20T00:00:00|Long,MA,2023-11-20,Long,0.01125128184772306,0.014713185699390285,0.0031899321572494976,True,0.020029688985576444,0.02119190764976242,0.0031899321572494976,True,0.011399643765377165,0.02119190764976242,0.0031899321572494976,True,0.01060832989532634,0.03016818098705043,-0.00019779073559056393,True,0.05210189822508293,0.05509396418289758,-0.00019779073559056393,True,20,True,True,False,True,False,False,8,,TARGET_BEFORE_STOP,True,False,True,False,False,16,,TARGET_BEFORE_STOP,2023-11-21,2023-11-24,2023-11-28,2023-12-05,2023-12-19
MA|2023-11-21T00:00:00|Long,MA,2023-11-21,Long,0.0033744328745386465,0.009536602958969853,0.002934299189715217,True,4.88788680161889e-05,0.009830025415518806,-0.0017117304955033275,True,0.0021273874342055965,0.009830025415518806,-0.0036435278334184806,True,0.0034967419809179834,0.018706427847253737,-0.01132168906861053,True,0.025675509687194564,0.04562898297478135,-0.01132168906861053,True,20,True,True,False,True,False,False,15,,TARGET_BEFORE_STOP,False,False,False,False,True,,,NEITHER,2023-11-22,2023-11-27,2023-11-29,2023-12-06,2023-12-20
MA|2023-11-22T00:00:00|Long,MA,2023-11-22,Long,0.00528845928581001,0.0064338818385931695,0.0004874423356238111,True,-0.003216866546038255,0.0064338818385931695,-0.006994358713976245,True,0.008529720260606943,0.009333992677060143,-0.006994358713976245,True,0.006872535316699624,0.015280432180029724,-0.014646697645112061,True,0.03194993370739607,0.042112444483151545,-0.014646697645112061,True,20,True,True,False,True,False,False,14,,TARGET_BEFORE_STOP,False,False,False,False,True,,,NEITHER,2023-11-24,2023-11-28,2023-11-30,2023-12-07,2023-12-21
MA|2023-11-24T00:00:00|Long,MA,2023-11-24,Long,-0.008557572798295499,0.0005333362926136509,-0.010303030303030258,True,-0.006496951941287854,0.0005333362926136509,-0.012218202533143985,True,0.004509055397727169,0.009939408735795352,-0.012218202533143985,True,-0.0008242335464014872,0.009939408735795352,-0.019830285274621162,True,0.02812122691761365,0.036630267518939386,-0.019830285274621162,True,20,True,True,False,True,False,False,13,,TARGET_BEFORE_STOP,False,False,False,False,True,,,NEITHER,2023-11-27,2023-11-29,2023-12-01,2023-12-08,2023-12-22
MA|2023-11-27T00:00:00|Long,MA,2023-11-27,Long,9.782757855703039e-05,0.0040834619232454905,-0.003692226229595974,True,0.011883476384713543,0.012690423321796152,-0.003692226229595974,True,-0.0018093997901221792,0.018656637063936943,-0.003692226229595974,True,0.016480402509370773,0.018656637063936943,-0.011370012183301914,True,0.035943986510390324,0.045577876311764465,-0.011370012183301914,True,20,True,True,False,True,False,False,12,,TARGET_BEFORE_STOP,False,False,False,False,True,,,NEITHER,2023-11-28,2023-11-30,2023-12-04,2023-12-11,2023-12-26
MA|2023-11-28T00:00:00|Long,MA,2023-11-28,Long,0.0019803856611184667,0.007505872065086683,0.0010024294083763596,True,0.013080304780323626,0.01855699409958178,-0.0005623602866343669,True,-0.0007823948475054188,0.01855699409958178,-0.011466718000602838,True,0.028703430121679308,0.029314662106302958,-0.011466718000602838,True,0.03752958416527141,0.04547559996537953,-0.011466718000602838,True,20,True,True,False,True,False,False,11,,TARGET_BEFORE_STOP,False,False,False,False,True,,,NEITHER,2023-11-29,2023-12-01,2023-12-05,2023-12-12,2023-12-27
MA|2023-11-29T00:00:00|Long,MA,2023-11-29,Long,0.009784732751894287,0.010590006003433405,-0.002537720282892675,True,-0.0038797430810466604,0.016543845244561428,-0.004367791988998171,True,0.0013664475832941836,0.016543845244561428,-0.013420525844773601,True,0.036259784993382116,0.04038355252840464,-0.013420525844773601,True,0.040261577534320914,0.045239318959545916,-0.013420525844773601,True,20,True,True,False,True,False,False,10,,TARGET_BEFORE_STOP,False,False,False,False,True,,,NEITHER,2023-11-30,2023-12-04,2023-12-06,2023-12-13,2023-12-28
MA|2023-11-30T00:00:00|Long,MA,2023-11-30,Long,0.0012807162276635697,0.006693617236860794,-0.005461129742593496,True,-0.012420521222818115,0.006693617236860794,-0.022980401509367643,True,-0.0016431691705417473,0.006693617236860794,-0.022980401509367643,True,0.011429841093697934,0.030302319676711154,-0.022980401509367643,True,0.030640658252891306,0.03511103412212391,-0.022980401509367643,True,20,True,True,True,False,True,False,9,3,STOP_BEFORE_TARGET,False,False,False,False,True,,,NEITHER,2023-12-01,2023-12-05,2023-12-07,2023-12-14,2023-12-29
MA|2023-12-01T00:00:00|Long,MA,2023-12-01,Long,-0.014793837682066324,0.0011825967016032557,-0.015276539231689923,True,-0.009605127448233719,0.0011825967016032557,-0.024230085872856133,True,-0.005309348796280533,0.0011825967016032557,-0.024230085872856133,True,0.010160300515225318,0.02898448255189301,-0.024230085872856133,True,0.018172674879516126,0.033787046276009924,-0.024230085872856133,True,20,True,True,True,False,True,False,13,2,STOP_BEFORE_TARGET,False,False,False,False,True,,,NEITHER,2023-12-04,2023-12-06,2023-12-08,2023-12-15,2024-01-02
MA|2023-12-04T00:00:00|Long,MA,2023-12-04,Long,0.0011267948036617348,0.002008614713699064,-0.009577942720728427,True,0.012051987305560896,0.013693251812586293,-0.009577942720728427,True,0.01832295585196575,0.019449825411469224,-0.009577942720728427,True,0.03968346582435767,0.044435694688470306,-0.009577942720728427,True,0.025818724110650226,0.04931037362147417,-0.009577942720728427,True,20,True,True,False,True,False,False,6,,TARGET_BEFORE_STOP,False,False,False,False,True,,,NEITHER,2023-12-05,2023-12-07,2023-12-11,2023-12-18,2024-01-03
MA|2023-12-05T00:00:00|Long,MA,2023-12-05,Long,0.0041351695204447925,0.012552313127718318,-0.0037436657861877887,True,0.008490545890465384,0.012552313127718318,-0.0037436657861877887,True,0.029508912590350933,0.030120623174183514,-0.0037436657861877887,True,0.041058011399979444,0.04401866971765278,-0.0037436657861877887,True,0.027110980219914094,0.048129346919799865,-0.0037436657861877887,True,20,True,True,False,True,False,False,5,,TARGET_BEFORE_STOP,False,False,False,False,True,,,NEITHER,2023-12-06,2023-12-08,2023-12-12,2023-12-19,2024-01-04
MA|2023-12-06T00:00:00|Long,MA,2023-12-06,Long,0.006749814758793882,0.0077732891550532646,-0.0009503743939690557,True,0.012987929501554696,0.014108895355599227,-0.002802265906724055,True,0.034845722556712255,0.03896386286885756,-0.002802265906724055,True,0.022101484517523584,0.041985428782452816,-0.002802265906724055,True,0.022028384515233146,0.04381300320390702,-0.002802265906724055,True,20,True,True,False,True,False,False,5,,TARGET_BEFORE_STOP,False,False,False,False,True,,,NEITHER,2023-12-07,2023-12-11,2023-12-13,2023-12-20,2024-01-05
MA|2023-12-07T00:00:00|Long,MA,2023-12-07,Long,-0.0023962005300743883,0.0012586700688184127,-0.009488038165476609,True,0.018395271005183123,0.019000378118079864,-0.009488038165476609,True,0.013094526786958882,0.03199806708460318,-0.009488038165476609,True,0.024906229449201067,0.034999374727574306,-0.009488038165476609,True,0.02137242459225619,0.03681469606626453,-0.009488038165476609,True,20,True,True,False,True,False,False,4,,TARGET_BEFORE_STOP,False,False,False,False,True,,,NEITHER,2023-12-08,2023-12-12,2023-12-14,2023-12-21,2024-01-08
MA|2023-12-08T00:00:00|Long,MA,2023-12-08,Long,0.00861313024414434,0.009729254973785517,0.0005337762489041609,True,0.03037652586963735,0.034476881135529824,0.0005337762489041609,True,0.015552221479899542,0.034476881135529824,-0.0013586897166587564,True,0.028969337964182218,0.03748539778769766,-0.0013586897166587564,True,0.025329974642481323,0.03930507944854811,-0.0013586897166587564,True,20,True,True,False,True,False,False,3,,TARGET_BEFORE_STOP,False,False,False,False,True,,,NEITHER,2023-12-11,2023-12-13,2023-12-15,2023-12-22,2024-01-09
MA|2023-12-11T00:00:00|Long,MA,2023-12-11,Long,0.012123857132422255,0.012725237915032217,-0.0024295284424407093,True,0.006855755603900615,0.025642885379773883,-0.0024295284424407093,True,0.020976164633862204,0.025642885379773883,-0.009886664828951175,True,0.019148016974031234,0.028625710570082008,-0.009886664828951175,True,0.030213364645460983,0.03310002176628446,-0.009886664828951175,True,20,True,True,False,True,False,False,12,,TARGET_BEFORE_STOP,False,False,False,False,True,,,NEITHER,2023-12-12,2023-12-14,2023-12-18,2023-12-26,2024-01-10
MA|2023-12-12T00:00:00|Long,MA,2023-12-12,Long,0.009340446050579265,0.01335708881090314,-0.0038027477207739357,True,-0.00518120659722221,0.01335708881090314,-0.021746866064134007,True,0.011218065884023964,0.01409386256870171,-0.021746866064134007,True,0.008579882000148586,0.01630418384209742,-0.021746866064134007,True,0.014188951207850575,0.026238879488821976,-0.021746866064134007,True,20,True,False,True,False,True,False,,3,STOP_BEFORE_TARGET,False,False,False,False,True,,,NEITHER,2023-12-13,2023-12-15,2023-12-19,2023-12-27,2024-01-11
MA|2023-12-13T00:00:00|Long,MA,2023-12-13,Long,-0.014410839273654608,0.0027550472071040666,-0.020674387611191003,True,-0.0005886785445785581,0.0027550472071040666,-0.03079962983387219,True,-0.01231510916207157,0.006899295296018737,-0.03079962983387219,True,0.0038617657453186016,0.00866533092975419,-0.03079962983387219,True,0.010407868286624877,0.016742055175103854,-0.03079962983387219,True,20,True,False,True,False,True,False,,1,STOP_BEFORE_TARGET,False,True,False,True,False,,2,STOP_BEFORE_TARGET,2023-12-14,2023-12-18,2023-12-20,2023-12-28,2024-01-12
MA|2023-12-14T00:00:00|Long,MA,2023-12-14,Long,2.3914768930044517e-05,0.0016724297857280135,-0.016628420048917403,True,0.016508992026028624,0.019399835542217136,-0.016628420048917403,True,0.011659033140474229,0.02162172172629062,-0.016628420048917403,True,0.0189937219356906,0.023413579534907303,-0.016628420048917403,True,0.023389737676858147,0.031608397991917725,-0.016628420048917403,True,20,True,True,False,True,False,False,18,,TARGET_BEFORE_STOP,False,False,False,False,True,,,NEITHER,2023-12-15,2023-12-19,2023-12-21,2023-12-29,2024-01-16
MA|2023-12-15T00:00:00|Long,MA,2023-12-15,Long,0.014000012540371642,0.01557681845231107,0.0022935027313950584,True,0.002102407882585977,0.0215972904631494,0.0016006471998297744,True,0.013211646038970626,0.0215972904631494,0.0016006471998297744,True,0.007931785044615225,0.02338910542092565,0.0016006471998297744,True,0.02114343108358585,0.031583727905432735,-0.004873757099709497,True,20,True,True,False,True,False,False,17,,TARGET_BEFORE_STOP,False,False,False,False,True,,,NEITHER,2023-12-18,2023-12-20,2023-12-22,2024-01-02,2024-01-17
MA|2023-12-18T00:00:00|Long,MA,2023-12-18,Long,0.002450365343799721,0.005301227620166715,-0.004500161852530549,True,-0.0023325171440728987,0.007492384446568634,-0.012228170796051319,True,-0.0017905879913331368,0.007492384446568634,-0.012228170796051319,True,-0.013335541219475,0.009259460319957613,-0.016327763813513085,True,0.014819896457521908,0.01734094196015712,-0.01861318481919616,True,20,True,False,False,False,False,True,,,NEITHER,False,False,False,False,True,,,NEITHER,2023-12-19,2023-12-21,2023-12-26,2024-01-03,2024-01-18
MA|2023-12-19T00:00:00|Long,MA,2023-12-19,Long,-0.014149032825816366,0.005029694513642768,-0.014642656282355504,True,-0.003219957019900077,0.005029694513642768,-0.014642656282355504,True,-0.002608916882402834,0.005029694513642768,-0.014642656282355504,True,-0.013396977908377794,0.006792450989653309,-0.018732228354141567,True,0.026582361920099107,0.027263981174311613,-0.02101206293218505,True,20,True,False,True,False,True,False,,12,STOP_BEFORE_TARGET,False,False,False,False,True,,,NEITHER,2023-12-20,2023-12-22,2023-12-27,2024-01-04,2024-01-19
MA|2023-12-20T00:00:00|Long,MA,2023-12-20,Long,0.00951243322984019,0.01060908704243091,0.002765462178503153,True,0.010060796514222536,0.018405056612306625,0.002765462178503153,True,0.016378578894394202,0.021242038109974937,0.002765462178503153,True,-7.151931916515863e-05,0.021242038109974937,-0.00586487519624157,True,0.0483966794664179,0.05123373372026041,-0.006961529008832401,True,20,True,True,False,True,False,False,19,,TARGET_BEFORE_STOP,True,False,True,False,False,20,,TARGET_BEFORE_STOP,2023-12-21,2023-12-26,2023-12-28,2024-01-05,2024-01-22
MA|2023-12-21T00:00:00|Long,MA,2023-12-21,Long,0.0015586710237673884,0.008808829975491594,-0.0011335985819963534,True,0.002172640527233982,0.008808829975491594,-0.0011571656705787747,True,0.007250158951724428,0.011619079165382074,-0.0011571656705787747,True,-0.003447929923154014,0.011619079165382074,-0.016318731395873587,True,0.03617987728105265,0.04132816904189762,-0.016318731395873587,True,20,True,True,False,True,False,False,18,,TARGET_BEFORE_STOP,False,False,False,False,True,,,NEITHER,2023-12-22,2023-12-27,2023-12-29,2024-01-08,2024-01-23
MA|2023-12-22T00:00:00|Long,MA,2023-12-22,Long,-0.0010138945286322087,0.0038198422397384135,-0.002711610186121205,True,0.005234617280720499,0.010044751678232933,-0.002711610186121205,True,-0.00521101490986231,0.010044751678232933,-0.010705042394679287,True,-0.003536901623231503,0.010044751678232933,-0.017849580795268882,True,0.03442585685780908,0.03970760692179831,-0.017849580795268882,True,20,True,True,False,True,False,False,17,,TARGET_BEFORE_STOP,False,False,False,False,True,,,NEITHER,2023-12-26,2023-12-28,2024-01-02,2024-01-09,2024-01-24
MA|2023-12-26T00:00:00|Long,MA,2023-12-26,Long,0.0016285597327170276,0.0031628302580333223,-0.0016758844151176788,True,0.006703321566030596,0.011069869887376571,-0.0016758844151176788,True,-0.011565662564641976,0.011069869887376571,-0.014563252607413535,True,0.010857449052674495,0.013689870911664181,-0.016852773201177618,True,0.03099104007622655,0.04076283066140962,-0.016852773201177618,True,20,True,True,False,True,False,False,16,,TARGET_BEFORE_STOP,False,False,False,False,True,,,NEITHER,2023-12-27,2023-12-29,2024-01-03,2024-01-10,2024-01-25
MA|2023-12-27T00:00:00|Long,MA,2023-12-27,Long,0.004618771892530127,0.009425959416711205,-0.0016023958413937667,True,-0.005820460902030478,0.009425959416711205,-0.011311122534308216,True,-0.010816279800952566,0.009425959416711205,-0.016165485880765385,True,0.005561353451328577,0.01750877427145725,-0.018451283915892458,True,0.03339149287601928,0.03907064205431143,-0.018451283915892458,True,20,True,True,False,True,False,False,16,,TARGET_BEFORE_STOP,False,False,False,False,True,,,NEITHER,2023-12-28,2024-01-02,2024-01-04,2024-01-11,2024-01-26
MA|2023-12-28T00:00:00|Long,MA,2023-12-28,Long,0.00044568032966307847,0.00476167842095454,-0.004808637350645961,True,-0.017709744278562645,0.00476167842095454,-0.020688701380864538,True,-0.01618501073827594,0.00476167842095454,-0.02188500874824817,True,0.006520920274761366,0.012830740117113937,-0.02296399037513741,True,0.03344900310344112,0.0343403637627675,-0.02296399037513741,True,20,True,True,True,False,True,False,15,3,STOP_BEFORE_TARGET,False,False,False,False,True,,,NEITHER,2023-12-29,2024-01-03,2024-01-05,2024-01-12,2024-01-29
MA|2023-12-29T00:00:00|Long,MA,2023-12-29,Long,-0.01083209071629121,-0.005228507972306562,-0.01629507408478037,True,-0.015802725839088483,-0.005228507972306562,-0.021124966728392036,True,-0.010621084325280417,-0.005228507972306562,-0.023399242122857378,True,0.004314075392747974,0.012379542468882176,-0.023399242122857378,True,0.043797313657530035,0.04621225997933576,-0.023399242122857378,True,20,True,True,True,False,True,False,14,2,STOP_BEFORE_TARGET,False,False,False,False,True,,,NEITHER,2024-01-02,2024-01-04,2024-01-08,2024-01-16,2024-01-30
MA|2024-01-02T00:00:00|Long,MA,2024-01-02,Long,-0.0073953531167727515,-0.0013037007074111484,-0.01040559031029853,True,-0.005854609341160555,0.003697640390692092,-0.01161445932335159,True,0.0016828828140664776,0.0042902118935004285,-0.012704770634609952,True,0.01310767874870189,0.02346581704412709,-0.012704770634609952,True,0.0648036108668586,0.09507213718956176,-0.012704770634609952,True,20,True,True,False,True,False,False,12,,TARGET_BEFORE_STOP,True,False,True,False,False,19,,TARGET_BEFORE_STOP,2024-01-03,2024-01-05,2024-01-09,2024-01-17,2024-01-31
MA|2024-01-03T00:00:00|Long,MA,2024-01-03,Long,0.002387945713004269,0.011175641321342633,-0.0011700700795896912,True,0.007665358208253759,0.011175641321342633,-0.005348975077346996,True,0.022685484273539558,0.025551048278872557,-0.005348975077346996,True,0.028535980420127727,0.031091099822879054,-0.005348975077346996,True,0.10065197010258164,0.10323091940792528,-0.005348975077346996,True,20,True,True,False,True,False,False,6,,TARGET_BEFORE_STOP,True,False,True,False,False,12,,TARGET_BEFORE_STOP,2024-01-04,2024-01-08,2024-01-10,2024-01-18,2024-02-01
MA|2024-01-04T00:00:00|Long,MA,2024-01-04,Long,-0.000833731793832726,0.007122997904111195,-0.006622671586954065,True,0.006741828058012045,0.009362325311996988,-0.007718489456542521,True,0.016556715317742388,0.028634775819713187,-0.007718489456542521,True,0.040522215048277355,0.04121308993812667,-0.007718489456542521,True,0.09721990286748339,0.10498608399273479,-0.007718489456542521,True,20,True,True,False,True,False,False,10,,TARGET_BEFORE_STOP,True,False,True,False,False,11,,TARGET_BEFORE_STOP,2024-01-05,2024-01-09,2024-01-11,2024-01-19,2024-02-02
MA|2024-01-05T00:00:00|Long,MA,2024-01-05,Long,0.00610366095235193,0.006342027226579949,-0.006890502493714368,True,0.021100508565651266,0.023961631470169165,-0.006890502493714368,True,0.02307947252366649,0.02949309694616864,-0.006890502493714368,True,0.0484716654460946,0.051308922618638286,-0.006890502493714368,True,0.0890276933442622,0.10590811474905881,-0.006890502493714368,True,20,True,True,False,True,False,False,9,,TARGET_BEFORE_STOP,True,False,True,False,False,10,,TARGET_BEFORE_STOP,2024-01-08,2024-01-10,2024-01-12,2024-01-22,2024-02-05
MA|2024-01-08T00:00:00|Long,MA,2024-01-08,Long,0.0014692523367121346,0.004076025346989365,-0.00815205069397873,True,0.011232736411603605,0.0232475408862709,-0.00815205069397873,True,0.015095490192292171,0.0232475408862709,-0.00815205069397873,True,0.03976491384052916,0.044931017966375775,-0.00815205069397873,True,0.09128391869471719,0.09919897687504142,-0.00815205069397873,True,20,True,True,False,True,False,False,8,,TARGET_BEFORE_STOP,True,False,True,False,False,15,,TARGET_BEFORE_STOP,2024-01-09,2024-01-11,2024-01-16,2024-01-23,2024-02-06
MA|2024-01-09T00:00:00|Long,MA,2024-01-09,Long,0.013416902101907269,0.016256495546535188,0.003667742003271801,True,0.01538097469503552,0.021746337692089668,0.003667742003271801,True,0.011405601643645236,0.021746337692089668,0.003667742003271801,True,0.03809750561047531,0.0433980030123291,0.003667742003271801,True,0.093019396570867,0.09758634557206625,0.003667742003271801,True,20,True,True,False,True,False,False,7,,TARGET_BEFORE_STOP,True,False,True,False,False,14,,TARGET_BEFORE_STOP,2024-01-10,2024-01-12,2024-01-17,2024-01-24,2024-02-07
MA|2024-01-10T00:00:00|Long,MA,2024-01-10,Long,-0.00361918376895487,0.008219159926094344,-0.005837439148509205,True,0.00018683795712148843,0.008219159926094344,-0.005837439148509205,True,0.00572071886865988,0.008219159926094344,-0.006514530784118677,True,0.019917339524401223,0.02958417295807747,-0.006514530784118677,True,0.07002596848082132,0.083055101306861,-0.006514530784118677,True,20,True,True,False,True,False,False,13,,TARGET_BEFORE_STOP,True,False,True,False,False,14,,TARGET_BEFORE_STOP,2024-01-11,2024-01-16,2024-01-18,2024-01-25,2024-02-08
MA|2024-01-11T00:00:00|Long,MA,2024-01-11,Long,0.005577439248228622,0.010287739309854382,0.0022966136659277048,True,0.0016404485494674326,0.010287739309854382,-0.002905863870518832,True,0.023575172313965664,0.02425479488636051,-0.002905863870518832,True,0.02767622217100052,0.033323962270398466,-0.002905863870518832,True,0.07302213060782492,0.08698911466769688,-0.002905863870518832,True,20,True,True,False,True,False,False,6,,TARGET_BEFORE_STOP,True,False,True,False,False,13,,TARGET_BEFORE_STOP,2024-01-12,2024-01-17,2024-01-19,2024-01-26,2024-02-09
MA|2024-01-12T00:00:00|Long,MA,2024-01-12,Long,-0.0017478443004708133,0.0014682005915900298,-0.006012624220800733,True,0.003775332309822188,0.004940561843469471,-0.008436250444410875,True,0.024819374842691477,0.027592626822369182,-0.008436250444410875,True,0.02675362457576047,0.02763921040052697,-0.008436250444410875,True,0.06900485884500185,0.08096012523941654,-0.008436250444410875,True,20,True,True,False,True,False,False,11,,TARGET_BEFORE_STOP,True,False,True,False,False,12,,TARGET_BEFORE_STOP,2024-01-16,2024-01-18,2024-01-22,2024-01-29,2024-02-12
MA|2024-01-16T00:00:00|Long,MA,2024-01-16,Long,-0.002171104616621622,0.004739112292218017,-0.006700116905085207,True,0.019680150707746424,0.020357187105060515,-0.006700116905085207,True,0.02430256452381996,0.0293918434889624,-0.006700116905085207,True,0.03931363627393303,0.04171820908733448,-0.006700116905085207,True,0.07496202846744615,0.08285278330496504,-0.006700116905085207,True,20,True,True,False,True,False,False,10,,TARGET_BEFORE_STOP,True,False,True,False,False,11,,TARGET_BEFORE_STOP,2024-01-17,2024-01-19,2024-01-23,2024-01-30,2024-02-13
MA|2024-01-17T00:00:00|Long,MA,2024-01-17,Long,0.007720714260673445,0.008890523778927406,7.018571511507865e-05,True,0.02884747130435983,0.031631623669764686,7.018571511507865e-05,True,0.0263908998758291,0.031631623669764686,7.018571511507865e-05,True,0.05102708547427737,0.080903994866661,7.018571511507865e-05,True,0.08836738530508192,0.08897570910241615,7.018571511507865e-05,True,20,True,True,False,True,False,False,3,,TARGET_BEFORE_STOP,True,False,True,False,False,10,,TARGET_BEFORE_STOP,2024-01-18,2024-01-22,2024-01-24,2024-01-31,2024-02-14
MA|2024-01-18T00:00:00|Long,MA,2024-01-18,Long,0.01406945937365145,0.014742770443719966,-0.003203948920183497,True,0.01866643880510699,0.023727714505336728,-0.003203948920183497,True,0.014115867744786348,0.023727714505336728,-0.003203948920183497,True,0.07011518416010731,0.07262258239841723,-0.003203948920183497,True,0.09416789896833833,0.09609487373132453,-0.003203948920183497,True,20,True,True,False,True,False,False,8,,TARGET_BEFORE_STOP,True,False,True,False,False,9,,TARGET_BEFORE_STOP,2024-01-19,2024-01-23,2024-01-25,2024-02-01,2024-02-15
MA|2024-01-19T00:00:00|Long,MA,2024-01-19,Long,0.006799764707641431,0.009524254026593848,0.0010989765732625223,True,0.004395836423600974,0.009524254026593848,-0.0023352466150522444,True,0.004006593719700691,0.009524254026593848,-0.013988702249733365,True,0.054489646640149436,0.061953380727644225,-0.013988702249733365,True,0.07177527860967059,0.08560377021139765,-0.013988702249733365,True,20,True,True,False,True,False,False,8,,TARGET_BEFORE_STOP,True,False,True,False,False,8,,TARGET_BEFORE_STOP,2024-01-22,2024-01-24,2024-01-26,2024-02-02,2024-02-16
MA|2024-01-22T00:00:00|Long,MA,2024-01-22,Long,-0.0022512569286526896,0.0019329303093020833,-0.004297929842950521,True,-0.00670838478005964,0.0026833261529988217,-0.012029581682596602,True,0.0018874055082789276,0.002751543956971192,-0.020648064973884273,True,0.03868109099630468,0.05478111731186042,-0.020648064973884273,True,0.027288231949971653,0.07827177584476264,-0.020648064973884273,True,20,True,True,True,False,True,False,7,4,STOP_BEFORE_TARGET,True,False,True,False,False,7,,TARGET_BEFORE_STOP,2024-01-23,2024-01-25,2024-01-29,2024-02-05,2024-02-20
MA|2024-01-23T00:00:00|Long,MA,2024-01-23,Long,-0.00013674345258996023,0.004945717161678909,-0.006837450846084447,True,-0.000524229604359272,0.004945717161678909,-0.018438317435110152,True,0.014654919620445739,0.01700244162876885,-0.018438317435110152,True,0.04954870487396512,0.05716105846944153,-0.018438317435110152,True,0.046243909143365514,0.08070471983311456,-0.018438317435110152,True,20,True,True,False,True,False,False,6,,TARGET_BEFORE_STOP,True,False,True,False,False,6,,TARGET_BEFORE_STOP,2024-01-24,2024-01-26,2024-01-30,2024-02-06,2024-02-21
MA|2024-01-24T00:00:00|Long,MA,2024-01-24,Long,-0.004331033419634034,-0.00015957903412533447,-0.009664966113454687,True,0.004285330095562312,0.0051515367794892075,-0.0183040769451982,True,0.0240027319040228,0.05311143639078142,-0.0183040769451982,True,0.052906293159902695,0.057305638092837174,-0.0183040769451982,True,0.0749030873882337,0.08085251933834936,-0.0183040769451982,True,20,True,True,False,True,False,False,5,,TARGET_BEFORE_STOP,True,False,True,False,False,5,,TARGET_BEFORE_STOP,2024-01-25,2024-01-29,2024-01-31,2024-02-07,2024-02-22
MA|2024-01-25T00:00:00|Long,MA,2024-01-25,Long,0.003960647973159093,0.0070742375041763506,-0.014033824488428825,True,0.019207909530469358,0.02156596540977751,-0.014033824488428825,True,0.05521984045063166,0.05769233725110667,-0.014033824488428825,True,0.04913008830675092,0.06190478319733406,-0.014033824488428825,True,0.08383705736759883,0.08784346773597429,-0.014033824488428825,True,20,True,True,False,True,False,False,4,,TARGET_BEFORE_STOP,True,False,True,False,False,4,,TARGET_BEFORE_STOP,2024-01-26,2024-01-30,2024-02-01,2024-02-08,2024-02-23
MA|2024-01-26T00:00:00|Long,MA,2024-01-26,Long,0.004674680862598146,0.0055412233656657595,-0.008802101024575903,True,0.024399726898538532,0.053519716521184035,-0.008802101024575903,True,0.05028159499771423,0.05771554427073933,-0.008802101024575903,True,0.044124703343850546,0.05771554427073933,-0.008802101024575903,True,0.08204686358170021,0.08355190009903435,-0.008802101024575903,True,20,True,True,False,True,False,False,3,,TARGET_BEFORE_STOP,True,False,True,False,False,3,,TARGET_BEFORE_STOP,2024-01-29,2024-01-31,2024-02-02,2024-02-09,2024-02-26
MA|2024-01-29T00:00:00|Long,MA,2024-01-29,Long,0.010463516295887043,0.012801341005789002,-0.0012029570008849078,True,0.04616647935761953,0.04861776313169175,-0.0012029570008849078,True,0.03672437170657883,0.052794067988855,-0.0012029570008849078,True,0.041150314211648276,0.052794067988855,-0.0012029570008849078,True,0.07755688971162478,0.07851020906460349,-0.0012029570008849078,True,20,True,True,False,True,False,False,2,,TARGET_BEFORE_STOP,True,False,True,False,False,4,,TARGET_BEFORE_STOP,2024-01-30,2024-02-01,2024-02-05,2024-02-12,2024-02-27
MA|2024-01-30T00:00:00|Long,MA,2024-01-30,Long,0.00907479620558993,0.03775915331972479,0.00321209521314314,True,0.034569473812217755,0.04189221185158809,0.00321209521314314,True,0.03438980541933612,0.04189221185158809,0.00321209521314314,True,0.03429993694811606,0.04189221185158809,0.00321209521314314,True,0.07560817511066986,0.0762596015652881,0.00321209521314314,True,20,True,True,False,True,False,False,1,,TARGET_BEFORE_STOP,True,False,True,False,False,12,,TARGET_BEFORE_STOP,2024-01-31,2024-02-02,2024-02-06,2024-02-13,2024-02-28
MA|2024-01-31T00:00:00|Long,MA,2024-01-31,Long,0.026022309630961082,0.02651203920227818,0.010729418535635915,True,0.01676201187619686,0.032522282559628746,0.010729418535635915,True,0.028226058735348225,0.032522282559628746,0.010729418535635915,True,0.03552743820484383,0.03610622804360397,0.010729418535635915,True,0.05683057265751956,0.06658059998360089,0.001981132402319563,True,20,True,True,False,True,False,False,2,,TARGET_BEFORE_STOP,True,False,True,False,False,11,,TARGET_BEFORE_STOP,2024-02-01,2024-02-05,2024-02-07,2024-02-14,2024-02-29
MA|2024-02-01T00:00:00|Long,MA,2024-02-01,Long,-0.0007377133679661307,0.006335118513169258,-0.005250397807067264,True,-0.0009112501421034702,0.006335118513169258,-0.012062891421926958,True,-0.005771074339618432,0.006335118513169258,-0.012062891421926958,True,0.022476753123645388,0.02427747027214422,-0.012062891421926958,True,0.03408398636945109,0.0395296378762251,-0.023431437116887444,True,20,True,True,True,False,True,False,15,12,STOP_BEFORE_TARGET,False,False,False,False,True,,,NEITHER,2024-02-02,2024-02-06,2024-02-08,2024-02-15,2024-03-01
MA|2024-02-02T00:00:00|Long,MA,2024-02-02,Long,-0.008293840197160285,0.0017152472273085362,-0.010964409961778498,True,0.0028877005701919423,0.003604159343664648,-0.011333538957155942,True,-0.005862134196379154,0.003604159343664648,-0.011333538957155942,True,0.01639241506504807,0.029506333865282786,-0.011333538957155942,True,0.017174006454291124,0.04029707893801371,-0.022710477571818988,True,20,True,True,True,False,True,False,14,11,STOP_BEFORE_TARGET,False,False,False,False,True,,,NEITHER,2024-02-05,2024-02-07,2024-02-09,2024-02-16,2024-03-04
MA|2024-02-05T00:00:00|Long,MA,2024-02-05,Long,0.008188085984791149,0.008319440650941923,-0.0030651203786007386,True,0.00328400028008069,0.011997504929474712,-0.0030651203786007386,True,0.004269160276210826,0.011997504929474712,-0.0030651203786007386,True,-0.010968582315679876,0.03811630460171611,-0.014537206643472689,True,0.023557183242832735,0.04899729486890991,-0.014537206643472689,True,20,True,True,False,True,False,False,8,,TARGET_BEFORE_STOP,False,False,False,False,True,,,NEITHER,2024-02-06,2024-02-08,2024-02-12,2024-02-20,2024-03-05
MA|2024-02-06T00:00:00|Long,MA,2024-02-06,Long,0.0030618972032776526,0.003778480422095498,-0.0019109769442182678,True,-0.005689457366313766,0.003778480422095498,-0.0089685230897123,True,-8.688066215389867e-05,0.003778480422095498,-0.009685106308530145,True,-0.0031487778654315512,0.02968515402331029,-0.02254072721566236,True,0.024104247781792987,0.04047777339508696,-0.02254072721566236,True,20,True,True,True,False,True,False,12,9,STOP_BEFORE_TARGET,False,False,False,False,True,,,NEITHER,2024-02-07,2024-02-09,2024-02-13,2024-02-21,2024-03-06
MA|2024-02-07T00:00:00|Long,MA,2024-02-07,Long,-0.007901958969380507,-0.002511319635670639,-0.009655542031388076,True,-0.006927782861728349,-0.002511319635670639,-0.012621543252196887,True,0.007100947702566307,0.007663849054698968,-0.012708092638499036,True,0.020891502283945762,0.026541987981263393,-0.025524471112226332,True,0.012188532047751277,0.03730166233622434,-0.025524471112226332,True,20,True,True,True,False,True,False,14,8,STOP_BEFORE_TARGET,False,False,False,False,True,,,NEITHER,2024-02-08,2024-02-12,2024-02-14,2024-02-22,2024-03-07
MA|2024-02-08T00:00:00|Long,MA,2024-02-08,Long,-0.0008292342223071847,0.0015929394954696807,-0.004124328128487842,True,0.004800728063917958,0.007899434906045943,-0.0048444140300143435,True,0.028411794038783578,0.030222963581354234,-0.0048444140300143435,True,0.03308166398779355,0.03690045673144793,-0.01776287364153961,True,0.024003840102970964,0.04556366350511687,-0.01776287364153961,True,20,True,True,False,True,False,False,5,,TARGET_BEFORE_STOP,False,False,False,False,True,,,NEITHER,2024-02-09,2024-02-13,2024-02-15,2024-02-23,2024-03-08
MA|2024-02-09T00:00:00|Long,MA,2024-02-09,Long,0.001812672672784732,0.0033196230397980475,-0.0039312009507983525,True,0.015964876126147054,0.016532731815088075,-0.004018512095459448,True,0.022385777694361897,0.03557702535862228,-0.004018512095459448,True,0.03631956998661412,0.03776100367026736,-0.016947693026278965,True,0.02463527268936727,0.04643140023348735,-0.016947693026278965,True,20,True,True,False,True,False,False,4,,TARGET_BEFORE_STOP,False,False,False,False,True,,,NEITHER,2024-02-12,2024-02-14,2024-02-16,2024-02-26,2024-03-11
MA|2024-02-12T00:00:00|Long,MA,2024-02-12,Long,0.0038150466146351647,0.00691071371190044,-0.0058206338643000954,True,0.02740295079325672,0.02921234362909364,-0.0058206338643000954,True,-0.01517296676490576,0.03370325970798094,-0.018726420827770096,True,0.03496764588458423,0.035883286344915444,-0.018726420827770096,True,0.03086918516248649,0.044537994754709986,-0.018726420827770096,True,20,True,True,False,True,False,False,4,,TARGET_BEFORE_STOP,False,False,False,False,True,,,NEITHER,2024-02-13,2024-02-15,2024-02-20,2024-02-27,2024-03-12
MA|2024-02-13T00:00:00|Long,MA,2024-02-13,Long,0.010272360409383285,0.010837034366839138,-0.0022151523098644654,True,0.01665728525837107,0.02977462152429755,-0.0022151523098644654,True,-0.003062163246048133,0.02977462152429755,-0.022455797528066812,True,0.03993835510078525,0.04056817864746409,-0.022455797528066812,True,0.03290186808328244,0.04056817864746409,-0.022455797528066812,True,20,True,True,True,False,True,False,7,4,STOP_BEFORE_TARGET,False,False,False,False,True,,,NEITHER,2024-02-14,2024-02-16,2024-02-21,2024-02-28,2024-03-13
MA|2024-02-14T00:00:00|Long,MA,2024-02-14,Long,0.01309141706814243,0.014875605395298308,8.600473937936393e-05,True,-0.028891425806381377,0.01930396384100974,-0.03239538090915206,True,0.013693319039008944,0.01930396384100974,-0.03239538090915206,True,0.02057225493667869,0.029987773025686115,-0.03239538090915206,True,0.030718649304424472,0.03613576704222288,-0.03239538090915206,True,20,True,True,True,False,True,False,20,3,STOP_BEFORE_TARGET,False,True,False,True,False,,3,STOP_BEFORE_TARGET,2024-02-15,2024-02-20,2024-02-22,2024-02-29,2024-03-14
MA|2024-02-15T00:00:00|Long,MA,2024-02-15,Long,-0.006683911697172529,0.006132266711770473,-0.00893310020790783,True,-0.0259506259930532,0.006132266711770473,-0.04489900635910227,True,0.004540856081269196,0.008254147552438917,-0.04489900635910227,True,0.01135207544850858,0.016678017080078877,-0.04489900635910227,True,0.009654531923175336,0.02274656520215146,-0.04489900635910227,True,20,True,False,True,False,True,False,,2,STOP_BEFORE_TARGET,False,True,False,True,False,,2,STOP_BEFORE_TARGET,2024-02-16,2024-02-21,2024-02-23,2024-03-01,2024-03-15
MA|2024-02-16T00:00:00|Long,MA,2024-02-16,Long,-0.034990290543142843,-0.026232026683209342,-0.03847223971497715,True,0.007327008822346048,0.009335003250392937,-0.03847223971497715,True,0.013628703172764212,0.015038575762056139,-0.03847223971497715,True,0.0007689858539459138,0.023519128555712143,-0.03847223971497715,True,0.022985088871452675,0.029628511252252743,-0.03847223971497715,True,20,True,False,True,False,True,False,,1,STOP_BEFORE_TARGET,False,True,False,True,False,,1,STOP_BEFORE_TARGET,2024-02-20,2024-02-22,2024-02-26,2024-03-04,2024-03-18
MA|2024-02-20T00:00:00|Long,MA,2024-02-20,Long,0.016159353166505186,0.017376881247405995,0.0005534034311012181,True,0.047969039131675384,0.051842863149384355,0.0005534034311012181,True,0.050913115661317176,0.051842863149384355,0.0005534034311012181,True,0.03490866411438165,0.06063091233743778,0.0005534034311012181,True,0.07138904261206425,0.07273931455796911,0.0005534034311012181,True,20,True,True,False,True,False,False,2,,TARGET_BEFORE_STOP,True,False,True,False,False,3,,TARGET_BEFORE_STOP,2024-02-21,2024-02-23,2024-02-27,2024-03-05,2024-03-19
MA|2024-02-21T00:00:00|Long,MA,2024-02-21,Long,0.02725195533883129,0.029299667933107898,0.0055113796897385825,True,0.0336782973178702,0.03511605721256594,0.0055113796897385825,True,0.043132597401302375,0.04376435549439406,0.0055113796897385825,True,0.02733911043301651,0.04376435549439406,0.0055113796897385825,True,0.06315220895949047,0.06404536585527998,0.0055113796897385825,True,20,True,True,False,True,False,False,2,,TARGET_BEFORE_STOP,True,False,True,False,False,19,,TARGET_BEFORE_STOP,2024-02-22,2024-02-26,2024-02-28,2024-03-06,2024-03-20
MA|2024-02-22T00:00:00|Long,MA,2024-02-22,Long,0.003944388579969704,0.007655475205341267,0.0006361603921491987,True,0.006764785940117646,0.007655475205341267,-0.003414168631558856,True,0.006786012858594148,0.01607434288126175,-0.003414168631558856,True,-0.008524872835873554,0.01607434288126175,-0.014717114423056898,True,0.036220241704707945,0.039104255104070784,-0.014717114423056898,True,20,True,True,False,True,False,False,19,,TARGET_BEFORE_STOP,False,False,False,False,True,,,NEITHER,2024-02-23,2024-02-27,2024-02-29,2024-03-07,2024-03-21
MA|2024-02-23T00:00:00|Long,MA,2024-02-23,Long,0.0023023875353276324,0.003506343410605739,-0.002999479082966827,True,0.011469715098155975,0.012082297026879463,-0.007329646238609655,True,0.006780430408585003,0.012082297026879463,-0.007329646238609655,True,-0.008787130970635215,0.012082297026879463,-0.018588183982403916,True,0.017426386223655665,0.03502172722319119,-0.018588183982403916,True,20,True,True,False,True,False,False,18,,TARGET_BEFORE_STOP,False,False,False,False,True,,,NEITHER,2024-02-26,2024-02-28,2024-03-01,2024-03-08,2024-03-22
MA|2024-02-26T00:00:00|Long,MA,2024-02-26,Long,0.0005057643241150878,0.001032623599694027,-0.009609908041446902,True,0.0005268592755787171,0.009757444073939414,-0.009609908041446902,True,-0.012686812516818025,0.009757444073939414,-0.01841904400767036,True,-0.011274801360161346,0.009757444073939414,-0.020842583812557436,True,0.0032243761939871884,0.03264418013442105,-0.020842583812557436,True,20,True,True,True,False,True,False,18,6,STOP_BEFORE_TARGET,False,False,False,False,True,,,NEITHER,2024-02-27,2024-02-29,2024-03-04,2024-03-11,2024-03-25
MA|2024-02-27T00:00:00|Long,MA,2024-02-27,Long,0.008636137132207677,0.009247002945629301,-0.0022748532327869775,True,0.003959989221300697,0.009247002945629301,-0.005687229504015234,True,-0.015229091071781165,0.009247002945629301,-0.021337556361901044,True,-0.003959989221300697,0.009247002945629301,-0.021337556361901044,True,0.004318036425421168,0.032122169562927905,-0.021337556361901044,True,20,True,True,True,False,True,False,17,5,STOP_BEFORE_TARGET,False,False,False,False,True,,,NEITHER,2024-02-28,2024-03-01,2024-03-05,2024-03-12,2024-03-26
MA|2024-02-28T00:00:00|Long,MA,2024-02-28,Long,-0.008541289100467253,-0.0009606169974208933,-0.014200727208671826,True,-0.02163520045335665,-0.0009606169974208933,-0.027315478590630216,True,-0.015140440446048009,-0.0009606169974208933,-0.02971705294967031,True,-0.006766253963987001,-0.0009606169974208933,-0.02971705294967031,True,-0.001879490205728085,0.02328494049152008,-0.02971705294967031,True,20,True,False,True,False,True,False,,3,STOP_BEFORE_TARGET,False,False,False,False,True,,,NEITHER,2024-02-29,2024-03-04,2024-03-06,2024-03-13,2024-03-27
MA|2024-02-29T00:00:00|Long,MA,2024-02-29,Long,0.003938821886263488,0.00577131640832107,-0.001811474958822279,True,-0.01524985382725752,0.00577131640832107,-0.021358190327452675,True,-0.015207686140767063,0.00577131640832107,-0.021358190327452675,True,0.009941867730252296,0.01524978954724765,-0.021358190327452675,True,0.014344084207841501,0.0321004084608949,-0.021358190327452675,True,20,True,True,True,False,True,False,15,3,STOP_BEFORE_TARGET,False,False,False,False,True,,,NEITHER,2024-03-01,2024-03-05,2024-03-07,2024-03-14,2024-03-28
MA|2024-03-01T00:00:00|Long,MA,2024-03-01,Long,-0.017078267345839615,0.0,-0.022785002534221,True,-0.0105532566724027,0.0,-0.02519776271445151,True,-0.015462717499288625,0.0,-0.02519776271445151,True,-0.0016784891894154885,0.011266590567473367,-0.02519776271445151,True,0.0037135492846427365,0.0280510982947344,-0.02519776271445151,True,20,True,False,True,False,True,False,,1,STOP_BEFORE_TARGET,False,False,False,False,True,,,NEITHER,2024-03-04,2024-03-06,2024-03-08,2024-03-15,2024-04-01
MA|2024-03-04T00:00:00|Long,MA,2024-03-04,Long,-0.002070484409320783,0.0016008879925584196,-0.008260571619153279,True,-0.002027752373061076,0.01095008429154709,-0.008260571619153279,True,0.0014301552684170549,0.01095008429154709,-0.008260571619153279,True,0.022199032275715513,0.02883734988418052,-0.008260571619153279,True,0.023351624729342157,0.04591348847146981,-0.008260571619153279,True,20,True,True,False,True,False,False,11,,TARGET_BEFORE_STOP,False,False,False,False,True,,,NEITHER,2024-03-05,2024-03-07,2024-03-11,2024-03-18,2024-04-02
MA|2024-03-05T00:00:00|Long,MA,2024-03-05,Long,0.008726936143310882,0.013047583519123496,-0.0007699892197592373,True,0.003721810388522817,0.013047583519123496,-0.003486427112289081,True,0.011443374035840836,0.014651793002406377,-0.006053188395721998,True,0.03524985321182972,0.036554578926016434,-0.006053188395721998,True,0.021175617399693758,0.04808352907809188,-0.006053188395721998,True,20,True,True,False,True,False,False,7,,TARGET_BEFORE_STOP,False,False,False,False,True,,,NEITHER,2024-03-06,2024-03-08,2024-03-12,2024-03-19,2024-04-03
MA|2024-03-06T00:00:00|Long,MA,2024-03-06,Long,-0.008608985381782563,0.003541100272568043,-0.012107700129725618,True,-0.0051738812761394914,0.003541100272568043,-0.014652255243170265,True,0.008502924504133036,0.0096692058939305,-0.014652255243170265,True,0.03486005561627947,0.03572944420152768,-0.014652255243170265,True,-0.0038804433124669524,0.03901610190489602,-0.014652255243170265,True,20,True,True,False,True,False,False,10,,TARGET_BEFORE_STOP,False,False,False,False,True,,,NEITHER,2024-03-07,2024-03-11,2024-03-13,2024-03-20,2024-04-04
MA|2024-03-07T00:00:00|Long,MA,2024-03-07,Long,0.003678832162526735,0.008726497193177973,-0.0009411011536224478,True,0.011400065181274233,0.014608346766989966,-0.006095748067390883,True,0.02553792664410892,0.030927816209954884,-0.006095748067390883,True,0.0451298406935976,0.04803865133377161,-0.006095748067390883,True,0.020554359361609986,0.04803865133377161,-0.006095748067390883,True,20,True,True,False,True,False,False,5,,TARGET_BEFORE_STOP,False,False,False,False,True,,,NEITHER,2024-03-08,2024-03-12,2024-03-14,2024-03-21,2024-04-05
MA|2024-03-08T00:00:00|Long,MA,2024-03-08,Long,-0.00021311448117122822,0.00023438040590217923,-0.009738752992187183,True,0.01353189160335444,0.014703988733091977,-0.009738752992187183,True,0.014000717448567679,0.027149107039268205,-0.009738752992187183,True,0.026445900788152787,0.044197224998426154,-0.009738752992187183,True,0.020436423599531572,0.044197224998426154,-0.009738752992187183,True,20,True,True,False,True,False,False,7,,TARGET_BEFORE_STOP,False,False,False,False,True,,,NEITHER,2024-03-11,2024-03-13,2024-03-15,2024-03-22,2024-04-08
MA|2024-03-11T00:00:00|Long,MA,2024-03-11,Long,0.007907731746353397,0.011104935234057978,-0.0009591870652200241,True,0.021996775606752728,0.027368054049078827,-0.0009591870652200241,True,0.020739216707261532,0.027368054049078827,-0.0009591870652200241,True,0.014664517071168559,0.04441980598350326,-0.0009591870652200241,True,0.0063944069754091615,0.04441980598350326,-0.002834890185570149,True,20,True,True,False,True,False,False,6,,TARGET_BEFORE_STOP,False,False,False,False,True,,,NEITHER,2024-03-12,2024-03-14,2024-03-18,2024-03-25,2024-04-09
MA|2024-03-12T00:00:00|Long,MA,2024-03-12,Long,0.005794383789768709,0.006957532892537532,-0.000190319408759132,True,0.006259630523490101,0.019307642644041945,-0.000190319408759132,True,0.02353713493717069,0.024827099108848172,-0.000190319408759132,True,0.0083109368671348,0.036225611816557146,-0.001184252679121589,True,-0.007824522020129843,0.036225611816557146,-0.010658338649025212,True,20,True,True,False,True,False,False,6,,TARGET_BEFORE_STOP,False,False,False,False,True,,,NEITHER,2024-03-13,2024-03-15,2024-03-19,2024-03-26,2024-04-10
MA|2024-03-13T00:00:00|Long,MA,2024-03-13,Long,0.008136973053467278,0.01343540893851114,0.003301039449493892,True,0.006896468530723787,0.01343540893851114,-0.005319482048777302,True,0.026134907962816145,0.026996966529156508,-0.005319482048777302,True,0.00492005409377394,0.03025591365118352,-0.006938432527924032,True,-0.015348684884260222,0.03025591365118352,-0.0240112345448652,True,20,True,True,True,True,False,False,6,20,TARGET_BEFORE_STOP,False,False,False,False,True,,,NEITHER,2024-03-14,2024-03-18,2024-03-20,2024-03-27,2024-04-11
MA|2024-03-14T00:00:00|Long,MA,2024-03-14,Long,-0.0076124641912685975,-0.002127345265450664,-0.013347844054848346,True,0.009426855990042116,0.010699036972743992,-0.013347844054848346,True,0.019104036565083415,0.021940412056034253,-0.013347844054848346,True,0.00435888105865212,0.021940412056034253,-0.014953727503645209,True,-0.029406869484529308,0.021940412056034253,-0.03622679827472708,True,20,True,False,True,False,True,False,,14,STOP_BEFORE_TARGET,False,True,False,True,False,,19,STOP_BEFORE_TARGET,2024-03-15,2024-03-19,2024-03-21,2024-03-28,2024-04-12
MA|2024-03-15T00:00:00|Long,MA,2024-03-15,Long,0.006430927353308302,0.01048698252058422,0.0017233199826809376,True,0.025660471843343746,0.026522131834684215,0.0017233199826809376,True,0.012273347666754919,0.029779572174109648,0.0017233199826809376,True,0.005401104169016957,0.029779572174109648,-0.007397577103176678,True,-0.033709472878939106,0.029779572174109648,-0.03656766993990568,True,20,True,False,True,False,True,False,,18,STOP_BEFORE_TARGET,False,True,False,True,False,,20,STOP_BEFORE_TARGET,2024-03-18,2024-03-20,2024-03-22,2024-04-01,2024-04-15
MA|2024-03-18T00:00:00|Long,MA,2024-03-18,Long,0.010670477970424752,0.011944226290297788,0.0012946503335273807,True,0.020359580909528274,0.023199450837826596,0.0012946503335273807,True,-0.005951274857146194,0.023199450837826596,-0.009354989348894671,True,0.001127561675597244,0.023199450837826596,-0.013740142597615579,True,-0.039821267391048853,0.023199450837826596,-0.042723843360309655,True,20,True,False,True,False,True,False,,12,STOP_BEFORE_TARGET,False,True,False,True,False,,17,STOP_BEFORE_TARGET,2024-03-19,2024-03-21,2024-03-25,2024-04-02,2024-04-16
MA|2024-03-19T00:00:00|Long,MA,2024-03-19,Long,0.008347125092813767,0.009194240097172068,-0.0007437713875257934,True,-0.0048140218435239746,0.012396694214876103,-0.005247951539094742,True,-0.01487605827899019,0.012396694214876103,-0.02415289760621131,True,-0.013595013579061233,0.012396694214876103,-0.02415289760621131,True,-0.04925619078076571,0.012396694214876103,-0.05340910351966033,True,20,True,False,True,False,True,False,,5,STOP_BEFORE_TARGET,False,True,False,True,False,,11,STOP_BEFORE_TARGET,2024-03-20,2024-03-22,2024-03-26,2024-04-03,2024-04-17
MA|2024-03-20T00:00:00|Long,MA,2024-03-20,Long,0.0012294199102744763,0.00401604667806188,-0.009507447273168435,True,-0.024588148081911676,0.00401604667806188,-0.027928048201314448,True,-0.020674527008500143,0.00401604667806188,-0.032230986621827884,True,-0.03743549547448288,0.00401604667806188,-0.039013212465283664,True,-0.06831406391720407,0.00401604667806188,-0.0701582250480628,True,20,True,False,True,False,True,False,,3,STOP_BEFORE_TARGET,False,True,False,True,False,,4,STOP_BEFORE_TARGET,2024-03-21,2024-03-25,2024-03-27,2024-04-04,2024-04-18
MA|2024-03-21T00:00:00|Long,MA,2024-03-21,Long,-0.014264081965775666,0.0005116240842040209,-0.014693891163467643,True,-0.024230571587526062,0.0005116240842040209,-0.03341932015451643,True,-0.01446874409027965,0.0005116240842040209,-0.03341932015451643,True,-0.023514285378817945,0.0005116240842040209,-0.040193218033050204,True,-0.06804600319914944,0.0005116240842040209,-0.07377623041470283,True,20,True,False,True,False,True,False,,2,STOP_BEFORE_TARGET,False,True,False,True,False,,3,STOP_BEFORE_TARGET,2024-03-22,2024-03-26,2024-03-28,2024-04-05,2024-04-19
MA|2024-03-22T00:00:00|Long,MA,2024-03-22,Long,-0.01168851023701345,0.0013494589207636576,-0.015072579905816008,True,-0.007723132262750343,0.0013494589207636576,-0.019432423875697435,True,-0.006788920713538649,0.003342506916935273,-0.019432423875697435,True,-0.005854645806473546,0.0033840063109491503,-0.026304343377263728,True,-0.051736692617409874,0.0033840063109491503,-0.06037331841129168,True,20,True,False,True,False,True,False,,8,STOP_BEFORE_TARGET,False,True,False,True,False,,13,STOP_BEFORE_TARGET,2024-03-25,2024-03-27,2024-04-01,2024-04-08,2024-04-22
MA|2024-03-25T00:00:00|Long,MA,2024-03-25,Long,0.0015964608738872066,0.008318610587337627,-0.007835498948353892,True,0.011616668095188132,0.013423208167715028,-0.007835498948353892,True,0.00712121685154421,0.0152087851953977,-0.007835498948353892,True,-0.008150585692728307,0.015250775392257276,-0.017246495725750544,True,-0.02777077763087976,0.015250775392257276,-0.049260591097603834,True,20,True,False,True,False,True,False,,12,STOP_BEFORE_TARGET,False,True,False,True,False,,14,STOP_BEFORE_TARGET,2024-03-26,2024-03-28,2024-04-02,2024-04-09,2024-04-23
MA|2024-03-26T00:00:00|Long,MA,2024-03-26,Long,0.002411964017419166,0.01124164430865715,-0.004299471152375278,True,0.0033557175848972776,0.013590627416588452,-0.004299471152375278,True,0.0013003893679519596,0.013632550684590905,-0.004299471152375278,True,-0.01600246342402878,0.013632550684590905,-0.01881292250493516,True,-0.029991585904104445,0.013632550684590905,-0.05077599008997946,True,20,True,False,True,False,True,False,,11,STOP_BEFORE_TARGET,False,True,False,True,False,,12,STOP_BEFORE_TARGET,2024-03-27,2024-04-01,2024-04-03,2024-04-10,2024-04-24
MA|2024-03-27T00:00:00|Long,MA,2024-03-27,Long,0.0075740036086020535,0.009373324310763653,-0.0014018483327167264,True,0.0030965172736703295,0.011151765741470143,-0.0034522949511878176,True,-0.017114809047888646,0.01119358813536353,-0.018725833201055364,True,-0.020169503927665478,0.01119358813536353,-0.028789642042449937,True,-0.033141597344718554,0.01119358813536353,-0.05305997535607454,True,20,True,False,True,False,True,False,,8,STOP_BEFORE_TARGET,False,True,False,True,False,,11,STOP_BEFORE_TARGET,2024-03-28,2024-04-02,2024-04-04,2024-04-11,2024-04-25
MA|2024-03-28T00:00:00|Long,MA,2024-03-28,Long,-0.006582663744671646,0.0035508678469813315,-0.008804578124605889,True,-0.008617633642807765,0.0035923758590414856,-0.01094341310940894,True,-0.009178340346180591,0.0035923758590414856,-0.026102139113817202,True,-0.033619208412425605,0.0035923758590414856,-0.04040953895942012,True,-0.03976575286091599,0.0035923758590414856,-0.060178189142948924,True,20,True,False,True,False,True,False,,4,STOP_BEFORE_TARGET,False,True,False,True,False,,9,STOP_BEFORE_TARGET,2024-04-01,2024-04-03,2024-04-05,2024-04-12,2024-04-26
MA|2024-04-01T00:00:00|Long,MA,2024-04-01,Long,0.0021530075092763834,0.004201525483422008,-0.004389644921212188,True,-0.018039308095559536,0.010242462288878373,-0.019648816923936496,True,0.0009406609798758847,0.010242462288878373,-0.019648816923936496,True,-0.03890047154889664,0.010242462288878373,-0.04174331412099519,True,-0.04452338642290543,0.010242462288878373,-0.053950664481359656,True,20,True,False,True,False,True,False,,6,STOP_BEFORE_TARGET,False,True,False,True,False,,9,STOP_BEFORE_TARGET,2024-04-02,2024-04-04,2024-04-08,2024-04-15,2024-04-29
MA|2024-04-02T00:00:00|Long,MA,2024-04-02,Long,-0.0041924353477111875,0.008072075540348278,-0.004630501334121573,True,-0.004755644857702412,0.008072075540348278,-0.02175498578545254,True,-0.015163817710061922,0.008072075540348278,-0.024195411803032973,True,-0.04090270873984292,0.008072075540348278,-0.043802015561845375,True,-0.05888238303822757,0.008072075540348278,-0.05954985759991016,True,20,True,False,True,False,True,False,,2,STOP_BEFORE_TARGET,False,True,False,True,False,,7,STOP_BEFORE_TARGET,2024-04-03,2024-04-05,2024-04-09,2024-04-16,2024-04-30
MA|2024-04-03T00:00:00|Long,MA,2024-04-03,Long,-0.016023677681917037,0.009509400317653238,-0.017636490283013395,True,0.002995250797121596,0.009509400317653238,-0.017636490283013395,True,-0.017280381567516323,0.009509400317653238,-0.02008719070366405,True,-0.0361526732859464,0.009509400317653238,-0.04036282306830197,True,-0.07404382956154909,0.009509400317653238,-0.0817728780673147,True,20,True,False,True,False,True,False,,4,STOP_BEFORE_TARGET,False,True,False,True,False,,7,STOP_BEFORE_TARGET,2024-04-04,2024-04-08,2024-04-10,2024-04-17,2024-05-01
MA|2024-04-04T00:00:00|Long,MA,2024-04-04,Long,0.01570982620304795,0.020307828869511324,0.005875236456504895,True,0.005087627358775215,0.021095437967241004,-0.004129685775541958,True,-0.0031078857509470037,0.021095437967241004,-0.01187812483292372,True,-0.03207947965829305,0.021095437967241004,-0.03399536282475968,True,-0.06102983072705792,0.021095437967241004,-0.06752240875859772,True,20,True,False,True,False,True,False,,7,STOP_BEFORE_TARGET,False,True,False,True,False,,10,STOP_BEFORE_TARGET,2024-04-05,2024-04-09,2024-04-11,2024-04-18,2024-05-02
MA|2024-04-05T00:00:00|Long,MA,2024-04-05,Long,0.003562846544644449,0.005302313343098941,-0.00601486986041988,True,-0.016724259815208642,0.005302313343098941,-0.019532657326703617,True,-0.02466727269040969,0.005302313343098941,-0.031520504531714955,True,-0.04560406481482138,0.005302313343098941,-0.05147227889082173,True,-0.07035525045296687,0.005302313343098941,-0.08435502570441622,True,20,True,False,True,False,True,False,,4,STOP_BEFORE_TARGET,False,True,False,True,False,,5,STOP_BEFORE_TARGET,2024-04-08,2024-04-10,2024-04-12,2024-04-19,2024-05-03
MA|2024-04-08T00:00:00|Long,MA,2024-04-08,Long,-0.013970977041107169,8.355130920323361e-05,-0.02301351026581744,True,-0.022011085748307124,8.355130920323361e-05,-0.03061502239793279,True,-0.039803690750028875,8.355130920323361e-05,-0.04264386168415346,True,-0.04615225189897598,8.355130920323361e-05,-0.05483973985780477,True,-0.06156418630170235,8.355130920323361e-05,-0.08760574641814389,True,20,True,False,True,False,True,False,,1,STOP_BEFORE_TARGET,False,True,False,True,False,,3,STOP_BEFORE_TARGET,2024-04-09,2024-04-11,2024-04-15,2024-04-22,2024-05-06
MA|2024-04-09T00:00:00|Long,MA,2024-04-09,Long,-0.006332578386954446,0.004722998494222308,-0.007010330254407782,True,-0.014359536442542065,0.004722998494222308,-0.021285196188999822,True,-0.026135200445147166,0.004722998494222308,-0.029079148762786167,True,-0.019781422114217406,0.004722998494222308,-0.04144782949091885,True,-0.04045240163371422,0.004722998494222308,-0.07467809533239933,True,20,True,False,True,False,True,False,,3,STOP_BEFORE_TARGET,False,True,False,True,False,,7,STOP_BEFORE_TARGET,2024-04-10,2024-04-12,2024-04-16,2024-04-23,2024-05-07
MA|2024-04-10T00:00:00|Long,MA,2024-04-10,Long,-0.0018330580483125747,0.0025150641388187456,-0.010614512530211395,True,-0.01999276299498043,0.003900476415565901,-0.02289153280169598,True,-0.019204146701103708,0.003900476415565901,-0.023488328784566304,True,-0.01421662347728403,0.003900476415565901,-0.03533903833433627,True,-0.03069255067871146,0.003900476415565901,-0.06878107851669102,True,20,True,False,True,False,True,False,,3,STOP_BEFORE_TARGET,False,True,False,True,False,,6,STOP_BEFORE_TARGET,2024-04-11,2024-04-15,2024-04-17,2024-04-24,2024-05-08
MA|2024-04-11T00:00:00|Long,MA,2024-04-11,Long,-0.006256523864653696,0.002583740388601763,-0.01323911989783122,True,-0.018128996345658344,0.005744063666011545,-0.021097147048577236,True,-0.02906191501892863,0.005744063666011545,-0.030983771094507895,True,-0.01323911989783122,0.005744063666011545,-0.03356751148310955,True,-0.027375045143286147,0.005744063666011545,-0.06707096544138891,True,20,True,False,True,False,True,False,,2,STOP_BEFORE_TARGET,False,True,False,True,False,,5,STOP_BEFORE_TARGET,2024-04-12,2024-04-16,2024-04-18,2024-04-25,2024-05-09
MA|2024-04-12T00:00:00|Long,MA,2024-04-12,Long,-0.012011681377024908,0.012076142202548379,-0.01493405847718221,True,-0.011216642670364818,0.012076142202548379,-0.015535714707271775,True,-0.02146630738226618,0.012076142202548379,-0.02748293525877321,True,-0.006360375228891657,0.012076142202548379,-0.02748293525877321,True,-0.018049752478299097,0.012076142202548379,-0.061197324095391026,True,20,True,False,True,False,True,False,,4,STOP_BEFORE_TARGET,False,True,False,True,False,,12,STOP_BEFORE_TARGET,2024-04-15,2024-04-17,2024-04-19,2024-04-26,2024-05-10
MA|2024-04-15T00:00:00|Long,MA,2024-04-15,Long,6.524452193246155e-05,0.007807904197943971,-0.001718194241371096,True,-0.01107026304029246,0.007873148719876655,-0.013027731443990054,True,-0.006611732504893886,0.007873148719876655,-0.015659348992416833,True,-0.00585050216710703,0.01818218142238237,-0.015659348992416833,True,-0.0044150563117304475,0.01818218142238237,-0.04978362779321055,True,20,True,False,True,False,True,False,,12,STOP_BEFORE_TARGET,False,True,False,True,False,,12,STOP_BEFORE_TARGET,2024-04-16,2024-04-18,2024-04-22,2024-04-29,2024-05-13
MA|2024-04-16T00:00:00|Long,MA,2024-04-16,Long,0.0007394117969532488,0.00780739480820225,-0.0036318850879336617,True,-0.00963418860688603,0.00780739480820225,-0.01572356763769578,True,0.0065242920103838475,0.00780739480820225,-0.01572356763769578,True,-0.01874645509087114,0.01811575494667883,-0.019442395500426035,True,-0.012222163080487403,0.01811575494667883,-0.049845620161485305,True,20,True,False,True,False,True,False,,11,STOP_BEFORE_TARGET,False,True,False,True,False,,11,STOP_BEFORE_TARGET,2024-04-17,2024-04-19,2024-04-23,2024-04-30,2024-05-14
MA|2024-04-17T00:00:00|Long,MA,2024-04-17,Long,-0.011865419444596847,0.00380302500450469,-0.013821313931079326,True,-0.007410473824259856,0.00380302500450469,-0.016450815507593197,True,0.005085179761969982,0.017363504369758198,-0.016450815507593197,True,-0.03931240480251286,0.017363504369758198,-0.047331359974713716,True,-0.004694027392470712,0.017363504369758198,-0.0505476564249695,True,20,True,False,True,False,True,False,,9,STOP_BEFORE_TARGET,False,True,False,True,False,,10,STOP_BEFORE_TARGET,2024-04-18,2024-04-22,2024-04-24,2024-05-01,2024-05-15
MA|2024-04-18T00:00:00|Long,MA,2024-04-18,Long,0.0015174893839502435,0.011348082265240533,-0.004640457032096812,True,0.017857917086420372,0.018209805491553155,-0.004640457032096812,True,0.01629639970442187,0.029579901755817817,-0.004640457032096812,True,-0.029909843277777015,0.029579901755817817,-0.03661760274262216,True,0.009170844069072981,0.029579901755817817,-0.03914672934392238,True,20,True,False,True,False,True,False,,9,STOP_BEFORE_TARGET,False,True,False,True,False,,9,STOP_BEFORE_TARGET,2024-04-19,2024-04-23,2024-04-25,2024-05-02,2024-05-16
MA|2024-04-19T00:00:00|Long,MA,2024-04-19,Long,0.0029864189108590455,0.011748117907389055,-0.0005709606211408147,True,0.015612958393590226,0.02801989248248593,-0.0005709606211408147,True,0.015437314287016335,0.02801989248248593,-0.0005709606211408147,True,-0.02593387579059947,0.02801989248248593,-0.040602604706270196,True,0.010716032869103831,0.02801989248248593,-0.040602604706270196,True,20,True,False,True,False,True,False,,8,STOP_BEFORE_TARGET,False,True,False,True,False,,8,STOP_BEFORE_TARGET,2024-04-22,2024-04-24,2024-04-26,2024-05-03,2024-05-17
MA|2024-04-22T00:00:00|Long,MA,2024-04-22,Long,0.013289561738847766,0.013639870796558595,0.0012260482946770956,True,0.011735052767515075,0.02495893573395591,-6.567877240692965e-05,True,0.000766296887828366,0.02495893573395591,-0.00234265424021618,True,-0.016157646158319605,0.02495893573395591,-0.04345923613249181,True,0.006371108181958185,0.02495893573395591,-0.04345923613249181,True,20,True,False,True,False,True,False,,7,STOP_BEFORE_TARGET,False,True,False,True,False,,7,STOP_BEFORE_TARGET,2024-04-23,2024-04-25,2024-04-29,2024-05-06,2024-05-20
MA|2024-04-23T00:00:00|Long,MA,2024-04-23,Long,-0.0006914293227486823,0.011516327055696607,-0.005336850571744711,True,-0.0008642536842712323,0.011516327055696607,-0.01318008298470641,True,-0.025106942079639483,0.011516327055696607,-0.025798371402388276,True,-0.021088132775530233,0.011516327055696607,-0.056004522314387906,True,-0.008037684546548074,0.011516327055696607,-0.056004522314387906,True,20,True,False,True,False,True,False,,5,STOP_BEFORE_TARGET,False,True,False,True,False,,6,STOP_BEFORE_TARGET,2024-04-24,2024-04-26,2024-04-30,2024-05-07,2024-05-21
MA|2024-04-24T00:00:00|Long,MA,2024-04-24,Long,-0.0008432749155405928,0.00324324324324321,-0.01249729465793914,True,-0.011675662478885185,0.0050162320523647885,-0.014745961782094641,True,-0.04417295713682434,0.0050162320523647885,-0.05215134079391892,True,-0.0167135372677365,0.0050162320523647885,-0.055351364548141935,True,-0.012929753483952755,0.005254038217905377,-0.055351364548141935,True,20,True,False,True,False,True,False,,4,STOP_BEFORE_TARGET,False,True,False,True,False,,5,STOP_BEFORE_TARGET,2024-04-25,2024-04-29,2024-05-01,2024-05-08,2024-05-22
MA|2024-04-25T00:00:00|Long,MA,2024-04-25,Long,0.000670896725886605,0.005864452313434798,-0.0025318278055951327,True,-0.023609040034551887,0.005864452313434798,-0.024301531723462944,True,-0.04546532192344421,0.005864452313434798,-0.05206552189148106,True,-0.014325583361180061,0.005864452313434798,-0.05455409373138509,True,-0.023587445071527546,0.0061024591841991604,-0.05455409373138509,True,20,True,False,True,False,True,False,,3,STOP_BEFORE_TARGET,False,True,False,True,False,,4,STOP_BEFORE_TARGET,2024-04-26,2024-04-30,2024-05-02,2024-05-09,2024-05-23
MA|2024-04-26T00:00:00|Long,MA,2024-04-26,Long,-0.011504708208417869,-0.0017949419699445635,-0.014575538593133208,True,-0.04400762404868508,-0.0017949419699445635,-0.05198738775755596,True,-0.040742239324408125,-0.0017949419699445635,-0.05518796503222323,True,-0.011764201988321621,-0.0017949419699445635,-0.05518796503222323,True,-0.02430695131172056,0.005427920883963155,-0.05518796503222323,True,20,True,False,True,False,True,False,,2,STOP_BEFORE_TARGET,False,True,False,True,False,,3,STOP_BEFORE_TARGET,2024-04-29,2024-05-01,2024-05-03,2024-05-10,2024-05-24
MA|2024-04-29T00:00:00|Long,MA,2024-04-29,Long,-0.012907446549340618,0.0013563664600937386,-0.013607528194376162,True,-0.035003281090257965,0.0013563664600937386,-0.041675821606164565,True,-0.016910984211576663,0.0013563664600937386,-0.044191669081834806,True,0.0014438933565883438,0.0035440715282348823,-0.044191669081834806,True,-0.026296257647670962,0.01712970130762237,-0.044191669081834806,True,20,True,False,True,False,True,False,,2,STOP_BEFORE_TARGET,False,True,False,True,False,,2,STOP_BEFORE_TARGET,2024-04-30,2024-05-02,2024-05-06,2024-05-13,2024-05-28
MA|2024-04-30T00:00:00|Long,MA,2024-04-30,Long,-0.020234939352402392,-0.004920215338302114,-0.02841313603142448,True,-0.016888354230073066,-0.004920215338302114,-0.03169330213578403,True,0.004122307848495987,0.004654201084050458,-0.03169330213578403,True,0.006648935990328564,0.017242904629459765,-0.03169330213578403,True,-0.0193484280809868,0.030429920428393098,-0.03169330213578403,True,20,True,True,True,False,True,False,12,1,STOP_BEFORE_TARGET,False,True,False,True,False,,3,STOP_BEFORE_TARGET,2024-05-01,2024-05-03,2024-05-07,2024-05-14,2024-05-29
MA|2024-05-01T00:00:00|Long,MA,2024-05-01,Long,-0.0021942253594049443,0.005858792261360213,-0.00909362649500367,True,0.01651319400100104,0.019069361268833074,-0.01169501061387912,True,0.028728440018638945,0.02949754068653676,-0.01169501061387912,True,0.0360349999137084,0.03825186821531501,-0.01169501061387912,True,6.785979324508418e-05,0.05171123345356654,-0.01169501061387912,True,20,True,True,False,True,False,False,6,,TARGET_BEFORE_STOP,True,False,True,False,False,11,,TARGET_BEFORE_STOP,2024-05-02,2024-05-06,2024-05-08,2024-05-15,2024-05-30
MA|2024-05-02T00:00:00|Long,MA,2024-05-02,Long,0.005622263510393077,0.009430976206182828,-0.009521677961721875,True,0.027114013352045552,0.02765808551494353,-0.009521677961721875,True,0.03262295155689121,0.03384718310857959,-0.009521677961721875,True,0.04028562404848768,0.05402399964300453,-0.009521677961721875,True,0.013534348533430052,0.05402399964300453,-0.009521677961721875,True,20,True,True,False,True,False,False,4,,TARGET_BEFORE_STOP,True,False,True,False,False,10,,TARGET_BEFORE_STOP,2024-05-03,2024-05-07,2024-05-09,2024-05-16,2024-05-31
MA|2024-05-03T00:00:00|Long,MA,2024-05-03,Long,0.0130529075255712,0.015600373410009638,0.0044637067637531835,True,0.02522657193773825,0.02599305452979106,0.0044637067637531835,True,0.030208811983629458,0.03381577269955627,0.0044637067637531835,True,0.03762568859424231,0.048131130235375075,0.0044637067637531835,True,-0.0008791743150383668,0.048131130235375075,-0.01282738648286863,True,20,True,True,False,True,False,False,5,,TARGET_BEFORE_STOP,False,False,False,False,True,,,NEITHER,2024-05-06,2024-05-08,2024-05-10,2024-05-17,2024-06-03
MA|2024-05-06T00:00:00|Long,MA,2024-05-06,Long,0.008211501616711026,0.008745560937499564,-0.004094613253852852,True,0.013619055975447436,0.014820757359139236,-0.004094613253852852,True,0.01867061606160325,0.020806921256674826,-0.004094613253852852,True,0.022898744145653183,0.03462624947741788,-0.004094613253852852,True,-0.010236567090590953,0.03462624947741788,-0.025546833552507753,True,20,True,True,True,True,False,False,8,18,TARGET_BEFORE_STOP,False,False,False,False,True,,,NEITHER,2024-05-07,2024-05-09,2024-05-13,2024-05-20,2024-06-04
MA|2024-05-07T00:00:00|Long,MA,2024-05-07,Long,0.0037743156851028914,0.004524760084791302,-0.0069306143728862235,True,0.00865230532127792,0.012183792529504744,-0.0069306143728862235,True,0.002516255362602582,0.013066731690362321,-0.008299143128695063,True,0.013331586495099357,0.026199609723108086,-0.008299143128695063,True,-0.014126150909310131,0.026199609723108086,-0.03348338628857728,True,20,True,False,True,False,True,False,,14,STOP_BEFORE_TARGET,False,True,False,True,False,,17,STOP_BEFORE_TARGET,2024-05-08,2024-05-10,2024-05-14,2024-05-21,2024-06-05
MA|2024-05-08T00:00:00|Long,MA,2024-05-08,Long,0.0015832206128305604,0.002770652848834043,-0.002682677507698128,True,0.006574797863064807,0.00868573631166436,-0.002682677507698128,True,0.0071025156988338,0.009257475370763046,-0.01202806111407384,True,0.003848099132037097,0.022340972156374983,-0.01202806111407384,True,-0.013391376926826015,0.022340972156374983,-0.03711760840209466,True,20,True,False,True,False,True,False,,13,STOP_BEFORE_TARGET,False,True,False,True,False,,15,STOP_BEFORE_TARGET,2024-05-09,2024-05-13,2024-05-15,2024-05-22,2024-06-06
MA|2024-05-09T00:00:00|Long,MA,2024-05-09,Long,0.0032712480710859193,0.006783895154975017,-0.001119627783224053,True,-0.0028320666864269928,0.007662123925395781,-0.013589766129045278,True,0.007420590913695513,0.020724939392299024,-0.013589766129045278,True,-0.00939647164824542,0.020724939392299024,-0.013589766129045278,True,-0.012513955985114289,0.020724939392299024,-0.03863965391836899,True,20,True,False,True,False,True,False,,12,STOP_BEFORE_TARGET,False,True,False,True,False,,13,STOP_BEFORE_TARGET,2024-05-10,2024-05-14,2024-05-16,2024-05-23,2024-06-07
MA|2024-05-10T00:00:00|Long,MA,2024-05-10,Long,0.0017068553559123067,0.0038075849983447707,-0.003216773568564424,True,0.0022320210712725164,0.004376559043979267,-0.016806037482434144,True,0.007199391545032352,0.017396782131223087,-0.016806037482434144,True,-0.012692061296134871,0.017396782131223087,-0.016806037482434144,True,-0.016915424746137053,0.017396782131223087,-0.041774248061064,True,20,True,False,True,False,True,False,,11,STOP_BEFORE_TARGET,False,True,False,True,False,,11,STOP_BEFORE_TARGET,2024-05-13,2024-05-15,2024-05-17,2024-05-24,2024-06-10
MA|2024-05-13T00:00:00|Long,MA,2024-05-13,Long,-0.007776995549297783,0.002665154654570623,-0.018481347850782814,True,0.0024248193985552113,0.01566319197220234,-0.018481347850782814,True,0.00415063320506559,0.01566319197220234,-0.018481347850782814,True,-0.027700154934572785,0.01566319197220234,-0.03355473510454754,True,-0.019049285727619103,0.01566319197220234,-0.043407013922778015,True,20,True,False,True,False,True,False,,10,STOP_BEFORE_TARGET,False,True,False,True,False,,10,STOP_BEFORE_TARGET,2024-05-14,2024-05-16,2024-05-20,2024-05-28,2024-06-11
MA|2024-05-14T00:00:00|Long,MA,2024-05-14,Long,0.008366331331661536,0.009687348697117182,-0.00310436729241359,True,0.013364105335765153,0.02362391056885116,-0.00310436729241359,True,0.010788185303374442,0.02362391056885116,-0.00310436729241359,True,-0.0258256509710999,0.02362391056885116,-0.027300801586967793,True,-0.024658766856056613,0.02362391056885116,-0.035909284720933465,True,20,True,False,True,False,True,False,,9,STOP_BEFORE_TARGET,False,True,False,True,False,,12,STOP_BEFORE_TARGET,2024-05-15,2024-05-17,2024-05-21,2024-05-29,2024-06-12
MA|2024-05-15T00:00:00|Long,MA,2024-05-15,Long,0.001899552657614656,0.015130988375068322,0.0017904090048443955,True,0.003624462144343532,0.015130988375068322,0.00024014268900107716,True,-0.003231465035650971,0.015130988375068322,-0.006179009983112715,True,-0.034716143878786854,0.015130988375068322,-0.03783839862940097,True,-0.028384279475982543,0.015130988375068322,-0.043908264959743426,True,20,True,False,True,False,True,False,,8,STOP_BEFORE_TARGET,False,True,False,True,False,,8,STOP_BEFORE_TARGET,2024-05-16,2024-05-20,2024-05-22,2024-05-30,2024-06-13
MA|2024-05-16T00:00:00|Long,MA,2024-05-16,Long,0.0030509597737520266,0.006145547440944643,-0.0016562638082947556,True,0.0005012552330194708,0.007300556016220039,-0.007060802120102849,True,-0.01669318923359353,0.007910747970970355,-0.01837120048267349,True,-0.025715317886398803,0.007910747970970355,-0.042735383791120296,True,-0.031032733423196124,0.007910747970970355,-0.04572096823064686,True,20,True,False,True,False,True,False,,7,STOP_BEFORE_TARGET,False,True,False,True,False,,7,STOP_BEFORE_TARGET,2024-05-17,2024-05-21,2024-05-23,2024-05-31,2024-06-14
MA|2024-05-17T00:00:00|Long,MA,2024-05-17,Long,-0.001325277263611424,0.0042366703317111565,-0.0032372091814371062,True,-0.008147391942794235,0.004845006277960584,-0.011080399999283896,True,-0.019749270112895845,0.004845006277960584,-0.021617706839360262,True,-0.03710862532850967,0.004845006277960584,-0.0486235794195341,True,-0.026419284229605045,0.004845006277960584,-0.0486235794195341,True,20,True,False,True,False,True,False,,4,STOP_BEFORE_TARGET,False,True,False,True,False,,6,STOP_BEFORE_TARGET,2024-05-20,2024-05-22,2024-05-24,2024-06-03,2024-06-17
MA|2024-05-20T00:00:00|Long,MA,2024-05-20,Long,-0.0012182864598447862,0.0015881542455555842,-0.00876734705475768,True,-0.01838317917528176,0.006178471729679336,-0.020058306459660225,True,-0.03171913365027368,0.006178471729679336,-0.03754951404976414,True,-0.032393539855129494,0.006178471729679336,-0.04736106870345569,True,-0.020776265575560005,0.006178471729679336,-0.04736106870345569,True,20,True,False,True,False,True,False,,3,STOP_BEFORE_TARGET,False,True,False,True,False,,5,STOP_BEFORE_TARGET,2024-05-21,2024-05-23,2024-05-28,2024-06-04,2024-06-18
MA|2024-05-21T00:00:00|Long,MA,2024-05-21,Long,-0.005619727849147549,0.007405780551694718,-0.008560210462935869,True,-0.017251172560317052,0.007405780551694718,-0.019124370861622664,True,-0.03622305524226643,0.007405780551694718,-0.03768246151285426,True,-0.027096498096323973,0.007405780551694718,-0.04619906594010326,True,-0.01435416303698489,0.007405780551694718,-0.04619906594010326,True,20,True,False,True,False,True,False,,4,STOP_BEFORE_TARGET,False,True,False,True,False,,4,STOP_BEFORE_TARGET,2024-05-22,2024-05-24,2024-05-29,2024-06-05,2024-06-20
MA|2024-05-22T00:00:00|Long,MA,2024-05-22,Long,-0.01163146781385449,0.0033514387455464423,-0.013318116881150477,True,-0.025059149033370476,0.0033514387455464423,-0.030929631685338133,True,-0.031586750322392554,0.0033514387455464423,-0.034719127239492775,True,-0.017173391147295103,0.0033514387455464423,-0.040808671719906764,True,-0.003658071826743714,0.0033514387455464423,-0.040808671719906764,True,20,True,False,True,False,True,False,,3,STOP_BEFORE_TARGET,False,True,False,True,False,,3,STOP_BEFORE_TARGET,2024-05-23,2024-05-28,2024-05-30,2024-06-06,2024-06-21
MA|2024-05-23T00:00:00|Long,MA,2024-05-23,Long,-6.648518398300052e-05,0.00718073804506103,-0.0019724388814824634,True,-0.01937011679681555,0.00718073804506103,-0.020855042752408126,True,-0.009175293564552045,0.00718073804506103,-0.026484302022914852,True,-0.0031470555551685875,0.00718073804506103,-0.029520571483104496,True,0.012743512131584644,0.026284914105944468,-0.029520571483104496,True,20,True,False,True,False,True,False,,3,STOP_BEFORE_TARGET,False,False,False,False,True,,,NEITHER,2024-05-24,2024-05-29,2024-05-31,2024-06-07,2024-06-24
MA|2024-05-24T00:00:00|Long,MA,2024-05-24,Long,-0.01352011658881136,-0.0012189986300300548,-0.01946008006078892,True,-0.02012497610635522,-0.0012189986300300548,-0.02329442665601389,True,-0.01770909695483025,-0.0012189986300300548,-0.029456044689672112,True,-0.004277655718586182,0.004033883048370379,-0.029456044689672112,True,0.009907356915791476,0.026353151384045814,-0.029456044689672112,True,20,True,False,True,False,True,False,,2,STOP_BEFORE_TARGET,False,False,False,False,True,,,NEITHER,2024-05-28,2024-05-30,2024-06-03,2024-06-10,2024-06-25
MA|2024-05-28T00:00:00|Long,MA,2024-05-28,Long,-0.005864081581522074,-0.0011683046404231678,-0.007369459149483282,True,0.004471153078077217,0.0050777609279406555,-0.013076249173687882,True,-0.0006964985349737773,0.0050777609279406555,-0.016154336615314735,True,0.008897326530347804,0.01779458449419269,-0.016154336615314735,True,0.016401587424245134,0.040419747673898554,-0.016154336615314735,True,20,True,True,False,True,False,False,18,,TARGET_BEFORE_STOP,False,False,False,False,True,,,NEITHER,2024-05-29,2024-05-31,2024-06-04,2024-06-11,2024-06-26
MA|2024-05-29T00:00:00|Long,MA,2024-05-29,Long,-0.0008362038469653665,0.00388727194150551,-0.004068044812084115,True,0.0016272317190244578,0.011006384848129658,-0.010350953871743118,True,0.009469574049871587,0.011526218928843868,-0.010350953871743118,True,0.0011978185590768575,0.023798220783886714,-0.010350953871743118,True,0.0006328085034565945,0.04655684237729907,-0.010350953871743118,True,20,True,True,False,True,False,False,17,,TARGET_BEFORE_STOP,False,False,False,False,True,,,NEITHER,2024-05-30,2024-06-03,2024-06-05,2024-06-12,2024-06-27
MA|2024-05-30T00:00:00|Long,MA,2024-05-30,Long,0.011241803103570591,0.011852499801024763,-0.006423877626515195,True,0.00603931887196385,0.011852499801024763,-0.009522712953983437,True,0.014883479939887145,0.017371618569901104,-0.009522712953983437,True,0.006559588003727246,0.0246550412712101,-0.009522712953983437,True,-0.002126221281223306,0.047432709638536075,-0.009522712953983437,True,20,True,True,False,True,False,False,16,,TARGET_BEFORE_STOP,False,False,False,False,True,,,NEITHER,2024-05-31,2024-06-04,2024-06-06,2024-06-13,2024-06-28
MA|2024-05-31T00:00:00|Long,MA,2024-05-31,Long,-0.008678741179787286,-0.004630163711066282,-0.02053368046477755,True,-0.0009170905124307183,0.001118393074482027,-0.02053368046477755,True,0.006084061055633638,0.013264125480644928,-0.02053368046477755,True,-0.005457763664375559,0.013264125480644928,-0.02053368046477755,True,-0.021160046117331577,0.03578857838342242,-0.025767820123293594,True,20,True,True,True,False,True,False,15,1,STOP_BEFORE_TARGET,False,False,False,False,True,,,NEITHER,2024-06-03,2024-06-05,2024-06-07,2024-06-14,2024-07-01
MA|2024-06-03T00:00:00|Long,MA,2024-06-03,Long,0.003565032071034757,0.003813268422339311,-0.004219398242032213,True,0.01238744151296789,0.014869460731488093,-0.004219398242032213,True,0.013673588134233583,0.022134970339026783,-0.004219398242032213,True,0.011101294891702196,0.022134970339026783,-0.008732135417921949,True,0.00329427885790623,0.044856618545768834,-0.018479664243980842,True,20,True,True,False,True,False,False,14,,TARGET_BEFORE_STOP,False,False,False,False,True,,,NEITHER,2024-06-04,2024-06-06,2024-06-10,2024-06-17,2024-07-02
MA|2024-06-04T00:00:00|Long,MA,2024-06-04,Long,0.004249420363610534,0.006295429951908904,-0.005530929504783844,True,0.011286776660409226,0.018503971017871823,-0.005530929504783844,True,0.009600511807730694,0.018503971017871823,-0.005530929504783844,True,0.012006197517356432,0.018503971017871823,-0.012253483427555611,True,0.007666892430560512,0.0411449035739333,-0.021966385446414494,True,20,True,True,True,True,False,False,13,18,TARGET_BEFORE_STOP,False,False,False,False,True,,,NEITHER,2024-06-05,2024-06-07,2024-06-11,2024-06-18,2024-07-03
MA|2024-06-05T00:00:00|Long,MA,2024-06-05,Long,0.00452243092533533,0.00698516789416348,-0.004544841182673953,True,0.005798585762449182,0.014194233389848598,-0.005126961281839426,True,-0.008194160283216512,0.014194233389848598,-0.011328521732654528,True,0.013097223963534077,0.01750774025008628,-0.01643307275715511,True,0.006335885346937076,0.03673936221637453,-0.02610487522166849,True,20,True,True,True,True,False,False,12,17,TARGET_BEFORE_STOP,False,False,False,False,True,,,NEITHER,2024-06-06,2024-06-10,2024-06-12,2024-06-20,2024-07-05
MA|2024-06-06T00:00:00|Long,MA,2024-06-06,Long,0.002473958917848851,0.009628259326776911,-0.0031648010460371134,True,0.0008023889520760719,0.009628259326776911,-0.00960594996199926,True,-0.008201820308133101,0.009628259326776911,-0.02086116052499376,True,0.013751478845621001,0.014754380015270963,-0.02086116052499376,True,-0.005438179729955972,0.032071888391145276,-0.03048941985177056,True,20,True,True,True,False,True,False,11,5,STOP_BEFORE_TARGET,False,True,False,True,False,,17,STOP_BEFORE_TARGET,2024-06-07,2024-06-11,2024-06-13,2024-06-21,2024-07-08
MA|2024-06-07T00:00:00|Long,MA,2024-06-07,Long,-0.001200579236228072,0.0008448495422159752,-0.012050097433840778,True,-0.01509595236872352,0.006025014792669481,-0.018208502380702152,True,-0.011472028200008477,0.006025014792669481,-0.023277531785496408,True,0.01594073406243779,0.029524886117986204,-0.023277531785496408,True,-0.011316383737284053,0.029524886117986204,-0.032882029978317684,True,20,True,False,True,False,True,False,,4,STOP_BEFORE_TARGET,False,True,False,True,False,,15,STOP_BEFORE_TARGET,2024-06-10,2024-06-12,2024-06-14,2024-06-24,2024-07-09
MA|2024-06-10T00:00:00|Long,MA,2024-06-10,Long,-0.00046742672248889505,0.0,-0.009215391537980011,True,-0.009460211463550361,0.0072342793544797335,-0.02210348953985808,True,-0.0025375952107679067,0.0072342793544797335,-0.02210348953985808,True,0.01424595191204081,0.03076239805057046,-0.02210348953985808,True,-0.0347467676161658,0.03076239805057046,-0.044963855775250416,True,20,True,True,True,False,True,False,9,3,STOP_BEFORE_TARGET,False,True,False,True,False,,14,STOP_BEFORE_TARGET,2024-06-11,2024-06-13,2024-06-17,2024-06-25,2024-07-10
MA|2024-06-11T00:00:00|Long,MA,2024-06-11,Long,-0.01345093628626548,0.00770530774371303,-0.016568684972002812,True,-0.00982095933144056,0.00770530774371303,-0.02164618082072467,True,0.002382809518705953,0.00770530774371303,-0.02164618082072467,True,0.0074380818509103275,0.03124442925422155,-0.02164618082072467,True,-0.02810438909014268,0.03124442925422155,-0.04451723759922677,True,20,True,True,True,False,True,False,8,2,STOP_BEFORE_TARGET,False,True,False,True,False,,13,STOP_BEFORE_TARGET,2024-06-12,2024-06-14,2024-06-18,2024-06-26,2024-07-11
MA|2024-06-12T00:00:00|Long,MA,2024-06-12,Long,0.004514672686230181,0.004853259360009909,-0.008306981209438513,True,0.011534955646868017,0.014311504148737386,-0.008306981209438513,True,0.021467290667325,0.025914246018799325,-0.008306981209438513,True,-0.0005643340857788282,0.04530475693954572,-0.008306981209438513,True,-0.006523735098053041,0.04530475693954572,-0.031489869541831306,True,20,True,True,True,True,False,False,7,18,TARGET_BEFORE_STOP,False,True,False,True,False,,18,STOP_BEFORE_TARGET,2024-06-13,2024-06-17,2024-06-20,2024-06-27,2024-07-12
MA|2024-06-13T00:00:00|Long,MA,2024-06-13,Long,-0.0008314497015449174,-8.990684252108139e-05,-0.008539298411165741,True,0.011483113149578728,0.013932611701193753,-0.008539298411165741,True,0.0221348451764396,0.023146039984199396,-0.008539298411165741,True,-0.008629205253686822,0.04060675803195224,-0.014112356807408744,True,-0.0022471910112359383,0.04060675803195224,-0.0358427240607444,True,20,True,True,True,True,False,False,6,11,TARGET_BEFORE_STOP,False,True,False,True,False,,17,STOP_BEFORE_TARGET,2024-06-14,2024-06-18,2024-06-21,2024-06-28,2024-07-15
MA|2024-06-14T00:00:00|Long,MA,2024-06-14,Long,0.007826688326324716,0.01059305805580868,-0.006634757381721812,True,0.017722611601278082,0.022153264501597603,-0.006634757381721812,True,0.027730891835595628,0.04147269018937738,-0.006634757381721812,True,-0.01578845209310653,0.04147269018937738,-0.020421512246428075,True,-0.002473980818738397,0.04147269018937738,-0.03504040869655223,True,20,True,True,True,True,False,False,5,10,TARGET_BEFORE_STOP,False,True,False,True,False,,16,STOP_BEFORE_TARGET,2024-06-17,2024-06-20,2024-06-24,2024-07-01,2024-07-16
MA|2024-06-17T00:00:00|Long,MA,2024-06-17,Long,0.004463189987678806,0.0068956884614934655,-0.0031464890107839594,True,0.015040996568432385,0.016045173453935302,-0.0031464890107839594,True,0.016826245322353994,0.03338471014190736,-0.0031464890107839594,True,-0.0077212996098794395,0.03338471014190736,-0.02925617767985489,True,0.006806405592934883,0.03338471014190736,-0.042534195134349306,True,20,True,True,True,True,False,False,4,8,TARGET_BEFORE_STOP,False,True,False,True,False,,15,STOP_BEFORE_TARGET,2024-06-18,2024-06-21,2024-06-25,2024-07-02,2024-07-17
MA|2024-06-18T00:00:00|Long,MA,2024-06-18,Long,0.005332084361976408,0.00970879513226608,-0.0038879386304507824,True,0.015218516199247079,0.028793011473703833,-0.0038879386304507824,True,0.005043255215671394,0.028793011473703833,-0.0038879386304507824,True,-0.00428782461751831,0.028793011473703833,-0.03356954043079208,True,-0.0030880988560467726,0.028793011473703833,-0.046788558894432564,True,20,True,False,True,False,True,False,,7,STOP_BEFORE_TARGET,False,True,False,True,False,,8,STOP_BEFORE_TARGET,2024-06-20,2024-06-24,2024-06-26,2024-07-03,2024-07-18
MA|2024-06-20T00:00:00|Long,MA,2024-06-20,Long,0.005171148234052625,0.006165560909445533,-0.004972265698974021,True,0.006939037950753235,0.02333649495193102,-0.004972265698974021,True,-0.02156860523523041,0.02333649495193102,-0.023226027134888305,True,-0.006673928677984775,0.02333649495193102,-0.038695298198362926,True,-0.019491297725738765,0.02333649495193102,-0.05184420557858427,True,20,True,False,True,False,True,False,,5,STOP_BEFORE_TARGET,False,True,False,True,False,,6,STOP_BEFORE_TARGET,2024-06-21,2024-06-25,2024-06-27,2024-07-05,2024-07-19
MA|2024-06-21T00:00:00|Long,MA,2024-06-21,Long,0.004638859675165863,0.018071894273718803,0.0001758526353574652,True,-0.005430364268569465,0.018071894273718803,-0.007606884486422771,True,-0.03009783941454025,0.018071894273718803,-0.0354622505581359,True,-0.018929351992096333,0.018071894273718803,-0.04364077352347695,True,-0.015191829326999695,0.018071894273718803,-0.056722035757597156,True,20,True,False,True,False,True,False,,4,STOP_BEFORE_TARGET,False,True,False,True,False,,5,STOP_BEFORE_TARGET,2024-06-24,2024-06-26,2024-06-28,2024-07-08,2024-07-22
MA|2024-06-24T00:00:00|Long,MA,2024-06-24,Long,-0.0028667664195772824,0.00733107091683971,-0.006915274249824632,True,-0.031096795607488237,0.00733107091683971,-0.03273807715078436,True,-0.04234507717382485,0.00733107091683971,-0.04685312513669837,True,-0.02682943688135131,0.00733107091683971,-0.04805670488821545,True,-0.03335081958892494,0.00733107091683971,-0.061077565178598525,True,20,True,False,True,False,True,False,,3,STOP_BEFORE_TARGET,False,True,False,True,False,,3,STOP_BEFORE_TARGET,2024-06-25,2024-06-27,2024-07-01,2024-07-09,2024-07-23
MA|2024-06-25T00:00:00|Long,MA,2024-06-25,Long,-0.007176536941674527,-0.0021288296580631583,-0.009349235828179703,True,-0.03180070323377826,-0.0021288296580631583,-0.037155696044248065,True,-0.024141336875555863,-0.0021288296580631583,-0.045319859921200134,True,-0.048304574877372164,-0.0021288296580631583,-0.05837815529425572,True,-0.05091623395198319,-0.00048282941654798073,-0.05879514738017988,True,20,True,False,True,False,True,False,,2,STOP_BEFORE_TARGET,False,True,False,True,False,,3,STOP_BEFORE_TARGET,2024-06-26,2024-06-28,2024-07-02,2024-07-10,2024-07-24
MA|2024-06-26T00:00:00|Long,MA,2024-06-26,Long,-0.021287423800499528,-0.008134737689687532,-0.022945322009759073,True,-0.032649585242115475,-0.008134737689687532,-0.03720327359341069,True,-0.009284256955873316,-0.0068305325269428785,-0.03841903862951401,True,-0.03528005500422704,-0.00391268294828484,-0.05157172474032601,True,-0.05035589224417192,0.006742092400301436,-0.051991731016809206,True,20,True,False,True,False,True,False,,1,STOP_BEFORE_TARGET,False,True,False,True,False,,2,STOP_BEFORE_TARGET,2024-06-27,2024-07-01,2024-07-03,2024-07-11,2024-07-25
MA|2024-06-27T00:00:00|Long,MA,2024-06-27,Long,-0.0035911831459980448,0.012535263225225801,-0.009102199388586918,True,0.004291347027632675,0.012535263225225801,-0.017504234895539206,True,0.01522301577498597,0.016262026441629107,-0.017504234895539206,True,-0.005962766004376063,0.017752649015386757,-0.030942997644339387,True,-0.010321868603543227,0.028639170357495747,-0.03137213923983628,True,20,True,False,True,False,True,False,,8,STOP_BEFORE_TARGET,False,True,False,True,False,,8,STOP_BEFORE_TARGET,2024-06-28,2024-07-02,2024-07-05,2024-07-12,2024-07-26
MA|2024-06-28T00:00:00|Long,MA,2024-06-28,Long,-0.008047008525428057,0.0029694386338727785,-0.01271651061422474,True,0.015912569034813417,0.0184286989194955,-0.013963196144198498,True,0.011515066030683085,0.021420758026584386,-0.013963196144198498,True,0.006437565314886928,0.021420758026584386,-0.027450393890230962,True,0.0003173092068577965,0.03234651576574343,-0.027881082166205662,True,20,True,True,True,False,True,False,13,7,STOP_BEFORE_TARGET,False,False,False,False,True,,,NEITHER,2024-07-01,2024-07-03,2024-07-08,2024-07-15,2024-07-29
MA|2024-07-01T00:00:00|Long,MA,2024-07-01,Long,0.016087403808361822,0.016338805450973437,-0.005964181437646432,True,0.027147472133818962,0.028198686658292615,-0.005964181437646432,True,0.01620170264116072,0.02970681756623117,-0.005964181437646432,True,0.013528058375949614,0.02970681756623117,-0.019560791218502294,True,0.022485837126325015,0.040721208200728665,-0.01999497336188638,True,20,True,True,False,True,False,False,11,,TARGET_BEFORE_STOP,False,False,False,False,True,,,NEITHER,2024-07-02,2024-07-05,2024-07-09,2024-07-16,2024-07-30
MA|2024-07-02T00:00:00|Long,MA,2024-07-02,Long,0.007938825655575465,0.010435206819136233,-0.0008321041769172588,True,0.003575837984292729,0.013403781708958284,-0.0008321041769172588,True,-0.024761001684866835,0.013403781708958284,-0.03508378796277989,True,0.014640750826459215,0.01545034344200813,-0.03508378796277989,True,0.0428651699543956,0.06600698640816449,-0.03551109583192269,True,20,True,True,True,False,True,False,20,5,STOP_BEFORE_TARGET,True,True,False,True,False,20,5,STOP_BEFORE_TARGET,2024-07-03,2024-07-08,2024-07-10,2024-07-17,2024-07-31
MA|2024-07-03T00:00:00|Long,MA,2024-07-03,Long,0.002922927350622384,0.0039493497259490695,-0.008701847383235761,True,-0.007764693930162658,0.005421912435835008,-0.012026382745645159,True,-0.02623941148696962,0.005421912435835008,-0.04268375473121888,True,0.0012048921275977786,0.016176536477487735,-0.04268375473121888,True,0.03175066093729506,0.057610798666100305,-0.04310769699662853,True,20,True,True,True,False,True,False,19,4,STOP_BEFORE_TARGET,True,True,False,True,False,19,4,STOP_BEFORE_TARGET,2024-07-05,2024-07-09,2024-07-11,2024-07-18,2024-08-01
MA|2024-07-05T00:00:00|Long,MA,2024-07-05,Long,-0.007230416851564114,0.002491702021225173,-0.009989077247379408,True,-0.0352621324841359,0.002491702021225173,-0.04547376556872451,True,-0.020868106268443376,0.002491702021225173,-0.04547376556872451,True,-0.012903485992968422,0.013214982692515642,-0.04547376556872451,True,0.027876035176586322,0.05452848850503855,-0.04589647229308824,True,20,True,True,True,False,True,False,18,3,STOP_BEFORE_TARGET,True,True,False,True,False,18,3,STOP_BEFORE_TARGET,2024-07-08,2024-07-10,2024-07-12,2024-07-19,2024-08-02
MA|2024-07-08T00:00:00|Long,MA,2024-07-08,Long,-0.003451008562757707,0.003002860270741037,-0.007731224822860705,True,-0.02200604388119265,0.003002860270741037,-0.038521877952663264,True,-0.005019698555475793,0.003002860270741037,-0.038521877952663264,True,0.0038096366175930374,0.020594304953662768,-0.038521877952663264,True,-0.009501591805225806,0.062208700190775845,-0.038947663282450695,True,20,True,True,True,False,True,False,17,2,STOP_BEFORE_TARGET,True,True,False,True,False,17,2,STOP_BEFORE_TARGET,2024-07-09,2024-07-11,2024-07-15,2024-07-22,2024-08-05
MA|2024-07-09T00:00:00|Long,MA,2024-07-09,Long,-0.024870693175166214,-0.016393092747494675,-0.03519231838198511,True,-0.010321625206818896,-0.005554308866430158,-0.03519231838198511,True,-0.0026310173051887764,0.005531799837084073,-0.03519231838198511,True,-0.006701171361652158,0.024128581457637965,-0.03519231838198511,True,0.008095290054234372,0.065887085650288,-0.03561957818902506,True,20,True,True,True,False,True,False,16,1,STOP_BEFORE_TARGET,True,True,False,True,False,16,1,STOP_BEFORE_TARGET,2024-07-10,2024-07-12,2024-07-16,2024-07-23,2024-08-06
MA|2024-07-10T00:00:00|Long,MA,2024-07-10,Long,0.006410844676201455,0.009523969711565217,-0.008140460238054592,True,0.02389075039572064,0.02481316042010162,-0.008140460238054592,True,0.040402150221021005,0.04123229813035145,-0.008140460238054592,True,-0.0027442173259103475,0.050249002147574995,-0.01102303554885331,True,0.03735813380272779,0.09307255785489099,-0.01102303554885331,True,20,True,True,False,True,False,False,4,,TARGET_BEFORE_STOP,True,False,True,False,False,6,,TARGET_BEFORE_STOP,2024-07-11,2024-07-15,2024-07-17,2024-07-24,2024-08-07
MA|2024-07-11T00:00:00|Long,MA,2024-07-11,Long,0.008455093282377923,0.013312857751322626,0.002062219579289204,True,0.01629161159617576,0.024609298162155513,0.002062219579289204,True,0.028183830746812077,0.04355890807742413,0.002062219579289204,True,-0.015627164461714305,0.04355890807742413,-0.01732282627644366,True,0.04390259968612531,0.0861096774116854,-0.01732282627644366,True,20,True,True,False,True,False,False,4,,TARGET_BEFORE_STOP,True,False,True,False,False,14,,TARGET_BEFORE_STOP,2024-07-12,2024-07-16,2024-07-18,2024-07-25,2024-08-08
MA|2024-07-12T00:00:00|Long,MA,2024-07-12,Long,0.008838732993822207,0.009747582849080283,-0.003112847158178278,True,0.025107401963897935,0.025925346031390406,-0.003112847158178278,True,0.008134369155437415,0.034809497248695864,-0.003112847158178278,True,-0.004385250823699338,0.034809497248695864,-0.0255617922211272,True,0.03787692618339089,0.07700351225016155,-0.0255617922211272,True,20,True,True,True,True,False,False,4,8,TARGET_BEFORE_STOP,True,False,True,False,False,13,,TARGET_BEFORE_STOP,2024-07-15,2024-07-17,2024-07-19,2024-07-26,2024-08-09
MA|2024-07-15T00:00:00|Long,MA,2024-07-15,Long,-0.0010585613078899492,0.007117125365111221,-0.009684657191371016,True,0.010630633379961951,0.025743226747255044,-0.009684657191371016,True,0.008873879372536697,0.025743226747255044,-0.009684657191371016,True,-0.0060811085743947,0.025743226747255044,-0.0340991320910754,True,0.026328834327491446,0.06756756756756754,-0.0340991320910754,True,20,True,True,True,False,True,False,12,7,STOP_BEFORE_TARGET,True,True,False,True,False,12,7,STOP_BEFORE_TARGET,2024-07-16,2024-07-18,2024-07-22,2024-07-29,2024-08-12
MA|2024-07-16T00:00:00|Long,MA,2024-07-16,Long,0.01720290601269836,0.018014542999042593,-0.0033143219731448514,True,0.00036075048485950667,0.026830189455586018,-0.0033143219731448514,True,-0.004080890951176475,0.026830189455586018,-0.005456256475085852,True,0.008838214863759353,0.026830189455586018,-0.03307558331591964,True,0.03569090392044205,0.06869885082083282,-0.03307558331591964,True,20,True,True,True,False,True,False,11,6,STOP_BEFORE_TARGET,True,True,False,True,False,11,6,STOP_BEFORE_TARGET,2024-07-17,2024-07-19,2024-07-23,2024-07-30,2024-08-13
MA|2024-07-17T00:00:00|Long,MA,2024-07-17,Long,-0.005408286243462457,0.00946446710482296,-0.008156735184658204,True,-0.007137160197194015,0.00946446710482296,-0.017532590650552127,True,-0.041470855801062356,0.00946446710482296,-0.04942818097689394,True,0.027817155091540258,0.05062504688468872,-0.04942818097689394,True,0.01994857683958262,0.05062504688468872,-0.04942818097689394,True,20,True,True,True,False,True,False,10,4,STOP_BEFORE_TARGET,True,True,False,True,False,10,5,STOP_BEFORE_TARGET,2024-07-18,2024-07-22,2024-07-24,2024-07-31,2024-08-14
MA|2024-07-18T00:00:00|Long,MA,2024-07-18,Long,-0.01120966029063386,0.00561594982799174,-0.011477076757163251,True,-0.015599928643602046,0.00561594982799174,-0.01695938636218186,True,-0.04261007992773502,0.00561594982799174,-0.04425926148848547,True,0.03050900874523932,0.05633802529533982,-0.04425926148848547,True,0.04454891732036459,0.05633802529533982,-0.04425926148848547,True,20,True,True,True,False,True,False,9,4,STOP_BEFORE_TARGET,True,True,False,True,False,9,4,STOP_BEFORE_TARGET,2024-07-19,2024-07-23,2024-07-25,2024-08-01,2024-08-15
MA|2024-07-19T00:00:00|Long,MA,2024-07-19,Long,0.009578759892299393,0.011629749675936774,-0.0009916888795896694,True,-0.025332980622792767,0.011629749675936774,-0.03342427597701436,True,-0.012418602482152319,0.011629749675936774,-0.03342427597701436,True,0.04131259769524842,0.06831345622351837,-0.03342427597701436,True,0.05677387884062779,0.06831345622351837,-0.03342427597701436,True,20,True,True,True,False,True,False,8,3,STOP_BEFORE_TARGET,True,True,False,True,False,8,3,STOP_BEFORE_TARGET,2024-07-22,2024-07-24,2024-07-26,2024-08-02,2024-08-16
MA|2024-07-22T00:00:00|Long,MA,2024-07-22,Long,-0.01388579092468245,0.0017859262146908694,-0.01524761586957657,True,-0.04094297503668387,0.0017859262146908694,-0.04259502832042683,True,-0.014823446471061819,0.0017859262146908694,-0.04259502832042683,True,-0.013260709936668946,0.058177428710450174,-0.04259502832042683,True,0.04250571157107674,0.058177428710450174,-0.04259502832042683,True,20,True,True,True,False,True,False,7,2,STOP_BEFORE_TARGET,True,True,False,True,False,7,2,STOP_BEFORE_TARGET,2024-07-23,2024-07-25,2024-07-29,2024-08-05,2024-08-19
MA|2024-07-23T00:00:00|Long,MA,2024-07-23,Long,-0.020986120139577236,-0.01326635844640578,-0.029113501389119056,True,-0.008014145918543325,-0.0021280504364948882,-0.029113501389119056,True,0.012972043309094294,0.01586980382652503,-0.029113501389119056,True,0.014896283967404056,0.07307796497801866,-0.029113501389119056,True,0.06203023141529451,0.07307796497801866,-0.029113501389119056,True,20,True,True,True,False,True,False,6,1,STOP_BEFORE_TARGET,True,False,True,False,False,6,,TARGET_BEFORE_STOP,2024-07-24,2024-07-26,2024-07-30,2024-08-06,2024-08-20
MA|2024-07-24T00:00:00|Long,MA,2024-07-24,Long,-0.006590371194512112,0.01214013146445847,-0.006682887193569909,True,0.020464736584862475,0.02421089357188122,-0.006682887193569909,True,0.07228576336143444,0.09608044079110134,-0.006682887193569909,True,0.04021270352637685,0.09608044079110134,-0.006682887193569909,True,0.08220600483172036,0.09608044079110134,-0.006682887193569909,True,20,True,True,False,True,False,False,4,,TARGET_BEFORE_STOP,True,False,True,False,False,5,,TARGET_BEFORE_STOP,2024-07-25,2024-07-29,2024-07-31,2024-08-07,2024-08-21
MA|2024-07-25T00:00:00|Long,MA,2024-07-25,Long,0.01997203549898985,0.026024191147444586,0.005842595931998318,True,0.04155029294672441,0.044529805891583285,0.005842595931998318,True,0.07637336380923587,0.10335193963145772,0.005842595931998318,True,0.060474814012199785,0.10335193963145772,0.005842595931998318,True,0.09129422873251247,0.10335193963145772,0.005842595931998318,True,20,True,True,False,True,False,False,2,,TARGET_BEFORE_STOP,True,False,True,False,False,4,,TARGET_BEFORE_STOP,2024-07-26,2024-07-30,2024-08-01,2024-08-08,2024-08-22
MA|2024-07-26T00:00:00|Long,MA,2024-07-26,Long,0.007120350470898984,0.010817519811910703,-0.006298734068602374,True,0.058263725423417734,0.08174724524842181,-0.006298734068602374,True,0.054406857310644874,0.08174724524842181,-0.006298734068602374,True,0.04244832355291539,0.08174724524842181,-0.006298734068602374,True,0.06449406690856185,0.08174724524842181,-0.006298734068602374,True,20,True,True,False,True,False,False,3,,TARGET_BEFORE_STOP,True,False,True,False,False,3,,TARGET_BEFORE_STOP,2024-07-29,2024-07-31,2024-08-02,2024-08-09,2024-08-23
MA|2024-07-29T00:00:00|Long,MA,2024-07-29,Long,0.013936153601136647,0.016836672102617634,0.0038749649217268978,True,0.047835976553536996,0.07409928192060611,0.0038749649217268978,True,0.0015862502297636638,0.07409928192060611,-0.003874895767910891,True,0.03260823713230754,0.07409928192060611,-0.003874895767910891,True,0.061953382306221716,0.07409928192060611,-0.003874895767910891,True,20,True,True,False,True,False,False,2,,TARGET_BEFORE_STOP,True,False,True,False,False,2,,TARGET_BEFORE_STOP,2024-07-30,2024-08-01,2024-08-05,2024-08-12,2024-08-26
MA|2024-07-30T00:00:00|Long,MA,2024-07-30,Long,0.036339208413125546,0.05933620978578569,0.022549996787623483,True,0.03256224474053471,0.05933620978578569,0.022549996787623483,True,0.0018995989780958844,0.05933620978578569,-0.01756624350141678,True,0.026617438416831618,0.05933620978578569,-0.01756624350141678,True,0.0615487256140721,0.06268853956358877,-0.01756624350141678,True,20,True,True,False,True,False,False,1,,TARGET_BEFORE_STOP,True,False,True,False,False,1,,TARGET_BEFORE_STOP,2024-07-31,2024-08-02,2024-08-06,2024-08-13,2024-08-27
MA|2024-07-31T00:00:00|Long,MA,2024-07-31,Long,-0.002803450037575206,0.008173230283499366,-0.009747447967400014,True,-0.04681803682287333,0.008173230283499366,-0.052015258591908364,True,-0.029910925735425198,0.008173230283499366,-0.052015258591908364,True,-0.00765562066460812,0.008173230283499366,-0.052015258591908364,True,0.017446241157118347,0.02738783386396282,-0.052015258591908364,True,20,True,False,True,False,True,False,,3,STOP_BEFORE_TARGET,False,True,False,True,False,,3,STOP_BEFORE_TARGET,2024-08-01,2024-08-05,2024-08-07,2024-08-14,2024-08-28
MA|2024-08-01T00:00:00|Long,MA,2024-08-01,Long,-0.000843439037539695,0.009385602178844543,-0.008217854891659382,True,-0.03051408005318812,0.009385602178844543,-0.049350159260165394,True,-0.014770478656933594,0.009385602178844543,-0.049350159260165394,True,0.01362424632485304,0.014251413865834284,-0.049350159260165394,True,0.0397698665366617,0.04219201490260427,-0.049350159260165394,True,20,True,True,True,False,True,False,19,2,STOP_BEFORE_TARGET,False,True,False,True,False,,2,STOP_BEFORE_TARGET,2024-08-02,2024-08-06,2024-08-08,2024-08-15,2024-08-29
MA|2024-08-02T00:00:00|Long,MA,2024-08-02,Long,-0.04333143476413415,-0.0015583767755161793,-0.04854766722034076,True,-0.0263624799043507,-0.0015583767755161793,-0.04854766722034076,True,-0.011341479500835971,-0.0015583767755161793,-0.04854766722034076,True,0.014847876785126779,0.017834771109241476,-0.04854766722034076,True,0.046145205469860784,0.05133977270407919,-0.04854766722034076,True,20,True,True,True,False,True,False,18,1,STOP_BEFORE_TARGET,True,True,False,True,False,20,1,STOP_BEFORE_TARGET,2024-08-05,2024-08-07,2024-08-09,2024-08-16,2024-08-30
MA|2024-08-05T00:00:00|Long,MA,2024-08-05,Long,0.014253366047440652,0.030429891871111447,0.00024883563701916245,True,0.030723951520962967,0.0337556864880868,0.00024883563701916245,True,0.030972856202276633,0.03800902215603785,0.00024883563701916245,True,0.05651586196001834,0.06393667367788458,0.00024883563701916245,True,0.09076921972214369,0.10110860280861145,0.00024883563701916245,True,20,True,True,False,True,False,False,1,,TARGET_BEFORE_STOP,True,False,True,False,False,8,,TARGET_BEFORE_STOP,2024-08-06,2024-08-08,2024-08-12,2024-08-19,2024-09-03
MA|2024-08-06T00:00:00|Long,MA,2024-08-06,Long,0.003435218797358308,0.01922825311060783,0.001650726683255943,True,0.018915929549934152,0.023421816386149485,0.001650726683255943,True,0.024670974480823338,0.025295621602170915,0.001650726683255943,True,0.04644213225772775,0.04898510499803477,0.001650726683255943,True,0.07771587732355312,0.0856346546816471,0.001650726683255943,True,20,True,True,False,True,False,False,7,,TARGET_BEFORE_STOP,True,False,True,False,False,12,,TARGET_BEFORE_STOP,2024-08-07,2024-08-09,2024-08-13,2024-08-20,2024-09-04
MA|2024-08-07T00:00:00|Long,MA,2024-08-07,Long,0.012760070872096296,0.014293955024291538,0.0026453904745997736,True,0.013004637540325437,0.01991817430202003,0.0026453904745997736,True,0.022941506776260612,0.02378626243584203,0.0026453904745997736,True,0.040369917770648245,0.04539394805702468,0.0026453904745997736,True,0.061177283562399376,0.08191802952940686,0.0026453904745997736,True,20,True,True,False,True,False,False,6,,TARGET_BEFORE_STOP,True,False,True,False,False,14,,TARGET_BEFORE_STOP,2024-08-08,2024-08-12,2024-08-14,2024-08-21,2024-09-05
MA|2024-08-08T00:00:00|Long,MA,2024-08-08,Long,0.0026340318767292814,0.007067916316803258,-0.004653398260836994,True,0.008297113329620132,0.0089117788222417,-0.004653398260836994,True,0.028820416326013953,0.029456986310362643,-0.004653398260836994,True,0.029061901624717112,0.03364945243794648,-0.004653398260836994,True,0.04508540574721609,0.06828661659000645,-0.004653398260836994,True,20,True,True,False,True,False,False,6,,TARGET_BEFORE_STOP,True,False,True,False,False,15,,TARGET_BEFORE_STOP,2024-08-09,2024-08-13,2024-08-15,2024-08-22,2024-09-06
MA|2024-08-09T00:00:00|Long,MA,2024-08-09,Long,-0.0023862610902480874,0.003677903323855869,-0.0063268622500604055,True,0.007399634160526469,0.008231555181210437,-0.0063268622500604055,True,0.026489789692744514,0.029510948426709316,-0.0063268622500604055,True,0.021148044327520488,0.030933939578295044,-0.0063268622500604055,True,0.06635578974472267,0.0709969630072409,-0.0063268622500604055,True,20,True,True,False,True,False,False,9,,TARGET_BEFORE_STOP,True,False,True,False,False,14,,TARGET_BEFORE_STOP,2024-08-12,2024-08-14,2024-08-16,2024-08-23,2024-09-09
MA|2024-08-12T00:00:00|Long,MA,2024-08-12,Long,0.008053683184827243,0.008668200280604443,-0.0017555526535204535,True,0.028572031301797196,0.029208447600965748,-0.0017555526535204535,True,0.024775633620299997,0.03197350665179921,-0.0017555526535204535,True,0.028418468997893687,0.033399901554039824,-0.0017555526535204535,True,0.0709473247142891,0.07355875449117844,-0.0017555526535204535,True,20,True,True,False,True,False,False,4,,TARGET_BEFORE_STOP,True,False,True,False,False,13,,TARGET_BEFORE_STOP,2024-08-13,2024-08-15,2024-08-19,2024-08-26,2024-09-10
MA|2024-08-13T00:00:00|Long,MA,2024-08-13,Long,0.001741593382224238,0.0025688419344063185,-0.007162091022851813,True,0.020724529421003002,0.023728719874719584,-0.007162091022851813,True,0.02124697421817312,0.023728719874719584,-0.007162091022851813,True,0.03402561255058023,0.0351358741795611,-0.007162091022851813,True,0.06273948154661735,0.06498172904779786,-0.007162091022851813,True,20,True,True,False,True,False,False,10,,TARGET_BEFORE_STOP,True,False,True,False,False,13,,TARGET_BEFORE_STOP,2024-08-14,2024-08-16,2024-08-20,2024-08-27,2024-09-11
MA|2024-08-14T00:00:00|Long,MA,2024-08-14,Long,0.018580467065640205,0.01921070120727353,0.008344915480116954,True,0.014820947648519711,0.02194890043275466,0.008344915480116954,True,0.017037544061842214,0.02194890043275466,0.008344915480116954,True,0.025295514686683784,0.03531380361325831,0.003781272210812592,True,0.06943233100483392,0.0711057044512915,0.003781272210812592,True,20,True,True,False,True,False,False,9,,TARGET_BEFORE_STOP,True,False,True,False,False,12,,TARGET_BEFORE_STOP,2024-08-15,2024-08-19,2024-08-21,2024-08-28,2024-09-12
MA|2024-08-15T00:00:00|Long,MA,2024-08-15,Long,0.0003627262717540436,0.0033069879857583473,-0.0056964497425529,True,0.0008747491403726659,0.0033069879857583473,-0.0068272103172347665,True,0.000234720554599388,0.004693759994749636,-0.008939434869734031,True,0.025794193762241013,0.028183785738483236,-0.014529234884566034,True,0.05259114238200935,0.06003715551503119,-0.014529234884566034,True,20,True,True,False,True,False,False,11,,TARGET_BEFORE_STOP,True,False,True,False,False,19,,TARGET_BEFORE_STOP,2024-08-16,2024-08-20,2024-08-22,2024-08-29,2024-09-13
MA|2024-08-16T00:00:00|Long,MA,2024-08-16,Long,-0.004052196461137747,0.002708558694008101,-0.007166046395986503,True,-0.0018768232248087546,0.002708558694008101,-0.009298788226702714,True,-0.0052038952738368005,0.0043294633129093985,-0.014886561409400811,True,0.03083942864804423,0.03595799602453997,-0.014886561409400811,True,0.06148691834165776,0.06278792470317485,-0.014886561409400811,True,20,True,True,False,True,False,False,10,,TARGET_BEFORE_STOP,True,False,True,False,False,18,,TARGET_BEFORE_STOP,2024-08-19,2024-08-21,2024-08-23,2024-08-30,2024-09-16
MA|2024-08-19T00:00:00|Long,MA,2024-08-19,Long,0.00458260328175375,0.005760423097606715,-0.0031478889590975667,True,0.003940203637419648,0.008415762095427937,-0.005267938487260593,True,0.0035547638508193202,0.008415762095427937,-0.010878446550879217,True,0.03242105395235573,0.04220735575693668,-0.010878446550879217,True,0.07282962535422666,0.07443568981599213,-0.010878446550879217,True,20,True,True,False,True,False,False,8,,TARGET_BEFORE_STOP,True,False,True,False,False,17,,TARGET_BEFORE_STOP,2024-08-20,2024-08-22,2024-08-26,2024-09-03,2024-09-17
MA|2024-08-20T00:00:00|Long,MA,2024-08-20,Long,-0.0023874384567805773,-6.394692106304056e-05,-0.009805606564193714,True,-0.00571280845769917,0.00381567309761488,-0.015390521179766692,True,0.012512779626289827,0.013599942337181314,-0.015390521179766692,True,0.02988578546465015,0.03745311968599796,-0.015390521179766692,True,0.05465555703297742,0.06966233163354651,-0.015390521179766692,True,20,True,True,False,True,False,False,8,,TARGET_BEFORE_STOP,True,False,True,False,False,16,,TARGET_BEFORE_STOP,2024-08-21,2024-08-23,2024-08-27,2024-09-04,2024-09-18
MA|2024-08-21T00:00:00|Long,MA,2024-08-21,Long,0.0017521524021768542,0.00621795654296875,-0.0027777516943776615,True,0.0013675526676015792,0.00621795654296875,-0.013034201075888041,True,0.008119632036257984,0.01797009329510546,-0.013034201075888041,True,0.019999968699919934,0.039935902652577404,-0.013034201075888041,True,0.05344019180689097,0.07222219613882208,-0.013034201075888041,True,20,True,True,False,True,False,False,7,,TARGET_BEFORE_STOP,True,False,True,False,False,15,,TARGET_BEFORE_STOP,2024-08-22,2024-08-26,2024-08-28,2024-09-05,2024-09-19
MA|2024-08-22T00:00:00|Long,MA,2024-08-22,Long,-0.005076585567233671,0.0032421590160949254,-0.014760490848567231,True,0.013160664676772793,0.014248523039593008,-0.014760490848567231,True,0.025553475281751448,0.027942506503260578,-0.014760490848567231,True,0.01557098178175731,0.038116963521203306,-0.014760490848567231,True,0.05102167684071146,0.07034678544753792,-0.014760490848567231,True,20,True,True,False,True,False,False,6,,TARGET_BEFORE_STOP,True,False,True,False,False,14,,TARGET_BEFORE_STOP,2024-08-23,2024-08-27,2024-08-29,2024-09-06,2024-09-20
MA|2024-08-23T00:00:00|Long,MA,2024-08-23,Long,0.004716602768879419,0.008768536824635742,0.0012005778999713002,True,0.011491264307322835,0.02137467020092365,0.0012005778999713002,True,0.03623187078301093,0.04137721398668681,0.0012005778999713002,True,0.04427148998456332,0.04881654423825332,0.0012005778999713002,True,0.06581770870067638,0.07580821791974057,0.0012005778999713002,True,20,True,True,False,True,False,False,4,,TARGET_BEFORE_STOP,True,False,True,False,False,13,,TARGET_BEFORE_STOP,2024-08-26,2024-08-28,2024-08-30,2024-09-09,2024-09-23
MA|2024-08-26T00:00:00|Long,MA,2024-08-26,Long,0.013549793844857883,0.014638070026326444,-0.0008962389352293876,True,0.025947364212280055,0.028337312999742847,-0.0008962389352293876,True,0.028764040729348128,0.038515677767101186,-0.0008962389352293876,True,0.0413536483430097,0.04389291602013912,-0.0008962389352293876,True,0.0400520408564613,0.07075787834593483,-0.0008962389352293876,True,20,True,True,False,True,False,False,4,,TARGET_BEFORE_STOP,True,False,True,False,False,12,,TARGET_BEFORE_STOP,2024-08-27,2024-08-29,2024-09-03,2024-09-10,2024-09-24
MA|2024-08-27T00:00:00|Long,MA,2024-08-27,Long,-0.006715936139690459,0.002989564952797563,-0.012884471763642269,True,0.017579330670516757,0.0226320558769999,-0.012884471763642269,True,0.01715830771516047,0.024632123723824284,-0.012884471763642269,True,0.02776901137410892,0.02993747555329862,-0.012884471763642269,True,0.03044279304816766,0.056443289563564925,-0.012884471763642269,True,20,True,True,False,True,False,False,11,,TARGET_BEFORE_STOP,True,False,True,False,False,14,,TARGET_BEFORE_STOP,2024-08-28,2024-08-30,2024-09-04,2024-09-11,2024-09-25
MA|2024-08-28T00:00:00|Long,MA,2024-08-28,Long,0.01907588010356065,0.02144982173930532,0.005659206224706503,True,0.021873691376073756,0.031560014908206035,0.005659206224706503,True,0.01178464964486925,0.031560014908206035,0.0027765951515212883,True,0.043047897592371376,0.04467998650965188,0.0027765951515212883,True,0.041267489878034525,0.06358626701186854,0.0027765951515212883,True,20,True,True,False,True,False,False,3,,TARGET_BEFORE_STOP,True,False,True,False,False,11,,TARGET_BEFORE_STOP,2024-08-29,2024-09-03,2024-09-05,2024-09-12,2024-09-26
MA|2024-08-29T00:00:00|Long,MA,2024-08-29,Long,0.005282879803265805,0.01027454776794512,-0.0023918342880232535,True,0.004866944498501891,0.012250446751204347,-0.0023918342880232535,True,-0.009733762051999939,0.012250446751204347,-0.015994181856588408,True,0.026123123705240392,0.033381902491765425,-0.015994181856588408,True,0.026705547382413153,0.0436772057678223,-0.015994181856588408,True,20,True,True,False,True,False,False,10,,TARGET_BEFORE_STOP,False,False,False,False,True,,,NEITHER,2024-08-30,2024-09-04,2024-09-06,2024-09-13,2024-09-27
MA|2024-08-30T00:00:00|Long,MA,2024-08-30,Long,-0.002524105660501208,0.006930951563904442,-0.006827466830743756,True,-0.012372265965235107,0.006930951563904442,-0.02116524819761989,True,0.007758513734457129,0.012144650063438789,-0.02116524819761989,True,0.029730614528208354,0.030992698927932327,-0.02116524819761989,True,0.021641063297740848,0.03819255926458287,-0.02116524819761989,True,20,True,True,True,False,True,False,10,3,STOP_BEFORE_TARGET,False,False,False,False,True,,,NEITHER,2024-09-03,2024-09-05,2024-09-09,2024-09-16,2024-09-30
MA|2024-09-03T00:00:00|Long,MA,2024-09-03,Long,0.0021156963859216837,0.008400436305410652,-0.0019497271445415576,True,-0.012445034557302725,0.008400436305410652,-0.018688313815806268,True,0.012237604654937062,0.014705874906033145,-0.018688313815806268,True,0.039139623554921954,0.04069525287458475,-0.018688313815806268,True,0.029577719053446083,0.0408196981562603,-0.018688313815806268,True,20,True,True,False,True,False,False,8,,TARGET_BEFORE_STOP,False,False,False,False,True,,,NEITHER,2024-09-04,2024-09-06,2024-09-10,2024-09-17,2024-10-01
MA|2024-09-04T00:00:00|Long,MA,2024-09-04,Long,-0.011963466327832295,0.002111166499868755,-0.020760088158240153,True,0.008175645919801022,0.012563597761732659,-0.020760088158240153,True,0.01043171311531954,0.012563597761732659,-0.020760088158240153,True,0.02405098887460788,0.0386222887336487,-0.020760088158240153,True,0.025727516452608734,0.0386222887336487,-0.020760088158240153,True,20,True,True,True,False,True,False,8,1,STOP_BEFORE_TARGET,False,False,False,False,True,,,NEITHER,2024-09-05,2024-09-09,2024-09-11,2024-09-18,2024-10-02
MA|2024-09-05T00:00:00|Long,MA,2024-09-05,Long,-0.0025975998668211764,0.006452189509716488,-0.005551353229853784,True,0.022331163040946178,0.024824045724713306,-0.005551353229853784,True,0.03089911272964585,0.032512192072027046,-0.005551353229853784,True,0.03278453346385257,0.05119826376609016,-0.005551353229853784,True,0.03689043156009686,0.05119826376609016,-0.005551353229853784,True,20,True,True,False,True,False,False,5,,TARGET_BEFORE_STOP,True,False,True,False,False,8,,TARGET_BEFORE_STOP,2024-09-06,2024-09-10,2024-09-12,2024-09-19,2024-10-03
MA|2024-09-06T00:00:00|Long,MA,2024-09-06,Long,0.02304041278082236,0.02749306156459319,0.007246098131589829,True,0.02532974393487808,0.02749306156459319,0.003612537256033166,True,0.03620933884562372,0.04353946735890779,0.003612537256033166,True,0.03490715636317021,0.05393596769541387,0.003612537256033166,True,0.04532474441560108,0.05393596769541387,0.003612537256033166,True,20,True,True,False,True,False,False,4,,TARGET_BEFORE_STOP,True,False,True,False,False,7,,TARGET_BEFORE_STOP,2024-09-09,2024-09-11,2024-09-13,2024-09-20,2024-10-04
MA|2024-09-09T00:00:00|Long,MA,2024-09-09,Long,0.0019092830540008432,0.002545710738667717,-0.009772341459303946,True,0.010306081117275712,0.011886937913841766,-0.01899033047187315,True,0.02180294236595337,0.023055310252231065,-0.01899033047187315,True,0.02063277502331462,0.03019974042922846,-0.01899033047187315,True,0.008643149082777857,0.03019974042922846,-0.01899033047187315,True,20,True,True,False,True,False,False,6,,TARGET_BEFORE_STOP,False,False,False,False,True,,,NEITHER,2024-09-10,2024-09-12,2024-09-16,2024-09-23,2024-10-07
MA|2024-09-10T00:00:00|Long,MA,2024-09-10,Long,0.000327862927157474,0.0022335075661421566,-0.02085978628940144,True,0.010942167243360723,0.018093556183405468,-0.02085978628940144,True,0.026576782739814675,0.02811360503579441,-0.02085978628940144,True,-0.0012499187846697346,0.028236545816796133,-0.02085978628940144,True,0.018523848916911057,0.028236545816796133,-0.02085978628940144,True,20,True,False,True,False,True,False,,1,STOP_BEFORE_TARGET,False,False,False,False,True,,,NEITHER,2024-09-11,2024-09-13,2024-09-17,2024-09-24,2024-10-08
MA|2024-09-11T00:00:00|Long,MA,2024-09-11,Long,0.008050294429807314,0.00962762152801444,-0.010610825419921421,True,0.01952148576811119,0.02077105739802798,-0.010610825419921421,True,0.013478670139220217,0.02789953566620884,-0.010610825419921421,True,0.0026015394942526804,0.02789953566620884,-0.010610825419921421,True,0.02410999981121087,0.02789953566620884,-0.010610825419921421,True,20,True,False,False,False,False,True,,,NEITHER,False,False,False,False,True,,,NEITHER,2024-09-12,2024-09-16,2024-09-18,2024-09-25,2024-10-09
MA|2024-09-12T00:00:00|Long,MA,2024-09-12,Long,0.0025400825774892777,0.00963203530317891,-0.0013411090288276695,True,0.01804475655268134,0.019568806099174774,-0.0013411090288276695,True,0.0018289090667800156,0.01969072510179548,-0.011907877356676977,True,-0.0017069280504246054,0.01969072510179548,-0.017414759020827897,True,0.012009517868017516,0.01969072510179548,-0.017414759020827897,True,20,True,False,False,False,False,True,,,NEITHER,False,False,False,False,True,,,NEITHER,2024-09-13,2024-09-17,2024-09-19,2024-09-26,2024-10-10
MA|2024-09-13T00:00:00|Long,MA,2024-09-13,Long,0.008817103601168386,0.010053555456310148,6.0866908072387815e-05,True,0.0028377340190344214,0.017107188851953614,6.0866908072387815e-05,True,-0.001256678967885283,0.017107188851953614,-0.014411353905193658,True,0.0005675962890980824,0.017107188851953614,-0.01990428307565928,True,0.018039615449802815,0.019377388438504006,-0.01990428307565928,True,20,True,False,False,False,False,True,,,NEITHER,False,False,False,False,True,,,NEITHER,2024-09-16,2024-09-18,2024-09-20,2024-09-27,2024-10-11
MA|2024-09-16T00:00:00|Long,MA,2024-09-16,Long,0.006590180698819559,0.00809708233406159,0.0002813177369178632,True,-0.009443213457926647,0.008217629559602146,-0.023025439818023963,True,-0.0011451986426357363,0.008217629559602146,-0.023025439818023963,True,-0.007855987882980364,0.008217629559602146,-0.028470360558223162,True,0.017982384040283073,0.022261994494928272,-0.028470360558223162,True,20,True,False,True,False,True,False,,3,STOP_BEFORE_TARGET,False,False,False,False,True,,,NEITHER,2024-09-17,2024-09-19,2024-09-23,2024-09-30,2024-10-14
MA|2024-09-17T00:00:00|Long,MA,2024-09-17,Long,-0.0124353392087444,0.0016167938968496554,-0.013872496107560472,True,-0.016467394879766895,0.0016167938968496554,-0.029421726025861905,True,-0.027106303193627834,0.0016167938968496554,-0.03307446681497328,True,-0.009201751415044868,0.0016167938968496554,-0.03483099868180917,True,0.012455380094588131,0.017744894751846374,-0.03483099868180917,True,20,True,False,True,False,True,False,,2,STOP_BEFORE_TARGET,False,True,False,True,False,,5,STOP_BEFORE_TARGET,2024-09-18,2024-09-20,2024-09-24,2024-10-01,2024-10-15
MA|2024-09-18T00:00:00|Long,MA,2024-09-18,Long,-0.0035370684078307457,0.012874919135451357,-0.01720027810989877,True,0.0048104229037022606,0.012874919135451357,-0.01720027810989877,True,-0.010732471205805783,0.012874919135451357,-0.022677663916326196,True,0.001637152442812484,0.012874919135451357,-0.022677663916326196,True,0.039029018468451415,0.041717225000086344,-0.022677663916326196,True,20,True,True,True,False,True,False,19,4,STOP_BEFORE_TARGET,False,False,False,False,True,,,NEITHER,2024-09-19,2024-09-23,2024-09-25,2024-10-02,2024-10-16
MA|2024-09-19T00:00:00|Long,MA,2024-09-19,Long,-0.0005476958396409826,0.0010547230347697223,-0.010689477752703902,True,-0.011358808122735375,0.009492693014501175,-0.01742357389857918,True,-0.003529382198102504,0.009492693014501175,-0.019208537419362237,True,0.0039755611777738675,0.010182326756526416,-0.019208537419362237,True,0.04208839493921124,0.04874133949763526,-0.019208537419362237,True,20,True,True,False,True,False,False,17,,TARGET_BEFORE_STOP,False,False,False,False,True,,,NEITHER,2024-09-20,2024-09-24,2024-09-26,2024-10-03,2024-10-17
MA|2024-09-20T00:00:00|Long,MA,2024-09-20,Long,0.008929708368037304,0.01004589094681907,-0.0029224387505493166,True,-0.0066769048434223155,0.01004589094681907,-0.018671067645792405,True,0.0018265706699276407,0.01004589094681907,-0.018671067645792405,True,0.01006620544497916,0.012805937580979254,-0.018671067645792405,True,0.04789551708573159,0.0512643793202372,-0.018671067645792405,True,20,True,True,False,True,False,False,16,,TARGET_BEFORE_STOP,True,False,True,False,False,20,,TARGET_BEFORE_STOP,2024-09-23,2024-09-25,2024-09-27,2024-10-04,2024-10-18
MA|2024-09-23T00:00:00|Long,MA,2024-09-23,Long,-0.01957197308530656,-0.00782478684840604,-0.025586355646101677,True,-0.011807590340352614,-0.00706040484008752,-0.027356490531411204,True,-0.0067184832382296555,-0.0022931460249557833,-0.027356490531411204,True,-0.011747247623184465,0.0038419219701755214,-0.027356490531411204,True,0.03594559800185193,0.0436094300136205,-0.027356490531411204,True,20,True,True,True,False,True,False,17,1,STOP_BEFORE_TARGET,False,False,False,False,True,,,NEITHER,2024-09-24,2024-09-26,2024-09-30,2024-10-07,2024-10-21
MA|2024-09-24T00:00:00|Long,MA,2024-09-24,Long,0.004185405571478729,0.00510861536625562,-0.007939917293676046,True,0.012781869349253183,0.01762375879311162,-0.007939917293676046,True,0.01840339991651363,0.021788627720800147,-0.007939917293676046,True,0.019798514236433418,0.02388129920068005,-0.007939917293676046,True,0.05254306574900425,0.06444267336762333,-0.007939917293676046,True,20,True,True,False,True,False,False,13,,TARGET_BEFORE_STOP,True,False,True,False,False,16,,TARGET_BEFORE_STOP,2024-09-25,2024-09-27,2024-10-01,2024-10-08,2024-10-22
MA|2024-09-25T00:00:00|Long,MA,2024-09-25,Long,0.003718412016038064,0.008540183004456026,-0.0009194242431459498,True,0.008887476713551612,0.013382342689978621,-0.0009194242431459498,True,0.012503820542553834,0.017529852606554597,-0.0009194242431459498,True,0.021452650399687023,0.023087113108884783,-0.0009194242431459498,True,0.04960663531753795,0.060006117856146624,-0.0009194242431459498,True,20,True,True,False,True,False,False,13,,TARGET_BEFORE_STOP,True,False,True,False,False,15,,TARGET_BEFORE_STOP,2024-09-26,2024-09-30,2024-10-02,2024-10-09,2024-10-23
MA|2024-09-26T00:00:00|Long,MA,2024-09-26,Long,0.004824283363052517,0.009628129322176937,-0.0017912235327077752,True,0.010401644682998201,0.013760274221507274,-0.002361234531012779,True,0.007531525006157613,0.013760274221507274,-0.003236502073092007,True,0.013739898937348283,0.019296947092903638,-0.003236502073092007,True,0.039387722711018425,0.05607918034207504,-0.003236502073092007,True,20,True,True,False,True,False,False,12,,TARGET_BEFORE_STOP,True,False,True,False,False,15,,TARGET_BEFORE_STOP,2024-09-27,2024-10-01,2024-10-03,2024-10-10,2024-10-24
MA|2024-09-27T00:00:00|Long,MA,2024-09-27,Long,0.0003240684299978813,0.0027347369457051407,-0.007151019350384424,True,0.00390971683516339,0.008893088081576739,-0.008022084626742698,True,0.008224611940110371,0.01095934888581529,-0.008022084626742698,True,0.017462107733155596,0.018799121837612676,-0.008022084626742698,True,0.02779347357587314,0.051008815996640866,-0.008022084626742698,True,20,True,True,False,True,False,False,11,,TARGET_BEFORE_STOP,True,False,True,False,False,16,,TARGET_BEFORE_STOP,2024-09-30,2024-10-02,2024-10-04,2024-10-11,2024-10-25
MA|2024-09-30T00:00:00|Long,MA,2024-09-30,Long,0.005224822101302706,0.008566243602463608,-0.0013973318316393701,True,0.0023694075671483183,0.008566243602463608,-0.008343449208254805,True,-0.005062778577969773,0.010631835013736657,-0.008343449208254805,True,0.02604296514185478,0.03035646237852463,-0.008343449208254805,True,0.029181863139597697,0.05066832756127959,-0.008343449208254805,True,20,True,True,False,True,False,False,10,,TARGET_BEFORE_STOP,True,False,True,False,False,15,,TARGET_BEFORE_STOP,2024-10-01,2024-10-03,2024-10-07,2024-10-14,2024-10-28
MA|2024-10-01T00:00:00|Long,MA,2024-10-01,Long,-0.0016318094013173523,-0.0009468576817756036,-0.013497747977606389,True,0.0026592677207664117,0.0053789090694469355,-0.013497747977606389,True,0.0013699034390834974,0.0053789090694469355,-0.013497747977606389,True,0.021858265838240465,0.02719690532898711,-0.013497747977606389,True,0.019944384945202565,0.045207305331938175,-0.013497747977606389,True,20,True,True,False,True,False,False,11,,TARGET_BEFORE_STOP,False,False,False,False,True,,,NEITHER,2024-10-02,2024-10-04,2024-10-08,2024-10-15,2024-10-29
MA|2024-10-02T00:00:00|Long,MA,2024-10-02,Long,-0.0012107393398468336,0.003067152957619168,-0.005185962197541527,True,-0.0086163800636474,0.007022177325742174,-0.009726188536396507,True,0.00883831712589278,0.010452595191848157,-0.009726188536396507,True,0.0373307498972526,0.040014562618335026,-0.009726188536396507,True,0.036563946262657465,0.04691567216816872,-0.009726188536396507,True,20,True,True,False,True,False,False,10,,TARGET_BEFORE_STOP,False,False,False,False,True,,,NEITHER,2024-10-03,2024-10-07,2024-10-09,2024-10-16,2024-10-30
MA|2024-10-03T00:00:00|Long,MA,2024-10-03,Long,0.00551550796936251,0.008242896664855337,-0.0050508111478159146,True,0.004222470720925076,0.008242896664855337,-0.0085257716837297,True,0.006161964938171671,0.011677472907534181,-0.0085257716837297,True,0.03796191385049941,0.044588513954807896,-0.0085257716837297,True,0.009333889136298401,0.06652933129714289,-0.0085257716837297,True,20,True,True,False,True,False,False,8,,TARGET_BEFORE_STOP,True,False,True,False,False,20,,TARGET_BEFORE_STOP,2024-10-04,2024-10-08,2024-10-10,2024-10-17,2024-10-31
MA|2024-10-04T00:00:00|Long,MA,2024-10-04,Long,-0.012859200838034601,0.0016676442674474767,-0.013964259667609169,True,0.004520795549155077,0.006128164995302443,-0.013964259667609169,True,0.009162140740910596,0.01048824812672855,-0.013964259667609169,True,0.03745230900393004,0.040787597538825215,-0.013964259667609169,True,0.020855885293642684,0.060679147008878775,-0.013964259667609169,True,20,True,True,False,True,False,False,8,,TARGET_BEFORE_STOP,True,False,True,False,False,19,,TARGET_BEFORE_STOP,2024-10-07,2024-10-09,2024-10-11,2024-10-18,2024-11-01
MA|2024-10-07T00:00:00|Long,MA,2024-10-07,Long,0.011724017725911695,0.012680665868352037,0.0004681681091860401,True,0.013677999974905042,0.019234708817077006,0.0004681681091860401,True,0.031264026563772696,0.03559947320683299,0.0004681681091860401,True,0.048259765035140845,0.05601469614293331,0.0004681681091860401,True,0.0290657421821765,0.07449631087008446,0.0004681681091860401,True,20,True,True,False,True,False,False,5,,TARGET_BEFORE_STOP,True,False,True,False,False,8,,TARGET_BEFORE_STOP,2024-10-08,2024-10-10,2024-10-14,2024-10-21,2024-11-04
MA|2024-10-08T00:00:00|Long,MA,2024-10-08,Long,0.005814216920758897,0.007423656016437574,-0.0029573919203382815,True,0.010461538310409413,0.011789353192618979,-0.0029573919203382815,True,0.02046033371763234,0.025791669792754712,-0.0029573919203382815,True,0.03210884410543402,0.043777431039519366,-0.0029573919203382815,True,0.017100551325291535,0.06204487789591906,-0.0029573919203382815,True,20,True,True,False,True,False,False,6,,TARGET_BEFORE_STOP,True,False,True,False,False,17,,TARGET_BEFORE_STOP,2024-10-09,2024-10-11,2024-10-15,2024-10-22,2024-11-05
MA|2024-10-09T00:00:00|Long,MA,2024-10-09,Long,-0.0038604323357034342,0.0015401320029431176,-0.008220853622939117,True,0.013421324714958605,0.01768176042013958,-0.008220853622939117,True,0.028242813826235835,0.030903113970988993,-0.008220853622939117,True,0.02756269211973228,0.03774376368926524,-0.008220853622939117,True,0.04236422073935375,0.05590561361054047,-0.008220853622939117,True,20,True,True,False,True,False,False,5,,TARGET_BEFORE_STOP,True,False,True,False,False,16,,TARGET_BEFORE_STOP,2024-10-10,2024-10-14,2024-10-16,2024-10-23,2024-11-06
MA|2024-10-10T00:00:00|Long,MA,2024-10-10,Long,0.008513756165390962,0.009839011529972908,-0.0031123003637635316,True,0.018493277731475688,0.023814337036208943,-0.0031123003637635316,True,0.03160519878554724,0.03819121608219178,-0.0031123003637635316,True,0.02530020156112589,0.04176542863619037,-0.0031123003637635316,True,0.039877949293708914,0.059997662864030854,-0.0031123003637635316,True,20,True,True,False,True,False,False,4,,TARGET_BEFORE_STOP,True,False,True,False,False,15,,TARGET_BEFORE_STOP,2024-10-11,2024-10-15,2024-10-17,2024-10-24,2024-11-07
MA|2024-10-11T00:00:00|Long,MA,2024-10-11,Long,0.00876039065610179,0.013001231737211238,-0.0004181538816006025,True,0.023513712676636933,0.026161777551370502,-0.0004181538816006025,True,0.028033323012146782,0.031338330602350695,-0.0004181538816006025,True,0.01015405464655128,0.03297096570822222,-0.0004181538816006025,True,0.04479751436014068,0.052920830990002665,-0.0074264542543784895,True,20,True,True,False,True,False,False,5,,TARGET_BEFORE_STOP,True,False,True,False,False,14,,TARGET_BEFORE_STOP,2024-10-14,2024-10-16,2024-10-18,2024-10-25,2024-11-08
MA|2024-10-14T00:00:00|Long,MA,2024-10-14,Long,0.0011250292505797788,0.006355349144256728,-0.0052500762698516334,True,0.014013354226102726,0.02048706092884478,-0.0052500762698516334,True,0.01648049193376666,0.0240003228480985,-0.0052500762698516334,True,0.0030592266643616473,0.0240003228480985,-0.0052500762698516334,True,0.04630322363223982,0.05402049784260976,-0.016046273287903756,True,20,True,True,False,True,False,False,13,,TARGET_BEFORE_STOP,True,False,True,False,False,20,,TARGET_BEFORE_STOP,2024-10-15,2024-10-17,2024-10-21,2024-10-28,2024-11-11
MA|2024-10-15T00:00:00|Long,MA,2024-10-15,Long,0.01348499928975011,0.016107117581326547,-0.0024249570405668885,True,0.017960325043515857,0.021232949116573696,-0.0024249570405668885,True,0.011414956567067147,0.02284958714361851,-0.0024249570405668885,True,-0.001872941636840264,0.02284958714361851,-0.0031741336953030608,True,0.04325448307201896,0.05283602651671426,-0.01715200602999367,True,20,True,True,False,True,False,False,12,,TARGET_BEFORE_STOP,True,False,True,False,False,19,,TARGET_BEFORE_STOP,2024-10-16,2024-10-18,2024-10-22,2024-10-29,2024-11-12
MA|2024-10-16T00:00:00|Long,MA,2024-10-16,Long,-0.0006030259578988506,0.0057773662357467614,-0.004960449499514574,True,0.001828549473833485,0.009239986640582565,-0.004960449499514574,True,-0.0006614407583095394,0.009239986640582565,-0.006944593680539679,True,-0.0007392084295881896,0.009239986640582565,-0.01643747366436399,True,0.01519247854829242,0.03882743923643783,-0.030229362389393333,True,20,True,True,True,False,True,False,18,11,STOP_BEFORE_TARGET,False,True,False,True,False,,12,STOP_BEFORE_TARGET,2024-10-17,2024-10-21,2024-10-23,2024-10-30,2024-11-13
MA|2024-10-17T00:00:00|Long,MA,2024-10-17,Long,0.005021833231085404,0.008252861557498825,-0.002296777976782516,True,-0.001440342222650992,0.009848951772058134,-0.006345394160032436,True,-0.006111831572624626,0.009848951772058134,-0.00836970225165734,True,-0.027580997271855923,0.027522606625004054,-0.028670995613395256,True,0.01292435090747257,0.03945425713553896,-0.02964421266123063,True,20,True,True,True,False,True,False,17,10,STOP_BEFORE_TARGET,False,False,False,False,True,,,NEITHER,2024-10-18,2024-10-22,2024-10-24,2024-10-31,2024-11-14
MA|2024-10-18T00:00:00|Long,MA,2024-10-18,Long,-0.002575855096773383,0.004802998682579718,-0.004648147130252078,True,-0.005054898421518961,0.004802998682579718,-0.011310428306390952,True,-0.017391720643071262,0.004802998682579718,-0.020761574119222748,True,-0.015997288324724912,0.0223883428697067,-0.03449282865912151,True,0.010748707255504364,0.034260374019692064,-0.03449282865912151,True,20,True,True,True,False,True,False,16,5,STOP_BEFORE_TARGET,False,True,False,True,False,,9,STOP_BEFORE_TARGET,2024-10-21,2024-10-23,2024-10-25,2024-11-01,2024-11-15
MA|2024-10-21T00:00:00|Long,MA,2024-10-21,Long,-0.003863983605446042,-0.0008932291876532217,-0.008757130308355454,True,-0.00852413460941337,-0.0005631716995792013,-0.010776525126322545,True,-0.0132036624174382,-0.0005437356392401504,-0.0182326837738761,True,-0.018310368758950646,0.02502866818899996,-0.03199939937833052,True,0.012854109612743692,0.03693135894563637,-0.03199939937833052,True,20,True,True,True,False,True,False,15,8,STOP_BEFORE_TARGET,False,True,False,True,False,,8,STOP_BEFORE_TARGET,2024-10-22,2024-10-24,2024-10-28,2024-11-04,2024-11-18
MA|2024-10-22T00:00:00|Long,MA,2024-10-22,Long,0.0013838854439807147,0.0033136156624613555,-0.0021832006395948733,True,-0.01103277448092399,0.003333127114732104,-0.014424435952468229,True,-0.013137929311436092,0.003333127114732104,-0.014424435952468229,True,-0.014541385693822462,0.02900472557856215,-0.028244552259759304,True,0.012553121118529686,0.0409535865380497,-0.028244552259759304,True,20,True,True,True,False,True,False,13,7,STOP_BEFORE_TARGET,False,False,False,False,True,,,NEITHER,2024-10-23,2024-10-25,2024-10-29,2024-11-05,2024-11-19
MA|2024-10-23T00:00:00|Long,MA,2024-10-23,Long,-0.006053735366436719,-0.0007590633759109178,-0.008311738025831628,True,-0.010744922865189244,0.0019465478714859596,-0.01578647472386674,True,-7.781914403215406e-05,0.005294671990525801,-0.01578647472386674,True,0.014404501772137923,0.02758266888061134,-0.029587492004231497,True,-0.002316396719382552,0.03951501683744896,-0.029587492004231497,True,20,True,True,True,False,True,False,13,6,STOP_BEFORE_TARGET,False,False,False,False,True,,,NEITHER,2024-10-24,2024-10-28,2024-10-30,2024-11-06,2024-11-20
MA|2024-10-24T00:00:00|Long,MA,2024-10-24,Long,-0.006384414626921964,0.00804900981329415,-0.009792017640931738,True,-0.008499464140440893,0.00804900981329415,-0.009792017640931738,True,-0.021601188525266157,0.033841270342163554,-0.02269788971979192,True,0.014218028739667377,0.033841270342163554,-0.023677091483885082,True,0.008773609556205875,0.04584629353246328,-0.023677091483885082,True,20,True,True,True,,,False,5,5,AMBIGUOUS,False,False,False,False,True,,,NEITHER,2024-10-25,2024-10-29,2024-10-31,2024-11-07,2024-11-21
MA|2024-10-25T00:00:00|Long,MA,2024-10-25,Long,0.0016753510880969102,0.006898454945308163,-0.0024045465514582753,True,0.012476382199233749,0.01791632591831238,-0.0032717856994201044,True,0.0014191131375964616,0.040484152585007926,-0.017403789867557418,True,0.03429522413362096,0.0423368852965853,-0.017403789867557418,True,0.02660832621761755,0.05256631329889405,-0.017403789867557418,True,20,True,True,False,True,False,False,4,,TARGET_BEFORE_STOP,True,False,True,False,False,11,,TARGET_BEFORE_STOP,2024-10-28,2024-10-30,2024-11-01,2024-11-08,2024-11-22
MA|2024-10-28T00:00:00|Long,MA,2024-10-28,Long,-0.0037976283588117,0.006257301601360732,-0.0049388624589226104,True,-0.016961482973814057,0.03874389187550009,-0.018063384880524724,True,-0.005175035766775138,0.03874389187550009,-0.019047230157884232,True,0.0431121072597922,0.05080584458379178,-0.019047230157884232,True,0.03618579807572497,0.05080584458379178,-0.019047230157884232,True,20,True,True,False,True,False,False,3,,TARGET_BEFORE_STOP,True,False,True,False,False,10,,TARGET_BEFORE_STOP,2024-10-29,2024-10-31,2024-11-04,2024-11-11,2024-11-25
MA|2024-10-29T00:00:00|Long,MA,2024-10-29,Long,0.014636176977119053,0.02008772507753709,0.0014221403619323336,True,0.0035553207657990082,0.042703692989835895,-0.015307734887189284,True,-0.0014221403619324446,0.042703692989835895,-0.015307734887189284,True,0.04521210434156986,0.05481162713219345,-0.015307734887189284,True,0.043849217316465294,0.05481162713219345,-0.015307734887189284,True,20,True,True,False,True,False,False,2,,TARGET_BEFORE_STOP,True,False,True,False,False,9,,TARGET_BEFORE_STOP,2024-10-30,2024-11-01,2024-11-05,2024-11-12,2024-11-26
MA|2024-10-30T00:00:00|Long,MA,2024-10-30,Long,-0.027448472885403197,0.02766264070766522,-0.02853861977541905,True,-0.01578776271797444,0.02766264070766522,-0.02951196945640111,True,0.014483448005696564,0.02766264070766522,-0.02951196945640111,True,0.015943472527169655,0.03959591730187273,-0.02951196945640111,True,0.036383815827792265,0.03959591730187273,-0.02951196945640111,True,20,True,True,True,False,True,False,8,1,STOP_BEFORE_TARGET,False,False,False,False,True,,,NEITHER,2024-10-31,2024-11-04,2024-11-06,2024-11-13,2024-11-27
MA|2024-10-31T00:00:00|Long,MA,2024-10-31,Long,0.016993915604012422,0.021937972208045275,-0.0021217349553909193,True,0.011949801366049284,0.021937972208045275,-0.0021217349553909193,True,0.03661003758880654,0.048920180824546966,-0.0021217349553909193,True,0.0416542129120161,0.0689365944303082,-0.0021217349553909193,True,0.0667547515922633,0.07241943085043179,-0.0021217349553909193,True,20,True,True,False,True,False,False,4,,TARGET_BEFORE_STOP,True,False,True,False,False,6,,TARGET_BEFORE_STOP,2024-11-01,2024-11-05,2024-11-07,2024-11-14,2024-11-29
MA|2024-11-01T00:00:00|Long,MA,2024-11-01,Long,-0.00492048509303844,0.0037789589798402634,-0.00993935586213146,True,0.02568496822436983,0.029365481463640153,-0.00993935586213146,True,0.03282952218978408,0.04085978749775143,-0.00993935586213146,True,0.02718081491329838,0.05107471935606034,-0.00993935586213146,True,0.04581955478379318,0.05449935776017023,-0.00993935586213146,True,20,True,True,False,True,False,False,4,,TARGET_BEFORE_STOP,True,False,True,False,False,6,,TARGET_BEFORE_STOP,2024-11-04,2024-11-06,2024-11-08,2024-11-15,2024-12-02
MA|2024-11-04T00:00:00|Long,MA,2024-11-04,Long,-3.9536797742711904e-05,0.005083285320771624,-0.003896517411734135,True,0.024328530869939247,0.03649282648567054,-0.003896517411734135,True,0.04853833062360402,0.05627209043121972,-0.003896517411734135,True,0.031745754849520136,0.05627209043121972,-0.003896517411734135,True,0.04074529580013575,0.05971366304205783,-0.003896517411734135,True,20,True,True,False,True,False,False,2,,TARGET_BEFORE_STOP,True,False,True,False,False,5,,TARGET_BEFORE_STOP,2024-11-05,2024-11-07,2024-11-11,2024-11-18,2024-12-03
MA|2024-11-05T00:00:00|Long,MA,2024-11-05,Long,0.030797546086336114,0.034496405027347965,0.02053169739089067,True,0.03797771243719894,0.0460480050029608,0.02053169739089067,True,0.046700659596443206,0.05631385369840625,0.02053169739089067,True,0.02749431221059284,0.05631385369840625,0.02053169739089067,True,0.03081734544877257,0.05975556238338453,0.010760349845076123,True,20,True,True,False,True,False,False,1,,TARGET_BEFORE_STOP,True,False,True,False,False,4,,TARGET_BEFORE_STOP,2024-11-06,2024-11-08,2024-11-12,2024-11-19,2024-12-04
MA|2024-11-06T00:00:00|Long,MA,2024-11-06,Long,-0.006236447660945665,0.005564877068850782,-0.008711795492114649,True,0.01725095494433604,0.024753946794837445,-0.008711795492114649,True,0.0014391802294488887,0.024753946794837445,-0.009038094004422903,True,-0.016483462427768658,0.024753946794837445,-0.01943853700208731,True,0.006984849489247935,0.028092826187833264,-0.01943853700208731,True,20,True,False,False,False,False,True,,,NEITHER,False,False,False,False,True,,,NEITHER,2024-11-07,2024-11-11,2024-11-13,2024-11-20,2024-12-05
MA|2024-11-07T00:00:00|Long,MA,2024-11-07,Long,0.013284940175223303,0.021163246059550556,0.0031861133824540033,True,0.02180037445141081,0.03118487731094577,0.0031861133824540033,True,0.004866029789700521,0.03118487731094577,-0.002819228313297506,True,-0.005368095448103016,0.03118487731094577,-0.013284940175223303,True,0.020641852051857423,0.03454471012543858,-0.013284940175223303,True,20,True,True,False,True,False,False,2,,TARGET_BEFORE_STOP,False,False,False,False,True,,,NEITHER,2024-11-08,2024-11-12,2024-11-14,2024-11-21,2024-12-06
MA|2024-11-08T00:00:00|Long,MA,2024-11-08,Long,0.010214165050336899,0.017665255276198222,0.007165198749242263,True,-0.0054882323904574815,0.017665255276198222,-0.015893030528743357,True,-0.005469157450601725,0.017665255276198222,-0.015893030528743357,True,-0.007432015286005456,0.017665255276198222,-0.026221528907606095,True,-0.003696932703146971,0.02098103811405605,-0.026221528907606095,True,20,True,False,True,False,True,False,,8,STOP_BEFORE_TARGET,False,False,False,False,True,,,NEITHER,2024-11-11,2024-11-13,2024-11-15,2024-11-22,2024-12-09
MA|2024-11-11T00:00:00|Long,MA,2024-11-11,Long,-0.001792070127106249,0.0014714202521308728,-0.005319564155650047,True,-0.01833541611833811,0.0014714202521308728,-0.02584322857696164,True,-0.01601522355801388,0.0014714202521308728,-0.02584322857696164,True,-0.006640042940602275,0.0014714202521308728,-0.03606729663717145,True,-0.002093837926858688,0.010658010386523031,-0.03606729663717145,True,20,True,False,True,False,True,False,,2,STOP_BEFORE_TARGET,False,True,False,True,False,,7,STOP_BEFORE_TARGET,2024-11-12,2024-11-14,2024-11-18,2024-11-25,2024-12-10
MA|2024-11-12T00:00:00|Long,MA,2024-11-12,Long,-0.013776250095012377,0.0025134023712558573,-0.024094337191769122,True,-0.013757334121037523,0.0025134023712558573,-0.024094337191769122,True,-0.018349417486041686,0.0025134023712558573,-0.024094337191769122,True,-0.001303933449912642,0.002796911298269089,-0.03433676039262645,True,0.009977945589123571,0.012699192991493247,-0.03433676039262645,True,20,True,False,True,False,True,False,,1,STOP_BEFORE_TARGET,False,True,False,True,False,,6,STOP_BEFORE_TARGET,2024-11-13,2024-11-15,2024-11-19,2024-11-26,2024-12-11
MA|2024-11-13T00:00:00|Long,MA,2024-11-13,Long,-0.0028358635220797623,0.0009197142336536679,-0.008105274065251522,True,-0.0004790373221065236,0.003084972285772869,-0.009350817883716944,True,-0.017896885812986874,0.003084972285772869,-0.0208477136142734,True,0.02011956752847377,0.022495573933726698,-0.0208477136142734,True,0.020176991191841687,0.028493130562698088,-0.0208477136142734,True,20,True,False,True,False,True,False,,5,STOP_BEFORE_TARGET,False,False,False,False,True,,,NEITHER,2024-11-14,2024-11-18,2024-11-20,2024-11-27,2024-12-12
MA|2024-11-14T00:00:00|Long,MA,2024-11-14,Long,0.0028631632676279217,0.005745561287668233,-0.004611883746094669,True,-0.001806307450628264,0.0059376742416406,-0.00699464734371591,True,-0.010184566832202813,0.0059376742416406,-0.01806307450628264,True,0.024096805224909312,0.029534962329206493,-0.01806307450628264,True,0.01652570173420065,0.03141809150440866,-0.01806307450628264,True,20,True,True,False,True,False,False,19,,TARGET_BEFORE_STOP,False,False,False,False,True,,,NEITHER,2024-11-15,2024-11-19,2024-11-21,2024-11-29,2024-12-13
MA|2024-11-15T00:00:00|Long,MA,2024-11-15,Long,-0.000498207971655007,0.003065733279099536,-0.009369818373956784,True,-0.01791572239103334,0.003065733279099536,-0.02086649359592241,True,-0.0019736520492136256,0.003065733279099536,-0.02086649359592241,True,0.018145529589226328,0.02659565136949893,-0.02086649359592241,True,0.016133634815427955,0.02847340423168032,-0.02086649359592241,True,20,True,False,True,False,True,False,,3,STOP_BEFORE_TARGET,False,False,False,False,True,,,NEITHER,2024-11-18,2024-11-20,2024-11-22,2024-12-02,2024-12-16
MA|2024-11-18T00:00:00|Long,MA,2024-11-18,Long,-0.004160004006371842,0.0019554464308071395,-0.009336110023581923,True,-0.012518507823072844,0.0019554464308071395,-0.020378438324690662,True,0.009527769983709966,0.012690978385483609,-0.020378438324690662,True,0.00872263433923992,0.027107364446211424,-0.020378438324690662,True,0.017982103780475267,0.028986053286149227,-0.020378438324690662,True,20,True,False,True,False,True,False,,2,STOP_BEFORE_TARGET,False,False,False,False,True,,,NEITHER,2024-11-19,2024-11-21,2024-11-25,2024-12-03,2024-12-17
MA|2024-11-19T00:00:00|Long,MA,2024-11-19,Long,-0.013321610234861891,0.00585218861655501,-0.016286184912804647,True,0.002695035844317406,0.00585218861655501,-0.016286184912804647,True,0.01736410525268206,0.021541604681938997,-0.016286184912804647,True,0.003234113511568104,0.031397984192616635,-0.016286184912804647,True,0.0009625379795372702,0.03401605929760332,-0.016286184912804647,True,20,True,True,False,True,False,False,7,,TARGET_BEFORE_STOP,False,False,False,False,True,,,NEITHER,2024-11-20,2024-11-22,2024-11-26,2024-12-04,2024-12-18
MA|2024-11-20T00:00:00|Long,MA,2024-11-20,Long,0.004994727569245683,0.014789123609474597,-0.0018730079530048238,True,0.02743200171956861,0.030651310426790035,-0.0018730079530048238,True,0.038709227974427884,0.04112853239463621,-0.0018730079530048238,True,0.023861634268954157,0.04532337476056725,-0.0018730079530048238,True,0.020954563019391026,0.04797679773217012,-0.0018730079530048238,True,20,True,True,False,True,False,False,3,,TARGET_BEFORE_STOP,False,False,False,False,True,,,NEITHER,2024-11-21,2024-11-25,2024-11-27,2024-12-05,2024-12-19
MA|2024-11-21T00:00:00|Long,MA,2024-11-21,Long,0.011182314188760811,0.012832550378593321,0.0020967135333587184,True,0.025975549440848678,0.030188409173260933,0.0020967135333587184,True,0.0346341054184196,0.04012821767618968,0.0020967135333587184,True,0.026150324940238612,0.04012821767618968,0.0020967135333587184,True,0.025102027419491302,0.042768453389684824,0.0020967135333587184,True,20,True,True,False,True,False,False,3,,TARGET_BEFORE_STOP,False,False,False,False,True,,,NEITHER,2024-11-22,2024-11-26,2024-11-29,2024-12-06,2024-12-20
MA|2024-11-22T00:00:00|Long,MA,2024-11-22,Long,0.011020217324816617,0.014188102093213306,0.0003072499024463493,True,0.02211730571599646,0.024497965143190026,0.0003072499024463493,True,0.020158968427787416,0.028625800789100264,0.0003072499024463493,True,0.003763049625195025,0.028625800789100264,-0.005164540408283846,True,0.015551274524624015,0.031236839052376508,-0.005164540408283846,True,20,True,True,False,True,False,False,13,,TARGET_BEFORE_STOP,False,False,False,False,True,,,NEITHER,2024-11-25,2024-11-27,2024-12-02,2024-12-09,2024-12-23
MA|2024-11-25T00:00:00|Long,MA,2024-11-25,Long,0.0035700815988848333,0.0076909400225828595,-0.0029243792228251797,True,0.012039550226743412,0.017413680916162466,-0.0029243792228251797,True,-0.0007975368963679674,0.017413680916162466,-0.0029243792228251797,True,0.004576593793051087,0.017413680916162466,-0.016008342321705116,True,0.017299747073824312,0.01999625861197285,-0.016008342321705116,True,20,True,False,False,False,False,True,,,NEITHER,False,False,False,False,True,,,NEITHER,2024-11-26,2024-11-29,2024-12-03,2024-12-10,2024-12-24
MA|2024-11-26T00:00:00|Long,MA,2024-11-26,Long,0.00737970132871113,0.009726034738115175,-0.003595147307606683,True,0.005449600721408654,0.013794352353771133,-0.004257493345356855,True,-0.013888824726723037,0.013794352353771133,-0.0195087759983813,True,0.011296609065467367,0.014021409426171472,-0.0195087759983813,True,0.014513404913672145,0.017446321675427034,-0.0195087759983813,True,20,True,False,False,False,False,True,,,NEITHER,False,False,False,False,True,,,NEITHER,2024-11-27,2024-12-02,2024-12-04,2024-12-11,2024-12-26
MA|2024-11-27T00:00:00|Long,MA,2024-11-27,Long,0.0010518756404402918,0.0063676595990560525,-0.004414094376919309,True,-0.01164583972006239,0.0063676595990560525,-0.012059023350378117,True,-0.0142942734170447,0.0063676595990560525,-0.026691502014212887,True,5.62911105674857e-05,0.008208413308365081,-0.026691502014212887,True,-0.0003380906009436968,0.009992875907106624,-0.026691502014212887,True,20,True,False,True,False,True,False,,4,STOP_BEFORE_TARGET,False,False,False,False,True,,,NEITHER,2024-11-29,2024-12-03,2024-12-05,2024-12-12,2024-12-27
MA|2024-11-29T00:00:00|Long,MA,2024-11-29,Long,-0.0029647185097866346,0.003527610752054988,-0.012590576691405286,True,-0.022141306223801616,0.003527610752054988,-0.027714225735708142,True,-0.008199788150952236,0.003527610752054988,-0.027714225735708142,True,-0.007392956849470944,0.007149017790258005,-0.027714225735708142,True,-0.013866503949006903,0.008931605328591052,-0.027714225735708142,True,20,True,False,True,False,True,False,,3,STOP_BEFORE_TARGET,False,False,False,False,True,,,NEITHER,2024-12-02,2024-12-04,2024-12-06,2024-12-13,2024-12-30
MA|2024-12-02T00:00:00|Long,MA,2024-12-02,Long,-0.009748556192755164,0.0065116344249500635,-0.010162532986622064,True,-0.012402073927249901,0.0065116344249500635,-0.024823100732132453,True,-0.01607192536655444,0.0065116344249500635,-0.024823100732132453,True,-0.0019760385085716425,0.010143809840839513,-0.024823100732132453,True,-0.009014562931709214,0.01193169796418525,-0.024823100732132453,True,20,True,False,True,False,True,False,,2,STOP_BEFORE_TARGET,False,False,False,False,True,,,NEITHER,2024-12-03,2024-12-05,2024-12-09,2024-12-16,2024-12-31
MA|2024-12-03T00:00:00|Long,MA,2024-12-03,Long,-0.009578429620088702,0.0001901186333312932,-0.015222946286672201,True,0.004542199782784584,0.009160377420866173,-0.015222946286672201,True,0.005378420177955201,0.01028171776767084,-0.015222946286672201,True,0.009179400883871924,0.020088196950376558,-0.015222946286672201,True,-0.007183793215885137,0.021893685985032052,-0.016192214926157078,True,20,True,False,False,False,False,True,,,NEITHER,False,False,False,False,True,,,NEITHER,2024-12-04,2024-12-06,2024-12-10,2024-12-17,2025-01-02
MA|2024-12-04T00:00:00|Long,MA,2024-12-04,Long,0.006965507888050615,0.012146363504552005,0.0019763753171277987,True,0.0032236877394926644,0.020052216128674916,0.0014199451463619006,True,0.02554015655000641,0.02830333420079123,-0.0017654448314301519,True,-0.0022642526818388298,0.030682714404807188,-0.002743970210665747,True,0.0004220952084699192,0.031776484424757,-0.006677747641876786,True,20,True,True,False,True,False,False,10,,TARGET_BEFORE_STOP,False,False,False,False,True,,,NEITHER,2024-12-05,2024-12-09,2024-12-11,2024-12-18,2025-01-03
MA|2024-12-05T00:00:00|Long,MA,2024-12-05,Long,0.007241244071761299,0.011871830014822393,-0.0043257416520815495,True,0.008079711257442668,0.012996183223863866,-0.008670557880172569,True,0.014558670139170005,0.022829010848316234,-0.008670557880172569,True,-0.0028393204240324543,0.023553146886331255,-0.009642314481138947,True,-0.02446791237605017,0.02463935094335401,-0.02622102874305987,True,20,True,False,True,False,True,False,,20,STOP_BEFORE_TARGET,False,False,False,False,True,,,NEITHER,2024-12-06,2024-12-10,2024-12-12,2024-12-19,2025-01-06
MA|2024-12-06T00:00:00|Long,MA,2024-12-06,Long,-0.010878407628742037,0.005713565827426104,-0.012656795407808064,True,0.011124363473778764,0.01384869974230063,-0.015797409057248912,True,0.0008135018442647635,0.015475703430829935,-0.015797409057248912,True,-0.0010215827986103099,0.016194633520594692,-0.017310903545932677,True,-0.03248389653180317,0.017273028655241607,-0.03322170633079957,True,20,True,False,True,False,True,False,,17,STOP_BEFORE_TARGET,False,True,False,True,False,,19,STOP_BEFORE_TARGET,2024-12-09,2024-12-11,2024-12-13,2024-12-20,2025-01-07
MA|2024-12-09T00:00:00|Long,MA,2024-12-09,Long,0.011839643385276322,0.013082831040302612,-0.00497310084669611,True,0.018342767464836873,0.026643954861396146,-0.00497310084669611,True,0.014326135437525922,0.026643954861396146,-0.00497310084669611,True,0.0117440315259969,0.0273707917794348,-0.006503240821757683,True,-0.012279527983279692,0.02846104715649278,-0.02258903139349444,True,20,True,False,True,False,True,False,,18,STOP_BEFORE_TARGET,False,False,False,False,True,,,NEITHER,2024-12-10,2024-12-12,2024-12-16,2024-12-23,2025-01-08
MA|2024-12-10T00:00:00|Long,MA,2024-12-10,Long,0.010283363908022203,0.013005434218268608,-0.003289144254842946,True,-1.8921694183937632e-05,0.01463108465150631,-0.003289144254842946,True,0.003780646798887677,0.01463108465150631,-0.007825966563981823,True,0.012665189851510883,0.015349416773389635,-0.018128252166187853,True,-0.04601046461989311,0.016426914956214844,-0.048486841346209286,True,20,True,False,True,False,True,False,,15,STOP_BEFORE_TARGET,False,True,False,True,False,,17,STOP_BEFORE_TARGET,2024-12-11,2024-12-13,2024-12-17,2024-12-24,2025-01-10
MA|2024-12-11T00:00:00|Long,MA,2024-12-11,Long,-0.003817081141182066,0.0043034666300612034,-0.004640361955769889,True,-0.007746308455193307,0.0043034666300612034,-0.010365869465737698,True,-0.027111965391371284,0.005014487070014395,-0.0275797359859824,True,0.003180862883716662,0.006081017729944405,-0.028122422964886762,True,-0.055271789447501996,0.006081017729944405,-0.06460847224365096,True,20,True,False,True,False,True,False,,5,STOP_BEFORE_TARGET,False,True,False,True,False,,14,STOP_BEFORE_TARGET,2024-12-12,2024-12-16,2024-12-18,2024-12-26,2025-01-13
MA|2024-12-12T00:00:00|Long,MA,2024-12-12,Long,-0.0064047882581748095,0.004263668311550894,-0.006573881363131195,True,-0.0026294837616165356,0.004864722650050002,-0.014161977437820994,True,-0.017148333630440438,0.00886540819362125,-0.023853706377561457,True,-0.00039435951257627,0.009936025486629863,-0.024398472774003865,True,-0.043932280217654385,0.009936025486629863,-0.061024325906038124,True,20,True,False,True,False,True,False,,4,STOP_BEFORE_TARGET,False,True,False,True,False,,15,STOP_BEFORE_TARGET,2024-12-13,2024-12-17,2024-12-19,2024-12-27,2025-01-14
MA|2024-12-13T00:00:00|Long,MA,2024-12-13,Long,0.0024763658952622336,0.011342155009451904,0.0,True,-0.017088805344695146,0.015368629268076583,-0.017561395136755698,True,-0.0018335930115784826,0.015368629268076583,-0.018109673137700844,True,-0.006521762206108228,0.016446147839378478,-0.018109673137700844,True,-0.012570934620155905,0.016446147839378478,-0.05497161922923555,True,20,True,False,True,False,True,False,,12,STOP_BEFORE_TARGET,False,True,False,True,False,,14,STOP_BEFORE_TARGET,2024-12-16,2024-12-18,2024-12-20,2024-12-30,2025-01-15
MA|2024-12-16T00:00:00|Long,MA,2024-12-16,Long,0.0013200056764042234,0.0027720234297843316,-0.010258155543833913,True,-0.013256337414121688,0.012860416276548214,-0.01998826277976462,True,-0.0025456348025728603,0.012860416276548214,-0.02053518639771501,True,-0.007052460356381962,0.013935273109047852,-0.02053518639771501,True,-0.013520361568073236,0.013935273109047852,-0.05730607431646917,True,20,True,False,True,False,True,False,,4,STOP_BEFORE_TARGET,False,True,False,True,False,,13,STOP_BEFORE_TARGET,2024-12-17,2024-12-19,2024-12-23,2024-12-31,2025-01-16
MA|2024-12-17T00:00:00|Long,MA,2024-12-17,Long,-0.020809377581876398,0.01152519727432022,-0.021280178499754276,True,-0.005611910159782685,0.01152519727432022,-0.021826381127135974,True,0.008851080244430376,0.01152519727432022,-0.021826381127135974,True,-0.016214356025722965,0.012598637160077475,-0.02514083797965716,True,-0.011883010569572527,0.012598637160077475,-0.058548795250795704,True,20,True,False,True,False,True,False,,1,STOP_BEFORE_TARGET,False,True,False,True,False,,12,STOP_BEFORE_TARGET,2024-12-18,2024-12-20,2024-12-24,2025-01-02,2025-01-17
MA|2024-12-18T00:00:00|Long,MA,2024-12-18,Long,0.006385120362952357,0.017808962880141888,0.004308004730588344,True,0.017309023039608462,0.023309474969259947,-0.0010386165083445809,True,0.031137013918846268,0.03411798885435835,-0.0010386165083445809,True,0.0026924442644551405,0.03411798885435835,-0.004423510906471084,True,0.015578073781917556,0.03411798885435835,-0.03854144106866686,True,20,True,True,True,True,False,False,4,14,TARGET_BEFORE_STOP,False,True,False,True,False,,14,STOP_BEFORE_TARGET,2024-12-19,2024-12-23,2024-12-26,2025-01-03,2025-01-21
MA|2024-12-19T00:00:00|Long,MA,2024-12-19,Long,0.009077357693895838,0.01681697618919875,-0.0073766361615318354,True,0.023753997821172934,0.023811267848769857,-0.0073766361615318354,True,0.01704628957872112,0.02755691427691631,-0.0073766361615318354,True,-0.021690177315470405,0.02755691427691631,-0.023448285514998668,True,0.007452918438616063,0.02755691427691631,-0.04464151995353083,True,20,True,False,True,False,True,False,,10,STOP_BEFORE_TARGET,False,True,False,True,False,,13,STOP_BEFORE_TARGET,2024-12-20,2024-12-24,2024-12-27,2025-01-06,2025-01-22
MA|2024-12-20T00:00:00|Long,MA,2024-12-20,Long,0.0017612495960117602,0.002594540160929526,-0.013067484861136736,True,0.015377904033223366,0.018313320026576596,-0.013067484861136736,True,-0.004696781179677756,0.018313320026576596,-0.013067484861136736,True,-0.03149448796034415,0.018313320026576596,-0.032233052263928696,True,0.011722707162114432,0.018313320026576596,-0.05323563871276782,True,20,True,False,True,False,True,False,,9,STOP_BEFORE_TARGET,False,True,False,True,False,,9,STOP_BEFORE_TARGET,2024-12-23,2024-12-26,2024-12-30,2025-01-07,2025-01-23
MA|2024-12-23T00:00:00|Long,MA,2024-12-23,Long,0.012760888762116895,0.012817543821996402,-0.00213627653484727,True,0.006125208143882066,0.016522969357458894,-0.00213627653484727,True,-0.004518327565709801,0.016522969357458894,-0.014424539787256219,True,-0.023744700992248235,0.016522969357458894,-0.0339345346744544,True,0.008563914234624104,0.016522969357458894,-0.05490019536187751,True,20,True,False,True,False,True,False,,6,STOP_BEFORE_TARGET,False,True,False,True,False,,8,STOP_BEFORE_TARGET,2024-12-24,2024-12-27,2024-12-31,2025-01-08,2025-01-24
MA|2024-12-24T00:00:00|Long,MA,2024-12-24,Long,0.0008213444276925497,0.003714678002564087,-0.005208114367967531,True,-0.018965548081917527,0.003714678002564087,-0.026842889423387528,True,-0.02484552652119909,0.003714678002564087,-0.03369369264673994,True,-0.05794181044181812,0.003714678002564087,-0.06038721564694749,True,0.022269496904036234,0.022922789864001425,-0.06680854767870792,True,20,True,False,True,False,True,False,,3,STOP_BEFORE_TARGET,False,True,False,True,False,,5,STOP_BEFORE_TARGET,2024-12-26,2024-12-30,2025-01-02,2025-01-10,2025-01-27
MA|2024-12-26T00:00:00|Long,MA,2024-12-26,Long,-0.007367363661594628,0.0026298108371292095,-0.009978618628135982,True,-0.017868164979220835,0.0026298108371292095,-0.02764153063392094,True,-0.02758563534276337,0.0026298108371292095,-0.034486711606025344,True,-0.058267312001140215,0.0026298108371292095,-0.06757439025750767,True,0.020908254083828348,0.028723235433470773,-0.06757439025750767,True,20,True,False,True,False,True,False,,2,STOP_BEFORE_TARGET,False,True,False,True,False,,4,STOP_BEFORE_TARGET,2024-12-27,2024-12-31,2025-01-03,2025-01-13,2025-01-28
MA|2024-12-27T00:00:00|Long,MA,2024-12-27,Long,-0.012495348105094672,-0.006820753099495258,-0.020424642743072652,True,-0.01841410666701837,-0.003081575743744125,-0.027320628953393933,True,-0.03808722109417151,-0.003081575743744125,-0.03981586237386847,True,-0.043555097071929616,-0.003081575743744125,-0.060653885830313836,True,0.03119123488385034,0.03635846512985452,-0.060653885830313836,True,20,True,True,True,False,True,False,19,1,STOP_BEFORE_TARGET,False,True,False,True,False,,5,STOP_BEFORE_TARGET,2024-12-30,2025-01-02,2025-01-06,2025-01-14,2025-01-29
MA|2024-12-30T00:00:00|Long,MA,2024-12-30,Long,0.001940861107301295,0.0069261054761387,1.9046267448308285e-05,True,-0.007972604963805696,0.00953288912947059,-0.015012871908857583,True,-0.02692416368594519,0.00953288912947059,-0.027666213233880854,True,-0.006088882658849659,0.00953288912947059,-0.04876790973369949,True,0.07698605824836346,0.09778330480845088,-0.04876790973369949,True,20,True,True,True,False,True,False,17,4,STOP_BEFORE_TARGET,True,True,False,True,False,20,7,STOP_BEFORE_TARGET,2024-12-31,2025-01-03,2025-01-07,2025-01-15,2025-01-30
MA|2024-12-31T00:00:00|Long,MA,2024-12-31,Long,-0.007919142473279406,0.007577321493585032,-0.01692089191513979,True,-0.027802598789914312,0.007577321493585032,-0.029549722434177972,True,-0.01931363877300063,0.007577321493585032,-0.029549722434177972,True,-0.00651383980871012,0.007577321493585032,-0.050610542806847514,True,0.05480749938306473,0.09565678716329495,-0.050610542806847514,True,20,True,True,True,False,True,False,16,3,STOP_BEFORE_TARGET,True,True,False,True,False,19,6,STOP_BEFORE_TARGET,2025-01-02,2025-01-06,2025-01-08,2025-01-16,2025-01-31
MA|2025-01-02T00:00:00|Long,MA,2025-01-02,Long,-0.0019908863206247185,0.003943333580246788,-0.009035282384558418,True,-0.021056718995976387,0.003943333580246788,-0.02180324294818481,True,-0.03393952939840417,0.003943333580246788,-0.03644723999363475,True,0.004402732935452125,0.010968568531704914,-0.043032178284337363,True,0.07953672636132114,0.10440270956824182,-0.043032178284337363,True,20,True,True,True,False,True,False,15,2,STOP_BEFORE_TARGET,True,True,False,True,False,16,5,STOP_BEFORE_TARGET,2025-01-03,2025-01-07,2025-01-10,2025-01-17,2025-02-03
MA|2025-01-03T00:00:00|Long,MA,2025-01-03,Long,-0.01808729657191166,0.0,-0.019851879462821298,True,-0.009513505211097839,0.0,-0.019851879462821298,True,-0.031552060287788675,0.0,-0.04112316350740031,True,0.012851028838573697,0.01653367224063973,-0.04112316350740031,True,0.07240678429616043,0.10660583598943663,-0.04112316350740031,True,20,True,True,True,False,True,False,14,4,STOP_BEFORE_TARGET,True,True,False,True,False,14,4,STOP_BEFORE_TARGET,2025-01-06,2025-01-08,2025-01-13,2025-01-21,2025-02-04
MA|2025-01-06T00:00:00|Long,MA,2025-01-06,Long,-0.0010352954249206459,0.008594972900619169,-0.0016603952018375834,True,-0.014181586060429963,0.010782762507032917,-0.016740584546384163,True,-0.005684378144947599,0.010782762507032917,-0.023460198503456486,True,0.029789229422348518,0.03588380321529949,-0.023460198503456486,True,0.10618636557594718,0.12699003905949602,-0.023460198503456486,True,20,True,True,True,False,True,False,8,4,STOP_BEFORE_TARGET,True,False,True,False,False,13,,TARGET_BEFORE_STOP,2025-01-07,2025-01-10,2025-01-14,2025-01-22,2025-02-05
MA|2025-01-07T00:00:00|Long,MA,2025-01-07,Long,0.009777142309841835,0.011830305793416818,0.00025421369644917924,True,-0.012690634164709613,0.011830305793416818,-0.022448143538839616,True,0.021411775166484626,0.024188552566290156,-0.022448143538839616,True,0.04462255979467167,0.04487677349112085,-0.022448143538839616,True,0.10903398496976435,0.12815801589193643,-0.022448143538839616,True,20,True,True,True,False,True,False,6,3,STOP_BEFORE_TARGET,True,False,True,False,False,12,,TARGET_BEFORE_STOP,2025-01-08,2025-01-13,2025-01-15,2025-01-23,2025-02-06
MA|2025-01-08T00:00:00|Long,MA,2025-01-08,Long,-0.022714969852369205,-0.005112344158838877,-0.025251817285051437,True,-0.014291314971885294,-0.005112344158838877,-0.03191326531215277,True,0.013051878225649904,0.020759043757382578,-0.03191326531215277,True,0.03309443263428147,0.038071208782064936,-0.03191326531215277,True,0.0897559515775177,0.11723465368932917,-0.03191326531215277,True,20,True,True,True,False,True,False,9,1,STOP_BEFORE_TARGET,True,True,False,True,False,11,2,STOP_BEFORE_TARGET,2025-01-10,2025-01-14,2025-01-16,2025-01-24,2025-02-07
MA|2025-01-10T00:00:00|Long,MA,2025-01-10,Long,0.00047553892244356355,0.0029325706488838588,-0.009412090818984531,True,0.03503271779141448,0.037846524650410274,-0.009412090818984531,True,0.039689298445240384,0.04648580425006266,-0.009412090818984531,True,0.08514474820655482,0.08583822231166471,-0.009412090818984531,True,0.12051434638160785,0.1432024631755151,-0.009412090818984531,True,20,True,True,False,True,False,False,3,,TARGET_BEFORE_STOP,True,False,True,False,False,6,,TARGET_BEFORE_STOP,2025-01-13,2025-01-15,2025-01-17,2025-01-27,2025-02-10
MA|2025-01-13T00:00:00|Long,MA,2025-01-13,Long,0.008140035494945241,0.008872890126625732,-0.001386409859091886,True,0.03610546603177989,0.04398802022932635,-0.001386409859091886,True,0.04584974298108091,0.049652367005621256,-0.001386409859091886,True,0.08407435262039509,0.09237286604064066,-0.001386409859091886,True,0.11841715971413769,0.14265908430584395,-0.001386409859091886,True,20,True,True,False,True,False,False,2,,TARGET_BEFORE_STOP,True,False,True,False,False,6,,TARGET_BEFORE_STOP,2025-01-14,2025-01-16,2025-01-21,2025-01-28,2025-02-11
MA|2025-01-14T00:00:00|Long,MA,2025-01-14,Long,0.02618755031230724,0.028977310981753934,0.009253057948086951,True,0.030804336827209067,0.03754276115201316,0.009253057948086951,True,0.03567640574842268,0.04180582145807499,0.009253057948086951,True,0.07815017020525783,0.0835527085325416,0.009253057948086951,True,0.10919018461330565,0.13343290026653576,0.009253057948086951,True,20,True,True,False,True,False,False,2,,TARGET_BEFORE_STOP,True,False,True,False,False,7,,TARGET_BEFORE_STOP,2025-01-15,2025-01-17,2025-01-22,2025-01-29,2025-02-12
MA|2025-01-15T00:00:00|Long,MA,2025-01-15,Long,0.0015124707560554285,0.009131845992525145,-0.0031205225595809516,True,0.010931410432729827,0.01460707425946306,-0.0031205225595809516,True,0.022724218765153736,0.022973103399764216,-0.0031205225595809516,True,0.08358387330393291,0.10450852762888196,-0.0031205225595809516,True,0.08415817751947796,0.10450852762888196,-0.0031205225595809516,True,20,True,True,False,True,False,False,7,,TARGET_BEFORE_STOP,True,False,True,False,False,8,,TARGET_BEFORE_STOP,2025-01-16,2025-01-21,2025-01-23,2025-01-30,2025-02-13
MA|2025-01-16T00:00:00|Long,MA,2025-01-16,Long,0.002981988597530849,0.009538536710345769,-0.004071577060003606,True,0.007722555939557951,0.01368653313461965,-0.004071577060003606,True,0.019784331720243076,0.024696988470359615,-0.004071577060003606,True,0.06172339550252781,0.10284051360346358,-0.004071577060003606,True,0.07955804173220637,0.10284051360346358,-0.004071577060003606,True,20,True,True,False,True,False,False,6,,TARGET_BEFORE_STOP,True,False,True,False,False,7,,TARGET_BEFORE_STOP,2025-01-17,2025-01-22,2025-01-24,2025-01-31,2025-02-14
MA|2025-01-17T00:00:00|Long,MA,2025-01-17,Long,0.006403631167130053,0.010062832359217566,0.004211856081733911,True,0.018143621640202,0.01839139156546965,0.001848619555095965,True,0.04372022471452652,0.044387226006303626,0.001848619555095965,True,0.07480464853603452,0.09956163335052981,0.001848619555095965,True,0.08368586263193323,0.09956163335052981,0.001848619555095965,True,20,True,True,False,True,False,False,5,,TARGET_BEFORE_STOP,True,False,True,False,False,6,,TARGET_BEFORE_STOP,2025-01-21,2025-01-23,2025-01-27,2025-02-03,2025-02-18
MA|2025-01-21T00:00:00|Long,MA,2025-01-21,Long,-0.0016664865486517577,0.004241923729749075,-0.004526028594264653,True,0.010282908572673666,0.015149793654105181,-0.004526028594264653,True,0.03654885407377817,0.04448356312346591,-0.004526028594264653,True,0.05880011350324521,0.09256524847328307,-0.004526028594264653,True,0.07658221154485201,0.09256524847328307,-0.004526028594264653,True,20,True,True,False,True,False,False,4,,TARGET_BEFORE_STOP,True,False,True,False,False,7,,TARGET_BEFORE_STOP,2025-01-22,2025-01-24,2025-01-28,2025-02-04,2025-02-19
MA|2025-01-22T00:00:00|Long,MA,2025-01-22,Long,0.013354031118691045,0.013600635475113476,0.002845328011001458,True,0.038810315749670865,0.039474179308227386,0.002845328011001458,True,0.04101065180310037,0.046227086489936564,0.002845328011001458,True,0.07418715788710784,0.09438903307589608,0.002845328011001458,True,0.06847763026412013,0.09438903307589608,0.002845328011001458,True,20,True,True,False,True,False,False,3,,TARGET_BEFORE_STOP,True,False,True,False,False,6,,TARGET_BEFORE_STOP,2025-01-23,2025-01-27,2025-01-29,2025-02-05,2025-02-20
MA|2025-01-23T00:00:00|Long,MA,2025-01-23,Long,-0.0013664417445667931,0.003444324353967909,-0.0038747078031136084,True,0.024596636908094327,0.032439852570532945,-0.004792028937488757,True,0.059507395466064095,0.07996711856738403,-0.004792028937488757,True,0.06165999821768464,0.07996711856738403,-0.004792028937488757,True,0.043596346710599976,0.07996711856738403,-0.004792028937488757,True,20,True,True,False,True,False,False,3,,TARGET_BEFORE_STOP,True,False,True,False,False,5,,TARGET_BEFORE_STOP,2025-01-24,2025-01-28,2025-01-30,2025-02-06,2025-02-21
MA|2025-01-24T00:00:00|Long,MA,2025-01-24,Long,0.026523504982438384,0.027179516514695523,-0.003430274463143701,True,0.028697815964396467,0.03385255185511449,-0.003430274463143701,True,0.04112542473714931,0.08144484995480905,-0.003430274463143701,True,0.05484640818241093,0.08144484995480905,-0.003430274463143701,True,0.04781722287688628,0.08144484995480905,-0.003430274463143701,True,20,True,True,False,True,False,False,2,,TARGET_BEFORE_STOP,True,False,True,False,False,4,,TARGET_BEFORE_STOP,2025-01-27,2025-01-29,2025-01-31,2025-02-07,2025-02-24
MA|2025-01-27T00:00:00|Long,MA,2025-01-27,Long,-0.0005113382685426604,0.007139677598323901,-0.009093640659372237,True,0.0335439241578801,0.05350227706019273,-0.009093640659372237,True,0.029782333508014514,0.05350227706019273,-0.009093640659372237,True,0.032594359631292535,0.05350227706019273,-0.009093640659372237,True,0.029928446077774673,0.05350227706019273,-0.009093640659372237,True,20,True,True,False,True,False,False,3,,TARGET_BEFORE_STOP,True,False,True,False,False,3,,TARGET_BEFORE_STOP,2025-01-28,2025-01-30,2025-02-03,2025-02-10,2025-02-25
MA|2025-01-28T00:00:00|Long,MA,2025-01-28,Long,0.0026308142355004893,0.005937591506461004,-0.0015711512981902986,True,0.01474350982934114,0.054041248687269006,-0.0015711512981902986,True,0.021466676984897015,0.054041248687269006,-0.0015711512981902986,True,0.031679383439641606,0.054041248687269006,-0.0015711512981902986,True,0.025412954092274953,0.054041248687269006,-0.0015711512981902986,True,20,True,True,False,True,False,False,2,,TARGET_BEFORE_STOP,True,False,True,False,False,2,,TARGET_BEFORE_STOP,2025-01-29,2025-01-31,2025-02-04,2025-02-11,2025-02-26
MA|2025-01-29T00:00:00|Long,MA,2025-01-29,Long,0.0313593701812338,0.05127553803636942,0.010441037958017985,True,0.027605730231498704,0.05127553803636942,0.004136333057110697,True,0.03186951644206859,0.05127553803636942,0.004136333057110697,True,0.028790065860805347,0.05127553803636942,0.004136333057110697,True,0.02919099833743699,0.05127553803636942,0.004136333057110697,True,20,True,True,False,True,False,False,1,,TARGET_BEFORE_STOP,True,False,True,False,False,1,,TARGET_BEFORE_STOP,2025-01-30,2025-02-03,2025-02-05,2025-02-12,2025-02-27
MA|2025-01-30T00:00:00|Long,MA,2025-01-30,Long,-0.01869227912457727,-0.0008304300810437759,-0.020087975337919617,True,-0.012190640262563002,0.010582834457036006,-0.026395297227327585,True,0.0020317014877218043,0.010582834457036006,-0.026395297227327585,True,0.0005300043953162525,0.010582834457036006,-0.026395297227327585,True,0.018197536466243447,0.01840953822436986,-0.026395297227327585,True,20,True,False,True,False,True,False,,1,STOP_BEFORE_TARGET,False,False,False,False,True,,,NEITHER,2025-01-31,2025-02-04,2025-02-06,2025-02-13,2025-02-28
MA|2025-01-31T00:00:00|Long,MA,2025-01-31,Long,0.015339502085951251,0.017229907369811448,-0.007849747779298477,True,0.019552392731340573,0.029832755779702902,-0.007849747779298477,True,0.013178991809489116,0.029832755779702902,-0.007849747779298477,True,0.01679782729214252,0.029832755779702902,-0.007849747779298477,True,0.03508991320487054,0.0482508833631039,-0.007849747779298477,True,20,True,True,False,True,False,False,18,,TARGET_BEFORE_STOP,False,False,False,False,True,,,NEITHER,2025-02-03,2025-02-05,2025-02-07,2025-02-14,2025-03-03
MA|2025-02-03T00:00:00|Long,MA,2025-02-03,Long,-0.00858236856229011,0.014274293144289407,-0.011295318697234102,True,0.005691924581999297,0.014274293144289407,-0.011295318697234102,True,0.0027306995194786854,0.014274293144289407,-0.011295318697234102,True,0.008263096096574829,0.014274293144289407,-0.011295318697234102,True,-0.01574608509725961,0.032414164138732326,-0.02117209359510208,True,20,True,True,True,True,False,False,19,20,TARGET_BEFORE_STOP,False,False,False,False,True,,,NEITHER,2025-02-04,2025-02-06,2025-02-10,2025-02-18,2025-03-04
MA|2025-02-04T00:00:00|Long,MA,2025-02-04,Long,0.01284182515765031,0.013879218702820273,0.0012341086002467527,True,0.0065103731712976565,0.019566816419004374,0.0012341086002467527,True,0.009998080881982174,0.019566816419004374,0.00019671505507701248,True,0.01679457511840554,0.0207294220441816,0.00019671505507701248,True,-0.0014487266903030482,0.041351425878487724,-0.013932818642910627,True,20,True,True,False,True,False,False,17,,TARGET_BEFORE_STOP,False,False,False,False,True,,,NEITHER,2025-02-05,2025-02-07,2025-02-11,2025-02-19,2025-03-05
MA|2025-02-05T00:00:00|Long,MA,2025-02-05,Long,0.0015363067526255048,0.006109982706579364,-0.0030902895475849457,True,-0.0014126822370325032,0.006639725072873359,-0.009341465031345364,True,-0.0029843410743261023,0.006639725072873359,-0.012484782705932673,True,-0.005315207486019435,0.007787590017131807,-0.012802628125708981,True,-0.029083987607369854,0.028148127390374755,-0.038142959303607005,True,20,True,False,True,False,True,False,,13,STOP_BEFORE_TARGET,False,True,False,True,False,,20,STOP_BEFORE_TARGET,2025-02-06,2025-02-10,2025-02-12,2025-02-20,2025-03-06
MA|2025-02-06T00:00:00|Long,MA,2025-02-06,Long,-0.007775536626960511,0.005095589931028099,-0.009485760812470545,True,-0.004337331712358172,0.005095589931028099,-0.013999581806494743,True,-0.0014986522783421163,0.005095589931028099,-0.013999581806494743,True,-0.017014535291345556,0.0062416941077008126,-0.018654271379604848,True,-0.035950974290784865,0.026570999431898112,-0.054446620547721536,True,20,True,False,True,False,True,False,,12,STOP_BEFORE_TARGET,False,True,False,True,False,,19,STOP_BEFORE_TARGET,2025-02-07,2025-02-11,2025-02-13,2025-02-21,2025-03-07
MA|2025-02-07T00:00:00|Long,MA,2025-02-07,Long,0.004868929781208342,0.008032020490893022,-0.003109729009329154,True,0.0032873844263661134,0.008032020490893022,-0.0062728197190137225,True,0.0035717632441136793,0.011532634801199482,-0.0062728197190137225,True,-0.00666370501999114,0.01412707633412924,-0.010963985624444672,True,-0.04554421125333186,0.03461569163705014,-0.05460680669702356,True,20,True,True,True,True,False,False,15,17,TARGET_BEFORE_STOP,False,True,False,True,False,,18,STOP_BEFORE_TARGET,2025-02-10,2025-02-12,2025-02-14,2025-02-24,2025-03-10
MA|2025-02-10T00:00:00|Long,MA,2025-02-10,Long,-0.0013969796830821668,0.0016622795409988456,-0.011087763956089347,True,0.0014500828279540023,0.003359961178579063,-0.011087763956089347,True,0.005517330405608645,0.006631417115704918,-0.011087763956089347,True,-0.0025817626531194904,0.009213287702045658,-0.02263521550162828,True,-0.07018692306994889,0.029602628735190928,-0.07646464301950529,True,20,True,False,True,False,True,False,,10,STOP_BEFORE_TARGET,False,True,False,True,False,,17,STOP_BEFORE_TARGET,2025-02-11,2025-02-13,2025-02-18,2025-02-25,2025-03-11
MA|2025-02-11T00:00:00|Long,MA,2025-02-11,Long,-0.00017715002467022511,8.852097022882255e-05,-0.009314697453373877,True,0.00010624678111703645,0.008039627995756637,-0.009314697453373877,True,0.00672921500057555,0.010625110448554853,-0.009314697453373877,True,-0.006074008502985007,0.010625110448554853,-0.02126794670799803,True,-0.07094031643814958,0.031042974823404013,-0.08046750745375753,True,20,True,True,True,False,True,False,13,9,STOP_BEFORE_TARGET,False,True,False,True,False,,16,STOP_BEFORE_TARGET,2025-02-12,2025-02-14,2025-02-19,2025-02-26,2025-03-12
MA|2025-02-12T00:00:00|Long,MA,2025-02-12,Long,0.003028731928090611,0.0049416209407457945,-0.005543756674031397,True,0.007102390965326277,0.008218233880761483,-0.005543756674031397,True,-0.002337843333579115,0.01080417443299253,-0.009847675874983253,True,0.00038971262450537836,0.017888836446746215,-0.021094533580472086,True,-0.07929500607865214,0.031225656473888863,-0.08304986829767258,True,20,True,True,True,False,True,False,12,8,STOP_BEFORE_TARGET,False,True,False,True,False,,15,STOP_BEFORE_TARGET,2025-02-13,2025-02-18,2025-02-20,2025-02-27,2025-03-13
MA|2025-02-13T00:00:00|Long,MA,2025-02-13,Long,-0.0027369952846513224,0.005173831803098494,-0.003849468815983026,True,0.003867144233454356,0.007751963884379931,-0.008458226144679948,True,-0.01553917082676659,0.007751963884379931,-0.017181367997557317,True,0.017658173161538393,0.017870062617321825,-0.024050423223860307,True,-0.06828412543812667,0.028111781495627097,-0.08581867845430202,True,20,True,False,True,False,True,False,,7,STOP_BEFORE_TARGET,False,True,False,True,False,,14,STOP_BEFORE_TARGET,2025-02-14,2025-02-19,2025-02-21,2025-02-28,2025-03-14
MA|2025-02-14T00:00:00|Long,MA,2025-02-14,Long,0.006817011685255947,0.006852459540811928,-0.005736932818100171,True,-0.0026205475656184696,0.010517746190760402,-0.010128252070565447,True,-0.0101990397089472,0.010517746190760402,-0.01448401539474431,True,0.017989894767421077,0.030933441463702582,-0.02137192279111222,True,-0.0580246812178673,0.030933441463702582,-0.08330970142962935,True,20,True,True,True,False,True,False,10,6,STOP_BEFORE_TARGET,False,True,False,True,False,,13,STOP_BEFORE_TARGET,2025-02-18,2025-02-20,2025-02-24,2025-03-03,2025-03-17
MA|2025-02-18T00:00:00|Long,MA,2025-02-18,Long,-0.00019342845605230252,0.003675677369922692,-0.003446933729607582,True,-0.019521246323302877,0.003675677369922692,-0.021156800920899776,True,-0.008054652877500512,0.003675677369922692,-0.02799807129717069,True,-0.023812416904659517,0.023953140936781914,-0.029193957217747424,True,-0.06756825222898921,0.023953140936781914,-0.08951647823672249,True,20,True,False,True,False,True,False,,3,STOP_BEFORE_TARGET,False,True,False,True,False,,11,STOP_BEFORE_TARGET,2025-02-19,2025-02-21,2025-02-25,2025-03-04,2025-03-18
MA|2025-02-19T00:00:00|Long,MA,2025-02-19,Long,-0.009182006513852259,0.0,-0.016640320092623173,True,-0.016710642040457357,0.0,-0.020967428162104174,True,-0.012717643744503127,0.0,-0.027810022090754227,True,-0.017941973978946812,0.024151240930079254,-0.030219863985543105,True,-0.05700962734306292,0.024151240930079254,-0.08934033074290892,True,20,True,False,True,False,True,False,,2,STOP_BEFORE_TARGET,False,True,False,True,False,,10,STOP_BEFORE_TARGET,2025-02-20,2025-02-24,2025-02-26,2025-03-05,2025-03-19
MA|2025-02-20T00:00:00|Long,MA,2025-02-20,Long,-0.010243607497415708,0.0026984065066022467,-0.011894638294552506,True,0.0013314869354346115,0.004899780902784645,-0.018800643205277412,True,0.00273394749901934,0.02027407739701248,-0.018800643205277412,True,-0.023895791209672335,0.03364214988329994,-0.03300317051657964,True,-0.047756041426927465,0.03364214988329994,-0.08090115919980756,True,20,True,True,True,True,False,False,7,8,TARGET_BEFORE_STOP,False,True,False,True,False,,10,STOP_BEFORE_TARGET,2025-02-21,2025-02-25,2025-02-27,2025-03-06,2025-03-20
MA|2025-02-21T00:00:00|Long,MA,2025-02-21,Long,0.0026725802376201813,0.00708509647870148,-0.001291513561494484,True,0.006744291043681239,0.016448104517462037,-0.008645597818494832,True,0.03372134574027141,0.03393657975416464,-0.008645597818494832,True,-0.019264210590389297,0.04433995851216577,-0.03807999873881185,True,-0.03913832387223293,0.04433995851216577,-0.0713888308654772,True,20,True,True,True,True,False,False,4,9,TARGET_BEFORE_STOP,False,True,False,True,False,,10,STOP_BEFORE_TARGET,2025-02-24,2025-02-26,2025-02-28,2025-03-07,2025-03-21
MA|2025-02-24T00:00:00|Long,MA,2025-02-24,Long,0.0089982635006709,0.01259387840311943,-0.011288009943817068,True,0.010411462118459225,0.02808588945801649,-0.011288009943817068,True,0.02847939697702362,0.04155631568649376,-0.011288009943817068,True,-0.039141332527392714,0.04155631568649376,-0.04826472355769229,True,-0.027424001949631016,0.04155631568649376,-0.07386400362673295,True,20,True,True,True,True,False,False,4,8,TARGET_BEFORE_STOP,False,True,False,True,False,,9,STOP_BEFORE_TARGET,2025-02-25,2025-02-27,2025-03-03,2025-03-10,2025-03-24
MA|2025-02-25T00:00:00|Long,MA,2025-02-25,Long,-0.004893373796188927,0.00469826647742444,-0.007854286972025282,True,0.021771834164622472,0.021984580137274223,-0.007854286972025282,True,-0.015885717971126256,0.03226769892830572,-0.02131095669894434,True,-0.0677801526836509,0.03226769892830572,-0.07407412216856324,True,-0.03345576506957859,0.03226769892830572,-0.08212330003415191,True,20,True,True,True,True,False,False,4,5,TARGET_BEFORE_STOP,False,True,False,True,False,,7,STOP_BEFORE_TARGET,2025-02-26,2025-02-28,2025-03-04,2025-03-11,2025-03-25
MA|2025-02-26T00:00:00|Long,MA,2025-02-26,Long,0.006324919681143015,0.023927863966433538,0.0048639342451071155,True,0.0243197799702648,0.03734380994553188,0.0048639342451071155,True,-0.0052916272648264595,0.03734380994553188,-0.01772767448961754,True,-0.06526271421624197,0.03734380994553188,-0.07484812711127886,True,-0.0217364401847443,0.03734380994553188,-0.0776096995078649,True,20,True,True,True,True,False,False,3,6,TARGET_BEFORE_STOP,False,True,False,True,False,,7,STOP_BEFORE_TARGET,2025-02-27,2025-03-03,2025-03-05,2025-03-12,2025-03-26
MA|2025-02-27T00:00:00|Long,MA,2025-02-27,Long,0.020342746512836518,0.020555194931149323,-0.0014518028993049104,True,-0.01726213638604923,0.03082393137419004,-0.022679787175528543,True,-0.02655713290161421,0.03082393137419004,-0.035639680998866274,True,-0.07965367665977485,0.03082393137419004,-0.08340707613163634,True,-0.012835947569113548,0.03082393137419004,-0.08340707613163634,True,20,True,True,True,True,False,False,2,3,TARGET_BEFORE_STOP,False,True,False,True,False,,5,STOP_BEFORE_TARGET,2025-02-28,2025-03-04,2025-03-06,2025-03-13,2025-03-27
MA|2025-02-28T00:00:00|Long,MA,2025-02-28,Long,-0.002411921803067707,0.010272219699875018,-0.010948964247236015,True,-0.031250559320366356,0.010272219699875018,-0.04336206267501763,True,-0.05125709800711964,0.010272219699875018,-0.06945909047439158,True,-0.08445104738133224,0.010272219699875018,-0.10168134482168101,True,-0.06194584921008872,0.010272219699875018,-0.10168134482168101,True,20,True,False,True,False,True,False,,2,STOP_BEFORE_TARGET,False,True,False,True,False,,2,STOP_BEFORE_TARGET,2025-03-03,2025-03-05,2025-03-07,2025-03-14,2025-03-28
MA|2025-03-03T00:00:00|Long,MA,2025-03-03,Long,-0.03452650138452307,-0.0029916697179644958,-0.03984897694556466,True,-0.0436582069367033,-0.0029916697179644958,-0.0525811962835776,True,-0.06574825874312296,-0.0029916697179644958,-0.07461901595723508,True,-0.07467124808999726,-0.0029916697179644958,-0.09950943198723416,True,-0.04661516139569777,-0.0029916697179644958,-0.09950943198723416,True,20,True,False,True,False,True,False,,1,STOP_BEFORE_TARGET,False,True,False,True,False,,1,STOP_BEFORE_TARGET,2025-03-04,2025-03-06,2025-03-10,2025-03-17,2025-03-31
MA|2025-03-04T00:00:00|Long,MA,2025-03-04,Long,0.005819050617273502,0.010665290561625351,-0.006755904571528415,True,-0.01495304679310605,0.010665290561625351,-0.03385154625436004,True,-0.0527321223359728,0.010665290561625351,-0.05912769000514284,True,-0.0448231836606513,0.010665290561625351,-0.06730679888769486,True,-0.011818324665418323,0.012178661567776805,-0.06730679888769486,True,20,True,False,True,False,True,False,,3,STOP_BEFORE_TARGET,False,True,False,True,False,,3,STOP_BEFORE_TARGET,2025-03-05,2025-03-07,2025-03-11,2025-03-18,2025-04-01
MA|2025-03-05T00:00:00|Long,MA,2025-03-05,Long,-0.015188931854131726,-0.004692808838389295,-0.024377549076016525,True,-0.037936580940129416,-0.004692808838389295,-0.04707141113437385,True,-0.060290119793112384,-0.004692808838389295,-0.06992652495242524,True,-0.039781410394255645,-0.004692808838389295,-0.07270278829983468,True,-0.01955934649636004,0.006322818151635046,-0.07270278829983468,True,20,True,False,True,False,True,False,,1,STOP_BEFORE_TARGET,False,True,False,True,False,,2,STOP_BEFORE_TARGET,2025-03-06,2025-03-10,2025-03-12,2025-03-19,2025-04-02
MA|2025-03-06T00:00:00|Long,MA,2025-03-06,Long,-0.005547247739877581,0.0010185106964715196,-0.024626201023927985,True,-0.04368705978552334,0.0010185106964715196,-0.05014369604044111,True,-0.05454510537062074,0.0010185106964715196,-0.058400903793644265,True,-0.02444436772465597,0.0010185106964715196,-0.058400903793644265,True,-0.03504786889264078,0.021843529892761726,-0.058400903793644265,True,20,True,False,True,False,True,False,,1,STOP_BEFORE_TARGET,False,True,False,True,False,,2,STOP_BEFORE_TARGET,2025-03-07,2025-03-11,2025-03-13,2025-03-20,2025-04-03
MA|2025-03-07T00:00:00|Long,MA,2025-03-07,Long,-0.017649146934456184,0.00327373111802709,-0.026976607116544704,True,-0.040474064217684624,0.00327373111802709,-0.05031367628607275,True,-0.03498729666855693,0.00327373111802709,-0.053148483860741114,True,-0.020264492737445128,0.00327373111802709,-0.053148483860741114,True,-0.10424863924771277,0.027543568631478443,-0.10695540885080623,True,20,True,False,True,False,True,False,,1,STOP_BEFORE_TARGET,False,True,False,True,False,,2,STOP_BEFORE_TARGET,2025-03-10,2025-03-12,2025-03-14,2025-03-21,2025-04-04
MA|2025-03-10T00:00:00|Long,MA,2025-03-10,Long,-0.02107537873682952,0.001731443037376268,-0.02768467987110257,True,-0.032190158967311366,0.001731443037376268,-0.03613712637954658,True,-0.009550947515355901,0.001731443037376268,-0.03613712637954658,True,0.012194645242241897,0.015527306619164571,-0.03613712637954658,True,-0.09606793002047465,0.04600465854425151,-0.13317321907498647,True,20,True,True,True,False,True,False,13,1,STOP_BEFORE_TARGET,False,True,False,True,False,,2,STOP_BEFORE_TARGET,2025-03-11,2025-03-13,2025-03-17,2025-03-24,2025-04-07
MA|2025-03-11T00:00:00|Long,MA,2025-03-11,Long,-0.0022061110145707996,0.013141944351676704,-0.012438147925402432,True,0.003499480597541016,0.013141944351676704,-0.015386013708881818,True,0.008349210251724193,0.014606300597338917,-0.015386013708881818,True,0.03682005667749344,0.04066185884209417,-0.015386013708881818,True,-0.08725746563406045,0.06852421098012962,-0.11451120740380372,True,20,True,True,True,True,False,False,9,18,TARGET_BEFORE_STOP,True,True,True,False,False,12,18,TARGET_BEFORE_STOP,2025-03-12,2025-03-14,2025-03-18,2025-03-25,2025-04-08
MA|2025-03-12T00:00:00|Long,MA,2025-03-12,Long,-0.00916818661233254,0.007414635826137328,-0.013209043310249746,True,0.01400955966132833,0.016849583664021894,-0.013209043310249746,True,0.021824511831610716,0.02474073670771748,-0.013209043310249746,True,0.0465652485393282,0.050301185406381066,-0.013209043310249746,True,-0.017554936176242486,0.07088670593745583,-0.1125534016884252,True,20,True,True,True,True,False,False,6,17,TARGET_BEFORE_STOP,True,True,True,False,False,10,17,TARGET_BEFORE_STOP,2025-03-13,2025-03-17,2025-03-19,2025-03-26,2025-04-09
MA|2025-03-13T00:00:00|Long,MA,2025-03-13,Long,0.015024137317649178,0.016505310914364912,0.002154541062206361,True,0.019929563532249617,0.026258513225770663,0.002154541062206361,True,0.03183730690586173,0.03974370941522709,0.002154541062206361,True,0.07260063673439676,0.08079564207378387,0.002154541062206361,True,-0.03941677101807639,0.08079564207378387,-0.10434184054165274,True,20,True,True,True,True,False,False,4,16,TARGET_BEFORE_STOP,True,True,True,False,False,8,16,TARGET_BEFORE_STOP,2025-03-14,2025-03-18,2025-03-20,2025-03-27,2025-04-10
MA|2025-03-14T00:00:00|Long,MA,2025-03-14,Long,0.008244210949080122,0.011068087442541064,-0.01167469109368413,True,0.016014729687742646,0.018914373799719497,-0.01167469109368413,True,0.015256590799566982,0.024353679078906287,-0.01167469109368413,True,0.024581097610208325,0.064797971139825,-0.01167469109368413,True,-0.03390572009660309,0.064797971139825,-0.11759915205045679,True,20,True,True,True,True,False,False,6,15,TARGET_BEFORE_STOP,True,True,True,False,False,9,15,TARGET_BEFORE_STOP,2025-03-17,2025-03-19,2025-03-21,2025-03-28,2025-04-11
MA|2025-03-17T00:00:00|Long,MA,2025-03-17,Long,-0.0033834993627901433,0.0011279096075273998,-0.012180643598002971,True,0.008252062499340296,0.015977744235855296,-0.012180643598002971,True,0.021955286547093555,0.025320084936836684,-0.012180643598002971,True,0.030320128534197188,0.05609133142208633,-0.012180643598002971,True,-0.0367111573906016,0.05609133142208633,-0.12481436702827997,True,20,True,True,True,True,False,False,7,14,TARGET_BEFORE_STOP,True,True,True,False,False,8,14,TARGET_BEFORE_STOP,2025-03-18,2025-03-20,2025-03-24,2025-03-31,2025-04-14
MA|2025-03-18T00:00:00|Long,MA,2025-03-18,Long,0.011128132154311077,0.014013830214767875,-0.0011505033077833238,True,0.010373639590851802,0.019426974755351045,-0.0011505033077833238,True,0.028235105592696375,0.03204509733518157,-0.0011505033077833238,True,0.03455366423331108,0.059676747020393384,-0.0011505033077833238,True,-0.024161145060462408,0.059676747020393384,-0.12184312379721807,True,20,True,True,True,True,False,False,5,13,TARGET_BEFORE_STOP,True,True,True,False,False,7,13,TARGET_BEFORE_STOP,2025-03-19,2025-03-21,2025-03-25,2025-04-01,2025-04-15
MA|2025-03-19T00:00:00|Long,MA,2025-03-19,Long,0.000540912930323767,0.008207508363315519,-0.006603441372085794,True,0.014139334206885179,0.017478398492411618,-0.009942391805174755,True,0.024212314757814823,0.027868458081638847,-0.009942391805174755,True,0.021059854617268448,0.04801430533106066,-0.009942391805174755,True,-0.04226908363247117,0.04801430533106066,-0.13150781955618274,True,20,True,True,True,True,False,False,6,12,TARGET_BEFORE_STOP,False,True,False,True,False,,12,STOP_BEFORE_TARGET,2025-03-20,2025-03-24,2025-03-26,2025-04-02,2025-04-16
MA|2025-03-20T00:00:00|Long,MA,2025-03-20,Long,-0.0012864059717456744,0.003113432445195574,-0.010477637246033011,True,0.016368932812171,0.020134955991374603,-0.010477637246033011,True,0.039505578598210134,0.047447727311519694,-0.010477637246033011,True,-0.010869191686437851,0.047447727311519694,-0.017487611017233617,True,-0.03551584253617124,0.047447727311519694,-0.13197734423450025,True,20,True,True,True,True,False,False,5,11,TARGET_BEFORE_STOP,False,True,False,True,False,,11,STOP_BEFORE_TARGET,2025-03-21,2025-03-25,2025-03-27,2025-04-03,2025-04-17
MA|2025-03-21T00:00:00|Long,MA,2025-03-21,Long,0.014896638788070016,0.018238196506791482,0.004760192987263601,True,0.024977141297827465,0.0286360148323781,0.004760192987263601,True,0.009184384415862556,0.04879690591443642,0.004760192987263601,True,-0.08572124403751047,0.04879690591443642,-0.08848399947816643,True,-0.04922622224982043,0.04879690591443642,-0.13085927641739625,True,20,True,True,True,True,False,False,4,10,TARGET_BEFORE_STOP,False,True,False,True,False,,10,STOP_BEFORE_TARGET,2025-03-24,2025-03-26,2025-03-28,2025-04-04,2025-04-21
MA|2025-03-24T00:00:00|Long,MA,2025-03-24,Long,0.0027406152283768748,0.006456140445416203,-0.0030716849608234398,True,0.025567025679178457,0.033402679475663666,-0.0030716849608234398,True,0.00818513500269269,0.033402679475663666,-0.02326772449564629,True,-0.10695825725970587,0.033402679475663666,-0.14361651190363522,True,-0.03005493467350895,0.033402679475663666,-0.14361651190363522,True,20,True,True,True,True,False,False,3,5,TARGET_BEFORE_STOP,False,True,False,True,False,,8,STOP_BEFORE_TARGET,2025-03-25,2025-03-27,2025-03-31,2025-04-07,2025-04-22
MA|2025-03-25T00:00:00|Long,MA,2025-03-25,Long,0.00717226937468296,0.010767584638477379,-7.33326533736145e-05,True,-0.00834615161990715,0.0305782609995342,-0.009299923946761157,True,0.006145052436205889,0.0305782609995342,-0.025937255686107608,True,-0.11967122116557272,0.0305782609995342,-0.14595711484039064,True,-0.027789940797597334,0.0305782609995342,-0.14595711484039064,True,20,True,True,True,True,False,False,2,4,TARGET_BEFORE_STOP,False,True,False,True,False,,7,STOP_BEFORE_TARGET,2025-03-26,2025-03-28,2025-04-01,2025-04-08,2025-04-23
MA|2025-03-26T00:00:00|Long,MA,2025-03-26,Long,0.015480721741518932,0.023239313011847562,-0.002313037525832451,True,-0.0017302205444820196,0.023239313011847562,-0.03287374570126622,True,-0.0030779361809291084,0.023239313011847562,-0.03287374570126622,True,-0.061267259547421404,0.023239313011847562,-0.1520389201245047,True,-0.024787340721610374,0.023239313011847562,-0.1520389201245047,True,20,True,False,True,False,True,False,,3,STOP_BEFORE_TARGET,False,True,False,True,False,,3,STOP_BEFORE_TARGET,2025-03-27,2025-03-31,2025-04-02,2025-04-09,2025-04-24
MA|2025-03-27T00:00:00|Long,MA,2025-03-27,Long,-0.030417744408540726,0.0018294017214897096,-0.031350288285118655,True,-0.01624907624079841,0.0018294017214897096,-0.04761731700810501,True,-0.04846031740645307,0.0018294017214897096,-0.05482720900093674,True,-0.10443533587069043,0.0018294017214897096,-0.164965851423287,True,-0.043205385044071676,0.0018294017214897096,-0.164965851423287,True,20,True,False,True,False,True,False,,1,STOP_BEFORE_TARGET,False,True,False,True,False,,1,STOP_BEFORE_TARGET,2025-03-28,2025-04-01,2025-04-03,2025-04-10,2025-04-25
MA|2025-03-28T00:00:00|Long,MA,2025-03-28,Long,0.01389173335513072,0.02001444223636084,-0.017739157766529345,True,0.012522927276023887,0.02001444223636084,-0.017739157766529345,True,-0.09404191138798335,0.02001444223636084,-0.09677952354619679,True,-0.05708363919969783,0.02001444223636084,-0.13876915159990222,True,-0.011320536584627838,0.02001444223636084,-0.13876915159990222,True,20,True,False,True,False,True,False,,4,STOP_BEFORE_TARGET,False,True,False,True,False,,5,STOP_BEFORE_TARGET,2025-03-31,2025-04-02,2025-04-04,2025-04-11,2025-04-28
MA|2025-03-31T00:00:00|Long,MA,2025-03-31,Long,0.0007115497553671357,0.005528040071275164,-0.007516593362565938,True,-0.0320550380951935,0.005528040071275164,-0.03853169981998572,True,-0.11420857961974518,0.005528040071275164,-0.1505692175335659,True,-0.06505869784390406,0.005528040071275164,-0.1505692175335659,True,-0.015398092601241031,0.005528040071275164,-0.1505692175335659,True,20,True,False,True,False,True,False,,3,STOP_BEFORE_TARGET,False,True,False,True,False,,3,STOP_BEFORE_TARGET,2025-04-01,2025-04-03,2025-04-07,2025-04-14,2025-04-29
MA|2025-04-01T00:00:00|Long,MA,2025-04-01,Long,-0.0020601353898633823,0.001859618809300967,-0.012506581884428547,True,-0.10709015278873835,0.001859618809300967,-0.1097883359438322,True,-0.1250478480186692,0.001859618809300967,-0.15117320003542978,True,-0.0567537589626016,0.001859618809300967,-0.15117320003542978,True,-0.000820426608483471,0.001859618809300967,-0.15117320003542978,True,20,True,False,True,False,True,False,,2,STOP_BEFORE_TARGET,False,True,False,True,False,,2,STOP_BEFORE_TARGET,2025-04-02,2025-04-04,2025-04-08,2025-04-15,2025-04-30
MA|2025-04-02T00:00:00|Long,MA,2025-04-02,Long,-0.03074649592552592,-0.01350070258781122,-0.03723191329792108,True,-0.11301109890264283,-0.01350070258781122,-0.14942089191298125,True,-0.058368979359908035,-0.01350070258781122,-0.14942089191298125,True,-0.06202274818989695,-0.01350070258781122,-0.14942089191298125,True,-0.0013701633112458422,0.009956542362554943,-0.14942089191298125,True,20,True,False,True,False,True,False,,1,STOP_BEFORE_TARGET,False,True,False,True,False,,1,STOP_BEFORE_TARGET,2025-04-03,2025-04-07,2025-04-09,2025-04-16,2025-05-01
MA|2025-04-03T00:00:00|Long,MA,2025-04-03,Long,-0.07686363154758957,-0.018226337070296306,-0.07965315280440188,True,-0.095429225389015,-0.018226337070296306,-0.1224389651299489,True,-0.058825732114156426,-0.018226337070296306,-0.1224389651299489,True,-0.024917483757032288,-0.012383389832029357,-0.1224389651299489,True,0.05435873625299692,0.05999437908245597,-0.1224389651299489,True,20,True,True,True,False,True,False,18,1,STOP_BEFORE_TARGET,True,True,False,True,False,20,1,STOP_BEFORE_TARGET,2025-04-04,2025-04-08,2025-04-10,2025-04-17,2025-05-02
MA|2025-04-04T00:00:00|Long,MA,2025-04-04,Long,-0.00867754271460952,0.025379307577403143,-0.04937009865483255,True,0.05239194772588052,0.058680648869138485,-0.04937009865483255,True,0.040794682064054344,0.058680648869138485,-0.04937009865483255,True,0.03991673387321648,0.06984909696891028,-0.04937009865483255,True,0.1456806413296261,0.1526839137896001,-0.04937009865483255,True,20,True,True,True,False,True,False,2,1,STOP_BEFORE_TARGET,True,True,False,True,False,3,1,STOP_BEFORE_TARGET,2025-04-07,2025-04-09,2025-04-11,2025-04-21,2025-05-05
MA|2025-04-07T00:00:00|Long,MA,2025-04-07,Long,-0.011533975351486148,0.04129596878447428,-0.02854668327810539,True,0.028464342636631557,0.06794781162145758,-0.031965705562814306,True,0.05548696978205303,0.07806062521437629,-0.031965705562814306,True,0.08611391708322547,0.08914153847140183,-0.031965705562814306,True,0.15132229956166499,0.1652249197477309,-0.031965705562814306,True,20,True,True,True,,,False,1,1,AMBIGUOUS,True,True,,,False,2,2,AMBIGUOUS,2025-04-08,2025-04-10,2025-04-14,2025-04-22,2025-05-06
MA|2025-04-08T00:00:00|Long,MA,2025-04-08,Long,0.07399145327243972,0.08040922499203385,-0.020670139086058636,True,0.06215616298059912,0.08040922499203385,-0.020670139086058636,True,0.07805465579050863,0.09064004055953379,-0.020670139086058636,True,0.10437155137609833,0.13339720624781126,-0.020670139086058636,True,0.18005084439997177,0.18192608059293325,-0.020670139086058636,True,20,True,True,True,,,False,1,1,AMBIGUOUS,True,False,True,False,False,1,,TARGET_BEFORE_STOP,2025-04-09,2025-04-11,2025-04-15,2025-04-23,2025-05-07
MA|2025-04-09T00:00:00|Long,MA,2025-04-09,Long,-0.03121664739446317,-0.013192844594990594,-0.06072597295023385,True,-0.0057621223935898636,0.015501601280313748,-0.06072597295023385,True,-0.0038802553759382796,0.015501601280313748,-0.06072597295023385,True,0.038860814429699575,0.055313059330558856,-0.06072597295023385,True,0.10028520492776338,0.11338106682155469,-0.06072597295023385,True,20,True,True,True,False,True,False,9,1,STOP_BEFORE_TARGET,True,True,False,True,False,9,1,STOP_BEFORE_TARGET,2025-04-10,2025-04-14,2025-04-16,2025-04-24,2025-05-08
MA|2025-04-10T00:00:00|Long,MA,2025-04-10,Long,0.02084752621150976,0.033183756414793875,-0.006869052551240595,True,0.03612770592627368,0.04822362868759922,-0.006869052551240595,True,0.036027598197400756,0.04934510416062521,-0.006869052551240595,True,0.06837021744951044,0.08931791250572263,-0.006869052551240595,True,0.13878323150315675,0.1492570179154331,-0.006869052551240595,True,20,True,True,False,True,False,False,1,,TARGET_BEFORE_STOP,True,False,True,False,False,7,,TARGET_BEFORE_STOP,2025-04-11,2025-04-15,2025-04-17,2025-04-25,2025-05-09
MA|2025-04-11T00:00:00|Long,MA,2025-04-11,Long,0.005316374639835697,0.026817033663867118,-0.0024521824423736627,True,0.007219210742091642,0.026817033663867118,-0.0024521824423736627,True,-0.00084353639192003,0.027915606608631682,-0.012182425610746672,True,0.048533575741785295,0.06707209895322452,-0.012182425610746672,True,0.13441887107650818,0.1393623894602134,-0.012182425610746672,True,20,True,True,False,True,False,False,6,,TARGET_BEFORE_STOP,True,False,True,False,False,7,,TARGET_BEFORE_STOP,2025-04-14,2025-04-16,2025-04-21,2025-04-28,2025-05-12
MA|2025-04-14T00:00:00|Long,MA,2025-04-14,Long,0.009600715566489226,0.017230526628589704,0.0017952286436215825,True,0.009503170800408967,0.022479721348309223,-0.006498101211925289,True,0.029016888107577854,0.03188534738263815,-0.017406262040496,True,0.0531162813410202,0.0614291439702388,-0.017406262040496,True,0.12514147861905678,0.13737649838110233,-0.017406262040496,True,20,True,True,False,True,False,False,5,,TARGET_BEFORE_STOP,True,False,True,False,False,6,,TARGET_BEFORE_STOP,2025-04-15,2025-04-17,2025-04-22,2025-04-29,2025-05-13
MA|2025-04-15T00:00:00|Long,MA,2025-04-15,Long,-0.007634644110233735,0.008388352428299717,-0.014515461932716245,True,-0.015578486765098987,0.012756533927963387,-0.026750156958666005,True,0.0244114669365183,0.05133557019585555,-0.026750156958666005,True,0.0592987598790764,0.061250922228013316,-0.026750156958666005,True,0.1080444236083764,0.12656070944137343,-0.026750156958666005,True,20,True,True,True,False,True,False,5,3,STOP_BEFORE_TARGET,True,False,True,False,False,5,,TARGET_BEFORE_STOP,2025-04-16,2025-04-21,2025-04-23,2025-04-30,2025-05-14
MA|2025-04-16T00:00:00|Long,MA,2025-04-16,Long,0.0075960198463225215,0.02054805512624358,-0.008375022601541104,True,0.027072871885846395,0.029935912074566584,-0.0192625757589987,True,0.04290756210416102,0.05942389459295061,-0.0192625757589987,True,0.06466317254667331,0.07673884458663216,-0.0192625757589987,True,0.13394234951653217,0.13557833851658052,-0.0192625757589987,True,20,True,True,False,True,False,False,4,,TARGET_BEFORE_STOP,True,False,True,False,False,4,,TARGET_BEFORE_STOP,2025-04-17,2025-04-22,2025-04-24,2025-05-01,2025-05-15
MA|2025-04-17T00:00:00|Long,MA,2025-04-17,Long,-0.015483365552001027,0.0006185748238984878,-0.026656115225045962,True,0.02451045223919257,0.05143715708060537,-0.026656115225045962,True,0.031217912832035566,0.05143715708060537,-0.026656115225045962,True,0.08130206284026475,0.08708172018780225,-0.026656115225045962,True,0.12748151088935922,0.12943374388784257,-0.026656115225045962,True,20,True,True,True,False,True,False,3,1,STOP_BEFORE_TARGET,True,False,True,False,False,3,,TARGET_BEFORE_STOP,2025-04-21,2025-04-23,2025-04-25,2025-05-02,2025-05-16
MA|2025-04-21T00:00:00|Long,MA,2025-04-21,Long,0.03536089198663728,0.03824703563304088,0.006734455011498941,True,0.051323361094270714,0.06797297302155547,0.006734455011498941,True,0.049418798688844356,0.06797297302155547,0.006734455011498941,True,0.10170420766524946,0.1084386626767484,0.006734455011498941,True,0.15135860502577736,0.15536402211751432,0.006734455011498941,True,20,True,True,False,True,False,False,1,,TARGET_BEFORE_STOP,True,False,True,False,False,2,,TARGET_BEFORE_STOP,2025-04-22,2025-04-24,2025-04-28,2025-05-05,2025-05-19
MA|2025-04-22T00:00:00|Long,MA,2025-04-22,Long,0.005082192533949037,0.03149827397125504,0.0005498985795346911,True,0.01166245648758224,0.03149827397125504,-0.003906467471664454,True,0.023419822854183092,0.03149827397125504,-0.003906467471664454,True,0.06003825331099488,0.0728385866530088,-0.003906467471664454,True,0.10198541049969467,0.11590463872033707,-0.003906467471664454,True,20,True,True,False,True,False,False,1,,TARGET_BEFORE_STOP,True,False,True,False,False,8,,TARGET_BEFORE_STOP,2025-04-23,2025-04-25,2025-04-29,2025-05-06,2025-05-20
MA|2025-04-23T00:00:00|Long,MA,2025-04-23,Long,0.010282847694595976,0.01137708373542834,-0.008943208896132093,True,0.008452633697863643,0.014622365346320665,-0.008943208896132093,True,0.03405593754908631,0.035961580361514756,-0.008943208896132093,True,0.06852702148074474,0.07022503352263865,-0.008943208896132093,True,0.07458343716791171,0.11026207310169278,-0.008943208896132093,True,20,True,True,False,True,False,False,5,,TARGET_BEFORE_STOP,True,False,True,False,False,7,,TARGET_BEFORE_STOP,2025-04-24,2025-04-28,2025-04-30,2025-05-07,2025-05-21
MA|2025-04-24T00:00:00|Long,MA,2025-04-24,Long,-0.003697832560144665,0.002726554509375756,-0.010420977964492595,True,0.007881019179692306,0.009375038826614945,-0.010420977964492595,True,0.02086053571096791,0.03243938745080488,-0.011037302388915426,True,0.059126679575245644,0.07173266269819245,-0.011037302388915426,True,0.06476672627775049,0.0989616181599473,-0.011037302388915426,True,20,True,True,False,True,False,False,5,,TARGET_BEFORE_STOP,True,False,True,False,False,6,,TARGET_BEFORE_STOP,2025-04-25,2025-04-29,2025-05-01,2025-05-08,2025-05-22
MA|2025-04-25T00:00:00|Long,MA,2025-04-25,Long,0.001893247736752146,0.008022848941987126,-0.005585927453419348,True,0.027330017289557418,0.029223265026309564,-0.007366710691426692,True,0.04856795967661487,0.0541726502814015,-0.007366710691426692,True,0.06590694209142312,0.07571045986195801,-0.007366710691426692,True,0.056422054665755006,0.10304047715151565,-0.007366710691426692,True,20,True,True,False,True,False,False,4,,TARGET_BEFORE_STOP,True,False,True,False,False,5,,TARGET_BEFORE_STOP,2025-04-28,2025-04-30,2025-05-02,2025-05-09,2025-05-23
MA|2025-04-28T00:00:00|Long,MA,2025-04-28,Long,0.009710195768363183,0.01120692687200453,-0.0020206497962107495,True,0.022713268480695215,0.034313134372126575,-0.009242460161396182,True,0.04982320598957379,0.056240524813967685,-0.009242460161396182,True,0.08190991430480743,0.0866246115716145,-0.009242460161396182,True,0.07494994909264308,0.10095609451730736,-0.009242460161396182,True,20,True,True,False,True,False,False,3,,TARGET_BEFORE_STOP,True,False,True,False,False,4,,TARGET_BEFORE_STOP,2025-04-29,2025-05-01,2025-05-05,2025-05-12,2025-05-27
MA|2025-04-29T00:00:00|Long,MA,2025-04-29,Long,0.015527729388787881,0.01739922690459772,-0.018770391751206206,True,0.03652168366466979,0.042061985834387805,-0.018770391751206206,True,0.035780458458081865,0.04828787042741012,-0.018770391751206206,True,0.06839244493145702,0.08001036403386208,-0.018770391751206206,True,0.06715088705566785,0.0903684038562258,-0.018770391751206206,True,20,True,True,False,True,False,False,3,,TARGET_BEFORE_STOP,True,False,True,False,False,6,,TARGET_BEFORE_STOP,2025-04-30,2025-05-02,2025-05-06,2025-05-13,2025-05-28
MA|2025-04-30T00:00:00|Long,MA,2025-04-30,Long,-0.0026091900196171247,0.008703462307956489,-0.015199097045854315,True,0.023829503369651617,0.030087928890690563,-0.015199097045854315,True,0.033335801942554255,0.0349778910986962,-0.015199097045854315,True,0.046016917583161066,0.06349667545157445,-0.015199097045854315,True,0.05422769746136025,0.07369633767901362,-0.015199097045854315,True,20,True,True,False,True,False,False,3,,TARGET_BEFORE_STOP,True,False,True,False,False,8,,TARGET_BEFORE_STOP,2025-05-01,2025-05-05,2025-05-07,2025-05-14,2025-05-29
MA|2025-05-01T00:00:00|Long,MA,2025-05-01,Long,0.023343046762243747,0.028812907925492404,0.015293681790033986,True,0.02261124570761952,0.034959634818544805,0.015293681790033986,True,0.03748420330268498,0.049832592413610266,0.015293681790033986,True,0.06507145053598795,0.0666080764306689,0.015293681790033986,True,0.07129131287163681,0.0765051441572151,0.015293681790033986,True,20,True,True,False,True,False,False,2,,TARGET_BEFORE_STOP,True,False,True,False,False,7,,TARGET_BEFORE_STOP,2025-05-02,2025-05-06,2025-05-08,2025-05-15,2025-05-30
MA|2025-05-02T00:00:00|Long,MA,2025-05-02,Long,0.0030926195024008063,0.00922428539911313,-0.006328391586905346,True,0.012406375265328728,0.014015205160999633,-0.006328391586905346,True,0.01653586899618409,0.025885303794438208,-0.006328391586905346,True,0.042707259734430236,0.04451270621009429,-0.006328391586905346,True,0.03902457227165046,0.051949439206306236,-0.006328391586905346,True,20,True,True,False,True,False,False,6,,TARGET_BEFORE_STOP,True,False,True,False,False,11,,TARGET_BEFORE_STOP,2025-05-05,2025-05-07,2025-05-09,2025-05-16,2025-06-02
MA|2025-05-05T00:00:00|Long,MA,2025-05-05,Long,-0.003795988204568723,0.008233524303874917,-0.008946427813896762,True,0.010692900007505335,0.022722412515948864,-0.008946427813896762,True,0.030563916030974525,0.03505486006794012,-0.008946427813896762,True,0.04507053437306596,0.04870618999085208,-0.008946427813896762,True,0.03715778401655978,0.04870618999085208,-0.008946427813896762,True,20,True,True,False,True,False,False,5,,TARGET_BEFORE_STOP,False,False,False,False,True,,,NEITHER,2025-05-06,2025-05-08,2025-05-12,2025-05-19,2025-06-03
MA|2025-05-06T00:00:00|Long,MA,2025-05-06,Long,0.013130873510617258,0.01474085471713038,-0.0008944703997121328,True,0.01726332238975581,0.026619447830494414,-0.0008944703997121328,True,0.03148542358283435,0.042702008147192716,-0.0008944703997121328,True,0.03957136174820053,0.05270223525881779,-0.0008944703997121328,True,0.044973997902711504,0.05270223525881779,-0.0008944703997121328,True,20,True,True,False,True,False,False,4,,TARGET_BEFORE_STOP,True,False,True,False,False,9,,TARGET_BEFORE_STOP,2025-05-07,2025-05-09,2025-05-13,2025-05-20,2025-06-04
MA|2025-05-07T00:00:00|Long,MA,2025-05-07,Long,0.0013949075689174695,0.013313753111814375,0.0011830256033382724,True,0.02108311776013827,0.025532746810427387,-0.0030548292544977373,True,0.012272018076570967,0.02918787237635745,-0.0030548292544977373,True,0.005668004238932545,0.039058489660946716,-0.0030548292544977373,True,0.033743550182562254,0.039058489660946716,-0.006745196632607087,True,20,True,True,False,True,False,False,7,,TARGET_BEFORE_STOP,False,False,False,False,True,,,NEITHER,2025-05-08,2025-05-12,2025-05-14,2025-05-21,2025-06-05
MA|2025-05-08T00:00:00|Long,MA,2025-05-08,Long,0.0026802432365939932,0.00433774508717133,-0.004443538497931554,True,0.01669846208882908,0.02775425019377531,-0.004443538497931554,True,0.026590522675413064,0.02807163042605576,-0.004443538497931554,True,0.005325186128600556,0.03761111805877371,-0.004443538497931554,True,0.04055579101076723,0.042389579338277805,-0.008128765325246423,True,20,True,True,False,True,False,False,6,,TARGET_BEFORE_STOP,False,False,False,False,True,,,NEITHER,2025-05-09,2025-05-13,2025-05-15,2025-05-22,2025-06-06
MA|2025-05-09T00:00:00|Long,MA,2025-05-09,Long,0.016935151650849356,0.02136670488519532,-0.0038865044944517146,True,0.008159845471490845,0.02500698216237307,-0.0038865044944517146,True,0.025745663814194852,0.027521741305141623,-0.0038865044944517146,True,-0.008898419787995548,0.03483750184348411,-0.010780115230902942,True,0.027592153273115372,0.03960318991975398,-0.010780115230902942,True,20,True,True,False,True,False,False,6,,TARGET_BEFORE_STOP,False,False,False,False,True,,,NEITHER,2025-05-12,2025-05-14,2025-05-16,2025-05-23,2025-06-09
MA|2025-05-12T00:00:00|Long,MA,2025-05-12,Long,-0.0029052045221764633,0.007937409281624452,-0.0042714158694989734,True,0.00679612039885269,0.00824866988601669,-0.010358465824028884,True,0.0140763887774773,0.01760422005628648,-0.010358465824028884,True,-0.0064330358009857536,0.01760422005628648,-0.027253720983841045,True,0.019489093529748036,0.022290544517127087,-0.027253720983841045,True,20,True,False,True,False,True,False,,9,STOP_BEFORE_TARGET,False,False,False,False,True,,,NEITHER,2025-05-13,2025-05-15,2025-05-19,2025-05-27,2025-06-10
MA|2025-05-13T00:00:00|Long,MA,2025-05-13,Long,-0.00574064309895439,0.0035553646394972382,-0.007474977640697378,True,0.011602702318476377,0.013354291287117848,-0.007474977640697378,True,0.007839120147020484,0.02056918225978155,-0.007474977640697378,True,-0.0011620803588412443,0.02056918225978155,-0.024419459987248704,True,0.024540770252436506,0.03142613342795397,-0.024419459987248704,True,20,True,True,True,False,True,False,20,8,STOP_BEFORE_TARGET,False,False,False,False,True,,,NEITHER,2025-05-14,2025-05-16,2025-05-20,2025-05-28,2025-06-11
MA|2025-05-14T00:00:00|Long,MA,2025-05-14,Long,0.015559556332524815,0.01702474921800312,0.0006454003249358742,True,0.022903194209922262,0.026461732722073306,0.0006454003249358742,True,-0.006523951783421467,0.026461732722073306,-0.010780165704563749,True,0.007849567000474789,0.026461732722073306,-0.01878666442377097,True,0.02790957155724394,0.037381369628495476,-0.01878666442377097,True,20,True,True,False,True,False,False,16,,TARGET_BEFORE_STOP,False,False,False,False,True,,,NEITHER,2025-05-15,2025-05-19,2025-05-21,2025-05-29,2025-06-12
MA|2025-05-15T00:00:00|Long,MA,2025-05-15,Long,0.0018550619498436394,0.0035897728898866,-0.0030402258573305474,True,-0.001872254951243657,0.01073514233760875,-0.009189344742217664,True,-0.020714526461234728,0.01073514233760875,-0.02622813330656537,True,0.005839854530434563,0.01073514233760875,-0.033819996613817405,True,-0.034644421998025976,0.021487477676617406,-0.050996224353991315,True,20,True,False,True,False,True,False,,4,STOP_BEFORE_TARGET,False,True,False,True,False,,6,STOP_BEFORE_TARGET,2025-05-16,2025-05-20,2025-05-22,2025-05-30,2025-06-13
MA|2025-05-16T00:00:00|Long,MA,2025-05-16,Long,0.005366108370672862,0.00886363779056265,-0.0048005223691618415,True,-0.023556526161361058,0.00886363779056265,-0.02773976974737502,True,-0.0337745357590572,0.00886363779056265,-0.03560900165961034,True,-0.0035318517526364834,0.00886363779056265,-0.03560900165961034,True,-0.02504808265822278,0.019596063814425024,-0.05275342543159289,True,20,True,False,True,False,True,False,,3,STOP_BEFORE_TARGET,False,True,False,True,False,,5,STOP_BEFORE_TARGET,2025-05-19,2025-05-21,2025-05-23,2025-06-02,2025-06-16
MA|2025-05-19T00:00:00|Long,MA,2025-05-19,Long,-0.0090380246511641,-0.004126776523222242,-0.016302583510525492,True,-0.027745023518015333,-0.004126776523222242,-0.03321904701635903,True,-0.020224733368645165,-0.004126776523222242,-0.040756406734944295,True,-0.007571498857015357,-0.0013812820308124474,-0.040756406734944295,True,-0.0289216788837251,0.014154003526947623,-0.0578093227117592,True,20,True,False,True,False,True,False,,2,STOP_BEFORE_TARGET,False,True,False,True,False,,2,STOP_BEFORE_TARGET,2025-05-20,2025-05-22,2025-05-27,2025-06-03,2025-06-17
MA|2025-05-20T00:00:00|Long,MA,2025-05-20,Long,-0.019910185018106485,-0.0036309569698513844,-0.024109050126111975,True,-0.03016635181567806,-0.0036309569698513844,-0.03200766817779732,True,-0.008931187851240252,-0.0036309569698513844,-0.03200766817779732,True,0.005196984404635341,0.009877631393482966,-0.03200766817779732,True,-0.07292940398739367,0.023403550040300702,-0.08079367656817538,True,20,True,False,True,False,True,False,,1,STOP_BEFORE_TARGET,False,True,False,True,False,,3,STOP_BEFORE_TARGET,2025-05-21,2025-05-23,2025-05-28,2025-06-04,2025-06-18
MA|2025-05-21T00:00:00|Long,MA,2025-05-21,Long,0.001053546097276703,0.0063559982737746434,-0.004582620100879398,True,0.008796590158565598,0.008814165335043311,-0.012343239338646117,True,0.014467906709677347,0.01632905359925152,-0.012343239338646117,True,0.027917310509323334,0.03039294558135941,-0.012343239338646117,True,-0.06420972843887529,0.04419363857914127,-0.07411237589273056,True,20,True,True,True,True,False,False,9,16,TARGET_BEFORE_STOP,False,True,False,True,False,,19,STOP_BEFORE_TARGET,2025-05-22,2025-05-27,2025-05-29,2025-06-05,2025-06-20
MA|2025-05-22T00:00:00|Long,MA,2025-05-22,Long,-0.011505941330286706,-0.004542790874037861,-0.013382686159148727,True,0.010137804948285867,0.015259430988010747,-0.013382686159148727,True,0.02711607770072577,0.02711607770072577,-0.013382686159148727,True,0.0350439891174279,0.03686806390717057,-0.013382686159148727,True,-0.04874248140544224,0.0430946902391498,-0.07508681456956057,True,20,True,True,True,True,False,False,10,15,TARGET_BEFORE_STOP,False,True,False,True,False,,15,STOP_BEFORE_TARGET,2025-05-23,2025-05-28,2025-05-30,2025-06-06,2025-06-23
MA|2025-05-23T00:00:00|Long,MA,2025-05-23,Long,0.01946479713700744,0.019482558174165332,0.005163371759626001,True,0.025196088889658963,0.02707691774527965,0.005163371759626001,True,0.03129982092759187,0.03907157427227137,0.005163371759626001,True,0.036818196832362426,0.048937072320452524,0.005163371759626001,True,-0.010734922476863251,0.055236175767122475,-0.06432094627340412,True,20,True,True,True,True,False,False,4,17,TARGET_BEFORE_STOP,True,True,True,False,False,12,17,TARGET_BEFORE_STOP,2025-05-27,2025-05-29,2025-06-02,2025-06-09,2025-06-24
MA|2025-05-27T00:00:00|Long,MA,2025-05-27,Long,0.0023844663585324,0.0074667812264332944,-0.002802167584663895,True,0.019232421943676803,0.019232421943676803,-0.002802167584663895,True,0.012914425320343037,0.019232421943676803,-0.002802167584663895,True,0.026089967022636884,0.028909556530262615,-0.002802167584663895,True,-0.04325119852738013,0.03508839023237775,-0.08218600940975052,True,20,True,True,True,True,False,False,11,13,TARGET_BEFORE_STOP,False,True,False,True,False,,13,STOP_BEFORE_TARGET,2025-05-28,2025-05-30,2025-06-03,2025-06-10,2025-06-25
MA|2025-05-28T00:00:00|Long,MA,2025-05-28,Long,0.0032296958638591278,0.004618756526290735,-0.005174296008434998,True,0.0092026461144612,0.01680787776605297,-0.005174296008434998,True,0.014255490721420294,0.018978318169394548,-0.005174296008434998,True,0.025732754139442093,0.03262612796929343,-0.005174296008434998,True,-0.052281543000843644,0.03262612796929343,-0.08436930001071441,True,20,True,True,True,True,False,False,10,12,TARGET_BEFORE_STOP,False,True,False,True,False,,12,STOP_BEFORE_TARGET,2025-05-29,2025-06-02,2025-06-04,2025-06-11,2025-06-26
MA|2025-05-29T00:00:00|Long,MA,2025-05-29,Long,0.013534469681444117,0.013534469681444117,-0.002198102161467097,True,0.00725179340543991,0.013534469681444117,-0.0075115556706768505,True,0.01325759416408534,0.01569792278923199,-0.0075115556706768505,True,0.019903768591646998,0.02930179621539364,-0.0075115556706768505,True,-0.04752677590132959,0.02930179621539364,-0.0873169885577838,True,20,True,False,True,False,True,False,,11,STOP_BEFORE_TARGET,False,True,False,True,False,,11,STOP_BEFORE_TARGET,2025-05-30,2025-06-03,2025-06-05,2025-06-12,2025-06-27
MA|2025-05-30T00:00:00|Long,MA,2025-05-30,Long,-0.007479516846683576,-0.006454864104009861,-0.018476685007092652,True,-0.002510195977474483,0.0021345629305213887,-0.020764982328362103,True,0.0077186129093111955,0.00949453174589121,-0.020764982328362103,True,-0.04024922689841126,0.015556773849936478,-0.056506091529808344,True,-0.04040296128915932,0.015556773849936478,-0.09950471469502742,True,20,True,False,True,False,True,False,,2,STOP_BEFORE_TARGET,False,True,False,True,False,,10,STOP_BEFORE_TARGET,2025-06-02,2025-06-04,2025-06-06,2025-06-13,2025-06-30
MA|2025-06-02T00:00:00|Long,MA,2025-06-02,Long,0.0012903892464202205,0.002253980695407165,-0.013385583176550253,True,0.007260644766173607,0.009686530344099609,-0.013385583176550253,True,0.005350893884386698,0.01710196301304201,-0.013385583176550253,True,-0.021592492387669582,0.02320988945581437,-0.049396033145193585,True,-0.028577795307805354,0.02320988945581437,-0.09271868884355161,True,20,True,False,True,False,True,False,,9,STOP_BEFORE_TARGET,False,True,False,True,False,,9,STOP_BEFORE_TARGET,2025-06-03,2025-06-05,2025-06-09,2025-06-16,2025-07-01
MA|2025-06-03T00:00:00|Long,MA,2025-06-03,Long,0.0037115904401008315,0.008385320769930038,0.00042957542929222825,True,0.014004200945653356,0.01579119697585618,0.00042957542929222825,True,0.013007556584187396,0.01579119697585618,-0.0033850040419524108,True,-0.021513066182723084,0.021891251973257253,-0.05062110146663934,True,-0.03513918621465595,0.021891251973257253,-0.09388792611973829,True,20,True,False,True,False,True,False,,8,STOP_BEFORE_TARGET,False,True,False,True,False,,8,STOP_BEFORE_TARGET,2025-06-04,2025-06-06,2025-06-10,2025-06-17,2025-07-02
MA|2025-06-04T00:00:00|Long,MA,2025-06-04,Long,0.0022426472662648855,0.004382581851975376,-0.002567921502852677,True,0.0003424104315123966,0.012034937775759591,-0.007070352230307164,True,0.011315949011879045,0.018112435590372122,-0.007070352230307164,True,-0.07772246594860432,0.018112435590372122,-0.08554607933264136,True,-0.025490925862342473,0.018112435590372122,-0.09723860667688844,True,20,True,False,True,False,True,False,,7,STOP_BEFORE_TARGET,False,True,False,True,False,,7,STOP_BEFORE_TARGET,2025-06-05,2025-06-09,2025-06-11,2025-06-18,2025-07-03
MA|2025-06-05T00:00:00|Long,MA,2025-06-05,Long,0.007993974884300092,0.009770378995749507,0.0010248284767617744,True,0.0070032378533064765,0.009770378995749507,-0.009292160458322485,True,0.006559215016833653,0.015834277624678927,-0.009292160458322485,True,-0.08962495135192394,0.015834277624678927,-0.09925865179904314,True,-0.034708949233875575,0.015834277624678927,-0.09925865179904314,True,20,True,False,True,False,True,False,,6,STOP_BEFORE_TARGET,False,True,False,True,False,,6,STOP_BEFORE_TARGET,2025-06-06,2025-06-10,2025-06-12,2025-06-20,2025-07-07
MA|2025-06-06T00:00:00|Long,MA,2025-06-06,Long,-0.009811526596711806,-0.00020334019890932975,-0.017149046297232906,True,0.0010506255038253975,0.0077781246076185084,-0.017149046297232906,True,-0.047600430510297054,0.0077781246076185084,-0.06373277581298331,True,-0.08094967112877394,0.0077781246076185084,-0.10640205135715619,True,-0.046905702068753774,0.0077781246076185084,-0.10640205135715619,True,20,True,False,True,False,True,False,,5,STOP_BEFORE_TARGET,False,True,False,True,False,,5,STOP_BEFORE_TARGET,2025-06-09,2025-06-11,2025-06-13,2025-06-23,2025-07-08
MA|2025-06-09T00:00:00|Long,MA,2025-06-09,Long,0.008916127505219196,0.009480906106680287,-0.002002368372481911,True,0.00847126120900632,0.017763942599609006,-0.002002368372481911,True,-0.026799982410076528,0.017763942599609006,-0.05445554120716389,True,-0.04586447214613676,0.017763942599609006,-0.09754761578718618,True,-0.03289242581444529,0.017763942599609006,-0.09754761578718618,True,20,True,False,True,False,True,False,,4,STOP_BEFORE_TARGET,False,True,False,True,False,,4,STOP_BEFORE_TARGET,2025-06-10,2025-06-12,2025-06-16,2025-06-24,2025-07-09
MA|2025-06-10T00:00:00|Long,MA,2025-06-10,Long,0.00203550607551084,0.008769624008556631,-0.003290705488536494,True,-0.04666341513008099,0.008769624008556631,-0.06281163219095764,True,-0.03407735958388336,0.008769624008556631,-0.06281163219095764,True,-0.06757805628995806,0.008769624008556631,-0.10552288777032626,True,-0.04413603736112859,0.008769624008556631,-0.10552288777032626,True,20,True,False,True,False,True,False,,3,STOP_BEFORE_TARGET,False,True,False,True,False,,3,STOP_BEFORE_TARGET,2025-06-11,2025-06-13,2025-06-17,2025-06-25,2025-07-10
MA|2025-06-11T00:00:00|Long,MA,2025-06-11,Long,-0.002471410369426219,-0.00011850784672795545,-0.010461442898642037,True,-0.03735993447043007,-0.00011850784672795545,-0.06471540965693268,True,-0.08804213465384347,-0.00011850784672795545,-0.09577820703723772,True,-0.07605713751993559,-0.00011850784672795545,-0.1073399028214993,True,-0.06865964422435944,-0.00011850784672795545,-0.1073399028214993,True,20,True,False,True,False,True,False,,2,STOP_BEFORE_TARGET,False,True,False,True,False,,2,STOP_BEFORE_TARGET,2025-06-12,2025-06-16,2025-06-18,2025-06-26,2025-07-11
MA|2025-06-12T00:00:00|Long,MA,2025-06-12,Long,-0.04624287035913044,-0.023825750686396918,-0.062398210872891324,True,-0.033651262734127885,-0.023825750686396918,-0.062398210872891324,True,-0.09555738493452559,-0.023825750686396918,-0.105128307641699,True,-0.0661146145053364,-0.023825750686396918,-0.105128307641699,True,-0.061532731405967045,-0.023825750686396918,-0.105128307641699,True,20,True,False,True,False,True,False,,1,STOP_BEFORE_TARGET,False,True,False,True,False,,1,STOP_BEFORE_TARGET,2025-06-13,2025-06-17,2025-06-20,2025-06-27,2025-07-14
MA|2025-06-13T00:00:00|Long,MA,2025-06-13,Long,0.011814232811702574,0.023077006613598572,0.001085325195747222,True,-0.04145694645048492,0.023077006613598572,-0.049588197604335194,True,-0.03501601815753175,0.023077006613598572,-0.0617404949882171,True,-0.00016018157531794142,0.023077006613598572,-0.0617404949882171,True,-0.020764093263686,0.023077006613598572,-0.0617404949882171,True,20,True,False,True,False,True,False,,3,STOP_BEFORE_TARGET,False,True,False,True,False,,3,STOP_BEFORE_TARGET,2025-06-16,2025-06-18,2025-06-23,2025-06-30,2025-07-15
MA|2025-06-16T00:00:00|Long,MA,2025-06-16,Long,0.0013716730622621576,0.004607233010224476,-0.008212114320256036,True,-0.06277808444246913,0.004607233010224476,-0.07269588172872454,True,-0.019589487660791938,0.004607233010224476,-0.07269588172872454,True,-0.007139461692380555,0.004607233010224476,-0.07269588172872454,True,-0.023124068043140933,0.004607233010224476,-0.07269588172872454,True,20,True,False,True,False,True,False,,2,STOP_BEFORE_TARGET,False,True,False,True,False,,2,STOP_BEFORE_TARGET,2025-06-17,2025-06-20,2025-06-24,2025-07-01,2025-07-16
MA|2025-06-17T00:00:00|Long,MA,2025-06-17,Long,-0.05394684534155836,0.0028624196116795453,-0.06197214558961117,True,-0.04758984290133117,0.0028624196116795453,-0.07396609748754246,True,-0.034682587719077285,0.0028624196116795453,-0.07396609748754246,True,-0.01392570463743914,0.0028624196116795453,-0.07396609748754246,True,-0.02430419976957876,0.0028624196116795453,-0.07396609748754246,True,20,True,False,True,False,True,False,,1,STOP_BEFORE_TARGET,False,True,False,True,False,,1,STOP_BEFORE_TARGET,2025-06-18,2025-06-23,2025-06-25,2025-07-02,2025-07-17
MA|2025-06-18T00:00:00|Long,MA,2025-06-18,Long,-0.010691830739795072,-0.0007238387084786968,-0.021160811152531545,True,0.03489697902419886,0.04712938868994376,-0.021160811152531545,True,0.013142051392208476,0.04712938868994376,-0.021160811152531545,True,0.05663321305986746,0.057412792673741775,-0.021160811152531545,True,0.025857095726621315,0.05943611956288253,-0.021160811152531545,True,20,True,True,True,False,True,False,3,1,STOP_BEFORE_TARGET,True,False,True,False,False,8,,TARGET_BEFORE_STOP,2025-06-20,2025-06-24,2025-06-26,2025-07-03,2025-07-18
MA|2025-06-20T00:00:00|Long,MA,2025-06-20,Long,0.017599499781268735,0.019063051838143608,-0.010131834204059054,True,0.03139021412751464,0.058446115403026466,-0.010131834204059054,True,0.03255349752295533,0.058446115403026466,-0.010131834204059054,True,0.060322393720697365,0.07088584981070012,-0.010131834204059054,True,0.04067781470377385,0.07088584981070012,-0.010131834204059054,True,20,True,True,False,True,False,False,2,,TARGET_BEFORE_STOP,True,False,True,False,False,2,,TARGET_BEFORE_STOP,2025-06-23,2025-06-25,2025-06-27,2025-07-07,2025-07-21
MA|2025-06-23T00:00:00|Long,MA,2025-06-23,Long,0.02798940609250966,0.04014016873095705,0.01869644160577777,True,0.006379684942214858,0.04014016873095705,-0.000516213283528355,True,0.03612063748007799,0.04014016873095705,-0.000516213283528355,True,0.03704255141482049,0.0523647565087102,-0.000516213283528355,True,0.03025727835971348,0.0523647565087102,-0.000516213283528355,True,20,True,True,False,True,False,False,1,,TARGET_BEFORE_STOP,True,False,True,False,False,8,,TARGET_BEFORE_STOP,2025-06-24,2025-06-26,2025-06-30,2025-07-08,2025-07-22
MA|2025-06-24T00:00:00|Long,MA,2025-06-24,Long,-0.014044117228480979,0.0017038565134743777,-0.01598126327101035,True,-0.012932078262670621,0.0017038565134743777,-0.02772948748994475,True,0.012698788733615629,0.015747973741955246,-0.02772948748994475,True,0.013595601414056357,0.023711674723238207,-0.02772948748994475,True,0.00817892726665237,0.023711674723238207,-0.02772948748994475,True,20,True,False,True,False,True,False,,2,STOP_BEFORE_TARGET,False,False,False,False,True,,,NEITHER,2025-06-25,2025-06-27,2025-07-01,2025-07-09,2025-07-23
MA|2025-06-25T00:00:00|Long,MA,2025-06-25,Long,-0.007076613720307545,-0.001437218564591336,-0.01388030691900155,True,0.022266672662479614,0.02352190720147096,-0.01388030691900155,True,0.021502650648963506,0.03021645439823417,-0.01388030691900155,True,0.025140998758089506,0.038293591641836766,-0.01388030691900155,True,0.025104579746255018,0.038293591641836766,-0.01388030691900155,True,20,True,True,False,True,False,False,4,,TARGET_BEFORE_STOP,False,False,False,False,True,,,NEITHER,2025-06-26,2025-06-30,2025-07-02,2025-07-10,2025-07-24
MA|2025-06-26T00:00:00|Long,MA,2025-06-26,Long,0.008262966574079433,0.019952024875228513,-0.00047637413529988404,True,0.03444419830538292,0.03755885764587763,-0.00047637413529988404,True,0.042927012661152286,0.043696479897067375,-0.00047637413529988404,True,0.00800644022046959,0.04569356104315192,-0.00047637413529988404,True,0.04105819469187266,0.04569356104315192,-0.00047637413529988404,True,20,True,True,False,True,False,False,2,,TARGET_BEFORE_STOP,False,False,False,False,True,,,NEITHER,2025-06-27,2025-07-01,2025-07-03,2025-07-11,2025-07-25
MA|2025-06-27T00:00:00|Long,MA,2025-06-27,Long,0.021114978489854552,0.022368798871129192,0.0028710878558206865,True,0.020351817229920854,0.029055803935099433,0.0028710878558206865,True,0.026893421274886364,0.037123841408413405,0.0028710878558206865,True,0.004906258487964665,0.037123841408413405,-0.00812260444612134,True,0.03263559698652774,0.03875929787389554,-0.00812260444612134,True,20,True,True,False,True,False,False,4,,TARGET_BEFORE_STOP,False,False,False,False,True,,,NEITHER,2025-06-30,2025-07-02,2025-07-07,2025-07-14,2025-07-28
MA|2025-06-30T00:00:00|Long,MA,2025-06-30,Long,0.00475136651342889,0.00777662223404918,-0.008719835556774469,True,0.01299068897258282,0.013738069312710932,-0.008719835556774469,True,0.0008897747051779259,0.015677825960632497,-0.008719835556774469,True,-0.020607212584142776,0.015677825960632497,-0.02863299780326012,True,0.002455786875497301,0.019681812133933274,-0.02863299780326012,True,20,True,False,True,False,True,False,,8,STOP_BEFORE_TARGET,False,False,False,False,True,,,NEITHER,2025-07-01,2025-07-03,2025-07-08,2025-07-15,2025-07-29
MA|2025-07-01T00:00:00|Long,MA,2025-07-01,Long,-0.005472743841730798,0.0024441737103768624,-0.012787536335598815,True,0.0009032956888062049,0.01087478933730579,-0.012787536335598815,True,0.0008855670515437453,0.01087478933730579,-0.012787536335598815,True,-0.016099548460257074,0.01087478933730579,-0.03322649307015679,True,-0.009741237566982308,0.014859841069253088,-0.03322649307015679,True,20,True,False,True,False,True,False,,7,STOP_BEFORE_TARGET,False,True,False,True,False,,7,STOP_BEFORE_TARGET,2025-07-02,2025-07-07,2025-07-09,2025-07-16,2025-07-30
MA|2025-07-02T00:00:00|Long,MA,2025-07-02,Long,0.013748344555140735,0.014496283890423678,-0.0013891388904105906,True,0.00163837953796242,0.01643749135864314,-0.002083708335615997,True,0.0035617608107179066,0.01643749135864314,-0.004042633302985377,True,-0.010525064065607381,0.01643749135864314,-0.027906474213321264,True,0.008815271049475992,0.03191334642906529,-0.027906474213321264,True,20,True,True,True,False,True,False,20,6,STOP_BEFORE_TARGET,False,False,False,False,True,,,NEITHER,2025-07-03,2025-07-08,2025-07-10,2025-07-17,2025-07-31
MA|2025-07-03T00:00:00|Long,MA,2025-07-03,Long,-0.007237712015789932,0.002652676887657357,-0.015617340315070227,True,-0.0072552964543338705,0.002652676887657357,-0.017549698555545556,True,-0.03348323709784706,0.002652676887657357,-0.04108990065649998,True,-0.029126585226412538,0.002652676887657357,-0.04108990065649998,True,-0.016425366710599132,0.01791865009840854,-0.04108990065649998,True,20,True,False,True,False,True,False,,5,STOP_BEFORE_TARGET,False,True,False,True,False,,5,STOP_BEFORE_TARGET,2025-07-07,2025-07-09,2025-07-11,2025-07-18,2025-08-01
MA|2025-07-07T00:00:00|Long,MA,2025-07-07,Long,-0.004742342686397949,0.002654303533692781,-0.008316839339681525,True,-0.0028312139010506776,0.002654303533692781,-0.010387165854873426,True,-0.021411338636900257,0.002654303533692781,-0.03409898729075056,True,-0.018526986823309777,0.002654303533692781,-0.03409898729075056,True,0.008299126702168369,0.025339764028786904,-0.03409898729075056,True,20,True,False,True,False,True,False,,4,STOP_BEFORE_TARGET,False,True,False,True,False,,4,STOP_BEFORE_TARGET,2025-07-08,2025-07-10,2025-07-14,2025-07-21,2025-08-04
MA|2025-07-08T00:00:00|Long,MA,2025-07-08,Long,0.004747142625998402,0.005298308185432532,-0.005671720410282521,True,-0.021797897931170374,0.006436233378625422,-0.029496527244605164,True,-0.02147787681780733,0.006436233378625422,-0.029496527244605164,True,-0.0065429070830796965,0.006436233378625422,-0.029496527244605164,True,0.0064006393043007925,0.030225446138623546,-0.029496527244605164,True,20,True,True,True,False,True,False,17,3,STOP_BEFORE_TARGET,False,False,False,False,True,,,NEITHER,2025-07-09,2025-07-11,2025-07-15,2025-07-22,2025-08-05
MA|2025-07-09T00:00:00|Long,MA,2025-07-09,Long,-0.002813551098948208,0.0016811102823466317,-0.007255181632274343,True,-0.02139400494364152,0.0016811102823466317,-0.03408187833319398,True,-0.016970087361571684,0.0016811102823466317,-0.03408187833319398,True,-0.005344018995196098,0.0016811102823466317,-0.03408187833319398,True,0.007113694033824336,0.025357925822048433,-0.03408187833319398,True,20,True,False,True,False,True,False,,2,STOP_BEFORE_TARGET,False,True,False,True,False,,2,STOP_BEFORE_TARGET,2025-07-10,2025-07-14,2025-07-16,2025-07-23,2025-08-06
MA|2025-07-10T00:00:00|Long,MA,2025-07-10,Long,-0.023672676024119488,-0.004791333250728447,-0.031356550491339896,True,-0.023353268248809234,-0.004791333250728447,-0.031356550491339896,True,-0.01403682904871284,-0.004791333250728447,-0.031356550491339896,True,-3.552585632482508e-05,0.0076661115390581624,-0.031356550491339896,True,-0.004081574297996049,0.028250962447436967,-0.031356550491339896,True,20,True,False,True,False,True,False,,1,STOP_BEFORE_TARGET,False,True,False,True,False,,1,STOP_BEFORE_TARGET,2025-07-11,2025-07-15,2025-07-17,2025-07-24,2025-08-07
MA|2025-07-11T00:00:00|Long,MA,2025-07-11,Long,0.005161995880032633,0.016158375016876336,-0.004344059544611478,True,0.009705963369365245,0.016158375016876336,-0.004344059544611478,True,0.004507580249671905,0.016158375016876336,-0.004344059544611478,True,0.032789229465809866,0.03595192402521863,-0.004344059544611478,True,0.043876576701805226,0.053182613245021715,-0.004344059544611478,True,20,True,True,False,True,False,False,9,,TARGET_BEFORE_STOP,True,False,True,False,False,14,,TARGET_BEFORE_STOP,2025-07-14,2025-07-16,2025-07-18,2025-07-25,2025-08-08
MA|2025-07-14T00:00:00|Long,MA,2025-07-14,Long,-0.004810014259415407,0.0033271233505653974,-0.007902055916332973,True,0.004683312952228791,0.007883955729591996,-0.007902055916332973,True,0.0029474608969746185,0.009149754764543161,-0.007902055916332973,True,0.02759395542056442,0.033687758534679535,-0.007902055916332973,True,0.037195773385662045,0.04777400813184007,-0.007902055916332973,True,20,True,True,False,True,False,False,9,,TARGET_BEFORE_STOP,False,False,False,False,True,,,NEITHER,2025-07-15,2025-07-17,2025-07-21,2025-07-28,2025-08-11
MA|2025-07-15T00:00:00|Long,MA,2025-07-15,Long,0.009375743725974717,0.009375743725974717,-0.0015625869875207643,True,0.004179060713324745,0.012755323275847719,-0.0015625869875207643,True,0.015262781883927712,0.01789744327942322,-0.0015625869875207643,True,0.023548263532236158,0.04113673822775343,-0.0015625869875207643,True,0.04328077614327808,0.05283817476531816,-0.0015625869875207643,True,20,True,True,False,True,False,False,7,,TARGET_BEFORE_STOP,True,False,True,False,False,12,,TARGET_BEFORE_STOP,2025-07-16,2025-07-18,2025-07-22,2025-07-29,2025-08-12
MA|2025-07-16T00:00:00|Long,MA,2025-07-16,Long,0.00016194883559439432,0.0033481877991219378,-0.009018594451109863,True,-0.0015660913857282743,0.004608290374042534,-0.009018594451109863,True,0.01182676968106855,0.0125467498165166,-0.009018594451109863,True,0.006462351839888303,0.031465977560088065,-0.009018594451109863,True,0.040286585714222944,0.04455284981607721,-0.009018594451109863,True,20,True,True,False,True,False,False,9,,TARGET_BEFORE_STOP,False,False,False,False,True,,,NEITHER,2025-07-17,2025-07-21,2025-07-23,2025-07-30,2025-08-13
MA|2025-07-17T00:00:00|Long,MA,2025-07-17,Long,-0.005309501781478265,0.0013318519355025593,-0.008513130781400702,True,0.005669488484929541,0.008279254769302025,-0.008513130781400702,True,0.01420063507938063,0.022011918119448026,-0.008513130781400702,True,0.01954605863444092,0.042889828689391285,-0.008513130781400702,True,0.05066508010335813,0.05181699361339431,-0.008513130781400702,True,20,True,True,False,True,False,False,8,,TARGET_BEFORE_STOP,True,False,True,False,False,20,,TARGET_BEFORE_STOP,2025-07-18,2025-07-22,2025-07-24,2025-07-31,2025-08-14
MA|2025-07-18T00:00:00|Long,MA,2025-07-18,Long,0.00360086014228278,0.009807194674283037,-0.001121838286315291,True,0.01706303001696008,0.01778673609002812,-0.001121838286315291,True,0.028154739468574608,0.03130324190060474,-0.001121838286315291,True,0.013082260078957075,0.04845661093294251,-0.001121838286315291,True,0.052545942303850346,0.0667680422088619,-0.001121838286315291,True,20,True,True,False,True,False,False,5,,TARGET_BEFORE_STOP,True,False,True,False,False,19,,TARGET_BEFORE_STOP,2025-07-21,2025-07-23,2025-07-25,2025-08-01,2025-08-15
MA|2025-07-21T00:00:00|Long,MA,2025-07-21,Long,0.0074100516914326064,0.010024334830720294,0.0010636722155303868,True,0.015955963574123544,0.023780765998054898,-0.00027048482368852156,True,0.024574063432542648,0.030649958084756124,-0.00027048482368852156,True,0.0273325024379949,0.04469481102706552,-0.00027048482368852156,True,0.05316864497667417,0.0629405419776381,-0.0014243920088791162,True,20,True,True,False,True,False,False,5,,TARGET_BEFORE_STOP,True,False,True,False,False,18,,TARGET_BEFORE_STOP,2025-07-22,2025-07-24,2025-07-28,2025-08-04,2025-08-18
MA|2025-07-22T00:00:00|Long,MA,2025-07-22,Long,0.005959655364814909,0.006675460669267608,-0.00762404197002553,True,0.01693027556046478,0.020044405489449968,-0.00762404197002553,True,0.008160923256670616,0.02548498458282311,-0.00762404197002553,True,0.013028792566548208,0.03701050954676521,-0.00762404197002553,True,0.04787386271830796,0.05692962453046091,-0.008769461537016299,True,20,True,True,False,True,False,False,7,,TARGET_BEFORE_STOP,True,False,True,False,False,18,,TARGET_BEFORE_STOP,2025-07-23,2025-07-25,2025-07-29,2025-08-05,2025-08-19
MA|2025-07-23T00:00:00|Long,MA,2025-07-23,Long,0.002508447183130258,0.010229678032480871,-0.0003380284871253858,True,0.011012475129714261,0.01700794730708144,-0.0003380284871253858,True,-0.005301715671024554,0.0194096543672293,-0.012240040837055433,True,0.012524644969646337,0.030866898107051233,-0.012240040837055433,True,0.05442182632459014,0.05655673737032507,-0.01464185648328975,True,20,True,True,False,True,False,False,6,,TARGET_BEFORE_STOP,True,False,True,False,False,19,,TARGET_BEFORE_STOP,2025-07-24,2025-07-28,2025-07-30,2025-08-06,2025-08-20
MA|2025-07-24T00:00:00|Long,MA,2025-07-24,Long,0.008376168062333544,0.011464102879602978,0.000621074686668166,True,-0.0003194191229480836,0.01685891748003554,-0.0008873114463177068,True,0.005270578000221793,0.028287493241182293,-0.014711584786767928,True,-0.004046192186113573,0.028287493241182293,-0.01710739068045697,True,0.05043475228066763,0.05391305214341169,-0.01710739068045697,True,20,True,True,False,True,False,False,15,,TARGET_BEFORE_STOP,True,False,True,False,False,19,,TARGET_BEFORE_STOP,2025-07-25,2025-07-29,2025-07-31,2025-08-07,2025-08-21
MA|2025-07-25T00:00:00|Long,MA,2025-07-25,Long,0.00010569602767684927,0.006036489190432981,-0.003519763653370256,True,-0.016032497661582767,0.008412286690592907,-0.022895972336857584,True,-0.014659738277730483,0.01974592995103186,-0.022895972336857584,True,0.010735343591576907,0.01974592995103186,-0.025271877251679897,True,0.05409885758061783,0.05904412121701674,-0.025271877251679897,True,20,True,True,True,False,True,False,15,3,STOP_BEFORE_TARGET,True,False,True,False,False,20,,TARGET_BEFORE_STOP,2025-07-28,2025-07-30,2025-08-01,2025-08-08,2025-08-22
MA|2025-07-28T00:00:00|Long,MA,2025-07-28,Long,-0.008728130000966616,0.008305712782068042,-0.009291245556187988,True,-0.003185152566402061,0.019638158248037163,-0.022999237436497788,True,0.0026922787760319533,0.019638158248037163,-0.022999237436497788,True,0.009343980581481448,0.019638158248037163,-0.02537489125414849,True,0.04386920424887486,0.05893219629028956,-0.02537489125414849,True,20,True,True,True,False,True,False,14,2,STOP_BEFORE_TARGET,True,False,True,False,False,19,,TARGET_BEFORE_STOP,2025-07-29,2025-07-31,2025-08-04,2025-08-11,2025-08-25
MA|2025-07-29T00:00:00|Long,MA,2025-07-29,Long,-0.007473588578282397,0.004065145916299251,-0.014396764265634854,True,-0.006088888431415307,0.028616052878643217,-0.014396764265634854,True,0.004828464580984626,0.028616052878643217,-0.014396764265634854,True,0.019278536551804004,0.028616052878643217,-0.016793335670060028,True,0.05022008389462629,0.06825607418005553,-0.016793335670060028,True,20,True,True,False,True,False,False,11,,TARGET_BEFORE_STOP,True,False,True,False,False,16,,TARGET_BEFORE_STOP,2025-07-30,2025-08-01,2025-08-05,2025-08-12,2025-08-26
MA|2025-07-30T00:00:00|Long,MA,2025-07-30,Long,0.01316375229273481,0.03636139153741014,0.0060811369911852875,True,0.019137580238892005,0.03636139153741014,-0.005383573616078996,True,0.017921374673624424,0.03636139153741014,-0.005383573616078996,True,0.03360705327179048,0.03784592429767164,-0.009389923516924581,True,0.056428947111596406,0.07629989679555327,-0.009389923516924581,True,20,True,True,False,True,False,False,1,,TARGET_BEFORE_STOP,True,False,True,False,False,12,,TARGET_BEFORE_STOP,2025-07-31,2025-08-04,2025-08-06,2025-08-13,2025-08-27
MA|2025-07-31T00:00:00|Long,MA,2025-07-31,Long,-0.011615719093670873,-0.002824466730251496,-0.018306345708521632,True,-0.0007590740869238832,0.009462189813990829,-0.018306345708521632,True,-0.009267922875917822,0.013116412334646776,-0.022260642229473326,True,0.030522428295782333,0.03165225808648242,-0.022260642229473326,True,0.04238531785863753,0.06231583429622778,-0.022260642229473326,True,20,True,True,True,False,True,False,10,5,STOP_BEFORE_TARGET,True,False,True,False,False,16,,TARGET_BEFORE_STOP,2025-08-01,2025-08-05,2025-08-07,2025-08-14,2025-08-28
MA|2025-08-01T00:00:00|Long,MA,2025-08-01,Long,0.017717735002623858,0.017914175997614024,0.00466160367800339,True,0.016503223834375635,0.021325621334582268,0.004000768321938297,True,0.025772905924821732,0.029059204612373435,-0.010770024717553395,True,0.03895407488609792,0.05299252019842937,-0.010770024717553395,True,0.06322663818381247,0.07480041398686055,-0.010770024717553395,True,20,True,True,False,True,False,False,7,,TARGET_BEFORE_STOP,True,False,True,False,False,10,,TARGET_BEFORE_STOP,2025-08-04,2025-08-06,2025-08-08,2025-08-15,2025-08-29
MA|2025-08-04T00:00:00|Long,MA,2025-08-04,Long,-0.006616274806344191,0.0035450756215316126,-0.013478164140129034,True,-0.015075247700590655,0.0071778783682154845,-0.027991808278848396,True,0.006633841654360095,0.011898754542610135,-0.027991808278848396,True,0.025148763888387604,0.03466067651431315,-0.027991808278848396,True,0.03871465515366879,0.056088910530864844,-0.027991808278848396,True,20,True,True,True,False,True,False,9,3,STOP_BEFORE_TARGET,True,False,True,False,False,14,,TARGET_BEFORE_STOP,2025-08-05,2025-08-07,2025-08-11,2025-08-18,2025-09-02
MA|2025-08-05T00:00:00|Long,MA,2025-08-05,Long,0.005459025820468533,0.0076319827077833136,-0.0036569984534179367,True,0.014627993813671969,0.017878587220033104,-0.02151790182422919,True,0.014380635581263235,0.02169463248809933,-0.02151790182422919,True,0.034396919818516336,0.04333621342853289,-0.02151790182422919,True,0.04812389994866284,0.0631228232825991,-0.02151790182422919,True,20,True,True,True,False,True,False,7,2,STOP_BEFORE_TARGET,True,False,True,False,False,13,,TARGET_BEFORE_STOP,2025-08-06,2025-08-08,2025-08-12,2025-08-19,2025-09-03
MA|2025-08-06T00:00:00|Long,MA,2025-08-06,Long,-0.013898466276288213,0.008381247676850556,-0.026830459473656143,True,0.007836560951613558,0.013107764322129345,-0.026830459473656143,True,0.015409518837538272,0.01957376092081331,-0.026830459473656143,True,0.041378925009968315,0.043487427806756074,-0.026830459473656143,True,0.04657988427632387,0.05735071840951056,-0.026830459473656143,True,20,True,True,True,False,True,False,7,1,STOP_BEFORE_TARGET,True,False,True,False,False,12,,TARGET_BEFORE_STOP,2025-08-07,2025-08-11,2025-08-13,2025-08-20,2025-09-04
MA|2025-08-07T00:00:00|Long,MA,2025-08-07,Long,0.023342071389015784,0.02662058234080411,0.002619350370656859,True,0.02309258873382447,0.030469401506988403,0.002619350370656859,True,0.04016257481760799,0.04130297373754588,0.002619350370656859,True,0.054702280406323966,0.05819471131572418,0.002619350370656859,True,0.04098214817834167,0.07225339607448711,0.002619350370656859,True,20,True,True,False,True,False,False,3,,TARGET_BEFORE_STOP,True,False,True,False,False,6,,TARGET_BEFORE_STOP,2025-08-08,2025-08-12,2025-08-14,2025-08-21,2025-09-05
MA|2025-08-08T00:00:00|Long,MA,2025-08-08,Long,-0.001271034370108448,0.003952534305440736,-0.00849701354746224,True,0.0062334883761463455,0.010360099127928013,-0.00849701354746224,True,0.012849987443753319,0.026535711867985867,-0.00849701354746224,True,0.042902936227550814,0.04779567463603085,-0.00849701354746224,True,0.021381752516217656,0.04779567463603085,-0.00849701354746224,True,20,True,True,False,True,False,False,8,,TARGET_BEFORE_STOP,False,False,False,False,True,,,NEITHER,2025-08-11,2025-08-13,2025-08-15,2025-08-22,2025-09-08
MA|2025-08-11T00:00:00|Long,MA,2025-08-11,Long,0.0010285496481639012,0.008246273901728607,-0.005456867686441158,True,0.017730404006342404,0.01884620905606793,-0.005456867686441158,True,0.018392906604052683,0.027842134548041964,-0.005456867686441158,True,0.03420560713851328,0.04912915384925598,-0.005456867686441158,True,0.018148804297732912,0.04912915384925598,-0.005456867686441158,True,20,True,True,False,True,False,False,7,,TARGET_BEFORE_STOP,False,False,False,False,True,,,NEITHER,2025-08-12,2025-08-14,2025-08-18,2025-08-25,2025-09-09
MA|2025-08-12T00:00:00|Long,MA,2025-08-12,Long,0.006478859914545776,0.010606476946520171,-0.0002438514929525848,True,0.01309697242532848,0.026786034133894132,-0.0002438514929525848,True,0.019732518085563866,0.0285450814335364,-0.0002438514929525848,True,0.030356321881844783,0.048051181175600144,-0.0002438514929525848,True,0.00905641484092512,0.048051181175600144,-0.005538320241640471,True,20,True,True,False,True,False,False,6,,TARGET_BEFORE_STOP,False,False,False,False,True,,,NEITHER,2025-08-13,2025-08-15,2025-08-19,2025-08-26,2025-09-10
MA|2025-08-13T00:00:00|Long,MA,2025-08-13,Long,0.010140136881814366,0.011247620220453225,-0.004153009712183131,True,0.010797698513167253,0.020176453801595606,-0.004153009712183131,True,0.025575303058179122,0.027651807914270687,-0.004153009712183131,True,0.022079854977348656,0.04130471380649192,-0.004153009712183131,True,0.018740189647280303,0.04130471380649192,-0.011939823710958475,True,20,True,True,False,True,False,False,7,,TARGET_BEFORE_STOP,False,False,False,False,True,,,NEITHER,2025-08-14,2025-08-18,2025-08-20,2025-08-27,2025-09-11
MA|2025-08-14T00:00:00|Long,MA,2025-08-14,Long,-0.0035288432303213213,0.009935568891225266,-0.004539578542090417,True,0.0029978072679262002,0.011665748671835008,-0.005259023010931063,True,0.01397830102786135,0.017335882807817837,-0.005259023010931063,True,0.011511529722330716,0.030851736097606164,-0.005259023010931063,True,-0.005738722360304815,0.030851736097606164,-0.021858314293827785,True,20,True,True,True,True,False,False,6,18,TARGET_BEFORE_STOP,False,False,False,False,True,,,NEITHER,2025-08-15,2025-08-19,2025-08-21,2025-08-28,2025-09-12
MA|2025-08-15T00:00:00|Long,MA,2025-08-15,Long,0.0041946061375324195,0.0065153480278676845,-0.0017363069355851302,True,0.018875675156152738,0.02093861512838724,-0.0017363069355851302,True,0.029671668219738656,0.034502332650933054,-0.0017363069355851302,True,0.023362498771060336,0.034502332650933054,-0.0017363069355851302,True,0.002166081724572111,0.034502332650933054,-0.01839438195373977,True,20,True,True,False,True,False,False,5,,TARGET_BEFORE_STOP,False,False,False,False,True,,,NEITHER,2025-08-18,2025-08-20,2025-08-22,2025-08-29,2025-09-15
MA|2025-08-18T00:00:00|Long,MA,2025-08-18,Long,0.002345319756962727,0.011007622341453693,0.0001368782358379672,True,0.013318670295855428,0.016674067843540863,-0.00035954046528152706,True,0.015527111816980188,0.030181128566278748,-0.00035954046528152706,True,0.013233095276655948,0.030181128566278748,-0.00035954046528152706,True,0.0039031194654435275,0.030181128566278748,-0.022494631969949497,True,20,True,True,True,True,False,False,4,16,TARGET_BEFORE_STOP,False,False,False,False,True,,,NEITHER,2025-08-19,2025-08-21,2025-08-25,2025-09-02,2025-09-16
MA|2025-08-19T00:00:00|Long,MA,2025-08-19,Long,0.01224570509567613,0.014295221221816368,0.0006831025468998497,True,0.022971447084935814,0.027770677690264867,-0.002698531303463536,True,0.010418225964026195,0.027770677690264867,-0.002698531303463536,True,0.013270515280106476,0.027770677690264867,-0.002698531303463536,True,0.022407806695635024,0.027770677690264867,-0.02478183041043691,True,20,True,False,True,False,True,False,,15,STOP_BEFORE_TARGET,False,False,False,False,True,,,NEITHER,2025-08-20,2025-08-22,2025-08-26,2025-09-03,2025-09-17
MA|2025-08-20T00:00:00|Long,MA,2025-08-20,Long,-0.0012823273520568002,-0.0007929586099291175,-0.014763447573953425,True,0.0008942925413797376,0.015337158277318963,-0.014763447573953425,True,-0.003408280279768139,0.015337158277318963,-0.014763447573953425,True,0.004994300481264036,0.015337158277318963,-0.014763447573953425,True,-0.011186483371709466,0.015337158277318963,-0.03657959260258181,True,20,True,False,True,False,True,False,,11,STOP_BEFORE_TARGET,False,True,False,True,False,,14,STOP_BEFORE_TARGET,2025-08-21,2025-08-25,2025-08-27,2025-09-04,2025-09-18
MA|2025-08-21T00:00:00|Long,MA,2025-08-21,Long,0.011893565457763211,0.01664082461393912,0.001959782087410211,True,-0.0005237153121097071,0.01664082461393912,-0.009511428985946258,True,-0.002432765378736712,0.01664082461393912,-0.009511428985946258,True,-0.013008535662496823,0.01664082461393912,-0.021776513693469446,True,-0.013109896590199788,0.01664082461393912,-0.03534258601526474,True,20,True,False,True,False,True,False,,10,STOP_BEFORE_TARGET,False,True,False,True,False,,13,STOP_BEFORE_TARGET,2025-08-22,2025-08-26,2025-08-28,2025-09-05,2025-09-19
MA|2025-08-22T00:00:00|Long,MA,2025-08-22,Long,-0.009599972934858925,0.00013349147147434515,-0.010184380254634418,True,-0.013857433757914372,0.00013349147147434515,-0.02115340503625618,True,-0.006127360442564012,0.00013349147147434515,-0.02115340503625618,True,-0.020635845354104454,0.00013349147147434515,-0.03327432874424985,True,,,,False,20,False,,True,False,True,False,,2,STOP_BEFORE_TARGET,,True,False,True,False,,9,STOP_BEFORE_TARGET,2025-08-25,2025-08-27,2025-08-29,2025-09-08,
MA|2025-08-25T00:00:00|Long,MA,2025-08-25,Long,-0.0026972514991789875,0.004703187613159354,-0.011665419815903744,True,-0.004602150002165795,0.004703187613159354,-0.011665419815903744,True,-0.0022589416999608813,0.006102383613057594,-0.012154248420618519,True,-0.015525735627374138,0.009052434918968677,-0.02390383194914203,True,,,,False,20,False,,True,False,True,False,,8,STOP_BEFORE_TARGET,,True,False,True,False,,11,STOP_BEFORE_TARGET,2025-08-26,2025-08-28,2025-09-02,2025-09-09,
MA|2025-08-26T00:00:00|Long,MA,2025-08-26,Long,-0.001605808269897091,0.005087827859829419,-0.003025604826936923,True,0.006220301832117414,0.008823434133180319,-0.0031946970051804913,True,0.002822879915253873,0.008823434133180319,-0.009482573807858885,True,-0.020672369925403444,0.011781463989556151,-0.03483711543393753,True,,,,False,20,False,,True,False,True,False,,7,STOP_BEFORE_TARGET,,True,False,True,False,,10,STOP_BEFORE_TARGET,2025-08-27,2025-08-29,2025-09-03,2025-09-10,
MA|2025-08-27T00:00:00|Long,MA,2025-08-27,Long,-0.0003047314596636985,0.004859066608262408,-0.001591444289684829,True,0.002048593146094513,0.010446016703086647,-0.007889434457057698,True,0.008431317052675302,0.010446016703086647,-0.007889434457057698,True,-0.003267518984749307,0.013408804228172144,-0.033284756100648405,True,,,,False,20,False,,True,False,True,False,,9,STOP_BEFORE_TARGET,,True,False,True,False,,9,STOP_BEFORE_TARGET,2025-08-28,2025-09-02,2025-09-04,2025-09-11,
MA|2025-08-28T00:00:00|Long,MA,2025-08-28,Long,0.008145911322472443,0.01075402525256286,-0.00037252863839754013,True,0.004741987740045195,0.01075402525256286,-0.00758701499954928,True,-0.010601561395283121,0.013717715907427763,-0.019390921878139733,True,-0.017053935200689985,0.013717715907427763,-0.03299007775553353,True,,,,False,20,False,,True,False,True,False,,8,STOP_BEFORE_TARGET,,True,False,True,False,,8,STOP_BEFORE_TARGET,2025-08-29,2025-09-03,2025-09-05,2025-09-12,
MA|2025-08-29T00:00:00|Long,MA,2025-08-29,Long,-0.005745070530986052,0.0005543803894318966,-0.015605802836003768,True,0.0005880102706476986,0.0010079736653423321,-0.015605802836003768,True,-0.014597931700787159,0.005526783893460507,-0.02731433306562714,True,-0.02071252080464414,0.005526783893460507,-0.040803606517676005,True,,,,False,20,False,,True,False,True,False,,4,STOP_BEFORE_TARGET,,True,False,True,False,,7,STOP_BEFORE_TARGET,2025-09-02,2025-09-04,2025-09-08,2025-09-15,
MA|2025-09-02T00:00:00|Long,MA,2025-09-02,Long,0.002382337660837619,0.003598771521422961,-0.004916574870390433,True,-0.012925176942865324,0.011336986209830924,-0.02169389549434797,True,-0.013296830692742345,0.011336986209830924,-0.02169389549434797,True,-0.009208123831234594,0.011336986209830924,-0.035261113571157354,True,,,,False,20,False,,True,False,True,False,,3,STOP_BEFORE_TARGET,,True,False,True,False,,6,STOP_BEFORE_TARGET,2025-09-03,2025-09-05,2025-09-09,2025-09-16,
MA|2025-09-03T00:00:00|Long,MA,2025-09-03,Long,0.003977860765614238,0.004399246936823031,-0.006725409709576913,True,-0.011259529026881876,0.008933366254127995,-0.024019011758896314,True,-0.023429112270197394,0.008933366254127995,-0.03755398495931195,True,0.009017622912873113,0.009455880991327437,-0.03755398495931195,True,,,,False,20,False,,True,False,True,False,,2,STOP_BEFORE_TARGET,,True,False,True,False,,5,STOP_BEFORE_TARGET,2025-09-04,2025-09-08,2025-09-10,2025-09-17,
MA|2025-09-04T00:00:00|Long,MA,2025-09-04,Long,-0.019172727930397593,0.00493587127980577,-0.02788594611355344,True,-0.01954202935024063,0.00493587127980577,-0.02788594611355344,True,-0.011601024124891945,0.00493587127980577,-0.04136729239552628,True,-0.016100373748612284,0.010039588210472239,-0.04136729239552628,True,,,,False,20,False,,True,False,True,False,,1,STOP_BEFORE_TARGET,,True,False,True,False,,4,STOP_BEFORE_TARGET,2025-09-05,2025-09-09,2025-09-11,2025-09-18,
MA|2025-09-05T00:00:00|Long,MA,2025-09-05,Long,0.004073816374247086,0.009534092642391245,-0.00602505678102272,True,-0.008284492251244835,0.011913358532197549,-0.022628412868554326,True,-0.00652151201542861,0.011913358532197549,-0.022628412868554326,True,-0.00010269686351449536,0.029783344094042263,-0.022628412868554326,True,,,,False,20,False,,True,False,True,False,,3,STOP_BEFORE_TARGET,,,,,,,,CENSORED,2025-09-08,2025-09-10,2025-09-12,2025-09-19,
MA|2025-09-08T00:00:00|Long,MA,2025-09-08,Long,-0.004432280419617185,0.0078077348797516155,-0.005625618701522228,True,0.003631102917597051,0.0078077348797516155,-0.0265938906157559,True,-0.006205171777658891,0.0078077348797516155,-0.0265938906157559,True,,,,False,,,,False,20,False,,True,False,True,False,,2,STOP_BEFORE_TARGET,,,,,,,,CENSORED,2025-09-09,2025-09-11,2025-09-15,,
MA|2025-09-09T00:00:00|Long,MA,2025-09-09,Long,-0.007910950543129291,-0.003202046433540273,-0.022260273972602773,True,-0.006147306259364327,0.01022255257384419,-0.022260273972602773,True,0.004143806353007262,0.01022255257384419,-0.022260273972602773,True,,,,False,,,,False,20,False,True,True,False,True,False,7,1,STOP_BEFORE_TARGET,,,,,,,,CENSORED,2025-09-10,2025-09-12,2025-09-16,,
MA|2025-09-10T00:00:00|Long,MA,2025-09-10,Long,0.016137898282887253,0.01827810026418586,0.0010873776752788888,True,0.0061790483959967,0.01827810026418586,0.001070100990649303,True,0.033225171455293134,0.03367394387310818,-0.004401235409365767,True,,,,False,,,,False,20,False,True,,True,False,False,5,,TARGET_BEFORE_STOP,,,,,,,,CENSORED,2025-09-11,2025-09-15,2025-09-17,,
MA|2025-09-11T00:00:00|Long,MA,2025-09-11,Long,-0.0141321278009221,0.0008153848450591639,-0.014828496523651036,True,-0.00392369615142496,0.0008153848450591639,-0.020212939333294044,True,-0.004552159333974126,0.021894612260402235,-0.020212939333294044,True,,,,False,,,,False,20,False,,True,False,True,False,,3,STOP_BEFORE_TARGET,,,,,,,,CENSORED,2025-09-12,2025-09-16,2025-09-18,,
MA|2025-09-12T00:00:00|Long,MA,2025-09-12,Long,0.004393530342542862,0.010492629584695656,0.001878029161978878,True,0.03139165862290261,0.031839634670275396,-0.0061679781884037554,True,0.006460950317037639,0.03654317285029607,-0.0061679781884037554,True,,,,False,,,,False,20,False,True,,True,False,False,3,,TARGET_BEFORE_STOP,,,,,,,,CENSORED,2025-09-15,2025-09-17,2025-09-19,,
MA|2025-09-15T00:00:00|Long,MA,2025-09-15,Long,0.005935159885907648,0.008834162180589189,-0.01051530920091126,True,0.005300476368613527,0.032009009951297296,-0.01051530920091126,True,,,,False,,,,False,,,,False,20,False,True,,True,False,False,3,,TARGET_BEFORE_STOP,,,,,,,,CENSORED,2025-09-16,2025-09-18,,,
MA|2025-09-16T00:00:00|Long,MA,2025-09-16,Long,0.020821292466984165,0.021264677367230478,0.0017394010452851383,True,-0.003853909879417028,0.025920010657890513,-0.008372793028240788,True,,,,False,,,,False,,,,False,20,False,,,,,,,,CENSORED,,,,,,,,CENSORED,2025-09-17,2025-09-19,,,
MA|2025-09-17T00:00:00|Long,MA,2025-09-17,Long,-0.02101467849461769,0.004994721631035315,-0.021298631702391768,True,,,,False,,,,False,,,,False,,,,False,20,False,,True,False,True,False,,1,STOP_BEFORE_TARGET,,,,,,,,CENSORED,2025-09-18,,,,
MA|2025-09-18T00:00:00|Long,MA,2025-09-18,Long,-0.0032250058660613368,0.004811888717613844,-0.007746741953602032,True,,,,False,,,,False,,,,False,,,,False,20,False,,,,,,,,CENSORED,,,,,,,,CENSORED,2025-09-19,,,,
MA|2025-09-19T00:00:00|Long,MA,2025-09-19,Long,,,,False,,,,False,,,,False,,,,False,,,,False,20,False,,,,,,,,CENSORED,,,,,,,,CENSORED,,,,,
